<?xml version='1.0' encoding='utf-8'?>
<gpx xmlns="http://www.topografix.com/GPX/1/1" xmlns:xsi="http://www.w3.org/2001/XMLSchema-instance" xsi:schemaLocation="http://www.topografix.com/GPX/1/1 http://www.topografix.com/GPX/1/1/gpx.xsd" version="1.1" creator="gpx.py -- https://github.com/tkrajina/gpxpy">
  <trk>
    <name>vorder-glaernisch</name>
    <trkseg>
      <trkpt lat="47.00565468345415" lon="9.066721142777299">
      <ele>701.4</ele></trkpt>
    <trkpt lat="47.00563633886821" lon="9.066597506691274">
      <ele>702.0</ele></trkpt>
      <trkpt lat="47.00562534190877" lon="9.066552678743898">
      <ele>702.8</ele></trkpt>
      <trkpt lat="47.00562598237798" lon="9.066509453320418">
      <ele>703.5</ele></trkpt>
      <trkpt lat="47.005659754959815" lon="9.066248417567143">
      <ele>704.3</ele></trkpt>
      <trkpt lat="47.00566096415838" lon="9.066163200807857">
      <ele>705.1</ele></trkpt>
      <trkpt lat="47.00565878901705" lon="9.066077447379124">
      <ele>705.9</ele></trkpt>
      <trkpt lat="47.00565185462105" lon="9.065966310302906">
      <ele>706.6</ele></trkpt>
      <trkpt lat="47.005633251692444" lon="9.065683878633331">
      <ele>707.4</ele></trkpt>
      <trkpt lat="47.00563404126618" lon="9.065628215623503">
      <ele>708.2</ele></trkpt>
      <trkpt lat="47.005640750510366" lon="9.065574481348776">
      <ele>708.9</ele></trkpt>
      <trkpt lat="47.005662690310174" lon="9.065538609353105">
      <ele>709.7</ele></trkpt>
      <trkpt lat="47.00568558612384" lon="9.06551843074752">
      <ele>710.5</ele></trkpt>
      <trkpt lat="47.0057145314404" lon="9.06549420047407">
      <ele>711.2</ele></trkpt>
      <trkpt lat="47.00576215101397" lon="9.065491159214245">
      <ele>712.0</ele></trkpt>
      <trkpt lat="47.005860822212156" lon="9.065499372147908">
      <ele>712.8</ele></trkpt>
      <trkpt lat="47.005957045178334" lon="9.065512732391994">
      <ele>713.5</ele></trkpt>
      <trkpt lat="47.00599999400198" lon="9.0655053407555">
      <ele>714.3</ele></trkpt>
      <trkpt lat="47.00603357608377" lon="9.06548722210673">
      <ele>715.1</ele></trkpt>
      <trkpt lat="47.006068370063005" lon="9.065467390902889">
      <ele>715.9</ele></trkpt>
      <trkpt lat="47.006094976362384" lon="9.065439972390381">
      <ele>716.6</ele></trkpt>
      <trkpt lat="47.006110760678204" lon="9.065366139614202">
      <ele>717.4</ele></trkpt>
      <trkpt lat="47.006140497988476" lon="9.065283523048198">
      <ele>718.6</ele></trkpt>
      <trkpt lat="47.00617124970359" lon="9.065213116315798">
      <ele>719.8</ele></trkpt>
      <trkpt lat="47.00621866557005" lon="9.065143227762473">
      <ele>720.9</ele></trkpt>
      <trkpt lat="47.0062820833417" lon="9.06503553722063">
      <ele>722.1</ele></trkpt>
      <trkpt lat="47.006338335999835" lon="9.064929352251163">
      <ele>723.3</ele></trkpt>
      <trkpt lat="47.00638735798641" lon="9.064829931917922">
      <ele>724.4</ele></trkpt>
      <trkpt lat="47.00643399706354" lon="9.06473041289035">
      <ele>725.6</ele></trkpt>
      <trkpt lat="47.00650729917355" lon="9.064596913163202">
      <ele>726.8</ele></trkpt>
      <trkpt lat="47.006592754461856" lon="9.0644463936178">
      <ele>728.0</ele></trkpt>
      <trkpt lat="47.00665097069951" lon="9.064369847053646">
      <ele>729.1</ele></trkpt>
      <trkpt lat="47.00670868042752" lon="9.06438426141262">
      <ele>730.3</ele></trkpt>
      <trkpt lat="47.006784739757535" lon="9.064374228646683">
      <ele>731.5</ele></trkpt>
      <trkpt lat="47.00694528484503" lon="9.064354431474191">
      <ele>732.7</ele></trkpt>
      <trkpt lat="47.00705900888145" lon="9.064306094869416">
      <ele>733.9</ele></trkpt>
      <trkpt lat="47.007372921052855" lon="9.064177501287485">
      <ele>735.0</ele></trkpt>
      <trkpt lat="47.00748310497654" lon="9.064125650115352">
      <ele>736.2</ele></trkpt>
      <trkpt lat="47.00756209303453" lon="9.064087348132631">
      <ele>737.4</ele></trkpt>
      <trkpt lat="47.007613125178885" lon="9.064057445639262">
      <ele>738.5</ele></trkpt>
      <trkpt lat="47.00765784390909" lon="9.064027365002854">
      <ele>739.7</ele></trkpt>
      <trkpt lat="47.007716928987435" lon="9.063964403356971">
      <ele>740.9</ele></trkpt>
      <trkpt lat="47.007771003737254" lon="9.063899461572042">
      <ele>741.9</ele></trkpt>
      <trkpt lat="47.007824720136135" lon="9.063858539073943">
      <ele>743.0</ele></trkpt>
      <trkpt lat="47.00786926379608" lon="9.063839540719933">
      <ele>744.0</ele></trkpt>
      <trkpt lat="47.00791238291208" lon="9.063833454774537">
      <ele>745.1</ele></trkpt>
      <trkpt lat="47.00795522213788" lon="9.06384585330452">
      <ele>746.1</ele></trkpt>
      <trkpt lat="47.00799424933629" lon="9.063859964648762">
      <ele>747.2</ele></trkpt>
      <trkpt lat="47.00804183728256" lon="9.06389470916244">
      <ele>748.2</ele></trkpt>
      <trkpt lat="47.008154161804555" lon="9.064003545282652">
      <ele>749.3</ele></trkpt>
      <trkpt lat="47.00819532279384" lon="9.06404548730432">
      <ele>750.3</ele></trkpt>
      <trkpt lat="47.008245699895525" lon="9.064061810387651">
      <ele>751.3</ele></trkpt>
      <trkpt lat="47.008316599878874" lon="9.064058407527297">
      <ele>752.4</ele></trkpt>
      <trkpt lat="47.00843085483863" lon="9.064032274264406">
      <ele>753.4</ele></trkpt>
      <trkpt lat="47.00851071799481" lon="9.064021737706511">
      <ele>754.5</ele></trkpt>
      <trkpt lat="47.008612386974306" lon="9.064018398706763">
      <ele>755.5</ele></trkpt>
      <trkpt lat="47.00869630082622" lon="9.064026767378856">
      <ele>756.6</ele></trkpt>
      <trkpt lat="47.00878676759479" lon="9.06404317381993">
      <ele>757.6</ele></trkpt>
      <trkpt lat="47.008913409078204" lon="9.06404895669383">
      <ele>758.7</ele></trkpt>
      <trkpt lat="47.00899882834251" lon="9.064045691069">
      <ele>759.7</ele></trkpt>
      <trkpt lat="47.00906159435785" lon="9.064039792554258">
      <ele>760.8</ele></trkpt>
      <trkpt lat="47.00911531052829" lon="9.06401412688463">
      <ele>761.8</ele></trkpt>
      <trkpt lat="47.00920019085915" lon="9.06395428612745">
      <ele>762.6</ele></trkpt>
      <trkpt lat="47.00929629820444" lon="9.063855799101313">
      <ele>763.4</ele></trkpt>
      <trkpt lat="47.00943272054232" lon="9.063735133104714">
      <ele>764.2</ele></trkpt>
      <trkpt lat="47.00956499319068" lon="9.063626034096352">
      <ele>765.0</ele></trkpt>
      <trkpt lat="47.009635343242465" lon="9.063556018760256">
      <ele>765.8</ele></trkpt>
      <trkpt lat="47.00970055378737" lon="9.063472181312033">
      <ele>766.6</ele></trkpt>
      <trkpt lat="47.00979190745115" lon="9.06333260223266">
      <ele>767.4</ele></trkpt>
      <trkpt lat="47.00993139947991" lon="9.063089161103024">
      <ele>768.2</ele></trkpt>
      <trkpt lat="47.00999962086178" lon="9.062982013905206">
      <ele>769.0</ele></trkpt>
      <trkpt lat="47.010044480189734" lon="9.062922918899403">
      <ele>769.8</ele></trkpt>
      <trkpt lat="47.010091799052596" lon="9.062877564639946">
      <ele>770.7</ele></trkpt>
      <trkpt lat="47.010140191356854" lon="9.062851709858018">
      <ele>771.5</ele></trkpt>
      <trkpt lat="47.010187188008" lon="9.062829745659917">
      <ele>772.3</ele></trkpt>
      <trkpt lat="47.010236653778605" lon="9.062821483131795">
      <ele>773.1</ele></trkpt>
      <trkpt lat="47.0103580910924" lon="9.062817372170077">
      <ele>773.9</ele></trkpt>
      <trkpt lat="47.01045017425079" lon="9.062814306209312">
      <ele>774.7</ele></trkpt>
      <trkpt lat="47.01049305871885" lon="9.062800004254774">
      <ele>775.5</ele></trkpt>
      <trkpt lat="47.010529417358605" lon="9.062775744835326">
      <ele>776.3</ele></trkpt>
      <trkpt lat="47.010557992829156" lon="9.062735649717485">
      <ele>777.1</ele></trkpt>
      <trkpt lat="47.01058715655278" lon="9.062654638574832">
      <ele>777.9</ele></trkpt>
      <trkpt lat="47.01063903199252" lon="9.062476794358737">
      <ele>779.1</ele></trkpt>
      <trkpt lat="47.01067206933813" lon="9.062403687084474">
      <ele>780.4</ele></trkpt>
      <trkpt lat="47.010723647402074" lon="9.062340900724976">
      <ele>781.6</ele></trkpt>
      <trkpt lat="47.010833495105764" lon="9.062213570241179">
      <ele>782.8</ele></trkpt>
      <trkpt lat="47.01106952542938" lon="9.061947695175709">
      <ele>784.0</ele></trkpt>
      <trkpt lat="47.01110762817332" lon="9.061902533914745">
      <ele>785.3</ele></trkpt>
      <trkpt lat="47.011145505555575" lon="9.061844685639667">
      <ele>786.5</ele></trkpt>
      <trkpt lat="47.01116883933153" lon="9.061798590776782">
      <ele>787.7</ele></trkpt>
      <trkpt lat="47.01122925800959" lon="9.061675616358075">
      <ele>789.0</ele></trkpt>
      <trkpt lat="47.01132307137336" lon="9.061456130163252">
      <ele>790.2</ele></trkpt>
      <trkpt lat="47.011388438006456" lon="9.061267009895165">
      <ele>791.4</ele></trkpt>
      <trkpt lat="47.01141664696152" lon="9.061158647564257">
      <ele>792.7</ele></trkpt>
      <trkpt lat="47.01141611561841" lon="9.0611020704641">
      <ele>793.9</ele></trkpt>
      <trkpt lat="47.01140091616698" lon="9.06104506299511">
      <ele>795.1</ele></trkpt>
      <trkpt lat="47.01137157260351" lon="9.060950573873715">
      <ele>796.4</ele></trkpt>
      <trkpt lat="47.01136687370234" lon="9.060905577629294">
      <ele>797.6</ele></trkpt>
      <trkpt lat="47.01137162163448" lon="9.060870127224153">
      <ele>798.8</ele></trkpt>
      <trkpt lat="47.01138301032761" lon="9.060842243668654">
      <ele>800.0</ele></trkpt>
      <trkpt lat="47.011400002575606" lon="9.060820198768733">
      <ele>801.3</ele></trkpt>
      <trkpt lat="47.011418414708444" lon="9.06080590486651">
      <ele>802.5</ele></trkpt>
      <trkpt lat="47.01144908904194" lon="9.060793573275076">
      <ele>803.7</ele></trkpt>
      <trkpt lat="47.01154615856407" lon="9.060772541801164">
      <ele>804.9</ele></trkpt>
      <trkpt lat="47.01169250830652" lon="9.060704817740636">
      <ele>806.1</ele></trkpt>
      <trkpt lat="47.01172905047864" lon="9.060666908271118">
      <ele>807.3</ele></trkpt>
      <trkpt lat="47.01174558206667" lon="9.060630353752636">
      <ele>808.5</ele></trkpt>
      <trkpt lat="47.01175291646427" lon="9.060583774216504">
      <ele>809.6</ele></trkpt>
      <trkpt lat="47.011749658648526" lon="9.06053102104172">
      <ele>810.8</ele></trkpt>
      <trkpt lat="47.011696627785454" lon="9.060036032360093">
      <ele>812.0</ele></trkpt>
      <trkpt lat="47.011667035495606" lon="9.059959082930416">
      <ele>813.2</ele></trkpt>
      <trkpt lat="47.01163458828494" lon="9.059895700944914">
      <ele>814.4</ele></trkpt>
      <trkpt lat="47.01158341598199" lon="9.059835659930423">
      <ele>815.6</ele></trkpt>
      <trkpt lat="47.01149893374934" lon="9.059772639553815">
      <ele>816.8</ele></trkpt>
      <trkpt lat="47.01139307306271" lon="9.059712906443812">
      <ele>818.0</ele></trkpt>
      <trkpt lat="47.01132173481064" lon="9.059663937122961">
      <ele>819.2</ele></trkpt>
      <trkpt lat="47.01118942977317" lon="9.059587792130726">
      <ele>820.3</ele></trkpt>
      <trkpt lat="47.011133861026444" lon="9.059554899779167">
      <ele>821.5</ele></trkpt>
      <trkpt lat="47.01110058723807" lon="9.059550001120275">
      <ele>822.7</ele></trkpt>
      <trkpt lat="47.01106047533676" lon="9.059556589475873">
      <ele>823.9</ele></trkpt>
      <trkpt lat="47.01102020726424" lon="9.0595748666771">
      <ele>825.1</ele></trkpt>
      <trkpt lat="47.010951438503895" lon="9.059627389828032">
      <ele>826.3</ele></trkpt>
      <trkpt lat="47.01090710427314" lon="9.059649450715408">
      <ele>827.2</ele></trkpt>
      <trkpt lat="47.01087904409664" lon="9.059652522759613">
      <ele>828.0</ele></trkpt>
      <trkpt lat="47.01084837730122" lon="9.059651596283736">
      <ele>828.9</ele></trkpt>
      <trkpt lat="47.01081263456942" lon="9.059632956437024">
      <ele>829.8</ele></trkpt>
      <trkpt lat="47.01075727648101" lon="9.059586430389906">
      <ele>830.7</ele></trkpt>
      <trkpt lat="47.01062303506783" lon="9.059457574323567">
      <ele>831.5</ele></trkpt>
      <trkpt lat="47.010509859066104" lon="9.059348848670178">
      <ele>832.4</ele></trkpt>
      <trkpt lat="47.010501607350186" lon="9.059272532748633">
      <ele>833.3</ele></trkpt>
      <trkpt lat="47.01050248835479" lon="9.05921017231905">
      <ele>834.2</ele></trkpt>
      <trkpt lat="47.01051499970911" lon="9.059173483630124">
      <ele>835.0</ele></trkpt>
      <trkpt lat="47.010559111057916" lon="9.059104142063358">
      <ele>835.9</ele></trkpt>
      <trkpt lat="47.01066932808072" lon="9.05899690205685">
      <ele>836.8</ele></trkpt>
      <trkpt lat="47.0107290830272" lon="9.058953826660977">
      <ele>837.7</ele></trkpt>
      <trkpt lat="47.01077292046108" lon="9.05892743590532">
      <ele>838.5</ele></trkpt>
      <trkpt lat="47.010833031637404" lon="9.058916465835575">
      <ele>839.4</ele></trkpt>
      <trkpt lat="47.01102035767335" lon="9.05891909726247">
      <ele>840.3</ele></trkpt>
      <trkpt lat="47.01105889710799" lon="9.05891300025067">
      <ele>841.2</ele></trkpt>
      <trkpt lat="47.01112053341482" lon="9.058893421060295">
      <ele>842.0</ele></trkpt>
      <trkpt lat="47.01119027497847" lon="9.05886627329995">
      <ele>842.9</ele></trkpt>
      <trkpt lat="47.01124505492807" lon="9.058860114182707">
      <ele>843.8</ele></trkpt>
      <trkpt lat="47.0113450039303" lon="9.05886705209937">
      <ele>845.0</ele></trkpt>
      <trkpt lat="47.0114954653723" lon="9.058885235973264">
      <ele>846.3</ele></trkpt>
      <trkpt lat="47.01161782985651" lon="9.058910371677008">
      <ele>847.5</ele></trkpt>
      <trkpt lat="47.01169094011902" lon="9.058928179828326">
      <ele>848.7</ele></trkpt>
      <trkpt lat="47.01176963089859" lon="9.058928622525476">
      <ele>850.0</ele></trkpt>
      <trkpt lat="47.01183382842377" lon="9.058916894345096">
      <ele>851.2</ele></trkpt>
      <trkpt lat="47.01191548426562" lon="9.058895959493523">
      <ele>852.4</ele></trkpt>
      <trkpt lat="47.01202119790891" lon="9.058871857510745">
      <ele>853.7</ele></trkpt>
      <trkpt lat="47.012098924908145" lon="9.05884689717437">
      <ele>854.9</ele></trkpt>
      <trkpt lat="47.01216887769368" lon="9.058804154704355">
      <ele>856.1</ele></trkpt>
      <trkpt lat="47.012249697947816" lon="9.05874809964874">
      <ele>857.4</ele></trkpt>
      <trkpt lat="47.012355668439895" lon="9.058706444456359">
      <ele>858.6</ele></trkpt>
      <trkpt lat="47.012493434969294" lon="9.058679402969185">
      <ele>859.9</ele></trkpt>
      <trkpt lat="47.01263770936824" lon="9.058664251760531">
      <ele>861.1</ele></trkpt>
      <trkpt lat="47.01273518048669" lon="9.05865743446814">
      <ele>862.3</ele></trkpt>
      <trkpt lat="47.01279780840438" lon="9.058661285381724">
      <ele>863.6</ele></trkpt>
      <trkpt lat="47.01289612373206" lon="9.058689614954034">
      <ele>864.8</ele></trkpt>
      <trkpt lat="47.01302457412957" lon="9.05875588338504">
      <ele>866.0</ele></trkpt>
      <trkpt lat="47.01314471747911" lon="9.058843368851745">
      <ele>867.3</ele></trkpt>
      <trkpt lat="47.01322914522598" lon="9.058910281668016">
      <ele>868.5</ele></trkpt>
      <trkpt lat="47.013289983134285" lon="9.05894722739085">
      <ele>869.2</ele></trkpt>
      <trkpt lat="47.013335308825106" lon="9.058948596192556">
      <ele>870.0</ele></trkpt>
      <trkpt lat="47.01338216727236" lon="9.058936357222072">
      <ele>870.7</ele></trkpt>
      <trkpt lat="47.0134375438104" lon="9.058887320039153">
      <ele>871.4</ele></trkpt>
      <trkpt lat="47.01346889881941" lon="9.05883951734993">
      <ele>872.1</ele></trkpt>
      <trkpt lat="47.01348031709276" lon="9.058787205782028">
      <ele>872.9</ele></trkpt>
      <trkpt lat="47.01347692085473" lon="9.058744194144124">
      <ele>873.6</ele></trkpt>
      <trkpt lat="47.013462739382675" lon="9.058708670462883">
      <ele>874.3</ele></trkpt>
      <trkpt lat="47.01342732666081" lon="9.058666652115644">
      <ele>875.1</ele></trkpt>
      <trkpt lat="47.01339032624239" lon="9.058642133594676">
      <ele>875.8</ele></trkpt>
      <trkpt lat="47.01332534868014" lon="9.058614810417241">
      <ele>876.5</ele></trkpt>
      <trkpt lat="47.01323262298563" lon="9.058569101865185">
      <ele>877.3</ele></trkpt>
      <trkpt lat="47.01317060053419" lon="9.058522373626774">
      <ele>878.0</ele></trkpt>
      <trkpt lat="47.01304941957139" lon="9.05841341630496">
      <ele>878.7</ele></trkpt>
      <trkpt lat="47.01292660491301" lon="9.058325851327265">
      <ele>879.5</ele></trkpt>
      <trkpt lat="47.01284717953695" lon="9.058282491910644">
      <ele>880.2</ele></trkpt>
      <trkpt lat="47.01275434362099" lon="9.058244581366825">
      <ele>880.9</ele></trkpt>
      <trkpt lat="47.012626111429334" lon="9.058215731108021">
      <ele>881.6</ele></trkpt>
      <trkpt lat="47.012564201622794" lon="9.058201800131991">
      <ele>882.4</ele></trkpt>
      <trkpt lat="47.01248957002708" lon="9.058183407451578">
      <ele>883.1</ele></trkpt>
      <trkpt lat="47.01237105075341" lon="9.058154192957945">
      <ele>883.9</ele></trkpt>
      <trkpt lat="47.01235788002862" lon="9.058150941007012">
      <ele>884.6</ele></trkpt>
      <trkpt lat="47.0122305741405" lon="9.058119567284225">
      <ele>885.4</ele></trkpt>
      <trkpt lat="47.01210831975342" lon="9.058086623018394">
      <ele>886.2</ele></trkpt>
      <trkpt lat="47.012006231047195" lon="9.058042606910659">
      <ele>887.0</ele></trkpt>
      <trkpt lat="47.01192519948753" lon="9.05801869417837">
      <ele>887.8</ele></trkpt>
      <trkpt lat="47.01186423253931" lon="9.057991506702779">
      <ele>888.5</ele></trkpt>
      <trkpt lat="47.01182602951012" lon="9.057957206092162">
      <ele>889.3</ele></trkpt>
      <trkpt lat="47.011761491999756" lon="9.057898697008211">
      <ele>890.1</ele></trkpt>
      <trkpt lat="47.011697293610055" lon="9.057816797715166">
      <ele>890.9</ele></trkpt>
      <trkpt lat="47.01163920851152" lon="9.057774110331815">
      <ele>891.6</ele></trkpt>
      <trkpt lat="47.0115889262787" lon="9.057745272637902">
      <ele>892.4</ele></trkpt>
      <trkpt lat="47.01152242449006" lon="9.057731585368183">
      <ele>893.2</ele></trkpt>
      <trkpt lat="47.011429212299284" lon="9.057720959332471">
      <ele>894.0</ele></trkpt>
      <trkpt lat="47.01134250819885" lon="9.057720302913504">
      <ele>894.7</ele></trkpt>
      <trkpt lat="47.01128125716241" lon="9.057712601260437">
      <ele>895.5</ele></trkpt>
      <trkpt lat="47.01119904102989" lon="9.057678906743194">
      <ele>896.3</ele></trkpt>
      <trkpt lat="47.0111340630259" lon="9.057651598994887">
      <ele>897.1</ele></trkpt>
      <trkpt lat="47.01110890314398" lon="9.057639146237776">
      <ele>897.8</ele></trkpt>
      <trkpt lat="47.01109081110277" lon="9.05759763991266">
      <ele>898.6</ele></trkpt>
      <trkpt lat="47.01109122378428" lon="9.057568398677729">
      <ele>899.3</ele></trkpt>
      <trkpt lat="47.01110355962298" lon="9.057545383708115">
      <ele>900.1</ele></trkpt>
      <trkpt lat="47.0111251576743" lon="9.057526528507502">
      <ele>900.8</ele></trkpt>
      <trkpt lat="47.011147829530636" lon="9.057527212552339">
      <ele>901.6</ele></trkpt>
      <trkpt lat="47.011174301763816" lon="9.057541664756354">
      <ele>902.3</ele></trkpt>
      <trkpt lat="47.011236526240424" lon="9.057574742694523">
      <ele>903.0</ele></trkpt>
      <trkpt lat="47.01129236193148" lon="9.057588121024345">
      <ele>903.8</ele></trkpt>
      <trkpt lat="47.01134029471697" lon="9.057593460784867">
      <ele>904.5</ele></trkpt>
      <trkpt lat="47.01139918623504" lon="9.057579650566073">
      <ele>905.3</ele></trkpt>
      <trkpt lat="47.011463704550444" lon="9.05754454320804">
      <ele>906.0</ele></trkpt>
      <trkpt lat="47.011533647383985" lon="9.057503746015088">
      <ele>906.7</ele></trkpt>
      <trkpt lat="47.01158594868947" lon="9.05748387023845">
      <ele>907.5</ele></trkpt>
      <trkpt lat="47.011643445469055" lon="9.057473898118346">
      <ele>908.2</ele></trkpt>
      <trkpt lat="47.0116901021849" lon="9.057475305791392">
      <ele>909.0</ele></trkpt>
      <trkpt lat="47.011761808099884" lon="9.05749892307318">
      <ele>909.7</ele></trkpt>
      <trkpt lat="47.0118454468338" lon="9.057526807138213">
      <ele>910.4</ele></trkpt>
      <trkpt lat="47.011917418732914" lon="9.057530938593967">
      <ele>911.2</ele></trkpt>
      <trkpt lat="47.01198810593901" lon="9.057531111449709">
      <ele>911.9</ele></trkpt>
      <trkpt lat="47.012184708776964" lon="9.057494148507583">
      <ele>912.7</ele></trkpt>
      <trkpt lat="47.0122289601998" lon="9.057477923164281">
      <ele>913.4</ele></trkpt>
      <trkpt lat="47.01235919024554" lon="9.057417490112657">
      <ele>914.5</ele></trkpt>
      <trkpt lat="47.012569946196436" lon="9.057322444508552">
      <ele>915.5</ele></trkpt>
      <trkpt lat="47.012666691239936" lon="9.057272707619227">
      <ele>916.6</ele></trkpt>
      <trkpt lat="47.01277043025166" lon="9.057199780487299">
      <ele>917.7</ele></trkpt>
      <trkpt lat="47.01281608580977" lon="9.057177769834341">
      <ele>918.8</ele></trkpt>
      <trkpt lat="47.01283329752428" lon="9.057173277344521">
      <ele>919.8</ele></trkpt>
      <trkpt lat="47.01286773013132" lon="9.057164279479032">
      <ele>920.9</ele></trkpt>
      <trkpt lat="47.012936586163896" lon="9.057146296590577">
      <ele>922.0</ele></trkpt>
      <trkpt lat="47.013117786241864" lon="9.057065945031816">
      <ele>923.0</ele></trkpt>
      <trkpt lat="47.01323860737327" lon="9.057011092937714">
      <ele>924.1</ele></trkpt>
      <trkpt lat="47.0132774342162" lon="9.057000556863594">
      <ele>925.2</ele></trkpt>
      <trkpt lat="47.01334134726361" lon="9.057008338281017">
      <ele>926.2</ele></trkpt>
      <trkpt lat="47.013382606446434" lon="9.057015436402985">
      <ele>927.3</ele></trkpt>
      <trkpt lat="47.01346983488301" lon="9.057072670656085">
      <ele>928.4</ele></trkpt>
      <trkpt lat="47.013531031028826" lon="9.05708426388623">
      <ele>929.4</ele></trkpt>
      <trkpt lat="47.01358308459976" lon="9.057081940405793">
      <ele>930.5</ele></trkpt>
      <trkpt lat="47.013611410609435" lon="9.057059380278842">
      <ele>931.6</ele></trkpt>
      <trkpt lat="47.013644680527584" lon="9.057005885737517">
      <ele>932.7</ele></trkpt>
      <trkpt lat="47.013656785930294" lon="9.056986440554489">
      <ele>933.7</ele></trkpt>
      <trkpt lat="47.01369610401306" lon="9.056923223180172">
      <ele>934.8</ele></trkpt>
      <trkpt lat="47.01372332567282" lon="9.0568794512244">
      <ele>937.3</ele></trkpt>
      <trkpt lat="47.0138023632039" lon="9.05676090760308">
      <ele>939.8</ele></trkpt>
      <trkpt lat="47.01392564979124" lon="9.056530597124217">
      <ele>942.2</ele></trkpt>
      <trkpt lat="47.01398619072967" lon="9.05639981378176">
      <ele>944.7</ele></trkpt>
      <trkpt lat="47.0139974889436" lon="9.056355298130704">
      <ele>947.2</ele></trkpt>
      <trkpt lat="47.0140020406722" lon="9.056316432735894">
      <ele>949.7</ele></trkpt>
      <trkpt lat="47.01399880833492" lon="9.056261731594056">
      <ele>952.2</ele></trkpt>
      <trkpt lat="47.013975178689456" lon="9.056140104491366">
      <ele>954.6</ele></trkpt>
      <trkpt lat="47.01395903963689" lon="9.056055759062566">
      <ele>957.1</ele></trkpt>
      <trkpt lat="47.01391895025918" lon="9.05587123188414">
      <ele>959.6</ele></trkpt>
      <trkpt lat="47.01390607742097" lon="9.055744088838484">
      <ele>962.1</ele></trkpt>
      <trkpt lat="47.01388515526394" lon="9.05561863695689">
      <ele>964.6</ele></trkpt>
      <trkpt lat="47.01386550847595" lon="9.05549907727844">
      <ele>967.0</ele></trkpt>
      <trkpt lat="47.013839851097615" lon="9.055426152737645">
      <ele>969.5</ele></trkpt>
      <trkpt lat="47.0137958165773" lon="9.055333166705521">
      <ele>972.0</ele></trkpt>
      <trkpt lat="47.01366945218756" lon="9.055118733080693">
      <ele>974.5</ele></trkpt>
      <trkpt lat="47.01359289466888" lon="9.05496625774726">
      <ele>977.0</ele></trkpt>
      <trkpt lat="47.01352954540922" lon="9.054823941152186">
      <ele>979.4</ele></trkpt>
      <trkpt lat="47.013478370654965" lon="9.054763889712492">
      <ele>981.9</ele></trkpt>
      <trkpt lat="47.01342970199641" lon="9.054715621109796">
      <ele>984.4</ele></trkpt>
      <trkpt lat="47.013379501066765" lon="9.054680960490431">
      <ele>986.9</ele></trkpt>
      <trkpt lat="47.01327305236622" lon="9.054662153462353">
      <ele>989.3</ele></trkpt>
      <trkpt lat="47.013183750480685" lon="9.05465750379349">
      <ele>991.8</ele></trkpt>
      <trkpt lat="47.013132926919724" lon="9.054667680206446">
      <ele>994.2</ele></trkpt>
      <trkpt lat="47.013095065544796" lon="9.054703581844088">
      <ele>996.7</ele></trkpt>
      <trkpt lat="47.01306469620606" lon="9.054694314262338">
      <ele>999.2</ele></trkpt>
      <trkpt lat="47.013015501068395" lon="9.054705131600171">
      <ele>1001.6</ele></trkpt>
      <trkpt lat="47.01295955092092" lon="9.054697303430665">
      <ele>1004.1</ele></trkpt>
      <trkpt lat="47.012895700587684" lon="9.0546544053543">
      <ele>1006.5</ele></trkpt>
      <trkpt lat="47.01282999635584" lon="9.054543839717802">
      <ele>1009.0</ele></trkpt>
      <trkpt lat="47.0127828026942" lon="9.054411285772082">
      <ele>1011.5</ele></trkpt>
      <trkpt lat="47.01274874402934" lon="9.054342648398837">
      <ele>1013.9</ele></trkpt>
      <trkpt lat="47.0127074103684" lon="9.054263531915307">
      <ele>1016.4</ele></trkpt>
      <trkpt lat="47.012709568861446" lon="9.054174149567391">
      <ele>1018.8</ele></trkpt>
      <trkpt lat="47.012623982700276" lon="9.054054501987945">
      <ele>1021.3</ele></trkpt>
      <trkpt lat="47.012645952460204" lon="9.053899946189688">
      <ele>1023.8</ele></trkpt>
      <trkpt lat="47.012612841312546" lon="9.053759517032105">
      <ele>1026.2</ele></trkpt>
      <trkpt lat="47.01262893982064" lon="9.053690298586819">
      <ele>1028.7</ele></trkpt>
      <trkpt lat="47.012644361638124" lon="9.053571363910441">
      <ele>1031.1</ele></trkpt>
      <trkpt lat="47.01266266146769" lon="9.053421814335309">
      <ele>1033.6</ele></trkpt>
      <trkpt lat="47.012665554699396" lon="9.053338991701413">
      <ele>1043.1</ele></trkpt>
      <trkpt lat="47.012645115584476" lon="9.053271725273811">
      <ele>1052.6</ele></trkpt>
      <trkpt lat="47.012343508318935" lon="9.053230430587979">
      <ele>1062.1</ele></trkpt>
      <trkpt lat="47.012437547991844" lon="9.053010233390664">
      <ele>1071.6</ele></trkpt>
      <trkpt lat="47.012184173056774" lon="9.052983309560457">
      <ele>1081.1</ele></trkpt>
      <trkpt lat="47.01193079810327" lon="9.052956385983359">
      <ele>1090.6</ele></trkpt>
      <trkpt lat="47.01187366530909" lon="9.052764692068722">
      <ele>1100.1</ele></trkpt>
      <trkpt lat="47.01195670785915" lon="9.05224181591537">
      <ele>1109.6</ele></trkpt>
      <trkpt lat="47.01203401834926" lon="9.05184834023924">
      <ele>1119.1</ele></trkpt>
      <trkpt lat="47.011867437554145" lon="9.051539540811904">
      <ele>1128.5</ele></trkpt>
      <trkpt lat="47.01170085592251" lon="9.051230743303533">
      <ele>1138.0</ele></trkpt>
      <trkpt lat="47.01185367188473" lon="9.051139846545434">
      <ele>1147.5</ele></trkpt>
      <trkpt lat="47.011823193796076" lon="9.050699315272071">
      <ele>1157.0</ele></trkpt>
      <trkpt lat="47.01179271401511" lon="9.050258784501246">
      <ele>1166.5</ele></trkpt>
      <trkpt lat="47.011762181335094" lon="9.049717462986907">
      <ele>1176.0</ele></trkpt>
      <trkpt lat="47.011903956777594" lon="9.049648808077215">
      <ele>1185.5</ele></trkpt>
      <trkpt lat="47.01170734186234" lon="9.049422691802436">
      <ele>1195.0</ele></trkpt>
      <trkpt lat="47.011729023338034" lon="9.049404203968875">
      <ele>1204.5</ele></trkpt>
      <trkpt lat="47.01176843431459" lon="9.049394943003792">
      <ele>1214.0</ele></trkpt>
      <trkpt lat="47.011839115060845" lon="9.049362246771066">
      <ele>1223.5</ele></trkpt>
      <trkpt lat="47.011917840823216" lon="9.04933263317869">
      <ele>1225.1</ele></trkpt>
      <trkpt lat="47.01199069927471" lon="9.049283244168771">
      <ele>1226.7</ele></trkpt>
      <trkpt lat="47.01200709841257" lon="9.049266754845549">
      <ele>1228.3</ele></trkpt>
      <trkpt lat="47.01204994866673" lon="9.04926629166023">
      <ele>1229.9</ele></trkpt>
      <trkpt lat="47.01207510276816" lon="9.04925486627123">
      <ele>1231.5</ele></trkpt>
      <trkpt lat="47.01210540489496" lon="9.049215761845078">
      <ele>1233.1</ele></trkpt>
      <trkpt lat="47.012151907734285" lon="9.049210186172914">
      <ele>1234.7</ele></trkpt>
      <trkpt lat="47.01218521861151" lon="9.049211186063566">
      <ele>1236.3</ele></trkpt>
      <trkpt lat="47.01222975552589" lon="9.049165563556386">
      <ele>1237.9</ele></trkpt>
      <trkpt lat="47.012233663854516" lon="9.049164023479603">
      <ele>1239.5</ele></trkpt>
      <trkpt lat="47.01227962293204" lon="9.049111945553914">
      <ele>1241.2</ele></trkpt>
      <trkpt lat="47.01229315940711" lon="9.04910966845773">
      <ele>1242.8</ele></trkpt>
      <trkpt lat="47.01235092416479" lon="9.049062601252027">
      <ele>1244.4</ele></trkpt>
      <trkpt lat="47.012402316905245" lon="9.049068879183356">
      <ele>1246.0</ele></trkpt>
      <trkpt lat="47.01246016210073" lon="9.049018644152678">
      <ele>1247.6</ele></trkpt>
      <trkpt lat="47.01251310339983" lon="9.049028691101453">
      <ele>1249.2</ele></trkpt>
      <trkpt lat="47.01253845902485" lon="9.049009957949213">
      <ele>1250.8</ele></trkpt>
      <trkpt lat="47.01255701202882" lon="9.049029101340835">
      <ele>1252.4</ele></trkpt>
      <trkpt lat="47.01255265887854" lon="9.049105908223162">
      <ele>1254.0</ele></trkpt>
      <trkpt lat="47.012593215821674" lon="9.049041289907807">
      <ele>1255.6</ele></trkpt>
      <trkpt lat="47.0126015882761" lon="9.049104364589295">
      <ele>1257.0</ele></trkpt>
      <trkpt lat="47.01258815142316" lon="9.04915978674179">
      <ele>1258.4</ele></trkpt>
      <trkpt lat="47.01260507495085" lon="9.04918605021016">
      <ele>1259.8</ele></trkpt>
      <trkpt lat="47.01261618130819" lon="9.049185120804522">
      <ele>1261.2</ele></trkpt>
      <trkpt lat="47.01262183379103" lon="9.049144578900558">
      <ele>1262.6</ele></trkpt>
      <trkpt lat="47.0126324361175" lon="9.049105211569886">
      <ele>1264.0</ele></trkpt>
      <trkpt lat="47.012650964457585" lon="9.049115856811524">
      <ele>1265.4</ele></trkpt>
      <trkpt lat="47.01266855959004" lon="9.049075055092045">
      <ele>1266.8</ele></trkpt>
      <trkpt lat="47.012685819101186" lon="9.049074823353141">
      <ele>1268.2</ele></trkpt>
      <trkpt lat="47.01269809245192" lon="9.049045240076273">
      <ele>1269.5</ele></trkpt>
      <trkpt lat="47.0126816015957" lon="9.049029170786532">
      <ele>1270.9</ele></trkpt>
      <trkpt lat="47.0126539093857" lon="9.048968883608117">
      <ele>1272.3</ele></trkpt>
      <trkpt lat="47.01271805886127" lon="9.048966902169665">
      <ele>1273.7</ele></trkpt>
      <trkpt lat="47.01274307047302" lon="9.048934859887584">
      <ele>1275.1</ele></trkpt>
      <trkpt lat="47.01278915674532" lon="9.048949344440626">
      <ele>1276.5</ele></trkpt>
      <trkpt lat="47.01280350314891" lon="9.048928465489835">
      <ele>1277.9</ele></trkpt>
      <trkpt lat="47.01279435334245" lon="9.048881665106551">
      <ele>1279.3</ele></trkpt>
      <trkpt lat="47.012778623488394" lon="9.048840862813776">
      <ele>1280.7</ele></trkpt>
      <trkpt lat="47.012751388945404" lon="9.04879924174984">
      <ele>1282.1</ele></trkpt>
      <trkpt lat="47.01275664965843" lon="9.048765449113434">
      <ele>1283.5</ele></trkpt>
      <trkpt lat="47.01277192177508" lon="9.04878758523382">
      <ele>1285.3</ele></trkpt>
      <trkpt lat="47.01278745130302" lon="9.048746510867861">
      <ele>1287.0</ele></trkpt>
      <trkpt lat="47.01283680757893" lon="9.048752372275693">
      <ele>1288.8</ele></trkpt>
      <trkpt lat="47.012868066994024" lon="9.048752100160609">
      <ele>1290.6</ele></trkpt>
      <trkpt lat="47.012871708664754" lon="9.048731097206359">
      <ele>1292.3</ele></trkpt>
      <trkpt lat="47.01284655580949" lon="9.048698207102714">
      <ele>1294.1</ele></trkpt>
      <trkpt lat="47.012858017976995" lon="9.048676412811002">
      <ele>1295.9</ele></trkpt>
      <trkpt lat="47.012906580971084" lon="9.048690077017085">
      <ele>1297.6</ele></trkpt>
      <trkpt lat="47.01294484184526" lon="9.048702498164714">
      <ele>1299.4</ele></trkpt>
      <trkpt lat="47.012932443137146" lon="9.048675633836963">
      <ele>1301.2</ele></trkpt>
      <trkpt lat="47.01293318277081" lon="9.048639600763613">
      <ele>1302.9</ele></trkpt>
      <trkpt lat="47.01288531101317" lon="9.04856450164391">
      <ele>1304.7</ele></trkpt>
      <trkpt lat="47.01284982878018" lon="9.04851627977407">
      <ele>1306.4</ele></trkpt>
      <trkpt lat="47.012856363961596" lon="9.048496166025283">
      <ele>1308.2</ele></trkpt>
      <trkpt lat="47.012892951981605" lon="9.048493159750176">
      <ele>1310.0</ele></trkpt>
      <trkpt lat="47.01292056200238" lon="9.048519572792312">
      <ele>1311.7</ele></trkpt>
      <trkpt lat="47.012995073298356" lon="9.048549839791304">
      <ele>1313.5</ele></trkpt>
      <trkpt lat="47.013028287184824" lon="9.04851030865921">
      <ele>1315.3</ele></trkpt>
      <trkpt lat="47.01305864704131" lon="9.048481175654059">
      <ele>1317.0</ele></trkpt>
      <trkpt lat="47.01308581920371" lon="9.04849455308179">
      <ele>1318.8</ele></trkpt>
      <trkpt lat="47.01315747921436" lon="9.04850360908528">
      <ele>1320.7</ele></trkpt>
      <trkpt lat="47.013199007520484" lon="9.048539003211179">
      <ele>1322.6</ele></trkpt>
      <trkpt lat="47.013212474615024" lon="9.048494867426731">
      <ele>1324.5</ele></trkpt>
      <trkpt lat="47.01326851668002" lon="9.048545534932728">
      <ele>1326.4</ele></trkpt>
      <trkpt lat="47.01327782325214" lon="9.048481161578833">
      <ele>1328.3</ele></trkpt>
      <trkpt lat="47.01330297968169" lon="9.048511236963032">
      <ele>1330.2</ele></trkpt>
      <trkpt lat="47.01332346623549" lon="9.04847979498557">
      <ele>1332.1</ele></trkpt>
      <trkpt lat="47.01331020781613" lon="9.048435330785459">
      <ele>1334.0</ele></trkpt>
      <trkpt lat="47.01333279254238" lon="9.048421065279266">
      <ele>1335.9</ele></trkpt>
      <trkpt lat="47.01336742204981" lon="9.048460172408076">
      <ele>1337.8</ele></trkpt>
      <trkpt lat="47.01339159522585" lon="9.048421829812105">
      <ele>1339.6</ele></trkpt>
      <trkpt lat="47.01340191027762" lon="9.048434333209336">
      <ele>1341.5</ele></trkpt>
      <trkpt lat="47.01341062769809" lon="9.048470926583772">
      <ele>1343.4</ele></trkpt>
      <trkpt lat="47.01343532102025" lon="9.048479507368468">
      <ele>1345.3</ele></trkpt>
      <trkpt lat="47.01344803774586" lon="9.048465761329817">
      <ele>1347.2</ele></trkpt>
      <trkpt lat="47.013462254960764" lon="9.048391248507023">
      <ele>1349.1</ele></trkpt>
      <trkpt lat="47.01345178939239" lon="9.048313811544825">
      <ele>1351.0</ele></trkpt>
      <trkpt lat="47.01346655217747" lon="9.048294667859349">
      <ele>1352.9</ele></trkpt>
      <trkpt lat="47.01349825988559" lon="9.048313101031948">
      <ele>1354.8</ele></trkpt>
      <trkpt lat="47.013482517437076" lon="9.04826099855013">
      <ele>1356.7</ele></trkpt>
      <trkpt lat="47.01350838466295" lon="9.048249396467419">
      <ele>1358.2</ele></trkpt>
      <trkpt lat="47.01351204441207" lon="9.048228380619094">
      <ele>1359.7</ele></trkpt>
      <trkpt lat="47.013492225685006" lon="9.048195558300895">
      <ele>1361.1</ele></trkpt>
      <trkpt lat="47.01352964120684" lon="9.048193208010487">
      <ele>1362.6</ele></trkpt>
      <trkpt lat="47.013546866545965" lon="9.04817040234296">
      <ele>1364.1</ele></trkpt>
      <trkpt lat="47.01346366290791" lon="9.048112001096836">
      <ele>1365.6</ele></trkpt>
      <trkpt lat="47.01340756478689" lon="9.048041587774556">
      <ele>1367.1</ele></trkpt>
      <trkpt lat="47.013382813755015" lon="9.048007617929127">
      <ele>1368.5</ele></trkpt>
      <trkpt lat="47.01339225482516" lon="9.04799969291569">
      <ele>1370.0</ele></trkpt>
      <trkpt lat="47.01342438439113" lon="9.048022689884982">
      <ele>1371.5</ele></trkpt>
      <trkpt lat="47.01343999056424" lon="9.048012687273618">
      <ele>1373.0</ele></trkpt>
      <trkpt lat="47.01342919103132" lon="9.047967376058741">
      <ele>1374.5</ele></trkpt>
      <trkpt lat="47.01347115801397" lon="9.047978566245582">
      <ele>1375.9</ele></trkpt>
      <trkpt lat="47.013495408329696" lon="9.047971269569041">
      <ele>1377.4</ele></trkpt>
      <trkpt lat="47.01347766250424" lon="9.047947164987898">
      <ele>1378.9</ele></trkpt>
      <trkpt lat="47.01349901782" lon="9.047933309601163">
      <ele>1380.4</ele></trkpt>
      <trkpt lat="47.0135335487717" lon="9.047930070202117">
      <ele>1381.9</ele></trkpt>
      <trkpt lat="47.01359850593814" lon="9.047923099957144">
      <ele>1383.3</ele></trkpt>
      <trkpt lat="47.013650668058546" lon="9.047893133805372">
      <ele>1384.8</ele></trkpt>
      <trkpt lat="47.01360185899917" lon="9.047850826023598">
      <ele>1386.3</ele></trkpt>
      <trkpt lat="47.013599724939176" lon="9.047836200300202">
      <ele>1387.8</ele></trkpt>
      <trkpt lat="47.013645680266194" lon="9.047784343436684">
      <ele>1389.4</ele></trkpt>
      <trkpt lat="47.01364759029981" lon="9.047773890492358">
      <ele>1390.9</ele></trkpt>
      <trkpt lat="47.0136243756428" lon="9.047765722664915">
      <ele>1392.5</ele></trkpt>
      <trkpt lat="47.013591590874505" lon="9.047760569539">
      <ele>1394.0</ele></trkpt>
      <trkpt lat="47.01356523625694" lon="9.047755609263069">
      <ele>1395.6</ele></trkpt>
      <trkpt lat="47.01354251041125" lon="9.047746587938398">
      <ele>1397.1</ele></trkpt>
      <trkpt lat="47.013529168293225" lon="9.04773052115234">
      <ele>1398.7</ele></trkpt>
      <trkpt lat="47.0135224229045" lon="9.04770212941287">
      <ele>1400.2</ele></trkpt>
      <trkpt lat="47.013513434583814" lon="9.047680984149869">
      <ele>1401.8</ele></trkpt>
      <trkpt lat="47.01348993980597" lon="9.047676109684227">
      <ele>1403.3</ele></trkpt>
      <trkpt lat="47.01346795392541" lon="9.047665005927318">
      <ele>1404.8</ele></trkpt>
      <trkpt lat="47.01343252737614" lon="9.04763203149939">
      <ele>1406.4</ele></trkpt>
      <trkpt lat="47.01340038496418" lon="9.047610586569613">
      <ele>1407.9</ele></trkpt>
      <trkpt lat="47.01341197478934" lon="9.047584165386994">
      <ele>1409.5</ele></trkpt>
      <trkpt lat="47.01341107622717" lon="9.047569971401005">
      <ele>1411.0</ele></trkpt>
      <trkpt lat="47.013387169143606" lon="9.047522004744076">
      <ele>1412.6</ele></trkpt>
      <trkpt lat="47.01335897805674" lon="9.047461307992108">
      <ele>1414.1</ele></trkpt>
      <trkpt lat="47.01338025997081" lon="9.04746038078427">
      <ele>1415.7</ele></trkpt>
      <trkpt lat="47.01341383165878" lon="9.047461387430054">
      <ele>1417.2</ele></trkpt>
      <trkpt lat="47.013396447829955" lon="9.047426218104667">
      <ele>1418.3</ele></trkpt>
      <trkpt lat="47.01344222492424" lon="9.047433891551208">
      <ele>1419.4</ele></trkpt>
      <trkpt lat="47.01345246084524" lon="9.047423175267966">
      <ele>1420.5</ele></trkpt>
      <trkpt lat="47.01345827138927" lon="9.047409169286437">
      <ele>1421.6</ele></trkpt>
      <trkpt lat="47.013491745760156" lon="9.047416473839975">
      <ele>1422.7</ele></trkpt>
      <trkpt lat="47.01355663183722" lon="9.047418419398422">
      <ele>1423.8</ele></trkpt>
      <trkpt lat="47.013588915857106" lon="9.047430410641484">
      <ele>1424.9</ele></trkpt>
      <trkpt lat="47.0136189075002" lon="9.047445477021265">
      <ele>1426.0</ele></trkpt>
      <trkpt lat="47.01365216510082" lon="9.047466955377566">
      <ele>1427.1</ele></trkpt>
      <trkpt lat="47.01371591388813" lon="9.047470445410129">
      <ele>1428.2</ele></trkpt>
      <trkpt lat="47.01377238797576" lon="9.047511509498863">
      <ele>1429.3</ele></trkpt>
      <trkpt lat="47.01380771253982" lon="9.047544060060194">
      <ele>1430.4</ele></trkpt>
      <trkpt lat="47.01383852010335" lon="9.047532382084304">
      <ele>1431.5</ele></trkpt>
      <trkpt lat="47.01385300947076" lon="9.047507705054151">
      <ele>1432.6</ele></trkpt>
      <trkpt lat="47.0138495018401" lon="9.047475542901589">
      <ele>1433.7</ele></trkpt>
      <trkpt lat="47.01384330778308" lon="9.047446325684627">
      <ele>1434.8</ele></trkpt>
      <trkpt lat="47.01381478741284" lon="9.04738536865327">
      <ele>1435.9</ele></trkpt>
      <trkpt lat="47.01373517264442" lon="9.04728337753803">
      <ele>1437.0</ele></trkpt>
      <trkpt lat="47.01367072980683" lon="9.047232498528377">
      <ele>1438.1</ele></trkpt>
      <trkpt lat="47.013576778011" lon="9.047229655470167">
      <ele>1439.2</ele></trkpt>
      <trkpt lat="47.01354351622767" lon="9.047209755671252">
      <ele>1440.3</ele></trkpt>
      <trkpt lat="47.01339370306356" lon="9.047054122891236">
      <ele>1441.4</ele></trkpt>
      <trkpt lat="47.013364272650534" lon="9.047002873381706">
      <ele>1442.5</ele></trkpt>
      <trkpt lat="47.01333898527272" lon="9.046973768164861">
      <ele>1443.6</ele></trkpt>
      <trkpt lat="47.013274280827154" lon="9.046960792278748">
      <ele>1444.8</ele></trkpt>
      <trkpt lat="47.0132420147427" lon="9.046948801927758">
      <ele>1445.9</ele></trkpt>
      <trkpt lat="47.01318566471684" lon="9.046901441742811">
      <ele>1447.0</ele></trkpt>
      <trkpt lat="47.01314361789692" lon="9.04687026898855">
      <ele>1448.1</ele></trkpt>
      <trkpt lat="47.013104761840765" lon="9.04680530698069">
      <ele>1449.2</ele></trkpt>
      <trkpt lat="47.013081321169196" lon="9.046754211101186">
      <ele>1450.3</ele></trkpt>
      <trkpt lat="47.01305390465953" lon="9.046722950846235">
      <ele>1451.4</ele></trkpt>
      <trkpt lat="47.01300594724294" lon="9.046697520497155">
      <ele>1452.5</ele></trkpt>
      <trkpt lat="47.01296928012292" lon="9.046663812656078">
      <ele>1453.6</ele></trkpt>
      <trkpt lat="47.01296349562217" lon="9.046616916087226">
      <ele>1454.7</ele></trkpt>
      <trkpt lat="47.01295173364624" lon="9.046599792174808">
      <ele>1455.9</ele></trkpt>
      <trkpt lat="47.01293851384649" lon="9.04657948076352">
      <ele>1457.0</ele></trkpt>
      <trkpt lat="47.012940716545714" lon="9.046533376057369">
      <ele>1458.1</ele></trkpt>
      <trkpt lat="47.012936474035" lon="9.046502915682643">
      <ele>1459.2</ele></trkpt>
      <trkpt lat="47.01291710443655" lon="9.046470752376502">
      <ele>1460.3</ele></trkpt>
      <trkpt lat="47.012886078318914" lon="9.046431912707561">
      <ele>1461.4</ele></trkpt>
      <trkpt lat="47.01286496520865" lon="9.046417586696474">
      <ele>1462.8</ele></trkpt>
      <trkpt lat="47.01281092568787" lon="9.046392803166789">
      <ele>1464.2</ele></trkpt>
      <trkpt lat="47.01277527405762" lon="9.046367518345505">
      <ele>1465.6</ele></trkpt>
      <trkpt lat="47.012745381926095" lon="9.046322872441408">
      <ele>1467.0</ele></trkpt>
      <trkpt lat="47.0127041023765" lon="9.046247210283974">
      <ele>1468.4</ele></trkpt>
      <trkpt lat="47.01266797045474" lon="9.046190709974466">
      <ele>1469.8</ele></trkpt>
      <trkpt lat="47.01258516036041" lon="9.046122774801956">
      <ele>1471.2</ele></trkpt>
      <trkpt lat="47.012569067296496" lon="9.046094340500918">
      <ele>1472.6</ele></trkpt>
      <trkpt lat="47.01255991780706" lon="9.046047435619547">
      <ele>1474.0</ele></trkpt>
      <trkpt lat="47.01254752328484" lon="9.046033713041384">
      <ele>1475.3</ele></trkpt>
      <trkpt lat="47.01251243658427" lon="9.046013693932643">
      <ele>1476.7</ele></trkpt>
      <trkpt lat="47.01243914080105" lon="9.045929378222668">
      <ele>1478.1</ele></trkpt>
      <trkpt lat="47.01253567069332" lon="9.045884350028805">
      <ele>1479.5</ele></trkpt>
      <trkpt lat="47.01256649330256" lon="9.045876723251402">
      <ele>1480.9</ele></trkpt>
      <trkpt lat="47.01245274635894" lon="9.045771254645496">
      <ele>1482.3</ele></trkpt>
      <trkpt lat="47.01253695106049" lon="9.045733236356856">
      <ele>1483.7</ele></trkpt>
      <trkpt lat="47.012565309429355" lon="9.045723615205986">
      <ele>1485.1</ele></trkpt>
      <trkpt lat="47.012504303014396" lon="9.045660516883906">
      <ele>1486.5</ele></trkpt>
      <trkpt lat="47.012466845984854" lon="9.045645925388099">
      <ele>1487.9</ele></trkpt>
      <trkpt lat="47.012503359628205" lon="9.045609043569582">
      <ele>1489.3</ele></trkpt>
      <trkpt lat="47.012425822444065" lon="9.04556159023813">
      <ele>1491.0</ele></trkpt>
      <trkpt lat="47.012366223153634" lon="9.045572735590758">
      <ele>1492.7</ele></trkpt>
      <trkpt lat="47.012283146943936" lon="9.045579652559082">
      <ele>1494.4</ele></trkpt>
      <trkpt lat="47.01229964890603" lon="9.04552880714936">
      <ele>1496.1</ele></trkpt>
      <trkpt lat="47.0123495703116" lon="9.045415968499942">
      <ele>1497.8</ele></trkpt>
      <trkpt lat="47.01234242358294" lon="9.045405270824283">
      <ele>1499.5</ele></trkpt>
      <trkpt lat="47.01226264175366" lon="9.045367760818813">
      <ele>1501.2</ele></trkpt>
      <trkpt lat="47.012294500026236" lon="9.045277834615336">
      <ele>1502.9</ele></trkpt>
      <trkpt lat="47.01228789468476" lon="9.04524004302205">
      <ele>1504.6</ele></trkpt>
      <trkpt lat="47.012271883279105" lon="9.045187132221738">
      <ele>1506.2</ele></trkpt>
      <trkpt lat="47.01228116311404" lon="9.045152802209731">
      <ele>1507.9</ele></trkpt>
      <trkpt lat="47.012291268580974" lon="9.045112196194713">
      <ele>1509.6</ele></trkpt>
      <trkpt lat="47.0123210519901" lon="9.045075336252802">
      <ele>1511.3</ele></trkpt>
      <trkpt lat="47.01234548922352" lon="9.045054035119556">
      <ele>1513.0</ele></trkpt>
      <trkpt lat="47.01237328651057" lon="9.045051710418981">
      <ele>1514.7</ele></trkpt>
      <trkpt lat="47.01237501088293" lon="9.045033938502671">
      <ele>1516.4</ele></trkpt>
      <trkpt lat="47.0123680583056" lon="9.045010658400017">
      <ele>1518.1</ele></trkpt>
      <trkpt lat="47.012334912263256" lon="9.044979254243373">
      <ele>1519.8</ele></trkpt>
      <trkpt lat="47.01233736244282" lon="9.044971330027721">
      <ele>1521.5</ele></trkpt>
      <trkpt lat="47.01239984425146" lon="9.044956718754356">
      <ele>1523.2</ele></trkpt>
      <trkpt lat="47.01242177082316" lon="9.044936736689195">
      <ele>1530.0</ele></trkpt>
      <trkpt lat="47.01242829633979" lon="9.044913412838628">
      <ele>1536.7</ele></trkpt>
      <trkpt lat="47.01241220499022" lon="9.044889332990149">
      <ele>1543.5</ele></trkpt>
      <trkpt lat="47.01237468561012" lon="9.044866979390259">
      <ele>1550.3</ele></trkpt>
      <trkpt lat="47.01237304381754" lon="9.044855723114333">
      <ele>1557.0</ele></trkpt>
      <trkpt lat="47.01237833558028" lon="9.044836979363879">
      <ele>1563.8</ele></trkpt>
      <trkpt lat="47.01239084968484" lon="9.04482160874975">
      <ele>1570.6</ele></trkpt>
      <trkpt lat="47.012408930297745" lon="9.044826346094691">
      <ele>1577.3</ele></trkpt>
      <trkpt lat="47.012421225006555" lon="9.04482985792634">
      <ele>1584.1</ele></trkpt>
      <trkpt lat="47.012463128865" lon="9.044717699175036">
      <ele>1590.8</ele></trkpt>
      <trkpt lat="47.01246854625472" lon="9.044687409991813">
      <ele>1597.6</ele></trkpt>
      <trkpt lat="47.01246854625472" lon="9.044687409991813">
      <ele>1604.4</ele></trkpt>
      <trkpt lat="47.01264353021928" lon="9.04412078943263">
      <ele>1611.1</ele></trkpt>
      <trkpt lat="47.01262965843668" lon="9.043626462058622">
      <ele>1617.9</ele></trkpt>
      <trkpt lat="47.012615784523405" lon="9.043132134942582">
      <ele>1624.7</ele></trkpt>
      <trkpt lat="47.01279330747685" lon="9.042669555991722">
      <ele>1631.4</ele></trkpt>
      <trkpt lat="47.01297082855826" lon="9.042206973979113">
      <ele>1638.2</ele></trkpt>
      <trkpt lat="47.01296128643527" lon="9.041700384081278">
      <ele>1645.0</ele></trkpt>
      <trkpt lat="47.012951742074605" lon="9.041193794366059">
      <ele>1651.7</ele></trkpt>
      <trkpt lat="47.01294219547627" lon="9.040687204833493">
      <ele>1658.5</ele></trkpt>
      <trkpt lat="47.012952878879304" lon="9.040219698527572">
      <ele>1673.7</ele></trkpt>
      <trkpt lat="47.01296356037657" lon="9.039752192037312">
      <ele>1688.9</ele></trkpt>
      <trkpt lat="47.012924023804175" lon="9.039265359179819">
      <ele>1704.1</ele></trkpt>
      <trkpt lat="47.012884485165024" lon="9.038778527042359">
      <ele>1719.4</ele></trkpt>
      <trkpt lat="47.013278836774674" lon="9.038944580156533">
      <ele>1734.6</ele></trkpt>
      <trkpt lat="47.01344535069146" lon="9.03930690403749">
      <ele>1749.8</ele></trkpt>
      <trkpt lat="47.01364701381612" lon="9.039553208751238">
      <ele>1765.0</ele></trkpt>
      <trkpt lat="47.01400362248755" lon="9.039750424625517">
      <ele>1780.2</ele></trkpt>
      <trkpt lat="47.01436023079597" lon="9.039947643120776">
      <ele>1795.4</ele></trkpt>
      <trkpt lat="47.014637735958004" lon="9.039483672952192">
      <ele>1810.7</ele></trkpt>
      <trkpt lat="47.01491523922794" lon="9.039019697981265">
      <ele>1825.9</ele></trkpt>
      <trkpt lat="47.01512543499063" lon="9.038840781213253">
      <ele>1841.1</ele></trkpt>
      <trkpt lat="47.01533563046565" lon="9.038661863041787">
      <ele>1856.3</ele></trkpt>
      <trkpt lat="47.015404929277324" lon="9.038290865138055">
      <ele>1871.5</ele></trkpt>
      <trkpt lat="47.01534525016023" lon="9.038049246194722">
      <ele>1886.7</ele></trkpt>
      <trkpt lat="47.01555819877306" lon="9.037662386332476">
      <ele>1901.9</ele></trkpt>
      <trkpt lat="47.015771146072055" lon="9.037275523397682">
      <ele>1917.2</ele></trkpt>
      <trkpt lat="47.01591028263625" lon="9.036947898500543">
      <ele>1932.4</ele></trkpt>
      <trkpt lat="47.016049418260714" lon="9.036620271903587">
      <ele>1947.6</ele></trkpt>
      <trkpt lat="47.01643813531918" lon="9.036724069162867">
      <ele>1962.8</ele></trkpt>
      <trkpt lat="47.01665692594104" lon="9.036812082852208">
      <ele>1972.1</ele></trkpt>
      <trkpt lat="47.01687571648634" lon="9.036900097258911">
      <ele>1981.3</ele></trkpt>
      <trkpt lat="47.017133181204485" lon="9.036668356380712">
      <ele>1990.6</ele></trkpt>
      <trkpt lat="47.017374758329744" lon="9.036843541092352">
      <ele>1999.8</ele></trkpt>
      <trkpt lat="47.01767713124452" lon="9.03709141631823">
      <ele>2009.1</ele></trkpt>
      <trkpt lat="47.01797950360644" lon="9.037339294338611">
      <ele>2018.4</ele></trkpt>
      <trkpt lat="47.018281875415475" lon="9.037587175153526">
      <ele>2027.6</ele></trkpt>
      <trkpt lat="47.01835185314629" lon="9.037364684503656">
      <ele>2036.9</ele></trkpt>
      <trkpt lat="47.01871018231544" lon="9.03765961395414">
      <ele>2046.1</ele></trkpt>
      <trkpt lat="47.01906851070208" lon="9.037954547345006">
      <ele>2055.4</ele></trkpt>
      <trkpt lat="47.019122068780234" lon="9.037971391215024">
      <ele>2064.7</ele></trkpt>
      <trkpt lat="47.01916451530216" lon="9.038012136386184">
      <ele>2073.9</ele></trkpt>
      <trkpt lat="47.019222548106036" lon="9.038004868045405">
      <ele>2083.2</ele></trkpt>
      <trkpt lat="47.01926524486418" lon="9.038028952670217">
      <ele>2092.4</ele></trkpt>
      <trkpt lat="47.01933836701877" lon="9.038066113315693">
      <ele>2101.7</ele></trkpt>
      <trkpt lat="47.01937051041929" lon="9.038074701850553">
      <ele>2111.0</ele></trkpt>
      <trkpt lat="47.019407355369886" lon="9.038101637924367">
      <ele>2120.2</ele></trkpt>
      <trkpt lat="47.01945734156265" lon="9.038136556622272">
      <ele>2129.5</ele></trkpt>
      <trkpt lat="47.01951720492785" lon="9.038174808824495">
      <ele>2138.7</ele></trkpt>
      <trkpt lat="47.01954230931796" lon="9.038155889630069">
      <ele>2148.0</ele></trkpt>
      <trkpt lat="47.01955859395462" lon="9.038174595718793">
      <ele>2149.8</ele></trkpt>
      <trkpt lat="47.0195940323288" lon="9.03824240410036">
      <ele>2151.7</ele></trkpt>
      <trkpt lat="47.019641478460954" lon="9.038222677616625">
      <ele>2153.5</ele></trkpt>
      <trkpt lat="47.019684168614475" lon="9.038189153704579">
      <ele>2155.3</ele></trkpt>
      <trkpt lat="47.01974576138451" lon="9.03816531021008">
      <ele>2157.2</ele></trkpt>
      <trkpt lat="47.0198211685621" lon="9.038158599437127">
      <ele>2159.0</ele></trkpt>
      <trkpt lat="47.01989933027052" lon="9.038189859267824">
      <ele>2160.8</ele></trkpt>
      <trkpt lat="47.01990051127418" lon="9.038223244251737">
      <ele>2162.7</ele></trkpt>
      <trkpt lat="47.0199284334377" lon="9.03823775874758">
      <ele>2164.5</ele></trkpt>
      <trkpt lat="47.0199520285877" lon="9.038265786745097">
      <ele>2166.3</ele></trkpt>
      <trkpt lat="47.019989259641214" lon="9.038266962640826">
      <ele>2168.2</ele></trkpt>
      <trkpt lat="47.02003419046746" lon="9.038250186860134">
      <ele>2170.0</ele></trkpt>
      <trkpt lat="47.02002293090242" lon="9.038284700742068">
      <ele>2171.9</ele></trkpt>
      <trkpt lat="47.02005429843479" lon="9.03829021424549">
      <ele>2173.7</ele></trkpt>
      <trkpt lat="47.0201175879612" lon="9.038263408619699">
      <ele>2175.5</ele></trkpt>
      <trkpt lat="47.020161930418745" lon="9.038287542924124">
      <ele>2177.4</ele></trkpt>
      <trkpt lat="47.020205686971394" lon="9.038294978238996">
      <ele>2179.2</ele></trkpt>
      <trkpt lat="47.02021324839413" lon="9.038343735469606">
      <ele>2181.0</ele></trkpt>
      <trkpt lat="47.020244905877924" lon="9.038387172727806">
      <ele>2182.9</ele></trkpt>
      <trkpt lat="47.020298328186016" lon="9.038413104028288">
      <ele>2184.7</ele></trkpt>
      <trkpt lat="47.02026480237986" lon="9.038442362676323">
      <ele>2187.7</ele></trkpt>
      <trkpt lat="47.02023501497573" lon="9.038499031079581">
      <ele>2190.8</ele></trkpt>
      <trkpt lat="47.02029803055916" lon="9.03854800815886">
      <ele>2193.8</ele></trkpt>
      <trkpt lat="47.020331228098556" lon="9.038599069299417">
      <ele>2196.8</ele></trkpt>
      <trkpt lat="47.02037254467652" lon="9.038603406279368">
      <ele>2199.8</ele></trkpt>
      <trkpt lat="47.020403534772754" lon="9.0386346942217">
      <ele>2202.9</ele></trkpt>
      <trkpt lat="47.0204127687912" lon="9.038683501569713">
      <ele>2205.9</ele></trkpt>
      <trkpt lat="47.02038722360678" lon="9.038732731914102">
      <ele>2208.9</ele></trkpt>
      <trkpt lat="47.02040387407487" lon="9.03878326024184">
      <ele>2212.0</ele></trkpt>
      <trkpt lat="47.020447827042034" lon="9.038834668754717">
      <ele>2215.0</ele></trkpt>
      <trkpt lat="47.02051126403675" lon="9.038901156318747">
      <ele>2218.0</ele></trkpt>
      <trkpt lat="47.02056108342985" lon="9.038948017063177">
      <ele>2221.1</ele></trkpt>
      <trkpt lat="47.02059894959522" lon="9.03900363836029">
      <ele>2224.1</ele></trkpt>
      <trkpt lat="47.020618126010575" lon="9.039087855673424">
      <ele>2227.1</ele></trkpt>
      <trkpt lat="47.02063124516056" lon="9.039146435646833">
      <ele>2230.2</ele></trkpt>
      <trkpt lat="47.020660488021974" lon="9.039203641713845">
      <ele>2233.2</ele></trkpt>
      <trkpt lat="47.020706875635426" lon="9.03926496409845">
      <ele>2236.2</ele></trkpt>
      <trkpt lat="47.02072228754076" lon="9.039312680042904">
      <ele>2239.2</ele></trkpt>
      <trkpt lat="47.02072377385686" lon="9.039356402092453">
      <ele>2242.3</ele></trkpt>
      <trkpt lat="47.02092047422215" lon="9.039889010481126">
      <ele>2245.3</ele></trkpt>
      <trkpt lat="47.02101350252781" lon="9.039956725225927">
      <ele>2249.4</ele></trkpt>
      <trkpt lat="47.02112470207863" lon="9.039989816543413">
      <ele>2253.5</ele></trkpt>
      <trkpt lat="47.02122729621424" lon="9.040006456012613">
      <ele>2257.6</ele></trkpt>
      <trkpt lat="47.021265277319706" lon="9.040047360552759">
      <ele>2261.7</ele></trkpt>
      <trkpt lat="47.02131526124097" lon="9.040090136405105">
      <ele>2265.8</ele></trkpt>
      <trkpt lat="47.021341232697644" lon="9.040127722434525">
      <ele>2269.9</ele></trkpt>
      <trkpt lat="47.02136405933923" lon="9.040216576011572">
      <ele>2274.0</ele></trkpt>
      <trkpt lat="47.021409117822444" lon="9.040268019644715">
      <ele>2278.1</ele></trkpt>
      <trkpt lat="47.02141839177989" lon="9.040293293125425">
      <ele>2282.2</ele></trkpt>
      <trkpt lat="47.021444263306336" lon="9.040336743971235">
      <ele>2286.2</ele></trkpt>
      <trkpt lat="47.02148651889141" lon="9.040360173642652">
      <ele>2290.3</ele></trkpt>
      <trkpt lat="47.02156170338939" lon="9.040439026644272">
      <ele>2294.4</ele></trkpt>
      <trkpt lat="47.0216092841079" lon="9.04059334817277">
      <ele>2298.5</ele></trkpt>
      <trkpt lat="47.02165025249658" lon="9.040649038070796">
      <ele>2302.6</ele></trkpt>
      <trkpt lat="47.021692309154794" lon="9.040741479444423">
      <ele>2306.7</ele></trkpt>
      <trkpt lat="47.021769078799764" lon="9.040766071854854">
      <ele>2310.8</ele></trkpt>
      <trkpt lat="47.02185607508844" lon="9.04080569156283">
      <ele>2314.9</ele></trkpt>
      <trkpt lat="47.022021508426604" lon="9.041126093077402">
      <ele>2319.0</ele></trkpt>
      <trkpt lat="47.022021508426604" lon="9.041126093077402">
      <ele>2323.1</ele></trkpt>
      <trkpt lat="47.02207081792791" lon="9.041105042487803">
      <ele>2327.2</ele></trkpt>
      <trkpt lat="47.022112106378685" lon="9.041028285383312">
      <ele>2324.7</ele></trkpt>
      <trkpt lat="47.02211153479604" lon="9.040953895854342">
      <ele>2322.3</ele></trkpt>
      <trkpt lat="47.02205497815763" lon="9.0408792814204">
      <ele>2319.8</ele></trkpt>
      <trkpt lat="47.022089416989424" lon="9.040865219752952">
      <ele>2317.3</ele></trkpt>
      <trkpt lat="47.02214312028035" lon="9.040843287089972">
      <ele>2314.8</ele></trkpt>
      <trkpt lat="47.02221304654193" lon="9.040780659660916">
      <ele>2312.4</ele></trkpt>
      <trkpt lat="47.02224026118664" lon="9.040720821832572">
      <ele>2309.9</ele></trkpt>
      <trkpt lat="47.02228730076117" lon="9.040682560309369">
      <ele>2307.4</ele></trkpt>
      <trkpt lat="47.022334938902496" lon="9.04069099526928">
      <ele>2305.0</ele></trkpt>
      <trkpt lat="47.02241205855494" lon="9.040658302433881">
      <ele>2302.5</ele></trkpt>
      <trkpt lat="47.022470328408396" lon="9.040625046605502">
      <ele>2300.0</ele></trkpt>
      <trkpt lat="47.02250634733274" lon="9.040565471320027">
      <ele>2297.6</ele></trkpt>
      <trkpt lat="47.02249700034083" lon="9.040513856036332">
      <ele>2295.1</ele></trkpt>
      <trkpt lat="47.022463379932766" lon="9.040491854563186">
      <ele>2292.6</ele></trkpt>
      <trkpt lat="47.02254266270731" lon="9.040451147933553">
      <ele>2290.2</ele></trkpt>
      <trkpt lat="47.02263825041441" lon="9.040347750952117">
      <ele>2287.7</ele></trkpt>
      <trkpt lat="47.0227038377913" lon="9.040225328382615">
      <ele>2285.2</ele></trkpt>
      <trkpt lat="47.022682397505505" lon="9.040179601238002">
      <ele>2282.7</ele></trkpt>
      <trkpt lat="47.022691088863894" lon="9.04015250851339">
      <ele>2280.3</ele></trkpt>
      <trkpt lat="47.02277682618508" lon="9.040005163599691">
      <ele>2277.8</ele></trkpt>
      <trkpt lat="47.022846535592095" lon="9.03993354201698">
      <ele>2276.3</ele></trkpt>
      <trkpt lat="47.02286410831135" lon="9.039854127894948">
      <ele>2274.7</ele></trkpt>
      <trkpt lat="47.022869036027416" lon="9.039833040447343">
      <ele>2273.2</ele></trkpt>
      <trkpt lat="47.022895469029834" lon="9.039760837323506">
      <ele>2271.6</ele></trkpt>
      <trkpt lat="47.022900549064076" lon="9.03974043853802">
      <ele>2270.1</ele></trkpt>
      <trkpt lat="47.02288654947192" lon="9.039697262189113">
      <ele>2268.6</ele></trkpt>
      <trkpt lat="47.022895684125594" lon="9.03966547250089">
      <ele>2267.0</ele></trkpt>
      <trkpt lat="47.02291033311383" lon="9.039645346128909">
      <ele>2265.5</ele></trkpt>
      <trkpt lat="47.02293907595122" lon="9.039628113779917">
      <ele>2263.9</ele></trkpt>
      <trkpt lat="47.02295170550052" lon="9.03960957167461">
      <ele>2262.4</ele></trkpt>
      <trkpt lat="47.02297456551119" lon="9.039545181912665">
      <ele>2260.9</ele></trkpt>
      <trkpt lat="47.02297022615505" lon="9.039535066642417">
      <ele>2259.3</ele></trkpt>
      <trkpt lat="47.022917177178414" lon="9.039538496159013">
      <ele>2257.8</ele></trkpt>
      <trkpt lat="47.02292828969157" lon="9.039492622237836">
      <ele>2256.2</ele></trkpt>
      <trkpt lat="47.02292487988543" lon="9.039470049224715">
      <ele>2254.7</ele></trkpt>
      <trkpt lat="47.02288680295718" lon="9.039470175991786">
      <ele>2253.2</ele></trkpt>
      <trkpt lat="47.022847093707945" lon="9.039480252955205">
      <ele>2251.6</ele></trkpt>
      <trkpt lat="47.02277206405901" lon="9.039494722661583">
      <ele>2250.1</ele></trkpt>
      <trkpt lat="47.02278451229029" lon="9.039400828237437">
      <ele>2248.5</ele></trkpt>
      <trkpt lat="47.02270814732468" lon="9.039392352861894">
      <ele>2247.0</ele></trkpt>
      <trkpt lat="47.02271151858971" lon="9.039337722741486">
      <ele>2244.2</ele></trkpt>
      <trkpt lat="47.02273370488197" lon="9.0392745366028">
      <ele>2241.3</ele></trkpt>
      <trkpt lat="47.02279891869952" lon="9.039176230309153">
      <ele>2238.4</ele></trkpt>
      <trkpt lat="47.02267867381255" lon="9.039146593055321">
      <ele>2235.6</ele></trkpt>
      <trkpt lat="47.02269867170881" lon="9.039059041687215">
      <ele>2232.8</ele></trkpt>
      <trkpt lat="47.0227366995623" lon="9.038959871579893">
      <ele>2229.9</ele></trkpt>
      <trkpt lat="47.02279525069693" lon="9.03885222243463">
      <ele>2227.1</ele></trkpt>
      <trkpt lat="47.022804672049084" lon="9.038790181396175">
      <ele>2224.2</ele></trkpt>
      <trkpt lat="47.02280445614311" lon="9.038747600706252">
      <ele>2221.3</ele></trkpt>
      <trkpt lat="47.022769253024386" lon="9.038714554238547">
      <ele>2218.5</ele></trkpt>
      <trkpt lat="47.022782094830234" lon="9.038651102235423">
      <ele>2215.7</ele></trkpt>
      <trkpt lat="47.022687429770386" lon="9.038616190298725">
      <ele>2212.8</ele></trkpt>
      <trkpt lat="47.02270823944226" lon="9.038531688917121">
      <ele>2209.9</ele></trkpt>
      <trkpt lat="47.022739475113" lon="9.038488585912832">
      <ele>2207.1</ele></trkpt>
      <trkpt lat="47.0227593032664" lon="9.038413172539123">
      <ele>2204.2</ele></trkpt>
      <trkpt lat="47.02277371593839" lon="9.038415141645338">
      <ele>2201.4</ele></trkpt>
      <trkpt lat="47.02280068586052" lon="9.03837341114946">
      <ele>2198.6</ele></trkpt>
      <trkpt lat="47.022889140675225" lon="9.03831234532897">
      <ele>2195.7</ele></trkpt>
      <trkpt lat="47.02292750223161" lon="9.038246628059897">
      <ele>2192.8</ele></trkpt>
      <trkpt lat="47.02317045484111" lon="9.038140239542942">
      <ele>2190.0</ele></trkpt>
      <trkpt lat="47.02318793257504" lon="9.038108856067982">
      <ele>2186.2</ele></trkpt>
      <trkpt lat="47.02319486324308" lon="9.038042161723379">
      <ele>2182.4</ele></trkpt>
      <trkpt lat="47.023170258926186" lon="9.03792580857151">
      <ele>2178.6</ele></trkpt>
      <trkpt lat="47.02311902502093" lon="9.037770613051745">
      <ele>2174.7</ele></trkpt>
      <trkpt lat="47.0230826583917" lon="9.0376447921361">
      <ele>2170.9</ele></trkpt>
      <trkpt lat="47.02306469939807" lon="9.03748152405009">
      <ele>2167.1</ele></trkpt>
      <trkpt lat="47.023021035385504" lon="9.03750295710704">
      <ele>2163.3</ele></trkpt>
      <trkpt lat="47.02295397952298" lon="9.037554071243166">
      <ele>2159.5</ele></trkpt>
      <trkpt lat="47.02287248088233" lon="9.037604728454895">
      <ele>2155.7</ele></trkpt>
      <trkpt lat="47.02278639408294" lon="9.03762179194024">
      <ele>2151.8</ele></trkpt>
      <trkpt lat="47.022687190655" lon="9.037606507486617">
      <ele>2148.0</ele></trkpt>
      <trkpt lat="47.0225132115941" lon="9.037532606156114">
      <ele>2144.2</ele></trkpt>
      <trkpt lat="47.02231282382398" lon="9.037520226564956">
      <ele>2140.4</ele></trkpt>
      <trkpt lat="47.02218903080533" lon="9.037501130995624">
      <ele>2136.6</ele></trkpt>
      <trkpt lat="47.02214201885065" lon="9.037519411647104">
      <ele>2132.8</ele></trkpt>
      <trkpt lat="47.02195602231364" lon="9.037510539662104">
      <ele>2129.0</ele></trkpt>
      <trkpt lat="47.02199022018768" lon="9.037440133674075">
      <ele>2125.1</ele></trkpt>
      <trkpt lat="47.0218600488419" lon="9.037391944130455">
      <ele>2121.3</ele></trkpt>
      <trkpt lat="47.021790397754216" lon="9.03738976316506">
      <ele>2117.5</ele></trkpt>
      <trkpt lat="47.02173891559759" lon="9.03736533716907">
      <ele>2113.7</ele></trkpt>
      <trkpt lat="47.021764708612196" lon="9.037288589600585">
      <ele>2111.7</ele></trkpt>
      <trkpt lat="47.02171380866526" lon="9.037282428671453">
      <ele>2109.7</ele></trkpt>
      <trkpt lat="47.02173029998374" lon="9.037202364851511">
      <ele>2107.7</ele></trkpt>
      <trkpt lat="47.02168449900948" lon="9.037196369103235">
      <ele>2105.7</ele></trkpt>
      <trkpt lat="47.02168438977736" lon="9.037089906181725">
      <ele>2103.7</ele></trkpt>
      <trkpt lat="47.02165581848947" lon="9.037067728746315">
      <ele>2101.7</ele></trkpt>
      <trkpt lat="47.02166882462707" lon="9.037049894991592">
      <ele>2099.7</ele></trkpt>
      <trkpt lat="47.02164180923696" lon="9.03698061229468">
      <ele>2097.7</ele></trkpt>
      <trkpt lat="47.02163125947824" lon="9.036890573042536">
      <ele>2095.7</ele></trkpt>
      <trkpt lat="47.02159436302626" lon="9.036876357146262">
      <ele>2093.8</ele></trkpt>
      <trkpt lat="47.02160130316313" lon="9.036839937209445">
      <ele>2091.8</ele></trkpt>
      <trkpt lat="47.0215686641054" lon="9.036830110774964">
      <ele>2089.8</ele></trkpt>
      <trkpt lat="47.02156753352844" lon="9.036809869274215">
      <ele>2087.8</ele></trkpt>
      <trkpt lat="47.02158662269429" lon="9.03677128528865">
      <ele>2085.8</ele></trkpt>
      <trkpt lat="47.0215352196188" lon="9.036777345079539">
      <ele>2083.8</ele></trkpt>
      <trkpt lat="47.02153963437575" lon="9.036718116156813">
      <ele>2081.8</ele></trkpt>
      <trkpt lat="47.02151326662669" lon="9.03671859367786">
      <ele>2079.8</ele></trkpt>
      <trkpt lat="47.02152598752897" lon="9.036676017881463">
      <ele>2077.8</ele></trkpt>
      <trkpt lat="47.02150352620197" lon="9.036602082389269">
      <ele>2075.8</ele></trkpt>
      <trkpt lat="47.0215197820262" lon="9.036562150996462">
      <ele>2073.8</ele></trkpt>
      <trkpt lat="47.02153471358602" lon="9.036514589053029">
      <ele>2072.4</ele></trkpt>
      <trkpt lat="47.02152495147665" lon="9.036500405423649">
      <ele>2071.0</ele></trkpt>
      <trkpt lat="47.02147947009431" lon="9.036491486005438">
      <ele>2069.6</ele></trkpt>
      <trkpt lat="47.021491717991175" lon="9.036432477268006">
      <ele>2068.2</ele></trkpt>
      <trkpt lat="47.02148034705753" lon="9.036343229611742">
      <ele>2066.8</ele></trkpt>
      <trkpt lat="47.02146139266443" lon="9.03632045760922">
      <ele>2065.4</ele></trkpt>
      <trkpt lat="47.02148639431388" lon="9.036301139125962">
      <ele>2064.0</ele></trkpt>
      <trkpt lat="47.02147587672609" lon="9.036286288400929">
      <ele>2062.6</ele></trkpt>
      <trkpt lat="47.02145519435056" lon="9.036292632041478">
      <ele>2061.2</ele></trkpt>
      <trkpt lat="47.02145364952833" lon="9.036246565987827">
      <ele>2059.9</ele></trkpt>
      <trkpt lat="47.021437973160445" lon="9.036238429138965">
      <ele>2058.5</ele></trkpt>
      <trkpt lat="47.021442832215286" lon="9.03619767152658">
      <ele>2057.1</ele></trkpt>
      <trkpt lat="47.02142918970788" lon="9.036198541405714">
      <ele>2055.7</ele></trkpt>
      <trkpt lat="47.02140282783562" lon="9.036238658655625">
      <ele>2054.3</ele></trkpt>
      <trkpt lat="47.02138773764214" lon="9.036240761552111">
      <ele>2052.9</ele></trkpt>
      <trkpt lat="47.021364556701485" lon="9.036204273529972">
      <ele>2051.5</ele></trkpt>
      <trkpt lat="47.02134376434929" lon="9.036203654349828">
      <ele>2050.1</ele></trkpt>
      <trkpt lat="47.021265738433925" lon="9.03613740552525">
      <ele>2048.7</ele></trkpt>
      <trkpt lat="47.021229110085415" lon="9.036141406199665">
      <ele>2047.3</ele></trkpt>
      <trkpt lat="47.02124487581652" lon="9.036088198983624">
      <ele>2045.9</ele></trkpt>
      <trkpt lat="47.02118396438347" lon="9.036083819798531">
      <ele>2044.8</ele></trkpt>
      <trkpt lat="47.02115673228289" lon="9.036136685511263">
      <ele>2043.7</ele></trkpt>
      <trkpt lat="47.0211259479536" lon="9.036131927261861">
      <ele>2042.6</ele></trkpt>
      <trkpt lat="47.02110542214646" lon="9.036110871599504">
      <ele>2041.4</ele></trkpt>
      <trkpt lat="47.021079523350316" lon="9.036062804545267">
      <ele>2040.3</ele></trkpt>
      <trkpt lat="47.02104738031537" lon="9.036052888202992">
      <ele>2039.2</ele></trkpt>
      <trkpt lat="47.020971281268054" lon="9.036003326501875">
      <ele>2038.1</ele></trkpt>
      <trkpt lat="47.02088464012512" lon="9.035938084894886">
      <ele>2037.0</ele></trkpt>
      <trkpt lat="47.02087449744614" lon="9.035891776516776">
      <ele>2035.9</ele></trkpt>
      <trkpt lat="47.020801480621216" lon="9.035826967143151">
      <ele>2034.8</ele></trkpt>
      <trkpt lat="47.02078361932458" lon="9.035821317719352">
      <ele>2033.6</ele></trkpt>
      <trkpt lat="47.02076805903303" lon="9.035750549157086">
      <ele>2032.5</ele></trkpt>
      <trkpt lat="47.020742639588065" lon="9.035720388913706">
      <ele>2031.4</ele></trkpt>
      <trkpt lat="47.020736005106265" lon="9.035679289636382">
      <ele>2030.3</ele></trkpt>
      <trkpt lat="47.020690876922956" lon="9.035620428558808">
      <ele>2029.2</ele></trkpt>
      <trkpt lat="47.02066721572314" lon="9.035619724213026">
      <ele>2028.1</ele></trkpt>
      <trkpt lat="47.020644079034824" lon="9.035579396749597">
      <ele>2026.9</ele></trkpt>
      <trkpt lat="47.02064156559477" lon="9.035552483893524">
      <ele>2025.8</ele></trkpt>
      <trkpt lat="47.020596774902124" lon="9.03552302333165">
      <ele>2024.7</ele></trkpt>
      <trkpt lat="47.02054026925186" lon="9.035402478042593">
      <ele>2023.6</ele></trkpt>
      <trkpt lat="47.020455395095404" lon="9.03531174186174">
      <ele>2021.7</ele></trkpt>
      <trkpt lat="47.02052587259101" lon="9.035243547600302">
      <ele>2019.8</ele></trkpt>
      <trkpt lat="47.02053717920699" lon="9.035201706362422">
      <ele>2017.9</ele></trkpt>
      <trkpt lat="47.020509210528225" lon="9.035093522137771">
      <ele>2016.0</ele></trkpt>
      <trkpt lat="47.0205023005652" lon="9.035019183211451">
      <ele>2014.1</ele></trkpt>
      <trkpt lat="47.02052584634212" lon="9.03502882984743">
      <ele>2012.3</ele></trkpt>
      <trkpt lat="47.020522355973505" lon="9.03496736700867">
      <ele>2010.4</ele></trkpt>
      <trkpt lat="47.02050562238004" lon="9.034876133085731">
      <ele>2008.5</ele></trkpt>
      <trkpt lat="47.02049084320112" lon="9.034855235981665">
      <ele>2006.6</ele></trkpt>
      <trkpt lat="47.02052250670566" lon="9.034847245250013">
      <ele>2004.7</ele></trkpt>
      <trkpt lat="47.02056636522107" lon="9.034839604195259">
      <ele>2002.8</ele></trkpt>
      <trkpt lat="47.020551363707256" lon="9.034780364239612">
      <ele>2000.9</ele></trkpt>
      <trkpt lat="47.02053109538295" lon="9.034740135728484">
      <ele>1999.0</ele></trkpt>
      <trkpt lat="47.020507434177055" lon="9.034739431773232">
      <ele>1997.1</ele></trkpt>
      <trkpt lat="47.020479829774885" lon="9.034711746240243">
      <ele>1995.2</ele></trkpt>
      <trkpt lat="47.02039894285012" lon="9.034699117697915">
      <ele>1993.4</ele></trkpt>
      <trkpt lat="47.02040799347831" lon="9.034666155306626">
      <ele>1991.5</ele></trkpt>
      <trkpt lat="47.02045953459627" lon="9.034619117247816">
      <ele>1989.6</ele></trkpt>
      <trkpt lat="47.020524105008825" lon="9.034563547019959">
      <ele>1987.7</ele></trkpt>
      <trkpt lat="47.020555493275424" lon="9.034522303024646">
      <ele>1985.8</ele></trkpt>
      <trkpt lat="47.020598543414025" lon="9.03452103141391">
      <ele>1984.3</ele></trkpt>
      <trkpt lat="47.020607033967075" lon="9.034475290998923">
      <ele>1982.8</ele></trkpt>
      <trkpt lat="47.02063661939455" lon="9.034462107411557">
      <ele>1981.3</ele></trkpt>
      <trkpt lat="47.020656585477724" lon="9.03441669514485">
      <ele>1979.8</ele></trkpt>
      <trkpt lat="47.02068411878601" lon="9.034395806890151">
      <ele>1978.3</ele></trkpt>
      <trkpt lat="47.0206958513522" lon="9.034322022323778">
      <ele>1976.8</ele></trkpt>
      <trkpt lat="47.020686436408994" lon="9.03427444680059">
      <ele>1975.3</ele></trkpt>
      <trkpt lat="47.02070047811481" lon="9.034189232618282">
      <ele>1973.8</ele></trkpt>
      <trkpt lat="47.02069084096067" lon="9.034158279575152">
      <ele>1972.3</ele></trkpt>
      <trkpt lat="47.02064998479901" lon="9.034155762051551">
      <ele>1970.8</ele></trkpt>
      <trkpt lat="47.0206157894902" lon="9.034084439988577">
      <ele>1969.4</ele></trkpt>
      <trkpt lat="47.02058403680135" lon="9.034098848601024">
      <ele>1967.9</ele></trkpt>
      <trkpt lat="47.02053065729396" lon="9.034121533698832">
      <ele>1966.4</ele></trkpt>
      <trkpt lat="47.02044602279119" lon="9.034121542602026">
      <ele>1964.9</ele></trkpt>
      <trkpt lat="47.02038402818648" lon="9.034145234363516">
      <ele>1963.4</ele></trkpt>
      <trkpt lat="47.020339485550956" lon="9.034150316539135">
      <ele>1961.9</ele></trkpt>
      <trkpt lat="47.020264576896174" lon="9.034174900259664">
      <ele>1960.4</ele></trkpt>
      <trkpt lat="47.02021446569803" lon="9.034167003044843">
      <ele>1958.9</ele></trkpt>
      <trkpt lat="47.020188459611035" lon="9.034180293142631">
      <ele>1957.4</ele></trkpt>
      <trkpt lat="47.02017025214494" lon="9.034201471831146">
      <ele>1955.9</ele></trkpt>
      <trkpt lat="47.020172205760446" lon="9.034108215980662">
      <ele>1953.9</ele></trkpt>
      <trkpt lat="47.02012866727881" lon="9.034146546349255">
      <ele>1952.0</ele></trkpt>
      <trkpt lat="47.02003813544323" lon="9.034212855819597">
      <ele>1950.0</ele></trkpt>
      <trkpt lat="47.02000658716144" lon="9.034211917531305">
      <ele>1948.0</ele></trkpt>
      <trkpt lat="47.02000585876675" lon="9.034158194136765">
      <ele>1946.1</ele></trkpt>
      <trkpt lat="47.01997486118435" lon="9.034170059631084">
      <ele>1944.1</ele></trkpt>
      <trkpt lat="47.01995049843493" lon="9.03416804580915">
      <ele>1942.1</ele></trkpt>
      <trkpt lat="47.01995881171379" lon="9.034136337785707">
      <ele>1940.2</ele></trkpt>
      <trkpt lat="47.019902154145704" lon="9.034080964327163">
      <ele>1938.2</ele></trkpt>
      <trkpt lat="47.019935318475376" lon="9.03406791344018">
      <ele>1936.2</ele></trkpt>
      <trkpt lat="47.01995269109157" lon="9.034001954191467">
      <ele>1934.3</ele></trkpt>
      <trkpt lat="47.01996866926444" lon="9.033987102914793">
      <ele>1932.3</ele></trkpt>
      <trkpt lat="47.0199909802424" lon="9.033981385847266">
      <ele>1930.4</ele></trkpt>
      <trkpt lat="47.0199987602982" lon="9.033935611588653">
      <ele>1928.4</ele></trkpt>
      <trkpt lat="47.020000838485764" lon="9.03388708924588">
      <ele>1926.4</ele></trkpt>
      <trkpt lat="47.0199772483973" lon="9.03388127020898">
      <ele>1924.5</ele></trkpt>
      <trkpt lat="47.01997992132735" lon="9.033841737778067">
      <ele>1922.5</ele></trkpt>
      <trkpt lat="47.0199397842467" lon="9.03383926822162">
      <ele>1920.5</ele></trkpt>
      <trkpt lat="47.01996401338557" lon="9.03379653528793">
      <ele>1918.6</ele></trkpt>
      <trkpt lat="47.01991889372782" lon="9.03379135225186">
      <ele>1916.6</ele></trkpt>
      <trkpt lat="47.01987593187" lon="9.033731268840363">
      <ele>1915.1</ele></trkpt>
      <trkpt lat="47.01990301233224" lon="9.03369117289248">
      <ele>1913.5</ele></trkpt>
      <trkpt lat="47.01988118920164" lon="9.033659858102462">
      <ele>1912.0</ele></trkpt>
      <trkpt lat="47.01992681478693" lon="9.03362670714552">
      <ele>1910.5</ele></trkpt>
      <trkpt lat="47.01992738281387" lon="9.033583257538206">
      <ele>1908.9</ele></trkpt>
      <trkpt lat="47.01995252696841" lon="9.033580189902818">
      <ele>1907.4</ele></trkpt>
      <trkpt lat="47.01993035737256" lon="9.033520724746433">
      <ele>1905.9</ele></trkpt>
      <trkpt lat="47.01996182563034" lon="9.03352806708658">
      <ele>1904.3</ele></trkpt>
      <trkpt lat="47.01998285761567" lon="9.033510800541407">
      <ele>1902.8</ele></trkpt>
      <trkpt lat="47.01999265357562" lon="9.033474032054112">
      <ele>1901.2</ele></trkpt>
      <trkpt lat="47.01996863698566" lon="9.033446467258392">
      <ele>1899.7</ele></trkpt>
      <trkpt lat="47.019994038466784" lon="9.03342423930084">
      <ele>1898.2</ele></trkpt>
      <trkpt lat="47.01997288189821" lon="9.033396746388595">
      <ele>1896.6</ele></trkpt>
      <trkpt lat="47.01999748425406" lon="9.033380875183038">
      <ele>1895.1</ele></trkpt>
      <trkpt lat="47.019984169929245" lon="9.03335619392293">
      <ele>1893.6</ele></trkpt>
      <trkpt lat="47.02000816829861" lon="9.033331345684724">
      <ele>1892.0</ele></trkpt>
      <trkpt lat="47.01997470165407" lon="9.033313722050785">
      <ele>1890.5</ele></trkpt>
      <trkpt lat="47.01995918437772" lon="9.033292829965125">
      <ele>1889.0</ele></trkpt>
      <trkpt lat="47.01996605849605" lon="9.033261079031245">
      <ele>1887.4</ele></trkpt>
      <trkpt lat="47.019936970441194" lon="9.03323719192128">
      <ele>1885.9</ele></trkpt>
      <trkpt lat="47.01991632481919" lon="9.033185231515159">
      <ele>1883.7</ele></trkpt>
      <trkpt lat="47.01992554607958" lon="9.033115359308871">
      <ele>1881.4</ele></trkpt>
      <trkpt lat="47.01988492880135" lon="9.0330781712734">
      <ele>1879.2</ele></trkpt>
      <trkpt lat="47.01984315138252" lon="9.03304094881593">
      <ele>1876.9</ele></trkpt>
      <trkpt lat="47.01982085628855" lon="9.033038404955905">
      <ele>1874.7</ele></trkpt>
      <trkpt lat="47.019794710701966" lon="9.033058505997936">
      <ele>1872.5</ele></trkpt>
      <trkpt lat="47.01975693265406" lon="9.032987276655183">
      <ele>1870.2</ele></trkpt>
      <trkpt lat="47.019648485701005" lon="9.032760486719724">
      <ele>1868.0</ele></trkpt>
      <trkpt lat="47.01956506236983" lon="9.032676561393183">
      <ele>1865.7</ele></trkpt>
      <trkpt lat="47.01951766632056" lon="9.03262022845">
      <ele>1863.5</ele></trkpt>
      <trkpt lat="47.01949814855489" lon="9.032587443617665">
      <ele>1861.3</ele></trkpt>
      <trkpt lat="47.01952933970202" lon="9.032542851893815">
      <ele>1859.0</ele></trkpt>
      <trkpt lat="47.01957086095318" lon="9.032515629865669">
      <ele>1856.8</ele></trkpt>
      <trkpt lat="47.01959117747668" lon="9.032491566647614">
      <ele>1854.5</ele></trkpt>
      <trkpt lat="47.019561759417456" lon="9.032411114291156">
      <ele>1852.3</ele></trkpt>
      <trkpt lat="47.019523445712395" lon="9.032377771141658">
      <ele>1850.1</ele></trkpt>
      <trkpt lat="47.01948395369973" lon="9.032344406192646">
      <ele>1847.8</ele></trkpt>
      <trkpt lat="47.01945846686456" lon="9.032319034949843">
      <ele>1845.6</ele></trkpt>
      <trkpt lat="47.01947816676062" lon="9.032255157690226">
      <ele>1843.3</ele></trkpt>
      <trkpt lat="47.019434216951645" lon="9.032204610798527">
      <ele>1841.1</ele></trkpt>
      <trkpt lat="47.01929751751495" lon="9.032147586067204">
      <ele>1838.6</ele></trkpt>
      <trkpt lat="47.019219211399914" lon="9.032116896845212">
      <ele>1836.1</ele></trkpt>
      <trkpt lat="47.01918369451355" lon="9.032134812205985">
      <ele>1833.6</ele></trkpt>
      <trkpt lat="47.019109124324615" lon="9.032089065724266">
      <ele>1831.1</ele></trkpt>
      <trkpt lat="47.01909219051409" lon="9.032039295390307">
      <ele>1828.5</ele></trkpt>
      <trkpt lat="47.01905475617367" lon="9.032026843539953">
      <ele>1826.0</ele></trkpt>
      <trkpt lat="47.01895547116958" lon="9.031900772690564">
      <ele>1823.5</ele></trkpt>
      <trkpt lat="47.018949227692" lon="9.031843729321135">
      <ele>1821.0</ele></trkpt>
      <trkpt lat="47.01892867223669" lon="9.03180142921854">
      <ele>1818.5</ele></trkpt>
      <trkpt lat="47.01896289678638" lon="9.031791052901392">
      <ele>1816.0</ele></trkpt>
      <trkpt lat="47.018969225736896" lon="9.03175900992411">
      <ele>1813.5</ele></trkpt>
      <trkpt lat="47.0190255503724" lon="9.031682933534618">
      <ele>1811.0</ele></trkpt>
      <trkpt lat="47.01902561393878" lon="9.03176064490686">
      <ele>1808.5</ele></trkpt>
      <trkpt lat="47.01906225010928" lon="9.031829930933526">
      <ele>1806.0</ele></trkpt>
      <trkpt lat="47.01910649833366" lon="9.031859647694851">
      <ele>1803.5</ele></trkpt>
      <trkpt lat="47.01907736942939" lon="9.031758340383526">
      <ele>1800.9</ele></trkpt>
      <trkpt lat="47.01922785976329" lon="9.03170533265601">
      <ele>1798.4</ele></trkpt>
      <trkpt lat="47.01927521474546" lon="9.031681716962472">
      <ele>1795.9</ele></trkpt>
      <trkpt lat="47.019313698714036" lon="9.031680781116734">
      <ele>1793.4</ele></trkpt>
      <trkpt lat="47.019361905178286" lon="9.031698867503156">
      <ele>1790.9</ele></trkpt>
      <trkpt lat="47.01939335340842" lon="9.031691460691768">
      <ele>1790.5</ele></trkpt>
      <trkpt lat="47.019427912866476" lon="9.0316653863855">
      <ele>1790.0</ele></trkpt>
      <trkpt lat="47.01947104474996" lon="9.03163748800224">
      <ele>1789.6</ele></trkpt>
      <trkpt lat="47.01950532379701" lon="9.031632256936707">
      <ele>1789.2</ele></trkpt>
      <trkpt lat="47.019570675312934" lon="9.031646682103906">
      <ele>1788.8</ele></trkpt>
      <trkpt lat="47.01965103858478" lon="9.031679549979584">
      <ele>1788.3</ele></trkpt>
      <trkpt lat="47.01969587007966" lon="9.031708731723917">
      <ele>1787.9</ele></trkpt>
      <trkpt lat="47.01972391077393" lon="9.031747163260118">
      <ele>1787.5</ele></trkpt>
      <trkpt lat="47.019751768808504" lon="9.031798100454143">
      <ele>1787.0</ele></trkpt>
      <trkpt lat="47.01977226308212" lon="9.031865539881728">
      <ele>1786.6</ele></trkpt>
      <trkpt lat="47.01978989746423" lon="9.031932894427117">
      <ele>1786.2</ele></trkpt>
      <trkpt lat="47.019823900946896" lon="9.031952690608222">
      <ele>1785.7</ele></trkpt>
      <trkpt lat="47.019857971310124" lon="9.031968318445193">
      <ele>1785.3</ele></trkpt>
      <trkpt lat="47.01989888348927" lon="9.0320050276076">
      <ele>1784.9</ele></trkpt>
      <trkpt lat="47.019941254620214" lon="9.032039688399376">
      <ele>1784.5</ele></trkpt>
      <trkpt lat="47.01997517096811" lon="9.032065757397493">
      <ele>1784.0</ele></trkpt>
      <trkpt lat="47.020013426171765" lon="9.032087771776839">
      <ele>1783.6</ele></trkpt>
      <trkpt lat="47.020059112032534" lon="9.032089115569642">
      <ele>1783.2</ele></trkpt>
      <trkpt lat="47.02011568811542" lon="9.032026043331154">
      <ele>1782.7</ele></trkpt>
      <trkpt lat="47.02015489992186" lon="9.031979176233484">
      <ele>1782.3</ele></trkpt>
      <trkpt lat="47.02017537580169" lon="9.031944276928417">
      <ele>1780.1</ele></trkpt>
      <trkpt lat="47.02019856670875" lon="9.031919890762222">
      <ele>1777.8</ele></trkpt>
      <trkpt lat="47.02023457092733" lon="9.031897976878042">
      <ele>1775.6</ele></trkpt>
      <trkpt lat="47.02026355927381" lon="9.03186751383383">
      <ele>1773.3</ele></trkpt>
      <trkpt lat="47.02030976684443" lon="9.031831286799605">
      <ele>1771.1</ele></trkpt>
      <trkpt lat="47.02037153180373" lon="9.031805954268414">
      <ele>1768.8</ele></trkpt>
      <trkpt lat="47.02043204605713" lon="9.031781926433105">
      <ele>1766.6</ele></trkpt>
      <trkpt lat="47.02054426716121" lon="9.03175326392114">
      <ele>1764.3</ele></trkpt>
      <trkpt lat="47.02065141193813" lon="9.031764273425093">
      <ele>1762.1</ele></trkpt>
      <trkpt lat="47.020765999473475" lon="9.031817234567633">
      <ele>1759.8</ele></trkpt>
      <trkpt lat="47.0209363821515" lon="9.031879549185298">
      <ele>1757.6</ele></trkpt>
      <trkpt lat="47.02096862298179" lon="9.031857825794724">
      <ele>1755.4</ele></trkpt>
      <trkpt lat="47.020948333847" lon="9.03175098884886">
      <ele>1753.1</ele></trkpt>
      <trkpt lat="47.02097024013651" lon="9.031647404642023">
      <ele>1750.9</ele></trkpt>
      <trkpt lat="47.02104156194176" lon="9.031516936456285">
      <ele>1748.6</ele></trkpt>
      <trkpt lat="47.02104750505097" lon="9.031410930952712">
      <ele>1746.4</ele></trkpt>
      <trkpt lat="47.02104518259487" lon="9.031327413585702">
      <ele>1744.1</ele></trkpt>
      <trkpt lat="47.021056511079045" lon="9.031241762370904">
      <ele>1741.9</ele></trkpt>
      <trkpt lat="47.02109528424766" lon="9.031192118105887">
      <ele>1739.6</ele></trkpt>
      <trkpt lat="47.02111611054198" lon="9.031106025138229">
      <ele>1737.4</ele></trkpt>
      <trkpt lat="47.021160289756125" lon="9.031081090308781">
      <ele>1735.9</ele></trkpt>
      <trkpt lat="47.0212302214071" lon="9.031028700167232">
      <ele>1734.4</ele></trkpt>
      <trkpt lat="47.02126108504557" lon="9.030967467162123">
      <ele>1732.9</ele></trkpt>
      <trkpt lat="47.02132544437895" lon="9.030901689553419">
      <ele>1731.4</ele></trkpt>
      <trkpt lat="47.02134330495844" lon="9.03086267255411">
      <ele>1730.0</ele></trkpt>
      <trkpt lat="47.02145891611547" lon="9.03076085517014">
      <ele>1728.5</ele></trkpt>
      <trkpt lat="47.02151716189393" lon="9.030719392300954">
      <ele>1727.0</ele></trkpt>
      <trkpt lat="47.021574047041504" lon="9.030692992180928">
      <ele>1725.5</ele></trkpt>
      <trkpt lat="47.02164479681855" lon="9.03074437465309">
      <ele>1724.0</ele></trkpt>
      <trkpt lat="47.021690003319314" lon="9.030808142161053">
      <ele>1722.5</ele></trkpt>
      <trkpt lat="47.02174714011217" lon="9.03084400444555">
      <ele>1721.0</ele></trkpt>
      <trkpt lat="47.02179815641525" lon="9.030824942334233">
      <ele>1719.5</ele></trkpt>
      <trkpt lat="47.021857292695444" lon="9.030721250645136">
      <ele>1718.0</ele></trkpt>
      <trkpt lat="47.021834296477635" lon="9.030716713422695">
      <ele>1716.5</ele></trkpt>
      <trkpt lat="47.02187632630765" lon="9.030606764656818">
      <ele>1715.0</ele></trkpt>
      <trkpt lat="47.021908240015314" lon="9.030537918088386">
      <ele>1713.6</ele></trkpt>
      <trkpt lat="47.02191100556243" lon="9.030502649457553">
      <ele>1712.1</ele></trkpt>
      <trkpt lat="47.02188768329146" lon="9.030521612759186">
      <ele>1710.6</ele></trkpt>
      <trkpt lat="47.02186067952781" lon="9.03052319273303">
      <ele>1709.1</ele></trkpt>
      <trkpt lat="47.02184351243985" lon="9.030544009490558">
      <ele>1707.6</ele></trkpt>
      <trkpt lat="47.021811548063205" lon="9.030554256885303">
      <ele>1706.3</ele></trkpt>
      <trkpt lat="47.02178162753966" lon="9.030553369022813">
      <ele>1705.0</ele></trkpt>
      <trkpt lat="47.021734908681736" lon="9.030531156500098">
      <ele>1703.7</ele></trkpt>
      <trkpt lat="47.021699671107655" lon="9.030503022377978">
      <ele>1702.4</ele></trkpt>
      <trkpt lat="47.0216733039273" lon="9.030452233510552">
      <ele>1701.1</ele></trkpt>
      <trkpt lat="47.02165262045504" lon="9.03040161333566">
      <ele>1699.8</ele></trkpt>
      <trkpt lat="47.021622319069635" lon="9.030325711201476">
      <ele>1698.5</ele></trkpt>
      <trkpt lat="47.02159492650337" lon="9.030245711809295">
      <ele>1697.2</ele></trkpt>
      <trkpt lat="47.02157270635381" lon="9.030203387175947">
      <ele>1695.9</ele></trkpt>
      <trkpt lat="47.02153630770585" lon="9.030156471466809">
      <ele>1694.5</ele></trkpt>
      <trkpt lat="47.02151086108219" lon="9.03014113960204">
      <ele>1693.2</ele></trkpt>
      <trkpt lat="47.0214767355796" lon="9.030135956750065">
      <ele>1691.9</ele></trkpt>
      <trkpt lat="47.02141258271008" lon="9.030138237220037">
      <ele>1690.6</ele></trkpt>
      <trkpt lat="47.02136400942859" lon="9.030147228997969">
      <ele>1689.3</ele></trkpt>
      <trkpt lat="47.021329874932036" lon="9.030142045889367">
      <ele>1688.0</ele></trkpt>
      <trkpt lat="47.021304177363135" lon="9.030145454009334">
      <ele>1686.7</ele></trkpt>
      <trkpt lat="47.02124241311288" lon="9.030181142699963">
      <ele>1685.4</ele></trkpt>
      <trkpt lat="47.02121105163937" lon="9.030182304114145">
      <ele>1684.1</ele></trkpt>
      <trkpt lat="47.02115404142764" lon="9.030182704611608">
      <ele>1682.8</ele></trkpt>
      <trkpt lat="47.02110965328378" lon="9.030198069564364">
      <ele>1681.5</ele></trkpt>
      <trkpt lat="47.02103837775741" lon="9.03020013863602">
      <ele>1679.7</ele></trkpt>
      <trkpt lat="47.02094539163904" lon="9.030199682311958">
      <ele>1677.9</ele></trkpt>
      <trkpt lat="47.020774491042864" lon="9.030262851956092">
      <ele>1676.1</ele></trkpt>
      <trkpt lat="47.02075075439481" lon="9.030212457868156">
      <ele>1674.3</ele></trkpt>
      <trkpt lat="47.02072458516089" lon="9.030114959309698">
      <ele>1672.5</ele></trkpt>
      <trkpt lat="47.0207036216016" lon="9.030085170796948">
      <ele>1670.6</ele></trkpt>
      <trkpt lat="47.02067666738952" lon="9.030076043530276">
      <ele>1668.8</ele></trkpt>
      <trkpt lat="47.020642512876364" lon="9.030072951724632">
      <ele>1667.0</ele></trkpt>
      <trkpt lat="47.02060983711778" lon="9.03006573337721">
      <ele>1665.2</ele></trkpt>
      <trkpt lat="47.020565940195226" lon="9.030045684102749">
      <ele>1663.4</ele></trkpt>
      <trkpt lat="47.02050040077729" lon="9.03001690202382">
      <ele>1661.6</ele></trkpt>
      <trkpt lat="47.020456372535335" lon="9.030004374073293">
      <ele>1659.8</ele></trkpt>
      <trkpt lat="47.0204197440047" lon="9.030003866416259">
      <ele>1658.0</ele></trkpt>
      <trkpt lat="47.02038270054468" lon="9.03001446311797">
      <ele>1656.2</ele></trkpt>
      <trkpt lat="47.02035375682257" lon="9.030035259019444">
      <ele>1654.3</ele></trkpt>
      <trkpt lat="47.020320820957906" lon="9.03004679319294">
      <ele>1652.5</ele></trkpt>
      <trkpt lat="47.020289690580974" lon="9.030031293127994">
      <ele>1650.7</ele></trkpt>
      <trkpt lat="47.02023208817592" lon="9.0299712517103">
      <ele>1648.9</ele></trkpt>
      <trkpt lat="47.020205171945776" lon="9.029960033939828">
      <ele>1647.1</ele></trkpt>
      <trkpt lat="47.020168108748805" lon="9.029961026335195">
      <ele>1645.3</ele></trkpt>
      <trkpt lat="47.020109793228734" lon="9.02995304759518">
      <ele>1644.0</ele></trkpt>
      <trkpt lat="47.020067230398844" lon="9.029939300303779">
      <ele>1642.6</ele></trkpt>
      <trkpt lat="47.02001062470938" lon="9.029910533648007">
      <ele>1641.3</ele></trkpt>
      <trkpt lat="47.01996690101768" lon="9.029877991933663">
      <ele>1639.9</ele></trkpt>
      <trkpt lat="47.01991078064103" lon="9.029868723385112">
      <ele>1638.6</ele></trkpt>
      <trkpt lat="47.019870400213854" lon="9.029896770795862">
      <ele>1637.2</ele></trkpt>
      <trkpt lat="47.01984424324232" lon="9.029929410402168">
      <ele>1635.9</ele></trkpt>
      <trkpt lat="47.019821197574174" lon="9.029943355953295">
      <ele>1634.5</ele></trkpt>
      <trkpt lat="47.0198056401776" lon="9.029932448889788">
      <ele>1633.2</ele></trkpt>
      <trkpt lat="47.019786227257796" lon="9.029890103820403">
      <ele>1631.8</ele></trkpt>
      <trkpt lat="47.0197567068296" lon="9.02985582599808">
      <ele>1630.5</ele></trkpt>
      <trkpt lat="47.01972276098039" lon="9.029831849393704">
      <ele>1629.2</ele></trkpt>
      <trkpt lat="47.01968001294379" lon="9.029824319424863">
      <ele>1627.8</ele></trkpt>
      <trkpt lat="47.019631360384764" lon="9.029831243408848">
      <ele>1626.5</ele></trkpt>
      <trkpt lat="47.0196012900793" lon="9.029836613620466">
      <ele>1625.1</ele></trkpt>
      <trkpt lat="47.01957267851568" lon="9.029839948503904">
      <ele>1623.8</ele></trkpt>
      <trkpt lat="47.0195014635386" lon="9.029825325328604">
      <ele>1622.4</ele></trkpt>
      <trkpt lat="47.01948473663188" lon="9.02979559748595">
      <ele>1621.1</ele></trkpt>
      <trkpt lat="47.01950375310898" lon="9.029762733105848">
      <ele>1619.7</ele></trkpt>
      <trkpt lat="47.019543728105134" lon="9.029763918686537">
      <ele>1618.4</ele></trkpt>
      <trkpt lat="47.019573885396795" lon="9.0297522757899">
      <ele>1616.9</ele></trkpt>
      <trkpt lat="47.01962280089485" lon="9.029719903395206">
      <ele>1615.4</ele></trkpt>
      <trkpt lat="47.01965995071594" lon="9.029712664483894">
      <ele>1613.9</ele></trkpt>
      <trkpt lat="47.01975265184003" lon="9.029707073053075">
      <ele>1612.4</ele></trkpt>
      <trkpt lat="47.01979259489339" lon="9.029704074146572">
      <ele>1610.9</ele></trkpt>
      <trkpt lat="47.01983276881429" lon="9.029684426989228">
      <ele>1609.3</ele></trkpt>
      <trkpt lat="47.019864130291005" lon="9.029683265314658">
      <ele>1607.8</ele></trkpt>
      <trkpt lat="47.01991390242792" lon="9.029690977198207">
      <ele>1606.3</ele></trkpt>
      <trkpt lat="47.019955641705906" lon="9.029660957085975">
      <ele>1604.8</ele></trkpt>
      <trkpt lat="47.01999443833537" lon="9.029622548400354">
      <ele>1603.3</ele></trkpt>
      <trkpt lat="47.02005574641389" lon="9.029547076585512">
      <ele>1601.8</ele></trkpt>
      <trkpt lat="47.02014500856234" lon="9.02951049312718">
      <ele>1600.3</ele></trkpt>
      <trkpt lat="47.020204329416146" lon="9.029517343494163">
      <ele>1598.8</ele></trkpt>
      <trkpt lat="47.020224615805944" lon="9.029483726886896">
      <ele>1597.3</ele></trkpt>
      <trkpt lat="47.02021157495127" lon="9.029454186988632">
      <ele>1595.8</ele></trkpt>
      <trkpt lat="47.02021067793683" lon="9.029407273212575">
      <ele>1594.2</ele></trkpt>
      <trkpt lat="47.020185220702814" lon="9.029359604894772">
      <ele>1592.7</ele></trkpt>
      <trkpt lat="47.02022348779216" lon="9.029349649228832">
      <ele>1591.2</ele></trkpt>
      <trkpt lat="47.0202406024892" lon="9.029318319702874">
      <ele>1589.7</ele></trkpt>
      <trkpt lat="47.02025805765772" lon="9.029318889874334">
      <ele>1588.2</ele></trkpt>
      <trkpt lat="47.020241496308095" lon="9.029257092889942">
      <ele>1586.1</ele></trkpt>
      <trkpt lat="47.02025243924952" lon="9.02921406903171">
      <ele>1584.1</ele></trkpt>
      <trkpt lat="47.02022677411437" lon="9.029177498082735">
      <ele>1582.0</ele></trkpt>
      <trkpt lat="47.020276870834984" lon="9.029170234727133">
      <ele>1580.0</ele></trkpt>
      <trkpt lat="47.02024327927904" lon="9.029078503407339">
      <ele>1577.9</ele></trkpt>
      <trkpt lat="47.02024346997081" lon="9.029010875194025">
      <ele>1575.9</ele></trkpt>
      <trkpt lat="47.02027399418675" lon="9.028985086973611">
      <ele>1573.8</ele></trkpt>
      <trkpt lat="47.02033273438895" lon="9.02898449968943">
      <ele>1571.8</ele></trkpt>
      <trkpt lat="47.02031848516694" lon="9.028927888871234">
      <ele>1569.7</ele></trkpt>
      <trkpt lat="47.02032088187715" lon="9.02887181096747">
      <ele>1567.7</ele></trkpt>
      <trkpt lat="47.02034021154581" lon="9.028852031906979">
      <ele>1565.6</ele></trkpt>
      <trkpt lat="47.02034006147533" lon="9.028752503807857">
      <ele>1563.5</ele></trkpt>
      <trkpt lat="47.020346079066215" lon="9.02872079249723">
      <ele>1561.5</ele></trkpt>
      <trkpt lat="47.02034030519024" lon="9.028681035554312">
      <ele>1559.4</ele></trkpt>
      <trkpt lat="47.02041880434652" lon="9.028466725223796">
      <ele>1557.4</ele></trkpt>
      <trkpt lat="47.02045064609973" lon="9.028350384619124">
      <ele>1555.3</ele></trkpt>
      <trkpt lat="47.02044910317014" lon="9.028292913708622">
      <ele>1553.3</ele></trkpt>
      <trkpt lat="47.02046804361284" lon="9.028299921293312">
      <ele>1551.2</ele></trkpt>
      <trkpt lat="47.020482204655984" lon="9.028253177230276">
      <ele>1549.2</ele></trkpt>
      <trkpt lat="47.02047578958456" lon="9.02820319231589">
      <ele>1547.1</ele></trkpt>
      <trkpt lat="47.0205052481353" lon="9.028196513704133">
      <ele>1545.6</ele></trkpt>
      <trkpt lat="47.02051986495831" lon="9.028174016153164">
      <ele>1544.1</ele></trkpt>
      <trkpt lat="47.020504567403464" lon="9.028133950665072">
      <ele>1542.6</ele></trkpt>
      <trkpt lat="47.02052627979165" lon="9.028114268181124">
      <ele>1541.1</ele></trkpt>
      <trkpt lat="47.02055331996464" lon="9.028110056942985">
      <ele>1539.6</ele></trkpt>
      <trkpt lat="47.02054460147757" lon="9.028054886112551">
      <ele>1538.1</ele></trkpt>
      <trkpt lat="47.0205381771444" lon="9.028004914047816">
      <ele>1536.6</ele></trkpt>
      <trkpt lat="47.02050180835534" lon="9.027996048337142">
      <ele>1535.1</ele></trkpt>
      <trkpt lat="47.02049728063443" lon="9.027979324687884">
      <ele>1533.6</ele></trkpt>
      <trkpt lat="47.02052441368716" lon="9.027913849363875">
      <ele>1532.1</ele></trkpt>
      <trkpt lat="47.02052488220906" lon="9.027881973474315">
      <ele>1530.6</ele></trkpt>
      <trkpt lat="47.0205523467375" lon="9.027848423984615">
      <ele>1529.1</ele></trkpt>
      <trkpt lat="47.02049767365013" lon="9.027787918879593">
      <ele>1527.6</ele></trkpt>
      <trkpt lat="47.02053260525136" lon="9.027731659901823">
      <ele>1526.1</ele></trkpt>
      <trkpt lat="47.02049639985614" lon="9.02765642801725">
      <ele>1524.6</ele></trkpt>
      <trkpt lat="47.02052733021898" lon="9.027602589525593">
      <ele>1523.1</ele></trkpt>
      <trkpt lat="47.02050092183052" lon="9.027508558773627">
      <ele>1521.6</ele></trkpt>
      <trkpt lat="47.02049457202244" lon="9.02739861157215">
      <ele>1520.1</ele></trkpt>
      <trkpt lat="47.02051990485896" lon="9.027293536196284">
      <ele>1518.6</ele></trkpt>
      <trkpt lat="47.02048883594147" lon="9.027191697764431">
      <ele>1517.1</ele></trkpt>
      <trkpt lat="47.020448773887935" lon="9.027053835649644">
      <ele>1516.0</ele></trkpt>
      <trkpt lat="47.02044241127089" lon="9.02700002413477">
      <ele>1515.0</ele></trkpt>
      <trkpt lat="47.02047289054076" lon="9.026976798743588">
      <ele>1513.9</ele></trkpt>
      <trkpt lat="47.02052987169348" lon="9.026988892033945">
      <ele>1512.8</ele></trkpt>
      <trkpt lat="47.020531228504375" lon="9.026949372583097">
      <ele>1511.8</ele></trkpt>
      <trkpt lat="47.020517522145916" lon="9.026909367712786">
      <ele>1510.7</ele></trkpt>
      <trkpt lat="47.02052921513149" lon="9.026814044599243">
      <ele>1509.6</ele></trkpt>
      <trkpt lat="47.02053008473637" lon="9.0266992198369">
      <ele>1508.6</ele></trkpt>
      <trkpt lat="47.02055098274226" lon="9.026625902585529">
      <ele>1507.5</ele></trkpt>
      <trkpt lat="47.020605181238984" lon="9.026554978607642">
      <ele>1506.4</ele></trkpt>
      <trkpt lat="47.02063180631545" lon="9.026580105031229">
      <ele>1505.4</ele></trkpt>
      <trkpt lat="47.02069155540767" lon="9.026619078395033">
      <ele>1504.3</ele></trkpt>
      <trkpt lat="47.02071840114027" lon="9.026628911124712">
      <ele>1503.3</ele></trkpt>
      <trkpt lat="47.02072871230106" lon="9.026684115870317">
      <ele>1502.2</ele></trkpt>
      <trkpt lat="47.020780790880906" lon="9.026759856761121">
      <ele>1501.1</ele></trkpt>
      <trkpt lat="47.02078558863636" lon="9.026812332979198">
      <ele>1500.1</ele></trkpt>
      <trkpt lat="47.0208194861993" lon="9.026827492235306">
      <ele>1499.0</ele></trkpt>
      <trkpt lat="47.0208347045861" lon="9.026872659724221">
      <ele>1497.9</ele></trkpt>
      <trkpt lat="47.02084380378192" lon="9.026902319429677">
      <ele>1496.9</ele></trkpt>
      <trkpt lat="47.020851332861064" lon="9.026875770029932">
      <ele>1495.8</ele></trkpt>
      <trkpt lat="47.02089879019937" lon="9.026886278906359">
      <ele>1494.3</ele></trkpt>
      <trkpt lat="47.020873301409125" lon="9.026838215594164">
      <ele>1492.8</ele></trkpt>
      <trkpt lat="47.020944045065434" lon="9.026830364012174">
      <ele>1491.4</ele></trkpt>
      <trkpt lat="47.02092345493559" lon="9.02677223669384">
      <ele>1489.9</ele></trkpt>
      <trkpt lat="47.0209567504374" lon="9.02671974341552">
      <ele>1488.4</ele></trkpt>
      <trkpt lat="47.02098768559469" lon="9.02672077756317">
      <ele>1487.0</ele></trkpt>
      <trkpt lat="47.02107498707859" lon="9.026721125355913">
      <ele>1485.5</ele></trkpt>
      <trkpt lat="47.02117260688505" lon="9.02666565509849">
      <ele>1484.0</ele></trkpt>
      <trkpt lat="47.02120030597684" lon="9.026671684802228">
      <ele>1482.5</ele></trkpt>
      <trkpt lat="47.021193819266216" lon="9.026625525705684">
      <ele>1481.0</ele></trkpt>
      <trkpt lat="47.02125254722877" lon="9.026681072198649">
      <ele>1479.6</ele></trkpt>
      <trkpt lat="47.02127570111697" lon="9.026671627448643">
      <ele>1478.1</ele></trkpt>
      <trkpt lat="47.0212742586061" lon="9.02661529011836">
      <ele>1476.6</ele></trkpt>
      <trkpt lat="47.02126695968654" lon="9.02657190915756">
      <ele>1475.1</ele></trkpt>
      <trkpt lat="47.02127182526686" lon="9.02653628194715">
      <ele>1473.7</ele></trkpt>
      <trkpt lat="47.021290242573166" lon="9.026535590410436">
      <ele>1472.2</ele></trkpt>
      <trkpt lat="47.02129389437298" lon="9.026524607966595">
      <ele>1470.7</ele></trkpt>
      <trkpt lat="47.02126403434531" lon="9.026484242931483">
      <ele>1469.2</ele></trkpt>
      <trkpt lat="47.02122545134664" lon="9.026457236240262">
      <ele>1467.8</ele></trkpt>
      <trkpt lat="47.021227030504235" lon="9.026438693533354">
      <ele>1466.3</ele></trkpt>
      <trkpt lat="47.02123922559486" lon="9.026413031872206">
      <ele>1465.4</ele></trkpt>
      <trkpt lat="47.021230464119085" lon="9.026383013661768">
      <ele>1464.5</ele></trkpt>
      <trkpt lat="47.02119452427912" lon="9.026324287224215">
      <ele>1463.7</ele></trkpt>
      <trkpt lat="47.02120819566355" lon="9.026287512949034">
      <ele>1462.8</ele></trkpt>
      <trkpt lat="47.0212035529826" lon="9.02624461853319">
      <ele>1461.9</ele></trkpt>
      <trkpt lat="47.02118437231457" lon="9.026186690748773">
      <ele>1461.0</ele></trkpt>
      <trkpt lat="47.0212333810272" lon="9.026251539854119">
      <ele>1460.2</ele></trkpt>
      <trkpt lat="47.02122741458184" lon="9.026209382452663">
      <ele>1459.3</ele></trkpt>
      <trkpt lat="47.021256657453264" lon="9.026228034764976">
      <ele>1458.4</ele></trkpt>
      <trkpt lat="47.02127483825646" lon="9.026275645042336">
      <ele>1457.5</ele></trkpt>
      <trkpt lat="47.02133473183832" lon="9.026271023695323">
      <ele>1456.7</ele></trkpt>
      <trkpt lat="47.02136915803103" lon="9.02621222195581">
      <ele>1455.8</ele></trkpt>
      <trkpt lat="47.02138326453863" lon="9.026199917506394">
      <ele>1454.9</ele></trkpt>
      <trkpt lat="47.02134295145847" lon="9.026152941520717">
      <ele>1454.0</ele></trkpt>
      <trkpt lat="47.02136306866185" lon="9.026121725506096">
      <ele>1453.2</ele></trkpt>
      <trkpt lat="47.021341253190094" lon="9.026099464590049">
      <ele>1452.3</ele></trkpt>
      <trkpt lat="47.02135961009187" lon="9.026075826974699">
      <ele>1451.4</ele></trkpt>
      <trkpt lat="47.02135743640093" lon="9.026055410255863">
      <ele>1450.5</ele></trkpt>
      <trkpt lat="47.021382640129474" lon="9.026070127755249">
      <ele>1449.7</ele></trkpt>
      <trkpt lat="47.02141729037717" lon="9.02611802809606">
      <ele>1448.8</ele></trkpt>
      <trkpt lat="47.021460746394226" lon="9.026177792732252">
      <ele>1445.0</ele></trkpt>
      <trkpt lat="47.02149865608075" lon="9.026224855589195">
      <ele>1441.3</ele></trkpt>
      <trkpt lat="47.02152457085949" lon="9.026215492302631">
      <ele>1437.5</ele></trkpt>
      <trkpt lat="47.021702404511984" lon="9.026055513969737">
      <ele>1433.8</ele></trkpt>
      <trkpt lat="47.021593779938186" lon="9.025922527991584">
      <ele>1430.0</ele></trkpt>
      <trkpt lat="47.021690111034985" lon="9.025872385324464">
      <ele>1426.3</ele></trkpt>
      <trkpt lat="47.021722971598884" lon="9.025826587508226">
      <ele>1422.5</ele></trkpt>
      <trkpt lat="47.02174013246681" lon="9.025790547479737">
      <ele>1418.8</ele></trkpt>
      <trkpt lat="47.0217687824659" lon="9.025784422337813">
      <ele>1415.0</ele></trkpt>
      <trkpt lat="47.02180659522489" lon="9.025804683231431">
      <ele>1411.2</ele></trkpt>
      <trkpt lat="47.02183835821105" lon="9.025831724775166">
      <ele>1407.5</ele></trkpt>
      <trkpt lat="47.02185993960616" lon="9.025820180671813">
      <ele>1403.7</ele></trkpt>
      <trkpt lat="47.02188489885566" lon="9.025822655724475">
      <ele>1400.0</ele></trkpt>
      <trkpt lat="47.021906095314115" lon="9.025838938689352">
      <ele>1396.2</ele></trkpt>
      <trkpt lat="47.021926345339445" lon="9.025837788036757">
      <ele>1392.5</ele></trkpt>
      <trkpt lat="47.0219515932908" lon="9.02581939277163">
      <ele>1388.7</ele></trkpt>
      <trkpt lat="47.02198012286203" lon="9.025821973459093">
      <ele>1385.0</ele></trkpt>
      <trkpt lat="47.02199580792156" lon="9.025806768481802">
      <ele>1381.2</ele></trkpt>
      <trkpt lat="47.02200806709515" lon="9.025781016115545">
      <ele>1377.5</ele></trkpt>
      <trkpt lat="47.02202615038053" lon="9.02576414545034">
      <ele>1373.7</ele></trkpt>
      <trkpt lat="47.02204194630026" lon="9.025772795931909">
      <ele>1373.4</ele></trkpt>
      <trkpt lat="47.02207311668881" lon="9.025843327655508">
      <ele>1373.1</ele></trkpt>
      <trkpt lat="47.022107824348225" lon="9.02591570074383">
      <ele>1372.8</ele></trkpt>
      <trkpt lat="47.02215666879219" lon="9.025998938274677">
      <ele>1372.4</ele></trkpt>
      <trkpt lat="47.022180127993295" lon="9.02602399778012">
      <ele>1372.1</ele></trkpt>
      <trkpt lat="47.022216937279666" lon="9.026030296833387">
      <ele>1371.8</ele></trkpt>
      <trkpt lat="47.022295539054376" lon="9.025994850990651">
      <ele>1371.5</ele></trkpt>
      <trkpt lat="47.022335131732554" lon="9.02597164391612">
      <ele>1371.2</ele></trkpt>
      <trkpt lat="47.022364094478135" lon="9.025942912394054">
      <ele>1370.9</ele></trkpt>
      <trkpt lat="47.022398953728434" lon="9.025917828568327">
      <ele>1370.6</ele></trkpt>
      <trkpt lat="47.02243595549802" lon="9.025910213896163">
      <ele>1370.2</ele></trkpt>
      <trkpt lat="47.022476384785655" lon="9.025941643324627">
      <ele>1369.9</ele></trkpt>
      <trkpt lat="47.02252629363098" lon="9.025947290601762">
      <ele>1369.6</ele></trkpt>
      <trkpt lat="47.022518222896764" lon="9.025911556029488">
      <ele>1369.3</ele></trkpt>
      <trkpt lat="47.02252494455527" lon="9.025838645188246">
      <ele>1369.0</ele></trkpt>
      <trkpt lat="47.02259243346092" lon="9.025915830461669">
      <ele>1368.7</ele></trkpt>
      <trkpt lat="47.02261300878937" lon="9.025977011082235">
      <ele>1368.3</ele></trkpt>
      <trkpt lat="47.022651207285875" lon="9.026003204207287">
      <ele>1368.0</ele></trkpt>
      <trkpt lat="47.022681421851026" lon="9.025987389656684">
      <ele>1367.7</ele></trkpt>
      <trkpt lat="47.02272191664454" lon="9.025951000098834">
      <ele>1367.4</ele></trkpt>
      <trkpt lat="47.02276112613026" lon="9.025904113128977">
      <ele>1365.8</ele></trkpt>
      <trkpt lat="47.022776158210924" lon="9.025850261470756">
      <ele>1364.2</ele></trkpt>
      <trkpt lat="47.02282093393072" lon="9.025813985245957">
      <ele>1362.6</ele></trkpt>
      <trkpt lat="47.02287522716121" lon="9.02578170064993">
      <ele>1361.0</ele></trkpt>
      <trkpt lat="47.02287751496309" lon="9.025735984011215">
      <ele>1359.4</ele></trkpt>
      <trkpt lat="47.022912586939874" lon="9.025703972669985">
      <ele>1357.7</ele></trkpt>
      <trkpt lat="47.02292819942682" lon="9.025648480266714">
      <ele>1356.1</ele></trkpt>
      <trkpt lat="47.02295723396409" lon="9.025635367065625">
      <ele>1354.5</ele></trkpt>
      <trkpt lat="47.02294875799448" lon="9.025593147303754">
      <ele>1352.9</ele></trkpt>
      <trkpt lat="47.022993493534265" lon="9.025576683164243">
      <ele>1351.3</ele></trkpt>
      <trkpt lat="47.022989136453276" lon="9.02553458522463">
      <ele>1349.7</ele></trkpt>
      <trkpt lat="47.02302148896197" lon="9.025520307076336">
      <ele>1348.1</ele></trkpt>
      <trkpt lat="47.02301963129597" lon="9.025475730701483">
      <ele>1346.5</ele></trkpt>
      <trkpt lat="47.02306769379561" lon="9.025458101832747">
      <ele>1344.9</ele></trkpt>
      <trkpt lat="47.023080067192026" lon="9.025398711175272">
      <ele>1343.2</ele></trkpt>
      <trkpt lat="47.02311918778394" lon="9.025371897643488">
      <ele>1341.6</ele></trkpt>
      <trkpt lat="47.023168745799005" lon="9.02530597595707">
      <ele>1340.0</ele></trkpt>
      <trkpt lat="47.02321246941482" lon="9.025303480093676">
      <ele>1338.4</ele></trkpt>
      <trkpt lat="47.02321479212326" lon="9.025255224981427">
      <ele>1336.8</ele></trkpt>
      <trkpt lat="47.023239681599875" lon="9.025244528110422">
      <ele>1335.2</ele></trkpt>
      <trkpt lat="47.023229594469846" lon="9.025198445157526">
      <ele>1334.0</ele></trkpt>
      <trkpt lat="47.02321160499874" lon="9.025187716837832">
      <ele>1332.8</ele></trkpt>
      <trkpt lat="47.023184321567584" lon="9.025193264524086">
      <ele>1331.6</ele></trkpt>
      <trkpt lat="47.023134260925914" lon="9.025177772347755">
      <ele>1330.4</ele></trkpt>
      <trkpt lat="47.023134770624104" lon="9.025140909819166">
      <ele>1329.2</ele></trkpt>
      <trkpt lat="47.02316209761069" lon="9.02513156117606">
      <ele>1327.9</ele></trkpt>
      <trkpt lat="47.02316940163025" lon="9.025080914213172">
      <ele>1326.7</ele></trkpt>
      <trkpt lat="47.02324252036019" lon="9.02503987057652">
      <ele>1325.5</ele></trkpt>
      <trkpt lat="47.023233041151954" lon="9.02501033020274">
      <ele>1324.3</ele></trkpt>
      <trkpt lat="47.023197643184496" lon="9.025006717921768">
      <ele>1323.1</ele></trkpt>
      <trkpt lat="47.023192106876444" lon="9.024990029655116">
      <ele>1321.9</ele></trkpt>
      <trkpt lat="47.023244367035474" lon="9.024966169833249">
      <ele>1320.7</ele></trkpt>
      <trkpt lat="47.023247455444256" lon="9.024921739552866">
      <ele>1319.5</ele></trkpt>
      <trkpt lat="47.02322542602734" lon="9.024905826612521">
      <ele>1318.3</ele></trkpt>
      <trkpt lat="47.0231791146493" lon="9.024915890200468">
      <ele>1317.0</ele></trkpt>
      <trkpt lat="47.023180408093395" lon="9.024882853040118">
      <ele>1315.8</ele></trkpt>
      <trkpt lat="47.0232030790161" lon="9.02485301349109">
      <ele>1314.6</ele></trkpt>
      <trkpt lat="47.02319637160301" lon="9.024801939016388">
      <ele>1313.4</ele></trkpt>
      <trkpt lat="47.02323037842595" lon="9.024786433106572">
      <ele>1312.2</ele></trkpt>
      <trkpt lat="47.02323114313831" lon="9.024731764153126">
      <ele>1311.0</ele></trkpt>
      <trkpt lat="47.02320886773251" lon="9.02473364475843">
      <ele>1308.0</ele></trkpt>
      <trkpt lat="47.02319671288358" lon="9.024718023857874">
      <ele>1305.1</ele></trkpt>
      <trkpt lat="47.02321146242894" lon="9.024665044578366">
      <ele>1302.2</ele></trkpt>
      <trkpt lat="47.02320931301376" lon="9.024582318788402">
      <ele>1299.2</ele></trkpt>
      <trkpt lat="47.02325708557834" lon="9.024230215857365">
      <ele>1296.2</ele></trkpt>
      <trkpt lat="47.02322968674463" lon="9.024184871296367">
      <ele>1293.3</ele></trkpt>
      <trkpt lat="47.02323808967393" lon="9.024113916686037">
      <ele>1290.3</ele></trkpt>
      <trkpt lat="47.023223267129055" lon="9.02405369550219">
      <ele>1287.4</ele></trkpt>
      <trkpt lat="47.02328265491647" lon="9.023991904685179">
      <ele>1284.5</ele></trkpt>
      <trkpt lat="47.02327046353134" lon="9.023920315081618">
      <ele>1281.5</ele></trkpt>
      <trkpt lat="47.023301716002734" lon="9.023925080326768">
      <ele>1278.5</ele></trkpt>
      <trkpt lat="47.02335915819992" lon="9.023826327729576">
      <ele>1275.6</ele></trkpt>
      <trkpt lat="47.023412342423185" lon="9.023796126246255">
      <ele>1272.7</ele></trkpt>
      <trkpt lat="47.02332893603984" lon="9.023568527345642">
      <ele>1269.7</ele></trkpt>
      <trkpt lat="47.023373332045395" lon="9.023399448799939">
      <ele>1266.8</ele></trkpt>
      <trkpt lat="47.02343850008121" lon="9.02327804450914">
      <ele>1263.8</ele></trkpt>
      <trkpt lat="47.02348945901414" lon="9.023289746124961">
      <ele>1260.8</ele></trkpt>
      <trkpt lat="47.023529340579906" lon="9.023232548518033">
      <ele>1257.9</ele></trkpt>
      <trkpt lat="47.02356989224609" lon="9.023191974218712">
      <ele>1255.0</ele></trkpt>
      <trkpt lat="47.02352493711762" lon="9.023137717492483">
      <ele>1252.0</ele></trkpt>
      <trkpt lat="47.02348766689582" lon="9.023078135769396">
      <ele>1248.9</ele></trkpt>
      <trkpt lat="47.023484737591346" lon="9.02301401629979">
      <ele>1245.8</ele></trkpt>
      <trkpt lat="47.02352883338639" lon="9.022993031414972">
      <ele>1242.8</ele></trkpt>
      <trkpt lat="47.02356884673679" lon="9.02299143712758">
      <ele>1239.7</ele></trkpt>
      <trkpt lat="47.02353142281801" lon="9.022942981375193">
      <ele>1236.6</ele></trkpt>
      <trkpt lat="47.02349367095134" lon="9.022919579245944">
      <ele>1233.5</ele></trkpt>
      <trkpt lat="47.02347916650538" lon="9.022866248395328">
      <ele>1230.4</ele></trkpt>
      <trkpt lat="47.02349524649406" lon="9.022805466334445">
      <ele>1227.4</ele></trkpt>
      <trkpt lat="47.0235664414622" lon="9.022751863816513">
      <ele>1224.3</ele></trkpt>
      <trkpt lat="47.02363345670561" lon="9.022726003393648">
      <ele>1221.2</ele></trkpt>
      <trkpt lat="47.02371032404607" lon="9.022675344171063">
      <ele>1218.1</ele></trkpt>
      <trkpt lat="47.02371873934228" lon="9.022617111524006">
      <ele>1215.0</ele></trkpt>
      <trkpt lat="47.02377433311426" lon="9.022590913623885">
      <ele>1212.0</ele></trkpt>
      <trkpt lat="47.02380037993477" lon="9.022497007583908">
      <ele>1208.9</ele></trkpt>
      <trkpt lat="47.02388502702857" lon="9.022435447040008">
      <ele>1205.8</ele></trkpt>
      <trkpt lat="47.02398492898356" lon="9.022371560606699">
      <ele>1202.7</ele></trkpt>
      <trkpt lat="47.02405780878178" lon="9.022334715767137">
      <ele>1199.6</ele></trkpt>
      <trkpt lat="47.02414000221987" lon="9.022312078736565">
      <ele>1196.6</ele></trkpt>
      <trkpt lat="47.02427554599045" lon="9.022288240525855">
      <ele>1193.5</ele></trkpt>
      <trkpt lat="47.024390830725636" lon="9.02229619611118">
      <ele>1190.4</ele></trkpt>
      <trkpt lat="47.02473420451026" lon="9.022224036875153">
      <ele>1186.2</ele></trkpt>
      <trkpt lat="47.02483135121956" lon="9.022179855656596">
      <ele>1182.0</ele></trkpt>
      <trkpt lat="47.02486404854048" lon="9.022143165842984">
      <ele>1177.9</ele></trkpt>
      <trkpt lat="47.02493542956433" lon="9.022144509821892">
      <ele>1173.7</ele></trkpt>
      <trkpt lat="47.02496603716273" lon="9.022151676013156">
      <ele>1169.5</ele></trkpt>
      <trkpt lat="47.0249959684959" lon="9.022155690902363">
      <ele>1165.3</ele></trkpt>
      <trkpt lat="47.02503636132721" lon="9.022126596002401">
      <ele>1161.1</ele></trkpt>
      <trkpt lat="47.02505835068706" lon="9.02208545866225">
      <ele>1157.0</ele></trkpt>
      <trkpt lat="47.025100017949406" lon="9.022035073881767">
      <ele>1152.8</ele></trkpt>
      <trkpt lat="47.02508356672827" lon="9.021912847098285">
      <ele>1148.6</ele></trkpt>
      <trkpt lat="47.02506458292687" lon="9.02183918685142">
      <ele>1144.4</ele></trkpt>
      <trkpt lat="47.025048315043264" lon="9.02177604025831">
      <ele>1140.2</ele></trkpt>
      <trkpt lat="47.02504043578963" lon="9.021725679815644">
      <ele>1136.1</ele></trkpt>
      <trkpt lat="47.02505371018323" lon="9.021694744894548">
      <ele>1131.9</ele></trkpt>
      <trkpt lat="47.0251209629121" lon="9.02162556360623">
      <ele>1127.7</ele></trkpt>
      <trkpt lat="47.02536436987211" lon="9.021422418412662">
      <ele>1123.5</ele></trkpt>
      <trkpt lat="47.02548806151756" lon="9.021386399532894">
      <ele>1119.3</ele></trkpt>
      <trkpt lat="47.025574196102916" lon="9.021280868830049">
      <ele>1115.2</ele></trkpt>
      <trkpt lat="47.0256347410955" lon="9.021217251267112">
      <ele>1111.0</ele></trkpt>
      <trkpt lat="47.02572157063195" lon="9.021202879719857">
      <ele>1106.8</ele></trkpt>
      <trkpt lat="47.02584965172164" lon="9.021127136646347">
      <ele>1104.4</ele></trkpt>
      <trkpt lat="47.02595656335217" lon="9.021050716107062">
      <ele>1102.1</ele></trkpt>
      <trkpt lat="47.026065526001354" lon="9.020965829911285">
      <ele>1099.7</ele></trkpt>
      <trkpt lat="47.02616120180491" lon="9.021008702633129">
      <ele>1097.4</ele></trkpt>
      <trkpt lat="47.026337709524825" lon="9.020911690662757">
      <ele>1095.0</ele></trkpt>
      <trkpt lat="47.026568399587326" lon="9.020793579806746">
      <ele>1092.7</ele></trkpt>
      <trkpt lat="47.026717423414816" lon="9.020735583088522">
      <ele>1090.3</ele></trkpt>
      <trkpt lat="47.02681602658949" lon="9.020704479455377">
      <ele>1088.0</ele></trkpt>
      <trkpt lat="47.02693059898507" lon="9.020715160889674">
      <ele>1085.6</ele></trkpt>
      <trkpt lat="47.02701619086442" lon="9.020719422048959">
      <ele>1083.2</ele></trkpt>
      <trkpt lat="47.027100865416806" lon="9.02070277531904">
      <ele>1080.9</ele></trkpt>
      <trkpt lat="47.02732026166515" lon="9.020665760510834">
      <ele>1078.5</ele></trkpt>
      <trkpt lat="47.02760739796817" lon="9.020632493139535">
      <ele>1076.2</ele></trkpt>
      <trkpt lat="47.02787075643781" lon="9.02059849785115">
      <ele>1073.8</ele></trkpt>
      <trkpt lat="47.02797344129533" lon="9.020570210986559">
      <ele>1071.5</ele></trkpt>
      <trkpt lat="47.02832549225554" lon="9.020487522169814">
      <ele>1069.1</ele></trkpt>
      <trkpt lat="47.02867754313194" lon="9.02040483226436">
      <ele>1066.8</ele></trkpt>
      <trkpt lat="47.02903695954879" lon="9.020331812416847">
      <ele>1064.4</ele></trkpt>
      <trkpt lat="47.02926103877342" lon="9.020286288053986">
      <ele>1062.1</ele></trkpt>
      <trkpt lat="47.0294851179702" lon="9.020240763309461">
      <ele>1059.7</ele></trkpt>
      <trkpt lat="47.029572313251826" lon="9.020215505074711">
      <ele>1059.3</ele></trkpt>
      <trkpt lat="47.029634549555794" lon="9.020187747667366">
      <ele>1059.0</ele></trkpt>
      <trkpt lat="47.029673103214904" lon="9.020152357630511">
      <ele>1058.6</ele></trkpt>
      <trkpt lat="47.02972589623781" lon="9.020119124235572">
      <ele>1058.2</ele></trkpt>
      <trkpt lat="47.02979269799421" lon="9.02010543566086">
      <ele>1057.9</ele></trkpt>
      <trkpt lat="47.029835458031926" lon="9.020110170109383">
      <ele>1057.5</ele></trkpt>
      <trkpt lat="47.02991383728065" lon="9.020119441649499">
      <ele>1057.1</ele></trkpt>
      <trkpt lat="47.02999276569262" lon="9.02017569081603">
      <ele>1056.8</ele></trkpt>
      <trkpt lat="47.030347475762206" lon="9.020374608160752">
      <ele>1056.4</ele></trkpt>
      <trkpt lat="47.03070218546263" lon="9.020573528135658">
      <ele>1056.1</ele></trkpt>
      <trkpt lat="47.03093324379251" lon="9.02070276817961">
      <ele>1055.7</ele></trkpt>
      <trkpt lat="47.031017451253746" lon="9.020743490186732">
      <ele>1055.3</ele></trkpt>
      <trkpt lat="47.03104591484872" lon="9.020749553632081">
      <ele>1055.0</ele></trkpt>
      <trkpt lat="47.03109687658245" lon="9.020729740169806">
      <ele>1054.6</ele></trkpt>
      <trkpt lat="47.031077537816884" lon="9.020668062104125">
      <ele>1054.2</ele></trkpt>
      <trkpt lat="47.031060718724234" lon="9.020569141159651">
      <ele>1053.9</ele></trkpt>
      <trkpt lat="47.03104293956807" lon="9.020399531355842">
      <ele>1053.5</ele></trkpt>
      <trkpt lat="47.03104293956807" lon="9.020399531355842">
      <ele>1053.1</ele></trkpt>
      <trkpt lat="47.031011848161455" lon="9.020103024362667">
      <ele>1052.8</ele></trkpt>
      <trkpt lat="47.03097809414638" lon="9.019742107916262">
      <ele>1052.4</ele></trkpt>
      <trkpt lat="47.03094433899572" lon="9.019381191925586">
      <ele>1052.2</ele></trkpt>
      <trkpt lat="47.030904008939885" lon="9.018885801626594">
      <ele>1052.1</ele></trkpt>
      <trkpt lat="47.03087481990941" lon="9.018527291064366">
      <ele>1051.9</ele></trkpt>
      <trkpt lat="47.03084562975851" lon="9.018168780893767">
      <ele>1051.7</ele></trkpt>
      <trkpt lat="47.03081946882706" lon="9.017981675297186">
      <ele>1051.5</ele></trkpt>
      <trkpt lat="47.03079630105654" lon="9.017668561731831">
      <ele>1051.4</ele></trkpt>
      <trkpt lat="47.03077949388741" lon="9.017527391293292">
      <ele>1051.2</ele></trkpt>
      <trkpt lat="47.03074916368343" lon="9.017371217191151">
      <ele>1051.0</ele></trkpt>
      <trkpt lat="47.030704858602995" lon="9.017232882564192">
      <ele>1050.8</ele></trkpt>
      <trkpt lat="47.03063965397873" lon="9.017068353432345">
      <ele>1050.7</ele></trkpt>
      <trkpt lat="47.030552520063225" lon="9.016864836268546">
      <ele>1050.5</ele></trkpt>
      <trkpt lat="47.03047191427257" lon="9.016730908427142">
      <ele>1050.3</ele></trkpt>
      <trkpt lat="47.030342398163135" lon="9.016520645582311">
      <ele>1050.1</ele></trkpt>
      <trkpt lat="47.03024093500718" lon="9.016358736259242">
      <ele>1050.0</ele></trkpt>
      <trkpt lat="47.03003157553292" lon="9.016049296346699">
      <ele>1049.8</ele></trkpt>
      <trkpt lat="47.02995005401743" lon="9.015891593734239">
      <ele>1049.6</ele></trkpt>
      <trkpt lat="47.02986778382132" lon="9.015697355880146">
      <ele>1049.4</ele></trkpt>
      <trkpt lat="47.02983552364398" lon="9.015590445318">
      <ele>1049.2</ele></trkpt>
      <trkpt lat="47.0298035897637" lon="9.015459780989078">
      <ele>1049.1</ele></trkpt>
      <trkpt lat="47.02978765333134" lon="9.015346060961814">
      <ele>1048.9</ele></trkpt>
      <trkpt lat="47.02978201431921" lon="9.015302039348033">
      <ele>1048.6</ele></trkpt>
      <trkpt lat="47.0297672542061" lon="9.015012956935545">
      <ele>1048.2</ele></trkpt>
      <trkpt lat="47.02975755751971" lon="9.014672858346835">
      <ele>1047.9</ele></trkpt>
      <trkpt lat="47.02974785982512" lon="9.014332759882228">
      <ele>1047.5</ele></trkpt>
      <trkpt lat="47.02974559821956" lon="9.014224889456042">
      <ele>1047.2</ele></trkpt>
      <trkpt lat="47.029740660684965" lon="9.014129743237072">
      <ele>1046.9</ele></trkpt>
      <trkpt lat="47.029732765813065" lon="9.013913153427314">
      <ele>1046.5</ele></trkpt>
      <trkpt lat="47.02973124457561" lon="9.01388764791421">
      <ele>1046.2</ele></trkpt>
      <trkpt lat="47.02979589556852" lon="9.013837230046713">
      <ele>1045.8</ele></trkpt>
      <trkpt lat="47.02983035428351" lon="9.013783438571993">
      <ele>1045.5</ele></trkpt>
      <trkpt lat="47.02995555811499" lon="9.013580664490426">
      <ele>1045.2</ele></trkpt>
      <trkpt lat="47.03003432543486" lon="9.013484330740202">
      <ele>1044.8</ele></trkpt>
      <trkpt lat="47.03012826006867" lon="9.013375639112176">
      <ele>1044.5</ele></trkpt>
      <trkpt lat="47.03017781188533" lon="9.013324066452862">
      <ele>1044.1</ele></trkpt>
      <trkpt lat="47.03023702269941" lon="9.013259645387585">
      <ele>1043.8</ele></trkpt>
      <trkpt lat="47.03030959573039" lon="9.01317476068473">
      <ele>1043.5</ele></trkpt>
      <trkpt lat="47.03045831318145" lon="9.012980739533827">
      <ele>1043.1</ele></trkpt>
      <trkpt lat="47.03042638035845" lon="9.012944222447839">
      <ele>1042.8</ele></trkpt>
      <trkpt lat="47.030400736439326" lon="9.012922127171153">
      <ele>1042.4</ele></trkpt>
      <trkpt lat="47.030363686865705" lon="9.012904447282233">
      <ele>1042.1</ele></trkpt>
      <trkpt lat="47.03025866744768" lon="9.012896483362134">
      <ele>1041.2</ele></trkpt>
      <trkpt lat="47.03017683041423" lon="9.012874936402262">
      <ele>1040.4</ele></trkpt>
      <trkpt lat="47.03012955736083" lon="9.01285091698795">
      <ele>1039.5</ele></trkpt>
      <trkpt lat="47.030087161183765" lon="9.012818330052793">
      <ele>1038.7</ele></trkpt>
      <trkpt lat="47.03005552926215" lon="9.01278086160469">
      <ele>1037.8</ele></trkpt>
      <trkpt lat="47.030024297433215" lon="9.012715536036557">
      <ele>1036.9</ele></trkpt>
      <trkpt lat="47.03000350506748" lon="9.012669661946507">
      <ele>1036.1</ele></trkpt>
      <trkpt lat="47.02999802887617" lon="9.012634684872259">
      <ele>1035.2</ele></trkpt>
      <trkpt lat="47.03000997183199" lon="9.012544520622146">
      <ele>1034.4</ele></trkpt>
      <trkpt lat="47.030021551009064" lon="9.012482188246596">
      <ele>1033.5</ele></trkpt>
      <trkpt lat="47.03004509651077" lon="9.01241325944611">
      <ele>1032.6</ele></trkpt>
      <trkpt lat="47.03005428322583" lon="9.012350869969831">
      <ele>1031.8</ele></trkpt>
      <trkpt lat="47.03005091890394" lon="9.012249795785841">
      <ele>1030.9</ele></trkpt>
      <trkpt lat="47.03004353640339" lon="9.012179959559203">
      <ele>1030.1</ele></trkpt>
      <trkpt lat="47.030033264003265" lon="9.012148315561772">
      <ele>1029.2</ele></trkpt>
      <trkpt lat="47.03001540628739" lon="9.01213183090784">
      <ele>1028.3</ele></trkpt>
      <trkpt lat="47.030042033235006" lon="9.012012030936841">
      <ele>1027.5</ele></trkpt>
      <trkpt lat="47.03006793579573" lon="9.011853840493382">
      <ele>1026.6</ele></trkpt>
      <trkpt lat="47.03010174235361" lon="9.011716947881165">
      <ele>1025.8</ele></trkpt>
      <trkpt lat="47.030082267834786" lon="9.011698297476777">
      <ele>1024.9</ele></trkpt>
      <trkpt lat="47.03011491295824" lon="9.011573923544784">
      <ele>1022.8</ele></trkpt>
      <trkpt lat="47.03018442071581" lon="9.0113653391695">
      <ele>1020.7</ele></trkpt>
      <trkpt lat="47.03019253008134" lon="9.011294207079816">
      <ele>1018.6</ele></trkpt>
      <trkpt lat="47.03019212889704" lon="9.01120990414693">
      <ele>1016.4</ele></trkpt>
      <trkpt lat="47.030189417479" lon="9.011124796633592">
      <ele>1014.3</ele></trkpt>
      <trkpt lat="47.030155597106514" lon="9.010905564085208">
      <ele>1012.2</ele></trkpt>
      <trkpt lat="47.03012297255762" lon="9.010740209985052">
      <ele>1010.1</ele></trkpt>
      <trkpt lat="47.03009162199846" lon="9.01063421029061">
      <ele>1008.0</ele></trkpt>
      <trkpt lat="47.03009469635512" lon="9.010583825789988">
      <ele>1005.9</ele></trkpt>
      <trkpt lat="47.030096693671396" lon="9.010524712195382">
      <ele>1003.8</ele></trkpt>
      <trkpt lat="47.03009843360596" lon="9.010397681926747">
      <ele>1001.6</ele></trkpt>
      <trkpt lat="47.0301099264206" lon="9.010253542357313">
      <ele>999.5</ele></trkpt>
      <trkpt lat="47.0301151023661" lon="9.010137060283997">
      <ele>997.4</ele></trkpt>
      <trkpt lat="47.03012360125172" lon="9.010038083755612">
      <ele>995.3</ele></trkpt>
      <trkpt lat="47.03013561366445" lon="9.009942697030318">
      <ele>993.2</ele></trkpt>
      <trkpt lat="47.03015291232429" lon="9.009896216037726">
      <ele>991.1</ele></trkpt>
      <trkpt lat="47.03020276408879" lon="9.009819332677374">
      <ele>988.9</ele></trkpt>
      <trkpt lat="47.03025991403641" lon="9.00973049163253">
      <ele>986.8</ele></trkpt>
      <trkpt lat="47.030327760133076" lon="9.009643700553323">
      <ele>984.7</ele></trkpt>
      <trkpt lat="47.03040559036311" lon="9.00954130654664">
      <ele>982.6</ele></trkpt>
      <trkpt lat="47.03043483485718" lon="9.009491674952212">
      <ele>981.5</ele></trkpt>
      <trkpt lat="47.03045080344982" lon="9.009455589075404">
      <ele>980.5</ele></trkpt>
      <trkpt lat="47.03045606103741" lon="9.009419189513626">
      <ele>979.4</ele></trkpt>
      <trkpt lat="47.03044734693963" lon="9.009359748673262">
      <ele>978.3</ele></trkpt>
      <trkpt lat="47.03042912691627" lon="9.009300029500496">
      <ele>977.3</ele></trkpt>
      <trkpt lat="47.03038567105243" lon="9.009169938247377">
      <ele>976.2</ele></trkpt>
      <trkpt lat="47.03036556756499" lon="9.009073623759283">
      <ele>975.1</ele></trkpt>
      <trkpt lat="47.030337981185944" lon="9.009001446082387">
      <ele>974.1</ele></trkpt>
      <trkpt lat="47.0303225833039" lon="9.008955731136048">
      <ele>973.0</ele></trkpt>
      <trkpt lat="47.03029659343699" lon="9.008871415844592">
      <ele>972.0</ele></trkpt>
      <trkpt lat="47.030269439735136" lon="9.008768263543653">
      <ele>970.9</ele></trkpt>
      <trkpt lat="47.03029556054557" lon="9.008689144864574">
      <ele>969.8</ele></trkpt>
      <trkpt lat="47.030340729975045" lon="9.008609202036157">
      <ele>968.8</ele></trkpt>
      <trkpt lat="47.030396149057914" lon="9.00847911051817">
      <ele>967.7</ele></trkpt>
      <trkpt lat="47.03047372103337" lon="9.00827120456738">
      <ele>966.6</ele></trkpt>
      <trkpt lat="47.030505596321156" lon="9.008182450860554">
      <ele>965.6</ele></trkpt>
      <trkpt lat="47.03055153150927" lon="9.008046488777897">
      <ele>964.5</ele></trkpt>
      <trkpt lat="47.03059550402276" lon="9.007913245436884">
      <ele>963.4</ele></trkpt>
      <trkpt lat="47.03061619172637" lon="9.00780176869144">
      <ele>962.4</ele></trkpt>
      <trkpt lat="47.03064534664339" lon="9.00777179179384">
      <ele>961.3</ele></trkpt>
      <trkpt lat="47.03068165684359" lon="9.007778459420855">
      <ele>960.4</ele></trkpt>
      <trkpt lat="47.03076318370145" lon="9.007842490969121">
      <ele>959.5</ele></trkpt>
      <trkpt lat="47.03086905839431" lon="9.007946486290562">
      <ele>958.6</ele></trkpt>
      <trkpt lat="47.03095222353743" lon="9.008030185331576">
      <ele>957.6</ele></trkpt>
      <trkpt lat="47.031025887406486" lon="9.008108001166429">
      <ele>956.7</ele></trkpt>
      <trkpt lat="47.031112921703865" lon="9.008189024348788">
      <ele>955.8</ele></trkpt>
      <trkpt lat="47.031192255529305" lon="9.008272612035118">
      <ele>954.9</ele></trkpt>
      <trkpt lat="47.03126618729878" lon="9.008330830360702">
      <ele>954.0</ele></trkpt>
      <trkpt lat="47.03133647969184" lon="9.008374915452654">
      <ele>953.1</ele></trkpt>
      <trkpt lat="47.03138042279638" lon="9.008384609702656">
      <ele>952.1</ele></trkpt>
      <trkpt lat="47.03145515928808" lon="9.00838399414949">
      <ele>951.2</ele></trkpt>
      <trkpt lat="47.03150725385673" lon="9.008357491176255">
      <ele>950.3</ele></trkpt>
      <trkpt lat="47.03154078204265" lon="9.008362327813794">
      <ele>949.4</ele></trkpt>
      <trkpt lat="47.03157213853014" lon="9.00836741670593">
      <ele>948.5</ele></trkpt>
      <trkpt lat="47.03158744025364" lon="9.008362298472097">
      <ele>947.6</ele></trkpt>
      <trkpt lat="47.03160021494948" lon="9.008333420990523">
      <ele>946.7</ele></trkpt>
      <trkpt lat="47.0316041510127" lon="9.008254164130395">
      <ele>945.7</ele></trkpt>
      <trkpt lat="47.03159626583269" lon="9.008203799524253">
      <ele>944.8</ele></trkpt>
      <trkpt lat="47.03156938898982" lon="9.008150089615116">
      <ele>943.9</ele></trkpt>
      <trkpt lat="47.03154778435635" lon="9.008085191415287">
      <ele>943.0</ele></trkpt>
      <trkpt lat="47.03150737076176" lon="9.00804569144848">
      <ele>941.5</ele></trkpt>
      <trkpt lat="47.03157183531115" lon="9.00803962990396">
      <ele>940.1</ele></trkpt>
      <trkpt lat="47.031595559935575" lon="9.008045561145531">
      <ele>938.6</ele></trkpt>
      <trkpt lat="47.03165485134903" lon="9.00806120451033">
      <ele>937.2</ele></trkpt>
      <trkpt lat="47.031712931542835" lon="9.008078575711535">
      <ele>935.7</ele></trkpt>
      <trkpt lat="47.03176746532634" lon="9.008094093096368">
      <ele>934.2</ele></trkpt>
      <trkpt lat="47.03181819977978" lon="9.008126908101213">
      <ele>932.8</ele></trkpt>
      <trkpt lat="47.031887868657165" lon="9.008167251257625">
      <ele>931.3</ele></trkpt>
      <trkpt lat="47.03196824869311" lon="9.00820789479534">
      <ele>929.9</ele></trkpt>
      <trkpt lat="47.03203742239788" lon="9.008237736274424">
      <ele>928.4</ele></trkpt>
      <trkpt lat="47.03209719162168" lon="9.00827501357094">
      <ele>926.9</ele></trkpt>
      <trkpt lat="47.032199211010344" lon="9.008380636456748">
      <ele>925.5</ele></trkpt>
      <trkpt lat="47.03230358641641" lon="9.008511330172702">
      <ele>924.0</ele></trkpt>
      <trkpt lat="47.03238551485263" lon="9.008572942179999">
      <ele>922.6</ele></trkpt>
      <trkpt lat="47.03242114744666" lon="9.008578498561453">
      <ele>921.1</ele></trkpt>
      <trkpt lat="47.0324498761393" lon="9.008605341039539">
      <ele>919.6</ele></trkpt>
      <trkpt lat="47.03254783209892" lon="9.008648237080122">
      <ele>918.2</ele></trkpt>
      <trkpt lat="47.03263850786994" lon="9.008622863112738">
      <ele>916.7</ele></trkpt>
      <trkpt lat="47.03278156602342" lon="9.008570994085495">
      <ele>915.3</ele></trkpt>
      <trkpt lat="47.03289159826297" lon="9.00853018530966">
      <ele>913.8</ele></trkpt>
      <trkpt lat="47.03298589265354" lon="9.008440872838264">
      <ele>912.2</ele></trkpt>
      <trkpt lat="47.03309151517965" lon="9.008323850047384">
      <ele>910.6</ele></trkpt>
      <trkpt lat="47.03317682352727" lon="9.00829030443969">
      <ele>909.0</ele></trkpt>
      <trkpt lat="47.03329666904249" lon="9.008333854249083">
      <ele>907.4</ele></trkpt>
      <trkpt lat="47.03339013337799" lon="9.008304560687911">
      <ele>905.8</ele></trkpt>
      <trkpt lat="47.03352459731318" lon="9.0082804671847">
      <ele>904.1</ele></trkpt>
      <trkpt lat="47.03358813332618" lon="9.008293616951832">
      <ele>902.5</ele></trkpt>
      <trkpt lat="47.033633400335624" lon="9.008325575825989">
      <ele>900.9</ele></trkpt>
      <trkpt lat="47.03366728383898" lon="9.008354425053518">
      <ele>899.3</ele></trkpt>
      <trkpt lat="47.03369393990422" lon="9.00835520517247">
      <ele>897.7</ele></trkpt>
      <trkpt lat="47.0337131220586" lon="9.008344620874986">
      <ele>896.1</ele></trkpt>
      <trkpt lat="47.03371175754992" lon="9.008305590784609">
      <ele>894.5</ele></trkpt>
      <trkpt lat="47.03369203069152" lon="9.008215887510879">
      <ele>892.9</ele></trkpt>
      <trkpt lat="47.0336719792422" lon="9.00815122954894">
      <ele>891.3</ele></trkpt>
      <trkpt lat="47.033627321449956" lon="9.008074719121673">
      <ele>889.6</ele></trkpt>
      <trkpt lat="47.033575879621075" lon="9.007993628386693">
      <ele>888.0</ele></trkpt>
      <trkpt lat="47.033626996331435" lon="9.007928092125264">
      <ele>886.4</ele></trkpt>
      <trkpt lat="47.0337056678694" lon="9.007878534248299">
      <ele>884.8</ele></trkpt>
      <trkpt lat="47.03378656271186" lon="9.007839423746908">
      <ele>883.2</ele></trkpt>
      <trkpt lat="47.03374536546963" lon="9.007741420709602">
      <ele>881.6</ele></trkpt>
      <trkpt lat="47.0337136109033" lon="9.007643707209525">
      <ele>880.1</ele></trkpt>
      <trkpt lat="47.033800918878875" lon="9.007480325818095">
      <ele>878.5</ele></trkpt>
      <trkpt lat="47.03389064777137" lon="9.007313580192482">
      <ele>877.0</ele></trkpt>
      <trkpt lat="47.03395381937369" lon="9.007187521608397">
      <ele>875.4</ele></trkpt>
      <trkpt lat="47.03402342552681" lon="9.007110036849152">
      <ele>873.9</ele></trkpt>
      <trkpt lat="47.03409046829172" lon="9.007046320307758">
      <ele>872.3</ele></trkpt>
      <trkpt lat="47.03414515779351" lon="9.006996467393051">
      <ele>870.8</ele></trkpt>
      <trkpt lat="47.03422094139962" lon="9.00697254934415">
      <ele>869.2</ele></trkpt>
      <trkpt lat="47.03428051593354" lon="9.006933905914083">
      <ele>867.7</ele></trkpt>
      <trkpt lat="47.03434934991563" lon="9.006893822446019">
      <ele>866.2</ele></trkpt>
      <trkpt lat="47.03441103170539" lon="9.006853056025655">
      <ele>864.6</ele></trkpt>
      <trkpt lat="47.03463287369005" lon="9.00658658037827">
      <ele>863.1</ele></trkpt>
      <trkpt lat="47.034907352967345" lon="9.006253120592003">
      <ele>861.5</ele></trkpt>
      <trkpt lat="47.035131637518504" lon="9.00597962510086">
      <ele>860.0</ele></trkpt>
      <trkpt lat="47.035355921407636" lon="9.005706127320517">
      <ele>858.4</ele></trkpt>
      <trkpt lat="47.035541910379564" lon="9.005482317225527">
      <ele>856.9</ele></trkpt>
      <trkpt lat="47.03572789890796" lon="9.005258505577045">
      <ele>855.3</ele></trkpt>
      <trkpt lat="47.03577571297144" lon="9.005200816000837">
      <ele>853.8</ele></trkpt>
      <trkpt lat="47.03580719851298" lon="9.005167455100095">
      <ele>852.2</ele></trkpt>
      <trkpt lat="47.03584232331529" lon="9.005143648992007">
      <ele>850.7</ele></trkpt>
      </trkseg>
  </trk>
</gpx>