<?xml version='1.0' encoding='utf-8'?>
<gpx xmlns="http://www.topografix.com/GPX/1/1" xmlns:xsi="http://www.w3.org/2001/XMLSchema-instance" xsi:schemaLocation="http://www.topografix.com/GPX/1/1 http://www.topografix.com/GPX/1/1/gpx.xsd" version="1.1" creator="gpx.py -- https://github.com/tkrajina/gpxpy">
  <trk>
    <name>pizzo-centrale</name>
    <trkseg>
      <trkpt lat="46.55547419060551" lon="8.566899252544887">
      <ele>2091.1</ele></trkpt>
      <trkpt lat="46.55562900199793" lon="8.567022682561912">
      <ele>2091.1</ele></trkpt>
      <trkpt lat="46.555978667683284" lon="8.567282260541537">
      <ele>2091.1</ele></trkpt>
      <trkpt lat="46.556077542971394" lon="8.567340844410651">
      <ele>2091.1</ele></trkpt>
      <trkpt lat="46.55613721415336" lon="8.5673674154898">
      <ele>2091.1</ele></trkpt>
      <trkpt lat="46.556175869424045" lon="8.567380389403024">
      <ele>2091.1</ele></trkpt>
      <trkpt lat="46.55624143120521" lon="8.567391759564288">
      <ele>2091.1</ele></trkpt>
      <trkpt lat="46.556290313560616" lon="8.56739495694583">
      <ele>2091.1</ele></trkpt>
      <trkpt lat="46.55636612784062" lon="8.567391269238327">
      <ele>2091.1</ele></trkpt>
      <trkpt lat="46.55638306496809" lon="8.567388883720959">
      <ele>2091.1</ele></trkpt>
      <trkpt lat="46.55647531840854" lon="8.567375874980208">
      <ele>2091.1</ele></trkpt>
      <trkpt lat="46.55647600429876" lon="8.567444566554883">
      <ele>2091.2</ele></trkpt>
      <trkpt lat="46.556474350026406" lon="8.567563224007934">
      <ele>2091.2</ele></trkpt>
      <trkpt lat="46.5564686271814" lon="8.567614097443148">
      <ele>2091.2</ele></trkpt>
      <trkpt lat="46.55644985756158" lon="8.567701410910228">
      <ele>2091.2</ele></trkpt>
      <trkpt lat="46.55644013921112" lon="8.567741506818953">
      <ele>2091.2</ele></trkpt>
      <trkpt lat="46.55642363893594" lon="8.567809552893186">
      <ele>2091.2</ele></trkpt>
      <trkpt lat="46.556405114845624" lon="8.567918337857224">
      <ele>2091.2</ele></trkpt>
      <trkpt lat="46.55639730380664" lon="8.568027294128006">
      <ele>2091.2</ele></trkpt>
      <trkpt lat="46.5564005322076" lon="8.56815882104737">
      <ele>2091.2</ele></trkpt>
      <trkpt lat="46.55641837956996" lon="8.568504164108289">
      <ele>2091.2</ele></trkpt>
      <trkpt lat="46.556436225883814" lon="8.568849507396656">
      <ele>2091.4</ele></trkpt>
      <trkpt lat="46.556439884304055" lon="8.568924077603066">
      <ele>2091.6</ele></trkpt>
      <trkpt lat="46.55645663572366" lon="8.569256350161982">
      <ele>2091.8</ele></trkpt>
      <trkpt lat="46.556463745415144" lon="8.56939730927168">
      <ele>2092.0</ele></trkpt>
      <trkpt lat="46.55647617212751" lon="8.569702938985579">
      <ele>2092.2</ele></trkpt>
      <trkpt lat="46.55648676407776" lon="8.569955059748928">
      <ele>2092.4</ele></trkpt>
      <trkpt lat="46.55648800634453" lon="8.570068965385186">
      <ele>2092.6</ele></trkpt>
      <trkpt lat="46.55648287425234" lon="8.570225853448742">
      <ele>2092.8</ele></trkpt>
      <trkpt lat="46.55647130211625" lon="8.57043773385703">
      <ele>2093.0</ele></trkpt>
      <trkpt lat="46.55646308192594" lon="8.57050528721485">
      <ele>2093.1</ele></trkpt>
      <trkpt lat="46.55644823471502" lon="8.570567067968822">
      <ele>2093.3</ele></trkpt>
      <trkpt lat="46.55641907828904" lon="8.570651020149066">
      <ele>2093.5</ele></trkpt>
      <trkpt lat="46.55639752381064" lon="8.57070604841786">
      <ele>2093.7</ele></trkpt>
      <trkpt lat="46.55635080085377" lon="8.570789619953269">
      <ele>2093.9</ele></trkpt>
      <trkpt lat="46.55633627909194" lon="8.570781621639544">
      <ele>2094.1</ele></trkpt>
      <trkpt lat="46.556308510944206" lon="8.570784822863892">
      <ele>2094.3</ele></trkpt>
      <trkpt lat="46.55626857176663" lon="8.570791512433935">
      <ele>2094.5</ele></trkpt>
      <trkpt lat="46.556244223218606" lon="8.570799141071047">
      <ele>2094.7</ele></trkpt>
      <trkpt lat="46.556216529814996" lon="8.570794831891915">
      <ele>2094.9</ele></trkpt>
      <trkpt lat="46.556192911312834" lon="8.570814982665123">
      <ele>2095.1</ele></trkpt>
      <trkpt lat="46.55617783149777" lon="8.57082147492606">
      <ele>2094.9</ele></trkpt>
      <trkpt lat="46.55615466147456" lon="8.570839952692461">
      <ele>2094.7</ele></trkpt>
      <trkpt lat="46.556141525686236" lon="8.570855406039785">
      <ele>2094.6</ele></trkpt>
      <trkpt lat="46.55613138259142" lon="8.57087569519663">
      <ele>2094.4</ele></trkpt>
      <trkpt lat="46.55612434608416" lon="8.570914685727171">
      <ele>2094.2</ele></trkpt>
      <trkpt lat="46.556115367280654" lon="8.570942732869257">
      <ele>2094.0</ele></trkpt>
      <trkpt lat="46.556105512269795" lon="8.570960289300002">
      <ele>2093.8</ele></trkpt>
      <trkpt lat="46.556044633813" lon="8.571038816881405">
      <ele>2093.7</ele></trkpt>
      <trkpt lat="46.5560323792536" lon="8.571046176748881">
      <ele>2093.5</ele></trkpt>
      <trkpt lat="46.556020082823004" lon="8.57104689759428">
      <ele>2093.3</ele></trkpt>
      <trkpt lat="46.555993515226824" lon="8.57104336826924">
      <ele>2093.1</ele></trkpt>
      <trkpt lat="46.55598443385896" lon="8.571045564866301">
      <ele>2092.9</ele></trkpt>
      <trkpt lat="46.55597990700401" lon="8.571052955991142">
      <ele>2092.8</ele></trkpt>
      <trkpt lat="46.55597900579564" lon="8.57107299500533">
      <ele>2092.6</ele></trkpt>
      <trkpt lat="46.55597551555147" lon="8.57109283639132">
      <ele>2092.4</ele></trkpt>
      <trkpt lat="46.55596040707818" lon="8.571133835820314">
      <ele>2092.2</ele></trkpt>
      <trkpt lat="46.55595083413956" lon="8.57115468453207">
      <ele>2092.0</ele></trkpt>
      <trkpt lat="46.55593068100795" lon="8.571184597409042">
      <ele>2091.9</ele></trkpt>
      <trkpt lat="46.55592080222488" lon="8.571208152335627">
      <ele>2091.7</ele></trkpt>
      <trkpt lat="46.55591353435836" lon="8.571250489500741">
      <ele>2091.5</ele></trkpt>
      <trkpt lat="46.55590668295693" lon="8.571260935834696">
      <ele>2091.2</ele></trkpt>
      <trkpt lat="46.55589695519448" lon="8.571273838985128">
      <ele>2091.0</ele></trkpt>
      <trkpt lat="46.55589133902536" lon="8.571286723841101">
      <ele>2090.7</ele></trkpt>
      <trkpt lat="46.55588875440387" lon="8.57130505827767">
      <ele>2090.4</ele></trkpt>
      <trkpt lat="46.55588664528477" lon="8.571335270434089">
      <ele>2090.2</ele></trkpt>
      <trkpt lat="46.55587358925301" lon="8.571345417363467">
      <ele>2089.9</ele></trkpt>
      <trkpt lat="46.55586765236828" lon="8.571354370002632">
      <ele>2089.6</ele></trkpt>
      <trkpt lat="46.5558635445236" lon="8.571372985545734">
      <ele>2089.4</ele></trkpt>
      <trkpt lat="46.55585354739358" lon="8.571401193747537">
      <ele>2089.1</ele></trkpt>
      <trkpt lat="46.55583494463497" lon="8.571443450098808">
      <ele>2088.8</ele></trkpt>
      <trkpt lat="46.55583293543215" lon="8.571456397374469">
      <ele>2088.6</ele></trkpt>
      <trkpt lat="46.555836021806016" lon="8.571487057317272">
      <ele>2088.3</ele></trkpt>
      <trkpt lat="46.55583231871846" lon="8.5715228439171">
      <ele>2088.1</ele></trkpt>
      <trkpt lat="46.5558216565264" lon="8.571549173221653">
      <ele>2087.8</ele></trkpt>
      <trkpt lat="46.55580054154707" lon="8.57157990040404">
      <ele>2087.5</ele></trkpt>
      <trkpt lat="46.55577693260791" lon="8.571611723007656">
      <ele>2087.3</ele></trkpt>
      <trkpt lat="46.55577066984623" lon="8.571635327402769">
      <ele>2087.0</ele></trkpt>
      <trkpt lat="46.555762444851034" lon="8.57165993403415">
      <ele>2086.7</ele></trkpt>
      <trkpt lat="46.555760925857754" lon="8.571678760211407">
      <ele>2086.5</ele></trkpt>
      <trkpt lat="46.55576402654868" lon="8.571703460471825">
      <ele>2086.2</ele></trkpt>
      <trkpt lat="46.55576415794714" lon="8.571717365437552">
      <ele>2086.2</ele></trkpt>
      <trkpt lat="46.55576033790143" lon="8.571733274316625">
      <ele>2086.2</ele></trkpt>
      <trkpt lat="46.555759587393794" lon="8.571742687592286">
      <ele>2086.2</ele></trkpt>
      <trkpt lat="46.555761099653935" lon="8.571766989440047">
      <ele>2086.3</ele></trkpt>
      <trkpt lat="46.55575957512642" lon="8.571791788494558">
      <ele>2086.3</ele></trkpt>
      <trkpt lat="46.55575180025676" lon="8.5718317152132">
      <ele>2086.3</ele></trkpt>
      <trkpt lat="46.55575217456075" lon="8.571854649962823">
      <ele>2086.3</ele></trkpt>
      <trkpt lat="46.55575270913995" lon="8.571879557331362">
      <ele>2086.3</ele></trkpt>
      <trkpt lat="46.555750743657164" lon="8.571898947976075">
      <ele>2086.3</ele></trkpt>
      <trkpt lat="46.55574537669798" lon="8.571920223619209">
      <ele>2086.3</ele></trkpt>
      <trkpt lat="46.5557416416344" lon="8.571936629834376">
      <ele>2086.4</ele></trkpt>
      <trkpt lat="46.555741832253894" lon="8.571963551425275">
      <ele>2086.4</ele></trkpt>
      <trkpt lat="46.555740182824835" lon="8.571992755868614">
      <ele>2086.4</ele></trkpt>
      <trkpt lat="46.555744921923946" lon="8.572025471829324">
      <ele>2086.4</ele></trkpt>
      <trkpt lat="46.55574449324529" lon="8.572038699948273">
      <ele>2086.4</ele></trkpt>
      <trkpt lat="46.555740828637106" lon="8.572049838875783">
      <ele>2086.4</ele></trkpt>
      <trkpt lat="46.55572606992762" lon="8.572074660728191">
      <ele>2086.5</ele></trkpt>
      <trkpt lat="46.555720325267025" lon="8.572091403045873">
      <ele>2086.5</ele></trkpt>
      <trkpt lat="46.55571680718113" lon="8.572110409037993">
      <ele>2086.5</ele></trkpt>
      <trkpt lat="46.5557150357865" lon="8.57213830676313">
      <ele>2086.5</ele></trkpt>
      <trkpt lat="46.555712678582694" lon="8.572159084619058">
      <ele>2086.7</ele></trkpt>
      <trkpt lat="46.55570622129341" lon="8.572173308038025">
      <ele>2087.0</ele></trkpt>
      <trkpt lat="46.555696401001825" lon="8.572190069313727">
      <ele>2087.2</ele></trkpt>
      <trkpt lat="46.55568640748467" lon="8.572223311360808">
      <ele>2087.5</ele></trkpt>
      <trkpt lat="46.555681384541465" lon="8.572242559685309">
      <ele>2087.7</ele></trkpt>
      <trkpt lat="46.555669344534316" lon="8.572287965653029">
      <ele>2088.0</ele></trkpt>
      <trkpt lat="46.55564220021964" lon="8.572347726857247">
      <ele>2088.2</ele></trkpt>
      <trkpt lat="46.555634214795006" lon="8.572368138997156">
      <ele>2088.5</ele></trkpt>
      <trkpt lat="46.555631536487454" lon="8.572385023735452">
      <ele>2088.7</ele></trkpt>
      <trkpt lat="46.55562901716347" lon="8.572459072462891">
      <ele>2088.9</ele></trkpt>
      <trkpt lat="46.55562349447299" lon="8.572472493792317">
      <ele>2089.2</ele></trkpt>
      <trkpt lat="46.555615041596404" lon="8.572481132732646">
      <ele>2089.4</ele></trkpt>
      <trkpt lat="46.55560296098832" lon="8.572489082725834">
      <ele>2089.7</ele></trkpt>
      <trkpt lat="46.55558863091682" lon="8.57250067631815">
      <ele>2089.9</ele></trkpt>
      <trkpt lat="46.55557916365311" lon="8.572515410430945">
      <ele>2090.2</ele></trkpt>
      <trkpt lat="46.555575659526696" lon="8.572528495828774">
      <ele>2090.4</ele></trkpt>
      <trkpt lat="46.55557195794373" lon="8.572551462494546">
      <ele>2090.7</ele></trkpt>
      <trkpt lat="46.55556827938316" lon="8.572568508829391">
      <ele>2090.9</ele></trkpt>
      <trkpt lat="46.55555812535813" lon="8.57259979115284">
      <ele>2091.2</ele></trkpt>
      <trkpt lat="46.55553659125491" lon="8.572684265753502">
      <ele>2091.4</ele></trkpt>
      <trkpt lat="46.55553443842957" lon="8.572726044494846">
      <ele>2091.8</ele></trkpt>
      <trkpt lat="46.5555384618534" lon="8.572789014552443">
      <ele>2092.3</ele></trkpt>
      <trkpt lat="46.55553395085951" lon="8.572808338708672">
      <ele>2092.7</ele></trkpt>
      <trkpt lat="46.555504153156" lon="8.572855380687653">
      <ele>2093.1</ele></trkpt>
      <trkpt lat="46.55548259289977" lon="8.572900052167277">
      <ele>2093.6</ele></trkpt>
      <trkpt lat="46.55546792577828" lon="8.572944542037224">
      <ele>2094.0</ele></trkpt>
      <trkpt lat="46.55545603646195" lon="8.57298563412805">
      <ele>2094.4</ele></trkpt>
      <trkpt lat="46.5554467086498" lon="8.573011638816922">
      <ele>2094.9</ele></trkpt>
      <trkpt lat="46.55541553300546" lon="8.573069645626525">
      <ele>2095.3</ele></trkpt>
      <trkpt lat="46.55540706046869" lon="8.573096489816159">
      <ele>2095.8</ele></trkpt>
      <trkpt lat="46.55539131175966" lon="8.573164627026118">
      <ele>2096.2</ele></trkpt>
      <trkpt lat="46.555381903583" lon="8.573189664906504">
      <ele>2096.6</ele></trkpt>
      <trkpt lat="46.55536554004406" lon="8.573213904909604">
      <ele>2097.1</ele></trkpt>
      <trkpt lat="46.55535504445803" lon="8.573235216222129">
      <ele>2097.5</ele></trkpt>
      <trkpt lat="46.555322363413296" lon="8.573375586654588">
      <ele>2097.9</ele></trkpt>
      <trkpt lat="46.5553146387909" lon="8.573402302977009">
      <ele>2098.4</ele></trkpt>
      <trkpt lat="46.555273517033434" lon="8.573469803661629">
      <ele>2098.8</ele></trkpt>
      <trkpt lat="46.55525952041228" lon="8.573485837979621">
      <ele>2099.2</ele></trkpt>
      <trkpt lat="46.55523604740232" lon="8.573498569751703">
      <ele>2099.7</ele></trkpt>
      <trkpt lat="46.555226181936355" lon="8.573509017683655">
      <ele>2100.1</ele></trkpt>
      <trkpt lat="46.55521502775364" lon="8.573531410549121">
      <ele>2100.5</ele></trkpt>
      <trkpt lat="46.55517782070669" lon="8.573581648118275">
      <ele>2101.0</ele></trkpt>
      <trkpt lat="46.5551322246404" lon="8.573632309604115">
      <ele>2101.4</ele></trkpt>
      <trkpt lat="46.555126143939624" lon="8.573642132626624">
      <ele>2101.8</ele></trkpt>
      <trkpt lat="46.555122059509216" lon="8.573657461825142">
      <ele>2102.3</ele></trkpt>
      <trkpt lat="46.55511400428808" lon="8.5736803369272">
      <ele>2102.7</ele></trkpt>
      <trkpt lat="46.55510103955434" lon="8.573690328568876">
      <ele>2103.1</ele></trkpt>
      <trkpt lat="46.55507259818186" lon="8.573707794351574">
      <ele>2103.6</ele></trkpt>
      <trkpt lat="46.555048414504114" lon="8.573730435516925">
      <ele>2104.0</ele></trkpt>
      <trkpt lat="46.55503012603747" lon="8.573750122548265">
      <ele>2104.4</ele></trkpt>
      <trkpt lat="46.555014485376226" lon="8.573783049852812">
      <ele>2104.9</ele></trkpt>
      <trkpt lat="46.55500434507317" lon="8.57379939963516">
      <ele>2105.3</ele></trkpt>
      <trkpt lat="46.55499018763868" lon="8.573813513345861">
      <ele>2105.8</ele></trkpt>
      <trkpt lat="46.554967712528054" lon="8.573829017554726">
      <ele>2106.2</ele></trkpt>
      <trkpt lat="46.55490998968561" lon="8.573855271843009">
      <ele>2106.6</ele></trkpt>
      <trkpt lat="46.554897086777636" lon="8.57386808161728">
      <ele>2107.1</ele></trkpt>
      <trkpt lat="46.55488814771154" lon="8.573884860823037">
      <ele>2107.5</ele></trkpt>
      <trkpt lat="46.55489028243724" lon="8.573891817471718">
      <ele>2107.9</ele></trkpt>
      <trkpt lat="46.55490881162567" lon="8.573896692311074">
      <ele>2108.4</ele></trkpt>
      <trkpt lat="46.554916103407294" lon="8.57390344413998">
      <ele>2108.8</ele></trkpt>
      <trkpt lat="46.554916596502515" lon="8.573915335087145">
      <ele>2108.9</ele></trkpt>
      <trkpt lat="46.554912202591126" lon="8.573924710892513">
      <ele>2109.0</ele></trkpt>
      <trkpt lat="46.55488025419081" lon="8.573957335133532">
      <ele>2109.2</ele></trkpt>
      <trkpt lat="46.55486254783711" lon="8.573968270507805">
      <ele>2109.3</ele></trkpt>
      <trkpt lat="46.55484631361612" lon="8.573972324885903">
      <ele>2109.4</ele></trkpt>
      <trkpt lat="46.554820706784376" lon="8.573987919791367">
      <ele>2109.5</ele></trkpt>
      <trkpt lat="46.55476671135693" lon="8.574022898372286">
      <ele>2109.6</ele></trkpt>
      <trkpt lat="46.554739100524905" lon="8.574045480418963">
      <ele>2109.8</ele></trkpt>
      <trkpt lat="46.55471323270255" lon="8.57407640627042">
      <ele>2109.9</ele></trkpt>
      <trkpt lat="46.55467866013778" lon="8.574139387380628">
      <ele>2110.0</ele></trkpt>
      <trkpt lat="46.55467126775055" lon="8.57414992609617">
      <ele>2110.1</ele></trkpt>
      <trkpt lat="46.55465246268486" lon="8.57416638083183">
      <ele>2110.2</ele></trkpt>
      <trkpt lat="46.55463955974168" lon="8.574179190470929">
      <ele>2110.4</ele></trkpt>
      <trkpt lat="46.554617604903775" lon="8.574207459644224">
      <ele>2110.5</ele></trkpt>
      <trkpt lat="46.55459263670037" lon="8.57424289039755">
      <ele>2110.6</ele></trkpt>
      <trkpt lat="46.55455519004996" lon="8.574296369135743">
      <ele>2110.7</ele></trkpt>
      <trkpt lat="46.5545408680465" lon="8.574310739971319">
      <ele>2110.8</ele></trkpt>
      <trkpt lat="46.554529568399495" lon="8.574317949398377">
      <ele>2111.0</ele></trkpt>
      <trkpt lat="46.55451413004229" lon="8.574325189353262">
      <ele>2111.1</ele></trkpt>
      <trkpt lat="46.55450095406613" lon="8.574334706815977">
      <ele>2111.2</ele></trkpt>
      <trkpt lat="46.55448326532295" lon="8.574358292300158">
      <ele>2111.4</ele></trkpt>
      <trkpt lat="46.55446502129222" lon="8.574375319449551">
      <ele>2111.5</ele></trkpt>
      <trkpt lat="46.55444341253495" lon="8.574386942146871">
      <ele>2111.7</ele></trkpt>
      <trkpt lat="46.55442039852855" lon="8.574398744006201">
      <ele>2111.8</ele></trkpt>
      <trkpt lat="46.55440136787274" lon="8.5744125595327">
      <ele>2112.0</ele></trkpt>
      <trkpt lat="46.554389020181425" lon="8.574431927364268">
      <ele>2112.2</ele></trkpt>
      <trkpt lat="46.55437755749011" lon="8.574461772760527">
      <ele>2112.3</ele></trkpt>
      <trkpt lat="46.55437215470758" lon="8.574501904368422">
      <ele>2112.5</ele></trkpt>
      <trkpt lat="46.55434820010672" lon="8.574519607103364">
      <ele>2112.6</ele></trkpt>
      <trkpt lat="46.55433216713895" lon="8.574534137535979">
      <ele>2112.8</ele></trkpt>
      <trkpt lat="46.554298089155985" lon="8.57458630415675">
      <ele>2113.0</ele></trkpt>
      <trkpt lat="46.55427334490017" lon="8.57460920670753">
      <ele>2113.1</ele></trkpt>
      <trkpt lat="46.55426036658822" lon="8.574613342224488">
      <ele>2113.3</ele></trkpt>
      <trkpt lat="46.55423755419757" lon="8.574612159227648">
      <ele>2113.4</ele></trkpt>
      <trkpt lat="46.55422534173258" lon="8.574616180403305">
      <ele>2113.6</ele></trkpt>
      <trkpt lat="46.55421052897698" lon="8.5746265371469">
      <ele>2113.8</ele></trkpt>
      <trkpt lat="46.554188554752045" lon="8.57464502468148">
      <ele>2113.9</ele></trkpt>
      <trkpt lat="46.5541788640468" lon="8.574660483655627">
      <ele>2114.1</ele></trkpt>
      <trkpt lat="46.5541599197516" lon="8.574706186325914">
      <ele>2114.2</ele></trkpt>
      <trkpt lat="46.55415413240549" lon="8.574717254114658">
      <ele>2114.4</ele></trkpt>
      <trkpt lat="46.554112470353125" lon="8.574738784238248">
      <ele>2114.7</ele></trkpt>
      <trkpt lat="46.55409884232335" lon="8.574753925789755">
      <ele>2115.0</ele></trkpt>
      <trkpt lat="46.554093088784725" lon="8.57476971514228">
      <ele>2115.3</ele></trkpt>
      <trkpt lat="46.55409308089832" lon="8.574788520216927">
      <ele>2115.5</ele></trkpt>
      <trkpt lat="46.55408966330485" lon="8.57485146298355">
      <ele>2115.8</ele></trkpt>
      <trkpt lat="46.554083500564644" lon="8.574881197688716">
      <ele>2116.1</ele></trkpt>
      <trkpt lat="46.5540832440856" lon="8.574915881577025">
      <ele>2116.4</ele></trkpt>
      <trkpt lat="46.55408715618718" lon="8.57495384804416">
      <ele>2116.7</ele></trkpt>
      <trkpt lat="46.554080424252646" lon="8.574995529456789">
      <ele>2117.0</ele></trkpt>
      <trkpt lat="46.55406880154458" lon="8.57503507376801">
      <ele>2117.2</ele></trkpt>
      <trkpt lat="46.554055326027544" lon="8.57507096678353">
      <ele>2117.5</ele></trkpt>
      <trkpt lat="46.554038537005994" lon="8.575114340988323">
      <ele>2117.8</ele></trkpt>
      <trkpt lat="46.55403342600941" lon="8.575156760598126">
      <ele>2118.1</ele></trkpt>
      <trkpt lat="46.554029687638064" lon="8.575215771178998">
      <ele>2118.4</ele></trkpt>
      <trkpt lat="46.55402331132122" lon="8.5752524652561">
      <ele>2118.7</ele></trkpt>
      <trkpt lat="46.554018173230624" lon="8.575284986104611">
      <ele>2119.0</ele></trkpt>
      <trkpt lat="46.553994197651555" lon="8.57537410078054">
      <ele>2119.2</ele></trkpt>
      <trkpt lat="46.55398336689935" lon="8.575394699886106">
      <ele>2119.5</ele></trkpt>
      <trkpt lat="46.55396895494501" lon="8.575409955184478">
      <ele>2119.8</ele></trkpt>
      <trkpt lat="46.55395365281717" lon="8.57543326418879">
      <ele>2120.1</ele></trkpt>
      <trkpt lat="46.553924784743735" lon="8.575472693886178">
      <ele>2120.4</ele></trkpt>
      <trkpt lat="46.55390370167711" lon="8.575501919433249">
      <ele>2120.6</ele></trkpt>
      <trkpt lat="46.553892264283746" lon="8.575505800171026">
      <ele>2120.9</ele></trkpt>
      <trkpt lat="46.55387733512511" lon="8.575505290984687">
      <ele>2121.1</ele></trkpt>
      <trkpt lat="46.55386387560846" lon="8.575503560728086">
      <ele>2121.4</ele></trkpt>
      <trkpt lat="46.553847031263324" lon="8.575508345095328">
      <ele>2121.6</ele></trkpt>
      <trkpt lat="46.55379865530935" lon="8.5755391099579">
      <ele>2121.9</ele></trkpt>
      <trkpt lat="46.55374208420008" lon="8.57557520592769">
      <ele>2122.1</ele></trkpt>
      <trkpt lat="46.553706917969514" lon="8.575604787559795">
      <ele>2122.4</ele></trkpt>
      <trkpt lat="46.55369508054887" lon="8.575622587634133">
      <ele>2122.6</ele></trkpt>
      <trkpt lat="46.553678584292115" lon="8.575641150540674">
      <ele>2122.9</ele></trkpt>
      <trkpt lat="46.55366552673354" lon="8.575663111121692">
      <ele>2123.2</ele></trkpt>
      <trkpt lat="46.553643233455134" lon="8.575725200373034">
      <ele>2123.4</ele></trkpt>
      <trkpt lat="46.55360285040812" lon="8.575833857004195">
      <ele>2123.7</ele></trkpt>
      <trkpt lat="46.55357792029946" lon="8.575892421817251">
      <ele>2123.9</ele></trkpt>
      <trkpt lat="46.55357481233378" lon="8.575911735382025">
      <ele>2124.2</ele></trkpt>
      <trkpt lat="46.55357780846836" lon="8.575924304615839">
      <ele>2124.4</ele></trkpt>
      <trkpt lat="46.55360120055058" lon="8.575966488088438">
      <ele>2124.7</ele></trkpt>
      <trkpt lat="46.55362720861322" lon="8.576032265523352">
      <ele>2124.9</ele></trkpt>
      <trkpt lat="46.55362802123979" lon="8.576059864257143">
      <ele>2125.2</ele></trkpt>
      <trkpt lat="46.553615053534" lon="8.576093524356411">
      <ele>2125.5</ele></trkpt>
      <trkpt lat="46.55358520140262" lon="8.576147669067106">
      <ele>2125.9</ele></trkpt>
      <trkpt lat="46.55354213248802" lon="8.576188403706865">
      <ele>2126.2</ele></trkpt>
      <trkpt lat="46.553523828562085" lon="8.576226685435493">
      <ele>2126.6</ele></trkpt>
      <trkpt lat="46.553514858172264" lon="8.57627444846253">
      <ele>2126.9</ele></trkpt>
      <trkpt lat="46.55351347099409" lon="8.576371769968011">
      <ele>2127.3</ele></trkpt>
      <trkpt lat="46.553515407553874" lon="8.576474977602727">
      <ele>2127.6</ele></trkpt>
      <trkpt lat="46.55350521228431" lon="8.576510273772278">
      <ele>2128.0</ele></trkpt>
      <trkpt lat="46.55349519154084" lon="8.57652182604249">
      <ele>2128.3</ele></trkpt>
      <trkpt lat="46.55347867706728" lon="8.576530503195293">
      <ele>2128.7</ele></trkpt>
      <trkpt lat="46.553470580290174" lon="8.576536788242526">
      <ele>2129.0</ele></trkpt>
      <trkpt lat="46.55345652489759" lon="8.57656584789816">
      <ele>2129.4</ele></trkpt>
      <trkpt lat="46.553438373544964" lon="8.576640125611542">
      <ele>2129.8</ele></trkpt>
      <trkpt lat="46.55344026313598" lon="8.576672467720943">
      <ele>2130.1</ele></trkpt>
      <trkpt lat="46.5534646997093" lon="8.576759495071121">
      <ele>2130.4</ele></trkpt>
      <trkpt lat="46.55346512834429" lon="8.576793084492467">
      <ele>2130.8</ele></trkpt>
      <trkpt lat="46.55346226071269" lon="8.576815337232448">
      <ele>2131.1</ele></trkpt>
      <trkpt lat="46.55345224070632" lon="8.576845694477575">
      <ele>2131.5</ele></trkpt>
      <trkpt lat="46.553439316885466" lon="8.576888431693707">
      <ele>2131.8</ele></trkpt>
      <trkpt lat="46.553418556259686" lon="8.576987888593857">
      <ele>2132.2</ele></trkpt>
      <trkpt lat="46.55340565127512" lon="8.577059303133295">
      <ele>2132.6</ele></trkpt>
      <trkpt lat="46.553403000845165" lon="8.577112884696703">
      <ele>2132.9</ele></trkpt>
      <trkpt lat="46.55340198529288" lon="8.577206262412473">
      <ele>2133.3</ele></trkpt>
      <trkpt lat="46.55340753782952" lon="8.577255530447962">
      <ele>2133.7</ele></trkpt>
      <trkpt lat="46.553417728371215" lon="8.577300722967705">
      <ele>2134.0</ele></trkpt>
      <trkpt lat="46.55344082174956" lon="8.577337645141975">
      <ele>2134.4</ele></trkpt>
      <trkpt lat="46.55341559888873" lon="8.577384035760836">
      <ele>2134.8</ele></trkpt>
      <trkpt lat="46.55339299582799" lon="8.577458102123124">
      <ele>2135.2</ele></trkpt>
      <trkpt lat="46.553382147723156" lon="8.577528920797">
      <ele>2135.5</ele></trkpt>
      <trkpt lat="46.553363694300025" lon="8.577686314520907">
      <ele>2135.9</ele></trkpt>
      <trkpt lat="46.55336024405708" lon="8.577870940356524">
      <ele>2136.3</ele></trkpt>
      <trkpt lat="46.55336091346017" lon="8.577908303620127">
      <ele>2136.6</ele></trkpt>
      <trkpt lat="46.55336050645505" lon="8.578153725037671">
      <ele>2137.0</ele></trkpt>
      <trkpt lat="46.55341645292493" lon="8.578198929030467">
      <ele>2137.4</ele></trkpt>
      <trkpt lat="46.55345960315705" lon="8.578222893872885">
      <ele>2137.8</ele></trkpt>
      <trkpt lat="46.55351164020707" lon="8.578228175606018">
      <ele>2138.1</ele></trkpt>
      <trkpt lat="46.55350507531477" lon="8.57845150708435">
      <ele>2138.5</ele></trkpt>
      <trkpt lat="46.55350514815247" lon="8.578563647739276">
      <ele>2138.9</ele></trkpt>
      <trkpt lat="46.553509361493184" lon="8.578617217410631">
      <ele>2139.2</ele></trkpt>
      <trkpt lat="46.55351869883219" lon="8.578662209739477">
      <ele>2139.6</ele></trkpt>
      <trkpt lat="46.553540301838645" lon="8.578723918124615">
      <ele>2139.8</ele></trkpt>
      <trkpt lat="46.55359091438118" lon="8.57883721478278">
      <ele>2139.9</ele></trkpt>
      <trkpt lat="46.5536169970865" lon="8.57892140905138">
      <ele>2140.1</ele></trkpt>
      <trkpt lat="46.55365709509113" lon="8.579077519784583">
      <ele>2140.2</ele></trkpt>
      <trkpt lat="46.553691567085274" lon="8.579200727134907">
      <ele>2140.4</ele></trkpt>
      <trkpt lat="46.553720519777784" lon="8.579292063486749">
      <ele>2140.6</ele></trkpt>
      <trkpt lat="46.55373997587333" lon="8.57937045872737">
      <ele>2140.7</ele></trkpt>
      <trkpt lat="46.5537805240103" lon="8.579589267822175">
      <ele>2140.9</ele></trkpt>
      <trkpt lat="46.55380450949448" lon="8.579665437441848">
      <ele>2141.0</ele></trkpt>
      <trkpt lat="46.55386381168042" lon="8.579827170599184">
      <ele>2141.2</ele></trkpt>
      <trkpt lat="46.553904107053086" lon="8.579962590759127">
      <ele>2141.4</ele></trkpt>
      <trkpt lat="46.553918985781806" lon="8.580028201045925">
      <ele>2141.5</ele></trkpt>
      <trkpt lat="46.5539816255543" lon="8.580285818072126">
      <ele>2141.7</ele></trkpt>
      <trkpt lat="46.55399069316751" lon="8.580351345091884">
      <ele>2141.8</ele></trkpt>
      <trkpt lat="46.55400188095322" lon="8.580536373091968">
      <ele>2142.0</ele></trkpt>
      <trkpt lat="46.554006985391084" lon="8.580622069354957">
      <ele>2142.2</ele></trkpt>
      <trkpt lat="46.55403609039676" lon="8.58097408843735">
      <ele>2142.3</ele></trkpt>
      <trkpt lat="46.55404008539985" lon="8.581022411721607">
      <ele>2142.5</ele></trkpt>
      <trkpt lat="46.5540440776923" lon="8.581075481911123">
      <ele>2142.6</ele></trkpt>
      <trkpt lat="46.55405656660868" lon="8.581155035330188">
      <ele>2142.8</ele></trkpt>
      <trkpt lat="46.55413195859248" lon="8.581467513683483">
      <ele>2142.8</ele></trkpt>
      <trkpt lat="46.5541456099006" lon="8.581546857132668">
      <ele>2142.8</ele></trkpt>
      <trkpt lat="46.55414961838276" lon="8.581623362689252">
      <ele>2142.8</ele></trkpt>
      <trkpt lat="46.554143324549734" lon="8.581741173584387">
      <ele>2142.8</ele></trkpt>
      <trkpt lat="46.55411601389439" lon="8.582208133441977">
      <ele>2142.9</ele></trkpt>
      <trkpt lat="46.55410814388902" lon="8.58228042353506">
      <ele>2142.9</ele></trkpt>
      <trkpt lat="46.55408808810591" lon="8.582381785546746">
      <ele>2142.9</ele></trkpt>
      <trkpt lat="46.55407164602512" lon="8.582478059579733">
      <ele>2142.9</ele></trkpt>
      <trkpt lat="46.55406248445277" lon="8.582560676909482">
      <ele>2142.9</ele></trkpt>
      <trkpt lat="46.55405311310807" lon="8.582689194419153">
      <ele>2142.9</ele></trkpt>
      <trkpt lat="46.55403996252474" lon="8.582744419328682">
      <ele>2142.9</ele></trkpt>
      <trkpt lat="46.55402127464543" lon="8.582790241908475">
      <ele>2142.9</ele></trkpt>
      <trkpt lat="46.55399182974406" lon="8.582834885060668">
      <ele>2142.9</ele></trkpt>
      <trkpt lat="46.553894186325316" lon="8.582927394654341">
      <ele>2142.9</ele></trkpt>
      <trkpt lat="46.55381062325367" lon="8.583015350349214">
      <ele>2142.9</ele></trkpt>
      <trkpt lat="46.553759183515666" lon="8.583086640441696">
      <ele>2143.0</ele></trkpt>
      <trkpt lat="46.55372458725854" lon="8.583150579321591">
      <ele>2143.0</ele></trkpt>
      <trkpt lat="46.55369042270787" lon="8.583214527249538">
      <ele>2143.0</ele></trkpt>
      <trkpt lat="46.55365603142772" lon="8.583302791761689">
      <ele>2143.0</ele></trkpt>
      <trkpt lat="46.5536255077082" lon="8.583400084079374">
      <ele>2143.0</ele></trkpt>
      <trkpt lat="46.55361288266121" lon="8.583472781383698">
      <ele>2143.4</ele></trkpt>
      <trkpt lat="46.553611149955266" lon="8.583559128229874">
      <ele>2143.8</ele></trkpt>
      <trkpt lat="46.553620579909335" lon="8.583632265950197">
      <ele>2144.2</ele></trkpt>
      <trkpt lat="46.55363887626689" lon="8.583700453117833">
      <ele>2144.6</ele></trkpt>
      <trkpt lat="46.55367443233525" lon="8.583809315227493">
      <ele>2145.0</ele></trkpt>
      <trkpt lat="46.55372022494495" lon="8.583952274635042">
      <ele>2145.4</ele></trkpt>
      <trkpt lat="46.553776239946814" lon="8.584101240837638">
      <ele>2145.8</ele></trkpt>
      <trkpt lat="46.553858380543296" lon="8.58429667784538">
      <ele>2146.2</ele></trkpt>
      <trkpt lat="46.553922540097346" lon="8.584443548062882">
      <ele>2146.6</ele></trkpt>
      <trkpt lat="46.55395662061915" lon="8.584515734594444">
      <ele>2147.1</ele></trkpt>
      <trkpt lat="46.55398217826658" lon="8.58455965028983">
      <ele>2147.5</ele></trkpt>
      <trkpt lat="46.55403210527284" lon="8.584635941363443">
      <ele>2147.9</ele></trkpt>
      <trkpt lat="46.554075016236105" lon="8.584707637004414">
      <ele>2148.3</ele></trkpt>
      <trkpt lat="46.5541114986306" lon="8.584761969325813">
      <ele>2148.7</ele></trkpt>
      <trkpt lat="46.554153240475976" lon="8.584820221103028">
      <ele>2149.1</ele></trkpt>
      <trkpt lat="46.55419586376518" lon="8.584878491637308">
      <ele>2149.5</ele></trkpt>
      <trkpt lat="46.55426821622947" lon="8.584962196145021">
      <ele>2149.9</ele></trkpt>
      <trkpt lat="46.55434190627574" lon="8.585045290191333">
      <ele>2150.3</ele></trkpt>
      <trkpt lat="46.554402435463" lon="8.585121128659962">
      <ele>2150.7</ele></trkpt>
      <trkpt lat="46.55445138252125" lon="8.585166075148027">
      <ele>2151.1</ele></trkpt>
      <trkpt lat="46.55451394652488" lon="8.585217648200679">
      <ele>2152.1</ele></trkpt>
      <trkpt lat="46.55456064853564" lon="8.585265755449202">
      <ele>2153.1</ele></trkpt>
      <trkpt lat="46.55459536127524" lon="8.585320690169217">
      <ele>2154.0</ele></trkpt>
      <trkpt lat="46.55462327454676" lon="8.585391495538634">
      <ele>2155.0</ele></trkpt>
      <trkpt lat="46.554650926046925" lon="8.585446319914361">
      <ele>2156.0</ele></trkpt>
      <trkpt lat="46.55468221572974" lon="8.585490971014178">
      <ele>2157.0</ele></trkpt>
      <trkpt lat="46.554733682255566" lon="8.58554746081085">
      <ele>2158.0</ele></trkpt>
      <trkpt lat="46.55477590952583" lon="8.585601251002725">
      <ele>2158.9</ele></trkpt>
      <trkpt lat="46.55481896026664" lon="8.58566080993573">
      <ele>2159.9</ele></trkpt>
      <trkpt lat="46.55485498858316" lon="8.585716412079794">
      <ele>2160.9</ele></trkpt>
      <trkpt lat="46.55490769989559" lon="8.585780596942843">
      <ele>2161.9</ele></trkpt>
      <trkpt lat="46.554970843885464" lon="8.585840647256546">
      <ele>2162.9</ele></trkpt>
      <trkpt lat="46.55506810173998" lon="8.585940049266682">
      <ele>2163.8</ele></trkpt>
      <trkpt lat="46.555166781514345" lon="8.58605188412004">
      <ele>2164.8</ele></trkpt>
      <trkpt lat="46.55525189865824" lon="8.586143674132478">
      <ele>2165.8</ele></trkpt>
      <trkpt lat="46.55529383246486" lon="8.58620334075959">
      <ele>2166.8</ele></trkpt>
      <trkpt lat="46.55533916568882" lon="8.586296126490842">
      <ele>2167.8</ele></trkpt>
      <trkpt lat="46.555386086923846" lon="8.586386663805389">
      <ele>2168.7</ele></trkpt>
      <trkpt lat="46.555424987611104" lon="8.586437528690224">
      <ele>2169.7</ele></trkpt>
      <trkpt lat="46.555501301566565" lon="8.586503884807136">
      <ele>2170.7</ele></trkpt>
      <trkpt lat="46.5555496567629" lon="8.586550372851997">
      <ele>2171.7</ele></trkpt>
      <trkpt lat="46.55558322321538" lon="8.586602050816605">
      <ele>2172.8</ele></trkpt>
      <trkpt lat="46.55560553332419" lon="8.586652107694723">
      <ele>2173.8</ele></trkpt>
      <trkpt lat="46.55567079527148" lon="8.586952402914681">
      <ele>2174.8</ele></trkpt>
      <trkpt lat="46.555711768517206" lon="8.587155298109868">
      <ele>2175.8</ele></trkpt>
      <trkpt lat="46.555750300784815" lon="8.58732369918195">
      <ele>2176.8</ele></trkpt>
      <trkpt lat="46.55575831709846" lon="8.587391372185744">
      <ele>2177.9</ele></trkpt>
      <trkpt lat="46.55576121184881" lon="8.587441473914566">
      <ele>2178.9</ele></trkpt>
      <trkpt lat="46.55576065287883" lon="8.587519985006589">
      <ele>2179.9</ele></trkpt>
      <trkpt lat="46.55576253843812" lon="8.58757558188359">
      <ele>2180.9</ele></trkpt>
      <trkpt lat="46.55576960038492" lon="8.58761659086445">
      <ele>2182.0</ele></trkpt>
      <trkpt lat="46.55578514966243" lon="8.587654571822496">
      <ele>2183.0</ele></trkpt>
      <trkpt lat="46.55581271020157" lon="8.587711170271724">
      <ele>2184.0</ele></trkpt>
      <trkpt lat="46.55586099342659" lon="8.587799469319462">
      <ele>2185.0</ele></trkpt>
      <trkpt lat="46.555879773142834" lon="8.587833815188006">
      <ele>2186.1</ele></trkpt>
      <trkpt lat="46.555906742674225" lon="8.58789547444318">
      <ele>2187.1</ele></trkpt>
      <trkpt lat="46.555928882527496" lon="8.587958765729635">
      <ele>2188.1</ele></trkpt>
      <trkpt lat="46.55594630708587" lon="8.588013258213497">
      <ele>2189.1</ele></trkpt>
      <trkpt lat="46.55599343188962" lon="8.58820460069374">
      <ele>2190.2</ele></trkpt>
      <trkpt lat="46.556011955336515" lon="8.5882678545215">
      <ele>2191.2</ele></trkpt>
      <trkpt lat="46.55602724370852" lon="8.58829958338245">
      <ele>2192.0</ele></trkpt>
      <trkpt lat="46.55605099574552" lon="8.58832795777586">
      <ele>2192.9</ele></trkpt>
      <trkpt lat="46.556082184508604" lon="8.588346878513315">
      <ele>2193.7</ele></trkpt>
      <trkpt lat="46.55617813497402" lon="8.588392058382418">
      <ele>2194.5</ele></trkpt>
      <trkpt lat="46.556217231653285" lon="8.588427005810422">
      <ele>2195.3</ele></trkpt>
      <trkpt lat="46.5562432526093" lon="8.588467661613132">
      <ele>2196.2</ele></trkpt>
      <trkpt lat="46.55626419539872" lon="8.588529193563794">
      <ele>2197.0</ele></trkpt>
      <trkpt lat="46.55628482831458" lon="8.588618706345214">
      <ele>2197.8</ele></trkpt>
      <trkpt lat="46.55629702200973" lon="8.588743852232751">
      <ele>2198.7</ele></trkpt>
      <trkpt lat="46.556312504211384" lon="8.588839150520604">
      <ele>2199.5</ele></trkpt>
      <trkpt lat="46.556336549199344" lon="8.588938191222999">
      <ele>2200.3</ele></trkpt>
      <trkpt lat="46.556362915165145" lon="8.58900609873163">
      <ele>2201.2</ele></trkpt>
      <trkpt lat="46.55640606481205" lon="8.589070828763488">
      <ele>2202.0</ele></trkpt>
      <trkpt lat="46.55645375739002" lon="8.589153379118166">
      <ele>2202.8</ele></trkpt>
      <trkpt lat="46.55649276857083" lon="8.589242122452514">
      <ele>2203.7</ele></trkpt>
      <trkpt lat="46.55651461622949" lon="8.589326223332781">
      <ele>2204.5</ele></trkpt>
      <trkpt lat="46.556533398939145" lon="8.589425152742457">
      <ele>2205.3</ele></trkpt>
      <trkpt lat="46.55655206544889" lon="8.589496431327051">
      <ele>2206.1</ele></trkpt>
      <trkpt lat="46.55657232892232" lon="8.589555693376722">
      <ele>2207.0</ele></trkpt>
      <trkpt lat="46.55660022328197" lon="8.589616552337917">
      <ele>2207.8</ele></trkpt>
      <trkpt lat="46.55663808922276" lon="8.589683296581107">
      <ele>2208.9</ele></trkpt>
      <trkpt lat="46.55671571172671" lon="8.589817529817438">
      <ele>2209.9</ele></trkpt>
      <trkpt lat="46.556773642160515" lon="8.589922274457912">
      <ele>2211.0</ele></trkpt>
      <trkpt lat="46.55683952233677" lon="8.590040660602856">
      <ele>2212.0</ele></trkpt>
      <trkpt lat="46.55690066214573" lon="8.590155398814318">
      <ele>2213.1</ele></trkpt>
      <trkpt lat="46.55694288937592" lon="8.59025341956529">
      <ele>2214.1</ele></trkpt>
      <trkpt lat="46.55696822571525" lon="8.59032697977117">
      <ele>2215.2</ele></trkpt>
      <trkpt lat="46.55699611253312" lon="8.59038854368179">
      <ele>2216.2</ele></trkpt>
      <trkpt lat="46.55705551022845" lon="8.590490490636348">
      <ele>2217.2</ele></trkpt>
      <trkpt lat="46.55712801351453" lon="8.590613988016797">
      <ele>2218.3</ele></trkpt>
      <trkpt lat="46.557175608149876" lon="8.590704324764294">
      <ele>2219.4</ele></trkpt>
      <trkpt lat="46.557209120115054" lon="8.590774525196046">
      <ele>2220.4</ele></trkpt>
      <trkpt lat="46.55723750062989" lon="8.590870817606415">
      <ele>2221.5</ele></trkpt>
      <trkpt lat="46.55726532164113" lon="8.590973488730786">
      <ele>2222.5</ele></trkpt>
      <trkpt lat="46.55728510036485" lon="8.591033459113621">
      <ele>2223.6</ele></trkpt>
      <trkpt lat="46.55730881487731" lon="8.591085010031357">
      <ele>2224.6</ele></trkpt>
      <trkpt lat="46.55733412467902" lon="8.591123839984986">
      <ele>2225.7</ele></trkpt>
      <trkpt lat="46.55738077715759" lon="8.591176596758821">
      <ele>2226.7</ele></trkpt>
      <trkpt lat="46.55745016623997" lon="8.591246883626198">
      <ele>2227.8</ele></trkpt>
      <trkpt lat="46.557511847197354" lon="8.591320527835032">
      <ele>2228.8</ele></trkpt>
      <trkpt lat="46.557581850359774" lon="8.591416325175251">
      <ele>2229.7</ele></trkpt>
      <trkpt lat="46.557659265187645" lon="8.591530017738073">
      <ele>2230.6</ele></trkpt>
      <trkpt lat="46.55771397382833" lon="8.591633823622784">
      <ele>2231.4</ele></trkpt>
      <trkpt lat="46.557795393203634" lon="8.591820167869725">
      <ele>2232.3</ele></trkpt>
      <trkpt lat="46.557849118455515" lon="8.591894934847007">
      <ele>2233.2</ele></trkpt>
      <trkpt lat="46.557890234947976" lon="8.591931989591135">
      <ele>2234.1</ele></trkpt>
      <trkpt lat="46.55793565271161" lon="8.591969840322069">
      <ele>2234.9</ele></trkpt>
      <trkpt lat="46.55797218170739" lon="8.591992620703552">
      <ele>2235.8</ele></trkpt>
      <trkpt lat="46.558008045311404" lon="8.592029563662425">
      <ele>2236.7</ele></trkpt>
      <trkpt lat="46.55804044985737" lon="8.592074923342656">
      <ele>2237.6</ele></trkpt>
      <trkpt lat="46.55808643055099" lon="8.592144204682086">
      <ele>2238.4</ele></trkpt>
      <trkpt lat="46.558207926005586" lon="8.592314854841746">
      <ele>2239.3</ele></trkpt>
      <trkpt lat="46.55831228176927" lon="8.592452782810135">
      <ele>2240.2</ele></trkpt>
      <trkpt lat="46.558414206559746" lon="8.59257846505681">
      <ele>2241.1</ele></trkpt>
      <trkpt lat="46.55851914559919" lon="8.592693452246962">
      <ele>2241.9</ele></trkpt>
      <trkpt lat="46.55858950542489" lon="8.59276196343504">
      <ele>2242.8</ele></trkpt>
      <trkpt lat="46.5586872111904" lon="8.59285299501965">
      <ele>2243.7</ele></trkpt>
      <trkpt lat="46.558741561087814" lon="8.592893619950491">
      <ele>2244.6</ele></trkpt>
      <trkpt lat="46.55877159330302" lon="8.59290054682278">
      <ele>2245.4</ele></trkpt>
      <trkpt lat="46.55880173876228" lon="8.592898085690635">
      <ele>2246.3</ele></trkpt>
      <trkpt lat="46.55881897748914" lon="8.59288908900231">
      <ele>2246.6</ele></trkpt>
      <trkpt lat="46.558830849614075" lon="8.592874343594858">
      <ele>2246.9</ele></trkpt>
      <trkpt lat="46.55883905102142" lon="8.592850742449619">
      <ele>2247.2</ele></trkpt>
      <trkpt lat="46.55884396608868" lon="8.59282207602299">
      <ele>2247.5</ele></trkpt>
      <trkpt lat="46.558845125236566" lon="8.592792064394281">
      <ele>2247.8</ele></trkpt>
      <trkpt lat="46.55883709187944" lon="8.592761856735137">
      <ele>2248.1</ele></trkpt>
      <trkpt lat="46.55882149840621" lon="8.592734604971918">
      <ele>2248.4</ele></trkpt>
      <trkpt lat="46.55880332942267" lon="8.59271291951875">
      <ele>2248.7</ele></trkpt>
      <trkpt lat="46.558772190067195" lon="8.592682101816159">
      <ele>2249.0</ele></trkpt>
      <trkpt lat="46.558698534457804" lon="8.592608564179361">
      <ele>2249.2</ele></trkpt>
      <trkpt lat="46.55863654814355" lon="8.59255091316163">
      <ele>2249.5</ele></trkpt>
      <trkpt lat="46.55861428180229" lon="8.592521628172001">
      <ele>2249.8</ele></trkpt>
      <trkpt lat="46.55860325277961" lon="8.592497604035636">
      <ele>2250.1</ele></trkpt>
      <trkpt lat="46.55860149480736" lon="8.59246691736019">
      <ele>2250.4</ele></trkpt>
      <trkpt lat="46.55860626496431" lon="8.592450755418563">
      <ele>2250.7</ele></trkpt>
      <trkpt lat="46.558616905956455" lon="8.592434092606709">
      <ele>2251.0</ele></trkpt>
      <trkpt lat="46.558632894395075" lon="8.59242506914764">
      <ele>2251.3</ele></trkpt>
      <trkpt lat="46.55864795759814" lon="8.592424777289567">
      <ele>2251.6</ele></trkpt>
      <trkpt lat="46.55866588427488" lon="8.592429554691494">
      <ele>2251.9</ele></trkpt>
      <trkpt lat="46.5586954329402" lon="8.592443357286427">
      <ele>2252.2</ele></trkpt>
      <trkpt lat="46.55874686978321" lon="8.592482041619897">
      <ele>2252.6</ele></trkpt>
      <trkpt lat="46.55882813318978" lon="8.592547042163739">
      <ele>2252.9</ele></trkpt>
      <trkpt lat="46.55892731304354" lon="8.592618711304826">
      <ele>2253.3</ele></trkpt>
      <trkpt lat="46.55901945707847" lon="8.59268333129716">
      <ele>2253.7</ele></trkpt>
      <trkpt lat="46.55910384745842" lon="8.592738056585617">
      <ele>2254.0</ele></trkpt>
      <trkpt lat="46.559133164603445" lon="8.592756941036967">
      <ele>2254.4</ele></trkpt>
      <trkpt lat="46.559167044784" lon="8.592786291483545">
      <ele>2254.8</ele></trkpt>
      <trkpt lat="46.55921940185892" lon="8.592833577981288">
      <ele>2255.1</ele></trkpt>
      <trkpt lat="46.559264992200404" lon="8.592872125332033">
      <ele>2255.5</ele></trkpt>
      <trkpt lat="46.559315003398616" lon="8.592902341655353">
      <ele>2255.8</ele></trkpt>
      <trkpt lat="46.55942687843273" lon="8.59295970145848">
      <ele>2256.2</ele></trkpt>
      <trkpt lat="46.55950480142804" lon="8.593010755146368">
      <ele>2256.6</ele></trkpt>
      <trkpt lat="46.55958025984572" lon="8.593070625275377">
      <ele>2256.9</ele></trkpt>
      <trkpt lat="46.559660695408255" lon="8.59313561005242">
      <ele>2257.3</ele></trkpt>
      <trkpt lat="46.5597237576522" lon="8.593182069255631">
      <ele>2257.7</ele></trkpt>
      <trkpt lat="46.55978901989859" lon="8.593219184902946">
      <ele>2258.0</ele></trkpt>
      <trkpt lat="46.55985557036544" lon="8.59325258492172">
      <ele>2258.4</ele></trkpt>
      <trkpt lat="46.559912102022516" lon="8.593283880104723">
      <ele>2258.8</ele></trkpt>
      <trkpt lat="46.559963150235134" lon="8.59332005365409">
      <ele>2259.1</ele></trkpt>
      <trkpt lat="46.560062960287446" lon="8.593411133468207">
      <ele>2259.5</ele></trkpt>
      <trkpt lat="46.560156205150406" lon="8.593498434642559">
      <ele>2259.5</ele></trkpt>
      <trkpt lat="46.5601946849067" lon="8.59353462728882">
      <ele>2259.5</ele></trkpt>
      <trkpt lat="46.56023011102498" lon="8.59356498998897">
      <ele>2259.6</ele></trkpt>
      <trkpt lat="46.560274534052716" lon="8.593605065841444">
      <ele>2259.6</ele></trkpt>
      <trkpt lat="46.5603673638993" lon="8.593698671474648">
      <ele>2259.6</ele></trkpt>
      <trkpt lat="46.56045263359388" lon="8.593789024951839">
      <ele>2259.6</ele></trkpt>
      <trkpt lat="46.560505940623464" lon="8.593837520713366">
      <ele>2259.6</ele></trkpt>
      <trkpt lat="46.56054569628398" lon="8.593864115572739">
      <ele>2259.7</ele></trkpt>
      <trkpt lat="46.56059717931511" lon="8.593892004225028">
      <ele>2259.7</ele></trkpt>
      <trkpt lat="46.56065209623704" lon="8.5939254832997">
      <ele>2259.7</ele></trkpt>
      <trkpt lat="46.56067532454115" lon="8.593939739221483">
      <ele>2259.7</ele></trkpt>
      <trkpt lat="46.560687601427134" lon="8.593948935562658">
      <ele>2259.7</ele></trkpt>
      <trkpt lat="46.56071583188471" lon="8.593966728525633">
      <ele>2259.8</ele></trkpt>
      <trkpt lat="46.560757701492996" lon="8.593995116439709">
      <ele>2259.8</ele></trkpt>
      <trkpt lat="46.560841438579835" lon="8.594051214131452">
      <ele>2259.8</ele></trkpt>
      <trkpt lat="46.56099102265056" lon="8.59416300196856">
      <ele>2259.8</ele></trkpt>
      <trkpt lat="46.56110502773592" lon="8.594256827202482">
      <ele>2259.8</ele></trkpt>
      <trkpt lat="46.56120138983803" lon="8.59433034660091">
      <ele>2259.9</ele></trkpt>
      <trkpt lat="46.561248770812846" lon="8.594358187565087">
      <ele>2259.9</ele></trkpt>
      <trkpt lat="46.56130594323035" lon="8.594375972946757">
      <ele>2259.9</ele></trkpt>
      <trkpt lat="46.561362313681244" lon="8.594384141678804">
      <ele>2259.9</ele></trkpt>
      <trkpt lat="46.561423333074245" lon="8.594388992472368">
      <ele>2259.9</ele></trkpt>
      <trkpt lat="46.561483941773616" lon="8.59440150373738">
      <ele>2259.9</ele></trkpt>
      <trkpt lat="46.56160382887885" lon="8.594452975107895">
      <ele>2259.9</ele></trkpt>
      <trkpt lat="46.56168215226293" lon="8.594469869016827">
      <ele>2259.9</ele></trkpt>
      <trkpt lat="46.56175266263272" lon="8.594478300772376">
      <ele>2260.0</ele></trkpt>
      <trkpt lat="46.5617972400595" lon="8.594479239806136">
      <ele>2260.0</ele></trkpt>
      <trkpt lat="46.56186583939321" lon="8.594492469729941">
      <ele>2260.0</ele></trkpt>
      <trkpt lat="46.56197378055779" lon="8.594518996058369">
      <ele>2260.0</ele></trkpt>
      <trkpt lat="46.5620507238095" lon="8.594534478137577">
      <ele>2260.0</ele></trkpt>
      <trkpt lat="46.56210500913056" lon="8.594539785310083">
      <ele>2260.0</ele></trkpt>
      <trkpt lat="46.56218538226622" lon="8.594537341266523">
      <ele>2260.0</ele></trkpt>
      <trkpt lat="46.56224851938757" lon="8.594540072386332">
      <ele>2260.0</ele></trkpt>
      <trkpt lat="46.562305981411505" lon="8.594552373326827">
      <ele>2260.0</ele></trkpt>
      <trkpt lat="46.56240551741195" lon="8.594583559459874">
      <ele>2260.1</ele></trkpt>
      <trkpt lat="46.56250886648878" lon="8.594605149134356">
      <ele>2260.1</ele></trkpt>
      <trkpt lat="46.562607686963425" lon="8.594615555451927">
      <ele>2260.1</ele></trkpt>
      <trkpt lat="46.56268469353315" lon="8.594624804553169">
      <ele>2260.1</ele></trkpt>
      <trkpt lat="46.562727317516845" lon="8.59463471485538">
      <ele>2260.1</ele></trkpt>
      <trkpt lat="46.562797263676515" lon="8.594653517346377">
      <ele>2260.1</ele></trkpt>
      <trkpt lat="46.562865722402066" lon="8.594680583615094">
      <ele>2260.1</ele></trkpt>
      <trkpt lat="46.562927685040336" lon="8.59470681988698">
      <ele>2260.1</ele></trkpt>
      <trkpt lat="46.563049050502364" lon="8.594782781060884">
      <ele>2260.0</ele></trkpt>
      <trkpt lat="46.563187520195406" lon="8.594867416612056">
      <ele>2260.0</ele></trkpt>
      <trkpt lat="46.563220316737016" lon="8.59488472148873">
      <ele>2260.0</ele></trkpt>
      <trkpt lat="46.56328170795165" lon="8.594922032801623">
      <ele>2260.0</ele></trkpt>
      <trkpt lat="46.56337302108838" lon="8.594984192041144">
      <ele>2260.0</ele></trkpt>
      <trkpt lat="46.56341550625233" lon="8.595008643153193">
      <ele>2259.9</ele></trkpt>
      <trkpt lat="46.56344138112267" lon="8.595020961187032">
      <ele>2259.9</ele></trkpt>
      <trkpt lat="46.563475712162315" lon="8.595043959861222">
      <ele>2259.9</ele></trkpt>
      <trkpt lat="46.56352568045498" lon="8.595086310006943">
      <ele>2259.9</ele></trkpt>
      <trkpt lat="46.563612472747906" lon="8.59516218617898">
      <ele>2259.9</ele></trkpt>
      <trkpt lat="46.56367086447744" lon="8.595203386136772">
      <ele>2259.8</ele></trkpt>
      <trkpt lat="46.56372869857869" lon="8.595248109041707">
      <ele>2259.8</ele></trkpt>
      <trkpt lat="46.563760028147534" lon="8.595276965563457">
      <ele>2259.8</ele></trkpt>
      <trkpt lat="46.563835364068545" lon="8.595347888799">
      <ele>2259.8</ele></trkpt>
      <trkpt lat="46.56391135017444" lon="8.595430956584714">
      <ele>2259.8</ele></trkpt>
      <trkpt lat="46.56397192754851" lon="8.59551289954539">
      <ele>2259.7</ele></trkpt>
      <trkpt lat="46.56402397848902" lon="8.595584877756858">
      <ele>2259.7</ele></trkpt>
      <trkpt lat="46.56406804178627" lon="8.595646107019766">
      <ele>2259.7</ele></trkpt>
      <trkpt lat="46.5641102225395" lon="8.595711978764832">
      <ele>2259.8</ele></trkpt>
      <trkpt lat="46.56412401141577" lon="8.595731721525844">
      <ele>2259.9</ele></trkpt>
      <trkpt lat="46.56414283840482" lon="8.595768267773577">
      <ele>2260.0</ele></trkpt>
      <trkpt lat="46.56415642645926" lon="8.595793601953282">
      <ele>2260.2</ele></trkpt>
      <trkpt lat="46.56417062092519" lon="8.595835384000761">
      <ele>2260.3</ele></trkpt>
      <trkpt lat="46.56418618147583" lon="8.595896760632009">
      <ele>2260.4</ele></trkpt>
      <trkpt lat="46.56420622512442" lon="8.595954320104303">
      <ele>2260.5</ele></trkpt>
      <trkpt lat="46.56423183197065" lon="8.596005359420275">
      <ele>2260.6</ele></trkpt>
      <trkpt lat="46.56427719129953" lon="8.596067399600782">
      <ele>2260.7</ele></trkpt>
      <trkpt lat="46.56431082935473" lon="8.59610101500789">
      <ele>2260.8</ele></trkpt>
      <trkpt lat="46.56434924720104" lon="8.596127297839114">
      <ele>2261.0</ele></trkpt>
      <trkpt lat="46.56439477343715" lon="8.596149050096784">
      <ele>2261.1</ele></trkpt>
      <trkpt lat="46.5644887955845" lon="8.596183631178038">
      <ele>2261.2</ele></trkpt>
      <trkpt lat="46.56452884717271" lon="8.596204079460094">
      <ele>2261.3</ele></trkpt>
      <trkpt lat="46.56452884717271" lon="8.596204079460094">
      <ele>2261.4</ele></trkpt>
      <trkpt lat="46.56453051426969" lon="8.596150753551548">
      <ele>2261.5</ele></trkpt>
      <trkpt lat="46.56451906215929" lon="8.596115329878458">
      <ele>2261.7</ele></trkpt>
      <trkpt lat="46.56450466704926" lon="8.596098586988955">
      <ele>2261.8</ele></trkpt>
      <trkpt lat="46.56448201194195" lon="8.59608284136639">
      <ele>2261.9</ele></trkpt>
      <trkpt lat="46.564454560133726" lon="8.596073436717543">
      <ele>2262.0</ele></trkpt>
      <trkpt lat="46.56442047308923" lon="8.59605919445847">
      <ele>2262.6</ele></trkpt>
      <trkpt lat="46.56439353033259" lon="8.596038661471914">
      <ele>2263.3</ele></trkpt>
      <trkpt lat="46.56437415136855" lon="8.596009511924871">
      <ele>2263.9</ele></trkpt>
      <trkpt lat="46.56435487071722" lon="8.595969812223919">
      <ele>2264.5</ele></trkpt>
      <trkpt lat="46.56434818847217" lon="8.595929795014902">
      <ele>2265.2</ele></trkpt>
      <trkpt lat="46.56433856064199" lon="8.59586979724428">
      <ele>2265.8</ele></trkpt>
      <trkpt lat="46.564337041315824" lon="8.595784772645052">
      <ele>2266.4</ele></trkpt>
      <trkpt lat="46.56433696240599" lon="8.595673991650179">
      <ele>2267.0</ele></trkpt>
      <trkpt lat="46.564332737826895" lon="8.595624074771543">
      <ele>2267.7</ele></trkpt>
      <trkpt lat="46.56431394814747" lon="8.595575007392533">
      <ele>2268.3</ele></trkpt>
      <trkpt lat="46.56429500659686" lon="8.595541758677147">
      <ele>2268.9</ele></trkpt>
      <trkpt lat="46.56427669255969" lon="8.595523771352706">
      <ele>2269.6</ele></trkpt>
      <trkpt lat="46.56424639053679" lon="8.595484997170216">
      <ele>2270.2</ele></trkpt>
      <trkpt lat="46.56421973064718" lon="8.595435748638002">
      <ele>2270.8</ele></trkpt>
      <trkpt lat="46.56419271660466" lon="8.595382396904883">
      <ele>2271.4</ele></trkpt>
      <trkpt lat="46.564162120193025" lon="8.595333638248176">
      <ele>2272.1</ele></trkpt>
      <trkpt lat="46.56413448996283" lon="8.595303725759525">
      <ele>2272.7</ele></trkpt>
      <trkpt lat="46.56410568450028" lon="8.595272601220334">
      <ele>2273.3</ele></trkpt>
      <trkpt lat="46.56409328878073" lon="8.59525297966552">
      <ele>2274.0</ele></trkpt>
      <trkpt lat="46.564084059067426" lon="8.59523166490809">
      <ele>2274.6</ele></trkpt>
      <trkpt lat="46.564083892528735" lon="8.595208222108647">
      <ele>2275.4</ele></trkpt>
      <trkpt lat="46.56409311966709" lon="8.595190849662949">
      <ele>2276.2</ele></trkpt>
      <trkpt lat="46.56410460224719" lon="8.595183477637967">
      <ele>2277.0</ele></trkpt>
      <trkpt lat="46.56412624594779" lon="8.595182792370343">
      <ele>2277.8</ele></trkpt>
      <trkpt lat="46.56415675063119" lon="8.5952016400718">
      <ele>2278.6</ele></trkpt>
      <trkpt lat="46.56421498657998" lon="8.595240463227803">
      <ele>2279.4</ele></trkpt>
      <trkpt lat="46.564258009089876" lon="8.59526603511233">
      <ele>2280.2</ele></trkpt>
      <trkpt lat="46.56431826839569" lon="8.595299632045482">
      <ele>2281.0</ele></trkpt>
      <trkpt lat="46.56435075774786" lon="8.595316174452563">
      <ele>2281.8</ele></trkpt>
      <trkpt lat="46.56443845991209" lon="8.595359175581038">
      <ele>2282.6</ele></trkpt>
      <trkpt lat="46.56449792183062" lon="8.59539332960599">
      <ele>2283.5</ele></trkpt>
      <trkpt lat="46.56458640965669" lon="8.595436921693135">
      <ele>2284.3</ele></trkpt>
      <trkpt lat="46.56465886257235" lon="8.595470192722926">
      <ele>2285.1</ele></trkpt>
      <trkpt lat="46.56472348696365" lon="8.595499187720652">
      <ele>2285.9</ele></trkpt>
      <trkpt lat="46.56480650585033" lon="8.595539141441925">
      <ele>2286.7</ele></trkpt>
      <trkpt lat="46.56485993026878" lon="8.595586640991137">
      <ele>2287.5</ele></trkpt>
      <trkpt lat="46.564914640111056" lon="8.595623628775162">
      <ele>2288.3</ele></trkpt>
      <trkpt lat="46.56498191268666" lon="8.595663807039067">
      <ele>2289.1</ele></trkpt>
      <trkpt lat="46.56503234089897" lon="8.595697181618824">
      <ele>2289.9</ele></trkpt>
      <trkpt lat="46.56507640446593" lon="8.595736263783722">
      <ele>2290.7</ele></trkpt>
      <trkpt lat="46.56515160614025" lon="8.595810630083427">
      <ele>2291.3</ele></trkpt>
      <trkpt lat="46.56521826814505" lon="8.59587191363604">
      <ele>2292.0</ele></trkpt>
      <trkpt lat="46.56525143566185" lon="8.595899610591035">
      <ele>2292.6</ele></trkpt>
      <trkpt lat="46.56526714624779" lon="8.595902894474436">
      <ele>2293.3</ele></trkpt>
      <trkpt lat="46.565280943545616" lon="8.595899693791011">
      <ele>2293.9</ele></trkpt>
      <trkpt lat="46.56529286358316" lon="8.595888235345573">
      <ele>2294.6</ele></trkpt>
      <trkpt lat="46.56529893981901" lon="8.59587019522716">
      <ele>2295.2</ele></trkpt>
      <trkpt lat="46.565298782406494" lon="8.595846752091635">
      <ele>2295.9</ele></trkpt>
      <trkpt lat="46.56528617578205" lon="8.595808955404278">
      <ele>2296.5</ele></trkpt>
      <trkpt lat="46.565270775149855" lon="8.595775194751848">
      <ele>2297.2</ele></trkpt>
      <trkpt lat="46.56524903650532" lon="8.595745407399583">
      <ele>2297.8</ele></trkpt>
      <trkpt lat="46.56521735928916" lon="8.595707398662613">
      <ele>2298.5</ele></trkpt>
      <trkpt lat="46.56523422553888" lon="8.595686393521968">
      <ele>2299.1</ele></trkpt>
      <trkpt lat="46.56524870688881" lon="8.595680507340528">
      <ele>2299.8</ele></trkpt>
      <trkpt lat="46.565260316236" lon="8.595692521094342">
      <ele>2300.4</ele></trkpt>
      <trkpt lat="46.56527466810317" lon="8.595701136879349">
      <ele>2301.1</ele></trkpt>
      <trkpt lat="46.56528948179212" lon="8.595707688574453">
      <ele>2301.8</ele></trkpt>
      <trkpt lat="46.56531165946227" lon="8.595697845101883">
      <ele>2302.4</ele></trkpt>
      <trkpt lat="46.565325580719495" lon="8.595703686395163">
      <ele>2303.0</ele></trkpt>
      <trkpt lat="46.56533236548593" lon="8.595701783583214">
      <ele>2303.7</ele></trkpt>
      <trkpt lat="46.56533388620022" lon="8.59568317644896">
      <ele>2304.2</ele></trkpt>
      <trkpt lat="46.56534636196209" lon="8.59569934364658">
      <ele>2304.7</ele></trkpt>
      <trkpt lat="46.565364721194456" lon="8.595712884400625">
      <ele>2305.2</ele></trkpt>
      <trkpt lat="46.565380686394015" lon="8.595741557018954">
      <ele>2305.8</ele></trkpt>
      <trkpt lat="46.565392180566775" lon="8.595766664384094">
      <ele>2306.3</ele></trkpt>
      <trkpt lat="46.56541330833386" lon="8.595773364170574">
      <ele>2306.8</ele></trkpt>
      <trkpt lat="46.565419198837255" lon="8.595770046548811">
      <ele>2307.3</ele></trkpt>
      <trkpt lat="46.565423836327795" lon="8.595756358349123">
      <ele>2307.8</ele></trkpt>
      <trkpt lat="46.565409634908455" lon="8.595731180040163">
      <ele>2308.3</ele></trkpt>
      <trkpt lat="46.56540799149129" lon="8.595713196548923">
      <ele>2308.8</ele></trkpt>
      <trkpt lat="46.565405608040926" lon="8.595678631534527">
      <ele>2309.4</ele></trkpt>
      <trkpt lat="46.56539316532055" lon="8.595658330128181">
      <ele>2309.9</ele></trkpt>
      <trkpt lat="46.565383479172674" lon="8.595633248398961">
      <ele>2310.4</ele></trkpt>
      <trkpt lat="46.565376695818564" lon="8.59558546721948">
      <ele>2310.9</ele></trkpt>
      <trkpt lat="46.5653655570096" lon="8.595571415638556">
      <ele>2311.4</ele></trkpt>
      <trkpt lat="46.56535128736921" lon="8.595553827465857">
      <ele>2311.9</ele></trkpt>
      <trkpt lat="46.565350025475034" lon="8.5955434436744">
      <ele>2312.5</ele></trkpt>
      <trkpt lat="46.565342062884895" lon="8.59552669471775">
      <ele>2313.0</ele></trkpt>
      <trkpt lat="46.56531897334699" lon="8.595488191352096">
      <ele>2313.5</ele></trkpt>
      <trkpt lat="46.56530690708777" lon="8.595476872228861">
      <ele>2314.0</ele></trkpt>
      <trkpt lat="46.56530235320583" lon="8.595431904089759">
      <ele>2314.7</ele></trkpt>
      <trkpt lat="46.5652905386743" lon="8.595392285251275">
      <ele>2315.3</ele></trkpt>
      <trkpt lat="46.565298324232366" lon="8.5953786643454">
      <ele>2316.0</ele></trkpt>
      <trkpt lat="46.56531412861787" lon="8.595376262972412">
      <ele>2316.6</ele></trkpt>
      <trkpt lat="46.5653277504189" lon="8.595365545149267">
      <ele>2317.3</ele></trkpt>
      <trkpt lat="46.56534308202552" lon="8.595364516312632">
      <ele>2317.9</ele></trkpt>
      <trkpt lat="46.5653661068483" lon="8.595361604038395">
      <ele>2318.6</ele></trkpt>
      <trkpt lat="46.565392334030115" lon="8.595352538294938">
      <ele>2319.2</ele></trkpt>
      <trkpt lat="46.56542301313172" lon="8.595349802669965">
      <ele>2319.9</ele></trkpt>
      <trkpt lat="46.565430662352064" lon="8.595351361868548">
      <ele>2320.6</ele></trkpt>
      <trkpt lat="46.565453410568566" lon="8.595377427150193">
      <ele>2321.2</ele></trkpt>
      <trkpt lat="46.56548250096959" lon="8.595400875768986">
      <ele>2321.9</ele></trkpt>
      <trkpt lat="46.56550347133455" lon="8.5954248291146">
      <ele>2322.5</ele></trkpt>
      <trkpt lat="46.565524523922015" lon="8.5954398100422">
      <ele>2323.2</ele></trkpt>
      <trkpt lat="46.565550403083044" lon="8.595469398970534">
      <ele>2323.8</ele></trkpt>
      <trkpt lat="46.565574441148904" lon="8.595503096528015">
      <ele>2324.5</ele></trkpt>
      <trkpt lat="46.56559216722189" lon="8.595537324411232">
      <ele>2325.1</ele></trkpt>
      <trkpt lat="46.565622797708045" lon="8.595589802717454">
      <ele>2325.8</ele></trkpt>
      <trkpt lat="46.565649786322254" lon="8.595645646811521">
      <ele>2326.4</ele></trkpt>
      <trkpt lat="46.56568993308513" lon="8.595692132846855">
      <ele>2327.1</ele></trkpt>
      <trkpt lat="46.565718587748485" lon="8.595714189764719">
      <ele>2327.7</ele></trkpt>
      <trkpt lat="46.565741356968765" lon="8.595738181802131">
      <ele>2328.4</ele></trkpt>
      <trkpt lat="46.56575697577149" lon="8.595755799000104">
      <ele>2329.0</ele></trkpt>
      <trkpt lat="46.56577498157766" lon="8.595758975423903">
      <ele>2329.6</ele></trkpt>
      <trkpt lat="46.56579340196793" lon="8.595765617362376">
      <ele>2330.3</ele></trkpt>
      <trkpt lat="46.565812184770344" lon="8.595782623957149">
      <ele>2330.9</ele></trkpt>
      <trkpt lat="46.565827504286936" lon="8.595783668960731">
      <ele>2331.5</ele></trkpt>
      <trkpt lat="46.565842011660834" lon="8.595774339690514">
      <ele>2332.2</ele></trkpt>
      <trkpt lat="46.56586735333999" lon="8.595763885514963">
      <ele>2332.8</ele></trkpt>
      <trkpt lat="46.56587693280014" lon="8.59575168553655">
      <ele>2333.4</ele></trkpt>
      <trkpt lat="46.56589109884227" lon="8.59572991804125">
      <ele>2334.1</ele></trkpt>
      <trkpt lat="46.56590467357165" lon="8.595724716789029">
      <ele>2334.7</ele></trkpt>
      <trkpt lat="46.56591669256781" lon="8.59574156573111">
      <ele>2335.4</ele></trkpt>
      <trkpt lat="46.56593633982106" lon="8.595762034453521">
      <ele>2336.0</ele></trkpt>
      <trkpt lat="46.56594839395818" lon="8.595775427507919">
      <ele>2336.6</ele></trkpt>
      <trkpt lat="46.56595537985971" lon="8.595799747407739">
      <ele>2337.3</ele></trkpt>
      <trkpt lat="46.565963337344925" lon="8.595817879149566">
      <ele>2337.9</ele></trkpt>
      <trkpt lat="46.56597894207579" lon="8.595836878806002">
      <ele>2338.5</ele></trkpt>
      <trkpt lat="46.56599623041265" lon="8.595869023699212">
      <ele>2339.2</ele></trkpt>
      <trkpt lat="46.566021570437236" lon="8.5959082671735">
      <ele>2339.8</ele></trkpt>
      <trkpt lat="46.56603930145396" lon="8.59594111291539">
      <ele>2340.6</ele></trkpt>
      <trkpt lat="46.56605123111905" lon="8.595967625653094">
      <ele>2341.3</ele></trkpt>
      <trkpt lat="46.566054953539016" lon="8.59600498506355">
      <ele>2342.1</ele></trkpt>
      <trkpt lat="46.56606808905666" lon="8.596047385142363">
      <ele>2342.9</ele></trkpt>
      <trkpt lat="46.566079814049694" lon="8.596096668403888">
      <ele>2343.7</ele></trkpt>
      <trkpt lat="46.56610012284906" lon="8.596144074341751">
      <ele>2344.4</ele></trkpt>
      <trkpt lat="46.566115701494276" lon="8.596166517207783">
      <ele>2345.2</ele></trkpt>
      <trkpt lat="46.5661254086197" lon="8.596189525821842">
      <ele>2346.0</ele></trkpt>
      <trkpt lat="46.56614587999647" lon="8.596218295381618">
      <ele>2346.7</ele></trkpt>
      <trkpt lat="46.56615755257471" lon="8.596224088796141">
      <ele>2347.5</ele></trkpt>
      <trkpt lat="46.566173225463636" lon="8.596235498462942">
      <ele>2348.3</ele></trkpt>
      <trkpt lat="46.566194673511454" lon="8.596256697321829">
      <ele>2349.0</ele></trkpt>
      <trkpt lat="46.56620533424307" lon="8.596273517417114">
      <ele>2349.8</ele></trkpt>
      <trkpt lat="46.566245197571924" lon="8.59630274104227">
      <ele>2350.6</ele></trkpt>
      <trkpt lat="46.566268477596786" lon="8.596319844179396">
      <ele>2351.3</ele></trkpt>
      <trkpt lat="46.56630661529635" lon="8.596340056628984">
      <ele>2352.1</ele></trkpt>
      <trkpt lat="46.566333169752774" lon="8.59634481188781">
      <ele>2352.9</ele></trkpt>
      <trkpt lat="46.566353445159194" lon="8.59634597613214">
      <ele>2353.7</ele></trkpt>
      <trkpt lat="46.566385289871675" lon="8.596363966940757">
      <ele>2354.4</ele></trkpt>
      <trkpt lat="46.566418912403556" lon="8.596384069819594">
      <ele>2355.2</ele></trkpt>
      <trkpt lat="46.56643460637542" lon="8.59639340602598">
      <ele>2356.0</ele></trkpt>
      <trkpt lat="46.56645334194524" lon="8.596415929691823">
      <ele>2356.9</ele></trkpt>
      <trkpt lat="46.566491859157054" lon="8.596443050739621">
      <ele>2357.7</ele></trkpt>
      <trkpt lat="46.56654157809651" lon="8.596478029279323">
      <ele>2358.6</ele></trkpt>
      <trkpt lat="46.566557648475296" lon="8.59649634795582">
      <ele>2359.4</ele></trkpt>
      <trkpt lat="46.56659076694338" lon="8.596522662253877">
      <ele>2360.2</ele></trkpt>
      <trkpt lat="46.56660958987475" lon="8.596534830843131">
      <ele>2361.1</ele></trkpt>
      <trkpt lat="46.56662676248285" lon="8.59652970670939">
      <ele>2361.9</ele></trkpt>
      <trkpt lat="46.56664750168518" lon="8.596529498272533">
      <ele>2362.8</ele></trkpt>
      <trkpt lat="46.56667013111607" lon="8.596520355895874">
      <ele>2363.6</ele></trkpt>
      <trkpt lat="46.566678173912074" lon="8.596527441400953">
      <ele>2364.4</ele></trkpt>
      <trkpt lat="46.56668660001988" lon="8.596542831202253">
      <ele>2365.3</ele></trkpt>
      <trkpt lat="46.566715214405434" lon="8.596569714464415">
      <ele>2366.1</ele></trkpt>
      <trkpt lat="46.56672229639047" lon="8.596583692837486">
      <ele>2367.0</ele></trkpt>
      <trkpt lat="46.56673353836189" lon="8.596586711812044">
      <ele>2367.8</ele></trkpt>
      <trkpt lat="46.566767101597605" lon="8.5966144054091">
      <ele>2368.6</ele></trkpt>
      <trkpt lat="46.566786414363214" lon="8.596621758200541">
      <ele>2369.5</ele></trkpt>
      <trkpt lat="46.56680171276801" lon="8.596624877036522">
      <ele>2370.3</ele></trkpt>
      <trkpt lat="46.56682322899545" lon="8.596638486030484">
      <ele>2371.2</ele></trkpt>
      <trkpt lat="46.56684668247592" lon="8.596637657420697">
      <ele>2372.0</ele></trkpt>
      <trkpt lat="46.566875049909434" lon="8.59664106898412">
      <ele>2372.8</ele></trkpt>
      <trkpt lat="46.56689543367921" lon="8.596629817572163">
      <ele>2373.6</ele></trkpt>
      <trkpt lat="46.56691882607445" lon="8.596635875001796">
      <ele>2374.3</ele></trkpt>
      <trkpt lat="46.5669260185118" lon="8.5966381159948">
      <ele>2375.1</ele></trkpt>
      <trkpt lat="46.5669343815581" lon="8.596659700543968">
      <ele>2375.9</ele></trkpt>
      <trkpt lat="46.56694355848724" lon="8.596692364026545">
      <ele>2376.7</ele></trkpt>
      <trkpt lat="46.56694982345607" lon="8.596697337512873">
      <ele>2377.5</ele></trkpt>
      <trkpt lat="46.566965237399465" lon="8.596687336349303">
      <ele>2378.2</ele></trkpt>
      <trkpt lat="46.56698331833656" lon="8.59668224471329">
      <ele>2379.0</ele></trkpt>
      <trkpt lat="46.56699107096732" lon="8.596672757884294">
      <ele>2379.8</ele></trkpt>
      <trkpt lat="46.566997173293004" lon="8.596645978199113">
      <ele>2380.6</ele></trkpt>
      <trkpt lat="46.56700405953998" lon="8.59663233779584">
      <ele>2381.4</ele></trkpt>
      <trkpt lat="46.567014428227345" lon="8.596631881382113">
      <ele>2382.1</ele></trkpt>
      <trkpt lat="46.56701748190861" lon="8.59664299520987">
      <ele>2382.9</ele></trkpt>
      <trkpt lat="46.56702102739409" lon="8.596649984536072">
      <ele>2383.7</ele></trkpt>
      <trkpt lat="46.56704757480197" lon="8.596655431205074">
      <ele>2384.5</ele></trkpt>
      <trkpt lat="46.56707122175255" lon="8.596655924210088">
      <ele>2385.3</ele></trkpt>
      <trkpt lat="46.56709947399176" lon="8.596677725752633">
      <ele>2386.0</ele></trkpt>
      <trkpt lat="46.567133994444546" lon="8.596687386798415">
      <ele>2386.8</ele></trkpt>
      <trkpt lat="46.56715496726263" lon="8.596667760481829">
      <ele>2387.6</ele></trkpt>
      <trkpt lat="46.56715999916035" lon="8.596627704814898">
      <ele>2388.3</ele></trkpt>
      <trkpt lat="46.56717314540501" lon="8.596621294421347">
      <ele>2388.9</ele></trkpt>
      <trkpt lat="46.567198357893886" lon="8.596638569787613">
      <ele>2389.6</ele></trkpt>
      <trkpt lat="46.567241274183665" lon="8.596655102226006">
      <ele>2390.3</ele></trkpt>
      <trkpt lat="46.567255000977156" lon="8.596667670676215">
      <ele>2390.9</ele></trkpt>
      <trkpt lat="46.567269367409175" lon="8.59669252751814">
      <ele>2391.6</ele></trkpt>
      <trkpt lat="46.567275224649016" lon="8.59672165037516">
      <ele>2392.3</ele></trkpt>
      <trkpt lat="46.56728509046132" lon="8.596735244985378">
      <ele>2393.0</ele></trkpt>
      <trkpt lat="46.56731573609838" lon="8.596748175563382">
      <ele>2393.6</ele></trkpt>
      <trkpt lat="46.56735865223922" lon="8.5967647211661">
      <ele>2394.3</ele></trkpt>
      <trkpt lat="46.567380663771374" lon="8.596794189827705">
      <ele>2395.0</ele></trkpt>
      <trkpt lat="46.5674210617034" lon="8.596831865610092">
      <ele>2395.6</ele></trkpt>
      <trkpt lat="46.56745058173253" lon="8.596879365812832">
      <ele>2396.3</ele></trkpt>
      <trkpt lat="46.56746582400995" lon="8.59689418434866">
      <ele>2397.0</ele></trkpt>
      <trkpt lat="46.56747777655368" lon="8.596929033837402">
      <ele>2397.7</ele></trkpt>
      <trkpt lat="46.56749151473427" lon="8.596940480841113">
      <ele>2398.3</ele></trkpt>
      <trkpt lat="46.567503637733985" lon="8.596958585037141">
      <ele>2399.0</ele></trkpt>
      <trkpt lat="46.56751357162639" lon="8.596965489443878">
      <ele>2399.7</ele></trkpt>
      <trkpt lat="46.567536950708224" lon="8.597011736526403">
      <ele>2400.3</ele></trkpt>
      <trkpt lat="46.567566434380176" lon="8.597063684287118">
      <ele>2401.0</ele></trkpt>
      <trkpt lat="46.56760504667472" lon="8.597124749903665">
      <ele>2401.5</ele></trkpt>
      <trkpt lat="46.567630669184446" lon="8.597177736943111">
      <ele>2402.1</ele></trkpt>
      <trkpt lat="46.56762947307066" lon="8.597220105630976">
      <ele>2402.6</ele></trkpt>
      <trkpt lat="46.56762986286156" lon="8.597256925271251">
      <ele>2403.2</ele></trkpt>
      <trkpt lat="46.567641997098804" lon="8.59727392105201">
      <ele>2403.7</ele></trkpt>
      <trkpt lat="46.56764707822726" lon="8.597304149376022">
      <ele>2404.2</ele></trkpt>
      <trkpt lat="46.567654416546205" lon="8.597338887225654">
      <ele>2404.8</ele></trkpt>
      <trkpt lat="46.56766416859941" lon="8.59736364562244">
      <ele>2405.3</ele></trkpt>
      <trkpt lat="46.56768093746906" lon="8.59737961886416">
      <ele>2405.9</ele></trkpt>
      <trkpt lat="46.567693367062965" lon="8.59736761023501">
      <ele>2406.4</ele></trkpt>
      <trkpt lat="46.56769287504636" lon="8.597340832560304">
      <ele>2406.9</ele></trkpt>
      <trkpt lat="46.56769689742193" lon="8.597323073931376">
      <ele>2407.5</ele></trkpt>
      <trkpt lat="46.567710055126675" lon="8.597315542067804">
      <ele>2408.0</ele></trkpt>
      <trkpt lat="46.56771522708462" lon="8.59733684999565">
      <ele>2408.6</ele></trkpt>
      <trkpt lat="46.56772195982627" lon="8.597355960753308">
      <ele>2409.1</ele></trkpt>
      <trkpt lat="46.567735700390855" lon="8.597366286148493">
      <ele>2409.6</ele></trkpt>
      <trkpt lat="46.56773707935983" lon="8.597381942898826">
      <ele>2410.2</ele></trkpt>
      <trkpt lat="46.567747505098936" lon="8.59741563815666">
      <ele>2410.7</ele></trkpt>
      <trkpt lat="46.56775808765067" lon="8.59743481833457">
      <ele>2411.3</ele></trkpt>
      <trkpt lat="46.56777566634321" lon="8.59744636081654">
      <ele>2411.8</ele></trkpt>
      <trkpt lat="46.5677871837077" lon="8.597448838060956">
      <ele>2412.3</ele></trkpt>
      <trkpt lat="46.56779940889898" lon="8.597456900440786">
      <ele>2412.9</ele></trkpt>
      <trkpt lat="46.56780371631001" lon="8.597487125345623">
      <ele>2413.4</ele></trkpt>
      <trkpt lat="46.56781060815175" lon="8.597490612317872">
      <ele>2413.9</ele></trkpt>
      <trkpt lat="46.5678290309426" lon="8.5974943592824">
      <ele>2414.5</ele></trkpt>
      <trkpt lat="46.567844273139606" lon="8.597509178095159">
      <ele>2415.0</ele></trkpt>
      <trkpt lat="46.56784938821009" lon="8.59753606790262">
      <ele>2415.5</ele></trkpt>
      <trkpt lat="46.56784767971054" lon="8.5975527673446">
      <ele>2416.1</ele></trkpt>
      <trkpt lat="46.567840572150054" lon="8.597570459929937">
      <ele>2416.6</ele></trkpt>
      <trkpt lat="46.56785423299367" lon="8.597588610367797">
      <ele>2417.2</ele></trkpt>
      <trkpt lat="46.56787554791705" lon="8.597611372911341">
      <ele>2417.7</ele></trkpt>
      <trkpt lat="46.567888501068566" lon="8.597623925183676">
      <ele>2418.2</ele></trkpt>
      <trkpt lat="46.56790140878675" lon="8.597640937696202">
      <ele>2418.8</ele></trkpt>
      <trkpt lat="46.56791264212633" lon="8.597671297977866">
      <ele>2419.3</ele></trkpt>
      <trkpt lat="46.567931508984096" lon="8.597707404815836">
      <ele>2419.8</ele></trkpt>
      <trkpt lat="46.56795045540962" lon="8.597735699741513">
      <ele>2420.4</ele></trkpt>
      <trkpt lat="46.56796115379593" lon="8.597742620724956">
      <ele>2420.9</ele></trkpt>
      <trkpt lat="46.56797049584836" lon="8.597731667805279">
      <ele>2421.4</ele></trkpt>
      <trkpt lat="46.56797697532929" lon="8.597700565059434">
      <ele>2422.0</ele></trkpt>
      <trkpt lat="46.56798466571511" lon="8.597700729786617">
      <ele>2422.5</ele></trkpt>
      <trkpt lat="46.56798989446112" lon="8.597716456036915">
      <ele>2423.2</ele></trkpt>
      <trkpt lat="46.56799281145907" lon="8.59773214581601">
      <ele>2423.8</ele></trkpt>
      <trkpt lat="46.568009537138444" lon="8.5977514707794">
      <ele>2424.4</ele></trkpt>
      <trkpt lat="46.56801862699325" lon="8.597766157924818">
      <ele>2425.1</ele></trkpt>
      <trkpt lat="46.568028710870934" lon="8.597757451497015">
      <ele>2425.8</ele></trkpt>
      <trkpt lat="46.568037015630516" lon="8.597773256702295">
      <ele>2426.4</ele></trkpt>
      <trkpt lat="46.5680551747791" lon="8.597803765451742">
      <ele>2427.1</ele></trkpt>
      <trkpt lat="46.56807635563945" lon="8.59783880017598">
      <ele>2427.7</ele></trkpt>
      <trkpt lat="46.568091461336685" lon="8.597867012944194">
      <ele>2428.3</ele></trkpt>
      <trkpt lat="46.56809804623646" lon="8.597900626234587">
      <ele>2429.0</ele></trkpt>
      <trkpt lat="46.56811633268568" lon="8.597917754113604">
      <ele>2429.7</ele></trkpt>
      <trkpt lat="46.568139117454145" lon="8.597947240229807">
      <ele>2430.3</ele></trkpt>
      <trkpt lat="46.5681503847293" lon="8.59797426203852">
      <ele>2430.9</ele></trkpt>
      <trkpt lat="46.56816842121302" lon="8.598015921366303">
      <ele>2431.6</ele></trkpt>
      <trkpt lat="46.56818585220842" lon="8.598041953439983">
      <ele>2432.2</ele></trkpt>
      <trkpt lat="46.5682025868296" lon="8.59806127876086">
      <ele>2432.9</ele></trkpt>
      <trkpt lat="46.5682123274294" lon="8.598087146082731">
      <ele>2433.6</ele></trkpt>
      <trkpt lat="46.56823595616705" lon="8.598108849768456">
      <ele>2434.2</ele></trkpt>
      <trkpt lat="46.568258137725614" lon="8.598121599989007">
      <ele>2434.8</ele></trkpt>
      <trkpt lat="46.56827339113701" lon="8.598135310550873">
      <ele>2435.5</ele></trkpt>
      <trkpt lat="46.56829329510217" lon="8.598144672578508">
      <ele>2436.0</ele></trkpt>
      <trkpt lat="46.56832151303131" lon="8.598169814071676">
      <ele>2436.5</ele></trkpt>
      <trkpt lat="46.56834115570166" lon="8.59820481615176">
      <ele>2436.9</ele></trkpt>
      <trkpt lat="46.56835795847718" lon="8.598217451171548">
      <ele>2437.4</ele></trkpt>
      <trkpt lat="46.56838468607148" lon="8.598236990757883">
      <ele>2437.9</ele></trkpt>
      <trkpt lat="46.56839820813617" lon="8.598269631110945">
      <ele>2438.4</ele></trkpt>
      <trkpt lat="46.56841411229432" lon="8.598294521866245">
      <ele>2438.9</ele></trkpt>
      <trkpt lat="46.5684316568719" lon="8.598309403454703">
      <ele>2439.3</ele></trkpt>
      <trkpt lat="46.56844749296523" lon="8.598340971613249">
      <ele>2439.8</ele></trkpt>
      <trkpt lat="46.56847115568294" lon="8.598359336814699">
      <ele>2440.3</ele></trkpt>
      <trkpt lat="46.56849478436831" lon="8.59838104072319">
      <ele>2440.8</ele></trkpt>
      <trkpt lat="46.56850754428788" lon="8.598412543007532">
      <ele>2441.3</ele></trkpt>
      <trkpt lat="46.568525714564025" lon="8.598441943686602">
      <ele>2441.7</ele></trkpt>
      <trkpt lat="46.56854469497115" lon="8.598466887444577">
      <ele>2442.2</ele></trkpt>
      <trkpt lat="46.568566705928085" lon="8.598496370486787">
      <ele>2442.7</ele></trkpt>
      <trkpt lat="46.56858183650079" lon="8.598521244805328">
      <ele>2443.2</ele></trkpt>
      <trkpt lat="46.56859374090442" lon="8.598561651365694">
      <ele>2443.7</ele></trkpt>
      <trkpt lat="46.568598855725945" lon="8.598588541645256">
      <ele>2444.1</ele></trkpt>
      <trkpt lat="46.568610295866364" lon="8.598597709415433">
      <ele>2444.6</ele></trkpt>
      <trkpt lat="46.56862394280502" lon="8.598618090710277">
      <ele>2445.1</ele></trkpt>
      <trkpt lat="46.568632315784015" lon="8.598627192739455">
      <ele>2445.5</ele></trkpt>
      <trkpt lat="46.56866140039152" lon="8.598642321886965">
      <ele>2445.9</ele></trkpt>
      <trkpt lat="46.56870495581315" lon="8.59867114509732">
      <ele>2446.3</ele></trkpt>
      <trkpt lat="46.568728627604784" lon="8.598689497681624">
      <ele>2446.7</ele></trkpt>
      <trkpt lat="46.56873986297157" lon="8.598718749897829">
      <ele>2447.1</ele></trkpt>
      <trkpt lat="46.56876025382964" lon="8.598757120974044">
      <ele>2447.5</ele></trkpt>
      <trkpt lat="46.56877612383971" lon="8.598785350747365">
      <ele>2447.9</ele></trkpt>
      <trkpt lat="46.568795857276434" lon="8.598811432731265">
      <ele>2448.3</ele></trkpt>
      <trkpt lat="46.56881401614592" lon="8.598841942257208">
      <ele>2448.7</ele></trkpt>
      <trkpt lat="46.56882916951585" lon="8.5988645735895">
      <ele>2449.1</ele></trkpt>
      <trkpt lat="46.56886218330501" lon="8.598871986439327">
      <ele>2449.4</ele></trkpt>
      <trkpt lat="46.56887204885956" lon="8.598885581840532">
      <ele>2449.8</ele></trkpt>
      <trkpt lat="46.56887952314095" lon="8.598906939750172">
      <ele>2450.2</ele></trkpt>
      <trkpt lat="46.56888160734288" lon="8.598929290886552">
      <ele>2450.6</ele></trkpt>
      <trkpt lat="46.56888839904679" lon="8.598941711589953">
      <ele>2451.0</ele></trkpt>
      <trkpt lat="46.568910421317895" lon="8.598970073412696">
      <ele>2451.4</ele></trkpt>
      <trkpt lat="46.568914123116144" lon="8.59898465851405">
      <ele>2451.8</ele></trkpt>
      <trkpt lat="46.56893466422341" lon="8.599007405465775">
      <ele>2452.2</ele></trkpt>
      <trkpt lat="46.56894280960613" lon="8.599038822243637">
      <ele>2452.6</ele></trkpt>
      <trkpt lat="46.5689534168051" lon="8.59905467729307">
      <ele>2453.0</ele></trkpt>
      <trkpt lat="46.56897248805392" lon="8.599070700820846">
      <ele>2453.5</ele></trkpt>
      <trkpt lat="46.568982285351595" lon="8.599090986769154">
      <ele>2454.0</ele></trkpt>
      <trkpt lat="46.569009786330675" lon="8.599110543602226">
      <ele>2454.5</ele></trkpt>
      <trkpt lat="46.56903633180772" lon="8.599147925171227">
      <ele>2455.0</ele></trkpt>
      <trkpt lat="46.56906685199878" lon="8.599173129960564">
      <ele>2455.4</ele></trkpt>
      <trkpt lat="46.56908873067336" lon="8.599192631503293">
      <ele>2455.9</ele></trkpt>
      <trkpt lat="46.569129476067644" lon="8.599219099238036">
      <ele>2456.4</ele></trkpt>
      <trkpt lat="46.569172721734255" lon="8.599279158760446">
      <ele>2456.9</ele></trkpt>
      <trkpt lat="46.56920145358196" lon="8.599328862565235">
      <ele>2457.4</ele></trkpt>
      <trkpt lat="46.5692234415651" lon="8.599360576486985">
      <ele>2457.9</ele></trkpt>
      <trkpt lat="46.569238478633096" lon="8.599395480792818">
      <ele>2458.4</ele></trkpt>
      <trkpt lat="46.56926127432625" lon="8.599423859577968">
      <ele>2458.9</ele></trkpt>
      <trkpt lat="46.56928858424096" lon="8.599461257876214">
      <ele>2459.4</ele></trkpt>
      <trkpt lat="46.56930741401904" lon="8.599501826798434">
      <ele>2459.9</ele></trkpt>
      <trkpt lat="46.5693392674292" lon="8.599547136491974">
      <ele>2460.4</ele></trkpt>
      <trkpt lat="46.56936559652973" lon="8.59960571170178">
      <ele>2460.8</ele></trkpt>
      <trkpt lat="46.56939165036261" lon="8.59961631522343">
      <ele>2461.3</ele></trkpt>
      <trkpt lat="46.569413092414365" lon="8.599625697948767">
      <ele>2461.8</ele></trkpt>
      <trkpt lat="46.56943219533218" lon="8.599639491827666">
      <ele>2462.3</ele></trkpt>
      <trkpt lat="46.569438097195324" lon="8.599664168850946">
      <ele>2462.8</ele></trkpt>
      <trkpt lat="46.56944248386584" lon="8.59968656965493">
      <ele>2467.3</ele></trkpt>
      <trkpt lat="46.569472946978756" lon="8.599717356910979">
      <ele>2471.8</ele></trkpt>
      <trkpt lat="46.569488009145076" lon="8.59974890949053">
      <ele>2476.3</ele></trkpt>
      <trkpt lat="46.56950934625915" lon="8.599769456432549">
      <ele>2480.8</ele></trkpt>
      <trkpt lat="46.569515054714174" lon="8.599813083536963">
      <ele>2485.3</ele></trkpt>
      <trkpt lat="46.569519372944995" lon="8.599842187975531">
      <ele>2489.8</ele></trkpt>
      <trkpt lat="46.56952917010482" lon="8.599862474268603">
      <ele>2494.3</ele></trkpt>
      <trkpt lat="46.56955052995827" lon="8.599880791086932">
      <ele>2498.8</ele></trkpt>
      <trkpt lat="46.569567369205416" lon="8.599888953305223">
      <ele>2503.3</ele></trkpt>
      <trkpt lat="46.56958106143294" lon="8.59990487491572">
      <ele>2507.9</ele></trkpt>
      <trkpt lat="46.569598696974346" lon="8.599910823561224">
      <ele>2512.4</ele></trkpt>
      <trkpt lat="46.569667570641144" lon="8.600317623614611">
      <ele>2516.9</ele></trkpt>
      <trkpt lat="46.56965757134142" lon="8.60073362331017">
      <ele>2521.4</ele></trkpt>
      <trkpt lat="46.56981557253533" lon="8.60130362342712">
      <ele>2525.9</ele></trkpt>
      <trkpt lat="46.56983157365954" lon="8.601718622857724">
      <ele>2530.4</ele></trkpt>
      <trkpt lat="46.56960757402464" lon="8.602052622881484">
      <ele>2534.9</ele></trkpt>
      <trkpt lat="46.5694555736761" lon="8.602040622505598">
      <ele>2539.4</ele></trkpt>
      <trkpt lat="46.56929257411054" lon="8.602143622273195">
      <ele>2543.9</ele></trkpt>
      <trkpt lat="46.5691135741291" lon="8.602474622117704">
      <ele>2548.4</ele></trkpt>
      <trkpt lat="46.56918057444633" lon="8.602598622881667">
      <ele>2552.9</ele></trkpt>
      <trkpt lat="46.56915857527685" lon="8.602770622536084">
      <ele>2557.0</ele></trkpt>
      <trkpt lat="46.56925057545693" lon="8.6030536221361">
      <ele>2561.1</ele></trkpt>
      <trkpt lat="46.56950057587892" lon="8.603438623237851">
      <ele>2565.2</ele></trkpt>
      <trkpt lat="46.569660576523624" lon="8.603580622662882">
      <ele>2569.4</ele></trkpt>
      <trkpt lat="46.569771577634725" lon="8.603909623610129">
      <ele>2573.5</ele></trkpt>
      <trkpt lat="46.57001657776844" lon="8.604042623323235">
      <ele>2577.6</ele></trkpt>
      <trkpt lat="46.570201599889145" lon="8.604458736261147">
      <ele>2581.7</ele></trkpt>
      <trkpt lat="46.570386620486175" lon="8.60487485204552">
      <ele>2585.8</ele></trkpt>
      <trkpt lat="46.57057163955955" lon="8.605290970676343">
      <ele>2589.9</ele></trkpt>
      <trkpt lat="46.57080071347716" lon="8.605520374388766">
      <ele>2594.1</ele></trkpt>
      <trkpt lat="46.57080023238517" lon="8.605567287540275">
      <ele>2598.2</ele></trkpt>
      <trkpt lat="46.570807376542746" lon="8.605618083025842">
      <ele>2602.3</ele></trkpt>
      <trkpt lat="46.57081471075258" lon="8.60565034541275">
      <ele>2606.4</ele></trkpt>
      <trkpt lat="46.57083488053914" lon="8.605676714278331">
      <ele>2610.5</ele></trkpt>
      <trkpt lat="46.570855164287956" lon="8.605691971113481">
      <ele>2614.6</ele></trkpt>
      <trkpt lat="46.570867708665624" lon="8.605714470702749">
      <ele>2618.7</ele></trkpt>
      <trkpt lat="46.57088524799215" lon="8.60574819255651">
      <ele>2622.9</ele></trkpt>
      <trkpt lat="46.57090710502459" lon="8.605775837182984">
      <ele>2627.0</ele></trkpt>
      <trkpt lat="46.570927338192455" lon="8.605796024076215">
      <ele>2631.1</ele></trkpt>
      <trkpt lat="46.570939075051484" lon="8.605814801458983">
      <ele>2635.2</ele></trkpt>
      <trkpt lat="46.570945491306354" lon="8.605853227584577">
      <ele>2635.2</ele></trkpt>
      <trkpt lat="46.570961444600954" lon="8.605875800787546">
      <ele>2635.2</ele></trkpt>
      <trkpt lat="46.57096718375434" lon="8.605896914361146">
      <ele>2635.2</ele></trkpt>
      <trkpt lat="46.57097373567737" lon="8.605922989614106">
      <ele>2635.2</ele></trkpt>
      <trkpt lat="46.5709820291512" lon="8.605944171348623">
      <ele>2635.2</ele></trkpt>
      <trkpt lat="46.570996371157385" lon="8.605958060843209">
      <ele>2635.2</ele></trkpt>
      <trkpt lat="46.571009735685685" lon="8.60598304379768">
      <ele>2635.2</ele></trkpt>
      <trkpt lat="46.571021358515175" lon="8.606012933333279">
      <ele>2635.2</ele></trkpt>
      <trkpt lat="46.57103433030798" lon="8.606076195623931">
      <ele>2635.2</ele></trkpt>
      <trkpt lat="46.5710313071025" lon="8.606121827874496">
      <ele>2635.2</ele></trkpt>
      <trkpt lat="46.57102910035969" lon="8.606171182586074">
      <ele>2635.2</ele></trkpt>
      <trkpt lat="46.57102098090376" lon="8.606215465560144">
      <ele>2635.2</ele></trkpt>
      <trkpt lat="46.57101614377519" lon="8.606272160146778">
      <ele>2635.2</ele></trkpt>
      <trkpt lat="46.571011500252986" lon="8.606309108413587">
      <ele>2635.2</ele></trkpt>
      <trkpt lat="46.571009293428936" lon="8.60635846309944">
      <ele>2635.2</ele></trkpt>
      <trkpt lat="46.57100713731141" lon="8.606402874731643">
      <ele>2635.2</ele></trkpt>
      <trkpt lat="46.57101519003292" lon="8.606447506696515">
      <ele>2635.2</ele></trkpt>
      <trkpt lat="46.57101815552248" lon="8.606490789576192">
      <ele>2635.2</ele></trkpt>
      <trkpt lat="46.57102113357855" lon="8.606532846479682">
      <ele>2635.2</ele></trkpt>
      <trkpt lat="46.571020892759286" lon="8.606556309667729">
      <ele>2635.2</ele></trkpt>
      <trkpt lat="46.57102213651836" lon="8.606600794691882">
      <ele>2635.7</ele></trkpt>
      <trkpt lat="46.571032803357724" lon="8.60664053898303">
      <ele>2636.2</ele></trkpt>
      <trkpt lat="46.5710443789987" lon="8.60667413250739">
      <ele>2636.7</ele></trkpt>
      <trkpt lat="46.57105438143798" lon="8.60669533823471">
      <ele>2637.2</ele></trkpt>
      <trkpt lat="46.571069543406" lon="8.606711724247923">
      <ele>2637.6</ele></trkpt>
      <trkpt lat="46.57109896224029" lon="8.606749407870266">
      <ele>2638.1</ele></trkpt>
      <trkpt lat="46.571111227514834" lon="8.60679907506579">
      <ele>2638.6</ele></trkpt>
      <trkpt lat="46.57112699048975" lon="8.606840168789486">
      <ele>2639.1</ele></trkpt>
      <trkpt lat="46.571141196589494" lon="8.606866409496991">
      <ele>2639.6</ele></trkpt>
      <trkpt lat="46.57115942535751" lon="8.606916192474898">
      <ele>2640.1</ele></trkpt>
      <trkpt lat="46.57116342617717" lon="8.606940986609544">
      <ele>2640.6</ele></trkpt>
      <trkpt lat="46.571174156238264" lon="8.606974562022959">
      <ele>2641.1</ele></trkpt>
      <trkpt lat="46.57119070129798" lon="8.607021843153063">
      <ele>2641.6</ele></trkpt>
      <trkpt lat="46.57120988586306" lon="8.607061771588437">
      <ele>2642.1</ele></trkpt>
      <trkpt lat="46.57123851344262" lon="8.607093267990539">
      <ele>2642.6</ele></trkpt>
      <trkpt lat="46.57125783740325" lon="8.607119619342035">
      <ele>2643.0</ele></trkpt>
      <trkpt lat="46.57139402608941" lon="8.607521838856572">
      <ele>2643.5</ele></trkpt>
      <trkpt lat="46.571530213352695" lon="8.607924060396233">
      <ele>2644.0</ele></trkpt>
      <trkpt lat="46.571547735687574" lon="8.607960248601241">
      <ele>2644.5</ele></trkpt>
      <trkpt lat="46.57154916921908" lon="8.607986213777894">
      <ele>2645.0</ele></trkpt>
      <trkpt lat="46.571550298088205" lon="8.608041824499661">
      <ele>2645.5</ele></trkpt>
      <trkpt lat="46.571549524014166" lon="8.608117144786412">
      <ele>2646.1</ele></trkpt>
      <trkpt lat="46.571556692502284" lon="8.608165463241798">
      <ele>2646.6</ele></trkpt>
      <trkpt lat="46.571577551171856" lon="8.608207907170154">
      <ele>2647.1</ele></trkpt>
      <trkpt lat="46.57159344059003" lon="8.608236650426269">
      <ele>2647.7</ele></trkpt>
      <trkpt lat="46.57160757008708" lon="8.608270312902105">
      <ele>2648.2</ele></trkpt>
      <trkpt lat="46.57163974223142" lon="8.608289532819581">
      <ele>2648.7</ele></trkpt>
      <trkpt lat="46.57165398232953" lon="8.608313309318712">
      <ele>2649.3</ele></trkpt>
      <trkpt lat="46.57167315744635" lon="8.608353238359657">
      <ele>2649.8</ele></trkpt>
      <trkpt lat="46.57169423177053" lon="8.608374697056561">
      <ele>2650.3</ele></trkpt>
      <trkpt lat="46.571715974064816" lon="8.60841344233643">
      <ele>2650.9</ele></trkpt>
      <trkpt lat="46.571724199911806" lon="8.608442033086368">
      <ele>2651.4</ele></trkpt>
      <trkpt lat="46.571730586193546" lon="8.608484164350227">
      <ele>2652.0</ele></trkpt>
      <trkpt lat="46.57173720469059" lon="8.608502831939758">
      <ele>2652.5</ele></trkpt>
      <trkpt lat="46.57175717066647" lon="8.608548961740679">
      <ele>2653.0</ele></trkpt>
      <trkpt lat="46.57176680452533" lon="8.608605982867575">
      <ele>2653.6</ele></trkpt>
      <trkpt lat="46.57177036968314" lon="8.608673987487633">
      <ele>2654.1</ele></trkpt>
      <trkpt lat="46.57176382222476" lon="8.608730658724873">
      <ele>2654.6</ele></trkpt>
      <trkpt lat="46.57176844873206" lon="8.60877768316955">
      <ele>2655.2</ele></trkpt>
      <trkpt lat="46.57178422359944" lon="8.608817551971331">
      <ele>2655.7</ele></trkpt>
      <trkpt lat="46.57180256940395" lon="8.608854997767807">
      <ele>2657.1</ele></trkpt>
      <trkpt lat="46.571819122542166" lon="8.60890229325931">
      <ele>2658.6</ele></trkpt>
      <trkpt lat="46.57183316304305" lon="8.608944590210962">
      <ele>2660.0</ele></trkpt>
      <trkpt lat="46.57185326486732" lon="8.608978369161406">
      <ele>2661.5</ele></trkpt>
      <trkpt lat="46.57186914509603" lon="8.609007112595732">
      <ele>2662.9</ele></trkpt>
      <trkpt lat="46.571894139842534" lon="8.609062000616564">
      <ele>2664.3</ele></trkpt>
      <trkpt lat="46.571898254627484" lon="8.609075669946904">
      <ele>2665.8</ele></trkpt>
      <trkpt lat="46.57191130977989" lon="8.60913153906115">
      <ele>2667.2</ele></trkpt>
      <trkpt lat="46.571919221764524" lon="8.609189749483226">
      <ele>2668.7</ele></trkpt>
      <trkpt lat="46.571929951027336" lon="8.609223338854271">
      <ele>2670.1</ele></trkpt>
      <trkpt lat="46.57195083479506" lon="8.609263305395542">
      <ele>2671.5</ele></trkpt>
      <trkpt lat="46.57196147520977" lon="8.609305528982212">
      <ele>2673.0</ele></trkpt>
      <trkpt lat="46.57197406972691" lon="8.60932308673439">
      <ele>2674.4</ele></trkpt>
      <trkpt lat="46.57199346025805" lon="8.609342043904677">
      <ele>2675.9</ele></trkpt>
      <trkpt lat="46.57202646134487" lon="8.609363748134127">
      <ele>2677.3</ele></trkpt>
      <trkpt lat="46.57204669374076" lon="8.60938394982977">
      <ele>2678.7</ele></trkpt>
      <trkpt lat="46.572061204132" lon="8.609380558878314">
      <ele>2680.2</ele></trkpt>
      <trkpt lat="46.57207730916526" lon="8.609388317196128">
      <ele>2681.6</ele></trkpt>
      <trkpt lat="46.572098256348205" lon="8.609422114758875">
      <ele>2683.1</ele></trkpt>
      <trkpt lat="46.572252286398964" lon="8.60986697415904">
      <ele>2684.5</ele></trkpt>
      <trkpt lat="46.5724063147091" lon="8.610311836092524">
      <ele>2689.8</ele></trkpt>
      <trkpt lat="46.572580346688646" lon="8.610734151460816">
      <ele>2695.1</ele></trkpt>
      <trkpt lat="46.572754377099066" lon="8.611156469546486">
      <ele>2700.5</ele></trkpt>
      <trkpt lat="46.57292998451425" lon="8.611375046634166">
      <ele>2705.8</ele></trkpt>
      <trkpt lat="46.57310559150795" lon="8.611593625141223">
      <ele>2711.1</ele></trkpt>
      <trkpt lat="46.573210713213996" lon="8.611933733683722">
      <ele>2716.4</ele></trkpt>
      <trkpt lat="46.57331583390279" lon="8.612273843548028">
      <ele>2721.7</ele></trkpt>
      <trkpt lat="46.573328614137445" lon="8.612273351068199">
      <ele>2727.1</ele></trkpt>
      <trkpt lat="46.57335004163373" lon="8.612286665991723">
      <ele>2732.4</ele></trkpt>
      <trkpt lat="46.57337885118521" lon="8.612309977607785">
      <ele>2737.7</ele></trkpt>
      <trkpt lat="46.5734034911744" lon="8.612312755986821">
      <ele>2743.0</ele></trkpt>
      <trkpt lat="46.57341642124959" lon="8.612298607780282">
      <ele>2748.3</ele></trkpt>
      <trkpt lat="46.57344941072452" lon="8.612303067545389">
      <ele>2753.7</ele></trkpt>
      <trkpt lat="46.57345671223797" lon="8.612319128811198">
      <ele>2759.0</ele></trkpt>
      <trkpt lat="46.573469453460504" lon="8.612322418789395">
      <ele>2764.3</ele></trkpt>
      <trkpt lat="46.573500971608865" lon="8.612300311393897">
      <ele>2769.6</ele></trkpt>
      <trkpt lat="46.573524076077454" lon="8.61232199905105">
      <ele>2774.9</ele></trkpt>
      <trkpt lat="46.573500923015" lon="8.612344274860614">
      <ele>2780.3</ele></trkpt>
      <trkpt lat="46.573494059528585" lon="8.612366864888706">
      <ele>2785.6</ele></trkpt>
      <trkpt lat="46.573502369864684" lon="8.612372341783614">
      <ele>2790.9</ele></trkpt>
      <trkpt lat="46.57351901407919" lon="8.612381013064363">
      <ele>2791.8</ele></trkpt>
      <trkpt lat="46.573532665250966" lon="8.612419937998116">
      <ele>2792.7</ele></trkpt>
      <trkpt lat="46.5735407622461" lon="8.612444352868156">
      <ele>2793.6</ele></trkpt>
      <trkpt lat="46.573550953890184" lon="8.612439264306905">
      <ele>2794.5</ele></trkpt>
      <trkpt lat="46.57358263134924" lon="8.612420030493675">
      <ele>2795.3</ele></trkpt>
      <trkpt lat="46.573587874776734" lon="8.612480363996935">
      <ele>2796.2</ele></trkpt>
      <trkpt lat="46.57359627879972" lon="8.612509899545566">
      <ele>2797.1</ele></trkpt>
      <trkpt lat="46.57360885225551" lon="8.612528580073892">
      <ele>2798.0</ele></trkpt>
      <trkpt lat="46.57362678057001" lon="8.612535739866441">
      <ele>2798.9</ele></trkpt>
      <trkpt lat="46.57366531373513" lon="8.612519094406736">
      <ele>2799.8</ele></trkpt>
      <trkpt lat="46.57370143724765" lon="8.61251015895464">
      <ele>2800.7</ele></trkpt>
      <trkpt lat="46.573724918432596" lon="8.612488346858392">
      <ele>2801.6</ele></trkpt>
      <trkpt lat="46.57376559326835" lon="8.612488224791285">
      <ele>2802.5</ele></trkpt>
      <trkpt lat="46.57379487485421" lon="8.612467516945344">
      <ele>2803.4</ele></trkpt>
      <trkpt lat="46.57382629825215" lon="8.612463319508047">
      <ele>2804.2</ele></trkpt>
      <trkpt lat="46.573849094683254" lon="8.612451198662171">
      <ele>2805.1</ele></trkpt>
      <trkpt lat="46.57386695326963" lon="8.612412787478057">
      <ele>2806.0</ele></trkpt>
      <trkpt lat="46.57391822884713" lon="8.612399314493208">
      <ele>2806.9</ele></trkpt>
      <trkpt lat="46.57398332620911" lon="8.612345424863777">
      <ele>2807.8</ele></trkpt>
      <trkpt lat="46.57401779379748" lon="8.612328690965528">
      <ele>2808.7</ele></trkpt>
      <trkpt lat="46.574052797082466" lon="8.612315843324144">
      <ele>2811.1</ele></trkpt>
      <trkpt lat="46.57407630713359" lon="8.612292100822252">
      <ele>2813.5</ele></trkpt>
      <trkpt lat="46.57411131041434" lon="8.612279253143296">
      <ele>2815.9</ele></trkpt>
      <trkpt lat="46.57414215897737" lon="8.612274090744567">
      <ele>2818.2</ele></trkpt>
      <trkpt lat="46.5741592738763" lon="8.612250209465401">
      <ele>2820.6</ele></trkpt>
      <trkpt lat="46.57420747525144" lon="8.612252181291195">
      <ele>2823.0</ele></trkpt>
      <trkpt lat="46.57425905758042" lon="8.612263919662368">
      <ele>2825.4</ele></trkpt>
      <trkpt lat="46.5745023280424" lon="8.6123524111515">
      <ele>2827.8</ele></trkpt>
      <trkpt lat="46.574745598432564" lon="8.612440903436958">
      <ele>2830.2</ele></trkpt>
      <trkpt lat="46.57506224465186" lon="8.612646370708772">
      <ele>2832.6</ele></trkpt>
      <trkpt lat="46.57537889049499" lon="8.612851840386874">
      <ele>2834.9</ele></trkpt>
      <trkpt lat="46.57557767772406" lon="8.613037632745522">
      <ele>2837.3</ele></trkpt>
      <trkpt lat="46.57577646464772" lon="8.613223426470052">
      <ele>2839.7</ele></trkpt>
      <trkpt lat="46.5759707078199" lon="8.613699367945905">
      <ele>2842.1</ele></trkpt>
      <trkpt lat="46.576024480337026" lon="8.613748168471512">
      <ele>2844.5</ele></trkpt>
      <trkpt lat="46.57606125882276" lon="8.613782105338695">
      <ele>2846.9</ele></trkpt>
      <trkpt lat="46.57611787180767" lon="8.613832011447165">
      <ele>2849.2</ele></trkpt>
      <trkpt lat="46.57617734504439" lon="8.61388197979221">
      <ele>2851.6</ele></trkpt>
      <trkpt lat="46.576233215353035" lon="8.613934975050405">
      <ele>2854.0</ele></trkpt>
      <trkpt lat="46.57626153791265" lon="8.613958369541292">
      <ele>2856.4</ele></trkpt>
      <trkpt lat="46.576289678734966" lon="8.613999359875818">
      <ele>2861.9</ele></trkpt>
      <trkpt lat="46.57631988521013" lon="8.614047662051183">
      <ele>2867.4</ele></trkpt>
      <trkpt lat="46.576362086435836" lon="8.61410967587387">
      <ele>2872.9</ele></trkpt>
      <trkpt lat="46.57640426455475" lon="8.614174794372547">
      <ele>2878.4</ele></trkpt>
      <trkpt lat="46.57644646571102" lon="8.614236808391254">
      <ele>2883.8</ele></trkpt>
      <trkpt lat="46.576502025653525" lon="8.614319830767718">
      <ele>2889.3</ele></trkpt>
      <trkpt lat="46.57652381001792" lon="8.614353442485209">
      <ele>2894.8</ele></trkpt>
      <trkpt lat="46.5765394593885" lon="8.614359992743257">
      <ele>2900.3</ele></trkpt>
      <trkpt lat="46.576566047586056" lon="8.614344001365879">
      <ele>2905.8</ele></trkpt>
      <trkpt lat="46.57658528009896" lon="8.614348568129612">
      <ele>2911.3</ele></trkpt>
      <trkpt lat="46.57660859492227" lon="8.614370758249798">
      <ele>2916.8</ele></trkpt>
      <trkpt lat="46.57671421764701" lon="8.61447062937293">
      <ele>2922.3</ele></trkpt>
      <trkpt lat="46.57707904690588" lon="8.614719852339167">
      <ele>2927.8</ele></trkpt>
      <trkpt lat="46.577466938096514" lon="8.614817738676575">
      <ele>2933.3</ele></trkpt>
      <trkpt lat="46.577520861566185" lon="8.614851019231809">
      <ele>2938.8</ele></trkpt>
      <trkpt lat="46.57756628650408" lon="8.614877891740335">
      <ele>2944.2</ele></trkpt>
      <trkpt lat="46.5776138307065" lon="8.614906884820275">
      <ele>2949.7</ele></trkpt>
      <trkpt lat="46.57765433847229" lon="8.614926409503175">
      <ele>2955.2</ele></trkpt>
      <trkpt lat="46.577707594213706" lon="8.614955526858823">
      <ele>2960.7</ele></trkpt>
      <trkpt lat="46.57775867715038" lon="8.614987702186326">
      <ele>2966.2</ele></trkpt>
      <trkpt lat="46.57778293205499" lon="8.614990304029694">
      <ele>2967.5</ele></trkpt>
      <trkpt lat="46.57780159490693" lon="8.61498035059201">
      <ele>2968.7</ele></trkpt>
      <trkpt lat="46.57781038070463" lon="8.614959836198253">
      <ele>2970.0</ele></trkpt>
      <trkpt lat="46.57782388839968" lon="8.614923781230184">
      <ele>2971.2</ele></trkpt>
      <trkpt lat="46.57784336541772" lon="8.614905560678725">
      <ele>2972.5</ele></trkpt>
      <trkpt lat="46.57786129625479" lon="8.61489766574417">
      <ele>2973.7</ele></trkpt>
      <trkpt lat="46.5778762260274" lon="8.61490420067695">
      <ele>2975.0</ele></trkpt>
      <trkpt lat="46.57789872978318" lon="8.614937829129273">
      <ele>2976.2</ele></trkpt>
      <trkpt lat="46.577927495069275" lon="8.614987132645275">
      <ele>2977.5</ele></trkpt>
      <trkpt lat="46.57796405740515" lon="8.615042816098494">
      <ele>2978.8</ele></trkpt>
      <trkpt lat="46.577999878842924" lon="8.615100544933343">
      <ele>2980.0</ele></trkpt>
      <trkpt lat="46.57802338208621" lon="8.615106235667554">
      <ele>2981.3</ele></trkpt>
      <trkpt lat="46.57805054179936" lon="8.615103721102962">
      <ele>2982.5</ele></trkpt>
      <trkpt lat="46.578073441537654" lon="8.615099039432504">
      <ele>2983.8</ele></trkpt>
      <trkpt lat="46.5780878961633" lon="8.615082784113042">
      <ele>2985.0</ele></trkpt>
      <trkpt lat="46.5781046413001" lon="8.615052083409779">
      <ele>2986.3</ele></trkpt>
      <trkpt lat="46.5781244197323" lon="8.615003835229894">
      <ele>2987.5</ele></trkpt>
      <trkpt lat="46.57814243321986" lon="8.61496705607444">
      <ele>2988.8</ele></trkpt>
      <trkpt lat="46.57814243321986" lon="8.61496705607444">
      <ele>2990.0</ele></trkpt>
      <trkpt lat="46.57809466477012" lon="8.61532021779447">
      <ele>2991.3</ele></trkpt>
      <trkpt lat="46.578027660508525" lon="8.615754272933588">
      <ele>2985.5</ele></trkpt>
      <trkpt lat="46.57796065459095" lon="8.616188326996614">
      <ele>2979.7</ele></trkpt>
      <trkpt lat="46.577860416095305" lon="8.616747724837765">
      <ele>2973.9</ele></trkpt>
      <trkpt lat="46.577760174849054" lon="8.617307120604341">
      <ele>2968.0</ele></trkpt>
      <trkpt lat="46.57765993085225" lon="8.61786651429631">
      <ele>2962.2</ele></trkpt>
      <trkpt lat="46.577748698329735" lon="8.618186905474323">
      <ele>2956.4</ele></trkpt>
      <trkpt lat="46.5778374649047" lon="8.618507297703863">
      <ele>2950.6</ele></trkpt>
      <trkpt lat="46.577923922671765" lon="8.619050218089805">
      <ele>2944.8</ele></trkpt>
      <trkpt lat="46.57801037784794" lon="8.61959314021085">
      <ele>2939.0</ele></trkpt>
      <trkpt lat="46.5780588313002" lon="8.61992977769549">
      <ele>2933.2</ele></trkpt>
      <trkpt lat="46.578107283756395" lon="8.62026641578304">
      <ele>2927.3</ele></trkpt>
      <trkpt lat="46.577943336805234" lon="8.620845469997032">
      <ele>2921.5</ele></trkpt>
      <trkpt lat="46.57777938690597" lon="8.621424520699286">
      <ele>2915.7</ele></trkpt>
      <trkpt lat="46.57761543405866" lon="8.622003567889777">
      <ele>2909.9</ele></trkpt>
      <trkpt lat="46.57745147826331" lon="8.622582611568456">
      <ele>2904.1</ele></trkpt>
      <trkpt lat="46.577287519519956" lon="8.623161651735309">
      <ele>2898.3</ele></trkpt>
      <trkpt lat="46.577178378579426" lon="8.623707226337345">
      <ele>2892.4</ele></trkpt>
      <trkpt lat="46.57706923502241" lon="8.62425279873649">
      <ele>2886.6</ele></trkpt>
      <trkpt lat="46.57696008884895" lon="8.624798368932709">
      <ele>2880.8</ele></trkpt>
      <trkpt lat="46.57685094005901" lon="8.625343936925955">
      <ele>2875.0</ele></trkpt>
      <trkpt lat="46.5765876495" lon="8.625573001072953">
      <ele>2865.9</ele></trkpt>
      <trkpt lat="46.57651222347958" lon="8.625904034905405">
      <ele>2856.7</ele></trkpt>
      <trkpt lat="46.576436796495805" lon="8.626235067814186">
      <ele>2847.6</ele></trkpt>
      <trkpt lat="46.57630613181733" lon="8.626572069095129">
      <ele>2838.4</ele></trkpt>
      <trkpt lat="46.575911896189254" lon="8.626563412851">
      <ele>2829.3</ele></trkpt>
      <trkpt lat="46.575756623084516" lon="8.62675504117455">
      <ele>2820.2</ele></trkpt>
      <trkpt lat="46.57542798155718" lon="8.626780440016368">
      <ele>2811.0</ele></trkpt>
      <trkpt lat="46.57509934001869" lon="8.626805838550014">
      <ele>2801.9</ele></trkpt>
      <trkpt lat="46.57490418665819" lon="8.626971153740268">
      <ele>2792.8</ele></trkpt>
      <trkpt lat="46.574709033055576" lon="8.62713646773757">
      <ele>2783.6</ele></trkpt>
      <trkpt lat="46.574709033055576" lon="8.62713646773757">
      <ele>2774.5</ele></trkpt>
      <trkpt lat="46.57448777869021" lon="8.626785885130083">
      <ele>2765.3</ele></trkpt>
      <trkpt lat="46.57426652324205" lon="8.626435305390936">
      <ele>2756.2</ele></trkpt>
    </trkseg>
    <trkseg>
      <trkpt lat="46.57289043535768" lon="8.623808994291064">
      <ele>2601.9</ele></trkpt>
      <trkpt lat="46.57273662989691" lon="8.62345991431347">
      <ele>2595.0</ele></trkpt>
      <trkpt lat="46.572582823363895" lon="8.623110836321032">
      <ele>2588.2</ele></trkpt>
      <trkpt lat="46.572466079720165" lon="8.622658206441432">
      <ele>2581.3</ele></trkpt>
      <trkpt lat="46.572349334275046" lon="8.62220557851531">
      <ele>2574.5</ele></trkpt>
      <trkpt lat="46.572004535875315" lon="8.622054535498144">
      <ele>2567.6</ele></trkpt>
      <trkpt lat="46.57165973726913" lon="8.621903494407277">
      <ele>2560.8</ele></trkpt>
      <trkpt lat="46.5712367216866" lon="8.6219203342354">
      <ele>2553.9</ele></trkpt>
      <trkpt lat="46.570813706092714" lon="8.621937173800985">
      <ele>2547.1</ele></trkpt>
      <trkpt lat="46.57053329306165" lon="8.621650570492992">
      <ele>2540.2</ele></trkpt>
      <trkpt lat="46.57025287930466" lon="8.621363970156883">
      <ele>2533.4</ele></trkpt>
      <trkpt lat="46.57006683996194" lon="8.62108595769619">
      <ele>2526.5</ele></trkpt>
      <trkpt lat="46.56988079993812" lon="8.62080794714792">
      <ele>2519.6</ele></trkpt>
      <trkpt lat="46.56961306307709" lon="8.620599901186388">
      <ele>2512.8</ele></trkpt>
      <trkpt lat="46.56934532583206" lon="8.620391857284725">
      <ele>2505.9</ele></trkpt>
      <trkpt lat="46.56902206331631" lon="8.620332618095848">
      <ele>2499.1</ele></trkpt>
      <trkpt lat="46.56869880076459" lon="8.620273379615558">
      <ele>2492.2</ele></trkpt>
      <trkpt lat="46.5683821344426" lon="8.620012094017817">
      <ele>2485.4</ele></trkpt>
      <trkpt lat="46.5680654675156" lon="8.61975081147973">
      <ele>2478.5</ele></trkpt>
      <trkpt lat="46.56773131475449" lon="8.619873962539236">
      <ele>2471.7</ele></trkpt>
      <trkpt lat="46.56754124821182" lon="8.619550224839656">
      <ele>2464.8</ele></trkpt>
      <trkpt lat="46.56735118074613" lon="8.619226489415073">
      <ele>2456.9</ele></trkpt>
      <trkpt lat="46.567203819821" lon="8.618688456026023">
      <ele>2448.9</ele></trkpt>
      <trkpt lat="46.56705645635022" lon="8.618150425567757">
      <ele>2441.0</ele></trkpt>
      <trkpt lat="46.56668797007737" lon="8.61782498406984">
      <ele>2433.1</ele></trkpt>
      <trkpt lat="46.56631948286693" lon="8.617499547006254">
      <ele>2425.1</ele></trkpt>
      <trkpt lat="46.56595099471892" lon="8.617174114376915">
      <ele>2417.2</ele></trkpt>
      <trkpt lat="46.565693258622474" lon="8.61686848958268">
      <ele>2409.3</ele></trkpt>
      <trkpt lat="46.56543552170173" lon="8.616562867700923">
      <ele>2401.3</ele></trkpt>
      <trkpt lat="46.565177783956685" lon="8.616257248731603">
      <ele>2393.4</ele></trkpt>
      <trkpt lat="46.56493447733851" lon="8.615896314873636">
      <ele>2385.4</ele></trkpt>
      <trkpt lat="46.564691169572285" lon="8.615535384262445">
      <ele>2377.5</ele></trkpt>
      <trkpt lat="46.56444786065806" lon="8.615174456898002">
      <ele>2369.6</ele></trkpt>
      <trkpt lat="46.564229690751205" lon="8.614936286197123">
      <ele>2361.6</ele></trkpt>
      <trkpt lat="46.56401152034342" lon="8.614698117417456">
      <ele>2353.7</ele></trkpt>
      <trkpt lat="46.56385368142895" lon="8.61439209879098">
      <ele>2345.8</ele></trkpt>
      <trkpt lat="46.56369584169008" lon="8.614086081950155">
      <ele>2337.8</ele></trkpt>
      <trkpt lat="46.5636040301241" lon="8.613634612375243">
      <ele>2329.9</ele></trkpt>
      <trkpt lat="46.56351221676593" lon="8.613183144332242">
      <ele>2322.0</ele></trkpt>
      <trkpt lat="46.5635425313898" lon="8.612661048138456">
      <ele>2314.0</ele></trkpt>
      <trkpt lat="46.5635425313898" lon="8.612661048138456">
      <ele>2306.1</ele></trkpt>
      <trkpt lat="46.56351714772089" lon="8.612644897487082">
      <ele>2305.8</ele></trkpt>
      <trkpt lat="46.56349656066654" lon="8.61262512048531">
      <ele>2305.5</ele></trkpt>
      <trkpt lat="46.56341340398028" lon="8.612528451692395">
      <ele>2305.2</ele></trkpt>
      <trkpt lat="46.563400139117384" lon="8.612499181477048">
      <ele>2305.0</ele></trkpt>
      <trkpt lat="46.56338661340411" lon="8.612469905618083">
      <ele>2304.7</ele></trkpt>
      <trkpt lat="46.5633671378115" lon="8.612423492113312">
      <ele>2304.4</ele></trkpt>
      <trkpt lat="46.56338154693867" lon="8.612395917836901">
      <ele>2304.1</ele></trkpt>
      <trkpt lat="46.56340777744028" lon="8.612389286803449">
      <ele>2303.8</ele></trkpt>
      <trkpt lat="46.563447054925916" lon="8.612382469183187">
      <ele>2303.5</ele></trkpt>
      <trkpt lat="46.56347361633922" lon="8.612363819266603">
      <ele>2303.2</ele></trkpt>
      <trkpt lat="46.56349939199776" lon="8.612357673991998">
      <ele>2303.0</ele></trkpt>
      <trkpt lat="46.563514906895435" lon="8.612349362692912">
      <ele>2302.7</ele></trkpt>
      <trkpt lat="46.563541330297426" lon="8.612343218412132">
      <ele>2302.4</ele></trkpt>
      <trkpt lat="46.56356142185459" lon="8.612327310725908">
      <ele>2302.1</ele></trkpt>
      <trkpt lat="46.5635820617402" lon="8.612321040993542">
      <ele>2301.8</ele></trkpt>
      <trkpt lat="46.563586706853954" lon="8.612307680887263">
      <ele>2301.5</ele></trkpt>
      <trkpt lat="46.563589116336395" lon="8.612262485377023">
      <ele>2301.3</ele></trkpt>
      <trkpt lat="46.56357993982184" lon="8.612218003819102">
      <ele>2301.0</ele></trkpt>
      <trkpt lat="46.56356066941454" lon="8.612156920804862">
      <ele>2300.7</ele></trkpt>
      <trkpt lat="46.563542008689176" lon="8.612097781485922">
      <ele>2300.4</ele></trkpt>
      <trkpt lat="46.56352971947786" lon="8.612044558610007">
      <ele>2299.5</ele></trkpt>
      <trkpt lat="46.56352703262404" lon="8.61199540482024">
      <ele>2298.6</ele></trkpt>
      <trkpt lat="46.56353317237643" lon="8.61196185976426">
      <ele>2297.8</ele></trkpt>
      <trkpt lat="46.56354007887743" lon="8.611916774829407">
      <ele>2296.9</ele></trkpt>
      <trkpt lat="46.563534290094616" lon="8.61185696250869">
      <ele>2296.0</ele></trkpt>
      <trkpt lat="46.563538762051266" lon="8.611799316115189">
      <ele>2295.1</ele></trkpt>
      <trkpt lat="46.56354030631245" lon="8.6117743192154">
      <ele>2294.2</ele></trkpt>
      <trkpt lat="46.56355354450048" lon="8.611739010617915">
      <ele>2293.4</ele></trkpt>
      <trkpt lat="46.563557111861414" lon="8.611705396712726">
      <ele>2292.5</ele></trkpt>
      <trkpt lat="46.563551105577254" lon="8.611665797032186">
      <ele>2291.6</ele></trkpt>
      <trkpt lat="46.56356794631185" lon="8.611653666447799">
      <ele>2290.7</ele></trkpt>
      <trkpt lat="46.563562147442" lon="8.611594819124296">
      <ele>2289.8</ele></trkpt>
      <trkpt lat="46.563549581201976" lon="8.611567572896096">
      <ele>2289.0</ele></trkpt>
      <trkpt lat="46.563537751695705" lon="8.611531694843142">
      <ele>2288.1</ele></trkpt>
      <trkpt lat="46.56354572688949" lon="8.611506850360932">
      <ele>2287.2</ele></trkpt>
      <trkpt lat="46.563549645118115" lon="8.61150115703385">
      <ele>2286.3</ele></trkpt>
      <trkpt lat="46.56355321227439" lon="8.61146755615588">
      <ele>2285.4</ele></trkpt>
      <trkpt lat="46.56354971894288" lon="8.611433776171719">
      <ele>2284.6</ele></trkpt>
      <trkpt lat="46.563541209608054" lon="8.611387378821973">
      <ele>2283.7</ele></trkpt>
      <trkpt lat="46.5635430592784" lon="8.611334488594427">
      <ele>2282.8</ele></trkpt>
      <trkpt lat="46.56353961536946" lon="8.61129590970848">
      <ele>2282.6</ele></trkpt>
      <trkpt lat="46.563531016734984" lon="8.61125817130271">
      <ele>2282.5</ele></trkpt>
      <trkpt lat="46.56352165140014" lon="8.611231972786351">
      <ele>2282.3</ele></trkpt>
      <trkpt lat="46.563524689125245" lon="8.611187756118888">
      <ele>2282.1</ele></trkpt>
      <trkpt lat="46.56351410607903" lon="8.61115575298986">
      <ele>2282.0</ele></trkpt>
      <trkpt lat="46.563507442183344" lon="8.611117091329083">
      <ele>2281.8</ele></trkpt>
      <trkpt lat="46.563503438870754" lon="8.611070804735942">
      <ele>2281.6</ele></trkpt>
      <trkpt lat="46.56350082106839" lon="8.61101490906637">
      <ele>2281.4</ele></trkpt>
      <trkpt lat="46.56349429484606" lon="8.610963754804922">
      <ele>2281.3</ele></trkpt>
      <trkpt lat="46.56350126047474" lon="8.610912892821778">
      <ele>2281.1</ele></trkpt>
      <trkpt lat="46.56350408981834" lon="8.610888888969866">
      <ele>2280.9</ele></trkpt>
      <trkpt lat="46.563510298706824" lon="8.610848601849183">
      <ele>2280.8</ele></trkpt>
      <trkpt lat="46.56351975733338" lon="8.610805502509876">
      <ele>2280.6</ele></trkpt>
      <trkpt lat="46.56353308456129" lon="8.610761521733401">
      <ele>2280.4</ele></trkpt>
      <trkpt lat="46.56353866459622" lon="8.610720268785672">
      <ele>2280.2</ele></trkpt>
      <trkpt lat="46.56355983891772" lon="8.610662984041785">
      <ele>2280.1</ele></trkpt>
      <trkpt lat="46.56357188967122" lon="8.610618023382148">
      <ele>2279.9</ele></trkpt>
      <trkpt lat="46.56357375886377" lon="8.61056320309755">
      <ele>2279.7</ele></trkpt>
      <trkpt lat="46.56359153372607" lon="8.610524131569393">
      <ele>2279.6</ele></trkpt>
      <trkpt lat="46.56362111638933" lon="8.61047066789727">
      <ele>2279.4</ele></trkpt>
      <trkpt lat="46.56366400360998" lon="8.610391131391774">
      <ele>2279.3</ele></trkpt>
      <trkpt lat="46.56369473684033" lon="8.610372701194533">
      <ele>2279.2</ele></trkpt>
      <trkpt lat="46.5637127187304" lon="8.610346716617265">
      <ele>2279.1</ele></trkpt>
      <trkpt lat="46.56372943375435" lon="8.610272521939885">
      <ele>2279.0</ele></trkpt>
      <trkpt lat="46.5637585871429" lon="8.610152396432413">
      <ele>2278.8</ele></trkpt>
      <trkpt lat="46.56377200864943" lon="8.610096612979504">
      <ele>2278.7</ele></trkpt>
      <trkpt lat="46.56378543711035" lon="8.61004015138779">
      <ele>2278.6</ele></trkpt>
      <trkpt lat="46.563790735499786" lon="8.61000001382384">
      <ele>2278.5</ele></trkpt>
      <trkpt lat="46.563805905479896" lon="8.609988485638674">
      <ele>2278.4</ele></trkpt>
      <trkpt lat="46.56381413272193" lon="8.609963594094454">
      <ele>2278.3</ele></trkpt>
      <trkpt lat="46.56381978133429" lon="8.60993138149391">
      <ele>2278.2</ele></trkpt>
      <trkpt lat="46.56382836096279" lon="8.609915080193693">
      <ele>2278.1</ele></trkpt>
      <trkpt lat="46.56383927783769" lon="8.609887599007978">
      <ele>2278.0</ele></trkpt>
      <trkpt lat="46.56384489917726" lon="8.609858033628672">
      <ele>2277.9</ele></trkpt>
      <trkpt lat="46.56385360337063" lon="8.60983050453536">
      <ele>2277.8</ele></trkpt>
      <trkpt lat="46.56385791390075" lon="8.609798928159039">
      <ele>2277.6</ele></trkpt>
      <trkpt lat="46.56387581036979" lon="8.609739276130554">
      <ele>2277.5</ele></trkpt>
      <trkpt lat="46.56387606848954" lon="8.60971419901918">
      <ele>2277.4</ele></trkpt>
      <trkpt lat="46.56388218031694" lon="8.609680678984965">
      <ele>2277.3</ele></trkpt>
      <trkpt lat="46.56389219982614" lon="8.609653843527402">
      <ele>2277.2</ele></trkpt>
      <trkpt lat="46.56389780083836" lon="8.60962624722926">
      <ele>2276.8</ele></trkpt>
      <trkpt lat="46.56391171648904" lon="8.609608091747887">
      <ele>2276.4</ele></trkpt>
      <trkpt lat="46.563917242734426" lon="8.60958775906588">
      <ele>2276.1</ele></trkpt>
      <trkpt lat="46.56390967656598" lon="8.609549299538727">
      <ele>2275.7</ele></trkpt>
      <trkpt lat="46.563899974617634" lon="8.609504193785625">
      <ele>2275.3</ele></trkpt>
      <trkpt lat="46.56387511641324" lon="8.609469286257058">
      <ele>2274.9</ele></trkpt>
      <trkpt lat="46.56387182148866" lon="8.609446767066114">
      <ele>2274.5</ele></trkpt>
      <trkpt lat="46.56386437296143" lon="8.609397744885351">
      <ele>2274.2</ele></trkpt>
      <trkpt lat="46.56386492514461" lon="8.60934495665946">
      <ele>2273.8</ele></trkpt>
      <trkpt lat="46.56387029131745" lon="8.609298207374398">
      <ele>2273.4</ele></trkpt>
      <trkpt lat="46.56388290282079" lon="8.609277388815197">
      <ele>2273.0</ele></trkpt>
      <trkpt lat="46.56389746295915" lon="8.609239434072263">
      <ele>2272.6</ele></trkpt>
      <trkpt lat="46.56391136499696" lon="8.609222595595046">
      <ele>2272.3</ele></trkpt>
      <trkpt lat="46.56392309970753" lon="8.609200427596354">
      <ele>2271.9</ele></trkpt>
      <trkpt lat="46.56392534444865" lon="8.609156258568863">
      <ele>2271.5</ele></trkpt>
      <trkpt lat="46.56393630634576" lon="8.609123508569361">
      <ele>2271.1</ele></trkpt>
      <trkpt lat="46.563949370464215" lon="8.609060438663343">
      <ele>2270.7</ele></trkpt>
      <trkpt lat="46.563956519714935" lon="8.609011758268148">
      <ele>2270.4</ele></trkpt>
      <trkpt lat="46.56395923690157" lon="8.608963634187536">
      <ele>2270.0</ele></trkpt>
      <trkpt lat="46.5639601028681" lon="8.608924052719805">
      <ele>2269.6</ele></trkpt>
      <trkpt lat="46.563969057928766" lon="8.608872111331783">
      <ele>2269.2</ele></trkpt>
      <trkpt lat="46.56397039853178" lon="8.608829240102784">
      <ele>2268.8</ele></trkpt>
      <trkpt lat="46.56397101376369" lon="8.608771170500884">
      <ele>2268.5</ele></trkpt>
      <trkpt lat="46.563976187372624" lon="8.608742247436034">
      <ele>2268.1</ele></trkpt>
      <trkpt lat="46.56397621040711" lon="8.608698017269514">
      <ele>2267.7</ele></trkpt>
      <trkpt lat="46.56398293231254" lon="8.608648010167755">
      <ele>2267.3</ele></trkpt>
      <trkpt lat="46.563980274819365" lon="8.608606356840262">
      <ele>2266.9</ele></trkpt>
      <trkpt lat="46.5639804356594" lon="8.608549594802366">
      <ele>2266.6</ele></trkpt>
      <trkpt lat="46.56397635186268" lon="8.608517158522185">
      <ele>2266.2</ele></trkpt>
      <trkpt lat="46.5639727360107" lon="8.60848208452346">
      <ele>2265.8</ele></trkpt>
      <trkpt lat="46.5639613228459" lon="8.608430994072158">
      <ele>2265.4</ele></trkpt>
      <trkpt lat="46.563959776979" lon="8.608409843162212">
      <ele>2265.0</ele></trkpt>
      <trkpt lat="46.56396506808961" lon="8.60837035734126">
      <ele>2264.7</ele></trkpt>
      <trkpt lat="46.56397170847236" lon="8.60832826588122">
      <ele>2264.3</ele></trkpt>
      <trkpt lat="46.56397915563605" lon="8.608293457103942">
      <ele>2263.9</ele></trkpt>
      <trkpt lat="46.563985802827375" lon="8.608250700550373">
      <ele>2263.5</ele></trkpt>
      <trkpt lat="46.563998274235246" lon="8.608201482870104">
      <ele>2263.1</ele></trkpt>
      <trkpt lat="46.56399662442305" lon="8.608189564539861">
      <ele>2262.8</ele></trkpt>
      <trkpt lat="46.56399200488275" lon="8.608166351533374">
      <ele>2262.4</ele></trkpt>
      <trkpt lat="46.56399733436579" lon="8.60812224907958">
      <ele>2262.0</ele></trkpt>
      <trkpt lat="46.56399614339164" lon="8.60806744043435">
      <ele>2261.9</ele></trkpt>
      <trkpt lat="46.56399438968734" lon="8.608024489261448">
      <ele>2261.8</ele></trkpt>
      <trkpt lat="46.564003283221" lon="8.607978494229975">
      <ele>2261.6</ele></trkpt>
      <trkpt lat="46.56401042517361" lon="8.607930478716584">
      <ele>2261.5</ele></trkpt>
      <trkpt lat="46.56401186043931" lon="8.607878361605582">
      <ele>2261.4</ele></trkpt>
      <trkpt lat="46.56400865792081" lon="8.60784594440215">
      <ele>2261.3</ele></trkpt>
      <trkpt lat="46.564010350694886" lon="8.607811663390477">
      <ele>2261.2</ele></trkpt>
      <trkpt lat="46.56400673462541" lon="8.607776589416734">
      <ele>2261.0</ele></trkpt>
      <trkpt lat="46.56400314777372" lon="8.607739546503101">
      <ele>2260.9</ele></trkpt>
      <trkpt lat="46.564005975118015" lon="8.607681524653318">
      <ele>2260.8</ele></trkpt>
      <trkpt lat="46.56400606553789" lon="8.60763069588985">
      <ele>2260.7</ele></trkpt>
      <trkpt lat="46.564001866252674" lon="8.60760947462715">
      <ele>2260.6</ele></trkpt>
      <trkpt lat="46.563985898603995" lon="8.607570820808622">
      <ele>2260.4</ele></trkpt>
      <trkpt lat="46.56396689106393" lon="8.607526818717357">
      <ele>2260.3</ele></trkpt>
      <trkpt lat="46.563946647292454" lon="8.607473542088933">
      <ele>2260.2</ele></trkpt>
      <trkpt lat="46.56392459996567" lon="8.607424178737494">
      <ele>2260.1</ele></trkpt>
      <trkpt lat="46.56390733041124" lon="8.607383514296634">
      <ele>2260.0</ele></trkpt>
      <trkpt lat="46.56389723895755" lon="8.607332452693438">
      <ele>2259.8</ele></trkpt>
      <trkpt lat="46.56387956252436" lon="8.607288479505952">
      <ele>2259.7</ele></trkpt>
      <trkpt lat="46.5638635405192" lon="8.607255107321826">
      <ele>2259.6</ele></trkpt>
      <trkpt lat="46.56383789498427" lon="8.607210949058793">
      <ele>2259.4</ele></trkpt>
      <trkpt lat="46.563805564146584" lon="8.60717125083661">
      <ele>2259.3</ele></trkpt>
      <trkpt lat="46.56377887905011" lon="8.607141587624115">
      <ele>2259.2</ele></trkpt>
      <trkpt lat="46.5637680892115" lon="8.607115593745142">
      <ele>2259.0</ele></trkpt>
      <trkpt lat="46.563752148447385" lon="8.607074306039006">
      <ele>2258.8</ele></trkpt>
      <trkpt lat="46.56372361212394" lon="8.607010272492474">
      <ele>2258.7</ele></trkpt>
      <trkpt lat="46.5637160066737" lon="8.606976430025496">
      <ele>2258.5</ele></trkpt>
      <trkpt lat="46.56370717165025" lon="8.606932661024084">
      <ele>2258.4</ele></trkpt>
      <trkpt lat="46.563689370911256" lon="8.606899902827779">
      <ele>2258.2</ele></trkpt>
      <trkpt lat="46.56367366071456" lon="8.606879085426465">
      <ele>2258.1</ele></trkpt>
      <trkpt lat="46.56366520546559" lon="8.606841259451434">
      <ele>2257.9</ele></trkpt>
      <trkpt lat="46.56364662485488" lon="8.60679858448888">
      <ele>2257.8</ele></trkpt>
      <trkpt lat="46.56363616231621" lon="8.60674158046254">
      <ele>2257.7</ele></trkpt>
      <trkpt lat="46.56363169243209" lon="8.606680101465127">
      <ele>2257.5</ele></trkpt>
      <trkpt lat="46.56363199420824" lon="8.60662792110331">
      <ele>2257.3</ele></trkpt>
      <trkpt lat="46.56362843663674" lon="8.60659500089475">
      <ele>2257.2</ele></trkpt>
      <trkpt lat="46.563633978712744" lon="8.606565185770334">
      <ele>2257.0</ele></trkpt>
      <trkpt lat="46.56363778519175" lon="8.606516015820311">
      <ele>2256.9</ele></trkpt>
      <trkpt lat="46.563641914982924" lon="8.60649582236556">
      <ele>2256.8</ele></trkpt>
      <trkpt lat="46.563636493782695" lon="8.60645514021558">
      <ele>2256.6</ele></trkpt>
      <trkpt lat="46.563619854385905" lon="8.606425798581405">
      <ele>2256.7</ele></trkpt>
      <trkpt lat="46.563607402358286" lon="8.606372403895746">
      <ele>2256.7</ele></trkpt>
      <trkpt lat="46.56358073281795" lon="8.606306141619903">
      <ele>2256.8</ele></trkpt>
      <trkpt lat="46.56355830722903" lon="8.606269918714252">
      <ele>2256.8</ele></trkpt>
      <trkpt lat="46.56354300080116" lon="8.606238675512138">
      <ele>2256.8</ele></trkpt>
      <trkpt lat="46.56354390421052" lon="8.606215516818816">
      <ele>2256.9</ele></trkpt>
      <trkpt lat="46.563560007740094" lon="8.606174346993257">
      <ele>2256.9</ele></trkpt>
      <trkpt lat="46.56356483368583" lon="8.60615030770347">
      <ele>2257.0</ele></trkpt>
      <trkpt lat="46.5635622378654" lon="8.606089404053357">
      <ele>2257.0</ele></trkpt>
      <trkpt lat="46.56355540429269" lon="8.606058343682905">
      <ele>2257.1</ele></trkpt>
      <trkpt lat="46.56354605139289" lon="8.606018542045247">
      <ele>2257.2</ele></trkpt>
      <trkpt lat="46.56353429538288" lon="8.605961301687834">
      <ele>2257.2</ele></trkpt>
      <trkpt lat="46.56352039209193" lon="8.605920436717058">
      <ele>2257.2</ele></trkpt>
      <trkpt lat="46.563517461219966" lon="8.605890425785983">
      <ele>2257.3</ele></trkpt>
      <trkpt lat="46.5635181211687" lon="8.605829605469802">
      <ele>2257.3</ele></trkpt>
      <trkpt lat="46.563516877983915" lon="8.605764870209219">
      <ele>2257.4</ele></trkpt>
      <trkpt lat="46.5635175775941" lon="8.605700176850757">
      <ele>2257.4</ele></trkpt>
      <trkpt lat="46.56352920244565" lon="8.605591293167272">
      <ele>2257.5</ele></trkpt>
      <trkpt lat="46.56353103778534" lon="8.605543045962953">
      <ele>2257.5</ele></trkpt>
      <trkpt lat="46.563550643768" lon="8.605478773288318">
      <ele>2257.6</ele></trkpt>
      <trkpt lat="46.56355956844461" lon="8.605438413673946">
      <ele>2257.5</ele></trkpt>
      <trkpt lat="46.56355230403033" lon="8.605387061559284">
      <ele>2257.5</ele></trkpt>
      <trkpt lat="46.563552040690176" lon="8.60535132991154">
      <ele>2257.4</ele></trkpt>
      <trkpt lat="46.56355434632251" lon="8.60531950146227">
      <ele>2257.4</ele></trkpt>
      <trkpt lat="46.56355103394851" lon="8.605264386754534">
      <ele>2257.3</ele></trkpt>
      <trkpt lat="46.563552675149175" lon="8.60517363982525">
      <ele>2257.2</ele></trkpt>
      <trkpt lat="46.563553285379754" lon="8.60511763142474">
      <ele>2257.2</ele></trkpt>
      <trkpt lat="46.563563104106564" lon="8.605054112833885">
      <ele>2257.1</ele></trkpt>
      <trkpt lat="46.56356310577527" lon="8.605002173902065">
      <ele>2257.1</ele></trkpt>
      <trkpt lat="46.56356526287129" lon="8.604968150934509">
      <ele>2257.0</ele></trkpt>
      <trkpt lat="46.56356450259636" lon="8.604927347719475">
      <ele>2256.9</ele></trkpt>
      <trkpt lat="46.56355530570258" lon="8.604884575737849">
      <ele>2256.9</ele></trkpt>
      <trkpt lat="46.56354712328412" lon="8.604859564702325">
      <ele>2256.8</ele></trkpt>
      <trkpt lat="46.563541469343704" lon="8.604823977766324">
      <ele>2256.8</ele></trkpt>
      <trkpt lat="46.56354214115251" lon="8.604761944638605">
      <ele>2256.7</ele></trkpt>
      <trkpt lat="46.56353763792591" lon="8.60473170423199">
      <ele>2256.6</ele></trkpt>
      <trkpt lat="46.56353419695874" lon="8.604715443189392">
      <ele>2256.6</ele></trkpt>
      <trkpt lat="46.56352219456787" lon="8.604680423832043">
      <ele>2256.5</ele></trkpt>
      <trkpt lat="46.56351489025288" lon="8.604632931855964">
      <ele>2256.5</ele></trkpt>
      <trkpt lat="46.563520001007404" lon="8.60458282478354">
      <ele>2256.4</ele></trkpt>
      <trkpt lat="46.56353347663053" lon="8.604542563099276">
      <ele>2256.6</ele></trkpt>
      <trkpt lat="46.5635344974641" lon="8.604508789567365">
      <ele>2256.7</ele></trkpt>
      <trkpt lat="46.56353749901922" lon="8.604473115234775">
      <ele>2256.9</ele></trkpt>
      <trkpt lat="46.56354824751549" lon="8.604444377329624">
      <ele>2257.0</ele></trkpt>
      <trkpt lat="46.56356571394617" lon="8.604397445060968">
      <ele>2257.2</ele></trkpt>
      <trkpt lat="46.56357651186019" lon="8.604363882118312">
      <ele>2257.3</ele></trkpt>
      <trkpt lat="46.563574533033574" lon="8.604305887494546">
      <ele>2257.5</ele></trkpt>
      <trkpt lat="46.56359561051291" lon="8.604167285359281">
      <ele>2257.6</ele></trkpt>
      <trkpt lat="46.56360094766423" lon="8.6040959352775">
      <ele>2257.8</ele></trkpt>
      <trkpt lat="46.56360556796846" lon="8.604031326249876">
      <ele>2257.9</ele></trkpt>
      <trkpt lat="46.563598518588456" lon="8.603960674628345">
      <ele>2258.1</ele></trkpt>
      <trkpt lat="46.5635894696983" lon="8.603892875615523">
      <ele>2258.3</ele></trkpt>
      <trkpt lat="46.563572840140324" lon="8.603803652602153">
      <ele>2258.4</ele></trkpt>
      <trkpt lat="46.56356648770048" lon="8.603761568140389">
      <ele>2258.6</ele></trkpt>
      <trkpt lat="46.56354501605887" lon="8.60369800173846">
      <ele>2258.7</ele></trkpt>
      <trkpt lat="46.56352915175282" lon="8.603656156014658">
      <ele>2258.9</ele></trkpt>
      <trkpt lat="46.5635186547438" lon="8.603601486784013">
      <ele>2259.0</ele></trkpt>
      <trkpt lat="46.56349479099122" lon="8.603487730115129">
      <ele>2259.2</ele></trkpt>
      <trkpt lat="46.56347357584055" lon="8.603399973900977">
      <ele>2259.3</ele></trkpt>
      <trkpt lat="46.56346651561344" lon="8.60335055698052">
      <ele>2259.5</ele></trkpt>
      <trkpt lat="46.56346046535581" lon="8.603315848687542">
      <ele>2259.6</ele></trkpt>
      <trkpt lat="46.56344421956081" lon="8.603254129829093">
      <ele>2259.7</ele></trkpt>
      <trkpt lat="46.563422685886316" lon="8.603197475444908">
      <ele>2259.7</ele></trkpt>
      <trkpt lat="46.56339294990548" lon="8.603144961966686">
      <ele>2259.8</ele></trkpt>
      <trkpt lat="46.56334333633487" lon="8.603082303508575">
      <ele>2259.9</ele></trkpt>
      <trkpt lat="46.56329564195925" lon="8.603033421126776">
      <ele>2259.9</ele></trkpt>
      <trkpt lat="46.563239391326356" lon="8.602982828665535">
      <ele>2260.0</ele></trkpt>
      <trkpt lat="46.56320321377971" lon="8.602925911723279">
      <ele>2260.1</ele></trkpt>
      <trkpt lat="46.56317881126168" lon="8.602883204553338">
      <ele>2260.2</ele></trkpt>
      <trkpt lat="46.56316065798278" lon="8.602854014323853">
      <ele>2260.2</ele></trkpt>
      <trkpt lat="46.56313628364278" lon="8.60282877284445">
      <ele>2260.3</ele></trkpt>
      <trkpt lat="46.56312526925165" lon="8.60279561453858">
      <ele>2260.4</ele></trkpt>
      <trkpt lat="46.56311855145876" lon="8.602758426982174">
      <ele>2260.5</ele></trkpt>
      <trkpt lat="46.56311601290137" lon="8.602729559671253">
      <ele>2260.6</ele></trkpt>
      <trkpt lat="46.56310718431451" lon="8.602690278924689">
      <ele>2260.6</ele></trkpt>
      <trkpt lat="46.56308987844497" lon="8.602647724583342">
      <ele>2260.7</ele></trkpt>
      <trkpt lat="46.56308014227474" lon="8.602605698295946">
      <ele>2260.8</ele></trkpt>
      <trkpt lat="46.56306487337408" lon="8.602572448565352">
      <ele>2260.8</ele></trkpt>
      <trkpt lat="46.56305665917868" lon="8.602543459224258">
      <ele>2260.9</ele></trkpt>
      <trkpt lat="46.56305202187381" lon="8.602510438177978">
      <ele>2261.0</ele></trkpt>
      <trkpt lat="46.56303666877177" lon="8.602485417006326">
      <ele>2261.4</ele></trkpt>
      <trkpt lat="46.563014176907494" lon="8.602464350962673">
      <ele>2261.7</ele></trkpt>
      <trkpt lat="46.56300421041721" lon="8.602452749825929">
      <ele>2262.1</ele></trkpt>
      <trkpt lat="46.56299461291251" lon="8.602434100206604">
      <ele>2262.4</ele></trkpt>
      <trkpt lat="46.56297528843234" lon="8.602377794131309">
      <ele>2262.8</ele></trkpt>
      <trkpt lat="46.56297043371827" lon="8.602340516362894">
      <ele>2263.1</ele></trkpt>
      <trkpt lat="46.56296398843985" lon="8.602293382804982">
      <ele>2263.5</ele></trkpt>
      <trkpt lat="46.56295294228345" lon="8.602263315292223">
      <ele>2263.8</ele></trkpt>
      <trkpt lat="46.56294180156032" lon="8.602242493444741">
      <ele>2264.2</ele></trkpt>
      <trkpt lat="46.56291803822451" lon="8.602227869665905">
      <ele>2264.6</ele></trkpt>
      <trkpt lat="46.562907886531875" lon="8.602195669284349">
      <ele>2264.9</ele></trkpt>
      <trkpt lat="46.562904261101274" lon="8.60217277865201">
      <ele>2265.3</ele></trkpt>
      <trkpt lat="46.562903164479" lon="8.602141894694059">
      <ele>2265.6</ele></trkpt>
      <trkpt lat="46.56289287253616" lon="8.60210669137089">
      <ele>2266.0</ele></trkpt>
      <trkpt lat="46.56288331068493" lon="8.60207047333929">
      <ele>2266.3</ele></trkpt>
      <trkpt lat="46.56288070874644" lon="8.60204778733523">
      <ele>2266.7</ele></trkpt>
      <trkpt lat="46.56288732639994" lon="8.602025286491052">
      <ele>2267.0</ele></trkpt>
      <trkpt lat="46.56288891736585" lon="8.602007829671535">
      <ele>2267.4</ele></trkpt>
      <trkpt lat="46.5628800028537" lon="8.6019778080842">
      <ele>2267.7</ele></trkpt>
      <trkpt lat="46.56285176354163" lon="8.60193636258413">
      <ele>2268.1</ele></trkpt>
      <trkpt lat="46.5628466840697" lon="8.601923692738453">
      <ele>2268.7</ele></trkpt>
      <trkpt lat="46.56282428668354" lon="8.60188457717506">
      <ele>2269.3</ele></trkpt>
      <trkpt lat="46.562814205783845" lon="8.601852482783451">
      <ele>2269.9</ele></trkpt>
      <trkpt lat="46.56278914087843" lon="8.60181908809497">
      <ele>2270.5</ele></trkpt>
      <trkpt lat="46.56277416098759" lon="8.601783066771949">
      <ele>2271.1</ele></trkpt>
      <trkpt lat="46.56277746385033" lon="8.601745116716486">
      <ele>2271.6</ele></trkpt>
      <trkpt lat="46.56277373390536" lon="8.601711319777325">
      <ele>2272.2</ele></trkpt>
      <trkpt lat="46.562758347209964" lon="8.601679007074429">
      <ele>2272.8</ele></trkpt>
      <trkpt lat="46.5627450163022" lon="8.601673529369005">
      <ele>2273.4</ele></trkpt>
      <trkpt lat="46.56273457028267" lon="8.601679787356264">
      <ele>2274.0</ele></trkpt>
      <trkpt lat="46.5627224397235" lon="8.601656335797392">
      <ele>2274.6</ele></trkpt>
      <trkpt lat="46.56270556308301" lon="8.601649203670725">
      <ele>2275.2</ele></trkpt>
      <trkpt lat="46.562699149636266" lon="8.60163941385732">
      <ele>2275.8</ele></trkpt>
      <trkpt lat="46.5626800342649" lon="8.6015951778504">
      <ele>2276.4</ele></trkpt>
      <trkpt lat="46.562657100806426" lon="8.601560968316635">
      <ele>2276.9</ele></trkpt>
      <trkpt lat="46.562642263529085" lon="8.601532110939921">
      <ele>2277.5</ele></trkpt>
      <trkpt lat="46.562632740405434" lon="8.601495607063171">
      <ele>2278.1</ele></trkpt>
      <trkpt lat="46.562616733878365" lon="8.601467598488062">
      <ele>2278.7</ele></trkpt>
      <trkpt lat="46.56260661728879" lon="8.601431942739838">
      <ele>2279.3</ele></trkpt>
      <trkpt lat="46.56260635069927" lon="8.601401689835615">
      <ele>2279.9</ele></trkpt>
      <trkpt lat="46.56259968867719" lon="8.601369564777096">
      <ele>2280.7</ele></trkpt>
      <trkpt lat="46.56257387641497" lon="8.601332697945562">
      <ele>2281.5</ele></trkpt>
      <trkpt lat="46.562553795228126" lon="8.601303728015239">
      <ele>2282.3</ele></trkpt>
      <trkpt lat="46.56253470662945" lon="8.601292074688207">
      <ele>2283.1</ele></trkpt>
      <trkpt lat="46.562503397627715" lon="8.601291284654366">
      <ele>2283.9</ele></trkpt>
      <trkpt lat="46.56249498401575" lon="8.601285299684722">
      <ele>2284.8</ele></trkpt>
      <trkpt lat="46.562478930729974" lon="8.601262742283495">
      <ele>2285.6</ele></trkpt>
      <trkpt lat="46.56246597657643" lon="8.601254729386433">
      <ele>2286.4</ele></trkpt>
      <trkpt lat="46.56244821737405" lon="8.601208944621012">
      <ele>2287.2</ele></trkpt>
      <trkpt lat="46.56242025254326" lon="8.601156458205283">
      <ele>2288.0</ele></trkpt>
      <trkpt lat="46.56239901980201" lon="8.601126602839313">
      <ele>2288.8</ele></trkpt>
      <trkpt lat="46.56237241955526" lon="8.601108736235364">
      <ele>2289.6</ele></trkpt>
      <trkpt lat="46.56234800767433" lon="8.601104742378762">
      <ele>2290.4</ele></trkpt>
      <trkpt lat="46.56233172718001" lon="8.601102657928331">
      <ele>2291.2</ele></trkpt>
      <trkpt lat="46.56231791785347" lon="8.601087648648948">
      <ele>2292.1</ele></trkpt>
      <trkpt lat="46.56230320183966" lon="8.601052194369482">
      <ele>2292.9</ele></trkpt>
      <trkpt lat="46.56229570928769" lon="8.601022099467347">
      <ele>2293.7</ele></trkpt>
      <trkpt lat="46.562288599878514" lon="8.601016142575697">
      <ele>2294.5</ele></trkpt>
      <trkpt lat="46.562285118687896" lon="8.600976468892775">
      <ele>2295.3</ele></trkpt>
      <trkpt lat="46.56227699921835" lon="8.600943451931764">
      <ele>2296.1</ele></trkpt>
      <trkpt lat="46.56228729550925" lon="8.60089636567521">
      <ele>2295.8</ele></trkpt>
      <trkpt lat="46.5622779210876" lon="8.600858495820482">
      <ele>2295.4</ele></trkpt>
      <trkpt lat="46.562250129807886" lon="8.600775792594389">
      <ele>2295.1</ele></trkpt>
      <trkpt lat="46.562227241523956" lon="8.600722163472017">
      <ele>2294.8</ele></trkpt>
      <trkpt lat="46.562215356309544" lon="8.600675553071273">
      <ele>2294.5</ele></trkpt>
      <trkpt lat="46.5621418480465" lon="8.600719325465917">
      <ele>2294.2</ele></trkpt>
      <trkpt lat="46.56208743283283" lon="8.60074613437785">
      <ele>2293.8</ele></trkpt>
      <trkpt lat="46.562038421031566" lon="8.600755672872227">
      <ele>2293.5</ele></trkpt>
      <trkpt lat="46.56200890380717" lon="8.600651685874649">
      <ele>2293.2</ele></trkpt>
      <trkpt lat="46.561996076873854" lon="8.600632093698671">
      <ele>2292.8</ele></trkpt>
      <trkpt lat="46.561976062523264" lon="8.60061329935104">
      <ele>2292.5</ele></trkpt>
      <trkpt lat="46.56195010484643" lon="8.600602098886789">
      <ele>2292.2</ele></trkpt>
      <trkpt lat="46.561906152631785" lon="8.600566369431537">
      <ele>2291.9</ele></trkpt>
      <trkpt lat="46.56187719440594" lon="8.600530961951852">
      <ele>2291.5</ele></trkpt>
      <trkpt lat="46.56184011642654" lon="8.600462550927993">
      <ele>2291.2</ele></trkpt>
      <trkpt lat="46.56179574215422" lon="8.600345685138844">
      <ele>2290.9</ele></trkpt>
      <trkpt lat="46.56176204746848" lon="8.600265751750229">
      <ele>2290.6</ele></trkpt>
      <trkpt lat="46.56171982069999" lon="8.60019142641928">
      <ele>2290.2</ele></trkpt>
      <trkpt lat="46.561674191779815" lon="8.600129575525582">
      <ele>2289.9</ele></trkpt>
      <trkpt lat="46.561631625526395" lon="8.600081446443982">
      <ele>2289.6</ele></trkpt>
      <trkpt lat="46.56158442409945" lon="8.600045843539512">
      <ele>2288.5</ele></trkpt>
      <trkpt lat="46.56152684608324" lon="8.600022043601363">
      <ele>2287.4</ele></trkpt>
      <trkpt lat="46.56149558634327" lon="8.60001202098264">
      <ele>2286.4</ele></trkpt>
      <trkpt lat="46.56144152471399" lon="8.600016547530926">
      <ele>2285.3</ele></trkpt>
      <trkpt lat="46.56141039859392" lon="8.60003485699108">
      <ele>2284.2</ele></trkpt>
      <trkpt lat="46.561382494582546" lon="8.600070660892863">
      <ele>2283.2</ele></trkpt>
      <trkpt lat="46.561349362641266" lon="8.600107435117742">
      <ele>2282.1</ele></trkpt>
      <trkpt lat="46.56130593548001" lon="8.600159496323862">
      <ele>2281.0</ele></trkpt>
      <trkpt lat="46.56128195866516" lon="8.600172807165945">
      <ele>2279.9</ele></trkpt>
      <trkpt lat="46.56124703833393" lon="8.600169736044514">
      <ele>2278.8</ele></trkpt>
      <trkpt lat="46.56121232941389" lon="8.600145957404717">
      <ele>2277.8</ele></trkpt>
      <trkpt lat="46.56114359309257" lon="8.600040452453294">
      <ele>2276.7</ele></trkpt>
      <trkpt lat="46.56109017230933" lon="8.599973387565456">
      <ele>2275.6</ele></trkpt>
      <trkpt lat="46.561031631683214" lon="8.599916973272027">
      <ele>2274.5</ele></trkpt>
      <trkpt lat="46.56096195777779" lon="8.599871576149106">
      <ele>2273.5</ele></trkpt>
      <trkpt lat="46.56090610066255" lon="8.599823723573692">
      <ele>2272.4</ele></trkpt>
      <trkpt lat="46.56082885938046" lon="8.599730845162876">
      <ele>2271.3</ele></trkpt>
      <trkpt lat="46.56077190652857" lon="8.5996537144528">
      <ele>2270.2</ele></trkpt>
      <trkpt lat="46.560698107187754" lon="8.599570888043464">
      <ele>2269.2</ele></trkpt>
      <trkpt lat="46.56062471901082" lon="8.599492726930258">
      <ele>2268.1</ele></trkpt>
      <trkpt lat="46.560553658802306" lon="8.599403307942595">
      <ele>2267.6</ele></trkpt>
      <trkpt lat="46.56048264365138" lon="8.599311229450786">
      <ele>2267.2</ele></trkpt>
      <trkpt lat="46.56042165178356" lon="8.599236673768559">
      <ele>2266.7</ele></trkpt>
      <trkpt lat="46.56036600045077" lon="8.599161567601826">
      <ele>2266.2</ele></trkpt>
      <trkpt lat="46.560326628135904" lon="8.599102800932359">
      <ele>2265.8</ele></trkpt>
      <trkpt lat="46.5602828260224" lon="8.59904260901848">
      <ele>2265.3</ele></trkpt>
      <trkpt lat="46.56024418368283" lon="8.598997826827116">
      <ele>2264.8</ele></trkpt>
      <trkpt lat="46.56018259266389" lon="8.598937892791536">
      <ele>2264.4</ele></trkpt>
      <trkpt lat="46.56009751504354" lon="8.598871442743505">
      <ele>2263.9</ele></trkpt>
      <trkpt lat="46.56004809665734" lon="8.598837059516134">
      <ele>2263.4</ele></trkpt>
      <trkpt lat="46.5599840624469" lon="8.598797028624915">
      <ele>2263.0</ele></trkpt>
      <trkpt lat="46.559907961737174" lon="8.598763377822655">
      <ele>2262.5</ele></trkpt>
      <trkpt lat="46.559831750302436" lon="8.598739702271534">
      <ele>2262.1</ele></trkpt>
      <trkpt lat="46.55976493850699" lon="8.598710906929327">
      <ele>2261.6</ele></trkpt>
      <trkpt lat="46.55971326906637" lon="8.598678471312153">
      <ele>2261.1</ele></trkpt>
      <trkpt lat="46.55967528428667" lon="8.598655654451067">
      <ele>2260.7</ele></trkpt>
      <trkpt lat="46.55964051653149" lon="8.598625263683994">
      <ele>2260.2</ele></trkpt>
      <trkpt lat="46.559555660412435" lon="8.598522952792207">
      <ele>2259.7</ele></trkpt>
      <trkpt lat="46.55944766038108" lon="8.598394622220848">
      <ele>2259.3</ele></trkpt>
      <trkpt lat="46.55928225957627" lon="8.598207401846274">
      <ele>2258.8</ele></trkpt>
      <trkpt lat="46.55916069770978" lon="8.598095319732815">
      <ele>2258.7</ele></trkpt>
      <trkpt lat="46.55903700654946" lon="8.597974115051668">
      <ele>2258.6</ele></trkpt>
      <trkpt lat="46.55889186006383" lon="8.597823614863351">
      <ele>2258.5</ele></trkpt>
      <trkpt lat="46.558803556751464" lon="8.597731979665571">
      <ele>2258.4</ele></trkpt>
      <trkpt lat="46.55873107352366" lon="8.597650530458576">
      <ele>2258.3</ele></trkpt>
      <trkpt lat="46.55867530826285" lon="8.597597988930328">
      <ele>2258.2</ele></trkpt>
      <trkpt lat="46.55855996849349" lon="8.597501210778645">
      <ele>2258.1</ele></trkpt>
      <trkpt lat="46.55839900433701" lon="8.597370250823245">
      <ele>2258.0</ele></trkpt>
      <trkpt lat="46.55833490615832" lon="8.597306419591563">
      <ele>2257.9</ele></trkpt>
      <trkpt lat="46.55824973915322" lon="8.597201837276073">
      <ele>2257.8</ele></trkpt>
      <trkpt lat="46.55818561822633" lon="8.597128746028613">
      <ele>2257.6</ele></trkpt>
      <trkpt lat="46.55811390903361" lon="8.597043689431839">
      <ele>2257.5</ele></trkpt>
      <trkpt lat="46.55805594894471" lon="8.59697695149127">
      <ele>2257.4</ele></trkpt>
      <trkpt lat="46.55798994222005" lon="8.59689201734005">
      <ele>2257.3</ele></trkpt>
      <trkpt lat="46.557908566375154" lon="8.596764067865342">
      <ele>2257.2</ele></trkpt>
      <trkpt lat="46.557838321660995" lon="8.596661501988898">
      <ele>2257.1</ele></trkpt>
      <trkpt lat="46.557805184806085" lon="8.5966166717896">
      <ele>2257.0</ele></trkpt>
      <trkpt lat="46.5577796783959" lon="8.596576126177427">
      <ele>2256.9</ele></trkpt>
      <trkpt lat="46.55782788852403" lon="8.596441129218208">
      <ele>2256.8</ele></trkpt>
      <trkpt lat="46.55789591564944" lon="8.596250657682344">
      <ele>2256.7</ele></trkpt>
      <trkpt lat="46.55806729180748" lon="8.595775730705697">
      <ele>2256.4</ele></trkpt>
      <trkpt lat="46.558250096995536" lon="8.59525669198534">
      <ele>2256.1</ele></trkpt>
      <trkpt lat="46.55843289981371" lon="8.59473764975672">
      <ele>2255.8</ele></trkpt>
      <trkpt lat="46.558615700261946" lon="8.594218604019849">
      <ele>2255.5</ele></trkpt>
      <trkpt lat="46.55879849834025" lon="8.59369955477473">
      <ele>2255.2</ele></trkpt>
      <trkpt lat="46.55894893516357" lon="8.593275845408712">
      <ele>2254.9</ele></trkpt>
      <trkpt lat="46.55909937040758" lon="8.592852133685849">
      <ele>2254.6</ele></trkpt>
      <trkpt lat="46.559133164603445" lon="8.592756941036967">
      <ele>2254.3</ele></trkpt>
      <trkpt lat="46.55910384745842" lon="8.592738056585617">
      <ele>2254.0</ele></trkpt>
      <trkpt lat="46.55901945707847" lon="8.59268333129716">
      <ele>2253.8</ele></trkpt>
      <trkpt lat="46.55892731304354" lon="8.592618711304826">
      <ele>2253.5</ele></trkpt>
      <trkpt lat="46.55882813318978" lon="8.592547042163739">
      <ele>2253.2</ele></trkpt>
      <trkpt lat="46.55874686978321" lon="8.592482041619897">
      <ele>2252.9</ele></trkpt>
      <trkpt lat="46.5586954329402" lon="8.592443357286427">
      <ele>2252.6</ele></trkpt>
      <trkpt lat="46.55866588427488" lon="8.592429554691494">
      <ele>2252.3</ele></trkpt>
      <trkpt lat="46.55864795759814" lon="8.592424777289567">
      <ele>2252.0</ele></trkpt>
      <trkpt lat="46.558632894395075" lon="8.59242506914764">
      <ele>2251.7</ele></trkpt>
      <trkpt lat="46.558616905956455" lon="8.592434092606709">
      <ele>2251.4</ele></trkpt>
      <trkpt lat="46.55860626496431" lon="8.592450755418563">
      <ele>2251.1</ele></trkpt>
      <trkpt lat="46.55860149480736" lon="8.59246691736019">
      <ele>2250.8</ele></trkpt>
      <trkpt lat="46.55860325277961" lon="8.592497604035636">
      <ele>2250.3</ele></trkpt>
      <trkpt lat="46.55861428180229" lon="8.592521628172001">
      <ele>2249.9</ele></trkpt>
      <trkpt lat="46.55863654814355" lon="8.59255091316163">
      <ele>2249.4</ele></trkpt>
      <trkpt lat="46.558698534457804" lon="8.592608564179361">
      <ele>2248.9</ele></trkpt>
      <trkpt lat="46.558772190067195" lon="8.592682101816159">
      <ele>2248.5</ele></trkpt>
      <trkpt lat="46.55880332942267" lon="8.59271291951875">
      <ele>2248.0</ele></trkpt>
      <trkpt lat="46.55882149840621" lon="8.592734604971918">
      <ele>2247.5</ele></trkpt>
      <trkpt lat="46.55883709187944" lon="8.592761856735137">
      <ele>2247.0</ele></trkpt>
      <trkpt lat="46.558845125236566" lon="8.592792064394281">
      <ele>2246.6</ele></trkpt>
      <trkpt lat="46.55884396608868" lon="8.59282207602299">
      <ele>2246.1</ele></trkpt>
      <trkpt lat="46.55883905102142" lon="8.592850742449619">
      <ele>2245.6</ele></trkpt>
      <trkpt lat="46.558830849614075" lon="8.592874343594858">
      <ele>2245.2</ele></trkpt>
      <trkpt lat="46.55881897748914" lon="8.59288908900231">
      <ele>2244.7</ele></trkpt>
      <trkpt lat="46.55880173876228" lon="8.592898085690635">
      <ele>2244.2</ele></trkpt>
      <trkpt lat="46.55877159330302" lon="8.59290054682278">
      <ele>2243.8</ele></trkpt>
      <trkpt lat="46.558741561087814" lon="8.592893619950491">
      <ele>2243.3</ele></trkpt>
      <trkpt lat="46.5586872111904" lon="8.59285299501965">
      <ele>2242.8</ele></trkpt>
      <trkpt lat="46.55858950542489" lon="8.59276196343504">
      <ele>2242.3</ele></trkpt>
      <trkpt lat="46.55851914559919" lon="8.592693452246962">
      <ele>2241.9</ele></trkpt>
      <trkpt lat="46.558414206559746" lon="8.59257846505681">
      <ele>2241.4</ele></trkpt>
      <trkpt lat="46.55831228176927" lon="8.592452782810135">
      <ele>2240.6</ele></trkpt>
      <trkpt lat="46.558207926005586" lon="8.592314854841746">
      <ele>2239.7</ele></trkpt>
      <trkpt lat="46.55808643055099" lon="8.592144204682086">
      <ele>2238.9</ele></trkpt>
      <trkpt lat="46.55804044985737" lon="8.592074923342656">
      <ele>2238.0</ele></trkpt>
      <trkpt lat="46.558008045311404" lon="8.592029563662425">
      <ele>2237.2</ele></trkpt>
      <trkpt lat="46.55797218170739" lon="8.591992620703552">
      <ele>2236.3</ele></trkpt>
      <trkpt lat="46.55793565271161" lon="8.591969840322069">
      <ele>2235.5</ele></trkpt>
      <trkpt lat="46.557890234947976" lon="8.591931989591135">
      <ele>2234.6</ele></trkpt>
      <trkpt lat="46.557849118455515" lon="8.591894934847007">
      <ele>2233.8</ele></trkpt>
      <trkpt lat="46.557795393203634" lon="8.591820167869725">
      <ele>2232.9</ele></trkpt>
      <trkpt lat="46.55771397382833" lon="8.591633823622784">
      <ele>2232.1</ele></trkpt>
      <trkpt lat="46.557659265187645" lon="8.591530017738073">
      <ele>2231.3</ele></trkpt>
      <trkpt lat="46.557581850359774" lon="8.591416325175251">
      <ele>2230.4</ele></trkpt>
      <trkpt lat="46.557511847197354" lon="8.591320527835032">
      <ele>2229.6</ele></trkpt>
      <trkpt lat="46.55745016623997" lon="8.591246883626198">
      <ele>2228.7</ele></trkpt>
      <trkpt lat="46.55738077715759" lon="8.591176596758821">
      <ele>2227.9</ele></trkpt>
      <trkpt lat="46.55733412467902" lon="8.591123839984986">
      <ele>2227.0</ele></trkpt>
      <trkpt lat="46.55730881487731" lon="8.591085010031357">
      <ele>2226.2</ele></trkpt>
      <trkpt lat="46.55728510036485" lon="8.591033459113621">
      <ele>2225.3</ele></trkpt>
      <trkpt lat="46.55726532164113" lon="8.590973488730786">
      <ele>2224.5</ele></trkpt>
      <trkpt lat="46.55723750062989" lon="8.590870817606415">
      <ele>2223.4</ele></trkpt>
      <trkpt lat="46.557209120115054" lon="8.590774525196046">
      <ele>2222.3</ele></trkpt>
      <trkpt lat="46.557175608149876" lon="8.590704324764294">
      <ele>2221.2</ele></trkpt>
      <trkpt lat="46.55712801351453" lon="8.590613988016797">
      <ele>2220.2</ele></trkpt>
      <trkpt lat="46.55705551022845" lon="8.590490490636348">
      <ele>2219.1</ele></trkpt>
      <trkpt lat="46.55699611253312" lon="8.59038854368179">
      <ele>2218.0</ele></trkpt>
      <trkpt lat="46.55696822571525" lon="8.59032697977117">
      <ele>2216.9</ele></trkpt>
      <trkpt lat="46.55694288937592" lon="8.59025341956529">
      <ele>2215.8</ele></trkpt>
      <trkpt lat="46.55690066214573" lon="8.590155398814318">
      <ele>2214.7</ele></trkpt>
      <trkpt lat="46.55683952233677" lon="8.590040660602856">
      <ele>2213.7</ele></trkpt>
      <trkpt lat="46.556773642160515" lon="8.589922274457912">
      <ele>2212.6</ele></trkpt>
      <trkpt lat="46.55671571172671" lon="8.589817529817438">
      <ele>2211.5</ele></trkpt>
      <trkpt lat="46.55663808922276" lon="8.589683296581107">
      <ele>2210.4</ele></trkpt>
      <trkpt lat="46.55660022328197" lon="8.589616552337917">
      <ele>2209.3</ele></trkpt>
      <trkpt lat="46.55657232892232" lon="8.589555693376722">
      <ele>2208.2</ele></trkpt>
      <trkpt lat="46.55655206544889" lon="8.589496431327051">
      <ele>2207.1</ele></trkpt>
      <trkpt lat="46.556533398939145" lon="8.589425152742457">
      <ele>2206.1</ele></trkpt>
      <trkpt lat="46.55651461622949" lon="8.589326223332781">
      <ele>2205.0</ele></trkpt>
      <trkpt lat="46.55649276857083" lon="8.589242122452514">
      <ele>2203.9</ele></trkpt>
      <trkpt lat="46.55645375739002" lon="8.589153379118166">
      <ele>2202.8</ele></trkpt>
      <trkpt lat="46.55640606481205" lon="8.589070828763488">
      <ele>2201.9</ele></trkpt>
      <trkpt lat="46.556362915165145" lon="8.58900609873163">
      <ele>2201.1</ele></trkpt>
      <trkpt lat="46.556336549199344" lon="8.588938191222999">
      <ele>2200.2</ele></trkpt>
      <trkpt lat="46.556312504211384" lon="8.588839150520604">
      <ele>2199.4</ele></trkpt>
      <trkpt lat="46.55629702200973" lon="8.588743852232751">
      <ele>2198.5</ele></trkpt>
      <trkpt lat="46.55628482831458" lon="8.588618706345214">
      <ele>2197.7</ele></trkpt>
      <trkpt lat="46.55626419539872" lon="8.588529193563794">
      <ele>2196.8</ele></trkpt>
      <trkpt lat="46.5562432526093" lon="8.588467661613132">
      <ele>2196.0</ele></trkpt>
      <trkpt lat="46.556217231653285" lon="8.588427005810422">
      <ele>2195.1</ele></trkpt>
      <trkpt lat="46.55617813497402" lon="8.588392058382418">
      <ele>2194.2</ele></trkpt>
      <trkpt lat="46.556082184508604" lon="8.588346878513315">
      <ele>2193.4</ele></trkpt>
      <trkpt lat="46.55605099574552" lon="8.58832795777586">
      <ele>2192.5</ele></trkpt>
      <trkpt lat="46.55602724370852" lon="8.58829958338245">
      <ele>2191.7</ele></trkpt>
      <trkpt lat="46.556011955336515" lon="8.5882678545215">
      <ele>2190.8</ele></trkpt>
      <trkpt lat="46.55599343188962" lon="8.58820460069374">
      <ele>2190.0</ele></trkpt>
      <trkpt lat="46.55594630708587" lon="8.588013258213497">
      <ele>2189.1</ele></trkpt>
      <trkpt lat="46.555928882527496" lon="8.587958765729635">
      <ele>2188.3</ele></trkpt>
      <trkpt lat="46.555906742674225" lon="8.58789547444318">
      <ele>2187.4</ele></trkpt>
      <trkpt lat="46.555879773142834" lon="8.587833815188006">
      <ele>2186.6</ele></trkpt>
      <trkpt lat="46.55586099342659" lon="8.587799469319462">
      <ele>2185.7</ele></trkpt>
      <trkpt lat="46.55581271020157" lon="8.587711170271724">
      <ele>2184.6</ele></trkpt>
      <trkpt lat="46.55578514966243" lon="8.587654571822496">
      <ele>2183.5</ele></trkpt>
      <trkpt lat="46.55576960038492" lon="8.58761659086445">
      <ele>2182.4</ele></trkpt>
      <trkpt lat="46.55576253843812" lon="8.58757558188359">
      <ele>2181.3</ele></trkpt>
      <trkpt lat="46.55576065287883" lon="8.587519985006589">
      <ele>2180.2</ele></trkpt>
      <trkpt lat="46.55576121184881" lon="8.587441473914566">
      <ele>2179.2</ele></trkpt>
      <trkpt lat="46.55575831709846" lon="8.587391372185744">
      <ele>2178.1</ele></trkpt>
      <trkpt lat="46.555750300784815" lon="8.58732369918195">
      <ele>2177.0</ele></trkpt>
      <trkpt lat="46.555711768517206" lon="8.587155298109868">
      <ele>2175.9</ele></trkpt>
      <trkpt lat="46.55567079527148" lon="8.586952402914681">
      <ele>2174.8</ele></trkpt>
      <trkpt lat="46.55560553332419" lon="8.586652107694723">
      <ele>2173.7</ele></trkpt>
      <trkpt lat="46.55558322321538" lon="8.586602050816605">
      <ele>2172.6</ele></trkpt>
      <trkpt lat="46.5555496567629" lon="8.586550372851997">
      <ele>2171.5</ele></trkpt>
      <trkpt lat="46.555501301566565" lon="8.586503884807136">
      <ele>2170.4</ele></trkpt>
      <trkpt lat="46.555424987611104" lon="8.586437528690224">
      <ele>2169.3</ele></trkpt>
      <trkpt lat="46.555386086923846" lon="8.586386663805389">
      <ele>2168.3</ele></trkpt>
      <trkpt lat="46.55533916568882" lon="8.586296126490842">
      <ele>2167.2</ele></trkpt>
      <trkpt lat="46.55529383246486" lon="8.58620334075959">
      <ele>2166.1</ele></trkpt>
      <trkpt lat="46.55525189865824" lon="8.586143674132478">
      <ele>2165.0</ele></trkpt>
      <trkpt lat="46.555166781514345" lon="8.58605188412004">
      <ele>2163.9</ele></trkpt>
      <trkpt lat="46.55506810173998" lon="8.585940049266682">
      <ele>2163.1</ele></trkpt>
      <trkpt lat="46.554970843885464" lon="8.585840647256546">
      <ele>2162.2</ele></trkpt>
      <trkpt lat="46.55490769989559" lon="8.585780596942843">
      <ele>2161.4</ele></trkpt>
      <trkpt lat="46.55485498858316" lon="8.585716412079794">
      <ele>2160.5</ele></trkpt>
      <trkpt lat="46.55481896026664" lon="8.58566080993573">
      <ele>2159.7</ele></trkpt>
      <trkpt lat="46.55477590952583" lon="8.585601251002725">
      <ele>2158.8</ele></trkpt>
      <trkpt lat="46.554733682255566" lon="8.58554746081085">
      <ele>2158.0</ele></trkpt>
      <trkpt lat="46.55468221572974" lon="8.585490971014178">
      <ele>2157.1</ele></trkpt>
      <trkpt lat="46.554650926046925" lon="8.585446319914361">
      <ele>2156.3</ele></trkpt>
      <trkpt lat="46.55462327454676" lon="8.585391495538634">
      <ele>2155.4</ele></trkpt>
      <trkpt lat="46.55459536127524" lon="8.585320690169217">
      <ele>2154.6</ele></trkpt>
      <trkpt lat="46.55456064853564" lon="8.585265755449202">
      <ele>2153.8</ele></trkpt>
      <trkpt lat="46.55451394652488" lon="8.585217648200679">
      <ele>2152.9</ele></trkpt>
      <trkpt lat="46.55445138252125" lon="8.585166075148027">
      <ele>2152.1</ele></trkpt>
      <trkpt lat="46.554402435463" lon="8.585121128659962">
      <ele>2151.2</ele></trkpt>
      <trkpt lat="46.55434190627574" lon="8.585045290191333">
      <ele>2150.4</ele></trkpt>
      <trkpt lat="46.55426821622947" lon="8.584962196145021">
      <ele>2149.5</ele></trkpt>
      <trkpt lat="46.55419586376518" lon="8.584878491637308">
      <ele>2148.7</ele></trkpt>
      <trkpt lat="46.554153240475976" lon="8.584820221103028">
      <ele>2147.8</ele></trkpt>
      <trkpt lat="46.5541114986306" lon="8.584761969325813">
      <ele>2147.0</ele></trkpt>
      <trkpt lat="46.554075016236105" lon="8.584707637004414">
      <ele>2146.8</ele></trkpt>
      <trkpt lat="46.55403210527284" lon="8.584635941363443">
      <ele>2146.6</ele></trkpt>
      <trkpt lat="46.55398217826658" lon="8.58455965028983">
      <ele>2146.3</ele></trkpt>
      <trkpt lat="46.55395662061915" lon="8.584515734594444">
      <ele>2146.1</ele></trkpt>
      <trkpt lat="46.553922540097346" lon="8.584443548062882">
      <ele>2145.9</ele></trkpt>
      <trkpt lat="46.553858380543296" lon="8.58429667784538">
      <ele>2145.7</ele></trkpt>
      <trkpt lat="46.553776239946814" lon="8.584101240837638">
      <ele>2145.5</ele></trkpt>
      <trkpt lat="46.55372022494495" lon="8.583952274635042">
      <ele>2145.2</ele></trkpt>
      <trkpt lat="46.55367443233525" lon="8.583809315227493">
      <ele>2145.0</ele></trkpt>
      <trkpt lat="46.55363887626689" lon="8.583700453117833">
      <ele>2144.8</ele></trkpt>
      <trkpt lat="46.553620579909335" lon="8.583632265950197">
      <ele>2144.6</ele></trkpt>
      <trkpt lat="46.553611149955266" lon="8.583559128229874">
      <ele>2144.4</ele></trkpt>
      <trkpt lat="46.55361288266121" lon="8.583472781383698">
      <ele>2144.1</ele></trkpt>
      <trkpt lat="46.5536255077082" lon="8.583400084079374">
      <ele>2143.9</ele></trkpt>
      <trkpt lat="46.55365603142772" lon="8.583302791761689">
      <ele>2143.7</ele></trkpt>
      <trkpt lat="46.55369042270787" lon="8.583214527249538">
      <ele>2143.5</ele></trkpt>
      <trkpt lat="46.55372458725854" lon="8.583150579321591">
      <ele>2143.3</ele></trkpt>
      <trkpt lat="46.553759183515666" lon="8.583086640441696">
      <ele>2143.0</ele></trkpt>
      <trkpt lat="46.55381062325367" lon="8.583015350349214">
      <ele>2142.8</ele></trkpt>
      <trkpt lat="46.553894186325316" lon="8.582927394654341">
      <ele>2142.6</ele></trkpt>
      <trkpt lat="46.55399182974406" lon="8.582834885060668">
      <ele>2142.6</ele></trkpt>
      <trkpt lat="46.55402127464543" lon="8.582790241908475">
      <ele>2142.5</ele></trkpt>
      <trkpt lat="46.55403996252474" lon="8.582744419328682">
      <ele>2142.5</ele></trkpt>
      <trkpt lat="46.55405311310807" lon="8.582689194419153">
      <ele>2142.5</ele></trkpt>
      <trkpt lat="46.55406248445277" lon="8.582560676909482">
      <ele>2142.4</ele></trkpt>
      <trkpt lat="46.55407164602512" lon="8.582478059579733">
      <ele>2142.4</ele></trkpt>
      <trkpt lat="46.55408808810591" lon="8.582381785546746">
      <ele>2142.4</ele></trkpt>
      <trkpt lat="46.55410814388902" lon="8.58228042353506">
      <ele>2142.3</ele></trkpt>
      <trkpt lat="46.55411601389439" lon="8.582208133441977">
      <ele>2142.3</ele></trkpt>
      <trkpt lat="46.554143324549734" lon="8.581741173584387">
      <ele>2142.2</ele></trkpt>
      <trkpt lat="46.55414961838276" lon="8.581623362689252">
      <ele>2142.2</ele></trkpt>
      <trkpt lat="46.5541456099006" lon="8.581546857132668">
      <ele>2142.2</ele></trkpt>
      <trkpt lat="46.55413195859248" lon="8.581467513683483">
      <ele>2142.1</ele></trkpt>
      <trkpt lat="46.55405656660868" lon="8.581155035330188">
      <ele>2142.1</ele></trkpt>
      <trkpt lat="46.5540440776923" lon="8.581075481911123">
      <ele>2142.1</ele></trkpt>
      <trkpt lat="46.55404008539985" lon="8.581022411721607">
      <ele>2142.0</ele></trkpt>
      <trkpt lat="46.55403609039676" lon="8.58097408843735">
      <ele>2142.0</ele></trkpt>
      <trkpt lat="46.554006985391084" lon="8.580622069354957">
      <ele>2142.0</ele></trkpt>
      <trkpt lat="46.55400188095322" lon="8.580536373091968">
      <ele>2141.9</ele></trkpt>
      <trkpt lat="46.55399069316751" lon="8.580351345091884">
      <ele>2141.9</ele></trkpt>
      <trkpt lat="46.5539816255543" lon="8.580285818072126">
      <ele>2141.7</ele></trkpt>
      <trkpt lat="46.553918985781806" lon="8.580028201045925">
      <ele>2141.4</ele></trkpt>
      <trkpt lat="46.553904107053086" lon="8.579962590759127">
      <ele>2141.2</ele></trkpt>
      <trkpt lat="46.55386381168042" lon="8.579827170599184">
      <ele>2140.9</ele></trkpt>
      <trkpt lat="46.55380450949448" lon="8.579665437441848">
      <ele>2140.7</ele></trkpt>
      <trkpt lat="46.5537805240103" lon="8.579589267822175">
      <ele>2140.5</ele></trkpt>
      <trkpt lat="46.55373997587333" lon="8.57937045872737">
      <ele>2140.2</ele></trkpt>
      <trkpt lat="46.553720519777784" lon="8.579292063486749">
      <ele>2140.0</ele></trkpt>
      <trkpt lat="46.553691567085274" lon="8.579200727134907">
      <ele>2139.7</ele></trkpt>
      <trkpt lat="46.55365709509113" lon="8.579077519784583">
      <ele>2139.5</ele></trkpt>
      <trkpt lat="46.5536169970865" lon="8.57892140905138">
      <ele>2139.3</ele></trkpt>
      <trkpt lat="46.55359091438118" lon="8.57883721478278">
      <ele>2139.0</ele></trkpt>
      <trkpt lat="46.553540301838645" lon="8.578723918124615">
      <ele>2138.8</ele></trkpt>
      <trkpt lat="46.55351869883219" lon="8.578662209739477">
      <ele>2138.5</ele></trkpt>
      <trkpt lat="46.553509361493184" lon="8.578617217410631">
      <ele>2138.3</ele></trkpt>
      <trkpt lat="46.55350514815247" lon="8.578563647739276">
      <ele>2138.1</ele></trkpt>
      <trkpt lat="46.55350507531477" lon="8.57845150708435">
      <ele>2137.8</ele></trkpt>
      <trkpt lat="46.55351164020707" lon="8.578228175606018">
      <ele>2137.6</ele></trkpt>
      <trkpt lat="46.55345960315705" lon="8.578222893872885">
      <ele>2137.3</ele></trkpt>
      <trkpt lat="46.55341645292493" lon="8.578198929030467">
      <ele>2137.1</ele></trkpt>
      <trkpt lat="46.55336050645505" lon="8.578153725037671">
      <ele>2136.7</ele></trkpt>
      <trkpt lat="46.55336091346017" lon="8.577908303620127">
      <ele>2136.3</ele></trkpt>
      <trkpt lat="46.55336024405708" lon="8.577870940356524">
      <ele>2136.0</ele></trkpt>
      <trkpt lat="46.553363694300025" lon="8.577686314520907">
      <ele>2135.6</ele></trkpt>
      <trkpt lat="46.553382147723156" lon="8.577528920797">
      <ele>2135.2</ele></trkpt>
      <trkpt lat="46.55339299582799" lon="8.577458102123124">
      <ele>2134.8</ele></trkpt>
      <trkpt lat="46.55341559888873" lon="8.577384035760836">
      <ele>2134.5</ele></trkpt>
      <trkpt lat="46.55344082174956" lon="8.577337645141975">
      <ele>2134.1</ele></trkpt>
      <trkpt lat="46.553417728371215" lon="8.577300722967705">
      <ele>2133.7</ele></trkpt>
      <trkpt lat="46.55340753782952" lon="8.577255530447962">
      <ele>2133.3</ele></trkpt>
      <trkpt lat="46.55340198529288" lon="8.577206262412473">
      <ele>2133.0</ele></trkpt>
      <trkpt lat="46.553403000845165" lon="8.577112884696703">
      <ele>2132.6</ele></trkpt>
      <trkpt lat="46.55340565127512" lon="8.577059303133295">
      <ele>2132.2</ele></trkpt>
      <trkpt lat="46.553418556259686" lon="8.576987888593857">
      <ele>2131.8</ele></trkpt>
      <trkpt lat="46.553439316885466" lon="8.576888431693707">
      <ele>2131.5</ele></trkpt>
      <trkpt lat="46.55345224070632" lon="8.576845694477575">
      <ele>2131.1</ele></trkpt>
      <trkpt lat="46.55346226071269" lon="8.576815337232448">
      <ele>2130.7</ele></trkpt>
      <trkpt lat="46.55346512834429" lon="8.576793084492467">
      <ele>2130.3</ele></trkpt>
      <trkpt lat="46.5534646997093" lon="8.576759495071121">
      <ele>2130.0</ele></trkpt>
      <trkpt lat="46.55344026313598" lon="8.576672467720943">
      <ele>2129.6</ele></trkpt>
      <trkpt lat="46.553438373544964" lon="8.576640125611542">
      <ele>2129.2</ele></trkpt>
      <trkpt lat="46.55345652489759" lon="8.57656584789816">
      <ele>2128.8</ele></trkpt>
      <trkpt lat="46.553470580290174" lon="8.576536788242526">
      <ele>2128.5</ele></trkpt>
      <trkpt lat="46.55347867706728" lon="8.576530503195293">
      <ele>2128.1</ele></trkpt>
      <trkpt lat="46.55349519154084" lon="8.57652182604249">
      <ele>2127.7</ele></trkpt>
      <trkpt lat="46.55350521228431" lon="8.576510273772278">
      <ele>2127.3</ele></trkpt>
      <trkpt lat="46.553515407553874" lon="8.576474977602727">
      <ele>2127.0</ele></trkpt>
      <trkpt lat="46.55351347099409" lon="8.576371769968011">
      <ele>2126.6</ele></trkpt>
      <trkpt lat="46.553514858172264" lon="8.57627444846253">
      <ele>2126.2</ele></trkpt>
      <trkpt lat="46.553523828562085" lon="8.576226685435493">
      <ele>2125.8</ele></trkpt>
      <trkpt lat="46.55354213248802" lon="8.576188403706865">
      <ele>2125.5</ele></trkpt>
      <trkpt lat="46.55358520140262" lon="8.576147669067106">
      <ele>2125.1</ele></trkpt>
      <trkpt lat="46.553615053534" lon="8.576093524356411">
      <ele>2124.7</ele></trkpt>
      <trkpt lat="46.55362802123979" lon="8.576059864257143">
      <ele>2124.3</ele></trkpt>
      <trkpt lat="46.55362720861322" lon="8.576032265523352">
      <ele>2124.0</ele></trkpt>
      <trkpt lat="46.55360120055058" lon="8.575966488088438">
      <ele>2123.6</ele></trkpt>
      <trkpt lat="46.55357780846836" lon="8.575924304615839">
      <ele>2123.2</ele></trkpt>
      <trkpt lat="46.55357481233378" lon="8.575911735382025">
      <ele>2122.8</ele></trkpt>
      <trkpt lat="46.55357792029946" lon="8.575892421817251">
      <ele>2122.5</ele></trkpt>
      <trkpt lat="46.55360285040812" lon="8.575833857004195">
      <ele>2122.1</ele></trkpt>
      <trkpt lat="46.553643233455134" lon="8.575725200373034">
      <ele>2121.7</ele></trkpt>
      <trkpt lat="46.55366552673354" lon="8.575663111121692">
      <ele>2121.3</ele></trkpt>
      <trkpt lat="46.553678584292115" lon="8.575641150540674">
      <ele>2121.0</ele></trkpt>
      <trkpt lat="46.55369508054887" lon="8.575622587634133">
      <ele>2120.6</ele></trkpt>
      <trkpt lat="46.553706917969514" lon="8.575604787559795">
      <ele>2120.2</ele></trkpt>
      <trkpt lat="46.55374208420008" lon="8.57557520592769">
      <ele>2119.8</ele></trkpt>
      <trkpt lat="46.55379865530935" lon="8.5755391099579">
      <ele>2119.4</ele></trkpt>
      <trkpt lat="46.553847031263324" lon="8.575508345095328">
      <ele>2119.1</ele></trkpt>
      <trkpt lat="46.55386387560846" lon="8.575503560728086">
      <ele>2118.7</ele></trkpt>
      <trkpt lat="46.55387733512511" lon="8.575505290984687">
      <ele>2118.3</ele></trkpt>
      <trkpt lat="46.553892264283746" lon="8.575505800171026">
      <ele>2117.9</ele></trkpt>
      <trkpt lat="46.55390370167711" lon="8.575501919433249">
      <ele>2117.5</ele></trkpt>
      <trkpt lat="46.553924784743735" lon="8.575472693886178">
      <ele>2117.2</ele></trkpt>
      <trkpt lat="46.55395365281717" lon="8.57543326418879">
      <ele>2116.8</ele></trkpt>
      <trkpt lat="46.55396895494501" lon="8.575409955184478">
      <ele>2116.4</ele></trkpt>
      <trkpt lat="46.55398336689935" lon="8.575394699886106">
      <ele>2116.0</ele></trkpt>
      <trkpt lat="46.553994197651555" lon="8.57537410078054">
      <ele>2115.6</ele></trkpt>
      <trkpt lat="46.554018173230624" lon="8.575284986104611">
      <ele>2115.3</ele></trkpt>
      <trkpt lat="46.55402331132122" lon="8.5752524652561">
      <ele>2114.9</ele></trkpt>
      <trkpt lat="46.554029687638064" lon="8.575215771178998">
      <ele>2114.5</ele></trkpt>
      <trkpt lat="46.55403342600941" lon="8.575156760598126">
      <ele>2114.4</ele></trkpt>
      <trkpt lat="46.554038537005994" lon="8.575114340988323">
      <ele>2114.3</ele></trkpt>
      <trkpt lat="46.554055326027544" lon="8.57507096678353">
      <ele>2114.2</ele></trkpt>
      <trkpt lat="46.55406880154458" lon="8.57503507376801">
      <ele>2114.1</ele></trkpt>
      <trkpt lat="46.554080424252646" lon="8.574995529456789">
      <ele>2114.0</ele></trkpt>
      <trkpt lat="46.55408715618718" lon="8.57495384804416">
      <ele>2113.9</ele></trkpt>
      <trkpt lat="46.5540832440856" lon="8.574915881577025">
      <ele>2113.8</ele></trkpt>
      <trkpt lat="46.554083500564644" lon="8.574881197688716">
      <ele>2113.7</ele></trkpt>
      <trkpt lat="46.55408966330485" lon="8.57485146298355">
      <ele>2113.6</ele></trkpt>
      <trkpt lat="46.55409308089832" lon="8.574788520216927">
      <ele>2113.6</ele></trkpt>
      <trkpt lat="46.554093088784725" lon="8.57476971514228">
      <ele>2113.5</ele></trkpt>
      <trkpt lat="46.55409884232335" lon="8.574753925789755">
      <ele>2113.4</ele></trkpt>
      <trkpt lat="46.554112470353125" lon="8.574738784238248">
      <ele>2113.3</ele></trkpt>
      <trkpt lat="46.55415413240549" lon="8.574717254114658">
      <ele>2113.2</ele></trkpt>
      <trkpt lat="46.5541599197516" lon="8.574706186325914">
      <ele>2113.1</ele></trkpt>
      <trkpt lat="46.5541788640468" lon="8.574660483655627">
      <ele>2113.0</ele></trkpt>
      <trkpt lat="46.554188554752045" lon="8.57464502468148">
      <ele>2112.9</ele></trkpt>
      <trkpt lat="46.55421052897698" lon="8.5746265371469">
      <ele>2112.8</ele></trkpt>
      <trkpt lat="46.55422534173258" lon="8.574616180403305">
      <ele>2112.7</ele></trkpt>
      <trkpt lat="46.55423755419757" lon="8.574612159227648">
      <ele>2112.6</ele></trkpt>
      <trkpt lat="46.55426036658822" lon="8.574613342224488">
      <ele>2112.6</ele></trkpt>
      <trkpt lat="46.55427334490017" lon="8.57460920670753">
      <ele>2112.5</ele></trkpt>
      <trkpt lat="46.554298089155985" lon="8.57458630415675">
      <ele>2112.5</ele></trkpt>
      <trkpt lat="46.55433216713895" lon="8.574534137535979">
      <ele>2112.4</ele></trkpt>
      <trkpt lat="46.55434820010672" lon="8.574519607103364">
      <ele>2112.4</ele></trkpt>
      <trkpt lat="46.55437215470758" lon="8.574501904368422">
      <ele>2112.3</ele></trkpt>
      <trkpt lat="46.55437755749011" lon="8.574461772760527">
      <ele>2112.3</ele></trkpt>
      <trkpt lat="46.554389020181425" lon="8.574431927364268">
      <ele>2112.2</ele></trkpt>
      <trkpt lat="46.55440136787274" lon="8.5744125595327">
      <ele>2112.2</ele></trkpt>
      <trkpt lat="46.55442039852855" lon="8.574398744006201">
      <ele>2112.1</ele></trkpt>
      <trkpt lat="46.55444341253495" lon="8.574386942146871">
      <ele>2112.1</ele></trkpt>
      <trkpt lat="46.55446502129222" lon="8.574375319449551">
      <ele>2112.1</ele></trkpt>
      <trkpt lat="46.55448326532295" lon="8.574358292300158">
      <ele>2112.0</ele></trkpt>
      <trkpt lat="46.55450095406613" lon="8.574334706815977">
      <ele>2112.0</ele></trkpt>
      <trkpt lat="46.55451413004229" lon="8.574325189353262">
      <ele>2111.9</ele></trkpt>
      <trkpt lat="46.554529568399495" lon="8.574317949398377">
      <ele>2111.9</ele></trkpt>
      <trkpt lat="46.5545408680465" lon="8.574310739971319">
      <ele>2111.8</ele></trkpt>
      <trkpt lat="46.55455519004996" lon="8.574296369135743">
      <ele>2111.8</ele></trkpt>
      <trkpt lat="46.55459263670037" lon="8.57424289039755">
      <ele>2111.7</ele></trkpt>
      <trkpt lat="46.554617604903775" lon="8.574207459644224">
      <ele>2111.7</ele></trkpt>
      <trkpt lat="46.55463955974168" lon="8.574179190470929">
      <ele>2111.3</ele></trkpt>
      <trkpt lat="46.55465246268486" lon="8.57416638083183">
      <ele>2111.0</ele></trkpt>
      <trkpt lat="46.55467126775055" lon="8.57414992609617">
      <ele>2110.6</ele></trkpt>
      <trkpt lat="46.55467866013778" lon="8.574139387380628">
      <ele>2110.3</ele></trkpt>
      <trkpt lat="46.55471323270255" lon="8.57407640627042">
      <ele>2109.9</ele></trkpt>
      <trkpt lat="46.554739100524905" lon="8.574045480418963">
      <ele>2109.5</ele></trkpt>
      <trkpt lat="46.55476671135693" lon="8.574022898372286">
      <ele>2109.2</ele></trkpt>
      <trkpt lat="46.554820706784376" lon="8.573987919791367">
      <ele>2108.8</ele></trkpt>
      <trkpt lat="46.55484631361612" lon="8.573972324885903">
      <ele>2108.5</ele></trkpt>
      <trkpt lat="46.55486254783711" lon="8.573968270507805">
      <ele>2108.1</ele></trkpt>
      <trkpt lat="46.55488025419081" lon="8.573957335133532">
      <ele>2107.7</ele></trkpt>
      <trkpt lat="46.554912202591126" lon="8.573924710892513">
      <ele>2107.4</ele></trkpt>
      <trkpt lat="46.554916596502515" lon="8.573915335087145">
      <ele>2107.0</ele></trkpt>
      <trkpt lat="46.554916103407294" lon="8.57390344413998">
      <ele>2106.7</ele></trkpt>
      <trkpt lat="46.55490881162567" lon="8.573896692311074">
      <ele>2106.3</ele></trkpt>
      <trkpt lat="46.55489028243724" lon="8.573891817471718">
      <ele>2105.9</ele></trkpt>
      <trkpt lat="46.55488814771154" lon="8.573884860823037">
      <ele>2105.6</ele></trkpt>
      <trkpt lat="46.554897086777636" lon="8.57386808161728">
      <ele>2105.2</ele></trkpt>
      <trkpt lat="46.55490998968561" lon="8.573855271843009">
      <ele>2104.9</ele></trkpt>
      <trkpt lat="46.554967712528054" lon="8.573829017554726">
      <ele>2104.5</ele></trkpt>
      <trkpt lat="46.55499018763868" lon="8.573813513345861">
      <ele>2104.2</ele></trkpt>
      <trkpt lat="46.55500434507317" lon="8.57379939963516">
      <ele>2103.8</ele></trkpt>
      <trkpt lat="46.555014485376226" lon="8.573783049852812">
      <ele>2103.4</ele></trkpt>
      <trkpt lat="46.55503012603747" lon="8.573750122548265">
      <ele>2103.1</ele></trkpt>
      <trkpt lat="46.555048414504114" lon="8.573730435516925">
      <ele>2102.8</ele></trkpt>
      <trkpt lat="46.55507259818186" lon="8.573707794351574">
      <ele>2102.4</ele></trkpt>
      <trkpt lat="46.55510103955434" lon="8.573690328568876">
      <ele>2102.1</ele></trkpt>
      <trkpt lat="46.55511400428808" lon="8.5736803369272">
      <ele>2101.7</ele></trkpt>
      <trkpt lat="46.555122059509216" lon="8.573657461825142">
      <ele>2101.3</ele></trkpt>
      <trkpt lat="46.555126143939624" lon="8.573642132626624">
      <ele>2101.0</ele></trkpt>
      <trkpt lat="46.5551322246404" lon="8.573632309604115">
      <ele>2100.7</ele></trkpt>
      <trkpt lat="46.55517782070669" lon="8.573581648118275">
      <ele>2100.3</ele></trkpt>
      <trkpt lat="46.55521502775364" lon="8.573531410549121">
      <ele>2099.9</ele></trkpt>
      <trkpt lat="46.555226181936355" lon="8.573509017683655">
      <ele>2099.6</ele></trkpt>
      <trkpt lat="46.55523604740232" lon="8.573498569751703">
      <ele>2099.2</ele></trkpt>
      <trkpt lat="46.55525952041228" lon="8.573485837979621">
      <ele>2098.9</ele></trkpt>
      <trkpt lat="46.555273517033434" lon="8.573469803661629">
      <ele>2098.6</ele></trkpt>
      <trkpt lat="46.5553146387909" lon="8.573402302977009">
      <ele>2098.2</ele></trkpt>
      <trkpt lat="46.555322363413296" lon="8.573375586654588">
      <ele>2097.8</ele></trkpt>
      <trkpt lat="46.55535504445803" lon="8.573235216222129">
      <ele>2097.5</ele></trkpt>
      <trkpt lat="46.55536554004406" lon="8.573213904909604">
      <ele>2097.1</ele></trkpt>
      <trkpt lat="46.555381903583" lon="8.573189664906504">
      <ele>2096.8</ele></trkpt>
      <trkpt lat="46.55539131175966" lon="8.573164627026118">
      <ele>2096.4</ele></trkpt>
      <trkpt lat="46.55540706046869" lon="8.573096489816159">
      <ele>2096.0</ele></trkpt>
      <trkpt lat="46.55541553300546" lon="8.573069645626525">
      <ele>2095.7</ele></trkpt>
      <trkpt lat="46.5554467086498" lon="8.573011638816922">
      <ele>2095.3</ele></trkpt>
      <trkpt lat="46.55545603646195" lon="8.57298563412805">
      <ele>2094.9</ele></trkpt>
      <trkpt lat="46.55546792577828" lon="8.572944542037224">
      <ele>2094.5</ele></trkpt>
      <trkpt lat="46.55548259289977" lon="8.572900052167277">
      <ele>2094.2</ele></trkpt>
      <trkpt lat="46.555504153156" lon="8.572855380687653">
      <ele>2093.8</ele></trkpt>
      <trkpt lat="46.55553395085951" lon="8.572808338708672">
      <ele>2093.4</ele></trkpt>
      <trkpt lat="46.5555384618534" lon="8.572789014552443">
      <ele>2093.1</ele></trkpt>
      <trkpt lat="46.55553443842957" lon="8.572726044494846">
      <ele>2092.7</ele></trkpt>
      <trkpt lat="46.55553659125491" lon="8.572684265753502">
      <ele>2092.3</ele></trkpt>
      <trkpt lat="46.55555812535813" lon="8.57259979115284">
      <ele>2091.9</ele></trkpt>
      <trkpt lat="46.55556827938316" lon="8.572568508829391">
      <ele>2091.6</ele></trkpt>
      <trkpt lat="46.55557195794373" lon="8.572551462494546">
      <ele>2091.2</ele></trkpt>
      <trkpt lat="46.555575659526696" lon="8.572528495828774">
      <ele>2090.8</ele></trkpt>
      <trkpt lat="46.55557916365311" lon="8.572515410430945">
      <ele>2090.5</ele></trkpt>
      <trkpt lat="46.55558863091682" lon="8.57250067631815">
      <ele>2090.1</ele></trkpt>
      <trkpt lat="46.55560296098832" lon="8.572489082725834">
      <ele>2089.9</ele></trkpt>
      <trkpt lat="46.555615041596404" lon="8.572481132732646">
      <ele>2089.8</ele></trkpt>
      <trkpt lat="46.55562349447299" lon="8.572472493792317">
      <ele>2089.6</ele></trkpt>
      <trkpt lat="46.55562901716347" lon="8.572459072462891">
      <ele>2089.4</ele></trkpt>
      <trkpt lat="46.555631536487454" lon="8.572385023735452">
      <ele>2089.2</ele></trkpt>
      <trkpt lat="46.555634214795006" lon="8.572368138997156">
      <ele>2089.0</ele></trkpt>
      <trkpt lat="46.55564220021964" lon="8.572347726857247">
      <ele>2088.9</ele></trkpt>
      <trkpt lat="46.555669344534316" lon="8.572287965653029">
      <ele>2088.7</ele></trkpt>
      <trkpt lat="46.555681384541465" lon="8.572242559685309">
      <ele>2088.5</ele></trkpt>
      <trkpt lat="46.55568640748467" lon="8.572223311360808">
      <ele>2088.3</ele></trkpt>
      <trkpt lat="46.555696401001825" lon="8.572190069313727">
      <ele>2088.2</ele></trkpt>
      <trkpt lat="46.55570622129341" lon="8.572173308038025">
      <ele>2088.0</ele></trkpt>
      <trkpt lat="46.555712678582694" lon="8.572159084619058">
      <ele>2087.8</ele></trkpt>
      <trkpt lat="46.5557150357865" lon="8.57213830676313">
      <ele>2087.7</ele></trkpt>
      <trkpt lat="46.55571680718113" lon="8.572110409037993">
      <ele>2087.5</ele></trkpt>
      <trkpt lat="46.555720325267025" lon="8.572091403045873">
      <ele>2087.3</ele></trkpt>
      <trkpt lat="46.55572606992762" lon="8.572074660728191">
      <ele>2087.1</ele></trkpt>
      <trkpt lat="46.555740828637106" lon="8.572049838875783">
      <ele>2086.9</ele></trkpt>
      <trkpt lat="46.55574449324529" lon="8.572038699948273">
      <ele>2086.8</ele></trkpt>
      <trkpt lat="46.555744921923946" lon="8.572025471829324">
      <ele>2086.6</ele></trkpt>
      <trkpt lat="46.555740182824835" lon="8.571992755868614">
      <ele>2086.7</ele></trkpt>
      <trkpt lat="46.555741832253894" lon="8.571963551425275">
      <ele>2086.8</ele></trkpt>
      <trkpt lat="46.5557416416344" lon="8.571936629834376">
      <ele>2086.9</ele></trkpt>
      <trkpt lat="46.55574537669798" lon="8.571920223619209">
      <ele>2087.0</ele></trkpt>
      <trkpt lat="46.555750743657164" lon="8.571898947976075">
      <ele>2087.1</ele></trkpt>
      <trkpt lat="46.55575270913995" lon="8.571879557331362">
      <ele>2087.2</ele></trkpt>
      <trkpt lat="46.55575217456075" lon="8.571854649962823">
      <ele>2087.3</ele></trkpt>
      <trkpt lat="46.55575180025676" lon="8.5718317152132">
      <ele>2087.4</ele></trkpt>
      <trkpt lat="46.55575957512642" lon="8.571791788494558">
      <ele>2087.5</ele></trkpt>
      <trkpt lat="46.555761099653935" lon="8.571766989440047">
      <ele>2087.6</ele></trkpt>
      <trkpt lat="46.555759587393794" lon="8.571742687592286">
      <ele>2087.7</ele></trkpt>
      <trkpt lat="46.55576033790143" lon="8.571733274316625">
      <ele>2087.8</ele></trkpt>
      <trkpt lat="46.55576415794714" lon="8.571717365437552">
      <ele>2087.9</ele></trkpt>
      <trkpt lat="46.55576402654868" lon="8.571703460471825">
      <ele>2088.0</ele></trkpt>
      <trkpt lat="46.555760925857754" lon="8.571678760211407">
      <ele>2088.1</ele></trkpt>
      <trkpt lat="46.555762444851034" lon="8.57165993403415">
      <ele>2088.2</ele></trkpt>
      <trkpt lat="46.55577066984623" lon="8.571635327402769">
      <ele>2088.3</ele></trkpt>
      <trkpt lat="46.55577693260791" lon="8.571611723007656">
      <ele>2088.4</ele></trkpt>
      <trkpt lat="46.55580054154707" lon="8.57157990040404">
      <ele>2088.5</ele></trkpt>
      <trkpt lat="46.5558216565264" lon="8.571549173221653">
      <ele>2088.6</ele></trkpt>
      <trkpt lat="46.55583231871846" lon="8.5715228439171">
      <ele>2088.8</ele></trkpt>
      <trkpt lat="46.555836021806016" lon="8.571487057317272">
      <ele>2089.0</ele></trkpt>
      <trkpt lat="46.55583293543215" lon="8.571456397374469">
      <ele>2089.2</ele></trkpt>
      <trkpt lat="46.55583494463497" lon="8.571443450098808">
      <ele>2089.4</ele></trkpt>
      <trkpt lat="46.55585354739358" lon="8.571401193747537">
      <ele>2089.6</ele></trkpt>
      <trkpt lat="46.5558635445236" lon="8.571372985545734">
      <ele>2089.8</ele></trkpt>
      <trkpt lat="46.55586765236828" lon="8.571354370002632">
      <ele>2090.0</ele></trkpt>
      <trkpt lat="46.55587358925301" lon="8.571345417363467">
      <ele>2090.2</ele></trkpt>
      <trkpt lat="46.55588664528477" lon="8.571335270434089">
      <ele>2090.4</ele></trkpt>
      <trkpt lat="46.55588875440387" lon="8.57130505827767">
      <ele>2090.6</ele></trkpt>
      <trkpt lat="46.55589133902536" lon="8.571286723841101">
      <ele>2090.7</ele></trkpt>
      <trkpt lat="46.55589695519448" lon="8.571273838985128">
      <ele>2090.9</ele></trkpt>
      <trkpt lat="46.55590668295693" lon="8.571260935834696">
      <ele>2091.1</ele></trkpt>
      <trkpt lat="46.55591353435836" lon="8.571250489500741">
      <ele>2091.3</ele></trkpt>
      <trkpt lat="46.55592080222488" lon="8.571208152335627">
      <ele>2091.5</ele></trkpt>
      <trkpt lat="46.55593068100795" lon="8.571184597409042">
      <ele>2091.7</ele></trkpt>
      <trkpt lat="46.55595083413956" lon="8.57115468453207">
      <ele>2091.9</ele></trkpt>
      <trkpt lat="46.55596040707818" lon="8.571133835820314">
      <ele>2092.1</ele></trkpt>
      <trkpt lat="46.55597551555147" lon="8.57109283639132">
      <ele>2092.3</ele></trkpt>
      <trkpt lat="46.55597900579564" lon="8.57107299500533">
      <ele>2092.5</ele></trkpt>
      <trkpt lat="46.55597990700401" lon="8.571052955991142">
      <ele>2092.8</ele></trkpt>
      <trkpt lat="46.55598443385896" lon="8.571045564866301">
      <ele>2093.2</ele></trkpt>
      <trkpt lat="46.555993515226824" lon="8.57104336826924">
      <ele>2093.5</ele></trkpt>
      <trkpt lat="46.556020082823004" lon="8.57104689759428">
      <ele>2093.8</ele></trkpt>
      <trkpt lat="46.5560323792536" lon="8.571046176748881">
      <ele>2094.2</ele></trkpt>
      <trkpt lat="46.556044633813" lon="8.571038816881405">
      <ele>2094.5</ele></trkpt>
      <trkpt lat="46.556105512269795" lon="8.570960289300002">
      <ele>2094.8</ele></trkpt>
      <trkpt lat="46.556115367280654" lon="8.570942732869257">
      <ele>2095.2</ele></trkpt>
      <trkpt lat="46.55612434608416" lon="8.570914685727171">
      <ele>2095.5</ele></trkpt>
      <trkpt lat="46.55613138259142" lon="8.57087569519663">
      <ele>2095.8</ele></trkpt>
      <trkpt lat="46.556141525686236" lon="8.570855406039785">
      <ele>2096.2</ele></trkpt>
      <trkpt lat="46.55615466147456" lon="8.570839952692461">
      <ele>2096.5</ele></trkpt>
      <trkpt lat="46.55617783149777" lon="8.57082147492606">
      <ele>2096.9</ele></trkpt>
      <trkpt lat="46.556192911312834" lon="8.570814982665123">
      <ele>2097.2</ele></trkpt>
      <trkpt lat="46.556216529814996" lon="8.570794831891915">
      <ele>2097.5</ele></trkpt>
      <trkpt lat="46.556244223218606" lon="8.570799141071047">
      <ele>2097.9</ele></trkpt>
      <trkpt lat="46.55626857176663" lon="8.570791512433935">
      <ele>2098.2</ele></trkpt>
      <trkpt lat="46.556308510944206" lon="8.570784822863892">
      <ele>2098.5</ele></trkpt>
      <trkpt lat="46.55633627909194" lon="8.570781621639544">
      <ele>2098.9</ele></trkpt>
      <trkpt lat="46.55635080085377" lon="8.570789619953269">
      <ele>2099.2</ele></trkpt>
      <trkpt lat="46.55639752381064" lon="8.57070604841786">
      <ele>2098.8</ele></trkpt>
      <trkpt lat="46.55641907828904" lon="8.570651020149066">
      <ele>2098.4</ele></trkpt>
      <trkpt lat="46.55644823471502" lon="8.570567067968822">
      <ele>2098.0</ele></trkpt>
      <trkpt lat="46.55646308192594" lon="8.57050528721485">
      <ele>2097.6</ele></trkpt>
      <trkpt lat="46.55647130211625" lon="8.57043773385703">
      <ele>2097.1</ele></trkpt>
      <trkpt lat="46.55648287425234" lon="8.570225853448742">
      <ele>2096.7</ele></trkpt>
      <trkpt lat="46.55648800634453" lon="8.570068965385186">
      <ele>2096.3</ele></trkpt>
      <trkpt lat="46.55648676407776" lon="8.569955059748928">
      <ele>2095.9</ele></trkpt>
      <trkpt lat="46.55647617212751" lon="8.569702938985579">
      <ele>2095.5</ele></trkpt>
      <trkpt lat="46.556463745415144" lon="8.56939730927168">
      <ele>2095.1</ele></trkpt>
      <trkpt lat="46.55645663572366" lon="8.569256350161982">
      <ele>2094.7</ele></trkpt>
      <trkpt lat="46.556439884304055" lon="8.568924077603066">
      <ele>2094.3</ele></trkpt>
      <trkpt lat="46.556436225883814" lon="8.568849507396656">
      <ele>2093.9</ele></trkpt>
      <trkpt lat="46.55641837956996" lon="8.568504164108289">
      <ele>2093.5</ele></trkpt>
      <trkpt lat="46.5564005322076" lon="8.56815882104737">
      <ele>2093.1</ele></trkpt>
      <trkpt lat="46.55639730380664" lon="8.568027294128006">
      <ele>2092.6</ele></trkpt>
      <trkpt lat="46.556405114845624" lon="8.567918337857224">
      <ele>2092.2</ele></trkpt>
      <trkpt lat="46.55642363893594" lon="8.567809552893186">
      <ele>2091.8</ele></trkpt>
      <trkpt lat="46.55644013921112" lon="8.567741506818953">
      <ele>2091.4</ele></trkpt>
      <trkpt lat="46.55644985756158" lon="8.567701410910228">
      <ele>2091.0</ele></trkpt>
      <trkpt lat="46.5564686271814" lon="8.567614097443148">
      <ele>2091.0</ele></trkpt>
      <trkpt lat="46.556474350026406" lon="8.567563224007934">
      <ele>2091.0</ele></trkpt>
      <trkpt lat="46.55647600429876" lon="8.567444566554883">
      <ele>2091.0</ele></trkpt>
      <trkpt lat="46.55647531840854" lon="8.567375874980208">
      <ele>2091.0</ele></trkpt>
      <trkpt lat="46.55638306496809" lon="8.567388883720959">
      <ele>2091.0</ele></trkpt>
      <trkpt lat="46.55636612784062" lon="8.567391269238327">
      <ele>2091.0</ele></trkpt>
      <trkpt lat="46.556290313560616" lon="8.56739495694583">
      <ele>2091.1</ele></trkpt>
      <trkpt lat="46.55624143120521" lon="8.567391759564288">
      <ele>2091.1</ele></trkpt>
      <trkpt lat="46.556175869424045" lon="8.567380389403024">
      <ele>2091.1</ele></trkpt>
      <trkpt lat="46.55613721415336" lon="8.5673674154898">
      <ele>2091.1</ele></trkpt>
      <trkpt lat="46.556077542971394" lon="8.567340844410651">
      <ele>2091.1</ele></trkpt>
      <trkpt lat="46.555978667683284" lon="8.567282260541537">
      <ele>2091.1</ele></trkpt>
      <trkpt lat="46.55562900199793" lon="8.567022682561912">
      <ele>2091.1</ele></trkpt>
      <trkpt lat="46.55547419060551" lon="8.566899252544887">
      <ele>2091.1</ele></trkpt>
    </trkseg>
  </trk>
</gpx>