<?xml version='1.0' encoding='utf-8'?>
<gpx xmlns="http://www.topografix.com/GPX/1/1" xmlns:xsi="http://www.w3.org/2001/XMLSchema-instance" xsi:schemaLocation="http://www.topografix.com/GPX/1/1 http://www.topografix.com/GPX/1/1/gpx.xsd" version="1.1" creator="gpx.py -- https://github.com/tkrajina/gpxpy">
  <trk>
    <name>wildgaerst</name>
    <trkseg>
      <trkpt lat="46.6847744409822" lon="8.066069694209116">
      <ele>2590.4</ele></trkpt>
    <trkpt lat="46.684737438637896" lon="8.065967148208623">
      <ele>2588.6</ele></trkpt>
      <trkpt lat="46.68469506170026" lon="8.065834252828033">
      <ele>2586.7</ele></trkpt>
      <trkpt lat="46.684642823146106" lon="8.065687008098566">
      <ele>2584.9</ele></trkpt>
      <trkpt lat="46.68456526128789" lon="8.065493928049232">
      <ele>2583.0</ele></trkpt>
      <trkpt lat="46.684499461795525" lon="8.065373571859835">
      <ele>2581.2</ele></trkpt>
      <trkpt lat="46.68442720676188" lon="8.06524601702829">
      <ele>2579.4</ele></trkpt>
      <trkpt lat="46.68436078599855" lon="8.065163378898209">
      <ele>2577.5</ele></trkpt>
      <trkpt lat="46.684282225503495" lon="8.065063515591572">
      <ele>2575.7</ele></trkpt>
      <trkpt lat="46.68421694258211" lon="8.064921088671069">
      <ele>2573.8</ele></trkpt>
      <trkpt lat="46.684159861662714" lon="8.064815069975204">
      <ele>2572.0</ele></trkpt>
      <trkpt lat="46.684125639088116" lon="8.064722139684738">
      <ele>2570.2</ele></trkpt>
      <trkpt lat="46.684094260602066" lon="8.064604354266818">
      <ele>2568.3</ele></trkpt>
      <trkpt lat="46.68407311490824" lon="8.064503745924497">
      <ele>2566.5</ele></trkpt>
      <trkpt lat="46.68402723886167" lon="8.064437712863437">
      <ele>2564.6</ele></trkpt>
      <trkpt lat="46.68393971198078" lon="8.06430285951336">
      <ele>2562.8</ele></trkpt>
      <trkpt lat="46.68387155098324" lon="8.064194596098195">
      <ele>2561.0</ele></trkpt>
      <trkpt lat="46.68381602078375" lon="8.064141954565365">
      <ele>2559.1</ele></trkpt>
      <trkpt lat="46.68377936488946" lon="8.06407106175064">
      <ele>2557.3</ele></trkpt>
      <trkpt lat="46.683721442038284" lon="8.063975714446924">
      <ele>2555.4</ele></trkpt>
      <trkpt lat="46.6836766456595" lon="8.063921079991083">
      <ele>2553.6</ele></trkpt>
      <trkpt lat="46.683646377651094" lon="8.063927121475706">
      <ele>2552.3</ele></trkpt>
      <trkpt lat="46.68360640364942" lon="8.06389533952439">
      <ele>2550.9</ele></trkpt>
      <trkpt lat="46.68357931733985" lon="8.06382313314994">
      <ele>2549.6</ele></trkpt>
      <trkpt lat="46.68351799298545" lon="8.063603202802302">
      <ele>2548.2</ele></trkpt>
      <trkpt lat="46.68347217592142" lon="8.063468847727318">
      <ele>2546.9</ele></trkpt>
      <trkpt lat="46.683426467720764" lon="8.063378636181433">
      <ele>2545.6</ele></trkpt>
      <trkpt lat="46.683358842401105" lon="8.063303804636528">
      <ele>2544.2</ele></trkpt>
      <trkpt lat="46.683273433628024" lon="8.063138392368128">
      <ele>2542.9</ele></trkpt>
      <trkpt lat="46.6831980731166" lon="8.06295815626771">
      <ele>2541.5</ele></trkpt>
      <trkpt lat="46.68312905388123" lon="8.062804306493815">
      <ele>2540.2</ele></trkpt>
      <trkpt lat="46.68306906958579" lon="8.06267121414661">
      <ele>2538.9</ele></trkpt>
      <trkpt lat="46.683016892240886" lon="8.062574524292177">
      <ele>2537.5</ele></trkpt>
      <trkpt lat="46.68297903067968" lon="8.062393311248051">
      <ele>2536.2</ele></trkpt>
      <trkpt lat="46.68296480333998" lon="8.062285661924522">
      <ele>2534.8</ele></trkpt>
      <trkpt lat="46.68293115672163" lon="8.062221930081083">
      <ele>2533.5</ele></trkpt>
      <trkpt lat="46.68289092490449" lon="8.062173049652294">
      <ele>2532.2</ele></trkpt>
      <trkpt lat="46.68282632380232" lon="8.062043473755335">
      <ele>2530.8</ele></trkpt>
      <trkpt lat="46.68278651243102" lon="8.061986781818462">
      <ele>2529.5</ele></trkpt>
      <trkpt lat="46.682730646381714" lon="8.061868666075275">
      <ele>2528.1</ele></trkpt>
      <trkpt lat="46.68265622541486" lon="8.061779537532619">
      <ele>2526.8</ele></trkpt>
      <trkpt lat="46.68261950849381" lon="8.061717901552106">
      <ele>2525.1</ele></trkpt>
      <trkpt lat="46.682569078290044" lon="8.061587771398834">
      <ele>2523.5</ele></trkpt>
      <trkpt lat="46.68249354076364" lon="8.061492212701227">
      <ele>2521.8</ele></trkpt>
      <trkpt lat="46.682445585161474" lon="8.061452498510743">
      <ele>2520.2</ele></trkpt>
      <trkpt lat="46.68236083484434" lon="8.061423013058437">
      <ele>2518.5</ele></trkpt>
      <trkpt lat="46.682295586026015" lon="8.061336122087361">
      <ele>2516.9</ele></trkpt>
      <trkpt lat="46.68222478843204" lon="8.061219260720558">
      <ele>2515.2</ele></trkpt>
      <trkpt lat="46.682151867742895" lon="8.061133706535767">
      <ele>2513.6</ele></trkpt>
      <trkpt lat="46.68207413294113" lon="8.06102531426811">
      <ele>2511.9</ele></trkpt>
      <trkpt lat="46.682002562658695" lon="8.060909869631026">
      <ele>2510.2</ele></trkpt>
      <trkpt lat="46.6819582714625" lon="8.06077556436723">
      <ele>2508.6</ele></trkpt>
      <trkpt lat="46.681927972783754" lon="8.060599253396413">
      <ele>2506.9</ele></trkpt>
      <trkpt lat="46.68191892967274" lon="8.060510606243536">
      <ele>2505.3</ele></trkpt>
      <trkpt lat="46.68192700723344" lon="8.06042494035481">
      <ele>2503.6</ele></trkpt>
      <trkpt lat="46.68193504243888" lon="8.060350332029795">
      <ele>2502.0</ele></trkpt>
      <trkpt lat="46.681930024276966" lon="8.060222988760435">
      <ele>2500.3</ele></trkpt>
      <trkpt lat="46.6819305066835" lon="8.060134477428115">
      <ele>2498.7</ele></trkpt>
      <trkpt lat="46.681944446776875" lon="8.060021194514833">
      <ele>2497.0</ele></trkpt>
      <trkpt lat="46.681973624683934" lon="8.059908086830934">
      <ele>2495.4</ele></trkpt>
      <trkpt lat="46.682016510564516" lon="8.059813423058035">
      <ele>2493.7</ele></trkpt>
      <trkpt lat="46.68206434541342" lon="8.059693732717866">
      <ele>2492.9</ele></trkpt>
      <trkpt lat="46.68207594531285" lon="8.05955582280225">
      <ele>2492.2</ele></trkpt>
      <trkpt lat="46.68209504906159" lon="8.05944076884932">
      <ele>2491.4</ele></trkpt>
      <trkpt lat="46.68212971006404" lon="8.059346532810572">
      <ele>2490.7</ele></trkpt>
      <trkpt lat="46.682159287105186" lon="8.059209548132722">
      <ele>2489.9</ele></trkpt>
      <trkpt lat="46.68216007369516" lon="8.059147652607415">
      <ele>2489.2</ele></trkpt>
      <trkpt lat="46.68213480884308" lon="8.05908898698244">
      <ele>2488.4</ele></trkpt>
      <trkpt lat="46.682113246918874" lon="8.058991242286034">
      <ele>2487.7</ele></trkpt>
      <trkpt lat="46.682121791492996" lon="8.05891377679013">
      <ele>2486.9</ele></trkpt>
      <trkpt lat="46.68212972232236" lon="8.058808554368037">
      <ele>2486.2</ele></trkpt>
      <trkpt lat="46.6821112508446" lon="8.058767769711595">
      <ele>2485.4</ele></trkpt>
      <trkpt lat="46.68207001955623" lon="8.058632756041057">
      <ele>2484.7</ele></trkpt>
      <trkpt lat="46.6820368902508" lon="8.058490032159844">
      <ele>2483.9</ele></trkpt>
      <trkpt lat="46.68200487637041" lon="8.058408532871036">
      <ele>2483.2</ele></trkpt>
      <trkpt lat="46.681956889765" lon="8.058314733576177">
      <ele>2482.4</ele></trkpt>
      <trkpt lat="46.681906617926046" lon="8.058159709799597">
      <ele>2481.7</ele></trkpt>
      <trkpt lat="46.68188999743123" lon="8.058066283715965">
      <ele>2480.9</ele></trkpt>
      <trkpt lat="46.68187831246843" lon="8.057980051052386">
      <ele>2480.2</ele></trkpt>
      <trkpt lat="46.681817388800695" lon="8.057813494731514">
      <ele>2479.4</ele></trkpt>
      <trkpt lat="46.68176990555602" lon="8.057699794981431">
      <ele>2478.7</ele></trkpt>
      <trkpt lat="46.68175082103582" lon="8.057632665961828">
      <ele>2478.6</ele></trkpt>
      <trkpt lat="46.68171593551144" lon="8.057584570215646">
      <ele>2478.5</ele></trkpt>
      <trkpt lat="46.68165432017539" lon="8.057525476194893">
      <ele>2478.4</ele></trkpt>
      <trkpt lat="46.68156990339983" lon="8.057442632605502">
      <ele>2478.3</ele></trkpt>
      <trkpt lat="46.681493787771906" lon="8.057378379699838">
      <ele>2478.2</ele></trkpt>
      <trkpt lat="46.68142112237823" lon="8.057314885397645">
      <ele>2478.1</ele></trkpt>
      <trkpt lat="46.68136480114056" lon="8.057266531548946">
      <ele>2478.0</ele></trkpt>
      <trkpt lat="46.68129985996443" lon="8.057190342720919">
      <ele>2477.9</ele></trkpt>
      <trkpt lat="46.68125066178348" lon="8.057105786026854">
      <ele>2477.8</ele></trkpt>
      <trkpt lat="46.68121519895484" lon="8.057086139663134">
      <ele>2477.8</ele></trkpt>
      <trkpt lat="46.68119906119907" lon="8.057155674675599">
      <ele>2477.7</ele></trkpt>
      <trkpt lat="46.681171628071176" lon="8.057198049812738">
      <ele>2477.6</ele></trkpt>
      <trkpt lat="46.681119653853706" lon="8.057187455380745">
      <ele>2477.5</ele></trkpt>
      <trkpt lat="46.68109395866397" lon="8.057136629369037">
      <ele>2477.4</ele></trkpt>
      <trkpt lat="46.68106180362175" lon="8.057079324744409">
      <ele>2477.3</ele></trkpt>
      <trkpt lat="46.68100046419225" lon="8.057037318689371">
      <ele>2477.2</ele></trkpt>
      <trkpt lat="46.68092418028311" lon="8.056881282211778">
      <ele>2477.1</ele></trkpt>
      <trkpt lat="46.68091029321154" lon="8.05683768911138">
      <ele>2477.0</ele></trkpt>
      <trkpt lat="46.68089467772696" lon="8.056767764820115">
      <ele>2476.9</ele></trkpt>
      <trkpt lat="46.68088902495881" lon="8.056693706585214">
      <ele>2476.8</ele></trkpt>
      <trkpt lat="46.68088401604564" lon="8.056640268310629">
      <ele>2476.6</ele></trkpt>
      <trkpt lat="46.68084997309774" lon="8.056579374293298">
      <ele>2476.5</ele></trkpt>
      <trkpt lat="46.68083966462378" lon="8.056574263325412">
      <ele>2476.3</ele></trkpt>
      <trkpt lat="46.68084280262908" lon="8.056622687118233">
      <ele>2476.2</ele></trkpt>
      <trkpt lat="46.68082325597765" lon="8.05662744341063">
      <ele>2476.0</ele></trkpt>
      <trkpt lat="46.68079414362047" lon="8.056573023611046">
      <ele>2475.8</ele></trkpt>
      <trkpt lat="46.680754212750614" lon="8.05647645773422">
      <ele>2475.7</ele></trkpt>
      <trkpt lat="46.680702478654794" lon="8.056428170902706">
      <ele>2475.5</ele></trkpt>
      <trkpt lat="46.68065467803936" lon="8.05636284575332">
      <ele>2475.4</ele></trkpt>
      <trkpt lat="46.68061538818725" lon="8.056284089889804">
      <ele>2475.2</ele></trkpt>
      <trkpt lat="46.68060545610922" lon="8.056222766289533">
      <ele>2475.0</ele></trkpt>
      <trkpt lat="46.68060626415068" lon="8.056156611722146">
      <ele>2474.9</ele></trkpt>
      <trkpt lat="46.68061888816978" lon="8.056096264916803">
      <ele>2474.7</ele></trkpt>
      <trkpt lat="46.68062416687429" lon="8.056050081167479">
      <ele>2474.6</ele></trkpt>
      <trkpt lat="46.68061513941748" lon="8.056024359422402">
      <ele>2474.4</ele></trkpt>
      <trkpt lat="46.68059565323672" lon="8.056021274193021">
      <ele>2474.2</ele></trkpt>
      <trkpt lat="46.6805600360813" lon="8.056025115018215">
      <ele>2474.1</ele></trkpt>
      <trkpt lat="46.68052156727377" lon="8.055999043702025">
      <ele>2473.9</ele></trkpt>
      <trkpt lat="46.68046624181344" lon="8.055926169807556">
      <ele>2473.8</ele></trkpt>
      <trkpt lat="46.68040586204809" lon="8.055823123557186">
      <ele>2473.6</ele></trkpt>
      <trkpt lat="46.68033983318347" lon="8.055711700080384">
      <ele>2472.9</ele></trkpt>
      <trkpt lat="46.680285165271194" lon="8.055608706491508">
      <ele>2472.2</ele></trkpt>
      <trkpt lat="46.68026010319843" lon="8.055540492287092">
      <ele>2471.6</ele></trkpt>
      <trkpt lat="46.68025338156625" lon="8.055469311455004">
      <ele>2470.9</ele></trkpt>
      <trkpt lat="46.68024017434099" lon="8.055419675343513">
      <ele>2470.2</ele></trkpt>
      <trkpt lat="46.680206922737156" lon="8.055345407583921">
      <ele>2469.5</ele></trkpt>
      <trkpt lat="46.68015801427117" lon="8.055265249318456">
      <ele>2468.9</ele></trkpt>
      <trkpt lat="46.68012099449267" lon="8.05519742175284">
      <ele>2468.2</ele></trkpt>
      <trkpt lat="46.68008098450936" lon="8.055130252888416">
      <ele>2467.5</ele></trkpt>
      <trkpt lat="46.680046601764175" lon="8.055058848138833">
      <ele>2466.8</ele></trkpt>
      <trkpt lat="46.679996470113316" lon="8.054922015642077">
      <ele>2466.2</ele></trkpt>
      <trkpt lat="46.67995521225947" lon="8.054806066769963">
      <ele>2465.5</ele></trkpt>
      <trkpt lat="46.67987244935363" lon="8.054621534253283">
      <ele>2464.8</ele></trkpt>
      <trkpt lat="46.67983945999529" lon="8.054570235351015">
      <ele>2464.2</ele></trkpt>
      <trkpt lat="46.67981007056992" lon="8.054546948410934">
      <ele>2463.5</ele></trkpt>
      <trkpt lat="46.679779346155584" lon="8.054565968495991">
      <ele>2462.8</ele></trkpt>
      <trkpt lat="46.679749686620056" lon="8.054599352085836">
      <ele>2462.1</ele></trkpt>
      <trkpt lat="46.67972276374221" lon="8.054604064101218">
      <ele>2461.4</ele></trkpt>
      <trkpt lat="46.67968513837287" lon="8.054584996520012">
      <ele>2460.8</ele></trkpt>
      <trkpt lat="46.67964217219594" lon="8.054528787193838">
      <ele>2460.1</ele></trkpt>
      <trkpt lat="46.679618022214896" lon="8.054481458208162">
      <ele>2459.4</ele></trkpt>
      <trkpt lat="46.679606972870516" lon="8.054440277964462">
      <ele>2458.8</ele></trkpt>
      <trkpt lat="46.67959560513955" lon="8.054359765160038">
      <ele>2458.1</ele></trkpt>
      <trkpt lat="46.67959334648164" lon="8.054234929804949">
      <ele>2457.4</ele></trkpt>
      <trkpt lat="46.67958192739079" lon="8.054167238576538">
      <ele>2456.7</ele></trkpt>
      <trkpt lat="46.67955053458979" lon="8.054065101393476">
      <ele>2456.0</ele></trkpt>
      <trkpt lat="46.679531015152676" lon="8.05403149711836">
      <ele>2455.4</ele></trkpt>
      <trkpt lat="46.679526164124944" lon="8.054020253565408">
      <ele>2454.7</ele></trkpt>
      <trkpt lat="46.6795143208016" lon="8.053992814521674">
      <ele>2454.0</ele></trkpt>
      <trkpt lat="46.6794867896757" lon="8.053970215799787">
      <ele>2453.3</ele></trkpt>
      <trkpt lat="46.679482709758524" lon="8.053941100725618">
      <ele>2452.7</ele></trkpt>
      <trkpt lat="46.67948748459257" lon="8.053919784999866">
      <ele>2452.0</ele></trkpt>
      <trkpt lat="46.679493801613745" lon="8.053867732157238">
      <ele>2451.3</ele></trkpt>
      <trkpt lat="46.679496742541666" lon="8.053837847481194">
      <ele>2450.7</ele></trkpt>
      <trkpt lat="46.6794918670976" lon="8.053771093634582">
      <ele>2450.0</ele></trkpt>
      <trkpt lat="46.67947275950541" lon="8.053751178910154">
      <ele>2449.3</ele></trkpt>
      <trkpt lat="46.67945192957151" lon="8.053695340189758">
      <ele>2448.6</ele></trkpt>
      <trkpt lat="46.679445441741365" lon="8.053679006729059">
      <ele>2447.9</ele></trkpt>
      <trkpt lat="46.67944559932167" lon="8.05364311720307">
      <ele>2447.3</ele></trkpt>
      <trkpt lat="46.67943685591847" lon="8.05360966198624">
      <ele>2446.6</ele></trkpt>
      <trkpt lat="46.6794104178434" lon="8.053551171570987">
      <ele>2445.8</ele></trkpt>
      <trkpt lat="46.679399882641704" lon="8.053496325905588">
      <ele>2445.0</ele></trkpt>
      <trkpt lat="46.67938172431809" lon="8.053473860323614">
      <ele>2444.2</ele></trkpt>
      <trkpt lat="46.67936888747252" lon="8.053410427403847">
      <ele>2443.4</ele></trkpt>
      <trkpt lat="46.679370240340816" lon="8.053312990033803">
      <ele>2442.6</ele></trkpt>
      <trkpt lat="46.679358445317376" lon="8.053226486732697">
      <ele>2441.8</ele></trkpt>
      <trkpt lat="46.67935020219622" lon="8.053183639730038">
      <ele>2441.0</ele></trkpt>
      <trkpt lat="46.67934471447353" lon="8.053153646128731">
      <ele>2440.2</ele></trkpt>
      <trkpt lat="46.67934546981015" lon="8.053085257446126">
      <ele>2439.4</ele></trkpt>
      <trkpt lat="46.67933587865543" lon="8.053032134897999">
      <ele>2438.6</ele></trkpt>
      <trkpt lat="46.67935057318792" lon="8.05298957499355">
      <ele>2437.9</ele></trkpt>
      <trkpt lat="46.67936583228132" lon="8.052927376705542">
      <ele>2437.1</ele></trkpt>
      <trkpt lat="46.67936387349684" lon="8.052838436632335">
      <ele>2436.3</ele></trkpt>
      <trkpt lat="46.67935682012454" lon="8.052738341888558">
      <ele>2435.5</ele></trkpt>
      <trkpt lat="46.67933895354717" lon="8.05264663305838">
      <ele>2434.7</ele></trkpt>
      <trkpt lat="46.67932344409378" lon="8.052551526645487">
      <ele>2433.9</ele></trkpt>
      <trkpt lat="46.679314408486015" lon="8.05247704047992">
      <ele>2433.1</ele></trkpt>
      <trkpt lat="46.67931228302902" lon="8.052424015985842">
      <ele>2432.3</ele></trkpt>
      <trkpt lat="46.67929276310791" lon="8.0523904124521">
      <ele>2431.5</ele></trkpt>
      <trkpt lat="46.67926722261826" lon="8.052342206295501">
      <ele>2430.7</ele></trkpt>
      <trkpt lat="46.67924262704504" lon="8.052290586489">
      <ele>2430.0</ele></trkpt>
      <trkpt lat="46.679225996739255" lon="8.052238220719337">
      <ele>2429.3</ele></trkpt>
      <trkpt lat="46.67920605057614" lon="8.05219521488985">
      <ele>2428.6</ele></trkpt>
      <trkpt lat="46.67919115719878" lon="8.052172799987535">
      <ele>2427.9</ele></trkpt>
      <trkpt lat="46.67915948049137" lon="8.05213648367786">
      <ele>2427.2</ele></trkpt>
      <trkpt lat="46.67911092869179" lon="8.052101648741068">
      <ele>2426.6</ele></trkpt>
      <trkpt lat="46.67911362752268" lon="8.05205313623267">
      <ele>2425.9</ele></trkpt>
      <trkpt lat="46.67912219353616" lon="8.052012624034278">
      <ele>2425.2</ele></trkpt>
      <trkpt lat="46.679118769621965" lon="8.05194005794762">
      <ele>2424.5</ele></trkpt>
      <trkpt lat="46.679098760326404" lon="8.051873642664805">
      <ele>2423.8</ele></trkpt>
      <trkpt lat="46.67909840727529" lon="8.05185063490297">
      <ele>2423.1</ele></trkpt>
      <trkpt lat="46.67908241394981" lon="8.051832011113575">
      <ele>2422.4</ele></trkpt>
      <trkpt lat="46.679058397426545" lon="8.051809845688501">
      <ele>2421.7</ele></trkpt>
      <trkpt lat="46.679043925341354" lon="8.051772640156466">
      <ele>2421.0</ele></trkpt>
      <trkpt lat="46.67902520397268" lon="8.051731020930076">
      <ele>2420.3</ele></trkpt>
      <trkpt lat="46.67899758634539" lon="8.051672557713962">
      <ele>2419.7</ele></trkpt>
      <trkpt lat="46.678977809999964" lon="8.051654819065753">
      <ele>2419.0</ele></trkpt>
      <trkpt lat="46.67897572582901" lon="8.051599063717928">
      <ele>2418.3</ele></trkpt>
      <trkpt lat="46.67897018323296" lon="8.051572507352029">
      <ele>2417.6</ele></trkpt>
      <trkpt lat="46.6789346042028" lon="8.051498988472975">
      <ele>2416.9</ele></trkpt>
      <trkpt lat="46.67892811279347" lon="8.051471545663818">
      <ele>2416.2</ele></trkpt>
      <trkpt lat="46.67892781669146" lon="8.051437925563029">
      <ele>2415.5</ele></trkpt>
      <trkpt lat="46.678905451319686" lon="8.051367955003418">
      <ele>2414.8</ele></trkpt>
      <trkpt lat="46.67889275819969" lon="8.051352897834036">
      <ele>2414.1</ele></trkpt>
      <trkpt lat="46.678886905771826" lon="8.0512935839424">
      <ele>2413.4</ele></trkpt>
      <trkpt lat="46.67886961032126" lon="8.051251079330598">
      <ele>2412.7</ele></trkpt>
      <trkpt lat="46.678849170851784" lon="8.051177588728327">
      <ele>2412.0</ele></trkpt>
      <trkpt lat="46.67884245503873" lon="8.051101469840694">
      <ele>2411.3</ele></trkpt>
      <trkpt lat="46.67885211441404" lon="8.051061662819556">
      <ele>2410.6</ele></trkpt>
      <trkpt lat="46.67883115526313" lon="8.05099613927394">
      <ele>2409.9</ele></trkpt>
      <trkpt lat="46.67881518074649" lon="8.05097398707851">
      <ele>2409.2</ele></trkpt>
      <trkpt lat="46.67878654686239" lon="8.050928805392553">
      <ele>2408.5</ele></trkpt>
      <trkpt lat="46.678760908200516" lon="8.050853530823904">
      <ele>2407.8</ele></trkpt>
      <trkpt lat="46.67872715603789" lon="8.050791522139907">
      <ele>2407.1</ele></trkpt>
      <trkpt lat="46.67871182034256" lon="8.050737499023096">
      <ele>2406.4</ele></trkpt>
      <trkpt lat="46.678694958166616" lon="8.050704736949818">
      <ele>2405.7</ele></trkpt>
      <trkpt lat="46.67867631251387" lon="8.050648938046287">
      <ele>2405.0</ele></trkpt>
      <trkpt lat="46.67865492801501" lon="8.050575463372708">
      <ele>2404.3</ele></trkpt>
      <trkpt lat="46.67863114025267" lon="8.05050726803353">
      <ele>2403.6</ele></trkpt>
      <trkpt lat="46.678614364030786" lon="8.050456796940635">
      <ele>2402.9</ele></trkpt>
      <trkpt lat="46.67859339983429" lon="8.050392149567715">
      <ele>2402.1</ele></trkpt>
      <trkpt lat="46.67859122481643" lon="8.050353214977731">
      <ele>2401.3</ele></trkpt>
      <trkpt lat="46.67859289398856" lon="8.05030365865143">
      <ele>2400.6</ele></trkpt>
      <trkpt lat="46.67857496551752" lon="8.050243254339787">
      <ele>2399.8</ele></trkpt>
      <trkpt lat="46.67855313132865" lon="8.050213324716728">
      <ele>2399.0</ele></trkpt>
      <trkpt lat="46.67853496171672" lon="8.050159295995652">
      <ele>2398.2</ele></trkpt>
      <trkpt lat="46.67849175514797" lon="8.05009550799502">
      <ele>2397.4</ele></trkpt>
      <trkpt lat="46.678471115249145" lon="8.050060939021044">
      <ele>2396.7</ele></trkpt>
      <trkpt lat="46.67842569033961" lon="8.049967940422409">
      <ele>2395.9</ele></trkpt>
      <trkpt lat="46.67840417687242" lon="8.049920121597252">
      <ele>2395.1</ele></trkpt>
      <trkpt lat="46.67838918522015" lon="8.049889106395721">
      <ele>2394.3</ele></trkpt>
      <trkpt lat="46.67837859065439" lon="8.049831582451777">
      <ele>2393.5</ele></trkpt>
      <trkpt lat="46.678370237749554" lon="8.049800590129733">
      <ele>2392.8</ele></trkpt>
      <trkpt lat="46.678348172139806" lon="8.049765142587027">
      <ele>2392.0</ele></trkpt>
      <trkpt lat="46.678302145994394" lon="8.049698683061212">
      <ele>2391.2</ele></trkpt>
      <trkpt lat="46.67828687655504" lon="8.04963051957073">
      <ele>2390.4</ele></trkpt>
      <trkpt lat="46.678268062684985" lon="8.049513669077122">
      <ele>2389.6</ele></trkpt>
      <trkpt lat="46.67826158402729" lon="8.049487115762286">
      <ele>2388.9</ele></trkpt>
      <trkpt lat="46.67826025802647" lon="8.049467639374221">
      <ele>2388.1</ele></trkpt>
      <trkpt lat="46.678253159031016" lon="8.049373833354919">
      <ele>2387.3</ele></trkpt>
      <trkpt lat="46.678235132598395" lon="8.049287955000814">
      <ele>2386.8</ele></trkpt>
      <trkpt lat="46.67821881361934" lon="8.049241031828585">
      <ele>2386.3</ele></trkpt>
      <trkpt lat="46.6781975666788" lon="8.049138335172445">
      <ele>2385.8</ele></trkpt>
      <trkpt lat="46.67817721626526" lon="8.049046274711351">
      <ele>2385.3</ele></trkpt>
      <trkpt lat="46.67816901570456" lon="8.048983419481265">
      <ele>2384.9</ele></trkpt>
      <trkpt lat="46.67815780142293" lon="8.048954198752016">
      <ele>2384.4</ele></trkpt>
      <trkpt lat="46.67813811987723" lon="8.048916988034511">
      <ele>2383.9</ele></trkpt>
      <trkpt lat="46.67812372296821" lon="8.048863878490854">
      <ele>2383.4</ele></trkpt>
      <trkpt lat="46.678105434318454" lon="8.048831976944548">
      <ele>2382.9</ele></trkpt>
      <trkpt lat="46.678073450915555" lon="8.048795620661739">
      <ele>2382.4</ele></trkpt>
      <trkpt lat="46.678028684555784" lon="8.048759250725007">
      <ele>2381.9</ele></trkpt>
      <trkpt lat="46.677973452387626" lon="8.048737022044698">
      <ele>2381.4</ele></trkpt>
      <trkpt lat="46.67791496287313" lon="8.048701503613035">
      <ele>2380.9</ele></trkpt>
      <trkpt lat="46.67789475138188" lon="8.048677579379847">
      <ele>2380.4</ele></trkpt>
      <trkpt lat="46.67789014850459" lon="8.048650119564941">
      <ele>2379.9</ele></trkpt>
      <trkpt lat="46.67785206388716" lon="8.04860404896583">
      <ele>2379.5</ele></trkpt>
      <trkpt lat="46.67780600875293" lon="8.048542884069269">
      <ele>2379.0</ele></trkpt>
      <trkpt lat="46.677770309434244" lon="8.048491494925507">
      <ele>2378.5</ele></trkpt>
      <trkpt lat="46.67775014104338" lon="8.048457821114296">
      <ele>2378.0</ele></trkpt>
      <trkpt lat="46.67769304387551" lon="8.04842938970587">
      <ele>2377.5</ele></trkpt>
      <trkpt lat="46.67764785220407" lon="8.048385055923884">
      <ele>2376.8</ele></trkpt>
      <trkpt lat="46.67758990557169" lon="8.048337153909504">
      <ele>2376.2</ele></trkpt>
      <trkpt lat="46.67756679513396" lon="8.04832205865366">
      <ele>2375.5</ele></trkpt>
      <trkpt lat="46.67753995378543" lon="8.048298112163055">
      <ele>2374.8</ele></trkpt>
      <trkpt lat="46.677513093934074" lon="8.048275942997439">
      <ele>2374.2</ele></trkpt>
      <trkpt lat="46.67748580894506" lon="8.04824579640469">
      <ele>2373.5</ele></trkpt>
      <trkpt lat="46.67745900588337" lon="8.04821300208918">
      <ele>2372.8</ele></trkpt>
      <trkpt lat="46.677402292686445" lon="8.048109358157445">
      <ele>2372.2</ele></trkpt>
      <trkpt lat="46.677384562339164" lon="8.048057113768644">
      <ele>2371.5</ele></trkpt>
      <trkpt lat="46.677370036925005" lon="8.048029659946248">
      <ele>2370.8</ele></trkpt>
      <trkpt lat="46.67735843509959" lon="8.047985378966565">
      <ele>2370.2</ele></trkpt>
      <trkpt lat="46.67734314103219" lon="8.047921634506217">
      <ele>2369.5</ele></trkpt>
      <trkpt lat="46.67731273543647" lon="8.047852570104002">
      <ele>2368.9</ele></trkpt>
      <trkpt lat="46.67730717736319" lon="8.047830432393576">
      <ele>2368.2</ele></trkpt>
      <trkpt lat="46.67730311714589" lon="8.047790601900916">
      <ele>2367.5</ele></trkpt>
      <trkpt lat="46.67727695707842" lon="8.047723297652949">
      <ele>2366.9</ele></trkpt>
      <trkpt lat="46.677274218452396" lon="8.04770381880718">
      <ele>2366.2</ele></trkpt>
      <trkpt lat="46.67727440365985" lon="8.047665774511191">
      <ele>2365.5</ele></trkpt>
      <trkpt lat="46.67725716834473" lon="8.047611758473954">
      <ele>2364.9</ele></trkpt>
      <trkpt lat="46.67724365355618" lon="8.047571912934135">
      <ele>2364.2</ele></trkpt>
      <trkpt lat="46.67724795797307" lon="8.047466631452515">
      <ele>2363.7</ele></trkpt>
      <trkpt lat="46.677255066763685" lon="8.04737019064797">
      <ele>2363.3</ele></trkpt>
      <trkpt lat="46.677242081034414" lon="8.047318849657183">
      <ele>2362.8</ele></trkpt>
      <trkpt lat="46.677202821211914" lon="8.047223193373217">
      <ele>2362.4</ele></trkpt>
      <trkpt lat="46.677184108085626" lon="8.047178035326182">
      <ele>2361.9</ele></trkpt>
      <trkpt lat="46.677177572252134" lon="8.047162094899376">
      <ele>2361.4</ele></trkpt>
      <trkpt lat="46.67717729426819" lon="8.047123156704087">
      <ele>2361.0</ele></trkpt>
      <trkpt lat="46.677158594420575" lon="8.047078874542372">
      <ele>2360.5</ele></trkpt>
      <trkpt lat="46.6771417648009" lon="8.047038129263202">
      <ele>2360.1</ele></trkpt>
      <trkpt lat="46.677116377899104" lon="8.047006240458963">
      <ele>2359.6</ele></trkpt>
      <trkpt lat="46.6770864056911" lon="8.046946892626295">
      <ele>2359.1</ele></trkpt>
      <trkpt lat="46.677071965963286" lon="8.046899953124045">
      <ele>2358.7</ele></trkpt>
      <trkpt lat="46.677050716428056" lon="8.04679903705862">
      <ele>2358.2</ele></trkpt>
      <trkpt lat="46.67703068517775" lon="8.046736180997861">
      <ele>2357.8</ele></trkpt>
      <trkpt lat="46.67703335908742" lon="8.046673358395358">
      <ele>2357.3</ele></trkpt>
      <trkpt lat="46.6770116707784" lon="8.046563589298517">
      <ele>2356.8</ele></trkpt>
      <trkpt lat="46.67696641840273" lon="8.046434316387298">
      <ele>2356.4</ele></trkpt>
      <trkpt lat="46.67695352237301" lon="8.046364378601295">
      <ele>2355.9</ele></trkpt>
      <trkpt lat="46.67693202159989" lon="8.046313896439122">
      <ele>2355.5</ele></trkpt>
      <trkpt lat="46.67691610800281" lon="8.046278455137951">
      <ele>2355.0</ele></trkpt>
      <trkpt lat="46.67688927088946" lon="8.046253634329226">
      <ele>2354.3</ele></trkpt>
      <trkpt lat="46.676871462921355" lon="8.046220864136915">
      <ele>2353.7</ele></trkpt>
      <trkpt lat="46.67685888748232" lon="8.04618190547538">
      <ele>2353.1</ele></trkpt>
      <trkpt lat="46.6768298696924" lon="8.046117249730784">
      <ele>2352.4</ele></trkpt>
      <trkpt lat="46.676813668143836" lon="8.046044661076083">
      <ele>2351.8</ele></trkpt>
      <trkpt lat="46.67680241464234" lon="8.046026040826037">
      <ele>2351.1</ele></trkpt>
      <trkpt lat="46.67676139214173" lon="8.045997649481855">
      <ele>2350.4</ele></trkpt>
      <trkpt lat="46.6767248079519" lon="8.045936529197304">
      <ele>2349.8</ele></trkpt>
      <trkpt lat="46.676706933981194" lon="8.045916135500692">
      <ele>2349.2</ele></trkpt>
      <trkpt lat="46.6766702040672" lon="8.045880682623343">
      <ele>2348.5</ele></trkpt>
      <trkpt lat="46.67665142836763" lon="8.045850554961003">
      <ele>2347.8</ele></trkpt>
      <trkpt lat="46.67664120976629" lon="8.045811583830453">
      <ele>2347.2</ele></trkpt>
      <trkpt lat="46.676644736849966" lon="8.045770898254252">
      <ele>2346.6</ele></trkpt>
      <trkpt lat="46.67663824440169" lon="8.045648767244328">
      <ele>2345.9</ele></trkpt>
      <trkpt lat="46.676630958156245" lon="8.045591243988069">
      <ele>2345.2</ele></trkpt>
      <trkpt lat="46.67662050748702" lon="8.04550627801735">
      <ele>2344.6</ele></trkpt>
      <trkpt lat="46.67659646629034" lon="8.045488520641435">
      <ele>2343.9</ele></trkpt>
      <trkpt lat="46.6765543052226" lon="8.045405276602956">
      <ele>2343.3</ele></trkpt>
      <trkpt lat="46.67653825910273" lon="8.045396378865071">
      <ele>2342.7</ele></trkpt>
      <trkpt lat="46.67652625513469" lon="8.045336188822521">
      <ele>2342.0</ele></trkpt>
      <trkpt lat="46.67650908416647" lon="8.04527156243251">
      <ele>2341.6</ele></trkpt>
      <trkpt lat="46.676513518797314" lon="8.045234415928558">
      <ele>2341.2</ele></trkpt>
      <trkpt lat="46.676492830287344" lon="8.045208710789083">
      <ele>2340.8</ele></trkpt>
      <trkpt lat="46.67646080758821" lon="8.04518121854371">
      <ele>2340.4</ele></trkpt>
      <trkpt lat="46.67642664193825" lon="8.045105043926963">
      <ele>2339.9</ele></trkpt>
      <trkpt lat="46.676412111155315" lon="8.045078467000058">
      <ele>2339.5</ele></trkpt>
      <trkpt lat="46.67640340757217" lon="8.045021829959087">
      <ele>2339.1</ele></trkpt>
      <trkpt lat="46.67637607460244" lon="8.045000546321235">
      <ele>2338.7</ele></trkpt>
      <trkpt lat="46.676355376657995" lon="8.044976605633046">
      <ele>2338.3</ele></trkpt>
      <trkpt lat="46.676345865761554" lon="8.044890762032589">
      <ele>2337.9</ele></trkpt>
      <trkpt lat="46.67634859986248" lon="8.044816426469483">
      <ele>2337.5</ele></trkpt>
      <trkpt lat="46.67633345014401" lon="8.044723501240759">
      <ele>2337.1</ele></trkpt>
      <trkpt lat="46.676332812171886" lon="8.044662432743344">
      <ele>2336.7</ele></trkpt>
      <trkpt lat="46.67632042975504" lon="8.044583666903334">
      <ele>2336.3</ele></trkpt>
      <trkpt lat="46.67631071094061" lon="8.04454028432758">
      <ele>2335.9</ele></trkpt>
      <trkpt lat="46.67630289999969" lon="8.04449336822891">
      <ele>2335.4</ele></trkpt>
      <trkpt lat="46.67628558246466" lon="8.04435972005099">
      <ele>2335.0</ele></trkpt>
      <trkpt lat="46.67626083659315" lon="8.044295074675846">
      <ele>2334.6</ele></trkpt>
      <trkpt lat="46.676241966419994" lon="8.044282656064587">
      <ele>2334.2</ele></trkpt>
      <trkpt lat="46.67619893142599" lon="8.044280801212578">
      <ele>2333.8</ele></trkpt>
      <trkpt lat="46.67617350582504" lon="8.044257748883329">
      <ele>2333.7</ele></trkpt>
      <trkpt lat="46.676156858865994" lon="8.044180726096439">
      <ele>2333.6</ele></trkpt>
      <trkpt lat="46.67613004047493" lon="8.04415060064209">
      <ele>2333.5</ele></trkpt>
      <trkpt lat="46.67609506690027" lon="8.044143438534721">
      <ele>2333.4</ele></trkpt>
      <trkpt lat="46.67605358089409" lon="8.04411415507125">
      <ele>2333.3</ele></trkpt>
      <trkpt lat="46.676025965587264" lon="8.044064690894638">
      <ele>2333.2</ele></trkpt>
      <trkpt lat="46.676003956778764" lon="8.044011434086686">
      <ele>2333.1</ele></trkpt>
      <trkpt lat="46.67598254549836" lon="8.043938814945443">
      <ele>2333.0</ele></trkpt>
      <trkpt lat="46.675968023808196" lon="8.043910474266978">
      <ele>2332.9</ele></trkpt>
      <trkpt lat="46.67594962997143" lon="8.043899825583752">
      <ele>2332.9</ele></trkpt>
      <trkpt lat="46.675921984807786" lon="8.043845800010581">
      <ele>2332.8</ele></trkpt>
      <trkpt lat="46.67588887677179" lon="8.04384307653115">
      <ele>2332.7</ele></trkpt>
      <trkpt lat="46.67587760876026" lon="8.043827123083137">
      <ele>2332.6</ele></trkpt>
      <trkpt lat="46.67586013597336" lon="8.043820902263597">
      <ele>2332.5</ele></trkpt>
      <trkpt lat="46.6758361930697" lon="8.043784575212005">
      <ele>2332.4</ele></trkpt>
      <trkpt lat="46.67582219112916" lon="8.043744739305296">
      <ele>2332.3</ele></trkpt>
      <trkpt lat="46.67580191763585" lon="8.043732305267085">
      <ele>2332.2</ele></trkpt>
      <trkpt lat="46.675792717912216" lon="8.043679192298917">
      <ele>2332.1</ele></trkpt>
      <trkpt lat="46.675769195842115" lon="8.0436517050505">
      <ele>2332.0</ele></trkpt>
      <trkpt lat="46.67576176268656" lon="8.043623378609801">
      <ele>2331.9</ele></trkpt>
      <trkpt lat="46.6757496485984" lon="8.04358885708869">
      <ele>2332.3</ele></trkpt>
      <trkpt lat="46.67575075313667" lon="8.043557006034094">
      <ele>2332.7</ele></trkpt>
      <trkpt lat="46.67577273081169" lon="8.04351103842063">
      <ele>2333.1</ele></trkpt>
      <trkpt lat="46.675781452396336" lon="8.043469457450477">
      <ele>2333.4</ele></trkpt>
      <trkpt lat="46.67578449725195" lon="8.043429642635473">
      <ele>2333.8</ele></trkpt>
      <trkpt lat="46.67575706419652" lon="8.043330490879763">
      <ele>2334.2</ele></trkpt>
      <trkpt lat="46.675744671075144" lon="8.0432552679075">
      <ele>2334.6</ele></trkpt>
      <trkpt lat="46.67573043188243" lon="8.043168523158958">
      <ele>2335.0</ele></trkpt>
      <trkpt lat="46.675721311636174" lon="8.043100368271313">
      <ele>2335.4</ele></trkpt>
      <trkpt lat="46.675707982926866" lon="8.042987782353666">
      <ele>2335.8</ele></trkpt>
      <trkpt lat="46.67570648651048" lon="8.042910289720977">
      <ele>2336.1</ele></trkpt>
      <trkpt lat="46.67570329714704" lon="8.042794066352974">
      <ele>2336.5</ele></trkpt>
      <trkpt lat="46.67570668091591" lon="8.042676648767667">
      <ele>2336.9</ele></trkpt>
      <trkpt lat="46.675714014164065" lon="8.042564241731021">
      <ele>2337.3</ele></trkpt>
      <trkpt lat="46.675710997043296" lon="8.042496965508796">
      <ele>2337.7</ele></trkpt>
      <trkpt lat="46.675702871331616" lon="8.042443080684096">
      <ele>2338.1</ele></trkpt>
      <trkpt lat="46.6756903779749" lon="8.04241725950191">
      <ele>2338.4</ele></trkpt>
      <trkpt lat="46.67566951279943" lon="8.042384025849607">
      <ele>2338.8</ele></trkpt>
      <trkpt lat="46.675621770207265" lon="8.042341918249777">
      <ele>2339.2</ele></trkpt>
      <trkpt lat="46.67559076112199" lon="8.042294456289717">
      <ele>2339.6</ele></trkpt>
      <trkpt lat="46.67555958670304" lon="8.04223913779998">
      <ele>2340.8</ele></trkpt>
      <trkpt lat="46.67553468176854" lon="8.04220091890818">
      <ele>2342.0</ele></trkpt>
      <trkpt lat="46.67549900839761" lon="8.042164487868423">
      <ele>2343.3</ele></trkpt>
      <trkpt lat="46.6754477702285" lon="8.042152244370994">
      <ele>2344.5</ele></trkpt>
      <trkpt lat="46.675373109583205" lon="8.042136118974206">
      <ele>2345.7</ele></trkpt>
      <trkpt lat="46.675321585076645" lon="8.042120186765708">
      <ele>2346.9</ele></trkpt>
      <trkpt lat="46.6753120344415" lon="8.042053347777859">
      <ele>2348.1</ele></trkpt>
      <trkpt lat="46.67530787478865" lon="8.04197412697814">
      <ele>2349.4</ele></trkpt>
      <trkpt lat="46.675268972117884" lon="8.041743789067738">
      <ele>2350.6</ele></trkpt>
      <trkpt lat="46.67526950231304" lon="8.041643539814253">
      <ele>2351.8</ele></trkpt>
      <trkpt lat="46.67526991612333" lon="8.041565285018157">
      <ele>2353.0</ele></trkpt>
      <trkpt lat="46.67525341560029" lon="8.041502759936359">
      <ele>2354.2</ele></trkpt>
      <trkpt lat="46.67521429009412" lon="8.041421619946455">
      <ele>2355.5</ele></trkpt>
      <trkpt lat="46.675177633965035" lon="8.041351525092175">
      <ele>2356.7</ele></trkpt>
      <trkpt lat="46.67515662123772" lon="8.041218492991511">
      <ele>2357.9</ele></trkpt>
      <trkpt lat="46.67515931253709" lon="8.041063272238056">
      <ele>2359.1</ele></trkpt>
      <trkpt lat="46.67515800305583" lon="8.040960362665508">
      <ele>2360.3</ele></trkpt>
      <trkpt lat="46.675157583204694" lon="8.040864428979335">
      <ele>2361.6</ele></trkpt>
      <trkpt lat="46.6751441368568" lon="8.040775407527597">
      <ele>2362.8</ele></trkpt>
      <trkpt lat="46.6751199425382" lon="8.04068940296499">
      <ele>2364.0</ele></trkpt>
      <trkpt lat="46.67516174986294" lon="8.040652882699389">
      <ele>2365.9</ele></trkpt>
      <trkpt lat="46.675209429370106" lon="8.040613343452582">
      <ele>2367.7</ele></trkpt>
      <trkpt lat="46.675136864304996" lon="8.040595557665524">
      <ele>2369.6</ele></trkpt>
      <trkpt lat="46.67509174810026" lon="8.040594296855053">
      <ele>2371.5</ele></trkpt>
      <trkpt lat="46.67509427385354" lon="8.040560606129045">
      <ele>2373.3</ele></trkpt>
      <trkpt lat="46.67505146243111" lon="8.040567513219104">
      <ele>2375.2</ele></trkpt>
      <trkpt lat="46.675046931269634" lon="8.040551661917632">
      <ele>2377.1</ele></trkpt>
      <trkpt lat="46.67504439114871" lon="8.040504570994944">
      <ele>2378.9</ele></trkpt>
      <trkpt lat="46.675021010595735" lon="8.040364900112646">
      <ele>2380.8</ele></trkpt>
      <trkpt lat="46.67502224998382" lon="8.040305618445705">
      <ele>2382.7</ele></trkpt>
      <trkpt lat="46.67500674784654" lon="8.040253220808289">
      <ele>2384.5</ele></trkpt>
      <trkpt lat="46.674996979454185" lon="8.040171180523451">
      <ele>2386.4</ele></trkpt>
      <trkpt lat="46.67498165200385" lon="8.040085654211882">
      <ele>2388.2</ele></trkpt>
      <trkpt lat="46.674954279976255" lon="8.039996556629166">
      <ele>2390.1</ele></trkpt>
      <trkpt lat="46.67494438276886" lon="8.039937203332526">
      <ele>2392.0</ele></trkpt>
      <trkpt lat="46.67492948719104" lon="8.039771436538633">
      <ele>2393.8</ele></trkpt>
      <trkpt lat="46.67493863459044" lon="8.039623214944031">
      <ele>2395.7</ele></trkpt>
      <trkpt lat="46.674951138786525" lon="8.03953956681905">
      <ele>2397.6</ele></trkpt>
      <trkpt lat="46.67497470575615" lon="8.039471659523494">
      <ele>2399.4</ele></trkpt>
      <trkpt lat="46.674985090278454" lon="8.039438579005836">
      <ele>2401.3</ele></trkpt>
      <trkpt lat="46.674980669133504" lon="8.03939669499455">
      <ele>2399.4</ele></trkpt>
      <trkpt lat="46.674968780526" lon="8.039365235658552">
      <ele>2397.5</ele></trkpt>
      <trkpt lat="46.67494027939608" lon="8.039312772207765">
      <ele>2395.6</ele></trkpt>
      <trkpt lat="46.67488851458009" lon="8.039270662385738">
      <ele>2393.7</ele></trkpt>
      <trkpt lat="46.67480794517021" lon="8.0392371063953">
      <ele>2391.8</ele></trkpt>
      <trkpt lat="46.67476820630523" lon="8.039205507442325">
      <ele>2389.9</ele></trkpt>
      <trkpt lat="46.67473897143334" lon="8.039116416094926">
      <ele>2388.0</ele></trkpt>
      <trkpt lat="46.67468473905826" lon="8.039016722301039">
      <ele>2386.1</ele></trkpt>
      <trkpt lat="46.67468417998853" lon="8.03894521433161">
      <ele>2384.2</ele></trkpt>
      <trkpt lat="46.67466260459865" lon="8.03881429537615">
      <ele>2382.3</ele></trkpt>
      <trkpt lat="46.67462753504165" lon="8.038775743600084">
      <ele>2380.4</ele></trkpt>
      <trkpt lat="46.67462033404944" lon="8.038733842108806">
      <ele>2378.5</ele></trkpt>
      <trkpt lat="46.6745936489272" lon="8.038688378463226">
      <ele>2376.6</ele></trkpt>
      <trkpt lat="46.674560358603415" lon="8.038667280894474">
      <ele>2374.7</ele></trkpt>
      <trkpt lat="46.67451949131484" lon="8.038672302910758">
      <ele>2372.8</ele></trkpt>
      <trkpt lat="46.67449346646393" lon="8.038679149585526">
      <ele>2370.9</ele></trkpt>
      <trkpt lat="46.67437628628232" lon="8.03854600623543">
      <ele>2369.0</ele></trkpt>
      <trkpt lat="46.674368635869996" lon="8.038411674932298">
      <ele>2367.1</ele></trkpt>
      <trkpt lat="46.67432358536315" lon="8.038331217695672">
      <ele>2365.2</ele></trkpt>
      <trkpt lat="46.67429376889695" lon="8.038224294807314">
      <ele>2363.3</ele></trkpt>
      <trkpt lat="46.67425621069404" lon="8.03816285815732">
      <ele>2362.3</ele></trkpt>
      <trkpt lat="46.67423154701807" lon="8.038092181068615">
      <ele>2361.3</ele></trkpt>
      <trkpt lat="46.67421769021769" lon="8.038032915678972">
      <ele>2360.3</ele></trkpt>
      <trkpt lat="46.67421958690514" lon="8.037971577226402">
      <ele>2359.3</ele></trkpt>
      <trkpt lat="46.67420766107395" lon="8.037909471168867">
      <ele>2358.3</ele></trkpt>
      <trkpt lat="46.6742206427671" lon="8.03779463311002">
      <ele>2357.3</ele></trkpt>
      <trkpt lat="46.67423652240415" lon="8.037689798874204">
      <ele>2356.3</ele></trkpt>
      <trkpt lat="46.674239619156715" lon="8.03760204793668">
      <ele>2355.3</ele></trkpt>
      <trkpt lat="46.67423041044108" lon="8.037536404196906">
      <ele>2354.3</ele></trkpt>
      <trkpt lat="46.67421425550925" lon="8.037426496797801">
      <ele>2353.3</ele></trkpt>
      <trkpt lat="46.67418615640417" lon="8.037280164173257">
      <ele>2352.3</ele></trkpt>
      <trkpt lat="46.67416110804417" lon="8.0371267167073">
      <ele>2351.3</ele></trkpt>
      <trkpt lat="46.674146392069446" lon="8.037033946033828">
      <ele>2350.3</ele></trkpt>
      <trkpt lat="46.67410889182627" lon="8.036976771550947">
      <ele>2349.3</ele></trkpt>
      <trkpt lat="46.674099457203475" lon="8.036923253689828">
      <ele>2348.3</ele></trkpt>
      <trkpt lat="46.67408559245226" lon="8.036891107009152">
      <ele>2347.3</ele></trkpt>
      <trkpt lat="46.674056551001314" lon="8.036845396462391">
      <ele>2346.3</ele></trkpt>
      <trkpt lat="46.674023798621405" lon="8.036761130330293">
      <ele>2345.3</ele></trkpt>
      <trkpt lat="46.67400341152213" lon="8.036686175685226">
      <ele>2344.3</ele></trkpt>
      <trkpt lat="46.673984020037764" lon="8.036625490460473">
      <ele>2343.3</ele></trkpt>
      <trkpt lat="46.67397255826524" lon="8.036569101292736">
      <ele>2343.0</ele></trkpt>
      <trkpt lat="46.67399140393294" lon="8.036534886004253">
      <ele>2342.7</ele></trkpt>
      <trkpt lat="46.674008528210436" lon="8.036489268485395">
      <ele>2342.4</ele></trkpt>
      <trkpt lat="46.67402588478853" lon="8.03643365567235">
      <ele>2342.1</ele></trkpt>
      <trkpt lat="46.67403522604677" lon="8.036369472300297">
      <ele>2341.8</ele></trkpt>
      <trkpt lat="46.67403751247158" lon="8.036307406450842">
      <ele>2341.4</ele></trkpt>
      <trkpt lat="46.67402676781155" lon="8.036244608318427">
      <ele>2341.1</ele></trkpt>
      <trkpt lat="46.674007920935395" lon="8.03616750144167">
      <ele>2340.8</ele></trkpt>
      <trkpt lat="46.67398443294637" lon="8.036040458696412">
      <ele>2340.5</ele></trkpt>
      <trkpt lat="46.67396441628719" lon="8.035908435931194">
      <ele>2340.2</ele></trkpt>
      <trkpt lat="46.67393378604543" lon="8.03586198965592">
      <ele>2339.9</ele></trkpt>
      <trkpt lat="46.67392891582692" lon="8.035824872002985">
      <ele>2339.6</ele></trkpt>
      <trkpt lat="46.673908272631365" lon="8.03575919403561">
      <ele>2339.3</ele></trkpt>
      <trkpt lat="46.67391015017361" lon="8.035697842587417">
      <ele>2339.0</ele></trkpt>
      <trkpt lat="46.67389483861299" lon="8.03564644272777">
      <ele>2338.7</ele></trkpt>
      <trkpt lat="46.67386409270112" lon="8.035592859695097">
      <ele>2338.3</ele></trkpt>
      <trkpt lat="46.67383226435397" lon="8.03554498899268">
      <ele>2338.0</ele></trkpt>
      <trkpt lat="46.67382020931584" lon="8.035502159302048">
      <ele>2337.7</ele></trkpt>
      <trkpt lat="46.673812626987484" lon="8.03544007611539">
      <ele>2337.4</ele></trkpt>
      <trkpt lat="46.673820874737615" lon="8.035409402777177">
      <ele>2337.1</ele></trkpt>
      <trkpt lat="46.67383975898267" lon="8.035378062794754">
      <ele>2338.1</ele></trkpt>
      <trkpt lat="46.67386125932299" lon="8.035336727747348">
      <ele>2339.1</ele></trkpt>
      <trkpt lat="46.67387896152936" lon="8.035276844966605">
      <ele>2340.0</ele></trkpt>
      <trkpt lat="46.673912955134966" lon="8.035225545468652">
      <ele>2341.0</ele></trkpt>
      <trkpt lat="46.673940138148446" lon="8.035189866615028">
      <ele>2342.0</ele></trkpt>
      <trkpt lat="46.67392865906558" lon="8.035078182498033">
      <ele>2343.0</ele></trkpt>
      <trkpt lat="46.67393191287912" lon="8.034989257453244">
      <ele>2344.0</ele></trkpt>
      <trkpt lat="46.67395841171248" lon="8.034893453291014">
      <ele>2344.9</ele></trkpt>
      <trkpt lat="46.67397567274665" lon="8.034787144114421">
      <ele>2345.9</ele></trkpt>
      <trkpt lat="46.67398354076744" lon="8.034703458309187">
      <ele>2346.9</ele></trkpt>
      <trkpt lat="46.67399338925489" lon="8.034597119517779">
      <ele>2347.9</ele></trkpt>
      <trkpt lat="46.67400235676835" lon="8.034480315723432">
      <ele>2348.9</ele></trkpt>
      <trkpt lat="46.674028083668674" lon="8.03435311078327">
      <ele>2349.8</ele></trkpt>
      <trkpt lat="46.6740429069566" lon="8.034262182854187">
      <ele>2350.8</ele></trkpt>
      <trkpt lat="46.67405777774835" lon="8.034186258694476">
      <ele>2351.8</ele></trkpt>
      <trkpt lat="46.67405378446856" lon="8.034118922020248">
      <ele>2352.8</ele></trkpt>
      <trkpt lat="46.67404712222377" lon="8.034040708609094">
      <ele>2353.8</ele></trkpt>
      <trkpt lat="46.6740513371435" lon="8.033977749081473">
      <ele>2354.7</ele></trkpt>
      <trkpt lat="46.67406855189365" lon="8.033902543325338">
      <ele>2355.7</ele></trkpt>
      <trkpt lat="46.6740838187011" lon="8.033816194272598">
      <ele>2356.7</ele></trkpt>
      <trkpt lat="46.674101043818986" lon="8.03354245611364">
      <ele>2357.6</ele></trkpt>
      <trkpt lat="46.67411926650818" lon="8.03342917793576">
      <ele>2358.4</ele></trkpt>
      <trkpt lat="46.67412252823715" lon="8.033338488252397">
      <ele>2359.3</ele></trkpt>
      <trkpt lat="46.67413780729125" lon="8.033256608722267">
      <ele>2360.1</ele></trkpt>
      <trkpt lat="46.674113972298784" lon="8.033200672041671">
      <ele>2361.0</ele></trkpt>
      <trkpt lat="46.674099447918216" lon="8.033139557976178">
      <ele>2361.8</ele></trkpt>
      <trkpt lat="46.67410241836885" lon="8.033104696221562">
      <ele>2362.7</ele></trkpt>
      <trkpt lat="46.674102736598975" lon="8.033043654044157">
      <ele>2363.5</ele></trkpt>
      <trkpt lat="46.67410231921425" lon="8.032945971137558">
      <ele>2364.4</ele></trkpt>
      <trkpt lat="46.67408590536641" lon="8.032890077068478">
      <ele>2365.2</ele></trkpt>
      <trkpt lat="46.67405348612158" lon="8.032875971749522">
      <ele>2366.1</ele></trkpt>
      <trkpt lat="46.674049135296976" lon="8.032820132033086">
      <ele>2367.0</ele></trkpt>
      <trkpt lat="46.67401196553896" lon="8.032652504549846">
      <ele>2367.8</ele></trkpt>
      <trkpt lat="46.67400447161439" lon="8.032488523094091">
      <ele>2368.7</ele></trkpt>
      <trkpt lat="46.673991027832194" lon="8.032396029360187">
      <ele>2369.5</ele></trkpt>
      <trkpt lat="46.67396830965312" lon="8.032303472949597">
      <ele>2370.4</ele></trkpt>
      <trkpt lat="46.673916868965776" lon="8.032202066910864">
      <ele>2371.2</ele></trkpt>
      <trkpt lat="46.6739096201849" lon="8.03216888339424">
      <ele>2372.1</ele></trkpt>
      <trkpt lat="46.6739082662886" lon="8.032072967951633">
      <ele>2372.9</ele></trkpt>
      <trkpt lat="46.6739040057422" lon="8.032001433538538">
      <ele>2373.8</ele></trkpt>
      <trkpt lat="46.673890316635806" lon="8.031956012048997">
      <ele>2374.4</ele></trkpt>
      <trkpt lat="46.673886837457104" lon="8.031908912264175">
      <ele>2375.0</ele></trkpt>
      <trkpt lat="46.67386717059431" lon="8.031767524672778">
      <ele>2375.6</ele></trkpt>
      <trkpt lat="46.67385110077098" lon="8.031645375063128">
      <ele>2376.2</ele></trkpt>
      <trkpt lat="46.67384226177746" lon="8.03155987200204">
      <ele>2376.8</ele></trkpt>
      <trkpt lat="46.67384540413291" lon="8.031491856121924">
      <ele>2377.4</ele></trkpt>
      <trkpt lat="46.67386427923471" lon="8.031432651512636">
      <ele>2378.0</ele></trkpt>
      <trkpt lat="46.6738554491844" lon="8.031345397316759">
      <ele>2378.6</ele></trkpt>
      <trkpt lat="46.67385226876833" lon="8.03124595946283">
      <ele>2379.2</ele></trkpt>
      <trkpt lat="46.67383888736773" lon="8.031142998712903">
      <ele>2379.8</ele></trkpt>
      <trkpt lat="46.67384053884376" lon="8.031003478949085">
      <ele>2380.3</ele></trkpt>
      <trkpt lat="46.673845696911755" lon="8.030905831546399">
      <ele>2380.9</ele></trkpt>
      <trkpt lat="46.67386956673189" lon="8.03077861802733">
      <ele>2381.5</ele></trkpt>
      <trkpt lat="46.673895090149294" lon="8.030689806256627">
      <ele>2382.1</ele></trkpt>
      <trkpt lat="46.67393268571544" lon="8.030599283967433">
      <ele>2382.7</ele></trkpt>
      <trkpt lat="46.67395989690644" lon="8.030440048357871">
      <ele>2383.3</ele></trkpt>
      <trkpt lat="46.67399889746854" lon="8.030337034095567">
      <ele>2383.9</ele></trkpt>
      <trkpt lat="46.67404464684989" lon="8.030221481953555">
      <ele>2384.5</ele></trkpt>
      <trkpt lat="46.67407147432035" lon="8.0301517255517">
      <ele>2385.1</ele></trkpt>
      <trkpt lat="46.67410894268048" lon="8.030087378569954">
      <ele>2385.7</ele></trkpt>
      <trkpt lat="46.67416334192695" lon="8.029979500751038">
      <ele>2386.1</ele></trkpt>
      <trkpt lat="46.67417747515162" lon="8.02993770367825">
      <ele>2386.4</ele></trkpt>
      <trkpt lat="46.674216751285684" lon="8.02988208023419">
      <ele>2386.8</ele></trkpt>
      <trkpt lat="46.67422366194066" lon="8.029805374874686">
      <ele>2387.2</ele></trkpt>
      <trkpt lat="46.67426328154021" lon="8.029683481558282">
      <ele>2387.5</ele></trkpt>
      <trkpt lat="46.67430349320652" lon="8.02962610374612">
      <ele>2387.9</ele></trkpt>
      <trkpt lat="46.67431302964783" lon="8.029575591351911">
      <ele>2388.3</ele></trkpt>
      <trkpt lat="46.6743346471839" lon="8.02952511961344">
      <ele>2388.7</ele></trkpt>
      <trkpt lat="46.67435003210859" lon="8.029422276975446">
      <ele>2389.0</ele></trkpt>
      <trkpt lat="46.67436281794165" lon="8.029286288657868">
      <ele>2389.4</ele></trkpt>
      <trkpt lat="46.674363016686996" lon="8.029247919836893">
      <ele>2389.8</ele></trkpt>
      <trkpt lat="46.674350216852616" lon="8.02920948731272">
      <ele>2390.1</ele></trkpt>
      <trkpt lat="46.67435699164236" lon="8.029155455151862">
      <ele>2390.5</ele></trkpt>
      <trkpt lat="46.67434816884506" lon="8.029068200630569">
      <ele>2390.9</ele></trkpt>
      <trkpt lat="46.6743502747415" lon="8.029019384287015">
      <ele>2391.2</ele></trkpt>
      <trkpt lat="46.67435530473168" lon="8.028946147540868">
      <ele>2391.6</ele></trkpt>
      <trkpt lat="46.674360406922986" lon="8.028857215535078">
      <ele>2392.0</ele></trkpt>
      <trkpt lat="46.67437846243118" lon="8.028777076803081">
      <ele>2392.4</ele></trkpt>
      <trkpt lat="46.674384581216394" lon="8.028672459807408">
      <ele>2392.7</ele></trkpt>
      <trkpt lat="46.67437771039849" lon="8.028566028073367">
      <ele>2393.1</ele></trkpt>
      <trkpt lat="46.67440343056449" lon="8.028438845568836">
      <ele>2393.8</ele></trkpt>
      <trkpt lat="46.674412238551625" lon="8.028351665956718">
      <ele>2394.5</ele></trkpt>
      <trkpt lat="46.674417707152635" lon="8.028285726443588">
      <ele>2395.2</ele></trkpt>
      <trkpt lat="46.67441618932033" lon="8.028253938767627">
      <ele>2395.9</ele></trkpt>
      <trkpt lat="46.67439445631912" lon="8.028203333048914">
      <ele>2396.6</ele></trkpt>
      <trkpt lat="46.674372309571005" lon="8.028177070664507">
      <ele>2397.3</ele></trkpt>
      <trkpt lat="46.67436717411502" lon="8.02809507111152">
      <ele>2398.0</ele></trkpt>
      <trkpt lat="46.674370350407585" lon="8.028020088909969">
      <ele>2398.7</ele></trkpt>
      <trkpt lat="46.674361445613016" lon="8.027946791506473">
      <ele>2399.4</ele></trkpt>
      <trkpt lat="46.67436105992252" lon="8.027842129645308">
      <ele>2400.1</ele></trkpt>
      <trkpt lat="46.674357094070025" lon="8.027713041732635">
      <ele>2400.7</ele></trkpt>
      <trkpt lat="46.674352812696696" lon="8.027645009399905">
      <ele>2401.4</ele></trkpt>
      <trkpt lat="46.67435971290079" lon="8.027566552199017">
      <ele>2402.1</ele></trkpt>
      <trkpt lat="46.67432326372212" lon="8.027435581139986">
      <ele>2402.8</ele></trkpt>
      <trkpt lat="46.67429214861237" lon="8.027349965960799">
      <ele>2403.5</ele></trkpt>
      <trkpt lat="46.674262868473505" lon="8.027269598522373">
      <ele>2404.2</ele></trkpt>
      <trkpt lat="46.67425864997359" lon="8.027189334342715">
      <ele>2404.9</ele></trkpt>
      <trkpt lat="46.674219987298265" lon="8.027126364353272">
      <ele>2405.6</ele></trkpt>
      <trkpt lat="46.67420447910369" lon="8.027073971277337">
      <ele>2406.3</ele></trkpt>
      <trkpt lat="46.67418110000475" lon="8.026929094009212">
      <ele>2407.0</ele></trkpt>
      <trkpt lat="46.674170377415884" lon="8.026848811429735">
      <ele>2407.1</ele></trkpt>
      <trkpt lat="46.674167993677784" lon="8.026773795036432">
      <ele>2407.2</ele></trkpt>
      <trkpt lat="46.67416032036569" lon="8.026641217078975">
      <ele>2407.3</ele></trkpt>
      <trkpt lat="46.674161003875724" lon="8.026510402953827">
      <ele>2407.3</ele></trkpt>
      <trkpt lat="46.67414687150878" lon="8.02637080202156">
      <ele>2407.4</ele></trkpt>
      <trkpt lat="46.67408260669734" lon="8.026236210170435">
      <ele>2407.5</ele></trkpt>
      <trkpt lat="46.67405079784524" lon="8.026103487634666">
      <ele>2407.6</ele></trkpt>
      <trkpt lat="46.67403130330426" lon="8.025927248509397">
      <ele>2407.7</ele></trkpt>
      <trkpt lat="46.674007850900196" lon="8.025794577913322">
      <ele>2407.8</ele></trkpt>
      <trkpt lat="46.67398737889633" lon="8.02568230139494">
      <ele>2407.8</ele></trkpt>
      <trkpt lat="46.67398015023605" lon="8.025601155563145">
      <ele>2407.9</ele></trkpt>
      <trkpt lat="46.67396280774795" lon="8.025532733663091">
      <ele>2408.0</ele></trkpt>
      <trkpt lat="46.67394085785731" lon="8.025468104048606">
      <ele>2408.1</ele></trkpt>
      <trkpt lat="46.67393108765142" lon="8.025382604860477">
      <ele>2408.2</ele></trkpt>
      <trkpt lat="46.67391747665014" lon="8.025323241250923">
      <ele>2408.3</ele></trkpt>
      <trkpt lat="46.67388806054896" lon="8.025269025116316">
      <ele>2408.4</ele></trkpt>
      <trkpt lat="46.67383349298637" lon="8.025230401688471">
      <ele>2408.4</ele></trkpt>
      <trkpt lat="46.673778871616534" lon="8.025203984194274">
      <ele>2408.5</ele></trkpt>
      <trkpt lat="46.673698333848016" lon="8.025159995086636">
      <ele>2408.6</ele></trkpt>
      <trkpt lat="46.67364301024907" lon="8.025089958984749">
      <ele>2408.7</ele></trkpt>
      <trkpt lat="46.67344594283804" lon="8.024966932006517">
      <ele>2407.8</ele></trkpt>
      <trkpt lat="46.673374652540716" lon="8.02493170857201">
      <ele>2406.8</ele></trkpt>
      <trkpt lat="46.67330357743137" lon="8.024856379179775">
      <ele>2405.9</ele></trkpt>
      <trkpt lat="46.673279657571314" lon="8.02481440374937">
      <ele>2404.9</ele></trkpt>
      <trkpt lat="46.673253173184" lon="8.024730567090016">
      <ele>2404.0</ele></trkpt>
      <trkpt lat="46.67318564280031" lon="8.02468489060142">
      <ele>2403.0</ele></trkpt>
      <trkpt lat="46.673144243923716" lon="8.02461494136562">
      <ele>2402.1</ele></trkpt>
      <trkpt lat="46.6731323691702" lon="8.024578245944538">
      <ele>2401.1</ele></trkpt>
      <trkpt lat="46.67305935102888" lon="8.024516866850744">
      <ele>2400.2</ele></trkpt>
      <trkpt lat="46.673017808768364" lon="8.024474805190202">
      <ele>2399.2</ele></trkpt>
      <trkpt lat="46.6729598573985" lon="8.024373364006623">
      <ele>2398.3</ele></trkpt>
      <trkpt lat="46.67293898566402" lon="8.024280845895817">
      <ele>2397.4</ele></trkpt>
      <trkpt lat="46.672881438153894" lon="8.024130506092433">
      <ele>2396.4</ele></trkpt>
      <trkpt lat="46.67283974799382" lon="8.024033123185319">
      <ele>2395.5</ele></trkpt>
      <trkpt lat="46.6727832505858" lon="8.023972564552375">
      <ele>2394.5</ele></trkpt>
      <trkpt lat="46.67274409927635" lon="8.02395537311164">
      <ele>2393.6</ele></trkpt>
      <trkpt lat="46.67270081534152" lon="8.023947637884543">
      <ele>2392.6</ele></trkpt>
      <trkpt lat="46.672649242601054" lon="8.023959899477418">
      <ele>2391.7</ele></trkpt>
      <trkpt lat="46.67258511321882" lon="8.024022692344408">
      <ele>2390.7</ele></trkpt>
      <trkpt lat="46.67251284495863" lon="8.024085030929538">
      <ele>2389.8</ele></trkpt>
      <trkpt lat="46.67245337543168" lon="8.024132034769845">
      <ele>2388.6</ele></trkpt>
      <trkpt lat="46.67239289905816" lon="8.024161384906305">
      <ele>2387.3</ele></trkpt>
      <trkpt lat="46.67229258091287" lon="8.02417486903751">
      <ele>2386.1</ele></trkpt>
      <trkpt lat="46.67225815522154" lon="8.024190413457644">
      <ele>2384.8</ele></trkpt>
      <trkpt lat="46.67220779920186" lon="8.024235503192608">
      <ele>2383.6</ele></trkpt>
      <trkpt lat="46.672181569090895" lon="8.024282487983784">
      <ele>2382.3</ele></trkpt>
      <trkpt lat="46.672163633207454" lon="8.024339952198192">
      <ele>2381.1</ele></trkpt>
      <trkpt lat="46.67213849994578" lon="8.024353780699428">
      <ele>2379.8</ele></trkpt>
      <trkpt lat="46.6720992265019" lon="8.024409406023283">
      <ele>2378.6</ele></trkpt>
      <trkpt lat="46.672059098159046" lon="8.024449326635">
      <ele>2377.3</ele></trkpt>
      <trkpt lat="46.67199773091087" lon="8.02446996287915">
      <ele>2376.1</ele></trkpt>
      <trkpt lat="46.671805983753075" lon="8.024575437247396">
      <ele>2374.8</ele></trkpt>
      <trkpt lat="46.671729540703296" lon="8.024639610771894">
      <ele>2373.6</ele></trkpt>
      <trkpt lat="46.67167634203331" lon="8.024695162801391">
      <ele>2372.3</ele></trkpt>
      <trkpt lat="46.67164467806994" lon="8.024715937930258">
      <ele>2371.1</ele></trkpt>
      <trkpt lat="46.671612906428216" lon="8.024755909447006">
      <ele>2369.8</ele></trkpt>
      <trkpt lat="46.67156255905" lon="8.024799273176086">
      <ele>2368.6</ele></trkpt>
      <trkpt lat="46.67150197401927" lon="8.024844472924311">
      <ele>2367.3</ele></trkpt>
      <trkpt lat="46.671465210044495" lon="8.024865127209795">
      <ele>2366.1</ele></trkpt>
      <trkpt lat="46.67141698287708" lon="8.024868785728588">
      <ele>2364.8</ele></trkpt>
      <trkpt lat="46.671382354491016" lon="8.024855498336558">
      <ele>2363.0</ele></trkpt>
      <trkpt lat="46.67131915317814" lon="8.024867162104913">
      <ele>2361.3</ele></trkpt>
      <trkpt lat="46.671284935180005" lon="8.024905277167417">
      <ele>2359.5</ele></trkpt>
      <trkpt lat="46.6712364578793" lon="8.024987317053833">
      <ele>2357.7</ele></trkpt>
      <trkpt lat="46.67119805344948" lon="8.025041826545351">
      <ele>2356.0</ele></trkpt>
      <trkpt lat="46.67115147285106" lon="8.025092640328173">
      <ele>2354.2</ele></trkpt>
      <trkpt lat="46.67104773548219" lon="8.025186703842586">
      <ele>2352.4</ele></trkpt>
      <trkpt lat="46.670942043044775" lon="8.025288325382736">
      <ele>2350.6</ele></trkpt>
      <trkpt lat="46.67090502944845" lon="8.025350481356694">
      <ele>2348.9</ele></trkpt>
      <trkpt lat="46.67083145268702" lon="8.025401236592794">
      <ele>2347.1</ele></trkpt>
      <trkpt lat="46.670769406110075" lon="8.025457697093096">
      <ele>2345.3</ele></trkpt>
      <trkpt lat="46.670771176625024" lon="8.025485982985643">
      <ele>2343.6</ele></trkpt>
      <trkpt lat="46.670731227360584" lon="8.02555569939023">
      <ele>2341.8</ele></trkpt>
      <trkpt lat="46.67068686909569" lon="8.025557465178409">
      <ele>2340.0</ele></trkpt>
      <trkpt lat="46.67067316476695" lon="8.025591398257227">
      <ele>2338.2</ele></trkpt>
      <trkpt lat="46.670637419955725" lon="8.025604522422196">
      <ele>2336.5</ele></trkpt>
      <trkpt lat="46.67060533400001" lon="8.025647821656401">
      <ele>2334.7</ele></trkpt>
      <trkpt lat="46.67057252537444" lon="8.02565151628493">
      <ele>2332.9</ele></trkpt>
      <trkpt lat="46.670521573513895" lon="8.025628759725526">
      <ele>2331.2</ele></trkpt>
      <trkpt lat="46.670442964174974" lon="8.025713449887498">
      <ele>2329.4</ele></trkpt>
      <trkpt lat="46.670416594308506" lon="8.025769983753474">
      <ele>2328.1</ele></trkpt>
      <trkpt lat="46.670412513871234" lon="8.02580770644263">
      <ele>2326.9</ele></trkpt>
      <trkpt lat="46.67037758804833" lon="8.025843460307929">
      <ele>2325.6</ele></trkpt>
      <trkpt lat="46.67038602815164" lon="8.025884978162797">
      <ele>2324.4</ele></trkpt>
      <trkpt lat="46.67035887880677" lon="8.025909447198835">
      <ele>2323.1</ele></trkpt>
      <trkpt lat="46.670349938580976" lon="8.025952801653041">
      <ele>2321.8</ele></trkpt>
      <trkpt lat="46.670323674099855" lon="8.025992347846175">
      <ele>2320.6</ele></trkpt>
      <trkpt lat="46.670287555245906" lon="8.026065842445613">
      <ele>2319.3</ele></trkpt>
      <trkpt lat="46.670271944467764" lon="8.026097872600738">
      <ele>2318.1</ele></trkpt>
      <trkpt lat="46.67024100334197" lon="8.026110996301943">
      <ele>2316.8</ele></trkpt>
      <trkpt lat="46.670227259294535" lon="8.02615435065551">
      <ele>2315.5</ele></trkpt>
      <trkpt lat="46.670172016748694" lon="8.026201383145859">
      <ele>2314.3</ele></trkpt>
      <trkpt lat="46.670134906170205" lon="8.02628051203731">
      <ele>2313.0</ele></trkpt>
      <trkpt lat="46.67010300105372" lon="8.02631310965902">
      <ele>2311.8</ele></trkpt>
      <trkpt lat="46.67007957676693" lon="8.026354855702197">
      <ele>2310.5</ele></trkpt>
      <trkpt lat="46.670063600851435" lon="8.026394879353251">
      <ele>2309.2</ele></trkpt>
      <trkpt lat="46.67005029656796" lon="8.026454116011163">
      <ele>2308.0</ele></trkpt>
      <trkpt lat="46.67006778400233" lon="8.026482102142143">
      <ele>2306.7</ele></trkpt>
      <trkpt lat="46.67006101940464" lon="8.026532654331522">
      <ele>2305.5</ele></trkpt>
      <trkpt lat="46.67006147833757" lon="8.026623338841345">
      <ele>2304.2</ele></trkpt>
      <trkpt lat="46.67007607815868" lon="8.026672241764446">
      <ele>2303.7</ele></trkpt>
      <trkpt lat="46.67007847102708" lon="8.026747239500937">
      <ele>2303.2</ele></trkpt>
      <trkpt lat="46.670088411101396" lon="8.026799607058685">
      <ele>2302.7</ele></trkpt>
      <trkpt lat="46.6700463567547" lon="8.02685348630501">
      <ele>2302.2</ele></trkpt>
      <trkpt lat="46.67001993677458" lon="8.026937056529588">
      <ele>2301.7</ele></trkpt>
      <trkpt lat="46.670002791019925" lon="8.02702243960601">
      <ele>2301.2</ele></trkpt>
      <trkpt lat="46.669968049961106" lon="8.027097267971438">
      <ele>2300.7</ele></trkpt>
      <trkpt lat="46.66994992358619" lon="8.027191356634773">
      <ele>2300.2</ele></trkpt>
      <trkpt lat="46.669894501469834" lon="8.027318388510386">
      <ele>2299.7</ele></trkpt>
      <trkpt lat="46.66981864123164" lon="8.027447079153731">
      <ele>2299.2</ele></trkpt>
      <trkpt lat="46.66975685005821" lon="8.027549682229958">
      <ele>2298.7</ele></trkpt>
      <trkpt lat="46.66969647938626" lon="8.027734263111363">
      <ele>2298.2</ele></trkpt>
      <trkpt lat="46.669655252133424" lon="8.027809045994315">
      <ele>2297.7</ele></trkpt>
      <trkpt lat="46.669596366396796" lon="8.027887255979747">
      <ele>2297.2</ele></trkpt>
      <trkpt lat="46.66955519314474" lon="8.027951571749718">
      <ele>2296.7</ele></trkpt>
      <trkpt lat="46.66951469385994" lon="8.028064742828787">
      <ele>2296.2</ele></trkpt>
      <trkpt lat="46.669476399235826" lon="8.028111644058685">
      <ele>2295.7</ele></trkpt>
      <trkpt lat="46.66940403682461" lon="8.028280463214006">
      <ele>2295.2</ele></trkpt>
      <trkpt lat="46.66933612082419" lon="8.028457445646511">
      <ele>2294.7</ele></trkpt>
      <trkpt lat="46.66931652471314" lon="8.028508510197721">
      <ele>2294.2</ele></trkpt>
      <trkpt lat="46.66929654408135" lon="8.028604328115122">
      <ele>2293.4</ele></trkpt>
      <trkpt lat="46.66926308643015" lon="8.028789030392382">
      <ele>2292.5</ele></trkpt>
      <trkpt lat="46.669249600353155" lon="8.028883141840497">
      <ele>2291.7</ele></trkpt>
      <trkpt lat="46.66925294533999" lon="8.028954659817483">
      <ele>2290.8</ele></trkpt>
      <trkpt lat="46.669236679524374" lon="8.029047015864737">
      <ele>2290.0</ele></trkpt>
      <trkpt lat="46.669208350710946" lon="8.029137554238485">
      <ele>2289.2</ele></trkpt>
      <trkpt lat="46.669180121040775" lon="8.029212412139183">
      <ele>2288.3</ele></trkpt>
      <trkpt lat="46.66912668516124" lon="8.029313313060483">
      <ele>2287.5</ele></trkpt>
      <trkpt lat="46.66911059975408" lon="8.029372530644073">
      <ele>2286.6</ele></trkpt>
      <trkpt lat="46.66907795418501" lon="8.029403758675878">
      <ele>2285.8</ele></trkpt>
      <trkpt lat="46.669037914478814" lon="8.029426228751126">
      <ele>2285.0</ele></trkpt>
      <trkpt lat="46.669006222414964" lon="8.029453991090499">
      <ele>2284.1</ele></trkpt>
      <trkpt lat="46.66897713837371" lon="8.029511406708284">
      <ele>2283.3</ele></trkpt>
      <trkpt lat="46.668933094259366" lon="8.029591396635796">
      <ele>2282.4</ele></trkpt>
      <trkpt lat="46.66890781559533" lon="8.029634884234923">
      <ele>2281.6</ele></trkpt>
      <trkpt lat="46.66887082191066" lon="8.029786432031669">
      <ele>2280.8</ele></trkpt>
      <trkpt lat="46.668859233300935" lon="8.029871834027114">
      <ele>2279.9</ele></trkpt>
      <trkpt lat="46.6688467542182" lon="8.029951999117053">
      <ele>2279.1</ele></trkpt>
      <trkpt lat="46.66880711630297" lon="8.030075617833347">
      <ele>2278.2</ele></trkpt>
      <trkpt lat="46.66877293775469" lon="8.030221955697648">
      <ele>2277.4</ele></trkpt>
      <trkpt lat="46.66872965674297" lon="8.030335079923985">
      <ele>2277.1</ele></trkpt>
      <trkpt lat="46.66870629432388" lon="8.030364618555897">
      <ele>2276.7</ele></trkpt>
      <trkpt lat="46.668643646406146" lon="8.030451525515472">
      <ele>2276.4</ele></trkpt>
      <trkpt lat="46.6685912809109" lon="8.030524510178378">
      <ele>2276.1</ele></trkpt>
      <trkpt lat="46.6685596210058" lon="8.030546025620675">
      <ele>2275.7</ele></trkpt>
      <trkpt lat="46.66854248647844" lon="8.030672032978146">
      <ele>2275.4</ele></trkpt>
      <trkpt lat="46.668525403526786" lon="8.030788083212853">
      <ele>2275.1</ele></trkpt>
      <trkpt lat="46.66851407574887" lon="8.030935689693624">
      <ele>2274.7</ele></trkpt>
      <trkpt lat="46.668507794257366" lon="8.03104350796198">
      <ele>2274.4</ele></trkpt>
      <trkpt lat="46.66850841907686" lon="8.031141392077684">
      <ele>2274.1</ele></trkpt>
      <trkpt lat="46.66852311565127" lon="8.031413584188794">
      <ele>2273.7</ele></trkpt>
      <trkpt lat="46.66853132180775" lon="8.031586194426355">
      <ele>2273.4</ele></trkpt>
      <trkpt lat="46.668532968784106" lon="8.031670799933687">
      <ele>2273.0</ele></trkpt>
      <trkpt lat="46.66853177684444" lon="8.031732192121055">
      <ele>2272.7</ele></trkpt>
      <trkpt lat="46.6685256129501" lon="8.031805159994269">
      <ele>2272.4</ele></trkpt>
      <trkpt lat="46.6685145899184" lon="8.031871475287787">
      <ele>2272.0</ele></trkpt>
      <trkpt lat="46.6684957054979" lon="8.031941062620666">
      <ele>2271.7</ele></trkpt>
      <trkpt lat="46.66845696403613" lon="8.032075234590472">
      <ele>2271.4</ele></trkpt>
      <trkpt lat="46.66843303298511" lon="8.032186269376972">
      <ele>2271.0</ele></trkpt>
      <trkpt lat="46.66841992092624" lon="8.032285753498401">
      <ele>2270.7</ele></trkpt>
      <trkpt lat="46.66840171103323" lon="8.032439961346485">
      <ele>2270.2</ele></trkpt>
      <trkpt lat="46.66838524004124" lon="8.032650588394562">
      <ele>2269.6</ele></trkpt>
      <trkpt lat="46.66836305645179" lon="8.032818042163873">
      <ele>2269.1</ele></trkpt>
      <trkpt lat="46.66834309754776" lon="8.032914170698875">
      <ele>2268.6</ele></trkpt>
      <trkpt lat="46.66833401767342" lon="8.03298379998433">
      <ele>2268.0</ele></trkpt>
      <trkpt lat="46.668330624876845" lon="8.033106572759696">
      <ele>2267.5</ele></trkpt>
      <trkpt lat="46.66832438433117" lon="8.03320442023992">
      <ele>2267.0</ele></trkpt>
      <trkpt lat="46.66831729918872" lon="8.033264113837442">
      <ele>2266.4</ele></trkpt>
      <trkpt lat="46.66830236162013" lon="8.03332707937136">
      <ele>2265.9</ele></trkpt>
      <trkpt lat="46.66827160762456" lon="8.033423154098173">
      <ele>2265.3</ele></trkpt>
      <trkpt lat="46.668243881050785" lon="8.033499320797999">
      <ele>2264.8</ele></trkpt>
      <trkpt lat="46.668225003960124" lon="8.033565588118982">
      <ele>2264.3</ele></trkpt>
      <trkpt lat="46.66819923732367" lon="8.033636784424296">
      <ele>2263.7</ele></trkpt>
      <trkpt lat="46.668133935410694" lon="8.033797359044504">
      <ele>2263.2</ele></trkpt>
      <trkpt lat="46.66811903147109" lon="8.033850380120937">
      <ele>2262.7</ele></trkpt>
      <trkpt lat="46.66810607994713" lon="8.033905056135882">
      <ele>2262.1</ele></trkpt>
      <trkpt lat="46.66809700773489" lon="8.033971378930064">
      <ele>2261.6</ele></trkpt>
      <trkpt lat="46.6680899137851" lon="8.034034404328205">
      <ele>2261.1</ele></trkpt>
      <trkpt lat="46.66807986974899" lon="8.034099043713532">
      <ele>2260.5</ele></trkpt>
      <trkpt lat="46.66806495739636" lon="8.034155370670797">
      <ele>2260.0</ele></trkpt>
      <trkpt lat="46.668023366062855" lon="8.034266313576587">
      <ele>2259.8</ele></trkpt>
      <trkpt lat="46.6679837693708" lon="8.034365648142627">
      <ele>2259.7</ele></trkpt>
      <trkpt lat="46.667969820349626" lon="8.034426964307041">
      <ele>2259.5</ele></trkpt>
      <trkpt lat="46.667956766083186" lon="8.034509851843008">
      <ele>2259.3</ele></trkpt>
      <trkpt lat="46.66794965462381" lon="8.034576169850723">
      <ele>2259.2</ele></trkpt>
      <trkpt lat="46.66795034478699" lon="8.034655811387475">
      <ele>2259.0</ele></trkpt>
      <trkpt lat="46.66795401884103" lon="8.034722196107063">
      <ele>2258.8</ele></trkpt>
      <trkpt lat="46.66796357653342" lon="8.034791938798785">
      <ele>2258.6</ele></trkpt>
      <trkpt lat="46.66798669007998" lon="8.03490654846835">
      <ele>2258.5</ele></trkpt>
      <trkpt lat="46.668001124559765" lon="8.03498294421189">
      <ele>2258.3</ele></trkpt>
      <trkpt lat="46.66800285468065" lon="8.035046014519637">
      <ele>2258.1</ele></trkpt>
      <trkpt lat="46.66799673169386" lon="8.035109037326396">
      <ele>2258.0</ele></trkpt>
      <trkpt lat="46.66797596153691" lon="8.035158687033485">
      <ele>2257.8</ele></trkpt>
      <trkpt lat="46.66791673678185" lon="8.035262887385803">
      <ele>2257.6</ele></trkpt>
      <trkpt lat="46.66787626165544" lon="8.035335671080933">
      <ele>2257.4</ele></trkpt>
      <trkpt lat="46.66784067228431" lon="8.035415120829489">
      <ele>2257.3</ele></trkpt>
      <trkpt lat="46.66782280069398" lon="8.035476406297569">
      <ele>2257.1</ele></trkpt>
      <trkpt lat="46.667812721086754" lon="8.035547683032917">
      <ele>2256.9</ele></trkpt>
      <trkpt lat="46.6678094623612" lon="8.035632298692985">
      <ele>2256.8</ele></trkpt>
      <trkpt lat="46.66778202940463" lon="8.035894287510153">
      <ele>2256.6</ele></trkpt>
      <trkpt lat="46.66777189850288" lon="8.03598217240986">
      <ele>2256.5</ele></trkpt>
      <trkpt lat="46.66776864019036" lon="8.036070081011202">
      <ele>2256.3</ele></trkpt>
      <trkpt lat="46.66776248244608" lon="8.036143060524523">
      <ele>2256.2</ele></trkpt>
      <trkpt lat="46.667749547217845" lon="8.036194416663957">
      <ele>2256.1</ele></trkpt>
      <trkpt lat="46.66772579150599" lon="8.036252356729452">
      <ele>2256.0</ele></trkpt>
      <trkpt lat="46.66762007871168" lon="8.036467467773731">
      <ele>2255.8</ele></trkpt>
      <trkpt lat="46.66758842744491" lon="8.036540295564691">
      <ele>2255.7</ele></trkpt>
      <trkpt lat="46.66756760466522" lon="8.03660157384978">
      <ele>2255.6</ele></trkpt>
      <trkpt lat="46.66755754169524" lon="8.03666954415225">
      <ele>2255.5</ele></trkpt>
      <trkpt lat="46.66754933698622" lon="8.036767394242068">
      <ele>2255.3</ele></trkpt>
      <trkpt lat="46.667549002461456" lon="8.036860300467303">
      <ele>2255.2</ele></trkpt>
      <trkpt lat="46.66755456745974" lon="8.036944948032515">
      <ele>2255.1</ele></trkpt>
      <trkpt lat="46.66757735279149" lon="8.03715080455051">
      <ele>2255.0</ele></trkpt>
      <trkpt lat="46.6675791157838" lon="8.037202244727858">
      <ele>2254.8</ele></trkpt>
      <trkpt lat="46.667573052247256" lon="8.037252003948149">
      <ele>2254.7</ele></trkpt>
      <trkpt lat="46.66756206884173" lon="8.037305027782672">
      <ele>2254.6</ele></trkpt>
      <trkpt lat="46.667539250384145" lon="8.037376241063775">
      <ele>2254.5</ele></trkpt>
      <trkpt lat="46.66751447928244" lon="8.037444126565473">
      <ele>2254.3</ele></trkpt>
      <trkpt lat="46.667497612888226" lon="8.037498796930358">
      <ele>2254.2</ele></trkpt>
      <trkpt lat="46.66747473418457" lon="8.037586592014645">
      <ele>2254.1</ele></trkpt>
      <trkpt lat="46.667454831397265" lon="8.037666135242652">
      <ele>2253.9</ele></trkpt>
      <trkpt lat="46.667420684387224" lon="8.037881631220472">
      <ele>2253.6</ele></trkpt>
      <trkpt lat="46.66741162730772" lon="8.037944633561489">
      <ele>2253.4</ele></trkpt>
      <trkpt lat="46.66740242357093" lon="8.0380457912572">
      <ele>2253.1</ele></trkpt>
      <trkpt lat="46.66739439896828" lon="8.038097188031287">
      <ele>2252.9</ele></trkpt>
      <trkpt lat="46.6673785038867" lon="8.038151842718356">
      <ele>2252.7</ele></trkpt>
      <trkpt lat="46.667354687229206" lon="8.038228023027274">
      <ele>2252.4</ele></trkpt>
      <trkpt lat="46.66733773377809" lon="8.038302593751892">
      <ele>2252.2</ele></trkpt>
      <trkpt lat="46.66732865927283" lon="8.038370574432864">
      <ele>2251.9</ele></trkpt>
      <trkpt lat="46.667310406220786" lon="8.038531414987583">
      <ele>2251.7</ele></trkpt>
      <trkpt lat="46.66730337941671" lon="8.038579490487313">
      <ele>2251.5</ele></trkpt>
      <trkpt lat="46.66729670259371" lon="8.038598664680393">
      <ele>2251.2</ele></trkpt>
      <trkpt lat="46.66731035128206" lon="8.038618783315208">
      <ele>2251.0</ele></trkpt>
      <trkpt lat="46.66731736047294" lon="8.03864243483413">
      <ele>2250.7</ele></trkpt>
      <trkpt lat="46.667317248861885" lon="8.038663642060714">
      <ele>2250.5</ele></trkpt>
      <trkpt lat="46.66730917888346" lon="8.03870480635156">
      <ele>2250.3</ele></trkpt>
      <trkpt lat="46.66730390453973" lon="8.038756612449816">
      <ele>2250.0</ele></trkpt>
      <trkpt lat="46.667299970805765" lon="8.038823748474913">
      <ele>2249.8</ele></trkpt>
      <trkpt lat="46.667302472102534" lon="8.038888590783865">
      <ele>2249.5</ele></trkpt>
      <trkpt lat="46.66730492994756" lon="8.038961678173731">
      <ele>2249.3</ele></trkpt>
      <trkpt lat="46.66731245457091" lon="8.03902068290522">
      <ele>2249.7</ele></trkpt>
      <trkpt lat="46.66732559185122" lon="8.039098606365634">
      <ele>2250.1</ele></trkpt>
      <trkpt lat="46.66733870149926" lon="8.039180057769581">
      <ele>2250.4</ele></trkpt>
      <trkpt lat="46.667349092698515" lon="8.039237918368078">
      <ele>2250.8</ele></trkpt>
      <trkpt lat="46.66735027531165" lon="8.039281524547762">
      <ele>2251.2</ele></trkpt>
      <trkpt lat="46.66734849113648" lon="8.039348684497917">
      <ele>2251.6</ele></trkpt>
      <trkpt lat="46.66733738029292" lon="8.039423999353522">
      <ele>2251.9</ele></trkpt>
      <trkpt lat="46.667329164420636" lon="8.039491087748925">
      <ele>2252.3</ele></trkpt>
      <trkpt lat="46.66733285216977" lon="8.039542392378054">
      <ele>2252.7</ele></trkpt>
      <trkpt lat="46.66732575217591" lon="8.039571845840397">
      <ele>2253.1</ele></trkpt>
      <trkpt lat="46.667312149074434" lon="8.03968475407286">
      <ele>2253.4</ele></trkpt>
      <trkpt lat="46.66730000569814" lon="8.039763062834098">
      <ele>2253.8</ele></trkpt>
      <trkpt lat="46.667286266654656" lon="8.039857361417956">
      <ele>2254.2</ele></trkpt>
      <trkpt lat="46.66725120828082" lon="8.039954924726077">
      <ele>2254.6</ele></trkpt>
      <trkpt lat="46.66721520856052" lon="8.040058684455204">
      <ele>2254.9</ele></trkpt>
      <trkpt lat="46.66718012381971" lon="8.040157802235079">
      <ele>2255.3</ele></trkpt>
      <trkpt lat="46.66714686582089" lon="8.040258495252036">
      <ele>2255.7</ele></trkpt>
      <trkpt lat="46.667130983951914" lon="8.040336017168103">
      <ele>2256.1</ele></trkpt>
      <trkpt lat="46.66712312811229" lon="8.040435346465834">
      <ele>2256.4</ele></trkpt>
      <trkpt lat="46.6670917026122" lon="8.040531381497944">
      <ele>2256.8</ele></trkpt>
      <trkpt lat="46.66706172108022" lon="8.040689554870156">
      <ele>2257.0</ele></trkpt>
      <trkpt lat="46.66701092896332" lon="8.040839799403052">
      <ele>2257.3</ele></trkpt>
      <trkpt lat="46.66697484472833" lon="8.0409559972809">
      <ele>2257.5</ele></trkpt>
      <trkpt lat="46.66693501139491" lon="8.041093897279673">
      <ele>2257.8</ele></trkpt>
      <trkpt lat="46.66690968668265" lon="8.04123036469506">
      <ele>2258.0</ele></trkpt>
      <trkpt lat="46.66689393623286" lon="8.041284601444646">
      <ele>2258.2</ele></trkpt>
      <trkpt lat="46.66686153466458" lon="8.041366041541586">
      <ele>2258.5</ele></trkpt>
      <trkpt lat="46.666868172653345" lon="8.041427466769974">
      <ele>2258.7</ele></trkpt>
      <trkpt lat="46.66688362639325" lon="8.041490610740938">
      <ele>2259.0</ele></trkpt>
      <trkpt lat="46.6669176925748" lon="8.04155882352564">
      <ele>2259.2</ele></trkpt>
      <trkpt lat="46.66694200582751" lon="8.04161370336922">
      <ele>2259.4</ele></trkpt>
      <trkpt lat="46.666949719846144" lon="8.041650247408194">
      <ele>2259.7</ele></trkpt>
      <trkpt lat="46.66695441369819" lon="8.04170503898485">
      <ele>2259.9</ele></trkpt>
      <trkpt lat="46.66695507282891" lon="8.041791304006944">
      <ele>2260.2</ele></trkpt>
      <trkpt lat="46.66696356712006" lon="8.041879289942857">
      <ele>2260.4</ele></trkpt>
      <trkpt lat="46.666984860237605" lon="8.04195407705939">
      <ele>2260.6</ele></trkpt>
      <trkpt lat="46.66704685725042" lon="8.042161809089231">
      <ele>2260.9</ele></trkpt>
      <trkpt lat="46.6670632910668" lon="8.042224964433903">
      <ele>2261.1</ele></trkpt>
      <trkpt lat="46.66709024953938" lon="8.042357847441403">
      <ele>2261.4</ele></trkpt>
      <trkpt lat="46.667094977928535" lon="8.04240265611995">
      <ele>2261.6</ele></trkpt>
      <trkpt lat="46.66709870851335" lon="8.042454118027488">
      <ele>2260.7</ele></trkpt>
      <trkpt lat="46.667102003987054" lon="8.042623377687246">
      <ele>2259.8</ele></trkpt>
      <trkpt lat="46.66709280238377" lon="8.042889705984146">
      <ele>2258.9</ele></trkpt>
      <trkpt lat="46.666902848642785" lon="8.043187744946986">
      <ele>2258.1</ele></trkpt>
      <trkpt lat="46.666833847078365" lon="8.043444745578427">
      <ele>2257.2</ele></trkpt>
      <trkpt lat="46.66675333102023" lon="8.043557180931044">
      <ele>2256.3</ele></trkpt>
      <trkpt lat="46.66656958854009" lon="8.043931962726381">
      <ele>2255.4</ele></trkpt>
      <trkpt lat="46.66638584482515" lon="8.044306741972004">
      <ele>2254.5</ele></trkpt>
      <trkpt lat="46.6662298443274" lon="8.044307741051934">
      <ele>2253.6</ele></trkpt>
      <trkpt lat="46.66611984388457" lon="8.04446974022223">
      <ele>2252.8</ele></trkpt>
      <trkpt lat="46.66573784243294" lon="8.044551738297878">
      <ele>2251.9</ele></trkpt>
      <trkpt lat="46.66558884175896" lon="8.044686736607485">
      <ele>2251.0</ele></trkpt>
      <trkpt lat="46.665553841458674" lon="8.044939737166722">
      <ele>2250.1</ele></trkpt>
      <trkpt lat="46.66527734091121" lon="8.04504373547228">
      <ele>2249.2</ele></trkpt>
      <trkpt lat="46.66500084026265" lon="8.045147732713241">
      <ele>2248.3</ele></trkpt>
      <trkpt lat="46.66477883817545" lon="8.04548873108761">
      <ele>2247.4</ele></trkpt>
      <trkpt lat="46.664681836908386" lon="8.046070731281315">
      <ele>2246.6</ele></trkpt>
      <trkpt lat="46.6645138357376" lon="8.046495730093534">
      <ele>2245.7</ele></trkpt>
      <trkpt lat="46.664436376635734" lon="8.046562514338511">
      <ele>2244.8</ele></trkpt>
      <trkpt lat="46.664290996593316" lon="8.04655860352706">
      <ele>2243.9</ele></trkpt>
      <trkpt lat="46.66422560626373" lon="8.046506280358258">
      <ele>2242.8</ele></trkpt>
      <trkpt lat="46.6641756839192" lon="8.04649534370098">
      <ele>2241.7</ele></trkpt>
      <trkpt lat="46.664149378618575" lon="8.046519260310598">
      <ele>2240.6</ele></trkpt>
      <trkpt lat="46.664122806309265" lon="8.046591559824098">
      <ele>2239.6</ele></trkpt>
      <trkpt lat="46.66405639042804" lon="8.046876554347389">
      <ele>2238.5</ele></trkpt>
      <trkpt lat="46.66402183927999" lon="8.04703638874837">
      <ele>2237.4</ele></trkpt>
      <trkpt lat="46.66400016968492" lon="8.047189521120591">
      <ele>2236.3</ele></trkpt>
      <trkpt lat="46.66398993696859" lon="8.047416138420996">
      <ele>2235.2</ele></trkpt>
      <trkpt lat="46.6639599789971" lon="8.047632093038033">
      <ele>2234.1</ele></trkpt>
      <trkpt lat="46.6639335792736" lon="8.047749408278685">
      <ele>2233.1</ele></trkpt>
      <trkpt lat="46.66388550106845" lon="8.047856339242754">
      <ele>2232.0</ele></trkpt>
      <trkpt lat="46.66384974853928" lon="8.047922588910733">
      <ele>2230.9</ele></trkpt>
      <trkpt lat="46.66377715731225" lon="8.04802265749216">
      <ele>2229.8</ele></trkpt>
      <trkpt lat="46.66371594676275" lon="8.048105697764763">
      <ele>2228.7</ele></trkpt>
      <trkpt lat="46.66364910950263" lon="8.048182807475806">
      <ele>2227.6</ele></trkpt>
      <trkpt lat="46.663575367117055" lon="8.04825249567713">
      <ele>2226.5</ele></trkpt>
      <trkpt lat="46.663477983262226" lon="8.048359274106666">
      <ele>2225.5</ele></trkpt>
      <trkpt lat="46.66342346456677" lon="8.048403777513833">
      <ele>2224.4</ele></trkpt>
      <trkpt lat="46.66332275270847" lon="8.048480177407146">
      <ele>2223.3</ele></trkpt>
      <trkpt lat="46.66325417794201" lon="8.048555803035928">
      <ele>2222.2</ele></trkpt>
      <trkpt lat="46.66321080655655" lon="8.048633633805437">
      <ele>2221.1</ele></trkpt>
      <trkpt lat="46.663181252681085" lon="8.04872995272139">
      <ele>2219.9</ele></trkpt>
      <trkpt lat="46.66316067985073" lon="8.048855903153594">
      <ele>2218.8</ele></trkpt>
      <trkpt lat="46.663138904642494" lon="8.049055181888214">
      <ele>2217.7</ele></trkpt>
      <trkpt lat="46.6631179184651" lon="8.049175940052262">
      <ele>2216.6</ele></trkpt>
      <trkpt lat="46.66308208521659" lon="8.0493259689892">
      <ele>2215.4</ele></trkpt>
      <trkpt lat="46.66302728229928" lon="8.049566150635625">
      <ele>2214.3</ele></trkpt>
      <trkpt lat="46.66299519803361" lon="8.049736644278637">
      <ele>2213.2</ele></trkpt>
      <trkpt lat="46.66296522564536" lon="8.049915876910609">
      <ele>2212.1</ele></trkpt>
      <trkpt lat="46.66294633378617" lon="8.049989815004254">
      <ele>2210.9</ele></trkpt>
      <trkpt lat="46.66292970334161" lon="8.050036260800828">
      <ele>2209.8</ele></trkpt>
      <trkpt lat="46.66288137617191" lon="8.050152305288032">
      <ele>2208.7</ele></trkpt>
      <trkpt lat="46.6627773294318" lon="8.050368839365026">
      <ele>2207.6</ele></trkpt>
      <trkpt lat="46.66264598091972" lon="8.050675691454588">
      <ele>2206.4</ele></trkpt>
      <trkpt lat="46.66254337988542" lon="8.05090257542386">
      <ele>2205.3</ele></trkpt>
      <trkpt lat="46.662496502616335" lon="8.051031557317566">
      <ele>2204.2</ele></trkpt>
      <trkpt lat="46.66247818225998" lon="8.051124564586777">
      <ele>2203.1</ele></trkpt>
      <trkpt lat="46.66246438821521" lon="8.051207248481115">
      <ele>2201.9</ele></trkpt>
      <trkpt lat="46.66243438908971" lon="8.05129059788206">
      <ele>2200.8</ele></trkpt>
      <trkpt lat="46.66240212274715" lon="8.051355576429186">
      <ele>2199.7</ele></trkpt>
      <trkpt lat="46.66233029185961" lon="8.051442488653706">
      <ele>2198.4</ele></trkpt>
      <trkpt lat="46.66224554941509" lon="8.051531540769773">
      <ele>2197.1</ele></trkpt>
      <trkpt lat="46.6621431447811" lon="8.051617870438019">
      <ele>2195.8</ele></trkpt>
      <trkpt lat="46.66202784903104" lon="8.051699192880616">
      <ele>2194.5</ele></trkpt>
      <trkpt lat="46.661930353913164" lon="8.051755799821493">
      <ele>2193.2</ele></trkpt>
      <trkpt lat="46.66183637548961" lon="8.05178743788219">
      <ele>2191.9</ele></trkpt>
      <trkpt lat="46.66172002030302" lon="8.051811491784504">
      <ele>2190.6</ele></trkpt>
      <trkpt lat="46.66159905553829" lon="8.051804461325306">
      <ele>2189.3</ele></trkpt>
      <trkpt lat="46.66151007663871" lon="8.051789666812132">
      <ele>2188.0</ele></trkpt>
      <trkpt lat="46.661437465727865" lon="8.051765650548894">
      <ele>2186.8</ele></trkpt>
      <trkpt lat="46.66140013561853" lon="8.051751808102232">
      <ele>2185.5</ele></trkpt>
      <trkpt lat="46.6613770238535" lon="8.051753767054707">
      <ele>2184.2</ele></trkpt>
      <trkpt lat="46.66136197163309" lon="8.051772581173287">
      <ele>2182.9</ele></trkpt>
      <trkpt lat="46.661358401082055" lon="8.051805885142192">
      <ele>2181.6</ele></trkpt>
      <trkpt lat="46.66137043778172" lon="8.051844292134426">
      <ele>2180.3</ele></trkpt>
      <trkpt lat="46.661401536052" lon="8.051879453002094">
      <ele>2179.0</ele></trkpt>
      <trkpt lat="46.661448254571724" lon="8.051917299896628">
      <ele>2177.7</ele></trkpt>
      <trkpt lat="46.66149279654163" lon="8.051980143644318">
      <ele>2176.4</ele></trkpt>
      <trkpt lat="46.66151967875333" lon="8.052041493457493">
      <ele>2175.1</ele></trkpt>
      <trkpt lat="46.66153503472161" lon="8.052096636736648">
      <ele>2173.8</ele></trkpt>
      <trkpt lat="46.66153952868802" lon="8.052149187218193">
      <ele>2173.4</ele></trkpt>
      <trkpt lat="46.66153649004906" lon="8.052212340207731">
      <ele>2173.0</ele></trkpt>
      <trkpt lat="46.66152532250433" lon="8.052268188397843">
      <ele>2172.6</ele></trkpt>
      <trkpt lat="46.66150061760214" lon="8.052315429060481">
      <ele>2172.1</ele></trkpt>
      <trkpt lat="46.66146157483377" lon="8.05237075148809">
      <ele>2171.7</ele></trkpt>
      <trkpt lat="46.661304185364365" lon="8.052577693143292">
      <ele>2171.3</ele></trkpt>
      <trkpt lat="46.66110621574255" lon="8.052807952372204">
      <ele>2170.9</ele></trkpt>
      <trkpt lat="46.661000233575386" lon="8.052940320698328">
      <ele>2170.5</ele></trkpt>
      <trkpt lat="46.66095280222364" lon="8.053008103134026">
      <ele>2170.1</ele></trkpt>
      <trkpt lat="46.66086219354631" lon="8.05321725094148">
      <ele>2169.7</ele></trkpt>
      <trkpt lat="46.66082919337102" lon="8.053333031381603">
      <ele>2169.2</ele></trkpt>
      <trkpt lat="46.66081530464155" lon="8.053437975410688">
      <ele>2168.8</ele></trkpt>
      <trkpt lat="46.66081705439936" lon="8.053507179227486">
      <ele>2168.4</ele></trkpt>
      <trkpt lat="46.66074536860876" lon="8.053735290637924">
      <ele>2168.0</ele></trkpt>
      <trkpt lat="46.660685520915536" lon="8.053886722065256">
      <ele>2167.6</ele></trkpt>
      <trkpt lat="46.66064898376645" lon="8.053952680539181">
      <ele>2167.2</ele></trkpt>
      <trkpt lat="46.66060300428902" lon="8.054004694651091">
      <ele>2166.7</ele></trkpt>
      <trkpt lat="46.660564793015205" lon="8.05402914985518">
      <ele>2166.3</ele></trkpt>
      <trkpt lat="46.66052092941987" lon="8.05404248695641">
      <ele>2165.9</ele></trkpt>
      <trkpt lat="46.66046950665367" lon="8.054044658126678">
      <ele>2165.5</ele></trkpt>
      <trkpt lat="46.660391481620564" lon="8.0540354726264">
      <ele>2165.4</ele></trkpt>
      <trkpt lat="46.66022235737637" lon="8.053972712164063">
      <ele>2165.3</ele></trkpt>
      <trkpt lat="46.660188130235326" lon="8.053964025610036">
      <ele>2165.2</ele></trkpt>
      <trkpt lat="46.66015000853593" lon="8.053971888194473">
      <ele>2165.1</ele></trkpt>
      <trkpt lat="46.66009642494829" lon="8.054021058333676">
      <ele>2165.1</ele></trkpt>
      <trkpt lat="46.66009642494829" lon="8.054021058333676">
      <ele>2165.0</ele></trkpt>
      <trkpt lat="46.66015000853593" lon="8.053971888194473">
      <ele>2164.9</ele></trkpt>
      <trkpt lat="46.660188130235326" lon="8.053964025610036">
      <ele>2164.8</ele></trkpt>
      <trkpt lat="46.66022235737637" lon="8.053972712164063">
      <ele>2164.7</ele></trkpt>
      <trkpt lat="46.660391481620564" lon="8.0540354726264">
      <ele>2164.6</ele></trkpt>
      <trkpt lat="46.66046950665367" lon="8.054044658126678">
      <ele>2164.5</ele></trkpt>
      <trkpt lat="46.66052092941987" lon="8.05404248695641">
      <ele>2164.4</ele></trkpt>
      <trkpt lat="46.660564793015205" lon="8.05402914985518">
      <ele>2164.3</ele></trkpt>
      <trkpt lat="46.66060300428902" lon="8.054004694651091">
      <ele>2164.2</ele></trkpt>
      <trkpt lat="46.66064898376645" lon="8.053952680539181">
      <ele>2164.1</ele></trkpt>
      <trkpt lat="46.660685520915536" lon="8.053886722065256">
      <ele>2164.1</ele></trkpt>
      <trkpt lat="46.66074536860876" lon="8.053735290637924">
      <ele>2164.0</ele></trkpt>
      <trkpt lat="46.66081705439936" lon="8.053507179227486">
      <ele>2163.9</ele></trkpt>
      <trkpt lat="46.66091089510798" lon="8.053364391434075">
      <ele>2163.8</ele></trkpt>
      <trkpt lat="46.66096653454009" lon="8.053287582721874">
      <ele>2163.7</ele></trkpt>
      <trkpt lat="46.661035361708684" lon="8.053235814488726">
      <ele>2163.1</ele></trkpt>
      <trkpt lat="46.661126977144534" lon="8.053195372202937">
      <ele>2162.5</ele></trkpt>
      <trkpt lat="46.661182288469945" lon="8.053179407554655">
      <ele>2161.9</ele></trkpt>
      <trkpt lat="46.6612432490653" lon="8.053171804036651">
      <ele>2161.3</ele></trkpt>
      <trkpt lat="46.66131174818716" lon="8.053180880081804">
      <ele>2160.8</ele></trkpt>
      <trkpt lat="46.66138775596618" lon="8.053212175414947">
      <ele>2160.2</ele></trkpt>
      <trkpt lat="46.66145795930188" lon="8.053257215620098">
      <ele>2159.6</ele></trkpt>
      <trkpt lat="46.66153365483184" lon="8.05331471812294">
      <ele>2159.0</ele></trkpt>
      <trkpt lat="46.6615844254866" lon="8.053360073191541">
      <ele>2158.4</ele></trkpt>
      <trkpt lat="46.66161361622383" lon="8.053390222126616">
      <ele>2157.8</ele></trkpt>
      <trkpt lat="46.661630908954855" lon="8.05342139858981">
      <ele>2157.2</ele></trkpt>
      <trkpt lat="46.66164529288748" lon="8.053473173334488">
      <ele>2156.6</ele></trkpt>
      <trkpt lat="46.66165399575044" lon="8.053537492234069">
      <ele>2156.0</ele></trkpt>
      <trkpt lat="46.66164931028844" lon="8.053622290128905">
      <ele>2155.4</ele></trkpt>
      <trkpt lat="46.66162746613711" lon="8.053771112502863">
      <ele>2154.8</ele></trkpt>
      <trkpt lat="46.66160617490661" lon="8.05394745823036">
      <ele>2154.3</ele></trkpt>
      <trkpt lat="46.661594889724796" lon="8.05408492862022">
      <ele>2153.7</ele></trkpt>
      <trkpt lat="46.66159704794413" lon="8.054195034954496">
      <ele>2153.1</ele></trkpt>
      <trkpt lat="46.6616268698672" lon="8.054354794093028">
      <ele>2152.5</ele></trkpt>
      <trkpt lat="46.66167555396956" lon="8.054518217875215">
      <ele>2151.9</ele></trkpt>
      <trkpt lat="46.66170563795553" lon="8.054634391874707">
      <ele>2150.7</ele></trkpt>
      <trkpt lat="46.6617190537392" lon="8.054732044170779">
      <ele>2149.4</ele></trkpt>
      <trkpt lat="46.66171993486779" lon="8.054820341947945">
      <ele>2148.2</ele></trkpt>
      <trkpt lat="46.66170896698472" lon="8.054903918368066">
      <ele>2146.9</ele></trkpt>
      <trkpt lat="46.66168814733216" lon="8.054997717656304">
      <ele>2145.7</ele></trkpt>
      <trkpt lat="46.66156033022332" lon="8.055337898179433">
      <ele>2144.4</ele></trkpt>
      <trkpt lat="46.661496616396185" lon="8.055473593660777">
      <ele>2143.2</ele></trkpt>
      <trkpt lat="46.66145358941469" lon="8.055538432676402">
      <ele>2141.9</ele></trkpt>
      <trkpt lat="46.66141493623594" lon="8.055574667707292">
      <ele>2140.7</ele></trkpt>
      <trkpt lat="46.66130845587532" lon="8.055668846811933">
      <ele>2139.4</ele></trkpt>
      <trkpt lat="46.6611750533832" lon="8.05578584482623">
      <ele>2138.2</ele></trkpt>
      <trkpt lat="46.661082056039106" lon="8.055871997841761">
      <ele>2136.9</ele></trkpt>
      <trkpt lat="46.66088101332193" lon="8.05607712245484">
      <ele>2135.7</ele></trkpt>
      <trkpt lat="46.66069792767898" lon="8.05626530840633">
      <ele>2134.4</ele></trkpt>
      <trkpt lat="46.66066179633389" lon="8.056325847609966">
      <ele>2133.2</ele></trkpt>
      <trkpt lat="46.66064505290937" lon="8.056384361080125">
      <ele>2131.9</ele></trkpt>
      <trkpt lat="46.66064480416552" lon="8.056423621132353">
      <ele>2130.7</ele></trkpt>
      <trkpt lat="46.66065345618622" lon="8.056470456635719">
      <ele>2129.4</ele></trkpt>
      <trkpt lat="46.66066963571162" lon="8.056502718342369">
      <ele>2128.2</ele></trkpt>
      <trkpt lat="46.66071259296661" lon="8.056540473460347">
      <ele>2126.9</ele></trkpt>
      <trkpt lat="46.66079269961703" lon="8.056593770760708">
      <ele>2126.2</ele></trkpt>
      <trkpt lat="46.66085045431411" lon="8.056646577360333">
      <ele>2125.5</ele></trkpt>
      <trkpt lat="46.66093302709254" lon="8.05678092497185">
      <ele>2124.7</ele></trkpt>
      <trkpt lat="46.66101635935692" lon="8.0570306278607">
      <ele>2124.0</ele></trkpt>
      <trkpt lat="46.661070381045505" lon="8.057206042580372">
      <ele>2123.3</ele></trkpt>
      <trkpt lat="46.66108947533741" lon="8.057248189868334">
      <ele>2122.6</ele></trkpt>
      <trkpt lat="46.661213382445844" lon="8.057442331985538">
      <ele>2121.8</ele></trkpt>
      <trkpt lat="46.66132667739587" lon="8.057665699700378">
      <ele>2121.1</ele></trkpt>
      <trkpt lat="46.66140624941842" lon="8.057802432896771">
      <ele>2120.4</ele></trkpt>
      <trkpt lat="46.661443376320975" lon="8.05782043220971">
      <ele>2119.7</ele></trkpt>
      <trkpt lat="46.661473171164936" lon="8.057818643901657">
      <ele>2118.9</ele></trkpt>
      <trkpt lat="46.661507561084704" lon="8.057797309153358">
      <ele>2118.2</ele></trkpt>
      <trkpt lat="46.661561583392576" lon="8.05773225813203">
      <ele>2117.5</ele></trkpt>
      <trkpt lat="46.66162600398615" lon="8.057672330434151">
      <ele>2116.8</ele></trkpt>
      <trkpt lat="46.661694757091226" lon="8.05763457315558">
      <ele>2116.0</ele></trkpt>
      <trkpt lat="46.6617589241372" lon="8.057616362431908">
      <ele>2115.3</ele></trkpt>
      <trkpt lat="46.66186760775374" lon="8.05762368334419">
      <ele>2114.6</ele></trkpt>
      <trkpt lat="46.661924015715094" lon="8.057654381782648">
      <ele>2113.8</ele></trkpt>
      <trkpt lat="46.661966959245554" lon="8.057694594981545">
      <ele>2113.1</ele></trkpt>
      <trkpt lat="46.662027437083566" lon="8.057789194665785">
      <ele>2112.4</ele></trkpt>
      <trkpt lat="46.66210518661162" lon="8.057979872380278">
      <ele>2111.0</ele></trkpt>
      <trkpt lat="46.66217259991052" lon="8.05815560195375">
      <ele>2109.7</ele></trkpt>
      <trkpt lat="46.66221839583142" lon="8.058215513136977">
      <ele>2108.3</ele></trkpt>
      <trkpt lat="46.662268737755944" lon="8.058263259615405">
      <ele>2106.9</ele></trkpt>
      <trkpt lat="46.662387303178065" lon="8.058359127812393">
      <ele>2105.6</ele></trkpt>
      <trkpt lat="46.6625132937376" lon="8.058457629545236">
      <ele>2104.2</ele></trkpt>
      <trkpt lat="46.66260390440117" lon="8.058496443832501">
      <ele>2102.8</ele></trkpt>
      <trkpt lat="46.66279718181865" lon="8.058552246553642">
      <ele>2101.4</ele></trkpt>
      <trkpt lat="46.66289361779876" lon="8.058613288667647">
      <ele>2100.1</ele></trkpt>
      <trkpt lat="46.66305980126264" lon="8.058715127838203">
      <ele>2098.7</ele></trkpt>
      <trkpt lat="46.66317269238304" lon="8.058764246801735">
      <ele>2097.3</ele></trkpt>
      <trkpt lat="46.6632587524062" lon="8.058817696577798">
      <ele>2096.0</ele></trkpt>
      <trkpt lat="46.66330765002102" lon="8.058858045384959">
      <ele>2094.6</ele></trkpt>
      <trkpt lat="46.66335783117722" lon="8.058930330497724">
      <ele>2093.2</ele></trkpt>
      <trkpt lat="46.66346082314704" lon="8.05913384835699">
      <ele>2091.8</ele></trkpt>
      <trkpt lat="46.66357981949287" lon="8.059396624829173">
      <ele>2090.5</ele></trkpt>
      <trkpt lat="46.66364453896617" lon="8.059528112707206">
      <ele>2089.1</ele></trkpt>
      <trkpt lat="46.66367405724745" lon="8.059570500238722">
      <ele>2087.7</ele></trkpt>
      <trkpt lat="46.66381475460043" lon="8.059698785187004">
      <ele>2086.4</ele></trkpt>
      <trkpt lat="46.66398800986986" lon="8.059859680629277">
      <ele>2085.0</ele></trkpt>
      <trkpt lat="46.664140651731806" lon="8.059983308973436">
      <ele>2084.8</ele></trkpt>
      <trkpt lat="46.664210197798646" lon="8.060056028063308">
      <ele>2084.7</ele></trkpt>
      <trkpt lat="46.664241159997346" lon="8.060105789508121">
      <ele>2084.5</ele></trkpt>
      <trkpt lat="46.66434864693276" lon="8.060304516917524">
      <ele>2084.4</ele></trkpt>
      <trkpt lat="46.66438528228414" lon="8.060401031472969">
      <ele>2084.2</ele></trkpt>
      <trkpt lat="46.6643895382292" lon="8.060435498316956">
      <ele>2084.0</ele></trkpt>
      <trkpt lat="46.66438400912719" lon="8.060486016129147">
      <ele>2083.9</ele></trkpt>
      <trkpt lat="46.66444603363727" lon="8.060494557053534">
      <ele>2083.7</ele></trkpt>
      <trkpt lat="46.66449769136091" lon="8.060505409092462">
      <ele>2083.6</ele></trkpt>
      <trkpt lat="46.664534125834855" lon="8.060523285726388">
      <ele>2083.4</ele></trkpt>
      <trkpt lat="46.66456499189207" lon="8.060549408775042">
      <ele>2083.2</ele></trkpt>
      <trkpt lat="46.664588951817535" lon="8.060576693697435">
      <ele>2083.1</ele></trkpt>
      <trkpt lat="46.664617594271384" lon="8.060622901043082">
      <ele>2082.9</ele></trkpt>
      <trkpt lat="46.66465282450188" lon="8.060716394747452">
      <ele>2082.8</ele></trkpt>
      <trkpt lat="46.66469049677693" lon="8.060853612211078">
      <ele>2082.6</ele></trkpt>
      <trkpt lat="46.66472062927777" lon="8.060986091214057">
      <ele>2082.4</ele></trkpt>
      <trkpt lat="46.664754588738155" lon="8.061061838972641">
      <ele>2082.3</ele></trkpt>
      <trkpt lat="46.6647899939222" lon="8.061128169209223">
      <ele>2082.1</ele></trkpt>
      <trkpt lat="46.664838521199584" lon="8.061193357125306">
      <ele>2082.0</ele></trkpt>
      <trkpt lat="46.664887912491686" lon="8.061233754162538">
      <ele>2081.8</ele></trkpt>
      <trkpt lat="46.66496259611136" lon="8.061306156150657">
      <ele>2082.2</ele></trkpt>
      <trkpt lat="46.6650295984046" lon="8.0613915236529">
      <ele>2082.7</ele></trkpt>
      <trkpt lat="46.66508101106331" lon="8.061438987395361">
      <ele>2083.1</ele></trkpt>
      <trkpt lat="46.66513939415421" lon="8.06147351690898">
      <ele>2083.5</ele></trkpt>
      <trkpt lat="46.66520554369271" lon="8.061484432564619">
      <ele>2083.9</ele></trkpt>
      <trkpt lat="46.66527519273403" lon="8.061487091059744">
      <ele>2084.4</ele></trkpt>
      <trkpt lat="46.66530213727352" lon="8.061480123391993">
      <ele>2084.8</ele></trkpt>
      <trkpt lat="46.66533923845542" lon="8.061502725824228">
      <ele>2085.2</ele></trkpt>
      <trkpt lat="46.665370651138986" lon="8.061548953181317">
      <ele>2085.6</ele></trkpt>
      <trkpt lat="46.66548020352336" lon="8.061652413603763">
      <ele>2086.1</ele></trkpt>
      <trkpt lat="46.66552159192449" lon="8.061657595036596">
      <ele>2086.5</ele></trkpt>
      <trkpt lat="46.66555423337897" lon="8.061661682508623">
      <ele>2086.9</ele></trkpt>
      <trkpt lat="46.66563577144988" lon="8.061692951503684">
      <ele>2087.3</ele></trkpt>
      <trkpt lat="46.665714541507036" lon="8.061703973881784">
      <ele>2087.8</ele></trkpt>
      <trkpt lat="46.665832390440386" lon="8.061690109863184">
      <ele>2088.2</ele></trkpt>
      <trkpt lat="46.665913160181645" lon="8.061680901277729">
      <ele>2088.6</ele></trkpt>
      <trkpt lat="46.66611179734403" lon="8.061652797851238">
      <ele>2089.0</ele></trkpt>
      <trkpt lat="46.666256430637794" lon="8.061597074579893">
      <ele>2089.5</ele></trkpt>
      <trkpt lat="46.66630408288674" lon="8.061563884481243">
      <ele>2089.9</ele></trkpt>
      <trkpt lat="46.66641853364543" lon="8.061463985192697">
      <ele>2090.3</ele></trkpt>
      <trkpt lat="46.6665975981441" lon="8.061358061425507">
      <ele>2091.8</ele></trkpt>
      <trkpt lat="46.66667273859279" lon="8.061335288784099">
      <ele>2093.4</ele></trkpt>
      <trkpt lat="46.666769469853385" lon="8.061365060447022">
      <ele>2094.9</ele></trkpt>
      <trkpt lat="46.66686609925691" lon="8.061418417639988">
      <ele>2096.5</ele></trkpt>
      <trkpt lat="46.666958081005504" lon="8.061448134802976">
      <ele>2098.0</ele></trkpt>
      <trkpt lat="46.66697693120014" lon="8.061478694609754">
      <ele>2099.6</ele></trkpt>
      <trkpt lat="46.66703663821138" lon="8.061506354118931">
      <ele>2101.1</ele></trkpt>
      <trkpt lat="46.66709260497828" lon="8.061520471916264">
      <ele>2102.7</ele></trkpt>
      <trkpt lat="46.66714871930469" lon="8.061505934558182">
      <ele>2104.2</ele></trkpt>
      <trkpt lat="46.667276826925914" lon="8.061529299623155">
      <ele>2105.8</ele></trkpt>
      <trkpt lat="46.66738953831121" lon="8.061592983432996">
      <ele>2107.3</ele></trkpt>
      <trkpt lat="46.667545902854066" lon="8.061663887658067">
      <ele>2108.8</ele></trkpt>
      <trkpt lat="46.66760559110605" lon="8.06169661765549">
      <ele>2110.4</ele></trkpt>
      <trkpt lat="46.667689082928426" lon="8.061714411629477">
      <ele>2111.9</ele></trkpt>
      <trkpt lat="46.667783897443215" lon="8.06174921958153">
      <ele>2113.5</ele></trkpt>
      <trkpt lat="46.66787878593985" lon="8.061768843943504">
      <ele>2115.0</ele></trkpt>
      <trkpt lat="46.668023975247564" lon="8.061794092717326">
      <ele>2116.6</ele></trkpt>
      <trkpt lat="46.6681320479201" lon="8.061835783823332">
      <ele>2118.1</ele></trkpt>
      <trkpt lat="46.66818512578334" lon="8.061859996378566">
      <ele>2119.7</ele></trkpt>
      <trkpt lat="46.66821455821707" lon="8.061860335928268">
      <ele>2121.2</ele></trkpt>
      <trkpt lat="46.66826982101859" lon="8.06182384811698">
      <ele>2121.7</ele></trkpt>
      <trkpt lat="46.66832021396744" lon="8.061812616228533">
      <ele>2122.2</ele></trkpt>
      <trkpt lat="46.66842473128516" lon="8.061803655208896">
      <ele>2122.7</ele></trkpt>
      <trkpt lat="46.66859383415198" lon="8.06179713799047">
      <ele>2123.2</ele></trkpt>
      <trkpt lat="46.66871438722314" lon="8.061808616986523">
      <ele>2123.7</ele></trkpt>
      <trkpt lat="46.66884634582209" lon="8.061823599112184">
      <ele>2124.2</ele></trkpt>
      <trkpt lat="46.6689508908521" lon="8.061807921460131">
      <ele>2124.7</ele></trkpt>
      <trkpt lat="46.66905727844851" lon="8.061804052246023">
      <ele>2125.2</ele></trkpt>
      <trkpt lat="46.66918462626577" lon="8.061790310230599">
      <ele>2125.7</ele></trkpt>
      <trkpt lat="46.66923875070765" lon="8.061790921515811">
      <ele>2126.2</ele></trkpt>
      <trkpt lat="46.669344980657144" lon="8.061822477688407">
      <ele>2126.7</ele></trkpt>
      <trkpt lat="46.66939615152662" lon="8.061846668774093">
      <ele>2127.2</ele></trkpt>
      <trkpt lat="46.669475921182375" lon="8.061849261749103">
      <ele>2127.7</ele></trkpt>
      <trkpt lat="46.66950053918814" lon="8.061864717712464">
      <ele>2128.2</ele></trkpt>
      <trkpt lat="46.66956231996426" lon="8.061855289691339">
      <ele>2128.7</ele></trkpt>
      <trkpt lat="46.66965730115284" lon="8.0618546604892">
      <ele>2129.2</ele></trkpt>
      <trkpt lat="46.66970492582231" lon="8.06182652554629">
      <ele>2129.7</ele></trkpt>
      <trkpt lat="46.669742847721345" lon="8.061842148114234">
      <ele>2130.2</ele></trkpt>
      <trkpt lat="46.669821506727594" lon="8.061876771224672">
      <ele>2130.7</ele></trkpt>
      <trkpt lat="46.66987473280945" lon="8.061868930249494">
      <ele>2131.2</ele></trkpt>
      <trkpt lat="46.669941031686164" lon="8.061908468234575">
      <ele>2132.2</ele></trkpt>
      <trkpt lat="46.67001707957482" lon="8.061894147429891">
      <ele>2133.3</ele></trkpt>
      <trkpt lat="46.67009112759332" lon="8.06190173186384">
      <ele>2134.3</ele></trkpt>
      <trkpt lat="46.67017094360838" lon="8.061894197658946">
      <ele>2135.4</ele></trkpt>
      <trkpt lat="46.67026218423658" lon="8.06188173785421">
      <ele>2136.4</ele></trkpt>
      <trkpt lat="46.6703257519207" lon="8.061895944581478">
      <ele>2137.5</ele></trkpt>
      <trkpt lat="46.67037594162943" lon="8.061925182255425">
      <ele>2138.5</ele></trkpt>
      <trkpt lat="46.67044051838659" lon="8.061927587024885">
      <ele>2139.6</ele></trkpt>
      <trkpt lat="46.67055402582254" lon="8.062023327958682">
      <ele>2140.6</ele></trkpt>
      <trkpt lat="46.67060156714044" lon="8.06201373561245">
      <ele>2141.6</ele></trkpt>
      <trkpt lat="46.67066420888946" lon="8.062022887540442">
      <ele>2142.7</ele></trkpt>
      <trkpt lat="46.6707515795111" lon="8.062025568553377">
      <ele>2143.7</ele></trkpt>
      <trkpt lat="46.670783039400504" lon="8.062000605211441">
      <ele>2144.8</ele></trkpt>
      <trkpt lat="46.670803944560575" lon="8.061999160638267">
      <ele>2145.8</ele></trkpt>
      <trkpt lat="46.67083989499665" lon="8.062026548527895">
      <ele>2146.9</ele></trkpt>
      <trkpt lat="46.67087410456036" lon="8.062021885867768">
      <ele>2147.9</ele></trkpt>
      <trkpt lat="46.670907017676676" lon="8.062093096123059">
      <ele>2149.0</ele></trkpt>
      <trkpt lat="46.67096934503194" lon="8.062166318738685">
      <ele>2150.0</ele></trkpt>
      <trkpt lat="46.671005526711696" lon="8.062146480405895">
      <ele>2151.1</ele></trkpt>
      <trkpt lat="46.67106238175481" lon="8.062175808688">
      <ele>2152.1</ele></trkpt>
      <trkpt lat="46.67109534139457" lon="8.062235205997696">
      <ele>2153.5</ele></trkpt>
      <trkpt lat="46.67113225448868" lon="8.062260919482789">
      <ele>2154.8</ele></trkpt>
      <trkpt lat="46.67116644539602" lon="8.062261314204521">
      <ele>2156.2</ele></trkpt>
      <trkpt lat="46.67118724868507" lon="8.062281784275502">
      <ele>2157.6</ele></trkpt>
      <trkpt lat="46.67124497419873" lon="8.062326295293708">
      <ele>2158.9</ele></trkpt>
      <trkpt lat="46.67128865515503" lon="8.062326786560202">
      <ele>2160.3</ele></trkpt>
      <trkpt lat="46.67136243458843" lon="8.062390040288152">
      <ele>2161.7</ele></trkpt>
      <trkpt lat="46.67143226996738" lon="8.062483593637042">
      <ele>2163.0</ele></trkpt>
      <trkpt lat="46.67147682087705" lon="8.062502652326648">
      <ele>2164.4</ele></trkpt>
      <trkpt lat="46.67152488075619" lon="8.062580781969627">
      <ele>2165.8</ele></trkpt>
      <trkpt lat="46.67153863835719" lon="8.062682143335673">
      <ele>2167.1</ele></trkpt>
      <trkpt lat="46.67156074654955" lon="8.062825760236532">
      <ele>2168.5</ele></trkpt>
      <trkpt lat="46.671570921142745" lon="8.062883209346928">
      <ele>2169.8</ele></trkpt>
      <trkpt lat="46.67160252950707" lon="8.062826229978167">
      <ele>2171.2</ele></trkpt>
      <trkpt lat="46.671643950677556" lon="8.062904283372182">
      <ele>2172.6</ele></trkpt>
      <trkpt lat="46.67167503979599" lon="8.062956929857059">
      <ele>2173.9</ele></trkpt>
      <trkpt lat="46.671715507381435" lon="8.063034972434549">
      <ele>2175.3</ele></trkpt>
      <trkpt lat="46.671737116240564" lon="8.063082438876126">
      <ele>2176.7</ele></trkpt>
      <trkpt lat="46.671740402221616" lon="8.063188737230414">
      <ele>2178.0</ele></trkpt>
      <trkpt lat="46.671754370927054" lon="8.063282665597015">
      <ele>2179.4</ele></trkpt>
      <trkpt lat="46.67177959237705" lon="8.063350495559282">
      <ele>2180.2</ele></trkpt>
      <trkpt lat="46.67183306272935" lon="8.063416299975408">
      <ele>2181.1</ele></trkpt>
      <trkpt lat="46.67187793484206" lon="8.063450588191104">
      <ele>2181.9</ele></trkpt>
      <trkpt lat="46.67193151575426" lon="8.063489642691163">
      <ele>2182.8</ele></trkpt>
      <trkpt lat="46.6720178371301" lon="8.06357215017944">
      <ele>2183.6</ele></trkpt>
      <trkpt lat="46.67204845045345" lon="8.063637690643453">
      <ele>2184.4</ele></trkpt>
      <trkpt lat="46.67210564173967" lon="8.063766425015125">
      <ele>2185.3</ele></trkpt>
      <trkpt lat="46.6721545244102" lon="8.063804262509702">
      <ele>2186.1</ele></trkpt>
      <trkpt lat="46.67218341342715" lon="8.063806910007111">
      <ele>2187.0</ele></trkpt>
      <trkpt lat="46.67222066091351" lon="8.063850323932067">
      <ele>2187.8</ele></trkpt>
      <trkpt lat="46.672257517428186" lon="8.063891211137335">
      <ele>2188.6</ele></trkpt>
      <trkpt lat="46.67232925873921" lon="8.06398311726374">
      <ele>2189.5</ele></trkpt>
      <trkpt lat="46.672425599250886" lon="8.06409383989584">
      <ele>2190.3</ele></trkpt>
      <trkpt lat="46.672499015584634" lon="8.064231297444742">
      <ele>2191.2</ele></trkpt>
      <trkpt lat="46.67251176883656" lon="8.064369516349114">
      <ele>2192.0</ele></trkpt>
      <trkpt lat="46.67253238453554" lon="8.064388038330724">
      <ele>2192.8</ele></trkpt>
      <trkpt lat="46.6725675050606" lon="8.06440918528521">
      <ele>2193.7</ele></trkpt>
      <trkpt lat="46.67262484911107" lon="8.064529598688171">
      <ele>2194.5</ele></trkpt>
      <trkpt lat="46.67262927300093" lon="8.064598796786019">
      <ele>2195.4</ele></trkpt>
      <trkpt lat="46.672658905696196" lon="8.064755991588779">
      <ele>2196.2</ele></trkpt>
      <trkpt lat="46.67269648311719" lon="8.06484245894755">
      <ele>2197.6</ele></trkpt>
      <trkpt lat="46.672739024264" lon="8.064883413099096">
      <ele>2198.9</ele></trkpt>
      <trkpt lat="46.672809811277254" lon="8.064975310306753">
      <ele>2200.3</ele></trkpt>
      <trkpt lat="46.67282556695916" lon="8.065056454298318">
      <ele>2201.6</ele></trkpt>
      <trkpt lat="46.67283206571811" lon="8.065086875451914">
      <ele>2203.0</ele></trkpt>
      <trkpt lat="46.67287754182379" lon="8.065111018222623">
      <ele>2204.3</ele></trkpt>
      <trkpt lat="46.6729231856643" lon="8.065099720292512">
      <ele>2205.7</ele></trkpt>
      <trkpt lat="46.67297185783685" lon="8.065051355001508">
      <ele>2207.0</ele></trkpt>
      <trkpt lat="46.67301782719708" lon="8.064972612389097">
      <ele>2208.4</ele></trkpt>
      <trkpt lat="46.67304317993301" lon="8.064834572412565">
      <ele>2209.8</ele></trkpt>
      <trkpt lat="46.673073974774965" lon="8.06475226878361">
      <ele>2211.1</ele></trkpt>
      <trkpt lat="46.67310750038738" lon="8.064693612178903">
      <ele>2212.5</ele></trkpt>
      <trkpt lat="46.67316472718859" lon="8.064643646543924">
      <ele>2213.8</ele></trkpt>
      <trkpt lat="46.67319608510268" lon="8.064640638180059">
      <ele>2215.2</ele></trkpt>
      <trkpt lat="46.673261890278305" lon="8.06478138199556">
      <ele>2216.5</ele></trkpt>
      <trkpt lat="46.67328530288668" lon="8.064850814137973">
      <ele>2217.9</ele></trkpt>
      <trkpt lat="46.673324242479104" lon="8.06491200997269">
      <ele>2219.2</ele></trkpt>
      <trkpt lat="46.673317352338856" lon="8.064974125136935">
      <ele>2220.6</ele></trkpt>
      <trkpt lat="46.67334159566179" lon="8.06501840936248">
      <ele>2221.9</ele></trkpt>
      <trkpt lat="46.67338932336483" lon="8.065068271969926">
      <ele>2223.3</ele></trkpt>
      <trkpt lat="46.67340890886467" lon="8.065102360767087">
      <ele>2224.3</ele></trkpt>
      <trkpt lat="46.67343116099695" lon="8.065168486401493">
      <ele>2225.4</ele></trkpt>
      <trkpt lat="46.673446804789194" lon="8.065237227639445">
      <ele>2226.4</ele></trkpt>
      <trkpt lat="46.67354863297571" lon="8.065391878010693">
      <ele>2227.5</ele></trkpt>
      <trkpt lat="46.67354658609936" lon="8.065422213521042">
      <ele>2228.5</ele></trkpt>
      <trkpt lat="46.67357466404393" lon="8.065508572526099">
      <ele>2229.6</ele></trkpt>
      <trkpt lat="46.673617456431614" lon="8.065497241694395">
      <ele>2230.6</ele></trkpt>
      <trkpt lat="46.67364560916408" lon="8.065566716555919">
      <ele>2231.7</ele></trkpt>
      <trkpt lat="46.673655108132394" lon="8.065566826804618">
      <ele>2232.7</ele></trkpt>
      <trkpt lat="46.67368999145605" lon="8.065622892645596">
      <ele>2233.8</ele></trkpt>
      <trkpt lat="46.67373742202862" lon="8.065631859651939">
      <ele>2234.8</ele></trkpt>
      <trkpt lat="46.673819530742705" lon="8.065740736995714">
      <ele>2235.8</ele></trkpt>
      <trkpt lat="46.67385531176828" lon="8.065806942068082">
      <ele>2236.9</ele></trkpt>
      <trkpt lat="46.67390655658272" lon="8.065814267640203">
      <ele>2237.9</ele></trkpt>
      <trkpt lat="46.67394465535569" lon="8.065791094168908">
      <ele>2239.0</ele></trkpt>
      <trkpt lat="46.674007408472804" lon="8.065778309321283">
      <ele>2240.0</ele></trkpt>
      <trkpt lat="46.674007408472804" lon="8.065778309321283">
      <ele>2241.1</ele></trkpt>
      <trkpt lat="46.674023582124704" lon="8.065757194463275">
      <ele>2242.1</ele></trkpt>
      <trkpt lat="46.67407098349213" lon="8.06568641355869">
      <ele>2243.2</ele></trkpt>
      <trkpt lat="46.67413053822701" lon="8.065595986936252">
      <ele>2244.2</ele></trkpt>
      <trkpt lat="46.67420916439117" lon="8.065476036063066">
      <ele>2245.3</ele></trkpt>
      <trkpt lat="46.67424361883064" lon="8.065359754464959">
      <ele>2246.4</ele></trkpt>
      <trkpt lat="46.67428934524035" lon="8.065281059716673">
      <ele>2247.5</ele></trkpt>
      <trkpt lat="46.674369598579204" lon="8.065180887521196">
      <ele>2248.5</ele></trkpt>
      <trkpt lat="46.6744283276361" lon="8.065135878814683">
      <ele>2249.6</ele></trkpt>
      <trkpt lat="46.67452763439969" lon="8.065120772517211">
      <ele>2250.7</ele></trkpt>
      <trkpt lat="46.67461648770566" lon="8.06513028500914">
      <ele>2251.8</ele></trkpt>
      <trkpt lat="46.67466592020974" lon="8.065108901997995">
      <ele>2252.9</ele></trkpt>
      <trkpt lat="46.674717901583776" lon="8.06504111338697">
      <ele>2254.0</ele></trkpt>
      <trkpt lat="46.67477345654014" lon="8.064946704742736">
      <ele>2255.1</ele></trkpt>
      <trkpt lat="46.674819079523395" lon="8.064886788255034">
      <ele>2256.1</ele></trkpt>
      <trkpt lat="46.674859291432576" lon="8.064875204574463">
      <ele>2257.2</ele></trkpt>
      <trkpt lat="46.67488664210048" lon="8.06490897911319">
      <ele>2258.3</ele></trkpt>
      <trkpt lat="46.67493799033062" lon="8.064959721468176">
      <ele>2259.4</ele></trkpt>
      <trkpt lat="46.674981330941186" lon="8.065007430460165">
      <ele>2260.5</ele></trkpt>
      <trkpt lat="46.67501296167749" lon="8.065100498110121">
      <ele>2261.6</ele></trkpt>
      <trkpt lat="46.67507434373133" lon="8.065204614783022">
      <ele>2262.6</ele></trkpt>
      <trkpt lat="46.675114271525366" lon="8.065246377147282">
      <ele>2263.7</ele></trkpt>
      <trkpt lat="46.67513399283885" lon="8.065314671222005">
      <ele>2264.8</ele></trkpt>
      <trkpt lat="46.675208290227175" lon="8.06536358937372">
      <ele>2265.9</ele></trkpt>
      <trkpt lat="46.675253767057875" lon="8.065439958778109">
      <ele>2267.5</ele></trkpt>
      <trkpt lat="46.67531190244483" lon="8.065509509225844">
      <ele>2269.0</ele></trkpt>
      <trkpt lat="46.6754209296071" lon="8.065498423940417">
      <ele>2270.6</ele></trkpt>
      <trkpt lat="46.67555631880936" lon="8.065491460837123">
      <ele>2272.1</ele></trkpt>
      <trkpt lat="46.67562416717334" lon="8.065458372124022">
      <ele>2273.7</ele></trkpt>
      <trkpt lat="46.67569017979752" lon="8.065449937255483">
      <ele>2275.2</ele></trkpt>
      <trkpt lat="46.675706111861054" lon="8.065472758535268">
      <ele>2276.8</ele></trkpt>
      <trkpt lat="46.675733044066355" lon="8.065477893738148">
      <ele>2278.3</ele></trkpt>
      <trkpt lat="46.675791266230675" lon="8.065422017553992">
      <ele>2279.9</ele></trkpt>
      <trkpt lat="46.67581798133961" lon="8.065466646365111">
      <ele>2281.4</ele></trkpt>
      <trkpt lat="46.675842389800316" lon="8.065515221591488">
      <ele>2283.0</ele></trkpt>
      <trkpt lat="46.675875144505724" lon="8.065503590821287">
      <ele>2284.6</ele></trkpt>
      <trkpt lat="46.67588245866413" lon="8.065531304744344">
      <ele>2286.1</ele></trkpt>
      <trkpt lat="46.67590775610703" lon="8.065519626634895">
      <ele>2287.7</ele></trkpt>
      <trkpt lat="46.67597530955945" lon="8.065541818627631">
      <ele>2289.2</ele></trkpt>
      <trkpt lat="46.67601566080152" lon="8.06561125516864">
      <ele>2290.8</ele></trkpt>
      <trkpt lat="46.67605618776874" lon="8.06564709192201">
      <ele>2292.3</ele></trkpt>
      <trkpt lat="46.676060060251295" lon="8.065675759293109">
      <ele>2293.9</ele></trkpt>
      <trkpt lat="46.67608638605284" lon="8.065684834611515">
      <ele>2295.4</ele></trkpt>
      <trkpt lat="46.67612644569221" lon="8.065810545772825">
      <ele>2297.0</ele></trkpt>
      <trkpt lat="46.676188163821934" lon="8.065853451170186">
      <ele>2297.7</ele></trkpt>
      <trkpt lat="46.67622022685169" lon="8.065864540595793">
      <ele>2298.5</ele></trkpt>
      <trkpt lat="46.6762596616323" lon="8.065999145375459">
      <ele>2299.2</ele></trkpt>
      <trkpt lat="46.67626895981411" lon="8.066083160515019">
      <ele>2300.0</ele></trkpt>
      <trkpt lat="46.676285322400645" lon="8.066135616130683">
      <ele>2300.7</ele></trkpt>
      <trkpt lat="46.67629543172769" lon="8.066175203933106">
      <ele>2301.5</ele></trkpt>
      <trkpt lat="46.676313628447964" lon="8.066204952776625">
      <ele>2302.2</ele></trkpt>
      <trkpt lat="46.67633279168614" lon="8.066268301906858">
      <ele>2303.0</ele></trkpt>
      <trkpt lat="46.67638411031611" lon="8.066325947365296">
      <ele>2303.7</ele></trkpt>
      <trkpt lat="46.676411971063786" lon="8.066371570658246">
      <ele>2304.4</ele></trkpt>
      <trkpt lat="46.67645140971758" lon="8.066397527980847">
      <ele>2305.2</ele></trkpt>
      <trkpt lat="46.676493125816506" lon="8.066426478634419">
      <ele>2305.9</ele></trkpt>
      <trkpt lat="46.67652697408104" lon="8.066423748389392">
      <ele>2306.7</ele></trkpt>
      <trkpt lat="46.676561903006636" lon="8.066433878235662">
      <ele>2307.4</ele></trkpt>
      <trkpt lat="46.67661581639845" lon="8.066435236780613">
      <ele>2308.2</ele></trkpt>
      <trkpt lat="46.676647808639096" lon="8.066459173372134">
      <ele>2308.9</ele></trkpt>
      <trkpt lat="46.676685603585604" lon="8.066468330207227">
      <ele>2309.7</ele></trkpt>
      <trkpt lat="46.67672640767768" lon="8.066453787350005">
      <ele>2310.4</ele></trkpt>
      <trkpt lat="46.6767457140499" lon="8.066489483097207">
      <ele>2311.2</ele></trkpt>
      <trkpt lat="46.67676367478659" lon="8.066563705974872">
      <ele>2311.9</ele></trkpt>
      <trkpt lat="46.67680071985775" lon="8.066609384213542">
      <ele>2312.9</ele></trkpt>
      <trkpt lat="46.67683984020914" lon="8.066586953844467">
      <ele>2313.9</ele></trkpt>
      <trkpt lat="46.67689311449796" lon="8.066598185887836">
      <ele>2314.8</ele></trkpt>
      <trkpt lat="46.676941147285845" lon="8.066625197625275">
      <ele>2315.8</ele></trkpt>
      <trkpt lat="46.676983580597266" lon="8.066628448717346">
      <ele>2316.8</ele></trkpt>
      <trkpt lat="46.677031734947725" lon="8.066631753262323">
      <ele>2317.8</ele></trkpt>
      <trkpt lat="46.6770979994587" lon="8.06678829017907">
      <ele>2318.8</ele></trkpt>
      <trkpt lat="46.67711306752406" lon="8.066976043955906">
      <ele>2319.7</ele></trkpt>
      <trkpt lat="46.67713336349299" lon="8.067044347887743">
      <ele>2320.7</ele></trkpt>
      <trkpt lat="46.67716183070621" lon="8.067081078665494">
      <ele>2321.7</ele></trkpt>
      <trkpt lat="46.67716087208361" lon="8.067113010262947">
      <ele>2322.7</ele></trkpt>
      <trkpt lat="46.67718634963455" lon="8.067147026983092">
      <ele>2323.7</ele></trkpt>
      <trkpt lat="46.677229142099954" lon="8.067135709760956">
      <ele>2324.6</ele></trkpt>
      <trkpt lat="46.67729852424189" lon="8.067126374865913">
      <ele>2325.6</ele></trkpt>
      <trkpt lat="46.67736321324516" lon="8.06710349718633">
      <ele>2326.6</ele></trkpt>
      <trkpt lat="46.67739839514749" lon="8.067095463380518">
      <ele>2327.6</ele></trkpt>
      <trkpt lat="46.67742397528394" lon="8.067109236115378">
      <ele>2328.6</ele></trkpt>
      <trkpt lat="46.67747969793052" lon="8.067175678583144">
      <ele>2329.5</ele></trkpt>
      <trkpt lat="46.67750685866225" lon="8.067253577872266">
      <ele>2330.5</ele></trkpt>
      <trkpt lat="46.677547388951396" lon="8.06731645863799">
      <ele>2331.5</ele></trkpt>
      <trkpt lat="46.677609011149634" lon="8.067340767201815">
      <ele>2333.1</ele></trkpt>
      <trkpt lat="46.67763166495879" lon="8.06736970642993">
      <ele>2334.7</ele></trkpt>
      <trkpt lat="46.67772430872222" lon="8.067460170609147">
      <ele>2336.3</ele></trkpt>
      <trkpt lat="46.677804789279215" lon="8.067510002543228">
      <ele>2337.9</ele></trkpt>
      <trkpt lat="46.67786916956496" lon="8.067552903011906">
      <ele>2339.5</ele></trkpt>
      <trkpt lat="46.67794099203564" lon="8.067627938021111">
      <ele>2341.1</ele></trkpt>
      <trkpt lat="46.67801871395914" lon="8.067660890952697">
      <ele>2342.7</ele></trkpt>
      <trkpt lat="46.67805457832006" lon="8.067708530841381">
      <ele>2344.3</ele></trkpt>
      <trkpt lat="46.678112217661834" lon="8.067769912765923">
      <ele>2345.9</ele></trkpt>
      <trkpt lat="46.67819011710771" lon="8.067767421921573">
      <ele>2347.5</ele></trkpt>
      <trkpt lat="46.678224224188135" lon="8.067783006688924">
      <ele>2349.1</ele></trkpt>
      <trkpt lat="46.6782353686126" lon="8.067835430079704">
      <ele>2350.7</ele></trkpt>
      <trkpt lat="46.67830754655058" lon="8.067836231699255">
      <ele>2352.3</ele></trkpt>
      <trkpt lat="46.67835885626144" lon="8.067831771277614">
      <ele>2353.9</ele></trkpt>
      <trkpt lat="46.678387241208476" lon="8.067854020607676">
      <ele>2355.5</ele></trkpt>
      <trkpt lat="46.67846884323169" lon="8.067870132665877">
      <ele>2357.1</ele></trkpt>
      <trkpt lat="46.67855147355228" lon="8.06787106917695">
      <ele>2358.7</ele></trkpt>
      <trkpt lat="46.67861140391424" lon="8.067849822478232">
      <ele>2360.3</ele></trkpt>
      <trkpt lat="46.67865694491386" lon="8.067860469376223">
      <ele>2361.9</ele></trkpt>
      <trkpt lat="46.67874840115077" lon="8.067804156437738">
      <ele>2363.5</ele></trkpt>
      <trkpt lat="46.678842522437286" lon="8.067783294791829">
      <ele>2365.7</ele></trkpt>
      <trkpt lat="46.67888632042231" lon="8.067796809908028">
      <ele>2367.9</ele></trkpt>
      <trkpt lat="46.67902422836868" lon="8.06792031015659">
      <ele>2370.1</ele></trkpt>
      <trkpt lat="46.679033521495846" lon="8.067962609424324">
      <ele>2372.3</ele></trkpt>
      <trkpt lat="46.679069376804506" lon="8.068010237234303">
      <ele>2374.5</ele></trkpt>
      <trkpt lat="46.67909336814149" lon="8.068065738963648">
      <ele>2376.7</ele></trkpt>
      <trkpt lat="46.679099425985925" lon="8.068079742538869">
      <ele>2378.9</ele></trkpt>
      <trkpt lat="46.67914203102165" lon="8.06810891540232">
      <ele>2381.1</ele></trkpt>
      <trkpt lat="46.679176791767425" lon="8.068188592228406">
      <ele>2383.3</ele></trkpt>
      <trkpt lat="46.67920199756978" lon="8.068278287299613">
      <ele>2385.4</ele></trkpt>
      <trkpt lat="46.679228222598354" lon="8.068352819642339">
      <ele>2387.6</ele></trkpt>
      <trkpt lat="46.679269911384196" lon="8.068375224723164">
      <ele>2389.8</ele></trkpt>
      <trkpt lat="46.67932495168083" lon="8.06838428380393">
      <ele>2392.0</ele></trkpt>
      <trkpt lat="46.67943769651319" lon="8.06844122608758">
      <ele>2394.2</ele></trkpt>
      <trkpt lat="46.67946117238503" lon="8.068497179842943">
      <ele>2396.4</ele></trkpt>
      <trkpt lat="46.67954278417963" lon="8.068573391209311">
      <ele>2398.6</ele></trkpt>
      <trkpt lat="46.679653875062314" lon="8.068548663595216">
      <ele>2400.8</ele></trkpt>
      <trkpt lat="46.67974919109788" lon="8.068585130944776">
      <ele>2403.0</ele></trkpt>
      <trkpt lat="46.67979369933582" lon="8.068593819136892">
      <ele>2405.2</ele></trkpt>
      <trkpt lat="46.67984647580532" lon="8.068462252568485">
      <ele>2407.4</ele></trkpt>
      <trkpt lat="46.67990918296972" lon="8.068467610787717">
      <ele>2409.1</ele></trkpt>
      <trkpt lat="46.679976698480715" lon="8.068369519417164">
      <ele>2410.8</ele></trkpt>
      <trkpt lat="46.6800241573888" lon="8.068360282922738">
      <ele>2412.6</ele></trkpt>
      <trkpt lat="46.68007033603978" lon="8.068332013803944">
      <ele>2414.3</ele></trkpt>
      <trkpt lat="46.680097201326426" lon="8.068328066017637">
      <ele>2416.0</ele></trkpt>
      <trkpt lat="46.68015531339834" lon="8.068354283478518">
      <ele>2417.8</ele></trkpt>
      <trkpt lat="46.68018636555396" lon="8.06835127331406">
      <ele>2419.5</ele></trkpt>
      <trkpt lat="46.68019345633357" lon="8.068295505309825">
      <ele>2421.2</ele></trkpt>
      <trkpt lat="46.68023572372156" lon="8.068227782557758">
      <ele>2422.9</ele></trkpt>
      <trkpt lat="46.68029556207278" lon="8.068203658981467">
      <ele>2424.7</ele></trkpt>
      <trkpt lat="46.68035709659115" lon="8.068157452669709">
      <ele>2426.4</ele></trkpt>
      <trkpt lat="46.68043439906736" lon="8.068075694846176">
      <ele>2428.1</ele></trkpt>
      <trkpt lat="46.680471358359604" lon="8.068128656596416">
      <ele>2429.8</ele></trkpt>
      <trkpt lat="46.68049519198935" lon="8.068137757089552">
      <ele>2431.6</ele></trkpt>
      <trkpt lat="46.68053388134341" lon="8.068121752042684">
      <ele>2433.3</ele></trkpt>
      <trkpt lat="46.68058129544991" lon="8.068118997777786">
      <ele>2435.0</ele></trkpt>
      <trkpt lat="46.68059041099059" lon="8.068072859895521">
      <ele>2436.7</ele></trkpt>
      <trkpt lat="46.68062244231779" lon="8.068048908617255">
      <ele>2438.5</ele></trkpt>
      <trkpt lat="46.68062927211399" lon="8.067968681792502">
      <ele>2440.2</ele></trkpt>
      <trkpt lat="46.68064584827776" lon="8.067936642573287">
      <ele>2441.9</ele></trkpt>
      <trkpt lat="46.680671820073016" lon="8.067879420968962">
      <ele>2445.2</ele></trkpt>
      <trkpt lat="46.68071607512326" lon="8.067906287158674">
      <ele>2448.5</ele></trkpt>
      <trkpt lat="46.680745359378" lon="8.067855221159784">
      <ele>2451.8</ele></trkpt>
      <trkpt lat="46.680799735856965" lon="8.067815034719434">
      <ele>2455.0</ele></trkpt>
      <trkpt lat="46.68088314560819" lon="8.067819810001739">
      <ele>2458.3</ele></trkpt>
      <trkpt lat="46.680965366423465" lon="8.067816702834058">
      <ele>2461.6</ele></trkpt>
      <trkpt lat="46.68101908327442" lon="8.067809656056601">
      <ele>2464.9</ele></trkpt>
      <trkpt lat="46.68108765072581" lon="8.06777841826337">
      <ele>2468.2</ele></trkpt>
      <trkpt lat="46.681120622609654" lon="8.067740504835141">
      <ele>2471.5</ele></trkpt>
      <trkpt lat="46.681155975936804" lon="8.067720970548553">
      <ele>2474.8</ele></trkpt>
      <trkpt lat="46.68122080810012" lon="8.067745540794899">
      <ele>2478.0</ele></trkpt>
      <trkpt lat="46.68125402301402" lon="8.067670090583002">
      <ele>2481.3</ele></trkpt>
      <trkpt lat="46.681310343203286" lon="8.067590635178973">
      <ele>2484.6</ele></trkpt>
      <trkpt lat="46.68138526498883" lon="8.067549001154143">
      <ele>2487.9</ele></trkpt>
      <trkpt lat="46.6814330976878" lon="8.067545375467287">
      <ele>2491.2</ele></trkpt>
      <trkpt lat="46.68147416353554" lon="8.067610620026748">
      <ele>2494.5</ele></trkpt>
      <trkpt lat="46.681500305917545" lon="8.067652921333627">
      <ele>2497.7</ele></trkpt>
      <trkpt lat="46.681511069736054" lon="8.067710754804573">
      <ele>2501.0</ele></trkpt>
      <trkpt lat="46.68153357669054" lon="8.067741838201155">
      <ele>2504.3</ele></trkpt>
      <trkpt lat="46.68155350181766" lon="8.06773052866586">
      <ele>2507.6</ele></trkpt>
      <trkpt lat="46.68157828991331" lon="8.067662822395993">
      <ele>2511.1</ele></trkpt>
      <trkpt lat="46.68161222289981" lon="8.067615377957663">
      <ele>2514.6</ele></trkpt>
      <trkpt lat="46.68165031734835" lon="8.067583261864545">
      <ele>2518.1</ele></trkpt>
      <trkpt lat="46.681692502235" lon="8.067559780981446">
      <ele>2521.5</ele></trkpt>
      <trkpt lat="46.681758741176004" lon="8.067533168636357">
      <ele>2525.0</ele></trkpt>
      <trkpt lat="46.68181236359915" lon="8.067525296901602">
      <ele>2528.5</ele></trkpt>
      <trkpt lat="46.681903855566816" lon="8.067517931470427">
      <ele>2532.0</ele></trkpt>
      <trkpt lat="46.68196819457392" lon="8.067498172209001">
      <ele>2535.5</ele></trkpt>
      <trkpt lat="46.681982692805384" lon="8.067537867829657">
      <ele>2539.0</ele></trkpt>
      <trkpt lat="46.6820376020564" lon="8.067479347675976">
      <ele>2542.4</ele></trkpt>
      <trkpt lat="46.68207486851898" lon="8.067432608154396">
      <ele>2545.9</ele></trkpt>
      <trkpt lat="46.68211703442015" lon="8.067412564438508">
      <ele>2549.4</ele></trkpt>
      <trkpt lat="46.682188173227374" lon="8.067410935302478">
      <ele>2552.9</ele></trkpt>
      <trkpt lat="46.682249016451976" lon="8.067428047890733">
      <ele>2556.4</ele></trkpt>
      <trkpt lat="46.68233104971475" lon="8.0675193113314">
      <ele>2559.9</ele></trkpt>
      <trkpt lat="46.68236667757503" lon="8.067575592190114">
      <ele>2563.4</ele></trkpt>
      <trkpt lat="46.682425638772585" lon="8.067664809655698">
      <ele>2566.8</ele></trkpt>
      <trkpt lat="46.68246849667622" lon="8.067744376219567">
      <ele>2570.3</ele></trkpt>
      <trkpt lat="46.682533662780884" lon="8.067871468142592">
      <ele>2573.8</ele></trkpt>
      <trkpt lat="46.68258283431275" lon="8.067905620898392">
      <ele>2577.3</ele></trkpt>
      <trkpt lat="46.68264345737801" lon="8.067889256278114">
      <ele>2580.0</ele></trkpt>
      <trkpt lat="46.682700851750816" lon="8.067871115532926">
      <ele>2582.8</ele></trkpt>
      <trkpt lat="46.682748638017266" lon="8.067905252253457">
      <ele>2585.5</ele></trkpt>
      <trkpt lat="46.68278683511227" lon="8.067924650594293">
      <ele>2588.3</ele></trkpt>
      <trkpt lat="46.68282378297676" lon="8.067924270695407">
      <ele>2591.0</ele></trkpt>
      <trkpt lat="46.68285589204433" lon="8.067889483182668">
      <ele>2593.7</ele></trkpt>
      <trkpt lat="46.68286901460721" lon="8.067862186457923">
      <ele>2596.5</ele></trkpt>
      <trkpt lat="46.68290066489925" lon="8.06782739353451">
      <ele>2599.2</ele></trkpt>
      <trkpt lat="46.68294575147129" lon="8.067785071193194">
      <ele>2602.0</ele></trkpt>
      <trkpt lat="46.682974537438156" lon="8.067763982717654">
      <ele>2604.7</ele></trkpt>
      <trkpt lat="46.68301816398799" lon="8.06773193035944">
      <ele>2607.4</ele></trkpt>
      <trkpt lat="46.68305762008143" lon="8.06770411675666">
      <ele>2610.2</ele></trkpt>
      <trkpt lat="46.683089700603986" lon="8.067674491794648">
      <ele>2612.9</ele></trkpt>
      <trkpt lat="46.68311939038185" lon="8.067654263365998">
      <ele>2615.7</ele></trkpt>
      <trkpt lat="46.683149009451334" lon="8.067645223137683">
      <ele>2618.4</ele></trkpt>
      <trkpt lat="46.683166915990924" lon="8.06763128852597">
      <ele>2621.1</ele></trkpt>
      <trkpt lat="46.68318084865738" lon="8.067616941626547">
      <ele>2623.9</ele></trkpt>
      <trkpt lat="46.68316854346145" lon="8.067572708752246">
      <ele>2626.6</ele></trkpt>
      <trkpt lat="46.68320124181343" lon="8.067574592746887">
      <ele>2629.4</ele></trkpt>
      <trkpt lat="46.6831925427644" lon="8.067520781362807">
      <ele>2632.1</ele></trkpt>
      <trkpt lat="46.683180150048784" lon="8.067490782152731">
      <ele>2630.3</ele></trkpt>
      <trkpt lat="46.68317905066135" lon="8.067442183245491">
      <ele>2628.5</ele></trkpt>
      <trkpt lat="46.683169902991324" lon="8.067381621881378">
      <ele>2626.7</ele></trkpt>
      <trkpt lat="46.68317023617075" lon="8.0673130274716">
      <ele>2624.9</ele></trkpt>
      <trkpt lat="46.683210798840484" lon="8.067288441913632">
      <ele>2623.2</ele></trkpt>
      <trkpt lat="46.683251861620796" lon="8.067298788760276">
      <ele>2621.4</ele></trkpt>
      <trkpt lat="46.683300850007555" lon="8.067346611948913">
      <ele>2619.6</ele></trkpt>
      <trkpt lat="46.68337115690682" lon="8.067414290475208">
      <ele>2617.8</ele></trkpt>
      <trkpt lat="46.683422938538314" lon="8.067423755750625">
      <ele>2616.0</ele></trkpt>
      <trkpt lat="46.683470197163324" lon="8.067395352842706">
      <ele>2614.2</ele></trkpt>
      <trkpt lat="46.68344231034438" lon="8.067321893768755">
      <ele>2612.4</ele></trkpt>
      <trkpt lat="46.683488073825934" lon="8.067319929865404">
      <ele>2610.6</ele></trkpt>
      <trkpt lat="46.6835526445259" lon="8.067328302166276">
      <ele>2608.8</ele></trkpt>
      <trkpt lat="46.68361167141613" lon="8.0673681120892">
      <ele>2607.0</ele></trkpt>
      <trkpt lat="46.683653014918384" lon="8.067441754240482">
      <ele>2605.2</ele></trkpt>
      <trkpt lat="46.6837123402713" lon="8.067554676466584">
      <ele>2603.5</ele></trkpt>
      <trkpt lat="46.68374380261605" lon="8.067586571217722">
      <ele>2601.7</ele></trkpt>
      <trkpt lat="46.68376866159385" lon="8.067595710106938">
      <ele>2599.9</ele></trkpt>
      <trkpt lat="46.68381016983967" lon="8.06763782616809">
      <ele>2598.1</ele></trkpt>
      <trkpt lat="46.683831409441105" lon="8.067694816842286">
      <ele>2596.3</ele></trkpt>
      <trkpt lat="46.683960695072955" lon="8.067610377573375">
      <ele>2596.0</ele></trkpt>
      <trkpt lat="46.68402924485258" lon="8.067443664300072">
      <ele>2595.7</ele></trkpt>
      <trkpt lat="46.6839897348621" lon="8.067212021392377">
      <ele>2595.4</ele></trkpt>
      <trkpt lat="46.68392733020262" lon="8.066918310388333">
      <ele>2595.1</ele></trkpt>
      <trkpt lat="46.683920802715996" lon="8.066867059522231">
      <ele>2594.8</ele></trkpt>
      <trkpt lat="46.68403923079207" lon="8.066808569555043">
      <ele>2594.4</ele></trkpt>
      <trkpt lat="46.68414967366451" lon="8.066839343620128">
      <ele>2594.1</ele></trkpt>
      <trkpt lat="46.684214563063065" lon="8.066814360503109">
      <ele>2593.8</ele></trkpt>
      <trkpt lat="46.68426944422124" lon="8.066790267429099">
      <ele>2593.5</ele></trkpt>
      <trkpt lat="46.68431694117073" lon="8.066723461943248">
      <ele>2593.2</ele></trkpt>
      <trkpt lat="46.6843625884305" lon="8.06666909207291">
      <ele>2592.9</ele></trkpt>
      <trkpt lat="46.6844041306758" lon="8.066613615576294">
      <ele>2592.6</ele></trkpt>
      <trkpt lat="46.68449131179911" lon="8.066506905951732">
      <ele>2592.3</ele></trkpt>
      <trkpt lat="46.68453038201362" lon="8.066469060258228">
      <ele>2592.0</ele></trkpt>
      <trkpt lat="46.684545408399195" lon="8.066419418881248">
      <ele>2591.7</ele></trkpt>
      <trkpt lat="46.684581669528946" lon="8.066360756494145">
      <ele>2591.3</ele></trkpt>
      <trkpt lat="46.68464272094561" lon="8.066291035936613">
      <ele>2591.0</ele></trkpt>
      <trkpt lat="46.68470193163977" lon="8.066233764222888">
      <ele>2590.7</ele></trkpt>
      <trkpt lat="46.684732828455" lon="8.066185405064298">
      <ele>2590.4</ele></trkpt>
      <trkpt lat="46.68473599121248" lon="8.066150122089127">
      <ele>2590.1</ele></trkpt>
      <trkpt lat="46.68474907307773" lon="8.066128509713172">
      <ele>2591.4</ele></trkpt>
      <trkpt lat="46.6847744409822" lon="8.066069694209116">
      <ele>2592.8</ele></trkpt>
      <trkpt lat="46.6847744409822" lon="8.066069694209116">
      <ele>2594.1</ele></trkpt>
      <trkpt lat="46.68479773327727" lon="8.066169035331235">
      <ele>2595.4</ele></trkpt>
      <trkpt lat="46.684813895648595" lon="8.066234986943464">
      <ele>2596.8</ele></trkpt>
      <trkpt lat="46.684831389356226" lon="8.066305842892566">
      <ele>2598.1</ele></trkpt>
      <trkpt lat="46.68484109278006" lon="8.066365235935997">
      <ele>2599.4</ele></trkpt>
      <trkpt lat="46.68483511244531" lon="8.066410656015536">
      <ele>2600.8</ele></trkpt>
      <trkpt lat="46.684825584532064" lon="8.066489341585706">
      <ele>2602.1</ele></trkpt>
      <trkpt lat="46.68483466322569" lon="8.066565785990448">
      <ele>2603.4</ele></trkpt>
      <trkpt lat="46.6848670260497" lon="8.066638409734814">
      <ele>2604.8</ele></trkpt>
      <trkpt lat="46.68490702955111" lon="8.066689201120303">
      <ele>2606.1</ele></trkpt>
      <trkpt lat="46.68497165770938" lon="8.066741050213448">
      <ele>2607.5</ele></trkpt>
      <trkpt lat="46.68502202486302" lon="8.066829308359708">
      <ele>2608.8</ele></trkpt>
      <trkpt lat="46.68505789927519" lon="8.066873555326012">
      <ele>2610.1</ele></trkpt>
      <trkpt lat="46.68512961980306" lon="8.066913291314732">
      <ele>2611.5</ele></trkpt>
      <trkpt lat="46.68518036789158" lon="8.06695850885538">
      <ele>2612.8</ele></trkpt>
      <trkpt lat="46.68521516772458" lon="8.067018181347898">
      <ele>2614.1</ele></trkpt>
      <trkpt lat="46.68523472484557" lon="8.06706711450987">
      <ele>2615.5</ele></trkpt>
      <trkpt lat="46.68527837461419" lon="8.067073256407408">
      <ele>2616.8</ele></trkpt>
      <trkpt lat="46.68532434067655" lon="8.067081869703731">
      <ele>2618.2</ele></trkpt>
      <trkpt lat="46.68536161825356" lon="8.067124499435092">
      <ele>2619.6</ele></trkpt>
      <trkpt lat="46.685399197586" lon="8.067185825496814">
      <ele>2621.0</ele></trkpt>
      <trkpt lat="46.68541213889344" lon="8.067246877928206">
      <ele>2622.4</ele></trkpt>
      <trkpt lat="46.68542416394967" lon="8.067358272550234">
      <ele>2623.8</ele></trkpt>
      <trkpt lat="46.68544714885374" lon="8.06743974260885">
      <ele>2625.2</ele></trkpt>
      <trkpt lat="46.68548326661091" lon="8.067509966991723">
      <ele>2626.6</ele></trkpt>
      <trkpt lat="46.68553611531259" lon="8.067578778478854">
      <ele>2628.0</ele></trkpt>
      <trkpt lat="46.68559722663196" lon="8.06766145105935">
      <ele>2629.4</ele></trkpt>
      <trkpt lat="46.685666055058874" lon="8.06771172999322">
      <ele>2630.8</ele></trkpt>
      <trkpt lat="46.6857268868722" lon="8.067773301557214">
      <ele>2632.1</ele></trkpt>
      <trkpt lat="46.685812704444885" lon="8.06790091633183">
      <ele>2633.5</ele></trkpt>
      <trkpt lat="46.68586263989152" lon="8.068036270232293">
      <ele>2634.9</ele></trkpt>
      <trkpt lat="46.68587678645591" lon="8.068118461759115">
      <ele>2636.3</ele></trkpt>
      <trkpt lat="46.6858860481443" lon="8.068174596216863">
      <ele>2637.7</ele></trkpt>
      <trkpt lat="46.68589988751322" lon="8.068186940634336">
      <ele>2639.1</ele></trkpt>
      <trkpt lat="46.68591988851227" lon="8.068186337190145">
      <ele>2640.5</ele></trkpt>
      <trkpt lat="46.68594731597391" lon="8.068238618102184">
      <ele>2641.9</ele></trkpt>
      <trkpt lat="46.68598278500808" lon="8.068276352185773">
      <ele>2643.3</ele></trkpt>
      <trkpt lat="46.686032966032506" lon="8.068332937768874">
      <ele>2644.7</ele></trkpt>
      <trkpt lat="46.68607761124639" lon="8.068435746944562">
      <ele>2646.3</ele></trkpt>
      <trkpt lat="46.68609531548762" lon="8.068536647261052">
      <ele>2647.9</ele></trkpt>
      <trkpt lat="46.68612209167805" lon="8.068662830220113">
      <ele>2649.6</ele></trkpt>
      <trkpt lat="46.68616627776559" lon="8.06876564755655">
      <ele>2651.2</ele></trkpt>
      <trkpt lat="46.686221716729904" lon="8.068857210621125">
      <ele>2652.8</ele></trkpt>
      <trkpt lat="46.68627288300652" lon="8.0689600967088">
      <ele>2654.4</ele></trkpt>
      <trkpt lat="46.68632652269813" lon="8.06904514232452">
      <ele>2656.0</ele></trkpt>
      <trkpt lat="46.68635943202407" lon="8.069056049529463">
      <ele>2657.7</ele></trkpt>
      <trkpt lat="46.68639336319963" lon="8.06916200286436">
      <ele>2659.3</ele></trkpt>
      <trkpt lat="46.6864136036453" lon="8.069290554997362">
      <ele>2660.9</ele></trkpt>
      <trkpt lat="46.686436731997176" lon="8.069513364756942">
      <ele>2662.5</ele></trkpt>
      <trkpt lat="46.686461996433785" lon="8.069754866663294">
      <ele>2664.1</ele></trkpt>
      <trkpt lat="46.686473321873976" lon="8.069893079857335">
      <ele>2665.8</ele></trkpt>
      <trkpt lat="46.68648859605155" lon="8.069953337897113">
      <ele>2667.4</ele></trkpt>
      <trkpt lat="46.6865158382934" lon="8.069973931249374">
      <ele>2669.0</ele></trkpt>
      <trkpt lat="46.686548801433176" lon="8.069979976852103">
      <ele>2670.6</ele></trkpt>
      <trkpt lat="46.6865698414322" lon="8.070019190898357">
      <ele>2672.2</ele></trkpt>
      <trkpt lat="46.686589797522885" lon="8.070127439407148">
      <ele>2673.9</ele></trkpt>
      <trkpt lat="46.6866112782811" lon="8.070273863455759">
      <ele>2675.5</ele></trkpt>
      <trkpt lat="46.68663167498521" lon="8.070383725174976">
      <ele>2677.1</ele></trkpt>
      <trkpt lat="46.68663861022915" lon="8.070440657147316">
      <ele>2677.7</ele></trkpt>
      <trkpt lat="46.68661129590727" lon="8.070480181520278">
      <ele>2678.3</ele></trkpt>
      <trkpt lat="46.6866409756851" lon="8.07053978490179">
      <ele>2678.9</ele></trkpt>
      <trkpt lat="46.68667468536951" lon="8.070566951159154">
      <ele>2679.5</ele></trkpt>
      <trkpt lat="46.68669153788448" lon="8.070605306048735">
      <ele>2680.1</ele></trkpt>
      <trkpt lat="46.68673158911276" lon="8.070650416267261">
      <ele>2680.6</ele></trkpt>
      <trkpt lat="46.6867528672301" lon="8.07071479746675">
      <ele>2681.2</ele></trkpt>
      <trkpt lat="46.68677555268519" lon="8.070830385917226">
      <ele>2681.8</ele></trkpt>
      <trkpt lat="46.68679909739009" lon="8.070901303735543">
      <ele>2682.4</ele></trkpt>
      <trkpt lat="46.68683530746824" lon="8.070959363068265">
      <ele>2683.0</ele></trkpt>
      <trkpt lat="46.68686498250143" lon="8.071019777385438">
      <ele>2683.6</ele></trkpt>
      <trkpt lat="46.68689628531962" lon="8.071107845521299">
      <ele>2684.2</ele></trkpt>
      <trkpt lat="46.68694765168075" lon="8.071239169516032">
      <ele>2684.8</ele></trkpt>
      <trkpt lat="46.68699943215856" lon="8.071325007175641">
      <ele>2685.4</ele></trkpt>
      <trkpt lat="46.68706045509514" lon="8.071416639735707">
      <ele>2685.9</ele></trkpt>
      <trkpt lat="46.68712060950289" lon="8.071552917240862">
      <ele>2686.5</ele></trkpt>
      <trkpt lat="46.68717231313526" lon="8.071646075063358">
      <ele>2687.1</ele></trkpt>
      <trkpt lat="46.68724555996718" lon="8.071775186115937">
      <ele>2687.7</ele></trkpt>
      <trkpt lat="46.68733921229441" lon="8.071908589234095">
      <ele>2688.3</ele></trkpt>
      <trkpt lat="46.687429320637484" lon="8.072024081335693">
      <ele>2688.9</ele></trkpt>
      <trkpt lat="46.68751183202569" lon="8.072156557228546">
      <ele>2689.9</ele></trkpt>
      <trkpt lat="46.68756966109939" lon="8.072241657152988">
      <ele>2690.9</ele></trkpt>
      <trkpt lat="46.687666267280065" lon="8.0724083789219">
      <ele>2691.9</ele></trkpt>
      <trkpt lat="46.687674563186036" lon="8.072521369681166">
      <ele>2692.9</ele></trkpt>
      <trkpt lat="46.687704699441284" lon="8.072634603816848">
      <ele>2693.9</ele></trkpt>
      <trkpt lat="46.68776262625613" lon="8.072760308705153">
      <ele>2695.0</ele></trkpt>
      <trkpt lat="46.68780532868371" lon="8.072872056692317">
      <ele>2696.0</ele></trkpt>
      <trkpt lat="46.68783573838182" lon="8.073007230097277">
      <ele>2697.0</ele></trkpt>
      <trkpt lat="46.68784005066888" lon="8.073045452333105">
      <ele>2698.0</ele></trkpt>
      <trkpt lat="46.68786482730164" lon="8.073082254801275">
      <ele>2699.0</ele></trkpt>
      <trkpt lat="46.68790077914693" lon="8.07316874635052">
      <ele>2700.0</ele></trkpt>
      <trkpt lat="46.68792235661736" lon="8.073251827115248">
      <ele>2701.0</ele></trkpt>
      <trkpt lat="46.68795746892986" lon="8.07327739121374">
      <ele>2702.0</ele></trkpt>
      <trkpt lat="46.68799683322831" lon="8.073243682328643">
      <ele>2703.0</ele></trkpt>
      <trkpt lat="46.68804197421503" lon="8.073135344969531">
      <ele>2704.1</ele></trkpt>
      <trkpt lat="46.68807278030335" lon="8.073069860674511">
      <ele>2705.1</ele></trkpt>
      <trkpt lat="46.68809698662006" lon="8.0730668769317">
      <ele>2706.1</ele></trkpt>
      <trkpt lat="46.68811579954613" lon="8.073093883557931">
      <ele>2707.1</ele></trkpt>
      <trkpt lat="46.688122652199354" lon="8.073160568593638">
      <ele>2708.1</ele></trkpt>
      <trkpt lat="46.68813637605687" lon="8.073208130845911">
      <ele>2709.1</ele></trkpt>
      <trkpt lat="46.68815725935505" lon="8.073241358253354">
      <ele>2709.5</ele></trkpt>
      <trkpt lat="46.6881844648737" lon="8.073266829534457">
      <ele>2709.8</ele></trkpt>
      <trkpt lat="46.68822471813036" lon="8.073289996546741">
      <ele>2710.2</ele></trkpt>
      <trkpt lat="46.688255045976085" lon="8.073278143207187">
      <ele>2710.6</ele></trkpt>
      <trkpt lat="46.68828660034001" lon="8.073243100462594">
      <ele>2711.0</ele></trkpt>
      <trkpt lat="46.68830580618096" lon="8.07321565153096">
      <ele>2711.3</ele></trkpt>
      <trkpt lat="46.68833045690133" lon="8.073155428247082">
      <ele>2711.7</ele></trkpt>
      <trkpt lat="46.68834668266997" lon="8.073176927209044">
      <ele>2712.1</ele></trkpt>
      <trkpt lat="46.688353087747785" lon="8.07315266132297">
      <ele>2712.5</ele></trkpt>
      <trkpt lat="46.68835059658792" lon="8.073104028191654">
      <ele>2712.8</ele></trkpt>
      <trkpt lat="46.688368661775726" lon="8.07310697261313">
      <ele>2713.2</ele></trkpt>
      <trkpt lat="46.68838306409533" lon="8.073082709158797">
      <ele>2713.6</ele></trkpt>
      <trkpt lat="46.68839630026415" lon="8.073137089783778">
      <ele>2714.0</ele></trkpt>
      <trkpt lat="46.688414489852576" lon="8.073119289468211">
      <ele>2714.3</ele></trkpt>
      <trkpt lat="46.68842298770822" lon="8.07315220153843">
      <ele>2714.7</ele></trkpt>
      <trkpt lat="46.68846988632325" lon="8.073103063606906">
      <ele>2715.1</ele></trkpt>
      <trkpt lat="46.68851184174205" lon="8.073066051198978">
      <ele>2715.5</ele></trkpt>
      <trkpt lat="46.688557547645686" lon="8.073040495201504">
      <ele>2715.8</ele></trkpt>
      <trkpt lat="46.68864421892514" lon="8.073026532159801">
      <ele>2716.2</ele></trkpt>
      <trkpt lat="46.68869619977258" lon="8.073001716486154">
      <ele>2716.6</ele></trkpt>
      <trkpt lat="46.68875612403795" lon="8.072983347397718">
      <ele>2717.8</ele></trkpt>
      <trkpt lat="46.68880211212568" lon="8.07296851413627">
      <ele>2719.0</ele></trkpt>
      <trkpt lat="46.68883608807573" lon="8.072986522169678">
      <ele>2720.2</ele></trkpt>
      <trkpt lat="46.68886709368871" lon="8.072977343319705">
      <ele>2721.4</ele></trkpt>
      <trkpt lat="46.688895800573015" lon="8.07300461032825">
      <ele>2722.6</ele></trkpt>
      <trkpt lat="46.68895660600376" lon="8.07307203477162">
      <ele>2723.8</ele></trkpt>
      <trkpt lat="46.688968136107455" lon="8.073062784014198">
      <ele>2725.0</ele></trkpt>
      <trkpt lat="46.688991308627166" lon="8.0730257074477">
      <ele>2726.2</ele></trkpt>
      <trkpt lat="46.689002779106985" lon="8.073027175620732">
      <ele>2727.4</ele></trkpt>
      <trkpt lat="46.68902750170505" lon="8.073080162297517">
      <ele>2728.6</ele></trkpt>
      <trkpt lat="46.68904629251493" lon="8.073078801265583">
      <ele>2729.9</ele></trkpt>
      <trkpt lat="46.68905541661817" lon="8.073063822506805">
      <ele>2731.1</ele></trkpt>
      <trkpt lat="46.689092635426526" lon="8.073063253172375">
      <ele>2732.3</ele></trkpt>
      <trkpt lat="46.689124437994785" lon="8.073036945285187">
      <ele>2733.5</ele></trkpt>
      <trkpt lat="46.68915860193877" lon="8.073022770499584">
      <ele>2734.7</ele></trkpt>
      <trkpt lat="46.68923778372738" lon="8.073100268086215">
      <ele>2735.9</ele></trkpt>
      <trkpt lat="46.689312276046714" lon="8.073087678319943">
      <ele>2737.1</ele></trkpt>
      <trkpt lat="46.689318880644024" lon="8.073087376806125">
      <ele>2738.3</ele></trkpt>
      <trkpt lat="46.68938706747797" lon="8.073084386817321">
      <ele>2739.5</ele></trkpt>
      <trkpt lat="46.68945371762451" lon="8.073105367444509">
      <ele>2740.7</ele></trkpt>
      <trkpt lat="46.68948816251415" lon="8.073161972366862">
      <ele>2741.9</ele></trkpt>
      <trkpt lat="46.68950732740811" lon="8.073272846269665">
      <ele>2743.2</ele></trkpt>
      <trkpt lat="46.68952911707565" lon="8.073350114616959">
      <ele>2744.4</ele></trkpt>
      <trkpt lat="46.68954492087834" lon="8.073440960738896">
      <ele>2745.7</ele></trkpt>
      <trkpt lat="46.689572322346855" lon="8.073510412242106">
      <ele>2746.9</ele></trkpt>
      <trkpt lat="46.68961583953621" lon="8.073561319859056">
      <ele>2748.1</ele></trkpt>
      <trkpt lat="46.689680797179875" lon="8.07357443752111">
      <ele>2749.4</ele></trkpt>
      <trkpt lat="46.68972688453846" lon="8.07360319077694">
      <ele>2750.6</ele></trkpt>
      <trkpt lat="46.68975424754862" lon="8.07361974910065">
      <ele>2751.9</ele></trkpt>
      <trkpt lat="46.689777292967754" lon="8.073605535288042">
      <ele>2753.1</ele></trkpt>
      <trkpt lat="46.6897906477987" lon="8.073582004172799">
      <ele>2754.3</ele></trkpt>
      <trkpt lat="46.689832136153115" lon="8.073564281399742">
      <ele>2755.6</ele></trkpt>
      <trkpt lat="46.68987930908681" lon="8.073527303612908">
      <ele>2756.8</ele></trkpt>
      <trkpt lat="46.68989126976807" lon="8.073621700249069">
      <ele>2758.1</ele></trkpt>
      <trkpt lat="46.6899097773779" lon="8.073608191273575">
      <ele>2759.3</ele></trkpt>
      <trkpt lat="46.68993443853209" lon="8.073613998052048">
      <ele>2760.5</ele></trkpt>
      <trkpt lat="46.689954310164936" lon="8.073664105106225">
      <ele>2761.8</ele></trkpt>
      <trkpt lat="46.68999914189908" lon="8.073611386067746">
      <ele>2763.0</ele></trkpt>
      <trkpt lat="46.69001824665901" lon="8.073615035841634">
      <ele>2764.3</ele></trkpt>
      <trkpt lat="46.69003586602604" lon="8.073691589293883">
      <ele>2765.5</ele></trkpt>
      <trkpt lat="46.690089154250195" lon="8.073621020408098">
      <ele>2767.1</ele></trkpt>
      <trkpt lat="46.690127628464595" lon="8.073584005576274">
      <ele>2768.7</ele></trkpt>
      <trkpt lat="46.690157349325915" lon="8.073558378956612">
      <ele>2770.2</ele></trkpt>
      <trkpt lat="46.690170881828585" lon="8.073562721438948">
      <ele>2771.8</ele></trkpt>
      <trkpt lat="46.69017480994374" lon="8.073602052064047">
      <ele>2773.4</ele></trkpt>
      <trkpt lat="46.69019730844869" lon="8.073621442461913">
      <ele>2774.9</ele></trkpt>
      <trkpt lat="46.69021312657515" lon="8.073651513424721">
      <ele>2776.5</ele></trkpt>
      <trkpt lat="46.69021330969004" lon="8.073736568735955">
      <ele>2778.1</ele></trkpt>
      <trkpt lat="46.6902313086576" lon="8.07380955803109">
      <ele>2779.7</ele></trkpt>
      <trkpt lat="46.69026918974671" lon="8.073872597364682">
      <ele>2781.2</ele></trkpt>
      <trkpt lat="46.69029429721971" lon="8.07386125770684">
      <ele>2782.8</ele></trkpt>
      <trkpt lat="46.69033001179142" lon="8.073820654570234">
      <ele>2784.4</ele></trkpt>
      <trkpt lat="46.690372277442876" lon="8.073789358023838">
      <ele>2786.0</ele></trkpt>
      <trkpt lat="46.69042199562192" lon="8.073851033348367">
      <ele>2787.6</ele></trkpt>
      <trkpt lat="46.69043521319145" lon="8.07384892718849">
      <ele>2789.1</ele></trkpt>
      <trkpt lat="46.69045349903016" lon="8.073758937957024">
      <ele>2790.7</ele></trkpt>
      <trkpt lat="46.69048315411682" lon="8.073741899531086">
      <ele>2792.3</ele></trkpt>
      <trkpt lat="46.690523004345614" lon="8.073766344309414">
      <ele>2793.8</ele></trkpt>
      <trkpt lat="46.690576822778716" lon="8.073838042808408">
      <ele>2795.4</ele></trkpt>
      <trkpt lat="46.690615843878184" lon="8.073885368999912">
      <ele>2797.0</ele></trkpt>
      <trkpt lat="46.69065590998865" lon="8.073872662616946">
      <ele>2798.5</ele></trkpt>
      <trkpt lat="46.69067254790091" lon="8.07399779839361">
      <ele>2800.1</ele></trkpt>
      <trkpt lat="46.690691959622896" lon="8.074009321998101">
      <ele>2801.6</ele></trkpt>
      <trkpt lat="46.69072812860219" lon="8.07395013397436">
      <ele>2803.1</ele></trkpt>
      <trkpt lat="46.690749577271184" lon="8.073910892297384">
      <ele>2804.7</ele></trkpt>
      <trkpt lat="46.690772053427175" lon="8.073874525700697">
      <ele>2806.2</ele></trkpt>
      <trkpt lat="46.69080011816767" lon="8.07389106659188">
      <ele>2807.7</ele></trkpt>
      <trkpt lat="46.69083497689021" lon="8.073879763106474">
      <ele>2809.2</ele></trkpt>
      <trkpt lat="46.69085578589992" lon="8.07388914606489">
      <ele>2810.8</ele></trkpt>
      <trkpt lat="46.69086812258861" lon="8.073919215734751">
      <ele>2812.3</ele></trkpt>
      <trkpt lat="46.69090376688807" lon="8.073949376616573">
      <ele>2813.8</ele></trkpt>
      <trkpt lat="46.690935382932324" lon="8.074013114435672">
      <ele>2815.4</ele></trkpt>
      <trkpt lat="46.6909752331014" lon="8.074037559618864">
      <ele>2816.9</ele></trkpt>
      <trkpt lat="46.691029014262334" lon="8.074057789238434">
      <ele>2818.4</ele></trkpt>
      <trkpt lat="46.691078339395354" lon="8.074067272547275">
      <ele>2819.9</ele></trkpt>
      <trkpt lat="46.69113062546184" lon="8.0740474543298">
      <ele>2821.5</ele></trkpt>
      <trkpt lat="46.69118483317316" lon="8.074054092836638">
      <ele>2823.0</ele></trkpt>
      <trkpt lat="46.69123058940077" lon="8.074079287475307">
      <ele>2824.5</ele></trkpt>
      <trkpt lat="46.69125932157955" lon="8.074042222915956">
      <ele>2826.1</ele></trkpt>
      <trkpt lat="46.69128153161766" lon="8.073992269747613">
      <ele>2827.6</ele></trkpt>
      <trkpt lat="46.691299705388" lon="8.073977331633422">
      <ele>2829.8</ele></trkpt>
      <trkpt lat="46.69133037850484" lon="8.074024625696872">
      <ele>2832.1</ele></trkpt>
      <trkpt lat="46.691374942908126" lon="8.074074828679802">
      <ele>2834.3</ele></trkpt>
      <trkpt lat="46.69145473593001" lon="8.074165202354546">
      <ele>2836.5</ele></trkpt>
      <trkpt lat="46.69154402489092" lon="8.074238457391537">
      <ele>2838.8</ele></trkpt>
      <trkpt lat="46.69163126268638" lon="8.074305269496012">
      <ele>2841.0</ele></trkpt>
      <trkpt lat="46.691722699391406" lon="8.074369228957387">
      <ele>2843.2</ele></trkpt>
      <trkpt lat="46.69177952331303" lon="8.074405196182905">
      <ele>2845.4</ele></trkpt>
      <trkpt lat="46.691865003840654" lon="8.074474158347268">
      <ele>2847.7</ele></trkpt>
      <trkpt lat="46.691921300184326" lon="8.074530527218734">
      <ele>2849.9</ele></trkpt>
      <trkpt lat="46.69192446699822" lon="8.074533702140094">
      <ele>2852.1</ele></trkpt>
      <trkpt lat="46.69195550450253" lon="8.074518824000613">
      <ele>2854.4</ele></trkpt>
      <trkpt lat="46.691976917507816" lon="8.074542490734016">
      <ele>2856.6</ele></trkpt>
      <trkpt lat="46.69200936344825" lon="8.0745847863815">
      <ele>2858.8</ele></trkpt>
      <trkpt lat="46.69205789922165" lon="8.07460998844624">
      <ele>2861.0</ele></trkpt>
      <trkpt lat="46.692117763814146" lon="8.074602365707346">
      <ele>2863.3</ele></trkpt>
      <trkpt lat="46.69215487300748" lon="8.074618229506193">
      <ele>2865.5</ele></trkpt>
      <trkpt lat="46.692180062261436" lon="8.074651929007752">
      <ele>2867.7</ele></trkpt>
      <trkpt lat="46.692218852880025" lon="8.07467922584811">
      <ele>2870.0</ele></trkpt>
      <trkpt lat="46.69226277010318" lon="8.074661531728555">
      <ele>2872.2</ele></trkpt>
      <trkpt lat="46.6922923705328" lon="8.07465593192828">
      <ele>2873.1</ele></trkpt>
      <trkpt lat="46.69234587361684" lon="8.07466470695206">
      <ele>2874.0</ele></trkpt>
      <trkpt lat="46.692392013423934" lon="8.074685619041459">
      <ele>2875.0</ele></trkpt>
      <trkpt lat="46.692451506328936" lon="8.074680122954069">
      <ele>2875.9</ele></trkpt>
      <trkpt lat="46.69247707228372" lon="8.07464949200415">
      <ele>2876.8</ele></trkpt>
      <trkpt lat="46.69248478240992" lon="8.074581600177185">
      <ele>2877.7</ele></trkpt>
      <trkpt lat="46.69250531028561" lon="8.074581698133551">
      <ele>2878.6</ele></trkpt>
      <trkpt lat="46.692522649015224" lon="8.074530993763979">
      <ele>2879.6</ele></trkpt>
      <trkpt lat="46.69253585562082" lon="8.074532469725035">
      <ele>2880.5</ele></trkpt>
      <trkpt lat="46.692555011034784" lon="8.074468935353169">
      <ele>2881.4</ele></trkpt>
      <trkpt lat="46.69260093961778" lon="8.074464808899641">
      <ele>2882.3</ele></trkpt>
      <trkpt lat="46.69262102803398" lon="8.07447919110136">
      <ele>2883.2</ele></trkpt>
      <trkpt lat="46.69263883910148" lon="8.074466392582847">
      <ele>2884.2</ele></trkpt>
      <trkpt lat="46.69264503521404" lon="8.074419949591391">
      <ele>2885.1</ele></trkpt>
      <trkpt lat="46.69265917555698" lon="8.074381405077071">
      <ele>2886.0</ele></trkpt>
      <trkpt lat="46.6926988550539" lon="8.074375126258111">
      <ele>2886.9</ele></trkpt>
      <trkpt lat="46.69275564601276" lon="8.074358903740045">
      <ele>2887.8</ele></trkpt>
      <trkpt lat="46.6927905266389" lon="8.07434044911335">
      <ele>2888.8</ele></trkpt>
      <trkpt lat="46.692826677045346" lon="8.074342731174504">
      <ele>2889.7</ele></trkpt>
      <trkpt lat="46.69288352821024" lon="8.074344758844427">
      <ele>2890.6</ele></trkpt>
      </trkseg>
  </trk>
</gpx>