<?xml version="1.0" encoding="UTF-8"?>
<gpx xmlns="http://www.topografix.com/GPX/1/1" xmlns:xsi="http://www.w3.org/2001/XMLSchema-instance" xsi:schemaLocation="http://www.topografix.com/GPX/1/1 http://www.topografix.com/GPX/1/1/gpx.xsd" version="1.1" creator="gpx.py -- https://github.com/tkrajina/gpxpy">
  <wpt lat="46.65224480861517" lon="7.911173065975709">
    <ele>1967.0</ele>
    <name>Schynige Platte</name>
    <type>start</type>
  </wpt>
  <wpt lat="46.66892281810453" lon="7.968787902451804">
    <ele>2344.0</ele>
    <name>Berghaus Männdlenen</name>
    <type>hut</type>
  </wpt>
  <wpt lat="46.674830989371195" lon="7.9990749538518395">
    <ele>2681.0</ele>
    <name>Faulhorn</name>
    <type>summit</type>
  </wpt>
  <wpt lat="46.65990319673908" lon="8.053591644162948">
    <ele>2165.0</ele>
    <name>First (Grindelwald)</name>
    <type>start</type>
  </wpt>
  <trk>
    <name>Schynige Platte – First</name>
    <trkseg>
      <trkpt lat="46.651859080214976" lon="7.910715007941395">
        <ele>1970.0</ele>
      </trkpt>
      <trkpt lat="46.65185396049519" lon="7.9107239770752455">
        <ele>1968.8</ele>
      </trkpt>
      <trkpt lat="46.65183869634484" lon="7.910727945686777">
        <ele>1967.5</ele>
      </trkpt>
      <trkpt lat="46.65181385570364" lon="7.910724449727998">
        <ele>1966.2</ele>
      </trkpt>
      <trkpt lat="46.651775435400126" lon="7.91072002520307">
        <ele>1965.0</ele>
      </trkpt>
      <trkpt lat="46.651728636317685" lon="7.910720857411009">
        <ele>1963.8</ele>
      </trkpt>
      <trkpt lat="46.65170255910429" lon="7.91072922540552">
        <ele>1962.5</ele>
      </trkpt>
      <trkpt lat="46.65169461142669" lon="7.910738992808678">
        <ele>1961.2</ele>
      </trkpt>
      <trkpt lat="46.65169115561866" lon="7.910754547401721">
        <ele>1960.0</ele>
      </trkpt>
      <trkpt lat="46.65169385704286" lon="7.910799496462098">
        <ele>1958.8</ele>
      </trkpt>
      <trkpt lat="46.651701772487286" lon="7.910819226228246">
        <ele>1957.5</ele>
      </trkpt>
      <trkpt lat="46.65176578633204" lon="7.910879917040635">
        <ele>1956.2</ele>
      </trkpt>
      <trkpt lat="46.65186681227383" lon="7.910967907743575">
        <ele>1955.0</ele>
      </trkpt>
      <trkpt lat="46.651969105106396" lon="7.911095309641782">
        <ele>1953.8</ele>
      </trkpt>
      <trkpt lat="46.65204619962567" lon="7.911216495463405">
        <ele>1952.5</ele>
      </trkpt>
      <trkpt lat="46.65207126027079" lon="7.911255879340268">
        <ele>1951.2</ele>
      </trkpt>
      <trkpt lat="46.65221891381581" lon="7.911464556159065">
        <ele>1950.0</ele>
      </trkpt>
      <trkpt lat="46.65233957462894" lon="7.911639816089468">
        <ele>1948.8</ele>
      </trkpt>
      <trkpt lat="46.6524928017691" lon="7.911881725651337">
        <ele>1947.5</ele>
      </trkpt>
      <trkpt lat="46.65258937288658" lon="7.912011157778216">
        <ele>1946.2</ele>
      </trkpt>
      <trkpt lat="46.65263470764406" lon="7.912098650944214">
        <ele>1945.0</ele>
      </trkpt>
      <trkpt lat="46.652671495522895" lon="7.912179864073607">
        <ele>1943.8</ele>
      </trkpt>
      <trkpt lat="46.65272403278456" lon="7.912252906788698">
        <ele>1942.7</ele>
      </trkpt>
      <trkpt lat="46.652817820537486" lon="7.912363647568856">
        <ele>1941.5</ele>
      </trkpt>
      <trkpt lat="46.65289871972355" lon="7.912484635328415">
        <ele>1940.4</ele>
      </trkpt>
      <trkpt lat="46.65296688509127" lon="7.912576483925761">
        <ele>1939.2</ele>
      </trkpt>
      <trkpt lat="46.653020929938776" lon="7.912630885478851">
        <ele>1938.0</ele>
      </trkpt>
      <trkpt lat="46.653073518277495" lon="7.912689415607393">
        <ele>1936.9</ele>
      </trkpt>
      <trkpt lat="46.65313049230493" lon="7.912725161741353">
        <ele>1935.7</ele>
      </trkpt>
      <trkpt lat="46.65319183470892" lon="7.912742291045681">
        <ele>1934.6</ele>
      </trkpt>
      <trkpt lat="46.653267426491425" lon="7.912763699732387">
        <ele>1933.4</ele>
      </trkpt>
      <trkpt lat="46.653325856626495" lon="7.9127932404236">
        <ele>1932.2</ele>
      </trkpt>
      <trkpt lat="46.6533684082208" lon="7.912864132889819">
        <ele>1931.1</ele>
      </trkpt>
      <trkpt lat="46.653440716993856" lon="7.912989201565172">
        <ele>1929.9</ele>
      </trkpt>
      <trkpt lat="46.65350723585736" lon="7.913132888144556">
        <ele>1928.8</ele>
      </trkpt>
      <trkpt lat="46.65353969806671" lon="7.913224425037261">
        <ele>1927.6</ele>
      </trkpt>
      <trkpt lat="46.653566413994376" lon="7.913326271300085">
        <ele>1926.4</ele>
      </trkpt>
      <trkpt lat="46.653580223187745" lon="7.913438390129276">
        <ele>1925.3</ele>
      </trkpt>
      <trkpt lat="46.65359691010769" lon="7.913546379959797">
        <ele>1924.1</ele>
      </trkpt>
      <trkpt lat="46.653618016999815" lon="7.913621226171113">
        <ele>1923.0</ele>
      </trkpt>
      <trkpt lat="46.653654873330794" lon="7.913687915256996">
        <ele>1921.8</ele>
      </trkpt>
      <trkpt lat="46.65374007016638" lon="7.913804803381392">
        <ele>1921.2</ele>
      </trkpt>
      <trkpt lat="46.65384508163973" lon="7.913963344503674">
        <ele>1920.6</ele>
      </trkpt>
      <trkpt lat="46.65391317661013" lon="7.914071787327455">
        <ele>1920.0</ele>
      </trkpt>
      <trkpt lat="46.65397555075037" lon="7.914182257269571">
        <ele>1919.4</ele>
      </trkpt>
      <trkpt lat="46.65404121228997" lon="7.914285283741912">
        <ele>1918.8</ele>
      </trkpt>
      <trkpt lat="46.65407798170325" lon="7.914372705774554">
        <ele>1918.3</ele>
      </trkpt>
      <trkpt lat="46.65413043095433" lon="7.914466497578039">
        <ele>1917.7</ele>
      </trkpt>
      <trkpt lat="46.65419074143691" lon="7.91455620440646">
        <ele>1917.1</ele>
      </trkpt>
      <trkpt lat="46.65422477133197" lon="7.914614574216456">
        <ele>1916.5</ele>
      </trkpt>
      <trkpt lat="46.65425808619807" lon="7.914673982933142">
        <ele>1915.9</ele>
      </trkpt>
      <trkpt lat="46.65427300788022" lon="7.914691737924666">
        <ele>1915.3</ele>
      </trkpt>
      <trkpt lat="46.654290807063795" lon="7.914703299738751">
        <ele>1914.7</ele>
      </trkpt>
      <trkpt lat="46.65433856647479" lon="7.9147223891920975">
        <ele>1914.1</ele>
      </trkpt>
      <trkpt lat="46.6543856022613" lon="7.914744581578251">
        <ele>1913.5</ele>
      </trkpt>
      <trkpt lat="46.65441764276045" lon="7.914766641877479">
        <ele>1913.0</ele>
      </trkpt>
      <trkpt lat="46.654447282528146" lon="7.914801353316765">
        <ele>1912.4</ele>
      </trkpt>
      <trkpt lat="46.65445944065223" lon="7.9148540046511435">
        <ele>1911.8</ele>
      </trkpt>
      <trkpt lat="46.65446460664098" lon="7.91487064170935">
        <ele>1911.2</ele>
      </trkpt>
      <trkpt lat="46.65446929303433" lon="7.914887953882276">
        <ele>1910.6</ele>
      </trkpt>
      <trkpt lat="46.65447297673393" lon="7.914917028065143">
        <ele>1910.0</ele>
      </trkpt>
      <trkpt lat="46.6544780531864" lon="7.914955089634791">
        <ele>1910.3</ele>
      </trkpt>
      <trkpt lat="46.65448549314442" lon="7.914998018866214">
        <ele>1910.7</ele>
      </trkpt>
      <trkpt lat="46.65449627005481" lon="7.915038900320208">
        <ele>1911.0</ele>
      </trkpt>
      <trkpt lat="46.65450894528678" lon="7.915081875737247">
        <ele>1911.3</ele>
      </trkpt>
      <trkpt lat="46.65454601127567" lon="7.915210101242625">
        <ele>1911.6</ele>
      </trkpt>
      <trkpt lat="46.65457790287645" lon="7.915325831070749">
        <ele>1912.0</ele>
      </trkpt>
      <trkpt lat="46.654602778942014" lon="7.91540900838862">
        <ele>1912.3</ele>
      </trkpt>
      <trkpt lat="46.65461597128262" lon="7.9154423079429534">
        <ele>1912.6</ele>
      </trkpt>
      <trkpt lat="46.65463015731216" lon="7.91546385846739">
        <ele>1912.9</ele>
      </trkpt>
      <trkpt lat="46.65465194534241" lon="7.915491707731282">
        <ele>1913.2</ele>
      </trkpt>
      <trkpt lat="46.65468886099766" lon="7.915541808300994">
        <ele>1913.6</ele>
      </trkpt>
      <trkpt lat="46.6547300992363" lon="7.915584343691415">
        <ele>1913.9</ele>
      </trkpt>
      <trkpt lat="46.654761770853064" lon="7.915636475325854">
        <ele>1914.2</ele>
      </trkpt>
      <trkpt lat="46.65480152674217" lon="7.915691434954848">
        <ele>1914.5</ele>
      </trkpt>
      <trkpt lat="46.65483278266105" lon="7.915731112784607">
        <ele>1914.9</ele>
      </trkpt>
      <trkpt lat="46.65487926193029" lon="7.915772309895228">
        <ele>1915.2</ele>
      </trkpt>
      <trkpt lat="46.654929546171154" lon="7.915813553741312">
        <ele>1915.5</ele>
      </trkpt>
      <trkpt lat="46.65496513016826" lon="7.915842204479694">
        <ele>1915.8</ele>
      </trkpt>
      <trkpt lat="46.65501163803287" lon="7.915874413779688">
        <ele>1916.2</ele>
      </trkpt>
      <trkpt lat="46.65507996304495" lon="7.915929639247575">
        <ele>1916.5</ele>
      </trkpt>
      <trkpt lat="46.655127883806216" lon="7.915966002574156">
        <ele>1916.8</ele>
      </trkpt>
      <trkpt lat="46.65518342357872" lon="7.916002446337046">
        <ele>1917.1</ele>
      </trkpt>
      <trkpt lat="46.65522754241606" lon="7.916040174097769">
        <ele>1917.4</ele>
      </trkpt>
      <trkpt lat="46.6552536350054" lon="7.916060445396103">
        <ele>1917.7</ele>
      </trkpt>
      <trkpt lat="46.655277878760735" lon="7.91606895548648">
        <ele>1918.0</ele>
      </trkpt>
      <trkpt lat="46.6552935672747" lon="7.916073248579628">
        <ele>1918.3</ele>
      </trkpt>
      <trkpt lat="46.6553092355421" lon="7.916082375325702">
        <ele>1918.6</ele>
      </trkpt>
      <trkpt lat="46.655326287777825" lon="7.916102566794412">
        <ele>1918.9</ele>
      </trkpt>
      <trkpt lat="46.65534096517783" lon="7.91612275035537">
        <ele>1919.2</ele>
      </trkpt>
      <trkpt lat="46.655359915429244" lon="7.9161429586211085">
        <ele>1919.5</ele>
      </trkpt>
      <trkpt lat="46.65537649954682" lon="7.916161081812804">
        <ele>1919.7</ele>
      </trkpt>
      <trkpt lat="46.655387854158256" lon="7.9161777739714285">
        <ele>1920.0</ele>
      </trkpt>
      <trkpt lat="46.655403476351374" lon="7.916200043169642">
        <ele>1920.3</ele>
      </trkpt>
      <trkpt lat="46.65541672613366" lon="7.916217431444977">
        <ele>1920.6</ele>
      </trkpt>
      <trkpt lat="46.655427618432924" lon="7.916230670531651">
        <ele>1920.9</ele>
      </trkpt>
      <trkpt lat="46.65543899943643" lon="7.916243208463745">
        <ele>1921.2</ele>
      </trkpt>
      <trkpt lat="46.65545325767991" lon="7.916247488978598">
        <ele>1921.5</ele>
      </trkpt>
      <trkpt lat="46.655495180970675" lon="7.916240256017691">
        <ele>1921.8</ele>
      </trkpt>
      <trkpt lat="46.655531868663985" lon="7.916230899522233">
        <ele>1922.1</ele>
      </trkpt>
      <trkpt lat="46.65554758937547" lon="7.916229653635633">
        <ele>1922.4</ele>
      </trkpt>
      <trkpt lat="46.6555661207664" lon="7.91623603610924">
        <ele>1922.7</ele>
      </trkpt>
      <trkpt lat="46.655578475184996" lon="7.916241684638795">
        <ele>1923.1</ele>
      </trkpt>
      <trkpt lat="46.655588419829314" lon="7.916253517495434">
        <ele>1923.4</ele>
      </trkpt>
      <trkpt lat="46.6556059747912" lon="7.916267507940641">
        <ele>1923.7</ele>
      </trkpt>
      <trkpt lat="46.65562543972566" lon="7.916280809795964">
        <ele>1924.1</ele>
      </trkpt>
      <trkpt lat="46.655648721250486" lon="7.916291388791548">
        <ele>1924.4</ele>
      </trkpt>
      <trkpt lat="46.65567198832148" lon="7.916305416694268">
        <ele>1924.7</ele>
      </trkpt>
      <trkpt lat="46.65569860393356" lon="7.916314640346229">
        <ele>1925.0</ele>
      </trkpt>
      <trkpt lat="46.65573380373759" lon="7.916321170217652">
        <ele>1925.4</ele>
      </trkpt>
      <trkpt lat="46.65576664582846" lon="7.916321460545968">
        <ele>1925.7</ele>
      </trkpt>
      <trkpt lat="46.655803348271384" lon="7.916310732414036">
        <ele>1926.0</ele>
      </trkpt>
      <trkpt lat="46.655840561994204" lon="7.916289622484031">
        <ele>1926.4</ele>
      </trkpt>
      <trkpt lat="46.65586729959284" lon="7.916271882027437">
        <ele>1926.7</ele>
      </trkpt>
      <trkpt lat="46.655889752145484" lon="7.9162527319010945">
        <ele>1927.0</ele>
      </trkpt>
      <trkpt lat="46.65590025171156" lon="7.916245913560396">
        <ele>1927.3</ele>
      </trkpt>
      <trkpt lat="46.65591835010121" lon="7.916243996264108">
        <ele>1927.7</ele>
      </trkpt>
      <trkpt lat="46.655938326260255" lon="7.91624692944923">
        <ele>1928.0</ele>
      </trkpt>
      <trkpt lat="46.65597159003715" lon="7.916260366411984">
        <ele>1928.3</ele>
      </trkpt>
      <trkpt lat="46.65600295584438" lon="7.916273773549993">
        <ele>1928.7</ele>
      </trkpt>
      <trkpt lat="46.65603001054921" lon="7.916291989553898">
        <ele>1929.0</ele>
      </trkpt>
      <trkpt lat="46.65606705649452" lon="7.916313063590804">
        <ele>1928.9</ele>
      </trkpt>
      <trkpt lat="46.65610317475148" lon="7.916325820372582">
        <ele>1928.8</ele>
      </trkpt>
      <trkpt lat="46.65615352547489" lon="7.916351153565158">
        <ele>1928.8</ele>
      </trkpt>
      <trkpt lat="46.65619670229245" lon="7.916386104261103">
        <ele>1928.7</ele>
      </trkpt>
      <trkpt lat="46.65623087323681" lon="7.9164106020690195">
        <ele>1928.6</ele>
      </trkpt>
      <trkpt lat="46.65627599734348" lon="7.916433811907727">
        <ele>1928.5</ele>
      </trkpt>
      <trkpt lat="46.65630826700946" lon="7.916456921181538">
        <ele>1928.5</ele>
      </trkpt>
      <trkpt lat="46.65632486268609" lon="7.9164722751846615">
        <ele>1928.4</ele>
      </trkpt>
      <trkpt lat="46.65634237128719" lon="7.9164973181789895">
        <ele>1928.3</ele>
      </trkpt>
      <trkpt lat="46.656361757927016" lon="7.916529289003204">
        <ele>1928.2</ele>
      </trkpt>
      <trkpt lat="46.656405243045896" lon="7.916602260890518">
        <ele>1928.2</ele>
      </trkpt>
      <trkpt lat="46.656435510346505" lon="7.916650227751707">
        <ele>1928.1</ele>
      </trkpt>
      <trkpt lat="46.65648610576486" lon="7.916730879459907">
        <ele>1928.0</ele>
      </trkpt>
      <trkpt lat="46.65651352119742" lon="7.916776743943466">
        <ele>1928.0</ele>
      </trkpt>
      <trkpt lat="46.65654426227415" lon="7.916825407621183">
        <ele>1927.9</ele>
      </trkpt>
      <trkpt lat="46.65657170370334" lon="7.9168650666954665">
        <ele>1927.8</ele>
      </trkpt>
      <trkpt lat="46.65661153732505" lon="7.916901360278953">
        <ele>1927.7</ele>
      </trkpt>
      <trkpt lat="46.65663804555624" lon="7.91693616416777">
        <ele>1927.7</ele>
      </trkpt>
      <trkpt lat="46.65666976326381" lon="7.916979310312389">
        <ele>1927.6</ele>
      </trkpt>
      <trkpt lat="46.656690544938364" lon="7.917017512670286">
        <ele>1927.5</ele>
      </trkpt>
      <trkpt lat="46.65674216615217" lon="7.917080889522834">
        <ele>1927.8</ele>
      </trkpt>
      <trkpt lat="46.656778154028416" lon="7.917126830313348">
        <ele>1928.2</ele>
      </trkpt>
      <trkpt lat="46.65678854917499" lon="7.917144899477481">
        <ele>1928.5</ele>
      </trkpt>
      <trkpt lat="46.6567955609139" lon="7.9171760687733705">
        <ele>1928.9</ele>
      </trkpt>
      <trkpt lat="46.656804017113316" lon="7.917201724474511">
        <ele>1929.2</ele>
      </trkpt>
      <trkpt lat="46.65681485998639" lon="7.9172267088898955">
        <ele>1929.5</ele>
      </trkpt>
      <trkpt lat="46.65682763016775" lon="7.91724687642099">
        <ele>1929.9</ele>
      </trkpt>
      <trkpt lat="46.65685696107741" lon="7.917290694190882">
        <ele>1930.2</ele>
      </trkpt>
      <trkpt lat="46.656877780392705" lon="7.917319908563889">
        <ele>1930.6</ele>
      </trkpt>
      <trkpt lat="46.656893460134384" lon="7.91732627937136">
        <ele>1930.9</ele>
      </trkpt>
      <trkpt lat="46.65690725935457" lon="7.917328465854554">
        <ele>1931.2</ele>
      </trkpt>
      <trkpt lat="46.6569182212001" lon="7.917325113859578">
        <ele>1931.6</ele>
      </trkpt>
      <trkpt lat="46.656928244075" lon="7.917318291374034">
        <ele>1931.9</ele>
      </trkpt>
      <trkpt lat="46.65695246161845" lon="7.917333020907039">
        <ele>1932.3</ele>
      </trkpt>
      <trkpt lat="46.656977626853134" lon="7.917349143718874">
        <ele>1932.6</ele>
      </trkpt>
      <trkpt lat="46.657015093940736" lon="7.917381275418645">
        <ele>1932.9</ele>
      </trkpt>
      <trkpt lat="46.65704118074231" lon="7.917405010164371">
        <ele>1933.3</ele>
      </trkpt>
      <trkpt lat="46.65705823268654" lon="7.917425215762102">
        <ele>1933.6</ele>
      </trkpt>
      <trkpt lat="46.65707477308086" lon="7.917453699943064">
        <ele>1934.0</ele>
      </trkpt>
      <trkpt lat="46.65708374372927" lon="7.917470371773957">
        <ele>1934.3</ele>
      </trkpt>
      <trkpt lat="46.65709266498166" lon="7.917498801525166">
        <ele>1934.5</ele>
      </trkpt>
      <trkpt lat="46.657095903526866" lon="7.9175223338673435">
        <ele>1934.6</ele>
      </trkpt>
      <trkpt lat="46.65709435125021" lon="7.917551363242031">
        <ele>1934.8</ele>
      </trkpt>
      <trkpt lat="46.65708612790324" lon="7.917583782601402">
        <ele>1934.9</ele>
      </trkpt>
      <trkpt lat="46.65707981129792" lon="7.9176141415444885">
        <ele>1935.1</ele>
      </trkpt>
      <trkpt lat="46.65707729972462" lon="7.917644534211494">
        <ele>1935.2</ele>
      </trkpt>
      <trkpt lat="46.657078555675646" lon="7.917686026189917">
        <ele>1935.4</ele>
      </trkpt>
      <trkpt lat="46.65707984356818" lon="7.917719914720635">
        <ele>1935.5</ele>
      </trkpt>
      <trkpt lat="46.657075363886676" lon="7.917764818025656">
        <ele>1935.7</ele>
      </trkpt>
      <trkpt lat="46.657065553257894" lon="7.917834562550253">
        <ele>1935.8</ele>
      </trkpt>
      <trkpt lat="46.65705241700523" lon="7.917901494744639">
        <ele>1936.0</ele>
      </trkpt>
      <trkpt lat="46.657046550866916" lon="7.917938089549829">
        <ele>1936.2</ele>
      </trkpt>
      <trkpt lat="46.657042077183135" lon="7.9179836852987915">
        <ele>1936.3</ele>
      </trkpt>
      <trkpt lat="46.65703566745319" lon="7.918036162090335">
        <ele>1936.5</ele>
      </trkpt>
      <trkpt lat="46.65702599623157" lon="7.918072723108363">
        <ele>1936.6</ele>
      </trkpt>
      <trkpt lat="46.65702299613177" lon="7.918105881131901">
        <ele>1936.8</ele>
      </trkpt>
      <trkpt lat="46.6570248042884" lon="7.9181294007882395">
        <ele>1936.9</ele>
      </trkpt>
      <trkpt lat="46.65702796391097" lon="7.918169524762364">
        <ele>1937.1</ele>
      </trkpt>
      <trkpt lat="46.65702599900207" lon="7.918185407211551">
        <ele>1937.2</ele>
      </trkpt>
      <trkpt lat="46.65702208026308" lon="7.918210260915162">
        <ele>1937.4</ele>
      </trkpt>
      <trkpt lat="46.65701912402288" lon="7.9182351231581185">
        <ele>1937.6</ele>
      </trkpt>
      <trkpt lat="46.65701756573784" lon="7.918265537290119">
        <ele>1937.8</ele>
      </trkpt>
      <trkpt lat="46.65701885351305" lon="7.918299412732029">
        <ele>1938.0</ele>
      </trkpt>
      <trkpt lat="46.65702665523112" lon="7.918367236149542">
        <ele>1938.2</ele>
      </trkpt>
      <trkpt lat="46.657038384439716" lon="7.918408128664335">
        <ele>1938.4</ele>
      </trkpt>
      <trkpt lat="46.65705678205954" lon="7.918448401039573">
        <ele>1938.6</ele>
      </trkpt>
      <trkpt lat="46.657073330942296" lon="7.91847480830228">
        <ele>1938.8</ele>
      </trkpt>
      <trkpt lat="46.65709228971447" lon="7.91849503118507">
        <ele>1939.0</ele>
      </trkpt>
      <trkpt lat="46.65713736389368" lon="7.918530001058219">
        <ele>1939.2</ele>
      </trkpt>
      <trkpt lat="46.657190504793824" lon="7.918571953949033">
        <ele>1939.3</ele>
      </trkpt>
      <trkpt lat="46.657219454235644" lon="7.918590880775077">
        <ele>1939.5</ele>
      </trkpt>
      <trkpt lat="46.65723656713953" lon="7.918596559219253">
        <ele>1939.7</ele>
      </trkpt>
      <trkpt lat="46.65725464224328" lon="7.918600181963425">
        <ele>1939.9</ele>
      </trkpt>
      <trkpt lat="46.657272711570926" lon="7.918605176471214">
        <ele>1940.1</ele>
      </trkpt>
      <trkpt lat="46.657290301228414" lon="7.918610859160457">
        <ele>1940.3</ele>
      </trkpt>
      <trkpt lat="46.657303129366454" lon="7.9186172050613965">
        <ele>1940.5</ele>
      </trkpt>
      <trkpt lat="46.657318782904554" lon="7.918629781887099">
        <ele>1940.7</ele>
      </trkpt>
      <trkpt lat="46.657328703973775" lon="7.918647154872455">
        <ele>1940.9</ele>
      </trkpt>
      <trkpt lat="46.65733526181953" lon="7.918672794195099">
        <ele>1941.1</ele>
      </trkpt>
      <trkpt lat="46.65734414521957" lon="7.918712276847439">
        <ele>1941.3</ele>
      </trkpt>
      <trkpt lat="46.65734681621693" lon="7.918755166511569">
        <ele>1941.1</ele>
      </trkpt>
      <trkpt lat="46.6573485281564" lon="7.918801496791131">
        <ele>1941.0</ele>
      </trkpt>
      <trkpt lat="46.65734934187977" lon="7.9188346888670615">
        <ele>1940.8</ele>
      </trkpt>
      <trkpt lat="46.65734631822159" lon="7.918873386356377">
        <ele>1940.6</ele>
      </trkpt>
      <trkpt lat="46.65734810293658" lon="7.918902432424677">
        <ele>1940.5</ele>
      </trkpt>
      <trkpt lat="46.65735462868775" lon="7.918935675275092">
        <ele>1940.3</ele>
      </trkpt>
      <trkpt lat="46.65736593334637" lon="7.918964126600835">
        <ele>1940.1</ele>
      </trkpt>
      <trkpt lat="46.65738672019039" lon="7.919000945385889">
        <ele>1939.9</ele>
      </trkpt>
      <trkpt lat="46.65740280667041" lon="7.91902391279719">
        <ele>1939.8</ele>
      </trkpt>
      <trkpt lat="46.657428864002256" lon="7.919054559589504">
        <ele>1939.6</ele>
      </trkpt>
      <trkpt lat="46.657449677027664" lon="7.919085159781408">
        <ele>1939.4</ele>
      </trkpt>
      <trkpt lat="46.65746668786882" lon="7.919115046811147">
        <ele>1939.3</ele>
      </trkpt>
      <trkpt lat="46.65748647450875" lon="7.919162922827003">
        <ele>1939.1</ele>
      </trkpt>
      <trkpt lat="46.65751006056758" lon="7.919214294878606">
        <ele>1938.9</ele>
      </trkpt>
      <trkpt lat="46.657525185030124" lon="7.919241395436436">
        <ele>1938.8</ele>
      </trkpt>
      <trkpt lat="46.6575654243943" lon="7.919292223255194">
        <ele>1938.6</ele>
      </trkpt>
      <trkpt lat="46.657603306714485" lon="7.919340952851837">
        <ele>1938.4</ele>
      </trkpt>
      <trkpt lat="46.6576430870358" lon="7.919389699403955">
        <ele>1938.2</ele>
      </trkpt>
      <trkpt lat="46.65766964117685" lon="7.919413439557191">
        <ele>1938.1</ele>
      </trkpt>
      <trkpt lat="46.65769149214413" lon="7.919424007576558">
        <ele>1937.9</ele>
      </trkpt>
      <trkpt lat="46.65771241319965" lon="7.91943110510828">
        <ele>1937.9</ele>
      </trkpt>
      <trkpt lat="46.657739996665924" lon="7.919436877039093">
        <ele>1937.9</ele>
      </trkpt>
      <trkpt lat="46.65777328342685" lon="7.919444777060564">
        <ele>1938.0</ele>
      </trkpt>
      <trkpt lat="46.65778993116042" lon="7.919447694978154">
        <ele>1938.0</ele>
      </trkpt>
      <trkpt lat="46.65780751493389" lon="7.919454762835258">
        <ele>1938.0</ele>
      </trkpt>
      <trkpt lat="46.65783593232115" lon="7.919488893297928">
        <ele>1938.0</ele>
      </trkpt>
      <trkpt lat="46.65786573035754" lon="7.919534794606698">
        <ele>1938.0</ele>
      </trkpt>
      <trkpt lat="46.65788609565692" lon="7.91955847984619">
        <ele>1938.1</ele>
      </trkpt>
      <trkpt lat="46.657915527761666" lon="7.919578104188982">
        <ele>1938.1</ele>
      </trkpt>
      <trkpt lat="46.65794498615647" lon="7.919591496760991">
        <ele>1938.1</ele>
      </trkpt>
      <trkpt lat="46.657959729790235" lon="7.919593705337028">
        <ele>1938.1</ele>
      </trkpt>
      <trkpt lat="46.657979235179354" lon="7.919597328129651">
        <ele>1938.1</ele>
      </trkpt>
      <trkpt lat="46.65799488563178" lon="7.9196106108832645">
        <ele>1938.2</ele>
      </trkpt>
      <trkpt lat="46.65801620150207" lon="7.919634997118217">
        <ele>1938.2</ele>
      </trkpt>
      <trkpt lat="46.65804704345831" lon="7.919659468176402">
        <ele>1938.2</ele>
      </trkpt>
      <trkpt lat="46.65806697598153" lon="7.919674853367756">
        <ele>1938.2</ele>
      </trkpt>
      <trkpt lat="46.658082652723216" lon="7.919681904357396">
        <ele>1938.2</ele>
      </trkpt>
      <trkpt lat="46.658098838306195" lon="7.91968135600374">
        <ele>1938.3</ele>
      </trkpt>
      <trkpt lat="46.658117430981655" lon="7.919675302547914">
        <ele>1938.3</ele>
      </trkpt>
      <trkpt lat="46.65813602342727" lon="7.9196671717364335">
        <ele>1938.3</ele>
      </trkpt>
      <trkpt lat="46.65815987185736" lon="7.919656317909329">
        <ele>1938.2</ele>
      </trkpt>
      <trkpt lat="46.65818800494657" lon="7.919644822829549">
        <ele>1938.0</ele>
      </trkpt>
      <trkpt lat="46.6582218443027" lon="7.919634750370777">
        <ele>1937.9</ele>
      </trkpt>
      <trkpt lat="46.65823946014824" lon="7.919634214733583">
        <ele>1937.8</ele>
      </trkpt>
      <trkpt lat="46.658260439514294" lon="7.919627490040136">
        <ele>1937.6</ele>
      </trkpt>
      <trkpt lat="46.65829765378902" lon="7.91960639449931">
        <ele>1937.5</ele>
      </trkpt>
      <trkpt lat="46.65831720873346" lon="7.919598272204445">
        <ele>1937.4</ele>
      </trkpt>
      <trkpt lat="46.65833625753231" lon="7.919594979499927">
        <ele>1937.2</ele>
      </trkpt>
      <trkpt lat="46.6583552890329" lon="7.919597918712646">
        <ele>1937.1</ele>
      </trkpt>
      <trkpt lat="46.65837050071089" lon="7.91960219576667">
        <ele>1936.9</ele>
      </trkpt>
      <trkpt lat="46.658386645676785" lon="7.919613405660755">
        <ele>1936.8</ele>
      </trkpt>
      <trkpt lat="46.65840605745032" lon="7.919637082670162">
        <ele>1936.7</ele>
      </trkpt>
      <trkpt lat="46.65842925701127" lon="7.9196670124339095">
        <ele>1936.5</ele>
      </trkpt>
      <trkpt lat="46.65846572638397" lon="7.91971158883479">
        <ele>1936.4</ele>
      </trkpt>
      <trkpt lat="46.658497922485125" lon="7.919751972519474">
        <ele>1936.3</ele>
      </trkpt>
      <trkpt lat="46.658522060911125" lon="7.9197853730177235">
        <ele>1936.1</ele>
      </trkpt>
      <trkpt lat="46.65854195232583" lon="7.919808361964844">
        <ele>1936.0</ele>
      </trkpt>
      <trkpt lat="46.65855661152827" lon="7.919832702308765">
        <ele>1935.9</ele>
      </trkpt>
      <trkpt lat="46.65858728686797" lon="7.919894499517508">
        <ele>1935.7</ele>
      </trkpt>
      <trkpt lat="46.65860620743604" lon="7.919923711987898">
        <ele>1935.6</ele>
      </trkpt>
      <trkpt lat="46.65862894478541" lon="7.9199501755882125">
        <ele>1935.4</ele>
      </trkpt>
      <trkpt lat="46.65868159378265" lon="7.91999558894069">
        <ele>1935.2</ele>
      </trkpt>
      <trkpt lat="46.658732376627775" lon="7.920031304416087">
        <ele>1935.0</ele>
      </trkpt>
      <trkpt lat="46.65879315915944" lon="7.920065724139004">
        <ele>1934.8</ele>
      </trkpt>
      <trkpt lat="46.6588534476554" lon="7.92010635860331">
        <ele>1934.6</ele>
      </trkpt>
      <trkpt lat="46.65888665258537" lon="7.9201336212053555">
        <ele>1934.4</ele>
      </trkpt>
      <trkpt lat="46.65892456351689" lon="7.920173363927863">
        <ele>1934.2</ele>
      </trkpt>
      <trkpt lat="46.65898432847006" lon="7.920225060251283">
        <ele>1934.0</ele>
      </trkpt>
      <trkpt lat="46.65901182131543" lon="7.9202522720783275">
        <ele>1933.8</ele>
      </trkpt>
      <trkpt lat="46.6590487524201" lon="7.920298225330713">
        <ele>1933.5</ele>
      </trkpt>
      <trkpt lat="46.65910801428209" lon="7.920356136521775">
        <ele>1933.3</ele>
      </trkpt>
      <trkpt lat="46.65913404762521" lon="7.920390247026418">
        <ele>1933.1</ele>
      </trkpt>
      <trkpt lat="46.65917052256619" lon="7.920433439622954">
        <ele>1932.9</ele>
      </trkpt>
      <trkpt lat="46.65921030826913" lon="7.920480803518375">
        <ele>1932.7</ele>
      </trkpt>
      <trkpt lat="46.65925573001047" lon="7.920546195687773">
        <ele>1932.5</ele>
      </trkpt>
      <trkpt lat="46.659284164577286" lon="7.920576186073461">
        <ele>1932.3</ele>
      </trkpt>
      <trkpt lat="46.65931113677951" lon="7.920613754429845">
        <ele>1932.1</ele>
      </trkpt>
      <trkpt lat="46.65934429772387" lon="7.920651391098157">
        <ele>1931.9</ele>
      </trkpt>
      <trkpt lat="46.65939933899449" lon="7.920694749682806">
        <ele>1931.7</ele>
      </trkpt>
      <trkpt lat="46.65943397410021" lon="7.920722012618053">
        <ele>1931.5</ele>
      </trkpt>
      <trkpt lat="46.65945104296872" lon="7.920738078578901">
        <ele>1931.7</ele>
      </trkpt>
      <trkpt lat="46.659476146117484" lon="7.920766641448576">
        <ele>1931.8</ele>
      </trkpt>
      <trkpt lat="46.659507865296774" lon="7.920809099666942">
        <ele>1932.0</ele>
      </trkpt>
      <trkpt lat="46.6595477005272" lon="7.920844718753648">
        <ele>1932.1</ele>
      </trkpt>
      <trkpt lat="46.65957280945228" lon="7.920871909904676">
        <ele>1932.3</ele>
      </trkpt>
      <trkpt lat="46.65959553193262" lon="7.920901836589639">
        <ele>1932.5</ele>
      </trkpt>
      <trkpt lat="46.659619678808504" lon="7.920933160951957">
        <ele>1932.6</ele>
      </trkpt>
      <trkpt lat="46.659637189354726" lon="7.920957514476017">
        <ele>1932.8</ele>
      </trkpt>
      <trkpt lat="46.659647095417874" lon="7.920978350849676">
        <ele>1932.9</ele>
      </trkpt>
      <trkpt lat="46.65965555682488" lon="7.921004701023414">
        <ele>1933.1</ele>
      </trkpt>
      <trkpt lat="46.65967021562109" lon="7.921026951718192">
        <ele>1933.3</ele>
      </trkpt>
      <trkpt lat="46.65969057788144" lon="7.92105340816608">
        <ele>1933.4</ele>
      </trkpt>
      <trkpt lat="46.659698600353956" lon="7.921068688000705">
        <ele>1933.6</ele>
      </trkpt>
      <trkpt lat="46.659708494729685" lon="7.9210922811289635">
        <ele>1933.7</ele>
      </trkpt>
      <trkpt lat="46.65971316279498" lon="7.921115827597378">
        <ele>1933.9</ele>
      </trkpt>
      <trkpt lat="46.65971974327313" lon="7.92113386445169">
        <ele>1934.1</ele>
      </trkpt>
      <trkpt lat="46.65973485555256" lon="7.92116373643206">
        <ele>1934.2</ele>
      </trkpt>
      <trkpt lat="46.659749502592966" lon="7.921188756980211">
        <ele>1934.4</ele>
      </trkpt>
      <trkpt lat="46.65976322563402" lon="7.921208921994174">
        <ele>1934.5</ele>
      </trkpt>
      <trkpt lat="46.659769797504225" lon="7.921231113624809">
        <ele>1934.7</ele>
      </trkpt>
      <trkpt lat="46.65977769704607" lon="7.921275423927597">
        <ele>1934.9</ele>
      </trkpt>
      <trkpt lat="46.65978615252051" lon="7.921303159101239">
        <ele>1935.2</ele>
      </trkpt>
      <trkpt lat="46.65979511380798" lon="7.9213219097427805">
        <ele>1935.4</ele>
      </trkpt>
      <trkpt lat="46.65980553760787" lon="7.921333056271994">
        <ele>1935.6</ele>
      </trkpt>
      <trkpt lat="46.65981964658856" lon="7.921374665276422">
        <ele>1935.8</ele>
      </trkpt>
      <trkpt lat="46.65983190707706" lon="7.921402434484626">
        <ele>1936.0</ele>
      </trkpt>
      <trkpt lat="46.65984889683395" lon="7.921437157616217">
        <ele>1936.3</ele>
      </trkpt>
      <trkpt lat="46.659863540881354" lon="7.92146287073713">
        <ele>1936.5</ele>
      </trkpt>
      <trkpt lat="46.65988058922481" lon="7.9214837580520845">
        <ele>1936.7</ele>
      </trkpt>
      <trkpt lat="46.6598957158821" lon="7.921508090568867">
        <ele>1937.0</ele>
      </trkpt>
      <trkpt lat="46.65991228179209" lon="7.921532435962359">
        <ele>1937.2</ele>
      </trkpt>
      <trkpt lat="46.65992884451298" lon="7.921555409462076">
        <ele>1937.4</ele>
      </trkpt>
      <trkpt lat="46.65994629049723" lon="7.921594971028662">
        <ele>1937.6</ele>
      </trkpt>
      <trkpt lat="46.65996045482095" lon="7.921621372424095">
        <ele>1937.9</ele>
      </trkpt>
      <trkpt lat="46.659979854687904" lon="7.921649884991224">
        <ele>1938.1</ele>
      </trkpt>
      <trkpt lat="46.659997815234476" lon="7.921678397776906">
        <ele>1938.3</ele>
      </trkpt>
      <trkpt lat="46.66003102584646" lon="7.921706354450974">
        <ele>1938.5</ele>
      </trkpt>
      <trkpt lat="46.660049030395825" lon="7.921724480559498">
        <ele>1938.8</ele>
      </trkpt>
      <trkpt lat="46.66006419822169" lon="7.921741209432745">
        <ele>1939.0</ele>
      </trkpt>
      <trkpt lat="46.66008271188132" lon="7.921753826448474">
        <ele>1939.2</ele>
      </trkpt>
      <trkpt lat="46.66009742324489" lon="7.921763639573832">
        <ele>1939.2</ele>
      </trkpt>
      <trkpt lat="46.66011596624928" lon="7.921769332114457">
        <ele>1939.2</ele>
      </trkpt>
      <trkpt lat="46.66014401460697" lon="7.9217778795565925">
        <ele>1939.2</ele>
      </trkpt>
      <trkpt lat="46.660175400052246" lon="7.921784379419701">
        <ele>1939.2</ele>
      </trkpt>
      <trkpt lat="46.66021962832015" lon="7.921795841468608">
        <ele>1939.2</ele>
      </trkpt>
      <trkpt lat="46.66024099937302" lon="7.9218070991376335">
        <ele>1939.1</ele>
      </trkpt>
      <trkpt lat="46.660261876115804" lon="7.921822494192567">
        <ele>1939.1</ele>
      </trkpt>
      <trkpt lat="46.660279895456625" lon="7.921839248660494">
        <ele>1939.1</ele>
      </trkpt>
      <trkpt lat="46.660299315760284" lon="7.921862927379806">
        <ele>1939.1</ele>
      </trkpt>
      <trkpt lat="46.660325884002276" lon="7.92188322072223">
        <ele>1939.1</ele>
      </trkpt>
      <trkpt lat="46.66037237570578" lon="7.92192096505217">
        <ele>1939.1</ele>
      </trkpt>
      <trkpt lat="46.66040083926626" lon="7.921944032254361">
        <ele>1939.1</ele>
      </trkpt>
      <trkpt lat="46.660416477754126" lon="7.921960073029526">
        <ele>1939.1</ele>
      </trkpt>
      <trkpt lat="46.66043158669294" lon="7.9219885606395355">
        <ele>1939.1</ele>
      </trkpt>
      <trkpt lat="46.66044808777127" lon="7.9220260498887916">
        <ele>1939.0</ele>
      </trkpt>
      <trkpt lat="46.660459377028914" lon="7.922057952692212">
        <ele>1939.0</ele>
      </trkpt>
      <trkpt lat="46.66046544566057" lon="7.92208634639759">
        <ele>1939.0</ele>
      </trkpt>
      <trkpt lat="46.66047147610632" lon="7.92212374200602">
        <ele>1939.0</ele>
      </trkpt>
      <trkpt lat="46.66047852460761" lon="7.922145925240033">
        <ele>1939.0</ele>
      </trkpt>
      <trkpt lat="46.66048798013271" lon="7.922160525805304">
        <ele>1939.0</ele>
      </trkpt>
      <trkpt lat="46.660501255507924" lon="7.922173788665751">
        <ele>1939.1</ele>
      </trkpt>
      <trkpt lat="46.66051598152092" lon="7.922180139710737">
        <ele>1939.2</ele>
      </trkpt>
      <trkpt lat="46.66053784709665" lon="7.92218932457749">
        <ele>1939.3</ele>
      </trkpt>
      <trkpt lat="46.66055589845501" lon="7.92219639787266">
        <ele>1939.3</ele>
      </trkpt>
      <trkpt lat="46.66058439421553" lon="7.922211861358114">
        <ele>1939.4</ele>
      </trkpt>
      <trkpt lat="46.66060576247213" lon="7.922225889169457">
        <ele>1939.5</ele>
      </trkpt>
      <trkpt lat="46.6606237993786" lon="7.922238489145349">
        <ele>1939.6</ele>
      </trkpt>
      <trkpt lat="46.66064038839537" lon="7.922255231062307">
        <ele>1939.7</ele>
      </trkpt>
      <trkpt lat="46.66066450533688" lon="7.922291403747149">
        <ele>1939.8</ele>
      </trkpt>
      <trkpt lat="46.660684849729236" lon="7.922322002831125">
        <ele>1939.8</ele>
      </trkpt>
      <trkpt lat="46.660707583524385" lon="7.922349173980736">
        <ele>1939.9</ele>
      </trkpt>
      <trkpt lat="46.660722733447386" lon="7.922367980523158">
        <ele>1940.0</ele>
      </trkpt>
      <trkpt lat="46.66073365147329" lon="7.9223749900375715">
        <ele>1940.1</ele>
      </trkpt>
      <trkpt lat="46.66075317434463" lon="7.922374472342477">
        <ele>1940.2</ele>
      </trkpt>
      <trkpt lat="46.66078746429954" lon="7.922370624436926">
        <ele>1940.3</ele>
      </trkpt>
      <trkpt lat="46.66080269050698" lon="7.922371453240276">
        <ele>1940.4</ele>
      </trkpt>
      <trkpt lat="46.66081264327067" lon="7.922381224060743">
        <ele>1940.4</ele>
      </trkpt>
      <trkpt lat="46.66082211358229" lon="7.922394452987177">
        <ele>1940.5</ele>
      </trkpt>
      <trkpt lat="46.66083873196178" lon="7.922404270430643">
        <ele>1940.6</ele>
      </trkpt>
      <trkpt lat="46.660850609315325" lon="7.92240991665329">
        <ele>1940.7</ele>
      </trkpt>
      <trkpt lat="46.66089677956321" lon="7.922411022532099">
        <ele>1940.3</ele>
      </trkpt>
      <trkpt lat="46.66093153158005" lon="7.922410641205565">
        <ele>1940.0</ele>
      </trkpt>
      <trkpt lat="46.66097053605769" lon="7.922417209750823">
        <ele>1939.6</ele>
      </trkpt>
      <trkpt lat="46.661009075479974" lon="7.922421017260177">
        <ele>1939.3</ele>
      </trkpt>
      <trkpt lat="46.661029528405344" lon="7.922426034737165">
        <ele>1938.9</ele>
      </trkpt>
      <trkpt lat="46.6610537450463" lon="7.922438703279531">
        <ele>1938.6</ele>
      </trkpt>
      <trkpt lat="46.66109171700911" lon="7.922465998052153">
        <ele>1938.2</ele>
      </trkpt>
      <trkpt lat="46.6611083294486" lon="7.9224772135554105">
        <ele>1937.9</ele>
      </trkpt>
      <trkpt lat="46.66113340864462" lon="7.922511317805732">
        <ele>1937.5</ele>
      </trkpt>
      <trkpt lat="46.66115568327593" lon="7.922534330216716">
        <ele>1937.2</ele>
      </trkpt>
      <trkpt lat="46.66118557109382" lon="7.922558795811998">
        <ele>1936.8</ele>
      </trkpt>
      <trkpt lat="46.66121065632095" lon="7.922593592692597">
        <ele>1936.4</ele>
      </trkpt>
      <trkpt lat="46.66124804852931" lon="7.922643016003996">
        <ele>1936.1</ele>
      </trkpt>
      <trkpt lat="46.66128503753236" lon="7.922677227116168">
        <ele>1935.7</ele>
      </trkpt>
      <trkpt lat="46.66131968092443" lon="7.922702427946015">
        <ele>1935.4</ele>
      </trkpt>
      <trkpt lat="46.661341993687685" lon="7.922716451539196">
        <ele>1935.0</ele>
      </trkpt>
      <trkpt lat="46.661366651818575" lon="7.922737421071529">
        <ele>1934.7</ele>
      </trkpt>
      <trkpt lat="46.66138984467845" lon="7.922768738737304">
        <ele>1934.3</ele>
      </trkpt>
      <trkpt lat="46.6614186849364" lon="7.922815328795462">
        <ele>1934.0</ele>
      </trkpt>
      <trkpt lat="46.66144426154514" lon="7.922846667887841">
        <ele>1933.6</ele>
      </trkpt>
      <trkpt lat="46.66146276319917" lon="7.922859964924882">
        <ele>1933.8</ele>
      </trkpt>
      <trkpt lat="46.66148273341213" lon="7.9228663763359055">
        <ele>1934.0</ele>
      </trkpt>
      <trkpt lat="46.66151126432143" lon="7.9228735439029">
        <ele>1934.2</ele>
      </trkpt>
      <trkpt lat="46.661556381209884" lon="7.9228981463429164">
        <ele>1934.4</ele>
      </trkpt>
      <trkpt lat="46.661595300460164" lon="7.922924770755849">
        <ele>1934.6</ele>
      </trkpt>
      <trkpt lat="46.66162659791764" lon="7.92295408379979">
        <ele>1934.9</ele>
      </trkpt>
      <trkpt lat="46.661666411931606" lon="7.922994540081482">
        <ele>1935.1</ele>
      </trkpt>
      <trkpt lat="46.66169863622964" lon="7.923028016487716">
        <ele>1935.3</ele>
      </trkpt>
      <trkpt lat="46.66175079546311" lon="7.923076201024999">
        <ele>1935.5</ele>
      </trkpt>
      <trkpt lat="46.66177779326623" lon="7.923107553177601">
        <ele>1935.7</ele>
      </trkpt>
      <trkpt lat="46.66179388779759" lon="7.9231284332013905">
        <ele>1935.9</ele>
      </trkpt>
      <trkpt lat="46.66180330221421" lon="7.9231547933095845">
        <ele>1936.1</ele>
      </trkpt>
      <trkpt lat="46.661813231419906" lon="7.923170091155693">
        <ele>1936.3</ele>
      </trkpt>
      <trkpt lat="46.66185210651025" lon="7.923207089894017">
        <ele>1936.5</ele>
      </trkpt>
      <trkpt lat="46.661889074792136" lon="7.923246136011293">
        <ele>1936.8</ele>
      </trkpt>
      <trkpt lat="46.66190989840475" lon="7.923273983521757">
        <ele>1937.0</ele>
      </trkpt>
      <trkpt lat="46.661925012901406" lon="7.923301087342427">
        <ele>1937.2</ele>
      </trkpt>
      <trkpt lat="46.66193063974307" lon="7.9233211810795705">
        <ele>1937.4</ele>
      </trkpt>
      <trkpt lat="46.66193382414285" lon="7.923357167313231">
        <ele>1937.6</ele>
      </trkpt>
      <trkpt lat="46.66193462770565" lon="7.923392439691564">
        <ele>1937.8</ele>
      </trkpt>
      <trkpt lat="46.66193725582412" lon="7.923445001712362">
        <ele>1938.0</ele>
      </trkpt>
      <trkpt lat="46.66193566380913" lon="7.923483022592237">
        <ele>1938.1</ele>
      </trkpt>
      <trkpt lat="46.66193553149682" lon="7.9235141315827855">
        <ele>1938.3</ele>
      </trkpt>
      <trkpt lat="46.66194163499935" lon="7.923534242690276">
        <ele>1938.5</ele>
      </trkpt>
      <trkpt lat="46.66195534878641" lon="7.923556486535812">
        <ele>1938.6</ele>
      </trkpt>
      <trkpt lat="46.661983794338" lon="7.923583710112912">
        <ele>1938.8</ele>
      </trkpt>
      <trkpt lat="46.66203125055099" lon="7.923616631293759">
        <ele>1939.0</ele>
      </trkpt>
      <trkpt lat="46.66207497836149" lon="7.923633617683795">
        <ele>1939.1</ele>
      </trkpt>
      <trkpt lat="46.662100186673364" lon="7.9236372934050046">
        <ele>1939.3</ele>
      </trkpt>
      <trkpt lat="46.662118761876776" lon="7.92363539571004">
        <ele>1939.4</ele>
      </trkpt>
      <trkpt lat="46.66214496504276" lon="7.923631475916163">
        <ele>1939.6</ele>
      </trkpt>
      <trkpt lat="46.66217306322774" lon="7.923628278696841">
        <ele>1939.8</ele>
      </trkpt>
      <trkpt lat="46.66219780946002" lon="7.923628500830071">
        <ele>1939.9</ele>
      </trkpt>
      <trkpt lat="46.66222396849109" lon="7.9236349551010825">
        <ele>1940.1</ele>
      </trkpt>
      <trkpt lat="46.6622553332581" lon="7.923646290562317">
        <ele>1940.3</ele>
      </trkpt>
      <trkpt lat="46.662300058496044" lon="7.923650847072044">
        <ele>1940.4</ele>
      </trkpt>
      <trkpt lat="46.662337641631254" lon="7.923657403920369">
        <ele>1940.6</ele>
      </trkpt>
      <trkpt lat="46.662384709446826" lon="7.923671663472366">
        <ele>1940.8</ele>
      </trkpt>
      <trkpt lat="46.662410847750024" lon="7.9236808745536615">
        <ele>1940.9</ele>
      </trkpt>
      <trkpt lat="46.66243271004325" lon="7.923688688377545">
        <ele>1941.1</ele>
      </trkpt>
      <trkpt lat="46.66245887790961" lon="7.923693065268809">
        <ele>1941.0</ele>
      </trkpt>
      <trkpt lat="46.66247265032763" lon="7.92369940839764">
        <ele>1940.8</ele>
      </trkpt>
      <trkpt lat="46.6625267633815" lon="7.9237365447841075">
        <ele>1940.7</ele>
      </trkpt>
      <trkpt lat="46.66257037625768" lon="7.923778421443767">
        <ele>1940.6</ele>
      </trkpt>
      <trkpt lat="46.66261926577529" lon="7.923812741039583">
        <ele>1940.4</ele>
      </trkpt>
      <trkpt lat="46.66264868524946" lon="7.923833048754219">
        <ele>1940.3</ele>
      </trkpt>
      <trkpt lat="46.66268186001225" lon="7.923869304840753">
        <ele>1940.2</ele>
      </trkpt>
      <trkpt lat="46.66273112015206" lon="7.92392644151477">
        <ele>1940.1</ele>
      </trkpt>
      <trkpt lat="46.662770933817384" lon="7.9239668993401535">
        <ele>1939.9</ele>
      </trkpt>
      <trkpt lat="46.66282498188056" lon="7.924017167176711">
        <ele>1939.8</ele>
      </trkpt>
      <trkpt lat="46.662868618335374" lon="7.924055595019602">
        <ele>1939.7</ele>
      </trkpt>
      <trkpt lat="46.662892770031135" lon="7.924083473251553">
        <ele>1939.5</ele>
      </trkpt>
      <trkpt lat="46.662923019477994" lon="7.924134899422559">
        <ele>1939.4</ele>
      </trkpt>
      <trkpt lat="46.66295143250292" lon="7.9241697280639665">
        <ele>1939.3</ele>
      </trkpt>
      <trkpt lat="46.6629679858956" lon="7.924194768055214">
        <ele>1939.2</ele>
      </trkpt>
      <trkpt lat="46.6629924878425" lon="7.924254452849543">
        <ele>1939.0</ele>
      </trkpt>
      <trkpt lat="46.663005215586026" lon="7.924284293019521">
        <ele>1938.9</ele>
      </trkpt>
      <trkpt lat="46.663026954154404" lon="7.924321139331926">
        <ele>1938.8</ele>
      </trkpt>
      <trkpt lat="46.663051559135475" lon="7.924356626417311">
        <ele>1938.6</ele>
      </trkpt>
      <trkpt lat="46.66307797377183" lon="7.924412866008495">
        <ele>1938.5</ele>
      </trkpt>
      <trkpt lat="46.66310292860724" lon="7.924476017665394">
        <ele>1938.7</ele>
      </trkpt>
      <trkpt lat="46.66313839251424" lon="7.924532338752049">
        <ele>1938.8</ele>
      </trkpt>
      <trkpt lat="46.66316391557215" lon="7.924576131372429">
        <ele>1939.0</ele>
      </trkpt>
      <trkpt lat="46.663181363455514" lon="7.9246150037952345">
        <ele>1939.2</ele>
      </trkpt>
      <trkpt lat="46.66320578544023" lon="7.924691282527288">
        <ele>1939.3</ele>
      </trkpt>
      <trkpt lat="46.66323164958396" lon="7.924766881789456">
        <ele>1939.5</ele>
      </trkpt>
      <trkpt lat="46.663251889978" lon="7.924819603631826">
        <ele>1939.7</ele>
      </trkpt>
      <trkpt lat="46.66328022315981" lon="7.924873103928557">
        <ele>1939.9</ele>
      </trkpt>
      <trkpt lat="46.66330384793222" lon="7.924914802191623">
        <ele>1940.0</ele>
      </trkpt>
      <trkpt lat="46.66331609874865" lon="7.9249446383978785">
        <ele>1940.2</ele>
      </trkpt>
      <trkpt lat="46.663326504466845" lon="7.924959941292702">
        <ele>1940.4</ele>
      </trkpt>
      <trkpt lat="46.6633473807229" lon="7.92497535151107">
        <ele>1940.5</ele>
      </trkpt>
      <trkpt lat="46.66335733935824" lon="7.924985802777024">
        <ele>1940.7</ele>
      </trkpt>
      <trkpt lat="46.66336772143604" lon="7.925006645615877">
        <ele>1940.9</ele>
      </trkpt>
      <trkpt lat="46.66337946888324" lon="7.925042710002513">
        <ele>1941.1</ele>
      </trkpt>
      <trkpt lat="46.66339601032035" lon="7.925070507357406">
        <ele>1941.2</ele>
      </trkpt>
      <trkpt lat="46.66340639829238" lon="7.925089965245334">
        <ele>1941.4</ele>
      </trkpt>
      <trkpt lat="46.66342251604268" lon="7.925105319624988">
        <ele>1941.6</ele>
      </trkpt>
      <trkpt lat="46.663449107341386" lon="7.925120075802409">
        <ele>1941.7</ele>
      </trkpt>
      <trkpt lat="46.66347851784484" lon="7.925144539573698">
        <ele>1941.9</ele>
      </trkpt>
      <trkpt lat="46.663554922189036" lon="7.925200550741319">
        <ele>1942.2</ele>
      </trkpt>
      <trkpt lat="46.663588614464786" lon="7.925225053167193">
        <ele>1942.5</ele>
      </trkpt>
      <trkpt lat="46.663622330326056" lon="7.925244028739057">
        <ele>1942.8</ele>
      </trkpt>
      <trkpt lat="46.66364130857872" lon="7.925259408990442">
        <ele>1943.0</ele>
      </trkpt>
      <trkpt lat="46.663653588809495" lon="7.925282333585114">
        <ele>1943.3</ele>
      </trkpt>
      <trkpt lat="46.66366635447551" lon="7.925301120503416">
        <ele>1943.6</ele>
      </trkpt>
      <trkpt lat="46.663680100379096" lon="7.925315761133534">
        <ele>1943.9</ele>
      </trkpt>
      <trkpt lat="46.66370195374489" lon="7.925325640221124">
        <ele>1944.2</ele>
      </trkpt>
      <trkpt lat="46.663717135637825" lon="7.92533684426134">
        <ele>1944.5</ele>
      </trkpt>
      <trkpt lat="46.66373186750972" lon="7.925343889122861">
        <ele>1944.8</ele>
      </trkpt>
      <trkpt lat="46.66375608695925" lon="7.925357931612934">
        <ele>1945.0</ele>
      </trkpt>
      <trkpt lat="46.66377454698002" lon="7.925380911953557">
        <ele>1945.3</ele>
      </trkpt>
      <trkpt lat="46.66379205065656" lon="7.925406653784126">
        <ele>1945.6</ele>
      </trkpt>
      <trkpt lat="46.66380384227588" lon="7.925432344165155">
        <ele>1945.9</ele>
      </trkpt>
      <trkpt lat="46.66381323255692" lon="7.9254642325594835">
        <ele>1946.2</ele>
      </trkpt>
      <trkpt lat="46.66382221675922" lon="7.925477458384041">
        <ele>1946.5</ele>
      </trkpt>
      <trkpt lat="46.66384593879273" lon="7.925496331071993">
        <ele>1946.7</ele>
      </trkpt>
      <trkpt lat="46.663871061331236" lon="7.92552007712933">
        <ele>1947.0</ele>
      </trkpt>
      <trkpt lat="46.66389143733004" lon="7.925543074841686">
        <ele>1947.3</ele>
      </trkpt>
      <trkpt lat="46.66391037702492" lon="7.925565367102466">
        <ele>1947.6</ele>
      </trkpt>
      <trkpt lat="46.66392650956579" lon="7.925579349918883">
        <ele>1947.4</ele>
      </trkpt>
      <trkpt lat="46.66394502272903" lon="7.925589878511041">
        <ele>1947.2</ele>
      </trkpt>
      <trkpt lat="46.66396348282394" lon="7.925614936586864">
        <ele>1947.0</ele>
      </trkpt>
      <trkpt lat="46.66398714276747" lon="7.925648338786179">
        <ele>1946.7</ele>
      </trkpt>
      <trkpt lat="46.66401694718438" lon="7.925692171221982">
        <ele>1946.5</ele>
      </trkpt>
      <trkpt lat="46.66407902235889" lon="7.925758416294495">
        <ele>1946.3</ele>
      </trkpt>
      <trkpt lat="46.664116913558225" lon="7.925802321784504">
        <ele>1946.1</ele>
      </trkpt>
      <trkpt lat="46.66414681546429" lon="7.925823328026287">
        <ele>1945.9</ele>
      </trkpt>
      <trkpt lat="46.66419096932029" lon="7.9258500030345935">
        <ele>1945.7</ele>
      </trkpt>
      <trkpt lat="46.66423322514979" lon="7.925876660969384">
        <ele>1945.4</ele>
      </trkpt>
      <trkpt lat="46.66427459246859" lon="7.925888101431571">
        <ele>1945.2</ele>
      </trkpt>
      <trkpt lat="46.66430213717183" lon="7.925902866826626">
        <ele>1945.0</ele>
      </trkpt>
      <trkpt lat="46.66434720313211" lon="7.925939232553442">
        <ele>1944.8</ele>
      </trkpt>
      <trkpt lat="46.66438136904055" lon="7.925964432603125">
        <ele>1944.6</ele>
      </trkpt>
      <trkpt lat="46.664407942520064" lon="7.925983331422198">
        <ele>1944.4</ele>
      </trkpt>
      <trkpt lat="46.66442214732663" lon="7.926002131751663">
        <ele>1944.2</ele>
      </trkpt>
      <trkpt lat="46.66443628699556" lon="7.926034063457345">
        <ele>1943.9</ele>
      </trkpt>
      <trkpt lat="46.66445563245688" lon="7.92607504505121">
        <ele>1943.7</ele>
      </trkpt>
      <trkpt lat="46.66447687894046" lon="7.926115338229222">
        <ele>1943.5</ele>
      </trkpt>
      <trkpt lat="46.66450052694697" lon="7.926151497919022">
        <ele>1943.3</ele>
      </trkpt>
      <trkpt lat="46.66453271186616" lon="7.92619396746888">
        <ele>1943.7</ele>
      </trkpt>
      <trkpt lat="46.6645715149936" lon="7.9262475642553465">
        <ele>1944.1</ele>
      </trkpt>
      <trkpt lat="46.66461937038525" lon="7.926300550294504">
        <ele>1944.5</ele>
      </trkpt>
      <trkpt lat="46.66464850750009" lon="7.926342600514082">
        <ele>1945.0</ele>
      </trkpt>
      <trkpt lat="46.66467117822478" lon="7.9263842918676675">
        <ele>1945.4</ele>
      </trkpt>
      <trkpt lat="46.66468535042915" lon="7.926410696909015">
        <ele>1945.8</ele>
      </trkpt>
      <trkpt lat="46.66470902199049" lon="7.926441329872517">
        <ele>1946.2</ele>
      </trkpt>
      <trkpt lat="46.66473654587879" lon="7.926460943224523">
        <ele>1946.6</ele>
      </trkpt>
      <trkpt lat="46.664772624612795" lon="7.9264847759887465">
        <ele>1947.0</ele>
      </trkpt>
      <trkpt lat="46.664803918022535" lon="7.926512720786263">
        <ele>1947.4</ele>
      </trkpt>
      <trkpt lat="46.664837029695725" lon="7.926561418918535">
        <ele>1947.9</ele>
      </trkpt>
      <trkpt lat="46.66487857186257" lon="7.926643382745902">
        <ele>1948.3</ele>
      </trkpt>
      <trkpt lat="46.664921099933615" lon="7.926715673153243">
        <ele>1948.7</ele>
      </trkpt>
      <trkpt lat="46.664943782325366" lon="7.926754607897408">
        <ele>1949.1</ele>
      </trkpt>
      <trkpt lat="46.66500256115978" lon="7.926813220693581">
        <ele>1949.5</ele>
      </trkpt>
      <trkpt lat="46.66504526984682" lon="7.926845411119749">
        <ele>1949.9</ele>
      </trkpt>
      <trkpt lat="46.66510686462623" lon="7.926912346982373">
        <ele>1950.4</ele>
      </trkpt>
      <trkpt lat="46.66515042304624" lon="7.926966667312633">
        <ele>1950.8</ele>
      </trkpt>
      <trkpt lat="46.665183564134146" lon="7.927008453964586">
        <ele>1951.2</ele>
      </trkpt>
      <trkpt lat="46.66521003084373" lon="7.927054335574815">
        <ele>1951.6</ele>
      </trkpt>
      <trkpt lat="46.66524503436996" lon="7.927104436594694">
        <ele>1952.1</ele>
      </trkpt>
      <trkpt lat="46.66526207573773" lon="7.927126712800052">
        <ele>1952.6</ele>
      </trkpt>
      <trkpt lat="46.665280964823616" lon="7.927162843495868">
        <ele>1953.1</ele>
      </trkpt>
      <trkpt lat="46.66529994281487" lon="7.927178224893546">
        <ele>1953.6</ele>
      </trkpt>
      <trkpt lat="46.66532460605244" lon="7.927197812967639">
        <ele>1954.1</ele>
      </trkpt>
      <trkpt lat="46.66533877218794" lon="7.927225590506844">
        <ele>1954.6</ele>
      </trkpt>
      <trkpt lat="46.66535478291129" lon="7.927265850512693">
        <ele>1955.1</ele>
      </trkpt>
      <trkpt lat="46.66537549296302" lon="7.927319964707972">
        <ele>1955.6</ele>
      </trkpt>
      <trkpt lat="46.66539903382381" lon="7.92738102998659">
        <ele>1956.1</ele>
      </trkpt>
      <trkpt lat="46.66542740439673" lon="7.927425531034343">
        <ele>1956.7</ele>
      </trkpt>
      <trkpt lat="46.66548043525692" lon="7.927492390544064">
        <ele>1957.2</ele>
      </trkpt>
      <trkpt lat="46.66550121036741" lon="7.927531308760403">
        <ele>1957.7</ele>
      </trkpt>
      <trkpt lat="46.665518162666245" lon="7.927574334612678">
        <ele>1958.2</ele>
      </trkpt>
      <trkpt lat="46.6655436934613" lon="7.927616053044436">
        <ele>1958.7</ele>
      </trkpt>
      <trkpt lat="46.66557304709834" lon="7.927653650845176">
        <ele>1959.2</ele>
      </trkpt>
      <trkpt lat="46.66560617605043" lon="7.927698208321885">
        <ele>1959.7</ele>
      </trkpt>
      <trkpt lat="46.66562987691685" lon="7.927721930244031">
        <ele>1960.2</ele>
      </trkpt>
      <trkpt lat="46.6656469062794" lon="7.92774697688136">
        <ele>1960.7</ele>
      </trkpt>
      <trkpt lat="46.665657264137195" lon="7.927773348225791">
        <ele>1961.2</ele>
      </trkpt>
      <trkpt lat="46.665664758632516" lon="7.927802450774867">
        <ele>1961.7</ele>
      </trkpt>
      <trkpt lat="46.66567034010638" lon="7.927832934170557">
        <ele>1962.4</ele>
      </trkpt>
      <trkpt lat="46.66568353169704" lon="7.9278634734185935">
        <ele>1963.1</ele>
      </trkpt>
      <trkpt lat="46.6657043750582" lon="7.927888554664826">
        <ele>1963.7</ele>
      </trkpt>
      <trkpt lat="46.665727062992154" lon="7.927926105424697">
        <ele>1964.4</ele>
      </trkpt>
      <trkpt lat="46.665743144746784" lon="7.927949758493751">
        <ele>1965.1</ele>
      </trkpt>
      <trkpt lat="46.665756300692635" lon="7.927988594997113">
        <ele>1965.8</ele>
      </trkpt>
      <trkpt lat="46.66578091939001" lon="7.928020622939097">
        <ele>1966.5</ele>
      </trkpt>
      <trkpt lat="46.66579887252168" lon="7.928052590527317">
        <ele>1967.1</ele>
      </trkpt>
      <trkpt lat="46.665831924126216" lon="7.928115127873269">
        <ele>1967.8</ele>
      </trkpt>
      <trkpt lat="46.66585462387923" lon="7.928149908727846">
        <ele>1968.5</ele>
      </trkpt>
      <trkpt lat="46.665875422554095" lon="7.928183287286428">
        <ele>1969.2</ele>
      </trkpt>
      <trkpt lat="46.665896313369075" lon="7.928197301446967">
        <ele>1969.9</ele>
      </trkpt>
      <trkpt lat="46.665919167512975" lon="7.928196123443164">
        <ele>1970.5</ele>
      </trkpt>
      <trkpt lat="46.665933377826796" lon="7.928211462182528">
        <ele>1971.2</ele>
      </trkpt>
      <trkpt lat="46.66596747785575" lon="7.928251886864162">
        <ele>1971.9</ele>
      </trkpt>
      <trkpt lat="46.66599111328443" lon="7.928290818582961">
        <ele>1972.6</ele>
      </trkpt>
      <trkpt lat="46.665997648191066" lon="7.928321297789291">
        <ele>1973.3</ele>
      </trkpt>
      <trkpt lat="46.66600996636159" lon="7.928335247397761">
        <ele>1973.9</ele>
      </trkpt>
      <trkpt lat="46.666029906553575" lon="7.92834648282943">
        <ele>1974.6</ele>
      </trkpt>
      <trkpt lat="46.66604604760354" lon="7.928356311795217">
        <ele>1975.3</ele>
      </trkpt>
      <trkpt lat="46.666058472747736" lon="7.928345356662198">
        <ele>1975.9</ele>
      </trkpt>
      <trkpt lat="46.666073829633525" lon="7.928317846050608">
        <ele>1976.5</ele>
      </trkpt>
      <trkpt lat="46.66608819437877" lon="7.928297225819272">
        <ele>1977.1</ele>
      </trkpt>
      <trkpt lat="46.66610352446842" lon="7.9282738571834575">
        <ele>1977.7</ele>
      </trkpt>
      <trkpt lat="46.666114004054315" lon="7.928273952160988">
        <ele>1978.3</ele>
      </trkpt>
      <trkpt lat="46.666128184670214" lon="7.928296203167203">
        <ele>1978.9</ele>
      </trkpt>
      <trkpt lat="46.666142344531984" lon="7.928325379526034">
        <ele>1979.5</ele>
      </trkpt>
      <trkpt lat="46.66616023224492" lon="7.928372556872008">
        <ele>1980.1</ele>
      </trkpt>
      <trkpt lat="46.66617523561522" lon="7.928425248527093">
        <ele>1980.7</ele>
      </trkpt>
      <trkpt lat="46.66618453286325" lon="7.928476503367956">
        <ele>1981.2</ele>
      </trkpt>
      <trkpt lat="46.66619777487865" lon="7.92849736083897">
        <ele>1981.8</ele>
      </trkpt>
      <trkpt lat="46.66622430924997" lon="7.928525264390152">
        <ele>1982.4</ele>
      </trkpt>
      <trkpt lat="46.66624708018661" lon="7.928543451148418">
        <ele>1983.0</ele>
      </trkpt>
      <trkpt lat="46.666284022874656" lon="7.928588031249368">
        <ele>1983.6</ele>
      </trkpt>
      <trkpt lat="46.66630769974433" lon="7.928617294083931">
        <ele>1984.2</ele>
      </trkpt>
      <trkpt lat="46.666325137198456" lon="7.928633158863399">
        <ele>1984.8</ele>
      </trkpt>
      <trkpt lat="46.6663377854736" lon="7.928674944509731">
        <ele>1985.4</ele>
      </trkpt>
      <trkpt lat="46.66635443307041" lon="7.928717602748563">
        <ele>1986.0</ele>
      </trkpt>
      <trkpt lat="46.66636272523792" lon="7.928753612466106">
        <ele>1986.6</ele>
      </trkpt>
      <trkpt lat="46.6663907588868" lon="7.928828231633838">
        <ele>1987.2</ele>
      </trkpt>
      <trkpt lat="46.66641585118982" lon="7.928886046027646">
        <ele>1987.7</ele>
      </trkpt>
      <trkpt lat="46.666437359077" lon="7.928934354291651">
        <ele>1988.3</ele>
      </trkpt>
      <trkpt lat="46.66646071497368" lon="7.928977570125982">
        <ele>1988.8</ele>
      </trkpt>
      <trkpt lat="46.666480111569136" lon="7.928995961735922">
        <ele>1989.3</ele>
      </trkpt>
      <trkpt lat="46.66649593625759" lon="7.929001946372785">
        <ele>1989.9</ele>
      </trkpt>
      <trkpt lat="46.6665186018435" lon="7.929000688582012">
        <ele>1990.4</ele>
      </trkpt>
      <trkpt lat="46.66653858533993" lon="7.928991383226639">
        <ele>1990.9</ele>
      </trkpt>
      <trkpt lat="46.666562736912915" lon="7.928964631864135">
        <ele>1991.5</ele>
      </trkpt>
      <trkpt lat="46.66658465300665" lon="7.928930568723656">
        <ele>1992.0</ele>
      </trkpt>
      <trkpt lat="46.66659888159897" lon="7.928893521820083">
        <ele>1992.6</ele>
      </trkpt>
      <trkpt lat="46.66660772715849" lon="7.928844757087576">
        <ele>1993.1</ele>
      </trkpt>
      <trkpt lat="46.66661342200662" lon="7.928792318018441">
        <ele>1993.6</ele>
      </trkpt>
      <trkpt lat="46.66661913559156" lon="7.928735514679823">
        <ele>1994.2</ele>
      </trkpt>
      <trkpt lat="46.66662298198845" lon="7.928690350292797">
        <ele>1994.7</ele>
      </trkpt>
      <trkpt lat="46.666629841568636" lon="7.928678756613841">
        <ele>1995.2</ele>
      </trkpt>
      <trkpt lat="46.666635284196744" lon="7.928676610700112">
        <ele>1995.8</ele>
      </trkpt>
      <trkpt lat="46.66665110542864" lon="7.9286854961384625">
        <ele>1996.3</ele>
      </trkpt>
      <trkpt lat="46.66667136711951" lon="7.92871191879417">
        <ele>1996.8</ele>
      </trkpt>
      <trkpt lat="46.66670153964356" lon="7.928749368601469">
        <ele>1997.4</ele>
      </trkpt>
      <trkpt lat="46.66672583543059" lon="7.928785314676129">
        <ele>1997.9</ele>
      </trkpt>
      <trkpt lat="46.66674965997128" lon="7.928824157422074">
        <ele>1998.6</ele>
      </trkpt>
      <trkpt lat="46.66676716430023" lon="7.928860028869321">
        <ele>1999.3</ele>
      </trkpt>
      <trkpt lat="46.66677695998952" lon="7.928893648165358">
        <ele>2000.0</ele>
      </trkpt>
      <trkpt lat="46.666782664651834" lon="7.9289330713808885">
        <ele>2000.7</ele>
      </trkpt>
      <trkpt lat="46.66678566568199" lon="7.92896736079415">
        <ele>2001.4</ele>
      </trkpt>
      <trkpt lat="46.66679452105858" lon="7.929010445302426">
        <ele>2002.0</ele>
      </trkpt>
      <trkpt lat="46.66681011501609" lon="7.92906379647719">
        <ele>2002.7</ele>
      </trkpt>
      <trkpt lat="46.66682080619221" lon="7.929102533242575">
        <ele>2003.4</ele>
      </trkpt>
      <trkpt lat="46.66682830990879" lon="7.929141959779768">
        <ele>2004.1</ele>
      </trkpt>
      <trkpt lat="46.66682814766074" lon="7.929175488748527">
        <ele>2004.8</ele>
      </trkpt>
      <trkpt lat="46.66682701766789" lon="7.929220677941247">
        <ele>2005.5</ele>
      </trkpt>
      <trkpt lat="46.66683450520381" lon="7.929265945393066">
        <ele>2006.2</ele>
      </trkpt>
      <trkpt lat="46.66684373847946" lon="7.9293236164249725">
        <ele>2006.9</ele>
      </trkpt>
      <trkpt lat="46.666846577080605" lon="7.9293914348782835">
        <ele>2007.6</ele>
      </trkpt>
      <trkpt lat="46.66685737484705" lon="7.929499415849719">
        <ele>2008.2</ele>
      </trkpt>
      <trkpt lat="46.66686378553092" lon="7.929577472282691">
        <ele>2008.9</ele>
      </trkpt>
      <trkpt lat="46.666873040193245" lon="7.929632229606172">
        <ele>2009.6</ele>
      </trkpt>
      <trkpt lat="46.6668863607279" lon="7.929687023904953">
        <ele>2010.3</ele>
      </trkpt>
      <trkpt lat="46.66690276598413" lon="7.929760793743188">
        <ele>2011.0</ele>
      </trkpt>
      <trkpt lat="46.66690667844812" lon="7.929794359802701">
        <ele>2011.7</ele>
      </trkpt>
      <trkpt lat="46.666899790439146" lon="7.929812525953911">
        <ele>2012.1</ele>
      </trkpt>
      <trkpt lat="46.66688391908173" lon="7.929815295645428">
        <ele>2012.5</ele>
      </trkpt>
      <trkpt lat="46.666862645887925" lon="7.929810737785958">
        <ele>2013.0</ele>
      </trkpt>
      <trkpt lat="46.66683726060152" lon="7.929812689214548">
        <ele>2013.4</ele>
      </trkpt>
      <trkpt lat="46.66682133937884" lon="7.929824945237829">
        <ele>2013.8</ele>
      </trkpt>
      <trkpt lat="46.66681309621956" lon="7.9298423672718945">
        <ele>2014.2</ele>
      </trkpt>
      <trkpt lat="46.66681018616038" lon="7.929880980520306">
        <ele>2014.7</ele>
      </trkpt>
      <trkpt lat="46.66681405151715" lon="7.92992547028211">
        <ele>2015.1</ele>
      </trkpt>
      <trkpt lat="46.66682427108022" lon="7.929967116920576">
        <ele>2015.5</ele>
      </trkpt>
      <trkpt lat="46.666834078591975" lon="7.930000004799928">
        <ele>2016.0</ele>
      </trkpt>
      <trkpt lat="46.66684981257236" lon="7.9300249363982305">
        <ele>2016.4</ele>
      </trkpt>
      <trkpt lat="46.66686914340039" lon="7.930056460469558">
        <ele>2016.8</ele>
      </trkpt>
      <trkpt lat="46.66689344823767" lon="7.93009021203679">
        <ele>2017.2</ele>
      </trkpt>
      <trkpt lat="46.66692584319908" lon="7.9301378754279215">
        <ele>2017.7</ele>
      </trkpt>
      <trkpt lat="46.66695373586284" lon="7.9301782194623">
        <ele>2018.1</ele>
      </trkpt>
      <trkpt lat="46.66697440607256" lon="7.930214133361702">
        <ele>2018.5</ele>
      </trkpt>
      <trkpt lat="46.66699007449821" lon="7.930252170935684">
        <ele>2018.9</ele>
      </trkpt>
      <trkpt lat="46.6670119686859" lon="7.930315066827025">
        <ele>2019.4</ele>
      </trkpt>
      <trkpt lat="46.66703119299821" lon="7.930369183408396">
        <ele>2019.8</ele>
      </trkpt>
      <trkpt lat="46.66705539171364" lon="7.930423345310804">
        <ele>2020.2</ele>
      </trkpt>
      <trkpt lat="46.66707007194327" lon="7.930523613378051">
        <ele>2020.6</ele>
      </trkpt>
      <trkpt lat="46.66709400887151" lon="7.930600902070458">
        <ele>2020.9</ele>
      </trkpt>
      <trkpt lat="46.667107897715496" lon="7.930678151585271">
        <ele>2021.3</ele>
      </trkpt>
      <trkpt lat="46.667133300838685" lon="7.930803371465847">
        <ele>2021.7</ele>
      </trkpt>
      <trkpt lat="46.66715031501573" lon="7.930933872607657">
        <ele>2022.0</ele>
      </trkpt>
      <trkpt lat="46.667163139615276" lon="7.931061696053566">
        <ele>2022.4</ele>
      </trkpt>
      <trkpt lat="46.66716855883473" lon="7.931162860115677">
        <ele>2022.8</ele>
      </trkpt>
      <trkpt lat="46.66716747248709" lon="7.931222750654309">
        <ele>2023.1</ele>
      </trkpt>
      <trkpt lat="46.66715628317683" lon="7.931293225033348">
        <ele>2023.5</ele>
      </trkpt>
      <trkpt lat="46.66714931508602" lon="7.931394393728066">
        <ele>2023.8</ele>
      </trkpt>
      <trkpt lat="46.6671165492739" lon="7.931567915758772">
        <ele>2024.2</ele>
      </trkpt>
      <trkpt lat="46.66710003327091" lon="7.931630305021211">
        <ele>2024.6</ele>
      </trkpt>
      <trkpt lat="46.667092059587794" lon="7.9317392786183945">
        <ele>2024.9</ele>
      </trkpt>
      <trkpt lat="46.6670767411575" lon="7.9318117797293235">
        <ele>2025.3</ele>
      </trkpt>
      <trkpt lat="46.667051584644724" lon="7.931864812231162">
        <ele>2025.7</ele>
      </trkpt>
      <trkpt lat="46.6669916823931" lon="7.93202070639774">
        <ele>2026.0</ele>
      </trkpt>
      <trkpt lat="46.66697722234461" lon="7.932083976596285">
        <ele>2026.4</ele>
      </trkpt>
      <trkpt lat="46.666949337256" lon="7.932164660353716">
        <ele>2026.8</ele>
      </trkpt>
      <trkpt lat="46.666923262939214" lon="7.9322156326274245">
        <ele>2027.1</ele>
      </trkpt>
      <trkpt lat="46.66686281968006" lon="7.932309386490821">
        <ele>2027.5</ele>
      </trkpt>
      <trkpt lat="46.666811048718706" lon="7.932330317488191">
        <ele>2027.4</ele>
      </trkpt>
      <trkpt lat="46.6667526297972" lon="7.93234712379648">
        <ele>2027.3</ele>
      </trkpt>
      <trkpt lat="46.666661813828256" lon="7.932341890231127">
        <ele>2027.2</ele>
      </trkpt>
      <trkpt lat="46.66661010176208" lon="7.932353374106059">
        <ele>2027.1</ele>
      </trkpt>
      <trkpt lat="46.666538524762615" lon="7.9323321784484015">
        <ele>2027.0</ele>
      </trkpt>
      <trkpt lat="46.6664426988885" lon="7.932330936885314">
        <ele>2026.8</ele>
      </trkpt>
      <trkpt lat="46.666359194128425" lon="7.932363625555023">
        <ele>2026.7</ele>
      </trkpt>
      <trkpt lat="46.666316680180415" lon="7.9323657589735825">
        <ele>2026.6</ele>
      </trkpt>
      <trkpt lat="46.66629946523333" lon="7.932363027433867">
        <ele>2026.5</ele>
      </trkpt>
      <trkpt lat="46.6662828020616" lon="7.932355439986949">
        <ele>2026.4</ele>
      </trkpt>
      <trkpt lat="46.666252486438225" lon="7.932347152830256">
        <ele>2026.3</ele>
      </trkpt>
      <trkpt lat="46.66620626199405" lon="7.9323481939175275">
        <ele>2026.2</ele>
      </trkpt>
      <trkpt lat="46.6661631976319" lon="7.9323507143235155">
        <ele>2026.1</ele>
      </trkpt>
      <trkpt lat="46.666136460283695" lon="7.932351201736476">
        <ele>2026.0</ele>
      </trkpt>
      <trkpt lat="46.66611467161588" lon="7.932359757531322">
        <ele>2025.8</ele>
      </trkpt>
      <trkpt lat="46.66607472625333" lon="7.932373243526554">
        <ele>2025.7</ele>
      </trkpt>
      <trkpt lat="46.666037994105075" lon="7.932378017035185">
        <ele>2025.6</ele>
      </trkpt>
      <trkpt lat="46.66601024450076" lon="7.932400369353987">
        <ele>2025.5</ele>
      </trkpt>
      <trkpt lat="46.66598256704399" lon="7.932408139535673">
        <ele>2025.4</ele>
      </trkpt>
      <trkpt lat="46.66592859255433" lon="7.932418583299606">
        <ele>2025.3</ele>
      </trkpt>
      <trkpt lat="46.6658841698352" lon="7.932421104288451">
        <ele>2026.0</ele>
      </trkpt>
      <trkpt lat="46.66584742195143" lon="7.932429510221234">
        <ele>2026.8</ele>
      </trkpt>
      <trkpt lat="46.665819719194396" lon="7.932443121065404">
        <ele>2027.5</ele>
      </trkpt>
      <trkpt lat="46.66579384668688" lon="7.932451626378287">
        <ele>2028.2</ele>
      </trkpt>
      <trkpt lat="46.66577210538222" lon="7.932449245473726">
        <ele>2029.0</ele>
      </trkpt>
      <trkpt lat="46.66575085758978" lon="7.932438845977483">
        <ele>2029.7</ele>
      </trkpt>
      <trkpt lat="46.6657251261652" lon="7.932418931978415">
        <ele>2030.4</ele>
      </trkpt>
      <trkpt lat="46.665658329074844" lon="7.932365844706627">
        <ele>2031.1</ele>
      </trkpt>
      <trkpt lat="46.665609215735515" lon="7.932327710899925">
        <ele>2031.9</ele>
      </trkpt>
      <trkpt lat="46.66558495794178" lon="7.9323144092588525">
        <ele>2032.6</ele>
      </trkpt>
      <trkpt lat="46.665561532688926" lon="7.932320741720117">
        <ele>2033.3</ele>
      </trkpt>
      <trkpt lat="46.665485872509464" lon="7.932330503849341">
        <ele>2034.1</ele>
      </trkpt>
      <trkpt lat="46.66540571793397" lon="7.932341544633336">
        <ele>2034.8</ele>
      </trkpt>
      <trkpt lat="46.66533726868588" lon="7.932350065917471">
        <ele>2035.5</ele>
      </trkpt>
      <trkpt lat="46.665261193361836" lon="7.9323559825242">
        <ele>2036.2</ele>
      </trkpt>
      <trkpt lat="46.66518756401226" lon="7.932387022807338">
        <ele>2037.0</ele>
      </trkpt>
      <trkpt lat="46.66503799383242" lon="7.932401231470073">
        <ele>2037.7</ele>
      </trkpt>
      <trkpt lat="46.664979369300575" lon="7.932417734735678">
        <ele>2038.4</ele>
      </trkpt>
      <trkpt lat="46.66488469946611" lon="7.932411276928166">
        <ele>2039.2</ele>
      </trkpt>
      <trkpt lat="46.664801220183804" lon="7.93240692062521">
        <ele>2039.9</ele>
      </trkpt>
      <trkpt lat="46.664777471574766" lon="7.93243183086084">
        <ele>2039.9</ele>
      </trkpt>
      <trkpt lat="46.664738592066506" lon="7.9325045314315235">
        <ele>2039.8</ele>
      </trkpt>
      <trkpt lat="46.6646760451157" lon="7.932579236854546">
        <ele>2039.8</ele>
      </trkpt>
      <trkpt lat="46.664628538827756" lon="7.932626979353616">
        <ele>2039.7</ele>
      </trkpt>
      <trkpt lat="46.664569869234995" lon="7.932658025030002">
        <ele>2039.7</ele>
      </trkpt>
      <trkpt lat="46.664472626426445" lon="7.932676526732373">
        <ele>2039.6</ele>
      </trkpt>
      <trkpt lat="46.664392880263684" lon="7.932676346306838">
        <ele>2039.6</ele>
      </trkpt>
      <trkpt lat="46.66436933039361" lon="7.932671988843883">
        <ele>2039.5</ele>
      </trkpt>
      <trkpt lat="46.66434194650912" lon="7.932655601182749">
        <ele>2039.5</ele>
      </trkpt>
      <trkpt lat="46.664309563298985" lon="7.9326220767174975">
        <ele>2039.4</ele>
      </trkpt>
      <trkpt lat="46.66426853445304" lon="7.932594954275648">
        <ele>2039.4</ele>
      </trkpt>
      <trkpt lat="46.664222512999636" lon="7.932571980602148">
        <ele>2039.3</ele>
      </trkpt>
      <trkpt lat="46.664168926102825" lon="7.932573934140082">
        <ele>2039.2</ele>
      </trkpt>
      <trkpt lat="46.66412401985447" lon="7.932588393327135">
        <ele>2039.2</ele>
      </trkpt>
      <trkpt lat="46.66408061675229" lon="7.9326151095827395">
        <ele>2039.2</ele>
      </trkpt>
      <trkpt lat="46.66407220364133" lon="7.932640512412933">
        <ele>2039.1</ele>
      </trkpt>
      <trkpt lat="46.664080905858455" lon="7.932679177480115">
        <ele>2039.1</ele>
      </trkpt>
      <trkpt lat="46.664109140825815" lon="7.93275656750587">
        <ele>2039.0</ele>
      </trkpt>
      <trkpt lat="46.66414364105421" lon="7.932851641707976">
        <ele>2039.0</ele>
      </trkpt>
      <trkpt lat="46.66417527421535" lon="7.932910835146716">
        <ele>2038.9</ele>
      </trkpt>
      <trkpt lat="46.66419234674079" lon="7.933025245416013">
        <ele>2037.7</ele>
      </trkpt>
      <trkpt lat="46.66419682481665" lon="7.933174990088718">
        <ele>2036.5</ele>
      </trkpt>
      <trkpt lat="46.6642078347233" lon="7.93323739228798">
        <ele>2035.3</ele>
      </trkpt>
      <trkpt lat="46.66420137494467" lon="7.9333060110507585">
        <ele>2034.1</ele>
      </trkpt>
      <trkpt lat="46.66418874441847" lon="7.933357965682116">
        <ele>2032.9</ele>
      </trkpt>
      <trkpt lat="46.66418092581168" lon="7.9334598394414435">
        <ele>2031.6</ele>
      </trkpt>
      <trkpt lat="46.664140731978065" lon="7.933553328395074">
        <ele>2030.4</ele>
      </trkpt>
      <trkpt lat="46.66412185829006" lon="7.933609433144828">
        <ele>2029.2</ele>
      </trkpt>
      <trkpt lat="46.664120417965954" lon="7.933669748221288">
        <ele>2028.0</ele>
      </trkpt>
      <trkpt lat="46.66410152617648" lon="7.933730007906129">
        <ele>2026.8</ele>
      </trkpt>
      <trkpt lat="46.66409759416115" lon="7.933788209473657">
        <ele>2025.6</ele>
      </trkpt>
      <trkpt lat="46.664054492065205" lon="7.934008547453648">
        <ele>2024.4</ele>
      </trkpt>
      <trkpt lat="46.66403681436991" lon="7.934075050817423">
        <ele>2023.2</ele>
      </trkpt>
      <trkpt lat="46.664020097254266" lon="7.934233054781168">
        <ele>2022.0</ele>
      </trkpt>
      <trkpt lat="46.663992334511924" lon="7.934336966425464">
        <ele>2020.8</ele>
      </trkpt>
      <trkpt lat="46.66397717545769" lon="7.934399324499204">
        <ele>2019.5</ele>
      </trkpt>
      <trkpt lat="46.663981851021774" lon="7.934492910616821">
        <ele>2018.3</ele>
      </trkpt>
      <trkpt lat="46.663953933962645" lon="7.934644644077399">
        <ele>2017.1</ele>
      </trkpt>
      <trkpt lat="46.66390236741854" lon="7.934785942195215">
        <ele>2015.9</ele>
      </trkpt>
      <trkpt lat="46.66387185845174" lon="7.934966776689355">
        <ele>2014.7</ele>
      </trkpt>
      <trkpt lat="46.6638678168169" lon="7.935056205835597">
        <ele>2015.3</ele>
      </trkpt>
      <trkpt lat="46.6638347248205" lon="7.935264077013413">
        <ele>2016.0</ele>
      </trkpt>
      <trkpt lat="46.663834958109646" lon="7.935567678939604">
        <ele>2016.6</ele>
      </trkpt>
      <trkpt lat="46.6637507336366" lon="7.935787910456211">
        <ele>2017.3</ele>
      </trkpt>
      <trkpt lat="46.663726566161806" lon="7.9359354958606065">
        <ele>2017.9</ele>
      </trkpt>
      <trkpt lat="46.66369252662149" lon="7.93605297660142">
        <ele>2018.6</ele>
      </trkpt>
      <trkpt lat="46.663686530884036" lon="7.936247794435662">
        <ele>2019.2</ele>
      </trkpt>
      <trkpt lat="46.6636664830507" lon="7.936417996236464">
        <ele>2019.9</ele>
      </trkpt>
      <trkpt lat="46.66367579056074" lon="7.9365649488633885">
        <ele>2020.5</ele>
      </trkpt>
      <trkpt lat="46.66365615453891" lon="7.936727262181858">
        <ele>2021.2</ele>
      </trkpt>
      <trkpt lat="46.66362150327373" lon="7.93688161011684">
        <ele>2021.8</ele>
      </trkpt>
      <trkpt lat="46.66359541599232" lon="7.937079103806997">
        <ele>2022.4</ele>
      </trkpt>
      <trkpt lat="46.66355205336285" lon="7.937217691251863">
        <ele>2023.1</ele>
      </trkpt>
      <trkpt lat="46.66355929855559" lon="7.93727650473812">
        <ele>2023.7</ele>
      </trkpt>
      <trkpt lat="46.663558755996675" lon="7.937386140063625">
        <ele>2024.4</ele>
      </trkpt>
      <trkpt lat="46.663538402171746" lon="7.937438805821194">
        <ele>2025.0</ele>
      </trkpt>
      <trkpt lat="46.66352176639243" lon="7.9375052125348">
        <ele>2025.7</ele>
      </trkpt>
      <trkpt lat="46.66353749739192" lon="7.937620891032926">
        <ele>2026.3</ele>
      </trkpt>
      <trkpt lat="46.66353557472695" lon="7.937755966941443">
        <ele>2027.0</ele>
      </trkpt>
      <trkpt lat="46.66354358520022" lon="7.937772040771465">
        <ele>2027.6</ele>
      </trkpt>
      <trkpt lat="46.66355421202302" lon="7.937793365346031">
        <ele>2027.5</ele>
      </trkpt>
      <trkpt lat="46.66359693721065" lon="7.937782052558033">
        <ele>2027.3</ele>
      </trkpt>
      <trkpt lat="46.66367355633805" lon="7.937769119046365">
        <ele>2027.2</ele>
      </trkpt>
      <trkpt lat="46.66373622154421" lon="7.937787363835592">
        <ele>2027.1</ele>
      </trkpt>
      <trkpt lat="46.663809980426784" lon="7.937807213808759">
        <ele>2027.0</ele>
      </trkpt>
      <trkpt lat="46.66395939530866" lon="7.937806046313026">
        <ele>2026.8</ele>
      </trkpt>
      <trkpt lat="46.66400354353449" lon="7.937794341535228">
        <ele>2026.7</ele>
      </trkpt>
      <trkpt lat="46.66415049368874" lon="7.937793151228222">
        <ele>2026.6</ele>
      </trkpt>
      <trkpt lat="46.66423633477652" lon="7.937773743373746">
        <ele>2026.5</ele>
      </trkpt>
      <trkpt lat="46.66433305495119" lon="7.9377782433216835">
        <ele>2026.3</ele>
      </trkpt>
      <trkpt lat="46.664447977020984" lon="7.9378106911181145">
        <ele>2026.2</ele>
      </trkpt>
      <trkpt lat="46.66455060370592" lon="7.937853008372402">
        <ele>2026.1</ele>
      </trkpt>
      <trkpt lat="46.664636975193446" lon="7.9379548772429915">
        <ele>2026.0</ele>
      </trkpt>
      <trkpt lat="46.664694089834995" lon="7.938032720738426">
        <ele>2025.8</ele>
      </trkpt>
      <trkpt lat="46.6647562912504" lon="7.9380787939852535">
        <ele>2025.7</ele>
      </trkpt>
      <trkpt lat="46.66480030764124" lon="7.938088974797138">
        <ele>2025.6</ele>
      </trkpt>
      <trkpt lat="46.66485544044711" lon="7.938085303121572">
        <ele>2025.5</ele>
      </trkpt>
      <trkpt lat="46.66488715273983" lon="7.9381073393457875">
        <ele>2025.3</ele>
      </trkpt>
      <trkpt lat="46.664952576827304" lon="7.938232966930967">
        <ele>2025.2</ele>
      </trkpt>
      <trkpt lat="46.6649571457498" lon="7.938290646657271">
        <ele>2025.1</ele>
      </trkpt>
      <trkpt lat="46.66493810114987" lon="7.938409835333733">
        <ele>2024.8</ele>
      </trkpt>
      <trkpt lat="46.66494012643035" lon="7.938483419902736">
        <ele>2024.4</ele>
      </trkpt>
      <trkpt lat="46.66494823412058" lon="7.938566952295371">
        <ele>2024.1</ele>
      </trkpt>
      <trkpt lat="46.66498039704706" lon="7.938726194049666">
        <ele>2023.7</ele>
      </trkpt>
      <trkpt lat="46.66498856577711" lon="7.9387978232823855">
        <ele>2023.4</ele>
      </trkpt>
      <trkpt lat="46.66503545321038" lon="7.938951177869721">
        <ele>2023.0</ele>
      </trkpt>
      <trkpt lat="46.66508391536399" lon="7.939042898192235">
        <ele>2022.7</ele>
      </trkpt>
      <trkpt lat="46.66512376083539" lon="7.939142522670492">
        <ele>2022.3</ele>
      </trkpt>
      <trkpt lat="46.66513598826031" lon="7.939324342920802">
        <ele>2022.0</ele>
      </trkpt>
      <trkpt lat="46.66513058280764" lon="7.939426527489762">
        <ele>2021.7</ele>
      </trkpt>
      <trkpt lat="46.665117821181795" lon="7.939536353249898">
        <ele>2021.3</ele>
      </trkpt>
      <trkpt lat="46.66510398969752" lon="7.939615305264528">
        <ele>2021.0</ele>
      </trkpt>
      <trkpt lat="46.66504826257264" lon="7.939778750508503">
        <ele>2020.6</ele>
      </trkpt>
      <trkpt lat="46.66498770268695" lon="7.939934428114378">
        <ele>2020.3</ele>
      </trkpt>
      <trkpt lat="46.664952794749325" lon="7.940080700196162">
        <ele>2019.9</ele>
      </trkpt>
      <trkpt lat="46.664931769945895" lon="7.9401383777147">
        <ele>2019.6</ele>
      </trkpt>
      <trkpt lat="46.66491425147258" lon="7.940223083647916">
        <ele>2019.2</ele>
      </trkpt>
      <trkpt lat="46.66488339826091" lon="7.940294167758623">
        <ele>2018.9</ele>
      </trkpt>
      <trkpt lat="46.66486730031496" lon="7.940342234553242">
        <ele>2018.5</ele>
      </trkpt>
      <trkpt lat="46.6648682665179" lon="7.940390459797202">
        <ele>2018.2</ele>
      </trkpt>
      <trkpt lat="46.66489349917658" lon="7.940462064706657">
        <ele>2018.4</ele>
      </trkpt>
      <trkpt lat="46.664901470879926" lon="7.940572069306634">
        <ele>2018.6</ele>
      </trkpt>
      <trkpt lat="46.66495310794323" lon="7.940724907478096">
        <ele>2018.8</ele>
      </trkpt>
      <trkpt lat="46.66496860641617" lon="7.940792567486">
        <ele>2019.0</ele>
      </trkpt>
      <trkpt lat="46.66500711402451" lon="7.940891279011311">
        <ele>2019.2</ele>
      </trkpt>
      <trkpt lat="46.66512355419119" lon="7.941013856628127">
        <ele>2019.4</ele>
      </trkpt>
      <trkpt lat="46.665197430770604" lon="7.941110976726419">
        <ele>2019.6</ele>
      </trkpt>
      <trkpt lat="46.66526036751669" lon="7.941202193649373">
        <ele>2019.8</ele>
      </trkpt>
      <trkpt lat="46.66531361268902" lon="7.941279835627231">
        <ele>2020.0</ele>
      </trkpt>
      <trkpt lat="46.665380390945714" lon="7.941338303926516">
        <ele>2020.2</ele>
      </trkpt>
      <trkpt lat="46.665483949902374" lon="7.941356594222174">
        <ele>2020.4</ele>
      </trkpt>
      <trkpt lat="46.665549649734686" lon="7.941384214866428">
        <ele>2020.6</ele>
      </trkpt>
      <trkpt lat="46.66562868520757" lon="7.941429286425312">
        <ele>2020.8</ele>
      </trkpt>
      <trkpt lat="46.665701415591485" lon="7.941512899181841">
        <ele>2021.0</ele>
      </trkpt>
      <trkpt lat="46.66574633068823" lon="7.941553798679866">
        <ele>2021.2</ele>
      </trkpt>
      <trkpt lat="46.66583123266368" lon="7.9416413798672885">
        <ele>2021.4</ele>
      </trkpt>
      <trkpt lat="46.6658761642015" lon="7.941676504116355">
        <ele>2021.6</ele>
      </trkpt>
      <trkpt lat="46.665929538209475" lon="7.941730993928386">
        <ele>2021.8</ele>
      </trkpt>
      <trkpt lat="46.66595613957304" lon="7.94177560412681">
        <ele>2022.0</ele>
      </trkpt>
      <trkpt lat="46.66596059458852" lon="7.941856647986679">
        <ele>2022.2</ele>
      </trkpt>
      <trkpt lat="46.66597100216801" lon="7.9419647568215295">
        <ele>2021.4</ele>
      </trkpt>
      <trkpt lat="46.66599258172641" lon="7.942036329898122">
        <ele>2020.6</ele>
      </trkpt>
      <trkpt lat="46.66602028570215" lon="7.9421021583496065">
        <ele>2019.8</ele>
      </trkpt>
      <trkpt lat="46.66605537191668" lon="7.942156491352705">
        <ele>2019.0</ele>
      </trkpt>
      <trkpt lat="46.66615147118816" lon="7.942201736583895">
        <ele>2018.2</ele>
      </trkpt>
      <trkpt lat="46.66618013191287" lon="7.942317725608474">
        <ele>2017.3</ele>
      </trkpt>
      <trkpt lat="46.6661798568823" lon="7.942369795276846">
        <ele>2016.5</ele>
      </trkpt>
      <trkpt lat="46.66618812740325" lon="7.942421944632337">
        <ele>2015.7</ele>
      </trkpt>
      <trkpt lat="46.66622174957435" lon="7.9425225479212305">
        <ele>2014.9</ele>
      </trkpt>
      <trkpt lat="46.66627104098458" lon="7.942658016747513">
        <ele>2014.1</ele>
      </trkpt>
      <trkpt lat="46.66630934036938" lon="7.942795317175367">
        <ele>2013.3</ele>
      </trkpt>
      <trkpt lat="46.66631256318247" lon="7.94288021801454">
        <ele>2012.5</ele>
      </trkpt>
      <trkpt lat="46.66632690576693" lon="7.942934358188286">
        <ele>2011.7</ele>
      </trkpt>
      <trkpt lat="46.666317732656026" lon="7.943055796532483">
        <ele>2010.9</ele>
      </trkpt>
      <trkpt lat="46.666346263552086" lon="7.943196860929145">
        <ele>2010.0</ele>
      </trkpt>
      <trkpt lat="46.66636148558585" lon="7.943318514098539">
        <ele>2009.2</ele>
      </trkpt>
      <trkpt lat="46.66635633462308" lon="7.943370538386925">
        <ele>2008.4</ele>
      </trkpt>
      <trkpt lat="46.666339097838545" lon="7.943401241838803">
        <ele>2007.6</ele>
      </trkpt>
      <trkpt lat="46.6663385300679" lon="7.943511183106419">
        <ele>2006.8</ele>
      </trkpt>
      <trkpt lat="46.666327754344735" lon="7.943705899750092">
        <ele>2006.0</ele>
      </trkpt>
      <trkpt lat="46.66638639093623" lon="7.943920526414725">
        <ele>2007.1</ele>
      </trkpt>
      <trkpt lat="46.666429530098156" lon="7.944065582924624">
        <ele>2008.2</ele>
      </trkpt>
      <trkpt lat="46.66643900558217" lon="7.94411969106365">
        <ele>2009.2</ele>
      </trkpt>
      <trkpt lat="46.66648724410273" lon="7.944222366611593">
        <ele>2010.3</ele>
      </trkpt>
      <trkpt lat="46.666563383332445" lon="7.944352287177215">
        <ele>2011.4</ele>
      </trkpt>
      <trkpt lat="46.66670391301085" lon="7.944531028940452">
        <ele>2012.5</ele>
      </trkpt>
      <trkpt lat="46.66677284226624" lon="7.944641595737459">
        <ele>2013.5</ele>
      </trkpt>
      <trkpt lat="46.66677495493289" lon="7.944694589978389">
        <ele>2014.6</ele>
      </trkpt>
      <trkpt lat="46.6667902757618" lon="7.944726761222733">
        <ele>2015.7</ele>
      </trkpt>
      <trkpt lat="46.666816243857006" lon="7.944780018182295">
        <ele>2016.8</ele>
      </trkpt>
      <trkpt lat="46.66682809925134" lon="7.944812653561065">
        <ele>2017.8</ele>
      </trkpt>
      <trkpt lat="46.66683080381423" lon="7.944839701911513">
        <ele>2018.9</ele>
      </trkpt>
      <trkpt lat="46.66683733335807" lon="7.944862290982156">
        <ele>2020.0</ele>
      </trkpt>
      <trkpt lat="46.66684512677069" lon="7.944883872658289">
        <ele>2021.0</ele>
      </trkpt>
      <trkpt lat="46.66685195565029" lon="7.94490995349452">
        <ele>2022.1</ele>
      </trkpt>
      <trkpt lat="46.66685873548955" lon="7.94494505026412">
        <ele>2023.2</ele>
      </trkpt>
      <trkpt lat="46.666867448908164" lon="7.944972154953912">
        <ele>2024.3</ele>
      </trkpt>
      <trkpt lat="46.66688001621324" lon="7.944986267744353">
        <ele>2025.3</ele>
      </trkpt>
      <trkpt lat="46.66688657909814" lon="7.945001343506882">
        <ele>2026.4</ele>
      </trkpt>
      <trkpt lat="46.6668899289597" lon="7.94502689521315">
        <ele>2027.5</ele>
      </trkpt>
      <trkpt lat="46.66689989961598" lon="7.945056507559354">
        <ele>2028.1</ele>
      </trkpt>
      <trkpt lat="46.66691834450347" lon="7.945098208152635">
        <ele>2028.6</ele>
      </trkpt>
      <trkpt lat="46.66693749695176" lon="7.945122379164283">
        <ele>2029.2</ele>
      </trkpt>
      <trkpt lat="46.666948729136756" lon="7.945151506826694">
        <ele>2029.7</ele>
      </trkpt>
      <trkpt lat="46.66695738247671" lon="7.945192122569291">
        <ele>2030.3</ele>
      </trkpt>
      <trkpt lat="46.66695609949048" lon="7.945260190914251">
        <ele>2030.8</ele>
      </trkpt>
      <trkpt lat="46.66695557980456" lon="7.945302236452473">
        <ele>2031.4</ele>
      </trkpt>
      <trkpt lat="46.666952612495066" lon="7.945326239295836">
        <ele>2031.9</ele>
      </trkpt>
      <trkpt lat="46.666945809127114" lon="7.94536123491418">
        <ele>2032.5</ele>
      </trkpt>
      <trkpt lat="46.66694309658807" lon="7.945398751673689">
        <ele>2033.0</ele>
      </trkpt>
      <trkpt lat="46.666946426321864" lon="7.945428811444052">
        <ele>2033.6</ele>
      </trkpt>
      <trkpt lat="46.66695238239176" lon="7.94550145588946">
        <ele>2034.2</ele>
      </trkpt>
      <trkpt lat="46.666952412125696" lon="7.94555951395961">
        <ele>2034.7</ele>
      </trkpt>
      <trkpt lat="46.66694483859638" lon="7.9456220350138596">
        <ele>2035.3</ele>
      </trkpt>
      <trkpt lat="46.66693277692406" lon="7.945696522725594">
        <ele>2035.8</ele>
      </trkpt>
      <trkpt lat="46.66693254965438" lon="7.945743575742709">
        <ele>2036.4</ele>
      </trkpt>
      <trkpt lat="46.66693262162461" lon="7.945794133590474">
        <ele>2036.9</ele>
      </trkpt>
      <trkpt lat="46.666928341284" lon="7.94582814664726">
        <ele>2037.5</ele>
      </trkpt>
      <trkpt lat="46.66691203204107" lon="7.94586656802657">
        <ele>2038.0</ele>
      </trkpt>
      <trkpt lat="46.666896126947066" lon="7.945888959678216">
        <ele>2038.6</ele>
      </trkpt>
      <trkpt lat="46.66688561206586" lon="7.94590690680091">
        <ele>2039.2</ele>
      </trkpt>
      <trkpt lat="46.66687919690535" lon="7.945925375900576">
        <ele>2039.9</ele>
      </trkpt>
      <trkpt lat="46.66688293277902" lon="7.945936910145881">
        <ele>2040.5</ele>
      </trkpt>
      <trkpt lat="46.66689142477759" lon="7.945944987035708">
        <ele>2041.2</ele>
      </trkpt>
      <trkpt lat="46.66689578357832" lon="7.945958042934096">
        <ele>2041.8</ele>
      </trkpt>
      <trkpt lat="46.66689347486042" lon="7.9459775437045375">
        <ele>2042.5</ele>
      </trkpt>
      <trkpt lat="46.66687910153795" lon="7.94600947571409">
        <ele>2043.1</ele>
      </trkpt>
      <trkpt lat="46.666864417807766" lon="7.946038386261429">
        <ele>2043.8</ele>
      </trkpt>
      <trkpt lat="46.66685380702174" lon="7.94607585488046">
        <ele>2044.4</ele>
      </trkpt>
      <trkpt lat="46.666841180096995" lon="7.946137818657856">
        <ele>2045.1</ele>
      </trkpt>
      <trkpt lat="46.666826998870114" lon="7.946193273395295">
        <ele>2045.8</ele>
      </trkpt>
      <trkpt lat="46.666817368299675" lon="7.946224740247958">
        <ele>2046.4</ele>
      </trkpt>
      <trkpt lat="46.66680431004774" lon="7.946244153044911">
        <ele>2047.0</ele>
      </trkpt>
      <trkpt lat="46.66679721832415" lon="7.946273134826664">
        <ele>2047.7</ele>
      </trkpt>
      <trkpt lat="46.66679005743521" lon="7.946315627447528">
        <ele>2048.3</ele>
      </trkpt>
      <trkpt lat="46.66678290322227" lon="7.946356617390915">
        <ele>2049.0</ele>
      </trkpt>
      <trkpt lat="46.666780543076605" lon="7.946385630549181">
        <ele>2049.7</ele>
      </trkpt>
      <trkpt lat="46.66678859080441" lon="7.946420739378951">
        <ele>2050.3</ele>
      </trkpt>
      <trkpt lat="46.666799155004696" lon="7.946456368427734">
        <ele>2050.9</ele>
      </trkpt>
      <trkpt lat="46.666814073597834" lon="7.94650804576526">
        <ele>2051.6</ele>
      </trkpt>
      <trkpt lat="46.66682717893862" lon="7.9465426925625575">
        <ele>2052.0</ele>
      </trkpt>
      <trkpt lat="46.66684629981968" lon="7.946573880851607">
        <ele>2052.3</ele>
      </trkpt>
      <trkpt lat="46.6668787447358" lon="7.94659466225313">
        <ele>2052.7</ele>
      </trkpt>
      <trkpt lat="46.66689256679239" lon="7.946611792688257">
        <ele>2053.0</ele>
      </trkpt>
      <trkpt lat="46.66690949270455" lon="7.946640961111942">
        <ele>2053.4</ele>
      </trkpt>
      <trkpt lat="46.66692795928495" lon="7.946675645352315">
        <ele>2053.7</ele>
      </trkpt>
      <trkpt lat="46.6669455059452" lon="7.946706818942232">
        <ele>2054.1</ele>
      </trkpt>
      <trkpt lat="46.66696809906748" lon="7.946740039304755">
        <ele>2054.4</ele>
      </trkpt>
      <trkpt lat="46.66698855293794" lon="7.946756722557432">
        <ele>2054.8</ele>
      </trkpt>
      <trkpt lat="46.667016936071605" lon="7.9467684625726935">
        <ele>2055.1</ele>
      </trkpt>
      <trkpt lat="46.66704467613543" lon="7.946783202024603">
        <ele>2055.5</ele>
      </trkpt>
      <trkpt lat="46.667061939146976" lon="7.946807368988102">
        <ele>2055.9</ele>
      </trkpt>
      <trkpt lat="46.66707978057147" lon="7.946843040616333">
        <ele>2056.2</ele>
      </trkpt>
      <trkpt lat="46.66708496323852" lon="7.946881128231632">
        <ele>2056.6</ele>
      </trkpt>
      <trkpt lat="46.66708501673753" lon="7.946933698416168">
        <ele>2056.9</ele>
      </trkpt>
      <trkpt lat="46.66708781905194" lon="7.947007306659462">
        <ele>2057.3</ele>
      </trkpt>
      <trkpt lat="46.66708828122344" lon="7.947040841660134">
        <ele>2057.6</ele>
      </trkpt>
      <trkpt lat="46.66709313558479" lon="7.947081931686894">
        <ele>2058.0</ele>
      </trkpt>
      <trkpt lat="46.667091389330885" lon="7.947116465154129">
        <ele>2058.3</ele>
      </trkpt>
      <trkpt lat="46.667079188367154" lon="7.947155408424333">
        <ele>2058.7</ele>
      </trkpt>
      <trkpt lat="46.66707834636501" lon="7.947196954455799">
        <ele>2059.0</ele>
      </trkpt>
      <trkpt lat="46.667087990428996" lon="7.9472290731551">
        <ele>2059.4</ele>
      </trkpt>
      <trkpt lat="46.66710955170202" lon="7.947277794983423">
        <ele>2059.8</ele>
      </trkpt>
      <trkpt lat="46.66713148365988" lon="7.947316014235862">
        <ele>2060.1</ele>
      </trkpt>
      <trkpt lat="46.667163783188215" lon="7.947367333112116">
        <ele>2060.4</ele>
      </trkpt>
      <trkpt lat="46.66717158726326" lon="7.947386419529683">
        <ele>2060.8</ele>
      </trkpt>
      <trkpt lat="46.66717552159734" lon="7.947421986584292">
        <ele>2061.1</ele>
      </trkpt>
      <trkpt lat="46.66718201708341" lon="7.9474500771316725">
        <ele>2061.5</ele>
      </trkpt>
      <trkpt lat="46.667192866827655" lon="7.94749421615263">
        <ele>2061.8</ele>
      </trkpt>
      <trkpt lat="46.66720401790524" lon="7.947539364213146">
        <ele>2062.2</ele>
      </trkpt>
      <trkpt lat="46.66721827948853" lon="7.947595034650884">
        <ele>2062.5</ele>
      </trkpt>
      <trkpt lat="46.66722002989715" lon="7.947624086719466">
        <ele>2062.9</ele>
      </trkpt>
      <trkpt lat="46.66722362248404" lon="7.94766566157011">
        <ele>2063.2</ele>
      </trkpt>
      <trkpt lat="46.66723702211203" lon="7.947702820612873">
        <ele>2063.6</ele>
      </trkpt>
      <trkpt lat="46.667263593865734" lon="7.9477615995575945">
        <ele>2063.9</ele>
      </trkpt>
      <trkpt lat="46.66728232803214" lon="7.947808805437698">
        <ele>2064.3</ele>
      </trkpt>
      <trkpt lat="46.66729882247184" lon="7.947859988844375">
        <ele>2064.6</ele>
      </trkpt>
      <trkpt lat="46.66732124300026" lon="7.947927745266619">
        <ele>2065.0</ele>
      </trkpt>
      <trkpt lat="46.667342941975065" lon="7.948012025136336">
        <ele>2065.3</ele>
      </trkpt>
      <trkpt lat="46.66737235094501" lon="7.948136403087653">
        <ele>2065.7</ele>
      </trkpt>
      <trkpt lat="46.66738675472672" lon="7.948228624600268">
        <ele>2066.3</ele>
      </trkpt>
      <trkpt lat="46.667402076015385" lon="7.948324866498898">
        <ele>2066.8</ele>
      </trkpt>
      <trkpt lat="46.66742149021325" lon="7.948425145688926">
        <ele>2067.4</ele>
      </trkpt>
      <trkpt lat="46.667429456738176" lon="7.948476262004961">
        <ele>2067.9</ele>
      </trkpt>
      <trkpt lat="46.667432055131975" lon="7.948524844870352">
        <ele>2068.5</ele>
      </trkpt>
      <trkpt lat="46.667434111252554" lon="7.948557898586878">
        <ele>2069.0</ele>
      </trkpt>
      <trkpt lat="46.66743651125296" lon="7.948582448693953">
        <ele>2069.6</ele>
      </trkpt>
      <trkpt lat="46.667444942629864" lon="7.948604037174942">
        <ele>2070.1</ele>
      </trkpt>
      <trkpt lat="46.66745995874052" lon="7.948633698124605">
        <ele>2070.7</ele>
      </trkpt>
      <trkpt lat="46.667468039386904" lon="7.948661294305755">
        <ele>2071.2</ele>
      </trkpt>
      <trkpt lat="46.66747033756779" lon="7.948772937550124">
        <ele>2071.8</ele>
      </trkpt>
      <trkpt lat="46.667470963850405" lon="7.9488380320778855">
        <ele>2072.4</ele>
      </trkpt>
      <trkpt lat="46.66747329215493" lon="7.9488785890774425">
        <ele>2072.9</ele>
      </trkpt>
      <trkpt lat="46.66747122152476" lon="7.948913119670855">
        <ele>2073.5</ele>
      </trkpt>
      <trkpt lat="46.667461801997334" lon="7.948965600756249">
        <ele>2074.0</ele>
      </trkpt>
      <trkpt lat="46.667453459138414" lon="7.94899057210387">
        <ele>2074.6</ele>
      </trkpt>
      <trkpt lat="46.66744196563774" lon="7.949014010930957">
        <ele>2075.1</ele>
      </trkpt>
      <trkpt lat="46.66743202619303" lon="7.949041959605594">
        <ele>2075.7</ele>
      </trkpt>
      <trkpt lat="46.6674232295519" lon="7.9490959492637545">
        <ele>2076.2</ele>
      </trkpt>
      <trkpt lat="46.66742054486234" lon="7.949126971960557">
        <ele>2076.8</ele>
      </trkpt>
      <trkpt lat="46.66742670274029" lon="7.949160051388749">
        <ele>2077.5</ele>
      </trkpt>
      <trkpt lat="46.667447367931686" lon="7.949199775479213">
        <ele>2078.2</ele>
      </trkpt>
      <trkpt lat="46.667474881199595" lon="7.949259060855837">
        <ele>2078.9</ele>
      </trkpt>
      <trkpt lat="46.66749837103181" lon="7.9493027972727255">
        <ele>2079.7</ele>
      </trkpt>
      <trkpt lat="46.667507378057536" lon="7.94933441402053">
        <ele>2080.4</ele>
      </trkpt>
      <trkpt lat="46.66752185714859" lon="7.949409609992697">
        <ele>2081.1</ele>
      </trkpt>
      <trkpt lat="46.66754370761946" lon="7.949463850267498">
        <ele>2081.8</ele>
      </trkpt>
      <trkpt lat="46.667562841145376" lon="7.949494047008737">
        <ele>2082.5</ele>
      </trkpt>
      <trkpt lat="46.667573444822864" lon="7.949522660355383">
        <ele>2083.2</ele>
      </trkpt>
      <trkpt lat="46.66758175930474" lon="7.949566279581227">
        <ele>2083.9</ele>
      </trkpt>
      <trkpt lat="46.66759470212679" lon="7.949632967372827">
        <ele>2084.7</ele>
      </trkpt>
      <trkpt lat="46.66760709829138" lon="7.94968112043414">
        <ele>2085.4</ele>
      </trkpt>
      <trkpt lat="46.667613865473584" lon="7.949718714063374">
        <ele>2086.1</ele>
      </trkpt>
      <trkpt lat="46.667624361333864" lon="7.949769358126626">
        <ele>2086.8</ele>
      </trkpt>
      <trkpt lat="46.66765099708439" lon="7.949815633600609">
        <ele>2087.5</ele>
      </trkpt>
      <trkpt lat="46.66767738313226" lon="7.94984737577544">
        <ele>2088.2</ele>
      </trkpt>
      <trkpt lat="46.66772645339407" lon="7.949893824442721">
        <ele>2089.0</ele>
      </trkpt>
      <trkpt lat="46.667747496101384" lon="7.949919518171667">
        <ele>2089.7</ele>
      </trkpt>
      <trkpt lat="46.667756217332006" lon="7.949946624194805">
        <ele>2090.4</ele>
      </trkpt>
      <trkpt lat="46.667754749151875" lon="7.949987158592454">
        <ele>2091.1</ele>
      </trkpt>
      <trkpt lat="46.667754506602954" lon="7.950035218372989">
        <ele>2091.7</ele>
      </trkpt>
      <trkpt lat="46.667757549856105" lon="7.9501228513627025">
        <ele>2092.2</ele>
      </trkpt>
      <trkpt lat="46.66775698798296" lon="7.950173900568016">
        <ele>2092.8</ele>
      </trkpt>
      <trkpt lat="46.66774706390848" lon="7.950198360332048">
        <ele>2093.4</ele>
      </trkpt>
      <trkpt lat="46.6677386983818" lon="7.95022832317305">
        <ele>2094.0</ele>
      </trkpt>
      <trkpt lat="46.667737857511746" lon="7.950271372441272">
        <ele>2094.5</ele>
      </trkpt>
      <trkpt lat="46.66774497076834" lon="7.950301965363585">
        <ele>2095.1</ele>
      </trkpt>
      <trkpt lat="46.66775806152517" lon="7.95033960599706">
        <ele>2095.7</ele>
      </trkpt>
      <trkpt lat="46.66776360955317" lon="7.950368184793433">
        <ele>2096.3</ele>
      </trkpt>
      <trkpt lat="46.667759354828654" lon="7.950396187239264">
        <ele>2096.8</ele>
      </trkpt>
      <trkpt lat="46.667741442881216" lon="7.950440603686649">
        <ele>2097.4</ele>
      </trkpt>
      <trkpt lat="46.66771987422589" lon="7.9504559496055585">
        <ele>2098.0</ele>
      </trkpt>
      <trkpt lat="46.667684050154065" lon="7.950478687293123">
        <ele>2098.6</ele>
      </trkpt>
      <trkpt lat="46.667660536252676" lon="7.950504534028259">
        <ele>2099.2</ele>
      </trkpt>
      <trkpt lat="46.667638848472535" lon="7.950544406319736">
        <ele>2099.7</ele>
      </trkpt>
      <trkpt lat="46.66762481575691" lon="7.950570316714752">
        <ele>2100.3</ele>
      </trkpt>
      <trkpt lat="46.66761454079213" lon="7.950602783347345">
        <ele>2100.9</ele>
      </trkpt>
      <trkpt lat="46.667609307817315" lon="7.950638277122707">
        <ele>2101.4</ele>
      </trkpt>
      <trkpt lat="46.66761801537987" lon="7.950668388570386">
        <ele>2102.0</ele>
      </trkpt>
      <trkpt lat="46.66763056625119" lon="7.950686004801316">
        <ele>2102.6</ele>
      </trkpt>
      <trkpt lat="46.66764922267734" lon="7.950684156181093">
        <ele>2103.3</ele>
      </trkpt>
      <trkpt lat="46.66766951627262" lon="7.950670301042474">
        <ele>2104.0</ele>
      </trkpt>
      <trkpt lat="46.6676910512561" lon="7.9506604562938366">
        <ele>2104.7</ele>
      </trkpt>
      <trkpt lat="46.66770971443028" lon="7.950657104971217">
        <ele>2105.4</ele>
      </trkpt>
      <trkpt lat="46.66773217367751" lon="7.950651777237933">
        <ele>2106.2</ele>
      </trkpt>
      <trkpt lat="46.6677439486104" lon="7.950635855079331">
        <ele>2106.9</ele>
      </trkpt>
      <trkpt lat="46.66776427816939" lon="7.95061398989123">
        <ele>2107.6</ele>
      </trkpt>
      <trkpt lat="46.66779786917251" lon="7.950595739371246">
        <ele>2108.3</ele>
      </trkpt>
      <trkpt lat="46.667834577108735" lon="7.950586521851463">
        <ele>2109.0</ele>
      </trkpt>
      <trkpt lat="46.66784368495525" lon="7.950597610972071">
        <ele>2109.7</ele>
      </trkpt>
      <trkpt lat="46.66785725676276" lon="7.950600222407633">
        <ele>2110.4</ele>
      </trkpt>
      <trkpt lat="46.667875013681105" lon="7.950588342469683">
        <ele>2111.1</ele>
      </trkpt>
      <trkpt lat="46.66788550676791" lon="7.950575413628842">
        <ele>2111.8</ele>
      </trkpt>
      <trkpt lat="46.66789406135359" lon="7.950571482977003">
        <ele>2112.5</ele>
      </trkpt>
      <trkpt lat="46.667912049948114" lon="7.950576122521026">
        <ele>2113.2</ele>
      </trkpt>
      <trkpt lat="46.667931954512405" lon="7.950576781571919">
        <ele>2114.0</ele>
      </trkpt>
      <trkpt lat="46.66794779534135" lon="7.950568908241672">
        <ele>2114.7</ele>
      </trkpt>
      <trkpt lat="46.667957346203906" lon="7.95055546081878">
        <ele>2115.4</ele>
      </trkpt>
      <trkpt lat="46.66797126208587" lon="7.950553567221541">
        <ele>2116.1</ele>
      </trkpt>
      <trkpt lat="46.66799621751075" lon="7.950555280324309">
        <ele>2116.8</ele>
      </trkpt>
      <trkpt lat="46.668019911417815" lon="7.950557464972647">
        <ele>2117.8</ele>
      </trkpt>
      <trkpt lat="46.66805345745128" lon="7.950547224295843">
        <ele>2118.9</ele>
      </trkpt>
      <trkpt lat="46.66808252380285" lon="7.950548963285107">
        <ele>2119.9</ele>
      </trkpt>
      <trkpt lat="46.66810458957022" lon="7.9505591429044715">
        <ele>2121.0</ele>
      </trkpt>
      <trkpt lat="46.66813646699901" lon="7.9505679127420406">
        <ele>2122.0</ele>
      </trkpt>
      <trkpt lat="46.66818575726843" lon="7.95056930762136">
        <ele>2123.0</ele>
      </trkpt>
      <trkpt lat="46.668230628539995" lon="7.950571170262811">
        <ele>2124.1</ele>
      </trkpt>
      <trkpt lat="46.66825743261697" lon="7.950581891389181">
        <ele>2125.1</ele>
      </trkpt>
      <trkpt lat="46.66827917673798" lon="7.950593583845712">
        <ele>2126.2</ele>
      </trkpt>
      <trkpt lat="46.668301831704866" lon="7.950614785075563">
        <ele>2127.2</ele>
      </trkpt>
      <trkpt lat="46.668326541411176" lon="7.950641167494096">
        <ele>2128.2</ele>
      </trkpt>
      <trkpt lat="46.668332216157054" lon="7.95071762747078">
        <ele>2129.3</ele>
      </trkpt>
      <trkpt lat="46.66837589211514" lon="7.95084941005553">
        <ele>2130.3</ele>
      </trkpt>
      <trkpt lat="46.66839015808938" lon="7.950935778432217">
        <ele>2131.4</ele>
      </trkpt>
      <trkpt lat="46.668464023747326" lon="7.95118156214328">
        <ele>2132.4</ele>
      </trkpt>
      <trkpt lat="46.66859528012164" lon="7.951541658286067">
        <ele>2133.4</ele>
      </trkpt>
      <trkpt lat="46.6687219784948" lon="7.951844920726256">
        <ele>2134.5</ele>
      </trkpt>
      <trkpt lat="46.66875472109027" lon="7.95194523883033">
        <ele>2135.5</ele>
      </trkpt>
      <trkpt lat="46.668816944106595" lon="7.9520811723103275">
        <ele>2136.6</ele>
      </trkpt>
      <trkpt lat="46.6688436221965" lon="7.952163778603476">
        <ele>2137.6</ele>
      </trkpt>
      <trkpt lat="46.66886927204569" lon="7.952215025740775">
        <ele>2138.0</ele>
      </trkpt>
      <trkpt lat="46.66891425854691" lon="7.952335075434181">
        <ele>2138.4</ele>
      </trkpt>
      <trkpt lat="46.66894330346642" lon="7.952433398867517">
        <ele>2138.8</ele>
      </trkpt>
      <trkpt lat="46.668936546339665" lon="7.952517530033106">
        <ele>2139.2</ele>
      </trkpt>
      <trkpt lat="46.669007866343925" lon="7.952588944214195">
        <ele>2139.6</ele>
      </trkpt>
      <trkpt lat="46.66903701778196" lon="7.952671574588085">
        <ele>2140.0</ele>
      </trkpt>
      <trkpt lat="46.669083366518095" lon="7.952956200472915">
        <ele>2140.4</ele>
      </trkpt>
      <trkpt lat="46.6691068413601" lon="7.9531464948138915">
        <ele>2140.8</ele>
      </trkpt>
      <trkpt lat="46.6691146502947" lon="7.953273914714517">
        <ele>2141.2</ele>
      </trkpt>
      <trkpt lat="46.66911493119031" lon="7.953414944887466">
        <ele>2141.6</ele>
      </trkpt>
      <trkpt lat="46.669105815146466" lon="7.953481438355985">
        <ele>2142.0</ele>
      </trkpt>
      <trkpt lat="46.66911405953189" lon="7.953544229210092">
        <ele>2142.4</ele>
      </trkpt>
      <trkpt lat="46.669133626834395" lon="7.953579724872886">
        <ele>2142.8</ele>
      </trkpt>
      <trkpt lat="46.66913817386009" lon="7.953638547122957">
        <ele>2143.2</ele>
      </trkpt>
      <trkpt lat="46.6691074573614" lon="7.953787030972411">
        <ele>2143.6</ele>
      </trkpt>
      <trkpt lat="46.66914168887555" lon="7.953852108293455">
        <ele>2144.0</ele>
      </trkpt>
      <trkpt lat="46.66916337380016" lon="7.953940522713413">
        <ele>2144.4</ele>
      </trkpt>
      <trkpt lat="46.669185298977474" lon="7.953993682574995">
        <ele>2144.8</ele>
      </trkpt>
      <trkpt lat="46.66923692630102" lon="7.954047217335772">
        <ele>2145.2</ele>
      </trkpt>
      <trkpt lat="46.66930427205572" lon="7.954155813194368">
        <ele>2145.6</ele>
      </trkpt>
      <trkpt lat="46.66936303549281" lon="7.954252540214259">
        <ele>2145.9</ele>
      </trkpt>
      <trkpt lat="46.66938709590952" lon="7.954356659255222">
        <ele>2146.2</ele>
      </trkpt>
      <trkpt lat="46.669444519950765" lon="7.954469042221485">
        <ele>2146.5</ele>
      </trkpt>
      <trkpt lat="46.66947581417067" lon="7.954600673131779">
        <ele>2146.9</ele>
      </trkpt>
      <trkpt lat="46.66949462387864" lon="7.954747827171392">
        <ele>2147.2</ele>
      </trkpt>
      <trkpt lat="46.66951735331722" lon="7.954863681996942">
        <ele>2147.5</ele>
      </trkpt>
      <trkpt lat="46.669499395805495" lon="7.954955521311994">
        <ele>2147.8</ele>
      </trkpt>
      <trkpt lat="46.669595068038994" lon="7.955086003936082">
        <ele>2148.1</ele>
      </trkpt>
      <trkpt lat="46.6696079023296" lon="7.955201751435246">
        <ele>2148.4</ele>
      </trkpt>
      <trkpt lat="46.66964400044514" lon="7.955354991177891">
        <ele>2148.8</ele>
      </trkpt>
      <trkpt lat="46.66969718233368" lon="7.955543704115517">
        <ele>2149.1</ele>
      </trkpt>
      <trkpt lat="46.669748354102005" lon="7.955665803978716">
        <ele>2149.4</ele>
      </trkpt>
      <trkpt lat="46.66982162953438" lon="7.955995817754211">
        <ele>2149.7</ele>
      </trkpt>
      <trkpt lat="46.669840169724495" lon="7.95618213533283">
        <ele>2150.0</ele>
      </trkpt>
      <trkpt lat="46.66985938802428" lon="7.956268568018633">
        <ele>2150.3</ele>
      </trkpt>
      <trkpt lat="46.66990070887121" lon="7.956382707607775">
        <ele>2150.6</ele>
      </trkpt>
      <trkpt lat="46.66992213278701" lon="7.956508352478035">
        <ele>2151.0</ele>
      </trkpt>
      <trkpt lat="46.669919087605955" lon="7.956592546413082">
        <ele>2151.3</ele>
      </trkpt>
      <trkpt lat="46.66991489932914" lon="7.956663007999931">
        <ele>2151.6</ele>
      </trkpt>
      <trkpt lat="46.66992653540748" lon="7.956770878156872">
        <ele>2151.9</ele>
      </trkpt>
      <trkpt lat="46.669913371902666" lon="7.956886285898339">
        <ele>2152.8</ele>
      </trkpt>
      <trkpt lat="46.66988063319366" lon="7.956968143220171">
        <ele>2153.6</ele>
      </trkpt>
      <trkpt lat="46.66987286371013" lon="7.957018968410566">
        <ele>2154.5</ele>
      </trkpt>
      <trkpt lat="46.669877087360284" lon="7.9571267543517825">
        <ele>2155.3</ele>
      </trkpt>
      <trkpt lat="46.66985380525932" lon="7.9572733756082386">
        <ele>2156.2</ele>
      </trkpt>
      <trkpt lat="46.66981692219423" lon="7.9574178536606075">
        <ele>2157.0</ele>
      </trkpt>
      <trkpt lat="46.66982522544132" lon="7.957653025960091">
        <ele>2157.9</ele>
      </trkpt>
      <trkpt lat="46.669851407658385" lon="7.957808093683086">
        <ele>2158.7</ele>
      </trkpt>
      <trkpt lat="46.66990286993703" lon="7.958067321139558">
        <ele>2159.6</ele>
      </trkpt>
      <trkpt lat="46.669918351337465" lon="7.958339793655788">
        <ele>2160.4</ele>
      </trkpt>
      <trkpt lat="46.66996843996385" lon="7.958438363885382">
        <ele>2161.3</ele>
      </trkpt>
      <trkpt lat="46.66999439718814" lon="7.958624780376622">
        <ele>2162.2</ele>
      </trkpt>
      <trkpt lat="46.67002180138167" lon="7.958781847171815">
        <ele>2163.0</ele>
      </trkpt>
      <trkpt lat="46.67004621595335" lon="7.958833073634616">
        <ele>2163.9</ele>
      </trkpt>
      <trkpt lat="46.67004647197196" lon="7.958976079364486">
        <ele>2164.7</ele>
      </trkpt>
      <trkpt lat="46.67001745572019" lon="7.959056024363818">
        <ele>2165.6</ele>
      </trkpt>
      <trkpt lat="46.67000912975953" lon="7.95918715998318">
        <ele>2166.4</ele>
      </trkpt>
      <trkpt lat="46.66999703494506" lon="7.959328034102498">
        <ele>2167.3</ele>
      </trkpt>
      <trkpt lat="46.67000732390752" lon="7.959635701816698">
        <ele>2168.1</ele>
      </trkpt>
      <trkpt lat="46.67001259284011" lon="7.959951148947961">
        <ele>2169.0</ele>
      </trkpt>
      <trkpt lat="46.670009033861554" lon="7.960109760184054">
        <ele>2170.3</ele>
      </trkpt>
      <trkpt lat="46.67001297650604" lon="7.960258668968947">
        <ele>2171.7</ele>
      </trkpt>
      <trkpt lat="46.670004397892704" lon="7.96042701964144">
        <ele>2173.0</ele>
      </trkpt>
      <trkpt lat="46.67002663681748" lon="7.960615361517073">
        <ele>2174.3</ele>
      </trkpt>
      <trkpt lat="46.67003056075108" lon="7.96076428328098">
        <ele>2175.7</ele>
      </trkpt>
      <trkpt lat="46.6700262821524" lon="7.961028673112535">
        <ele>2177.0</ele>
      </trkpt>
      <trkpt lat="46.670042205705315" lon="7.961234543776371">
        <ele>2178.3</ele>
      </trkpt>
      <trkpt lat="46.670098878293196" lon="7.961636829352342">
        <ele>2179.6</ele>
      </trkpt>
      <trkpt lat="46.67010768536295" lon="7.96179755991941">
        <ele>2181.0</ele>
      </trkpt>
      <trkpt lat="46.670150907868575" lon="7.961993999125257">
        <ele>2182.3</ele>
      </trkpt>
      <trkpt lat="46.670153966440864" lon="7.962090013527572">
        <ele>2183.6</ele>
      </trkpt>
      <trkpt lat="46.67020047161403" lon="7.962349185483475">
        <ele>2185.0</ele>
      </trkpt>
      <trkpt lat="46.67027431199448" lon="7.962773241532509">
        <ele>2186.3</ele>
      </trkpt>
      <trkpt lat="46.67031533828596" lon="7.962928509433157">
        <ele>2187.6</ele>
      </trkpt>
      <trkpt lat="46.67034456184348" lon="7.963181582183141">
        <ele>2188.9</ele>
      </trkpt>
      <trkpt lat="46.670396013750384" lon="7.9632605818753195">
        <ele>2190.3</ele>
      </trkpt>
      <trkpt lat="46.670454670734124" lon="7.96343936143074">
        <ele>2191.6</ele>
      </trkpt>
      <trkpt lat="46.67047821501563" lon="7.963538489710375">
        <ele>2192.9</ele>
      </trkpt>
      <trkpt lat="46.670473923037875" lon="7.9635797432700635">
        <ele>2194.3</ele>
      </trkpt>
      <trkpt lat="46.67050812522233" lon="7.963636307791185">
        <ele>2195.6</ele>
      </trkpt>
      <trkpt lat="46.67057534342512" lon="7.963829219619451">
        <ele>2196.3</ele>
      </trkpt>
      <trkpt lat="46.6706086888651" lon="7.963894035149222">
        <ele>2197.0</ele>
      </trkpt>
      <trkpt lat="46.67066128174296" lon="7.964055245778598">
        <ele>2197.6</ele>
      </trkpt>
      <trkpt lat="46.67076415602153" lon="7.9644027886921185">
        <ele>2198.3</ele>
      </trkpt>
      <trkpt lat="46.67088890432428" lon="7.96477817219929">
        <ele>2199.0</ele>
      </trkpt>
      <trkpt lat="46.67093221224003" lon="7.96488289158013">
        <ele>2199.7</ele>
      </trkpt>
      <trkpt lat="46.67098449831517" lon="7.965010881679035">
        <ele>2200.4</ele>
      </trkpt>
      <trkpt lat="46.67103781430077" lon="7.965112562590322">
        <ele>2201.0</ele>
      </trkpt>
      <trkpt lat="46.671080995939136" lon="7.965234818918481">
        <ele>2201.7</ele>
      </trkpt>
      <trkpt lat="46.67111326727141" lon="7.965370350979266">
        <ele>2202.4</ele>
      </trkpt>
      <trkpt lat="46.67111688808849" lon="7.965443359554773">
        <ele>2203.1</ele>
      </trkpt>
      <trkpt lat="46.67118136257542" lon="7.965723192434698">
        <ele>2203.8</ele>
      </trkpt>
      <trkpt lat="46.671214632142934" lon="7.965835316388105">
        <ele>2204.4</ele>
      </trkpt>
      <trkpt lat="46.671271113811926" lon="7.965960356400237">
        <ele>2205.1</ele>
      </trkpt>
      <trkpt lat="46.67131429237597" lon="7.9660811371919715">
        <ele>2205.8</ele>
      </trkpt>
      <trkpt lat="46.671334562424455" lon="7.966152505245988">
        <ele>2206.5</ele>
      </trkpt>
      <trkpt lat="46.67137212283329" lon="7.966247068639812">
        <ele>2207.2</ele>
      </trkpt>
      <trkpt lat="46.67143301259799" lon="7.966336985568211">
        <ele>2207.8</ele>
      </trkpt>
      <trkpt lat="46.671466126019894" lon="7.966471050686522">
        <ele>2208.5</ele>
      </trkpt>
      <trkpt lat="46.67153650127952" lon="7.966628062319718">
        <ele>2209.2</ele>
      </trkpt>
      <trkpt lat="46.671638263538306" lon="7.966813961841074">
        <ele>2209.3</ele>
      </trkpt>
      <trkpt lat="46.67170211414046" lon="7.9669520528783">
        <ele>2209.4</ele>
      </trkpt>
      <trkpt lat="46.671769714606626" lon="7.967036051454037">
        <ele>2209.5</ele>
      </trkpt>
      <trkpt lat="46.67181465326294" lon="7.967143665386565">
        <ele>2209.6</ele>
      </trkpt>
      <trkpt lat="46.67184493770914" lon="7.9672105454695235">
        <ele>2209.8</ele>
      </trkpt>
      <trkpt lat="46.67186060206448" lon="7.9673418799559625">
        <ele>2209.9</ele>
      </trkpt>
      <trkpt lat="46.671902925702916" lon="7.967472116388434">
        <ele>2210.0</ele>
      </trkpt>
      <trkpt lat="46.6719637064501" lon="7.9676512530795">
        <ele>2210.1</ele>
      </trkpt>
      <trkpt lat="46.67203615191848" lon="7.967801845219946">
        <ele>2210.2</ele>
      </trkpt>
      <trkpt lat="46.67208518523685" lon="7.967866322069701">
        <ele>2210.3</ele>
      </trkpt>
      <trkpt lat="46.67210043236931" lon="7.967940099487977">
        <ele>2210.4</ele>
      </trkpt>
      <trkpt lat="46.672142814948586" lon="7.968016808852378">
        <ele>2210.5</ele>
      </trkpt>
      <trkpt lat="46.672189685666986" lon="7.9681808340481455">
        <ele>2210.6</ele>
      </trkpt>
      <trkpt lat="46.67225458253439" lon="7.968358640664003">
        <ele>2210.7</ele>
      </trkpt>
      <trkpt lat="46.672278789985356" lon="7.968451586438039">
        <ele>2210.8</ele>
      </trkpt>
      <trkpt lat="46.67233434742397" lon="7.968683889491497">
        <ele>2211.0</ele>
      </trkpt>
      <trkpt lat="46.67241217910277" lon="7.968908178469694">
        <ele>2211.1</ele>
      </trkpt>
      <trkpt lat="46.67248866136638" lon="7.9690724437663265">
        <ele>2211.2</ele>
      </trkpt>
      <trkpt lat="46.67261062433771" lon="7.9693529967359025">
        <ele>2211.3</ele>
      </trkpt>
      <trkpt lat="46.67266839078448" lon="7.969477559712271">
        <ele>2211.4</ele>
      </trkpt>
      <trkpt lat="46.67276992350837" lon="7.969709820907809">
        <ele>2213.5</ele>
      </trkpt>
      <trkpt lat="46.67282152594597" lon="7.969761335353033">
        <ele>2215.6</ele>
      </trkpt>
      <trkpt lat="46.67286204838586" lon="7.969827704612474">
        <ele>2217.7</ele>
      </trkpt>
      <trkpt lat="46.6728882855862" lon="7.969940405821216">
        <ele>2219.8</ele>
      </trkpt>
      <trkpt lat="46.672917574841925" lon="7.970044825460077">
        <ele>2221.9</ele>
      </trkpt>
      <trkpt lat="46.67295412615985" lon="7.970106229069831">
        <ele>2224.1</ele>
      </trkpt>
      <trkpt lat="46.67297748849242" lon="7.970200697570336">
        <ele>2226.2</ele>
      </trkpt>
      <trkpt lat="46.6730166017991" lon="7.970329992556685">
        <ele>2228.3</ele>
      </trkpt>
      <trkpt lat="46.67306656085787" lon="7.970479206746226">
        <ele>2230.4</ele>
      </trkpt>
      <trkpt lat="46.673079858026256" lon="7.970586880489053">
        <ele>2232.5</ele>
      </trkpt>
      <trkpt lat="46.6730929118029" lon="7.9707293409356845">
        <ele>2234.6</ele>
      </trkpt>
      <trkpt lat="46.67311896399873" lon="7.970871851113249">
        <ele>2236.7</ele>
      </trkpt>
      <trkpt lat="46.673142228406206" lon="7.971133573460902">
        <ele>2238.8</ele>
      </trkpt>
      <trkpt lat="46.67317219430783" lon="7.971289335098874">
        <ele>2240.9</ele>
      </trkpt>
      <trkpt lat="46.67318345243549" lon="7.9714019814249">
        <ele>2243.1</ele>
      </trkpt>
      <trkpt lat="46.67320179660344" lon="7.971499760074703">
        <ele>2245.2</ele>
      </trkpt>
      <trkpt lat="46.67320963894856" lon="7.971675312109584">
        <ele>2247.3</ele>
      </trkpt>
      <trkpt lat="46.67321703933247" lon="7.971766409286906">
        <ele>2249.4</ele>
      </trkpt>
      <trkpt lat="46.67323631723062" lon="7.9718741296287465">
        <ele>2251.5</ele>
      </trkpt>
      <trkpt lat="46.673259397016835" lon="7.972013304993181">
        <ele>2253.6</ele>
      </trkpt>
      <trkpt lat="46.67326988032183" lon="7.972089521240473">
        <ele>2254.8</ele>
      </trkpt>
      <trkpt lat="46.67325669851663" lon="7.972120939156486">
        <ele>2256.1</ele>
      </trkpt>
      <trkpt lat="46.67327606390855" lon="7.97221373599161">
        <ele>2257.3</ele>
      </trkpt>
      <trkpt lat="46.67327645101588" lon="7.972309782493871">
        <ele>2258.6</ele>
      </trkpt>
      <trkpt lat="46.67328852863375" lon="7.972448927840389">
        <ele>2259.8</ele>
      </trkpt>
      <trkpt lat="46.67331276628244" lon="7.972561611473556">
        <ele>2261.1</ele>
      </trkpt>
      <trkpt lat="46.673330166486174" lon="7.9726494491237485">
        <ele>2262.3</ele>
      </trkpt>
      <trkpt lat="46.67335272305004" lon="7.972715761179675">
        <ele>2263.6</ele>
      </trkpt>
      <trkpt lat="46.673389183927675" lon="7.9727904049433">
        <ele>2264.8</ele>
      </trkpt>
      <trkpt lat="46.673431306569135" lon="7.972918059771952">
        <ele>2266.1</ele>
      </trkpt>
      <trkpt lat="46.673444647919595" lon="7.973015816044316">
        <ele>2267.3</ele>
      </trkpt>
      <trkpt lat="46.67347282343628" lon="7.973138458490483">
        <ele>2268.5</ele>
      </trkpt>
      <trkpt lat="46.67347424708958" lon="7.9732262299593355">
        <ele>2269.8</ele>
      </trkpt>
      <trkpt lat="46.67346260088479" lon="7.97332721536625">
        <ele>2271.0</ele>
      </trkpt>
      <trkpt lat="46.67344815413917" lon="7.973400022696915">
        <ele>2272.3</ele>
      </trkpt>
      <trkpt lat="46.673409309968285" lon="7.973588090858103">
        <ele>2273.5</ele>
      </trkpt>
      <trkpt lat="46.67337146762637" lon="7.973700630817261">
        <ele>2274.8</ele>
      </trkpt>
      <trkpt lat="46.67331399267444" lon="7.973819732690607">
        <ele>2276.0</ele>
      </trkpt>
      <trkpt lat="46.673267587073795" lon="7.973884172628453">
        <ele>2277.3</ele>
      </trkpt>
      <trkpt lat="46.673215501914825" lon="7.9739071411564355">
        <ele>2278.5</ele>
      </trkpt>
      <trkpt lat="46.67315755973503" lon="7.9738593756251355">
        <ele>2278.9</ele>
      </trkpt>
      <trkpt lat="46.67307821018916" lon="7.973774661813021">
        <ele>2279.3</ele>
      </trkpt>
      <trkpt lat="46.67304778895331" lon="7.973691739766961">
        <ele>2279.7</ele>
      </trkpt>
      <trkpt lat="46.67297422100086" lon="7.973640160607736">
        <ele>2280.1</ele>
      </trkpt>
      <trkpt lat="46.67291191964003" lon="7.973545553312048">
        <ele>2280.5</ele>
      </trkpt>
      <trkpt lat="46.6728168598946" lon="7.97341937464589">
        <ele>2280.9</ele>
      </trkpt>
      <trkpt lat="46.67279446648757" lon="7.973329867633658">
        <ele>2281.3</ele>
      </trkpt>
      <trkpt lat="46.67275179666101" lon="7.973288318123865">
        <ele>2281.7</ele>
      </trkpt>
      <trkpt lat="46.67269804506127" lon="7.973259989048894">
        <ele>2282.1</ele>
      </trkpt>
      <trkpt lat="46.67265728311689" lon="7.973231697102768">
        <ele>2282.6</ele>
      </trkpt>
      <trkpt lat="46.672620741200404" lon="7.973168645141866">
        <ele>2283.0</ele>
      </trkpt>
      <trkpt lat="46.67254653741956" lon="7.973060748072426">
        <ele>2283.4</ele>
      </trkpt>
      <trkpt lat="46.67244411900117" lon="7.9728384963356795">
        <ele>2283.8</ele>
      </trkpt>
      <trkpt lat="46.67226511172685" lon="7.97256795798713">
        <ele>2284.2</ele>
      </trkpt>
      <trkpt lat="46.67220669772268" lon="7.9724882766746425">
        <ele>2284.6</ele>
      </trkpt>
      <trkpt lat="46.67213924937804" lon="7.9724168309209675">
        <ele>2285.0</ele>
      </trkpt>
      <trkpt lat="46.67203709435413" lon="7.9723071829709555">
        <ele>2285.4</ele>
      </trkpt>
      <trkpt lat="46.67195681746271" lon="7.972210859228748">
        <ele>2285.8</ele>
      </trkpt>
      <trkpt lat="46.67187246639634" lon="7.972127786171416">
        <ele>2286.2</ele>
      </trkpt>
      <trkpt lat="46.67180815898976" lon="7.97203483551623">
        <ele>2286.6</ele>
      </trkpt>
      <trkpt lat="46.67175204074199" lon="7.971910444853601">
        <ele>2287.7</ele>
      </trkpt>
      <trkpt lat="46.67170545631132" lon="7.971855633380629">
        <ele>2288.7</ele>
      </trkpt>
      <trkpt lat="46.67161479338391" lon="7.971744898498546">
        <ele>2289.8</ele>
      </trkpt>
      <trkpt lat="46.67155271378378" lon="7.9716487036298265">
        <ele>2290.8</ele>
      </trkpt>
      <trkpt lat="46.67150236111309" lon="7.971580185883967">
        <ele>2291.8</ele>
      </trkpt>
      <trkpt lat="46.67147222521023" lon="7.971572531076608">
        <ele>2292.9</ele>
      </trkpt>
      <trkpt lat="46.67144628640831" lon="7.971588806656541">
        <ele>2293.9</ele>
      </trkpt>
      <trkpt lat="46.67142455363135" lon="7.9716290257495706">
        <ele>2295.0</ele>
      </trkpt>
      <trkpt lat="46.67140293213017" lon="7.9716435143170195">
        <ele>2296.0</ele>
      </trkpt>
      <trkpt lat="46.67138030852752" lon="7.971641448454248">
        <ele>2297.1</ele>
      </trkpt>
      <trkpt lat="46.67136213112467" lon="7.971610022686268">
        <ele>2298.2</ele>
      </trkpt>
      <trkpt lat="46.67134620631245" lon="7.971554717166665">
        <ele>2299.2</ele>
      </trkpt>
      <trkpt lat="46.671300240039194" lon="7.971471541166917">
        <ele>2300.2</ele>
      </trkpt>
      <trkpt lat="46.67122972227646" lon="7.971332974897624">
        <ele>2301.3</ele>
      </trkpt>
      <trkpt lat="46.67118277044603" lon="7.971227730257476">
        <ele>2302.3</ele>
      </trkpt>
      <trkpt lat="46.67114661205692" lon="7.971118920004624">
        <ele>2303.4</ele>
      </trkpt>
      <trkpt lat="46.671116638790096" lon="7.971074506021986">
        <ele>2304.4</ele>
      </trkpt>
      <trkpt lat="46.67107059452941" lon="7.971006031827577">
        <ele>2305.5</ele>
      </trkpt>
      <trkpt lat="46.6709956223772" lon="7.970902354321491">
        <ele>2306.5</ele>
      </trkpt>
      <trkpt lat="46.670935623387834" lon="7.97082087073074">
        <ele>2307.6</ele>
      </trkpt>
      <trkpt lat="46.67086065106641" lon="7.9707171937407075">
        <ele>2308.2</ele>
      </trkpt>
      <trkpt lat="46.670816662998575" lon="7.9706726291197">
        <ele>2308.8</ele>
      </trkpt>
      <trkpt lat="46.6707823288802" lon="7.97063737272744">
        <ele>2309.4</ele>
      </trkpt>
      <trkpt lat="46.67072971467007" lon="7.970594565906641">
        <ele>2310.1</ele>
      </trkpt>
      <trkpt lat="46.67063246108974" lon="7.970527234991541">
        <ele>2310.7</ele>
      </trkpt>
      <trkpt lat="46.67055512280898" lon="7.9704408771359425">
        <ele>2311.3</ele>
      </trkpt>
      <trkpt lat="46.67050446258027" lon="7.970397645605099">
        <ele>2311.9</ele>
      </trkpt>
      <trkpt lat="46.670443593408734" lon="7.9703907998656245">
        <ele>2312.5</ele>
      </trkpt>
      <trkpt lat="46.67038000137663" lon="7.970340907133552">
        <ele>2313.1</ele>
      </trkpt>
      <trkpt lat="46.670325937756154" lon="7.970294453726688">
        <ele>2313.8</ele>
      </trkpt>
      <trkpt lat="46.67024915472006" lon="7.970227887224585">
        <ele>2314.4</ele>
      </trkpt>
      <trkpt lat="46.67019638550943" lon="7.970166196352461">
        <ele>2315.0</ele>
      </trkpt>
      <trkpt lat="46.670169506403255" lon="7.970148799659187">
        <ele>2315.6</ele>
      </trkpt>
      <trkpt lat="46.67010559596367" lon="7.97012859491959">
        <ele>2316.2</ele>
      </trkpt>
      <trkpt lat="46.67005600525395" lon="7.9701048459254356">
        <ele>2316.8</ele>
      </trkpt>
      <trkpt lat="46.67001655693056" lon="7.970076335450459">
        <ele>2317.4</ele>
      </trkpt>
      <trkpt lat="46.669969580280956" lon="7.970037936887209">
        <ele>2318.1</ele>
      </trkpt>
      <trkpt lat="46.66992088632925" lon="7.9700032066736">
        <ele>2318.7</ele>
      </trkpt>
      <trkpt lat="46.66987273754009" lon="7.96996345071123">
        <ele>2319.3</ele>
      </trkpt>
      <trkpt lat="46.66984409474539" lon="7.969921063974736">
        <ele>2319.9</ele>
      </trkpt>
      <trkpt lat="46.66979926370402" lon="7.969893245685459">
        <ele>2320.9</ele>
      </trkpt>
      <trkpt lat="46.6697717288133" lon="7.969860200461024">
        <ele>2321.9</ele>
      </trkpt>
      <trkpt lat="46.669754236798944" lon="7.969830233515527">
        <ele>2323.0</ele>
      </trkpt>
      <trkpt lat="46.66971135832119" lon="7.969786857557742">
        <ele>2324.0</ele>
      </trkpt>
      <trkpt lat="46.669681184224615" lon="7.969721717777735">
        <ele>2325.0</ele>
      </trkpt>
      <trkpt lat="46.669642776682736" lon="7.969649348981444">
        <ele>2326.0</ele>
      </trkpt>
      <trkpt lat="46.66962917574767" lon="7.969589338061799">
        <ele>2327.0</ele>
      </trkpt>
      <trkpt lat="46.66960443286357" lon="7.969516920765027">
        <ele>2328.1</ele>
      </trkpt>
      <trkpt lat="46.66957761244117" lon="7.969471442222089">
        <ele>2329.1</ele>
      </trkpt>
      <trkpt lat="46.66951774278939" lon="7.969406403054421">
        <ele>2330.1</ele>
      </trkpt>
      <trkpt lat="46.669467470754256" lon="7.969387914646777">
        <ele>2331.1</ele>
      </trkpt>
      <trkpt lat="46.669420714776656" lon="7.969373564129104">
        <ele>2332.1</ele>
      </trkpt>
      <trkpt lat="46.669400247589024" lon="7.969350781772314">
        <ele>2333.2</ele>
      </trkpt>
      <trkpt lat="46.66937011139594" lon="7.969290974673013">
        <ele>2334.2</ele>
      </trkpt>
      <trkpt lat="46.669324427803666" lon="7.969251087152951">
        <ele>2335.2</ele>
      </trkpt>
      <trkpt lat="46.66929379838821" lon="7.969194803667147">
        <ele>2336.2</ele>
      </trkpt>
      <trkpt lat="46.66926538648473" lon="7.969131733679603">
        <ele>2337.2</ele>
      </trkpt>
      <trkpt lat="46.669216852750914" lon="7.969062507257797">
        <ele>2338.3</ele>
      </trkpt>
      <trkpt lat="46.66918811224518" lon="7.9690294509785495">
        <ele>2339.3</ele>
      </trkpt>
      <trkpt lat="46.669115904635504" lon="7.9690079380998515">
        <ele>2340.3</ele>
      </trkpt>
      <trkpt lat="46.669088963907555" lon="7.968972808733394">
        <ele>2340.9</ele>
      </trkpt>
      <trkpt lat="46.66906780235843" lon="7.968954240748169">
        <ele>2341.5</ele>
      </trkpt>
      <trkpt lat="46.66902100973576" lon="7.9689419550614655">
        <ele>2342.1</ele>
      </trkpt>
      <trkpt lat="46.668950700062574" lon="7.968964956715723">
        <ele>2342.8</ele>
      </trkpt>
      <trkpt lat="46.66889108715813" lon="7.968985841807038">
        <ele>2343.4</ele>
      </trkpt>
      <trkpt lat="46.66884285169229" lon="7.968999455282942">
        <ele>2344.0</ele>
      </trkpt>
      <trkpt lat="46.668816602441595" lon="7.968983921408412">
        <ele>2344.6</ele>
      </trkpt>
      <trkpt lat="46.66081705439936" lon="8.053507179227491">
        <ele>2164.8</ele>
      </trkpt>
      <trkpt lat="46.66081530464155" lon="8.053437975410695">
        <ele>2165.5</ele>
      </trkpt>
      <trkpt lat="46.660829193371015" lon="8.053333031381609">
        <ele>2166.2</ele>
      </trkpt>
      <trkpt lat="46.66086219354631" lon="8.05321725094148">
        <ele>2166.8</ele>
      </trkpt>
      <trkpt lat="46.66095280222364" lon="8.053008103134019">
        <ele>2167.5</ele>
      </trkpt>
      <trkpt lat="46.661000233575386" lon="8.05294032069832">
        <ele>2168.2</ele>
      </trkpt>
      <trkpt lat="46.66110621574255" lon="8.052807952372204">
        <ele>2168.9</ele>
      </trkpt>
      <trkpt lat="46.661304185364365" lon="8.052577693143299">
        <ele>2169.6</ele>
      </trkpt>
      <trkpt lat="46.66146157483377" lon="8.052370751488082">
        <ele>2170.2</ele>
      </trkpt>
      <trkpt lat="46.66150061760214" lon="8.052315429060476">
        <ele>2170.9</ele>
      </trkpt>
      <trkpt lat="46.66152532250433" lon="8.052268188397848">
        <ele>2171.6</ele>
      </trkpt>
      <trkpt lat="46.661536490049066" lon="8.052212340207724">
        <ele>2172.7</ele>
      </trkpt>
      <trkpt lat="46.661539528688024" lon="8.052149187218198">
        <ele>2173.8</ele>
      </trkpt>
      <trkpt lat="46.66153503472161" lon="8.052096636736648">
        <ele>2174.9</ele>
      </trkpt>
      <trkpt lat="46.66151967875333" lon="8.052041493457487">
        <ele>2176.0</ele>
      </trkpt>
      <trkpt lat="46.66149279654163" lon="8.051980143644311">
        <ele>2177.1</ele>
      </trkpt>
      <trkpt lat="46.661448254571724" lon="8.051917299896623">
        <ele>2178.2</ele>
      </trkpt>
      <trkpt lat="46.661401536052" lon="8.051879453002094">
        <ele>2179.3</ele>
      </trkpt>
      <trkpt lat="46.66137043778172" lon="8.051844292134431">
        <ele>2180.4</ele>
      </trkpt>
      <trkpt lat="46.661358401082055" lon="8.051805885142187">
        <ele>2181.5</ele>
      </trkpt>
      <trkpt lat="46.66136197163309" lon="8.05177258117328">
        <ele>2182.6</ele>
      </trkpt>
      <trkpt lat="46.6613770238535" lon="8.0517537670547">
        <ele>2183.8</ele>
      </trkpt>
      <trkpt lat="46.66140013561853" lon="8.051751808102232">
        <ele>2184.9</ele>
      </trkpt>
      <trkpt lat="46.66143746572788" lon="8.051765650548894">
        <ele>2186.0</ele>
      </trkpt>
      <trkpt lat="46.66151007663871" lon="8.051789666812132">
        <ele>2187.1</ele>
      </trkpt>
      <trkpt lat="46.66159905553828" lon="8.051804461325299">
        <ele>2188.2</ele>
      </trkpt>
      <trkpt lat="46.66172002030302" lon="8.051811491784504">
        <ele>2189.3</ele>
      </trkpt>
      <trkpt lat="46.66183637548961" lon="8.05178743788219">
        <ele>2190.4</ele>
      </trkpt>
      <trkpt lat="46.66193035391318" lon="8.051755799821485">
        <ele>2191.5</ele>
      </trkpt>
      <trkpt lat="46.662027849031034" lon="8.051699192880623">
        <ele>2192.6</ele>
      </trkpt>
      <trkpt lat="46.6621431447811" lon="8.051617870438026">
        <ele>2193.7</ele>
      </trkpt>
      <trkpt lat="46.662245549415104" lon="8.051531540769766">
        <ele>2195.1</ele>
      </trkpt>
      <trkpt lat="46.66233029185961" lon="8.051442488653706">
        <ele>2196.6</ele>
      </trkpt>
      <trkpt lat="46.66240212274716" lon="8.05135557642918">
        <ele>2198.0</ele>
      </trkpt>
      <trkpt lat="46.66243438908971" lon="8.051290597882065">
        <ele>2199.5</ele>
      </trkpt>
      <trkpt lat="46.66246438821521" lon="8.051207248481115">
        <ele>2200.9</ele>
      </trkpt>
      <trkpt lat="46.66247818225998" lon="8.051124564586782">
        <ele>2202.4</ele>
      </trkpt>
      <trkpt lat="46.66249650261633" lon="8.051031557317561">
        <ele>2203.8</ele>
      </trkpt>
      <trkpt lat="46.66254337988542" lon="8.05090257542386">
        <ele>2205.3</ele>
      </trkpt>
      <trkpt lat="46.66264598091972" lon="8.050675691454583">
        <ele>2206.8</ele>
      </trkpt>
      <trkpt lat="46.6627773294318" lon="8.050368839365026">
        <ele>2208.2</ele>
      </trkpt>
      <trkpt lat="46.66288137617192" lon="8.050152305288027">
        <ele>2209.6</ele>
      </trkpt>
      <trkpt lat="46.662929703341604" lon="8.050036260800834">
        <ele>2211.1</ele>
      </trkpt>
      <trkpt lat="46.66294633378617" lon="8.04998981500426">
        <ele>2212.5</ele>
      </trkpt>
      <trkpt lat="46.66296522564536" lon="8.049915876910614">
        <ele>2214.0</ele>
      </trkpt>
      <trkpt lat="46.66299519803361" lon="8.049736644278644">
        <ele>2215.4</ele>
      </trkpt>
      <trkpt lat="46.66302728229928" lon="8.049566150635632">
        <ele>2216.9</ele>
      </trkpt>
      <trkpt lat="46.66308208521659" lon="8.049325968989194">
        <ele>2218.3</ele>
      </trkpt>
      <trkpt lat="46.6631179184651" lon="8.049175940052269">
        <ele>2219.8</ele>
      </trkpt>
      <trkpt lat="46.663138904642494" lon="8.049055181888207">
        <ele>2221.2</ele>
      </trkpt>
      <trkpt lat="46.66316067985073" lon="8.048855903153594">
        <ele>2222.7</ele>
      </trkpt>
      <trkpt lat="46.663181252681085" lon="8.048729952721382">
        <ele>2223.7</ele>
      </trkpt>
      <trkpt lat="46.66321080655655" lon="8.048633633805432">
        <ele>2224.8</ele>
      </trkpt>
      <trkpt lat="46.663254177941994" lon="8.04855580303592">
        <ele>2225.8</ele>
      </trkpt>
      <trkpt lat="46.66332275270847" lon="8.04848017740714">
        <ele>2226.8</ele>
      </trkpt>
      <trkpt lat="46.66342346456677" lon="8.048403777513833">
        <ele>2227.9</ele>
      </trkpt>
      <trkpt lat="46.66347798326222" lon="8.048359274106659">
        <ele>2228.9</ele>
      </trkpt>
      <trkpt lat="46.663575367117055" lon="8.048252495677136">
        <ele>2229.9</ele>
      </trkpt>
      <trkpt lat="46.66364910950263" lon="8.048182807475802">
        <ele>2231.0</ele>
      </trkpt>
      <trkpt lat="46.66371594676275" lon="8.048105697764763">
        <ele>2232.0</ele>
      </trkpt>
      <trkpt lat="46.66377715731225" lon="8.04802265749216">
        <ele>2233.1</ele>
      </trkpt>
      <trkpt lat="46.66384974853926" lon="8.047922588910733">
        <ele>2234.1</ele>
      </trkpt>
      <trkpt lat="46.66388550106845" lon="8.047856339242761">
        <ele>2235.1</ele>
      </trkpt>
      <trkpt lat="46.66393357927362" lon="8.04774940827868">
        <ele>2236.2</ele>
      </trkpt>
      <trkpt lat="46.66395997899709" lon="8.047632093038025">
        <ele>2237.2</ele>
      </trkpt>
      <trkpt lat="46.6639899369686" lon="8.047416138421003">
        <ele>2238.2</ele>
      </trkpt>
      <trkpt lat="46.66400016968492" lon="8.047189521120591">
        <ele>2239.3</ele>
      </trkpt>
      <trkpt lat="46.66402183927999" lon="8.047036388748376">
        <ele>2240.3</ele>
      </trkpt>
      <trkpt lat="46.66405639042804" lon="8.046876554347389">
        <ele>2241.3</ele>
      </trkpt>
      <trkpt lat="46.664122806309265" lon="8.046591559824103">
        <ele>2242.4</ele>
      </trkpt>
      <trkpt lat="46.664149378618575" lon="8.046519260310593">
        <ele>2243.4</ele>
      </trkpt>
      <trkpt lat="46.66417568391921" lon="8.046495343700975">
        <ele>2244.3</ele>
      </trkpt>
      <trkpt lat="46.664225606263734" lon="8.046506280358265">
        <ele>2245.2</ele>
      </trkpt>
      <trkpt lat="46.664290996593316" lon="8.04655860352706">
        <ele>2246.1</ele>
      </trkpt>
      <trkpt lat="46.664436376635734" lon="8.046562514338516">
        <ele>2247.1</ele>
      </trkpt>
      <trkpt lat="46.6645138357376" lon="8.046495730093529">
        <ele>2248.0</ele>
      </trkpt>
      <trkpt lat="46.664681836908386" lon="8.046070731281322">
        <ele>2248.9</ele>
      </trkpt>
      <trkpt lat="46.66477883817546" lon="8.04548873108761">
        <ele>2249.8</ele>
      </trkpt>
      <trkpt lat="46.66500084026265" lon="8.045147732713236">
        <ele>2250.7</ele>
      </trkpt>
      <trkpt lat="46.665553841458674" lon="8.044939737166722">
        <ele>2251.6</ele>
      </trkpt>
      <trkpt lat="46.66558884175896" lon="8.04468673660748">
        <ele>2252.6</ele>
      </trkpt>
      <trkpt lat="46.66573784243294" lon="8.044551738297878">
        <ele>2253.5</ele>
      </trkpt>
      <trkpt lat="46.66611984388457" lon="8.04446974022223">
        <ele>2254.4</ele>
      </trkpt>
      <trkpt lat="46.66622984432739" lon="8.044307741051934">
        <ele>2255.3</ele>
      </trkpt>
      <trkpt lat="46.666385844825136" lon="8.04430674197201">
        <ele>2256.2</ele>
      </trkpt>
      <trkpt lat="46.66675333102023" lon="8.043557180931044">
        <ele>2257.1</ele>
      </trkpt>
      <trkpt lat="46.666833847078365" lon="8.043444745578427">
        <ele>2258.0</ele>
      </trkpt>
      <trkpt lat="46.666902848642785" lon="8.043187744946986">
        <ele>2259.0</ele>
      </trkpt>
      <trkpt lat="46.66709280238377" lon="8.042889705984154">
        <ele>2259.9</ele>
      </trkpt>
      <trkpt lat="46.667102003987054" lon="8.042623377687246">
        <ele>2260.8</ele>
      </trkpt>
      <trkpt lat="46.66709870851335" lon="8.042454118027482">
        <ele>2261.7</ele>
      </trkpt>
      <trkpt lat="46.667094977928535" lon="8.04240265611995">
        <ele>2261.5</ele>
      </trkpt>
      <trkpt lat="46.66709024953938" lon="8.04235784744141">
        <ele>2261.2</ele>
      </trkpt>
      <trkpt lat="46.6670632910668" lon="8.042224964433903">
        <ele>2261.0</ele>
      </trkpt>
      <trkpt lat="46.66704685725042" lon="8.042161809089238">
        <ele>2260.8</ele>
      </trkpt>
      <trkpt lat="46.666984860237605" lon="8.04195407705939">
        <ele>2260.5</ele>
      </trkpt>
      <trkpt lat="46.66696356712006" lon="8.041879289942857">
        <ele>2260.3</ele>
      </trkpt>
      <trkpt lat="46.66695507282891" lon="8.041791304006951">
        <ele>2260.1</ele>
      </trkpt>
      <trkpt lat="46.66695441369821" lon="8.041705038984855">
        <ele>2259.8</ele>
      </trkpt>
      <trkpt lat="46.666949719846144" lon="8.041650247408194">
        <ele>2259.6</ele>
      </trkpt>
      <trkpt lat="46.66694200582751" lon="8.04161370336922">
        <ele>2259.3</ele>
      </trkpt>
      <trkpt lat="46.6669176925748" lon="8.041558823525634">
        <ele>2259.1</ele>
      </trkpt>
      <trkpt lat="46.666883626393236" lon="8.041490610740938">
        <ele>2258.9</ele>
      </trkpt>
      <trkpt lat="46.66686817265335" lon="8.041427466769967">
        <ele>2258.6</ele>
      </trkpt>
      <trkpt lat="46.66686153466458" lon="8.041366041541592">
        <ele>2258.4</ele>
      </trkpt>
      <trkpt lat="46.666893936232846" lon="8.041284601444646">
        <ele>2258.2</ele>
      </trkpt>
      <trkpt lat="46.66690968668265" lon="8.041230364695053">
        <ele>2257.9</ele>
      </trkpt>
      <trkpt lat="46.66693501139491" lon="8.041093897279673">
        <ele>2257.7</ele>
      </trkpt>
      <trkpt lat="46.66697484472833" lon="8.040955997280895">
        <ele>2257.5</ele>
      </trkpt>
      <trkpt lat="46.66701092896332" lon="8.04083979940306">
        <ele>2257.2</ele>
      </trkpt>
      <trkpt lat="46.66706172108022" lon="8.040689554870156">
        <ele>2257.0</ele>
      </trkpt>
      <trkpt lat="46.6670917026122" lon="8.040531381497944">
        <ele>2256.6</ele>
      </trkpt>
      <trkpt lat="46.66712312811229" lon="8.040435346465834">
        <ele>2256.3</ele>
      </trkpt>
      <trkpt lat="46.6671309839519" lon="8.040336017168103">
        <ele>2255.9</ele>
      </trkpt>
      <trkpt lat="46.6671468658209" lon="8.040258495252042">
        <ele>2255.6</ele>
      </trkpt>
      <trkpt lat="46.66718012381971" lon="8.040157802235086">
        <ele>2255.2</ele>
      </trkpt>
      <trkpt lat="46.66721520856052" lon="8.040058684455204">
        <ele>2254.8</ele>
      </trkpt>
      <trkpt lat="46.66725120828082" lon="8.039954924726077">
        <ele>2254.5</ele>
      </trkpt>
      <trkpt lat="46.667286266654656" lon="8.039857361417956">
        <ele>2254.1</ele>
      </trkpt>
      <trkpt lat="46.66730000569814" lon="8.03976306283409">
        <ele>2253.8</ele>
      </trkpt>
      <trkpt lat="46.667312149074434" lon="8.039684754072868">
        <ele>2253.4</ele>
      </trkpt>
      <trkpt lat="46.66732575217591" lon="8.039571845840392">
        <ele>2253.0</ele>
      </trkpt>
      <trkpt lat="46.66733285216977" lon="8.039542392378047">
        <ele>2252.7</ele>
      </trkpt>
      <trkpt lat="46.66732916442063" lon="8.039491087748925">
        <ele>2252.3</ele>
      </trkpt>
      <trkpt lat="46.66733738029292" lon="8.039423999353527">
        <ele>2252.0</ele>
      </trkpt>
      <trkpt lat="46.667348491136494" lon="8.039348684497922">
        <ele>2251.6</ele>
      </trkpt>
      <trkpt lat="46.66735027531165" lon="8.039281524547755">
        <ele>2251.2</ele>
      </trkpt>
      <trkpt lat="46.667349092698515" lon="8.039237918368084">
        <ele>2250.9</ele>
      </trkpt>
      <trkpt lat="46.667338701499276" lon="8.039180057769581">
        <ele>2250.5</ele>
      </trkpt>
      <trkpt lat="46.66732559185122" lon="8.03909860636563">
        <ele>2250.2</ele>
      </trkpt>
      <trkpt lat="46.66731245457091" lon="8.03902068290522">
        <ele>2249.8</ele>
      </trkpt>
      <trkpt lat="46.66730492994756" lon="8.038961678173738">
        <ele>2250.0</ele>
      </trkpt>
      <trkpt lat="46.667302472102534" lon="8.03888859078386">
        <ele>2250.2</ele>
      </trkpt>
      <trkpt lat="46.66729997080576" lon="8.038823748474918">
        <ele>2250.4</ele>
      </trkpt>
      <trkpt lat="46.66730390453973" lon="8.038756612449815">
        <ele>2250.6</ele>
      </trkpt>
      <trkpt lat="46.66730917888344" lon="8.038704806351568">
        <ele>2250.9</ele>
      </trkpt>
      <trkpt lat="46.667317248861885" lon="8.038663642060719">
        <ele>2251.1</ele>
      </trkpt>
      <trkpt lat="46.66731736047294" lon="8.03864243483413">
        <ele>2251.3</ele>
      </trkpt>
      <trkpt lat="46.66731035128206" lon="8.038618783315213">
        <ele>2251.5</ele>
      </trkpt>
      <trkpt lat="46.6672967025937" lon="8.0385986646804">
        <ele>2251.7</ele>
      </trkpt>
      <trkpt lat="46.66730337941672" lon="8.038579490487313">
        <ele>2251.9</ele>
      </trkpt>
      <trkpt lat="46.66731040622077" lon="8.038531414987578">
        <ele>2252.1</ele>
      </trkpt>
      <trkpt lat="46.66732865927284" lon="8.038370574432857">
        <ele>2252.3</ele>
      </trkpt>
      <trkpt lat="46.66733773377809" lon="8.038302593751887">
        <ele>2252.5</ele>
      </trkpt>
      <trkpt lat="46.667354687229206" lon="8.03822802302727">
        <ele>2252.7</ele>
      </trkpt>
      <trkpt lat="46.6673785038867" lon="8.038151842718362">
        <ele>2252.9</ele>
      </trkpt>
      <trkpt lat="46.66739439896828" lon="8.03809718803128">
        <ele>2253.2</ele>
      </trkpt>
      <trkpt lat="46.66740242357094" lon="8.038045791257208">
        <ele>2253.4</ele>
      </trkpt>
      <trkpt lat="46.667411627307715" lon="8.037944633561496">
        <ele>2253.6</ele>
      </trkpt>
      <trkpt lat="46.667420684387224" lon="8.037881631220479">
        <ele>2253.8</ele>
      </trkpt>
      <trkpt lat="46.667454831397265" lon="8.037666135242652">
        <ele>2254.0</ele>
      </trkpt>
      <trkpt lat="46.66747473418457" lon="8.03758659201464">
        <ele>2254.1</ele>
      </trkpt>
      <trkpt lat="46.66749761288824" lon="8.03749879693035">
        <ele>2254.2</ele>
      </trkpt>
      <trkpt lat="46.66751447928244" lon="8.037444126565472">
        <ele>2254.4</ele>
      </trkpt>
      <trkpt lat="46.667539250384145" lon="8.037376241063775">
        <ele>2254.5</ele>
      </trkpt>
      <trkpt lat="46.66756206884173" lon="8.037305027782677">
        <ele>2254.6</ele>
      </trkpt>
      <trkpt lat="46.667573052247256" lon="8.037252003948144">
        <ele>2254.8</ele>
      </trkpt>
      <trkpt lat="46.6675791157838" lon="8.037202244727865">
        <ele>2254.9</ele>
      </trkpt>
      <trkpt lat="46.66757735279149" lon="8.03715080455051">
        <ele>2255.0</ele>
      </trkpt>
      <trkpt lat="46.66755456745974" lon="8.036944948032508">
        <ele>2255.1</ele>
      </trkpt>
      <trkpt lat="46.667549002461456" lon="8.036860300467298">
        <ele>2255.2</ele>
      </trkpt>
      <trkpt lat="46.667549336986234" lon="8.036767394242068">
        <ele>2255.4</ele>
      </trkpt>
      <trkpt lat="46.66755754169524" lon="8.03666954415225">
        <ele>2255.5</ele>
      </trkpt>
      <trkpt lat="46.66756760466522" lon="8.03660157384978">
        <ele>2255.6</ele>
      </trkpt>
      <trkpt lat="46.6675884274449" lon="8.036540295564684">
        <ele>2255.8</ele>
      </trkpt>
      <trkpt lat="46.667620078711685" lon="8.036467467773731">
        <ele>2255.9</ele>
      </trkpt>
      <trkpt lat="46.66772579150599" lon="8.036252356729452">
        <ele>2256.0</ele>
      </trkpt>
      <trkpt lat="46.667749547217845" lon="8.036194416663957">
        <ele>2256.1</ele>
      </trkpt>
      <trkpt lat="46.66776248244608" lon="8.036143060524516">
        <ele>2256.2</ele>
      </trkpt>
      <trkpt lat="46.66776864019037" lon="8.036070081011196">
        <ele>2256.4</ele>
      </trkpt>
      <trkpt lat="46.66777189850288" lon="8.035982172409867">
        <ele>2256.5</ele>
      </trkpt>
      <trkpt lat="46.66778202940463" lon="8.035894287510153">
        <ele>2256.7</ele>
      </trkpt>
      <trkpt lat="46.6678094623612" lon="8.035632298692992">
        <ele>2256.9</ele>
      </trkpt>
      <trkpt lat="46.667812721086754" lon="8.035547683032917">
        <ele>2257.0</ele>
      </trkpt>
      <trkpt lat="46.66782280069398" lon="8.035476406297564">
        <ele>2257.2</ele>
      </trkpt>
      <trkpt lat="46.66784067228431" lon="8.035415120829482">
        <ele>2257.4</ele>
      </trkpt>
      <trkpt lat="46.66787626165544" lon="8.035335671080938">
        <ele>2257.6</ele>
      </trkpt>
      <trkpt lat="46.66791673678185" lon="8.035262887385803">
        <ele>2257.8</ele>
      </trkpt>
      <trkpt lat="46.66797596153691" lon="8.03515868703348">
        <ele>2257.9</ele>
      </trkpt>
      <trkpt lat="46.667996731693876" lon="8.035109037326396">
        <ele>2258.1</ele>
      </trkpt>
      <trkpt lat="46.66800285468065" lon="8.035046014519644">
        <ele>2258.3</ele>
      </trkpt>
      <trkpt lat="46.668001124559765" lon="8.03498294421189">
        <ele>2258.5</ele>
      </trkpt>
      <trkpt lat="46.66798669007998" lon="8.034906548468356">
        <ele>2258.7</ele>
      </trkpt>
      <trkpt lat="46.66796357653342" lon="8.034791938798785">
        <ele>2258.8</ele>
      </trkpt>
      <trkpt lat="46.66795401884103" lon="8.03472219610707">
        <ele>2259.0</ele>
      </trkpt>
      <trkpt lat="46.667950344787" lon="8.03465581138747">
        <ele>2259.2</ele>
      </trkpt>
      <trkpt lat="46.66794965462381" lon="8.034576169850723">
        <ele>2259.4</ele>
      </trkpt>
      <trkpt lat="46.667956766083186" lon="8.034509851843003">
        <ele>2259.6</ele>
      </trkpt>
      <trkpt lat="46.667969820349626" lon="8.034426964307036">
        <ele>2259.7</ele>
      </trkpt>
      <trkpt lat="46.6679837693708" lon="8.03436564814262">
        <ele>2259.9</ele>
      </trkpt>
      <trkpt lat="46.66802336606286" lon="8.034266313576582">
        <ele>2260.1</ele>
      </trkpt>
      <trkpt lat="46.66806495739636" lon="8.034155370670794">
        <ele>2260.6</ele>
      </trkpt>
      <trkpt lat="46.66807986974898" lon="8.034099043713526">
        <ele>2261.1</ele>
      </trkpt>
      <trkpt lat="46.66808991378509" lon="8.0340344043282">
        <ele>2261.6</ele>
      </trkpt>
      <trkpt lat="46.66809700773488" lon="8.033971378930056">
        <ele>2262.1</ele>
      </trkpt>
      <trkpt lat="46.66810607994713" lon="8.033905056135882">
        <ele>2262.6</ele>
      </trkpt>
      <trkpt lat="46.66811903147109" lon="8.033850380120931">
        <ele>2263.1</ele>
      </trkpt>
      <trkpt lat="46.668133935410694" lon="8.03379735904451">
        <ele>2263.6</ele>
      </trkpt>
      <trkpt lat="46.66819923732367" lon="8.033636784424296">
        <ele>2264.1</ele>
      </trkpt>
      <trkpt lat="46.66822500396012" lon="8.03356558811899">
        <ele>2264.6</ele>
      </trkpt>
      <trkpt lat="46.668243881050785" lon="8.033499320797999">
        <ele>2265.1</ele>
      </trkpt>
      <trkpt lat="46.66827160762456" lon="8.033423154098173">
        <ele>2265.7</ele>
      </trkpt>
      <trkpt lat="46.66830236162013" lon="8.033327079371354">
        <ele>2266.2</ele>
      </trkpt>
      <trkpt lat="46.668317299188715" lon="8.033264113837449">
        <ele>2266.7</ele>
      </trkpt>
      <trkpt lat="46.66832438433117" lon="8.03320442023992">
        <ele>2267.2</ele>
      </trkpt>
      <trkpt lat="46.668330624876845" lon="8.033106572759701">
        <ele>2267.7</ele>
      </trkpt>
      <trkpt lat="46.66833401767342" lon="8.032983799984335">
        <ele>2268.2</ele>
      </trkpt>
      <trkpt lat="46.66834309754775" lon="8.03291417069888">
        <ele>2268.7</ele>
      </trkpt>
      <trkpt lat="46.66836305645179" lon="8.032818042163866">
        <ele>2269.2</ele>
      </trkpt>
      <trkpt lat="46.66838524004125" lon="8.032650588394562">
        <ele>2269.7</ele>
      </trkpt>
      <trkpt lat="46.66840171103323" lon="8.032439961346485">
        <ele>2270.2</ele>
      </trkpt>
      <trkpt lat="46.66841992092623" lon="8.032285753498401">
        <ele>2270.3</ele>
      </trkpt>
      <trkpt lat="46.6684330329851" lon="8.032186269376979">
        <ele>2270.5</ele>
      </trkpt>
      <trkpt lat="46.66845696403613" lon="8.032075234590476">
        <ele>2270.6</ele>
      </trkpt>
      <trkpt lat="46.6684957054979" lon="8.031941062620671">
        <ele>2270.8</ele>
      </trkpt>
      <trkpt lat="46.6685145899184" lon="8.03187147528778">
        <ele>2270.9</ele>
      </trkpt>
      <trkpt lat="46.668525612950106" lon="8.031805159994263">
        <ele>2271.1</ele>
      </trkpt>
      <trkpt lat="46.66853177684444" lon="8.031732192121055">
        <ele>2271.2</ele>
      </trkpt>
      <trkpt lat="46.668532968784106" lon="8.031670799933687">
        <ele>2271.4</ele>
      </trkpt>
      <trkpt lat="46.66853132180775" lon="8.031586194426355">
        <ele>2271.5</ele>
      </trkpt>
      <trkpt lat="46.66852311565127" lon="8.0314135841888">
        <ele>2271.7</ele>
      </trkpt>
      <trkpt lat="46.66850841907686" lon="8.031141392077679">
        <ele>2271.8</ele>
      </trkpt>
      <trkpt lat="46.66850779425738" lon="8.03104350796198">
        <ele>2272.0</ele>
      </trkpt>
      <trkpt lat="46.66851407574887" lon="8.030935689693624">
        <ele>2272.1</ele>
      </trkpt>
      <trkpt lat="46.668525403526786" lon="8.030788083212848">
        <ele>2272.3</ele>
      </trkpt>
      <trkpt lat="46.66854248647844" lon="8.030672032978146">
        <ele>2272.4</ele>
      </trkpt>
      <trkpt lat="46.6685596210058" lon="8.030546025620682">
        <ele>2272.6</ele>
      </trkpt>
      <trkpt lat="46.6685707278197" lon="8.030456489554124">
        <ele>2272.8</ele>
      </trkpt>
      <trkpt lat="46.66858870753555" lon="8.030368649134731">
        <ele>2272.9</ele>
      </trkpt>
      <trkpt lat="46.66860759022952" lon="8.030295741915737">
        <ele>2273.0</ele>
      </trkpt>
      <trkpt lat="46.6686462955416" lon="8.03016986594867">
        <ele>2273.2</ele>
      </trkpt>
      <trkpt lat="46.6686681630608" lon="8.030090339772283">
        <ele>2273.4</ele>
      </trkpt>
      <trkpt lat="46.66867422417724" lon="8.0300439110269">
        <ele>2273.6</ele>
      </trkpt>
      <trkpt lat="46.66867536504617" lon="8.029999127219892">
        <ele>2273.7</ele>
      </trkpt>
      <trkpt lat="46.66867561814495" lon="8.029927779996198">
        <ele>2273.9</ele>
      </trkpt>
      <trkpt lat="46.668663039359735" lon="8.02961078830863">
        <ele>2274.1</ele>
      </trkpt>
      <trkpt lat="46.66865756968636" lon="8.029496281033538">
        <ele>2274.3</ele>
      </trkpt>
      <trkpt lat="46.66864706220352" lon="8.029418243073183">
        <ele>2274.5</ele>
      </trkpt>
      <trkpt lat="46.66863643674132" lon="8.029373382881863">
        <ele>2274.6</ele>
      </trkpt>
      <trkpt lat="46.66862088363658" lon="8.02933680605246">
        <ele>2274.8</ele>
      </trkpt>
      <trkpt lat="46.66856041163079" lon="8.029245232582229">
        <ele>2275.0</ele>
      </trkpt>
      <trkpt lat="46.66850479187187" lon="8.029168596493868">
        <ele>2275.2</ele>
      </trkpt>
      <trkpt lat="46.668447337394596" lon="8.029057128135868">
        <ele>2275.4</ele>
      </trkpt>
      <trkpt lat="46.66842498000943" lon="8.029005566916412">
        <ele>2275.5</ele>
      </trkpt>
      <trkpt lat="46.66841339840116" lon="8.028950752024592">
        <ele>2275.7</ele>
      </trkpt>
      <trkpt lat="46.66840388821168" lon="8.02886940622834">
        <ele>2275.9</ele>
      </trkpt>
      <trkpt lat="46.6683886041549" lon="8.028756491176509">
        <ele>2276.1</ele>
      </trkpt>
      <trkpt lat="46.668373185425494" lon="8.028681745440625">
        <ele>2276.3</ele>
      </trkpt>
      <trkpt lat="46.66835672720587" lon="8.028623597424252">
        <ele>2276.4</ele>
      </trkpt>
      <trkpt lat="46.668332441709076" lon="8.028560411317693">
        <ele>2276.6</ele>
      </trkpt>
      <trkpt lat="46.66830130069039" lon="8.02849388349535">
        <ele>2276.8</ele>
      </trkpt>
      <trkpt lat="46.66826231562025" lon="8.028427296247104">
        <ele>2276.9</ele>
      </trkpt>
      <trkpt lat="46.668236018364354" lon="8.028377365117844">
        <ele>2277.0</ele>
      </trkpt>
      <trkpt lat="46.668215621161124" lon="8.028324179257588">
        <ele>2277.1</ele>
      </trkpt>
      <trkpt lat="46.66819329612205" lon="8.02825934219129">
        <ele>2277.2</ele>
      </trkpt>
      <trkpt lat="46.66814963534561" lon="8.028129692083642">
        <ele>2277.3</ele>
      </trkpt>
      <trkpt lat="46.66812824902989" lon="8.028078142132289">
        <ele>2277.4</ele>
      </trkpt>
      <trkpt lat="46.66810195190203" lon="8.02802989702337">
        <ele>2277.5</ele>
      </trkpt>
      <trkpt lat="46.66806589873694" lon="8.027961656620562">
        <ele>2277.6</ele>
      </trkpt>
      <trkpt lat="46.66803470757818" lon="8.027911724789341">
        <ele>2277.7</ele>
      </trkpt>
      <trkpt lat="46.668015257308554" lon="8.027868481011335">
        <ele>2277.9</ele>
      </trkpt>
      <trkpt lat="46.668001706379165" lon="8.027818637129954">
        <ele>2278.0</ele>
      </trkpt>
      <trkpt lat="46.66799017522945" lon="8.027752206385777">
        <ele>2278.1</ele>
      </trkpt>
      <trkpt lat="46.66798062180448" lon="8.027680805414482">
        <ele>2278.2</ele>
      </trkpt>
      <trkpt lat="46.6679750580104" lon="8.027592852123535">
        <ele>2278.3</ele>
      </trkpt>
      <trkpt lat="46.667975318598614" lon="8.027521505911547">
        <ele>2278.4</ele>
      </trkpt>
      <trkpt lat="46.66797742188715" lon="8.027480039232694">
        <ele>2278.5</ele>
      </trkpt>
      <trkpt lat="46.66798445385543" lon="8.027435280965598">
        <ele>2278.6</ele>
      </trkpt>
      <trkpt lat="46.66800033529643" lon="8.027382268936794">
        <ele>2278.7</ele>
      </trkpt>
      <trkpt lat="46.6680191406706" lon="8.027330935257819">
        <ele>2278.8</ele>
      </trkpt>
      <trkpt lat="46.668027144564405" lon="8.027287834046083">
        <ele>2278.9</ele>
      </trkpt>
      <trkpt lat="46.668030262590236" lon="8.0272397269646">
        <ele>2278.5</ele>
      </trkpt>
      <trkpt lat="46.668031545415964" lon="8.027156774715888">
        <ele>2278.2</ele>
      </trkpt>
      <trkpt lat="46.66803478921841" lon="8.027073830756224">
        <ele>2277.8</ele>
      </trkpt>
      <trkpt lat="46.6680408897053" lon="8.027010819865264">
        <ele>2277.4</ele>
      </trkpt>
      <trkpt lat="46.66805709827031" lon="8.026868219679258">
        <ele>2277.0</ele>
      </trkpt>
      <trkpt lat="46.66807416954188" lon="8.02675714788851">
        <ele>2276.7</ele>
      </trkpt>
      <trkpt lat="46.6680841676236" lon="8.026704097666574">
        <ele>2276.3</ele>
      </trkpt>
      <trkpt lat="46.668101021086834" lon="8.02665441508459">
        <ele>2275.9</ele>
      </trkpt>
      <trkpt lat="46.668153491480844" lon="8.026516991997788">
        <ele>2275.5</ele>
      </trkpt>
      <trkpt lat="46.66818320009432" lon="8.026435851619503">
        <ele>2275.2</ele>
      </trkpt>
      <trkpt lat="46.66821975557754" lon="8.026359725212957">
        <ele>2274.8</ele>
      </trkpt>
      <trkpt lat="46.66827303016092" lon="8.026270412354354">
        <ele>2274.4</ele>
      </trkpt>
      <trkpt lat="46.66829681367956" lon="8.026200850512732">
        <ele>2274.0</ele>
      </trkpt>
      <trkpt lat="46.66830175909333" lon="8.026148921112307">
        <ele>2273.7</ele>
      </trkpt>
      <trkpt lat="46.66830604066412" lon="8.026091391520799">
        <ele>2273.3</ele>
      </trkpt>
      <trkpt lat="46.668302612129" lon="8.02595367327292">
        <ele>2272.9</ele>
      </trkpt>
      <trkpt lat="46.668306743441185" lon="8.02589560625817">
        <ele>2272.5</ele>
      </trkpt>
      <trkpt lat="46.668326721550436" lon="8.02579285015642">
        <ele>2272.2</ele>
      </trkpt>
      <trkpt lat="46.66835656321453" lon="8.025673539871931">
        <ele>2271.8</ele>
      </trkpt>
      <trkpt lat="46.6683734243208" lon="8.025620537613618">
        <ele>2271.4</ele>
      </trkpt>
      <trkpt lat="46.66842192156838" lon="8.025498019128166">
        <ele>2271.2</ele>
      </trkpt>
      <trkpt lat="46.668432882466185" lon="8.025448297992371">
        <ele>2271.0</ele>
      </trkpt>
      <trkpt lat="46.66843604189671" lon="8.025390246381098">
        <ele>2270.8</ele>
      </trkpt>
      <trkpt lat="46.668429395268106" lon="8.025328821341324">
        <ele>2270.6</ele>
      </trkpt>
      <trkpt lat="46.66841595996326" lon="8.02524580010271">
        <ele>2270.3</ele>
      </trkpt>
      <trkpt lat="46.668412322162425" lon="8.02516779873285">
        <ele>2270.1</ele>
      </trkpt>
      <trkpt lat="46.66841479184074" lon="8.025023453648409">
        <ele>2269.9</ele>
      </trkpt>
      <trkpt lat="46.66842319511628" lon="8.024867529625672">
        <ele>2269.7</ele>
      </trkpt>
      <trkpt lat="46.66843232076101" lon="8.024786282226838">
        <ele>2269.5</ele>
      </trkpt>
      <trkpt lat="46.66844529257513" lon="8.02472330597191">
        <ele>2269.3</ele>
      </trkpt>
      <trkpt lat="46.66847209957244" lon="8.024628882050498">
        <ele>2269.1</ele>
      </trkpt>
      <trkpt lat="46.66848894453503" lon="8.024584177180396">
        <ele>2268.9</ele>
      </trkpt>
      <trkpt lat="46.66850574643919" lon="8.024546097147963">
        <ele>2268.7</ele>
      </trkpt>
      <trkpt lat="46.66852939533921" lon="8.024513030947448">
        <ele>2268.5</ele>
      </trkpt>
      <trkpt lat="46.66855792207569" lon="8.024488302556598">
        <ele>2268.2</ele>
      </trkpt>
      <trkpt lat="46.66859034630323" lon="8.02447187521512">
        <ele>2268.0</ele>
      </trkpt>
      <trkpt lat="46.668630580903056" lon="8.024463804434552">
        <ele>2267.8</ele>
      </trkpt>
      <trkpt lat="46.66868455887914" lon="8.02444915278121">
        <ele>2267.6</ele>
      </trkpt>
      <trkpt lat="46.66872779374805" lon="8.024426164975148">
        <ele>2267.4</ele>
      </trkpt>
      <trkpt lat="46.66877890646302" lon="8.024394899172641">
        <ele>2267.2</ele>
      </trkpt>
      <trkpt lat="46.668839848387876" lon="8.024353743019383">
        <ele>2267.2</ele>
      </trkpt>
      <trkpt lat="46.66891846560938" lon="8.024309354633536">
        <ele>2267.1</ele>
      </trkpt>
      <trkpt lat="46.66900978683264" lon="8.024273336577215">
        <ele>2267.1</ele>
      </trkpt>
      <trkpt lat="46.66909917304943" lon="8.024233991254775">
        <ele>2267.0</ele>
      </trkpt>
      <trkpt lat="46.66912965223778" lon="8.024210930171682">
        <ele>2267.0</ele>
      </trkpt>
      <trkpt lat="46.669169005842235" lon="8.024172963332704">
        <ele>2267.0</ele>
      </trkpt>
      <trkpt lat="46.66919955265693" lon="8.024134979394878">
        <ele>2266.9</ele>
      </trkpt>
      <trkpt lat="46.66922428181166" lon="8.02407371072406">
        <ele>2266.9</ele>
      </trkpt>
      <trkpt lat="46.6692727352709" lon="8.023961146204439">
        <ele>2266.8</ele>
      </trkpt>
      <trkpt lat="46.66932314972296" lon="8.0238485765918">
        <ele>2266.8</ele>
      </trkpt>
      <trkpt lat="46.66937746141173" lon="8.023744347114523">
        <ele>2266.8</ele>
      </trkpt>
      <trkpt lat="46.66942090679024" lon="8.023641737790616">
        <ele>2266.7</ele>
      </trkpt>
      <trkpt lat="46.66945157599437" lon="8.02354304103312">
        <ele>2266.7</ele>
      </trkpt>
      <trkpt lat="46.66947155907464" lon="8.023445914246153">
        <ele>2266.6</ele>
      </trkpt>
      <trkpt lat="46.66949880498342" lon="8.023314810908014">
        <ele>2266.6</ele>
      </trkpt>
      <trkpt lat="46.66951607528578" lon="8.023227403295396">
        <ele>2266.6</ele>
      </trkpt>
      <trkpt lat="46.669536752836834" lon="8.023177250056657">
        <ele>2266.5</ele>
      </trkpt>
      <trkpt lat="46.669568116466664" lon="8.023125513564167">
        <ele>2266.5</ele>
      </trkpt>
      <trkpt lat="46.66962982375397" lon="8.02305604533543">
        <ele>2266.4</ele>
      </trkpt>
      <trkpt lat="46.669681636465185" lon="8.02300923437177">
        <ele>2266.4</ele>
      </trkpt>
      <trkpt lat="46.66980920983567" lon="8.022939942505328">
        <ele>2266.6</ele>
      </trkpt>
      <trkpt lat="46.66989572906219" lon="8.022896473090833">
        <ele>2266.7</ele>
      </trkpt>
      <trkpt lat="46.66993412721155" lon="8.022865812541102">
        <ele>2266.9</ele>
      </trkpt>
      <trkpt lat="46.66996991035247" lon="8.022820565839346">
        <ele>2267.0</ele>
      </trkpt>
      <trkpt lat="46.67001921511255" lon="8.02273649627517">
        <ele>2267.2</ele>
      </trkpt>
      <trkpt lat="46.67004893642575" lon="8.022652345521204">
        <ele>2267.4</ele>
      </trkpt>
      <trkpt lat="46.67008573241043" lon="8.022577941540435">
        <ele>2267.5</ele>
      </trkpt>
      <trkpt lat="46.67012431010856" lon="8.02250517716124">
        <ele>2267.7</ele>
      </trkpt>
      <trkpt lat="46.670230916234885" lon="8.02233705789343">
        <ele>2267.8</ele>
      </trkpt>
      <trkpt lat="46.67033299768786" lon="8.022189941887484">
        <ele>2268.0</ele>
      </trkpt>
      <trkpt lat="46.67035992382075" lon="8.022133347048078">
        <ele>2268.2</ele>
      </trkpt>
      <trkpt lat="46.67038598574228" lon="8.02207510929764">
        <ele>2268.3</ele>
      </trkpt>
      <trkpt lat="46.6704434176146" lon="8.021960272196758">
        <ele>2268.5</ele>
      </trkpt>
      <trkpt lat="46.67048737763739" lon="8.021874562159852">
        <ele>2268.6</ele>
      </trkpt>
      <trkpt lat="46.67053932863231" lon="8.021795341668726">
        <ele>2268.8</ele>
      </trkpt>
      <trkpt lat="46.67061091274226" lon="8.021706466434454">
        <ele>2269.0</ele>
      </trkpt>
      <trkpt lat="46.67067437472492" lon="8.021640242044903">
        <ele>2269.1</ele>
      </trkpt>
      <trkpt lat="46.670740509043284" lon="8.021575653733114">
        <ele>2269.3</ele>
      </trkpt>
      <trkpt lat="46.67079498458859" lon="8.021530463455091">
        <ele>2269.4</ele>
      </trkpt>
      <trkpt lat="46.67085654471547" lon="8.021496627453084">
        <ele>2269.6</ele>
      </trkpt>
      <trkpt lat="46.670920751713616" lon="8.021467655201688">
        <ele>2270.0</ele>
      </trkpt>
      <trkpt lat="46.670955523088395" lon="8.021454805235571">
        <ele>2270.4</ele>
      </trkpt>
      <trkpt lat="46.67101071830308" lon="8.021450081935576">
        <ele>2270.8</ele>
      </trkpt>
      <trkpt lat="46.67107483625219" lon="8.021443808282454">
        <ele>2271.2</ele>
      </trkpt>
      <trkpt lat="46.67112226497999" lon="8.021462576465593">
        <ele>2271.6</ele>
      </trkpt>
      <trkpt lat="46.67115855920268" lon="8.021472102833195">
        <ele>2272.0</ele>
      </trkpt>
      <trkpt lat="46.67118489485638" lon="8.021460560113375">
        <ele>2272.4</ele>
      </trkpt>
      <trkpt lat="46.6712047707874" lon="8.02144740562104">
        <ele>2272.8</ele>
      </trkpt>
      <trkpt lat="46.67124672252342" lon="8.021418375981806">
        <ele>2273.2</ele>
      </trkpt>
      <trkpt lat="46.67128961382862" lon="8.021378000005875">
        <ele>2273.6</ele>
      </trkpt>
      <trkpt lat="46.67132719471606" lon="8.021331150100552">
        <ele>2273.9</ele>
      </trkpt>
      <trkpt lat="46.67134141108131" lon="8.021311191184788">
        <ele>2274.3</ele>
      </trkpt>
      <trkpt lat="46.67136566388026" lon="8.021263622426694">
        <ele>2274.7</ele>
      </trkpt>
      <trkpt lat="46.67138237998485" lon="8.021231549887798">
        <ele>2275.1</ele>
      </trkpt>
      <trkpt lat="46.671397113859506" lon="8.021205375942667">
        <ele>2275.5</ele>
      </trkpt>
      <trkpt lat="46.671413510875986" lon="8.021170607832511">
        <ele>2275.9</ele>
      </trkpt>
      <trkpt lat="46.67141022255276" lon="8.02111521456482">
        <ele>2276.3</ele>
      </trkpt>
      <trkpt lat="46.671413703225106" lon="8.021069564914193">
        <ele>2276.7</ele>
      </trkpt>
      <trkpt lat="46.671419395754825" lon="8.021034694411828">
        <ele>2277.1</ele>
      </trkpt>
      <trkpt lat="46.67143192550285" lon="8.020982124560934">
        <ele>2277.5</ele>
      </trkpt>
      <trkpt lat="46.67144097415972" lon="8.020933019498868">
        <ele>2278.8</ele>
      </trkpt>
      <trkpt lat="46.671443888898345" lon="8.020873106061794">
        <ele>2280.1</ele>
      </trkpt>
      <trkpt lat="46.67144592055855" lon="8.020809955200843">
        <ele>2281.4</ele>
      </trkpt>
      <trkpt lat="46.671465910302445" lon="8.02071282391335">
        <ele>2282.7</ele>
      </trkpt>
      <trkpt lat="46.671470597852036" lon="8.020654523887206">
        <ele>2283.9</ele>
      </trkpt>
      <trkpt lat="46.67147809539142" lon="8.020563844415367">
        <ele>2285.2</ele>
      </trkpt>
      <trkpt lat="46.67149802631706" lon="8.020476435263788">
        <ele>2286.5</ele>
      </trkpt>
      <trkpt lat="46.67149195538407" lon="8.020439177109829">
        <ele>2287.8</ele>
      </trkpt>
      <trkpt lat="46.67148144672445" lon="8.020395415366306">
        <ele>2289.1</ele>
      </trkpt>
      <trkpt lat="46.67148165717705" lon="8.020343588233322">
        <ele>2290.4</ele>
      </trkpt>
      <trkpt lat="46.67149004513479" lon="8.020252892152605">
        <ele>2291.7</ele>
      </trkpt>
      <trkpt lat="46.671503014255066" lon="8.020128215153434">
        <ele>2293.0</ele>
      </trkpt>
      <trkpt lat="46.67150426905303" lon="8.020039154196668">
        <ele>2294.3</ele>
      </trkpt>
      <trkpt lat="46.67150639792414" lon="8.019953317478185">
        <ele>2295.6</ele>
      </trkpt>
      <trkpt lat="46.67152018451447" lon="8.019846448383612">
        <ele>2296.9</ele>
      </trkpt>
      <trkpt lat="46.671533113439295" lon="8.019733101129884">
        <ele>2298.1</ele>
      </trkpt>
      <trkpt lat="46.67155942399725" lon="8.019611703827689">
        <ele>2299.4</ele>
      </trkpt>
      <trkpt lat="46.67158845420446" lon="8.019477345606997">
        <ele>2300.7</ele>
      </trkpt>
      <trkpt lat="46.67161088721274" lon="8.019433676788761">
        <ele>2302.0</ele>
      </trkpt>
      <trkpt lat="46.67163236438463" lon="8.019404582067205">
        <ele>2303.3</ele>
      </trkpt>
      <trkpt lat="46.671642330053686" lon="8.0193625172605">
        <ele>2304.1</ele>
      </trkpt>
      <trkpt lat="46.67164520283849" lon="8.019310679387532">
        <ele>2305.0</ele>
      </trkpt>
      <trkpt lat="46.67164453863561" lon="8.019255627853733">
        <ele>2305.8</ele>
      </trkpt>
      <trkpt lat="46.671635884233154" lon="8.01919565511412">
        <ele>2306.6</ele>
      </trkpt>
      <trkpt lat="46.671636103135626" lon="8.019143827924966">
        <ele>2307.4</ele>
      </trkpt>
      <trkpt lat="46.671654276520485" lon="8.019051563786382">
        <ele>2308.2</ele>
      </trkpt>
      <trkpt lat="46.67166790936953" lon="8.018983571239204">
        <ele>2309.1</ele>
      </trkpt>
      <trkpt lat="46.67168071523964" lon="8.018897770507664">
        <ele>2309.9</ele>
      </trkpt>
      <trkpt lat="46.67168981499326" lon="8.018850821727916">
        <ele>2310.7</ele>
      </trkpt>
      <trkpt lat="46.67170777772535" lon="8.01880875118742">
        <ele>2311.6</ele>
      </trkpt>
      <trkpt lat="46.671747203141315" lon="8.018745700951335">
        <ele>2312.4</ele>
      </trkpt>
      <trkpt lat="46.67180369316915" lon="8.01864381129904">
        <ele>2313.2</ele>
      </trkpt>
      <trkpt lat="46.67184859816367" lon="8.018545142606147">
        <ele>2314.0</ele>
      </trkpt>
      <trkpt lat="46.671892613295256" lon="8.018448084696278">
        <ele>2314.9</ele>
      </trkpt>
      <trkpt lat="46.67193738938868" lon="8.01838181120575">
        <ele>2315.7</ele>
      </trkpt>
      <trkpt lat="46.671971389679" lon="8.018336540741698">
        <ele>2316.5</ele>
      </trkpt>
      <trkpt lat="46.672001748203876" lon="8.0183139704276">
        <ele>2317.3</ele>
      </trkpt>
      <trkpt lat="46.672033846798804" lon="8.018299482063433">
        <ele>2318.2</ele>
      </trkpt>
      <trkpt lat="46.67205083121187" lon="8.018281708110335">
        <ele>2319.0</ele>
      </trkpt>
      <trkpt lat="46.67206163777478" lon="8.018249335607454">
        <ele>2319.8</ele>
      </trkpt>
      <trkpt lat="46.6720663329933" lon="8.018191047888806">
        <ele>2320.5</ele>
      </trkpt>
      <trkpt lat="46.67206389472724" lon="8.018132722839574">
        <ele>2321.2</ele>
      </trkpt>
      <trkpt lat="46.672054534524705" lon="8.018027420458319">
        <ele>2322.0</ele>
      </trkpt>
      <trkpt lat="46.672041596259206" lon="8.017926967386831">
        <ele>2322.7</ele>
      </trkpt>
      <trkpt lat="46.67203025366089" lon="8.017871866312046">
        <ele>2323.4</ele>
      </trkpt>
      <trkpt lat="46.67202622844789" lon="8.01776818946775">
        <ele>2324.1</ele>
      </trkpt>
      <trkpt lat="46.672021920536466" lon="8.017732557596283">
        <ele>2324.8</ele>
      </trkpt>
      <trkpt lat="46.67199452303933" lon="8.017682250535287">
        <ele>2325.6</ele>
      </trkpt>
      <trkpt lat="46.671978631083626" lon="8.01765143443642">
        <ele>2326.3</ele>
      </trkpt>
      <trkpt lat="46.67197349682792" lon="8.01759960181922">
        <ele>2327.0</ele>
      </trkpt>
      <trkpt lat="46.67196885493931" lon="8.01742951721712">
        <ele>2327.7</ele>
      </trkpt>
      <trkpt lat="46.67196843861787" lon="8.01731126855546">
        <ele>2328.4</ele>
      </trkpt>
      <trkpt lat="46.67195149955694" lon="8.016880400251111">
        <ele>2329.2</ele>
      </trkpt>
      <trkpt lat="46.67194273042119" lon="8.016846354317432">
        <ele>2329.9</ele>
      </trkpt>
      <trkpt lat="46.67192143894846" lon="8.016830091324039">
        <ele>2330.6</ele>
      </trkpt>
      <trkpt lat="46.67182622673366" lon="8.016824968696191">
        <ele>2331.3</ele>
      </trkpt>
      <trkpt lat="46.67180313762611" lon="8.016811953632102">
        <ele>2332.0</ele>
      </trkpt>
      <trkpt lat="46.67178453268825" lon="8.016789224403546">
        <ele>2332.8</ele>
      </trkpt>
      <trkpt lat="46.67177399875937" lon="8.016751944852533">
        <ele>2333.5</ele>
      </trkpt>
      <trkpt lat="46.67177242720411" lon="8.016701731934871">
        <ele>2334.2</ele>
      </trkpt>
      <trkpt lat="46.671784301381926" lon="8.016627250935523">
        <ele>2334.9</ele>
      </trkpt>
      <trkpt lat="46.671798797895875" lon="8.016562507857142">
        <ele>2335.7</ele>
      </trkpt>
      <trkpt lat="46.67180526517125" lon="8.016505846667538">
        <ele>2336.4</ele>
      </trkpt>
      <trkpt lat="46.67180281040319" lon="8.01645238329263">
        <ele>2337.2</ele>
      </trkpt>
      <trkpt lat="46.671788795361536" lon="8.016397280332264">
        <ele>2337.9</ele>
      </trkpt>
      <trkpt lat="46.67178808225893" lon="8.016355152927169">
        <ele>2338.7</ele>
      </trkpt>
      <trkpt lat="46.671821400664115" lon="8.016039421243647">
        <ele>2339.4</ele>
      </trkpt>
      <trkpt lat="46.67182798680008" lon="8.015950351336242">
        <ele>2340.2</ele>
      </trkpt>
      <trkpt lat="46.67184270812236" lon="8.015844679846317">
        <ele>2340.9</ele>
      </trkpt>
      <trkpt lat="46.67184681086981" lon="8.0157876796208">
        <ele>2341.7</ele>
      </trkpt>
      <trkpt lat="46.67184464731794" lon="8.01573704215108">
        <ele>2342.4</ele>
      </trkpt>
      <trkpt lat="46.67183210621089" lon="8.015650146327697">
        <ele>2343.2</ele>
      </trkpt>
      <trkpt lat="46.67181869193806" lon="8.015545572598127">
        <ele>2343.9</ele>
      </trkpt>
      <trkpt lat="46.67181469273959" lon="8.01547723387412">
        <ele>2344.7</ele>
      </trkpt>
      <trkpt lat="46.671815375879284" lon="8.0154346639757">
        <ele>2345.4</ele>
      </trkpt>
      <trkpt lat="46.67181753393748" lon="8.015383275513505">
        <ele>2346.2</ele>
      </trkpt>
      <trkpt lat="46.671813830235834" lon="8.015354315366363">
        <ele>2346.9</ele>
      </trkpt>
      <trkpt lat="46.67180675186156" lon="8.015330938652863">
        <ele>2347.7</ele>
      </trkpt>
      <trkpt lat="46.67179723915874" lon="8.015313978729392">
        <ele>2348.4</ele>
      </trkpt>
      <trkpt lat="46.671779548309615" lon="8.01530255096223">
        <ele>2349.2</ele>
      </trkpt>
      <trkpt lat="46.671750344299994" lon="8.01529262079106">
        <ele>2350.0</ele>
      </trkpt>
      <trkpt lat="46.67171392377518" lon="8.015286625618579">
        <ele>2350.9</ele>
      </trkpt>
      <trkpt lat="46.67166790895752" lon="8.015256678077614">
        <ele>2351.7</ele>
      </trkpt>
      <trkpt lat="46.67162537218494" lon="8.015209595755616">
        <ele>2352.5</ele>
      </trkpt>
      <trkpt lat="46.67160243529912" lon="8.015159324893565">
        <ele>2353.3</ele>
      </trkpt>
      <trkpt lat="46.671596385668124" lon="8.015113952001848">
        <ele>2354.2</ele>
      </trkpt>
      <trkpt lat="46.67159790854217" lon="8.014956846241624">
        <ele>2355.0</ele>
      </trkpt>
      <trkpt lat="46.67160902684137" lon="8.014848365995034">
        <ele>2355.8</ele>
      </trkpt>
      <trkpt lat="46.67161298944208" lon="8.014749571527146">
        <ele>2356.7</ele>
      </trkpt>
      <trkpt lat="46.67162115682835" lon="8.01471233511566">
        <ele>2357.5</ele>
      </trkpt>
      <trkpt lat="46.671639127771556" lon="8.014671896913999">
        <ele>2358.3</ele>
      </trkpt>
      <trkpt lat="46.67165962667007" lon="8.014627865675363">
        <ele>2359.2</ele>
      </trkpt>
      <trkpt lat="46.671684677559966" lon="8.014583804525984">
        <ele>2360.0</ele>
      </trkpt>
      <trkpt lat="46.67170722970601" lon="8.01453754732885">
        <ele>2360.8</ele>
      </trkpt>
      <trkpt lat="46.67172039475386" lon="8.014481493210278">
        <ele>2361.7</ele>
      </trkpt>
      <trkpt lat="46.67171932634017" lon="8.014443674702978">
        <ele>2362.5</ele>
      </trkpt>
      <trkpt lat="46.671701001515345" lon="8.014399229506868">
        <ele>2363.3</ele>
      </trkpt>
      <trkpt lat="46.671671107578135" lon="8.014340638571914">
        <ele>2364.1</ele>
      </trkpt>
      <trkpt lat="46.6716430945049" lon="8.014283675166402">
        <ele>2365.0</ele>
      </trkpt>
      <trkpt lat="46.67162945515045" lon="8.01424304373093">
        <ele>2365.8</ele>
      </trkpt>
      <trkpt lat="46.67162685879132" lon="8.014196034954328">
        <ele>2366.7</ele>
      </trkpt>
      <trkpt lat="46.67163025170382" lon="8.01414583594527">
        <ele>2367.6</ele>
      </trkpt>
      <trkpt lat="46.671636809365275" lon="8.01409241659721">
        <ele>2368.5</ele>
      </trkpt>
      <trkpt lat="46.67163889105748" lon="8.0140524754168">
        <ele>2369.3</ele>
      </trkpt>
      <trkpt lat="46.67163793697872" lon="8.013991971345146">
        <ele>2370.2</ele>
      </trkpt>
      <trkpt lat="46.67162697971882" lon="8.013918958775466">
        <ele>2371.1</ele>
      </trkpt>
      <trkpt lat="46.671615576779" lon="8.01387186930684">
        <ele>2372.0</ele>
      </trkpt>
      <trkpt lat="46.67159882785339" lon="8.013825271809573">
        <ele>2372.9</ele>
      </trkpt>
      <trkpt lat="46.671581126230315" lon="8.013780284685488">
        <ele>2373.8</ele>
      </trkpt>
      <trkpt lat="46.67155275987929" lon="8.013730884534562">
        <ele>2374.7</ele>
      </trkpt>
      <trkpt lat="46.67154449703811" lon="8.013685449084907">
        <ele>2375.5</ele>
      </trkpt>
      <trkpt lat="46.67154711560191" lon="8.013649617163257">
        <ele>2376.4</ele>
      </trkpt>
      <trkpt lat="46.67156513348186" lon="8.013596228339601">
        <ele>2377.3</ele>
      </trkpt>
      <trkpt lat="46.67159029144573" lon="8.013537988664941">
        <ele>2378.2</ele>
      </trkpt>
      <trkpt lat="46.671632481230944" lon="8.01345063069496">
        <ele>2379.1</ele>
      </trkpt>
      <trkpt lat="46.6716468975657" lon="8.013408572963828">
        <ele>2380.0</ele>
      </trkpt>
      <trkpt lat="46.67164347078841" lon="8.013374545432026">
        <ele>2380.8</ele>
      </trkpt>
      <trkpt lat="46.67162935714428" lon="8.013340495686558">
        <ele>2381.7</ele>
      </trkpt>
      <trkpt lat="46.67160279438619" lon="8.013308025488376">
        <ele>2382.6</ele>
      </trkpt>
      <trkpt lat="46.67156996412928" lon="8.0132804023851">
        <ele>2383.5</ele>
      </trkpt>
      <trkpt lat="46.671523062672875" lon="8.013213868663737">
        <ele>2384.1</ele>
      </trkpt>
      <trkpt lat="46.671480605044664" lon="8.01314734311478">
        <ele>2384.7</ele>
      </trkpt>
      <trkpt lat="46.671455758047756" lon="8.013127842148979">
        <ele>2385.2</ele>
      </trkpt>
      <trkpt lat="46.67139076622312" lon="8.013130901592687">
        <ele>2385.8</ele>
      </trkpt>
      <trkpt lat="46.671341661005066" lon="8.013169649865437">
        <ele>2386.4</ele>
      </trkpt>
      <trkpt lat="46.67126410659157" lon="8.013198594764223">
        <ele>2387.0</ele>
      </trkpt>
      <trkpt lat="46.67123828180618" lon="8.013201757064591">
        <ele>2387.6</ele>
      </trkpt>
      <trkpt lat="46.67121248878719" lon="8.013196830386388">
        <ele>2388.1</ele>
      </trkpt>
      <trkpt lat="46.671183220831935" lon="8.013169206233188">
        <ele>2388.7</ele>
      </trkpt>
      <trkpt lat="46.67113636739645" lon="8.013091343346153">
        <ele>2389.3</ele>
      </trkpt>
      <trkpt lat="46.671113507878125" lon="8.013018388044374">
        <ele>2389.9</ele>
      </trkpt>
      <trkpt lat="46.67109952299127" lon="8.012955184651801">
        <ele>2390.5</ele>
      </trkpt>
      <trkpt lat="46.671096192215984" lon="8.01289849803289">
        <ele>2391.0</ele>
      </trkpt>
      <trkpt lat="46.67110348388593" lon="8.01285640404452">
        <ele>2391.6</ele>
      </trkpt>
      <trkpt lat="46.671125063724745" lon="8.012803014053427">
        <ele>2392.2</ele>
      </trkpt>
      <trkpt lat="46.671137818566976" lon="8.012731783424043">
        <ele>2392.8</ele>
      </trkpt>
      <trkpt lat="46.67114064831738" lon="8.012689681170386">
        <ele>2393.4</ele>
      </trkpt>
      <trkpt lat="46.67114175486131" lon="8.012637850825076">
        <ele>2393.9</ele>
      </trkpt>
      <trkpt lat="46.67114815499778" lon="8.012594139888424">
        <ele>2394.5</ele>
      </trkpt>
      <trkpt lat="46.67115902345369" lon="8.01254557578522">
        <ele>2395.1</ele>
      </trkpt>
      <trkpt lat="46.67117887826269" lon="8.012479216557761">
        <ele>2395.9</ele>
      </trkpt>
      <trkpt lat="46.67119093288407" lon="8.012359390214877">
        <ele>2396.7</ele>
      </trkpt>
      <trkpt lat="46.671194828887245" lon="8.012275192994242">
        <ele>2397.6</ele>
      </trkpt>
      <trkpt lat="46.671206660260836" lon="8.01221043425055">
        <ele>2398.4</ele>
      </trkpt>
      <trkpt lat="46.6712131009874" lon="8.012158621262387">
        <ele>2399.2</ele>
      </trkpt>
      <trkpt lat="46.671210701164206" lon="8.012093829011484">
        <ele>2400.0</ele>
      </trkpt>
      <trkpt lat="46.6712111934391" lon="8.011969109848405">
        <ele>2400.8</ele>
      </trkpt>
      <trkpt lat="46.67121586015757" lon="8.011914063185701">
        <ele>2401.7</ele>
      </trkpt>
      <trkpt lat="46.67121439797361" lon="8.011836304015384">
        <ele>2402.5</ele>
      </trkpt>
      <trkpt lat="46.67120872835376" lon="8.011695380056178">
        <ele>2403.3</ele>
      </trkpt>
      <trkpt lat="46.67121423023824" lon="8.011654913449872">
        <ele>2404.1</ele>
      </trkpt>
      <trkpt lat="46.67123230424946" lon="8.011590168489775">
        <ele>2404.9</ele>
      </trkpt>
      <trkpt lat="46.67124224188761" lon="8.01155131710349">
        <ele>2405.8</ele>
      </trkpt>
      <trkpt lat="46.671238806348626" lon="8.011518923402626">
        <ele>2406.6</ele>
      </trkpt>
      <trkpt lat="46.671235380715444" lon="8.01148813721944">
        <ele>2407.4</ele>
      </trkpt>
      <trkpt lat="46.67124349819234" lon="8.011460622919241">
        <ele>2408.2</ele>
      </trkpt>
      <trkpt lat="46.67126230245429" lon="8.011433143518861">
        <ele>2409.0</ele>
      </trkpt>
      <trkpt lat="46.671280231601116" lon="8.01140079338615">
        <ele>2409.9</ele>
      </trkpt>
      <trkpt lat="46.671284923384405" lon="8.011342492847783">
        <ele>2410.7</ele>
      </trkpt>
      <trkpt lat="46.67129400282781" lon="8.01129717650381">
        <ele>2411.5</ele>
      </trkpt>
      <trkpt lat="46.67131725006051" lon="8.01126808443493">
        <ele>2412.6</ele>
      </trkpt>
      <trkpt lat="46.67134131899706" lon="8.0112616616333">
        <ele>2413.8</ele>
      </trkpt>
      <trkpt lat="46.6713680261893" lon="8.01126011516606">
        <ele>2414.9</ele>
      </trkpt>
      <trkpt lat="46.67138944609308" lon="8.011245588004293">
        <ele>2416.1</ele>
      </trkpt>
      <trkpt lat="46.671405579430136" lon="8.011219726763205">
        <ele>2417.2</ele>
      </trkpt>
      <trkpt lat="46.671411049587924" lon="8.011187335899706">
        <ele>2418.3</ele>
      </trkpt>
      <trkpt lat="46.67141028475187" lon="8.011153336876813">
        <ele>2419.5</ele>
      </trkpt>
      <trkpt lat="46.671390948225344" lon="8.011093344017661">
        <ele>2420.6</ele>
      </trkpt>
      <trkpt lat="46.671374266997276" lon="8.011036620299592">
        <ele>2421.8</ele>
      </trkpt>
      <trkpt lat="46.67136469320512" lon="8.010981527060373">
        <ele>2422.9</ele>
      </trkpt>
      <trkpt lat="46.671362196041954" lon="8.010937786833836">
        <ele>2424.0</ele>
      </trkpt>
      <trkpt lat="46.67137121205215" lon="8.010908661425983">
        <ele>2425.2</ele>
      </trkpt>
      <trkpt lat="46.67138645484522" lon="8.010882777591464">
        <ele>2426.3</ele>
      </trkpt>
      <trkpt lat="46.67141317736895" lon="8.010876382720404">
        <ele>2427.5</ele>
      </trkpt>
      <trkpt lat="46.67144880654602" lon="8.01087161119714">
        <ele>2428.6</ele>
      </trkpt>
      <trkpt lat="46.671480927730016" lon="8.010850636871655">
        <ele>2429.7</ele>
      </trkpt>
      <trkpt lat="46.67156315590685" lon="8.01076500790154">
        <ele>2430.9</ele>
      </trkpt>
      <trkpt lat="46.67158378171942" lon="8.010729444954208">
        <ele>2432.0</ele>
      </trkpt>
      <trkpt lat="46.67160446916249" lon="8.010674423711217">
        <ele>2433.2</ele>
      </trkpt>
      <trkpt lat="46.671619870019065" lon="8.010608055305438">
        <ele>2434.3</ele>
      </trkpt>
      <trkpt lat="46.67163079359099" lon="8.010546540131337">
        <ele>2434.9</ele>
      </trkpt>
      <trkpt lat="46.67163199401284" lon="8.010470416016416">
        <ele>2435.5</ele>
      </trkpt>
      <trkpt lat="46.67161575080416" lon="8.010372923307564">
        <ele>2436.1</ele>
      </trkpt>
      <trkpt lat="46.67160293604358" lon="8.010294938927153">
        <ele>2436.7</ele>
      </trkpt>
      <trkpt lat="46.67158559648766" lon="8.010247434592863">
        <ele>2437.3</ele>
      </trkpt>
      <trkpt lat="46.67157259563736" lon="8.010186816276097">
        <ele>2437.9</ele>
      </trkpt>
      <trkpt lat="46.6715657806924" lon="8.010110672784057">
        <ele>2438.5</ele>
      </trkpt>
      <trkpt lat="46.67157851667068" lon="8.010041074311214">
        <ele>2439.1</ele>
      </trkpt>
      <trkpt lat="46.671597685203636" lon="8.009922876944174">
        <ele>2439.7</ele>
      </trkpt>
      <trkpt lat="46.67161608200578" lon="8.009775541756914">
        <ele>2440.3</ele>
      </trkpt>
      <trkpt lat="46.671616350800406" lon="8.00970751024198">
        <ele>2440.9</ele>
      </trkpt>
      <trkpt lat="46.67161127703882" lon="8.009641081946732">
        <ele>2441.5</ele>
      </trkpt>
      <trkpt lat="46.671615130596244" lon="8.009564959749817">
        <ele>2442.1</ele>
      </trkpt>
      <trkpt lat="46.67161364322337" lon="8.009493707907245">
        <ele>2442.7</ele>
      </trkpt>
      <trkpt lat="46.671606747710804" lon="8.009435362825183">
        <ele>2443.3</ele>
      </trkpt>
      <trkpt lat="46.6715962762031" lon="8.00938513468617">
        <ele>2443.9</ele>
      </trkpt>
      <trkpt lat="46.67157422639784" lon="8.0093332552369">
        <ele>2444.5</ele>
      </trkpt>
      <trkpt lat="46.6715397185255" lon="8.009282956190255">
        <ele>2445.1</ele>
      </trkpt>
      <trkpt lat="46.67152390273378" lon="8.009231077344438">
        <ele>2445.7</ele>
      </trkpt>
      <trkpt lat="46.671512618958815" lon="8.009159787510509">
        <ele>2446.3</ele>
      </trkpt>
      <trkpt lat="46.67148888342917" lon="8.009085216724486">
        <ele>2447.1</ele>
      </trkpt>
      <trkpt lat="46.671465201923574" lon="8.00899444174189">
        <ele>2448.0</ele>
      </trkpt>
      <trkpt lat="46.67145042772216" lon="8.008906949564285">
        <ele>2448.8</ele>
      </trkpt>
      <trkpt lat="46.67141707761395" lon="8.008786995478205">
        <ele>2449.7</ele>
      </trkpt>
      <trkpt lat="46.671386399873754" lon="8.00866869022233">
        <ele>2450.5</ele>
      </trkpt>
      <trkpt lat="46.67136642334087" lon="8.008543911534158">
        <ele>2451.4</ele>
      </trkpt>
      <trkpt lat="46.67134457105884" lon="8.008443433417064">
        <ele>2452.2</ele>
      </trkpt>
      <trkpt lat="46.67129354567877" lon="8.00829429473758">
        <ele>2453.1</ele>
      </trkpt>
      <trkpt lat="46.671282166044314" lon="8.008245678018197">
        <ele>2453.9</ele>
      </trkpt>
      <trkpt lat="46.6712743801299" lon="8.008188970686493">
        <ele>2454.8</ele>
      </trkpt>
      <trkpt lat="46.67126930548342" lon="8.008122542954414">
        <ele>2455.6</ele>
      </trkpt>
      <trkpt lat="46.67125014780247" lon="8.008015611687789">
        <ele>2456.4</ele>
      </trkpt>
      <trkpt lat="46.6712299810397" lon="8.007937799228474">
        <ele>2457.3</ele>
      </trkpt>
      <trkpt lat="46.67121954032651" lon="8.007879469682742">
        <ele>2458.1</ele>
      </trkpt>
      <trkpt lat="46.671211746206026" lon="8.007824369792184">
        <ele>2459.0</ele>
      </trkpt>
      <trkpt lat="46.67117738570275" lon="8.007733600949718">
        <ele>2459.8</ele>
      </trkpt>
      <trkpt lat="46.671121805246685" lon="8.007611963474139">
        <ele>2460.7</ele>
      </trkpt>
      <trkpt lat="46.671098895466315" lon="8.007551986863634">
        <ele>2461.5</ele>
      </trkpt>
      <trkpt lat="46.67108842319367" lon="8.007501746494302">
        <ele>2462.4</ele>
      </trkpt>
      <trkpt lat="46.67108247997518" lon="8.007427220624416">
        <ele>2463.2</ele>
      </trkpt>
      <trkpt lat="46.67107848463034" lon="8.007313850100417">
        <ele>2463.8</ele>
      </trkpt>
      <trkpt lat="46.67108245594855" lon="8.007210194796095">
        <ele>2464.5</ele>
      </trkpt>
      <trkpt lat="46.67109019144792" lon="8.007174286059506">
        <ele>2465.1</ele>
      </trkpt>
      <trkpt lat="46.671090878232036" lon="8.007146601515622">
        <ele>2465.7</ele>
      </trkpt>
      <trkpt lat="46.67108819042011" lon="8.007124566177247">
        <ele>2466.3</ele>
      </trkpt>
      <trkpt lat="46.67107875685877" lon="8.007104119529467">
        <ele>2467.0</ele>
      </trkpt>
      <trkpt lat="46.671052568040835" lon="8.007072074868683">
        <ele>2467.6</ele>
      </trkpt>
      <trkpt lat="46.67104149625424" lon="8.007040999538779">
        <ele>2468.2</ele>
      </trkpt>
      <trkpt lat="46.67103937102107" lon="8.0070197934488">
        <ele>2468.9</ele>
      </trkpt>
      <trkpt lat="46.67104515291342" lon="8.006982374372681">
        <ele>2469.5</ele>
      </trkpt>
      <trkpt lat="46.671050418452424" lon="8.00693845490593">
        <ele>2470.1</ele>
      </trkpt>
      <trkpt lat="46.67104333528239" lon="8.006897646469">
        <ele>2470.8</ele>
      </trkpt>
      <trkpt lat="46.67102997582706" lon="8.006877942679418">
        <ele>2471.4</ele>
      </trkpt>
      <trkpt lat="46.67101656752471" lon="8.006868039612721">
        <ele>2472.0</ele>
      </trkpt>
      <trkpt lat="46.67099864628125" lon="8.00686296355534">
        <ele>2472.7</ele>
      </trkpt>
      <trkpt lat="46.67095375116264" lon="8.00687144308451">
        <ele>2473.3</ele>
      </trkpt>
      <trkpt lat="46.67090487228399" lon="8.006890479065051">
        <ele>2473.9</ele>
      </trkpt>
      <trkpt lat="46.670848038975606" lon="8.006929804752867">
        <ele>2474.5</ele>
      </trkpt>
      <trkpt lat="46.67082553164685" lon="8.00694423055679">
        <ele>2475.2</ele>
      </trkpt>
      <trkpt lat="46.67080703733382" lon="8.006944035989468">
        <ele>2475.8</ele>
      </trkpt>
      <trkpt lat="46.670796422533485" lon="8.006934972566821">
        <ele>2476.6</ele>
      </trkpt>
      <trkpt lat="46.670792007027906" lon="8.006920250471863">
        <ele>2477.4</ele>
      </trkpt>
      <trkpt lat="46.67079436136076" lon="8.006899104676103">
        <ele>2478.2</ele>
      </trkpt>
      <trkpt lat="46.67079896372247" lon="8.00687633592634">
        <ele>2479.0</ele>
      </trkpt>
      <trkpt lat="46.670811393690215" lon="8.006856916572344">
        <ele>2479.8</ele>
      </trkpt>
      <trkpt lat="46.67083448625398" lon="8.006835165598732">
        <ele>2480.5</ele>
      </trkpt>
      <trkpt lat="46.670866593498566" lon="8.006807811658613">
        <ele>2481.3</ele>
      </trkpt>
      <trkpt lat="46.6708908916623" lon="8.006769777186411">
        <ele>2482.1</ele>
      </trkpt>
      <trkpt lat="46.67089825927295" lon="8.006748095996883">
        <ele>2482.9</ele>
      </trkpt>
      <trkpt lat="46.67089944002559" lon="8.006673606183965">
        <ele>2483.7</ele>
      </trkpt>
      <trkpt lat="46.670909409135376" lon="8.006629906150515">
        <ele>2484.5</ele>
      </trkpt>
      <trkpt lat="46.67091848769481" lon="8.006586196738013">
        <ele>2485.3</ele>
      </trkpt>
      <trkpt lat="46.67091509116522" lon="8.006545688571606">
        <ele>2486.1</ele>
      </trkpt>
      <trkpt lat="46.67087805089827" lon="8.00645813381448">
        <ele>2486.9</ele>
      </trkpt>
      <trkpt lat="46.67084357303989" lon="8.006399748328645">
        <ele>2487.7</ele>
      </trkpt>
      <trkpt lat="46.67081517882535" lon="8.006376985569254">
        <ele>2488.4</ele>
      </trkpt>
      <trkpt lat="46.670766232579524" lon="8.006375242735556">
        <ele>2489.2</ele>
      </trkpt>
      <trkpt lat="46.67072440285919" lon="8.006375129817872">
        <ele>2490.0</ele>
      </trkpt>
      <trkpt lat="46.670704873894486" lon="8.006360510317819">
        <ele>2490.8</ele>
      </trkpt>
      <trkpt lat="46.670700554414765" lon="8.006326487535581">
        <ele>2491.6</ele>
      </trkpt>
      <trkpt lat="46.67070956931248" lon="8.0062973486472">
        <ele>2492.4</ele>
      </trkpt>
      <trkpt lat="46.67073102072364" lon="8.006276364325208">
        <ele>2493.2</ele>
      </trkpt>
      <trkpt lat="46.67077742866417" lon="8.006244076824512">
        <ele>2494.0</ele>
      </trkpt>
      <trkpt lat="46.67078731887081" lon="8.006219808465564">
        <ele>2494.7</ele>
      </trkpt>
      <trkpt lat="46.670791014476926" lon="8.00618580451109">
        <ele>2495.5</ele>
      </trkpt>
      <trkpt lat="46.67077597774939" lon="8.006161470279494">
        <ele>2496.3</ele>
      </trkpt>
      <trkpt lat="46.67075726056149" lon="8.006166291842716">
        <ele>2497.1</ele>
      </trkpt>
      <trkpt lat="46.6707323507005" lon="8.006164605703077">
        <ele>2497.9</ele>
      </trkpt>
      <trkpt lat="46.670711946375775" lon="8.006145115700178">
        <ele>2498.7</ele>
      </trkpt>
      <trkpt lat="46.67070230949023" lon="8.006109455817047">
        <ele>2499.4</ele>
      </trkpt>
      <trkpt lat="46.670700021528056" lon="8.00601064906897">
        <ele>2500.2</ele>
      </trkpt>
      <trkpt lat="46.67070117954276" lon="8.005944248510948">
        <ele>2501.0</ele>
      </trkpt>
      <trkpt lat="46.67071296081882" lon="8.005892452166217">
        <ele>2501.8</ele>
      </trkpt>
      <trkpt lat="46.67073363074165" lon="8.005842291180944">
        <ele>2502.6</ele>
      </trkpt>
      <trkpt lat="46.67075685427105" lon="8.005821299139788">
        <ele>2503.4</ele>
      </trkpt>
      <trkpt lat="46.670790646615956" lon="8.005829481825428">
        <ele>2504.2</ele>
      </trkpt>
      <trkpt lat="46.670819096497695" lon="8.005839268094189">
        <ele>2504.9</ele>
      </trkpt>
      <trkpt lat="46.67083957768278" lon="8.005836085398059">
        <ele>2505.7</ele>
      </trkpt>
      <trkpt lat="46.67084679513683" lon="8.005810194547243">
        <ele>2506.5</ele>
      </trkpt>
      <trkpt lat="46.6708335314013" lon="8.005787486406124">
        <ele>2507.3</ele>
      </trkpt>
      <trkpt lat="46.6707980769484" lon="8.005751751490651">
        <ele>2508.2</ele>
      </trkpt>
      <trkpt lat="46.670778611442856" lon="8.005722548703112">
        <ele>2509.1</ele>
      </trkpt>
      <trkpt lat="46.67077340110913" lon="8.005688542712509">
        <ele>2510.0</ele>
      </trkpt>
      <trkpt lat="46.67078511793391" lon="8.005649683130207">
        <ele>2511.0</ele>
      </trkpt>
      <trkpt lat="46.670806577283656" lon="8.00562707814316">
        <ele>2511.9</ele>
      </trkpt>
      <trkpt lat="46.670834167006284" lon="8.005627132496427">
        <ele>2512.8</ele>
      </trkpt>
      <trkpt lat="46.67086881154742" lon="8.005646654203092">
        <ele>2513.7</ele>
      </trkpt>
      <trkpt lat="46.67089282369601" lon="8.005651584684802">
        <ele>2514.6</ele>
      </trkpt>
      <trkpt lat="46.67091338358196" lon="8.00562895714436">
        <ele>2515.5</ele>
      </trkpt>
      <trkpt lat="46.67092421871796" lon="8.005590114331529">
        <ele>2516.4</ele>
      </trkpt>
      <trkpt lat="46.67092255462552" lon="8.005559334139157">
        <ele>2517.4</ele>
      </trkpt>
      <trkpt lat="46.67090411367956" lon="8.00549774585542">
        <ele>2518.3</ele>
      </trkpt>
      <trkpt lat="46.670893614455636" lon="8.005449126257806">
        <ele>2519.2</ele>
      </trkpt>
      <trkpt lat="46.670906231603105" lon="8.0054119095184">
        <ele>2520.1</ele>
      </trkpt>
      <trkpt lat="46.670930344710825" lon="8.005389293024102">
        <ele>2521.0</ele>
      </trkpt>
      <trkpt lat="46.67098292471967" lon="8.005374855342492">
        <ele>2521.9</ele>
      </trkpt>
      <trkpt lat="46.671083418361945" lon="8.005396165551325">
        <ele>2522.9</ele>
      </trkpt>
      <trkpt lat="46.67114118362599" lon="8.005418987775094">
        <ele>2523.8</ele>
      </trkpt>
      <trkpt lat="46.671172359712244" lon="8.005414205161001">
        <ele>2524.7</ele>
      </trkpt>
      <trkpt lat="46.67120715961343" lon="8.005391622269086">
        <ele>2525.6</ele>
      </trkpt>
      <trkpt lat="46.671255396628084" lon="8.005349643124886">
        <ele>2526.7</ele>
      </trkpt>
      <trkpt lat="46.671267988640494" lon="8.00531566680331">
        <ele>2527.8</ele>
      </trkpt>
      <trkpt lat="46.67127080243844" lon="8.005281653237297">
        <ele>2528.9</ele>
      </trkpt>
      <trkpt lat="46.67126202983881" lon="8.005247609615939">
        <ele>2530.0</ele>
      </trkpt>
      <trkpt lat="46.671223121774716" lon="8.005182722265134">
        <ele>2531.2</ele>
      </trkpt>
      <trkpt lat="46.67118511131318" lon="8.0051146034724">
        <ele>2532.3</ele>
      </trkpt>
      <trkpt lat="46.671137619697134" lon="8.004970340752626">
        <ele>2533.4</ele>
      </trkpt>
      <trkpt lat="46.671100563139234" lon="8.004887634903856">
        <ele>2534.5</ele>
      </trkpt>
      <trkpt lat="46.67108215218373" lon="8.00481631106913">
        <ele>2535.6</ele>
      </trkpt>
      <trkpt lat="46.671055047725915" lon="8.00469315874131">
        <ele>2536.7</ele>
      </trkpt>
      <trkpt lat="46.671046439935886" lon="8.004618631464533">
        <ele>2537.8</ele>
      </trkpt>
      <trkpt lat="46.671048518956" lon="8.004544124688914">
        <ele>2538.9</ele>
      </trkpt>
      <trkpt lat="46.67105685305569" lon="8.004459934468724">
        <ele>2540.0</ele>
      </trkpt>
      <trkpt lat="46.671054432776664" lon="8.004398383519522">
        <ele>2541.1</ele>
      </trkpt>
      <trkpt lat="46.67103426443603" lon="8.004322206239927">
        <ele>2542.2</ele>
      </trkpt>
      <trkpt lat="46.671015181717074" lon="8.004195818911226">
        <ele>2543.4</ele>
      </trkpt>
      <trkpt lat="46.67101708659183" lon="8.00416180900244">
        <ele>2544.5</ele>
      </trkpt>
      <trkpt lat="46.67102971135552" lon="8.004122971491837">
        <ele>2545.6</ele>
      </trkpt>
      <trkpt lat="46.67103785824023" lon="8.004087354167225">
        <ele>2546.7</ele>
      </trkpt>
      <trkpt lat="46.67103092259953" lon="8.004041986830877">
        <ele>2547.8</ele>
      </trkpt>
      <trkpt lat="46.671019752182275" lon="8.003939924105584">
        <ele>2549.7</ele>
      </trkpt>
      <trkpt lat="46.67101217420702" lon="8.00382813699235">
        <ele>2551.6</ele>
      </trkpt>
      <trkpt lat="46.67099374742504" lon="8.00376168795028">
        <ele>2553.5</ele>
      </trkpt>
      <trkpt lat="46.67098860685456" lon="8.003709857598851">
        <ele>2555.4</ele>
      </trkpt>
      <trkpt lat="46.67098828864264" lon="8.00356893887843">
        <ele>2557.3</ele>
      </trkpt>
      <trkpt lat="46.671005307637046" lon="8.003313082810646">
        <ele>2559.2</ele>
      </trkpt>
      <trkpt lat="46.67101449428563" lon="8.003241839002687">
        <ele>2561.1</ele>
      </trkpt>
      <trkpt lat="46.67103700544309" lon="8.003173857744004">
        <ele>2563.0</ele>
      </trkpt>
      <trkpt lat="46.67107023537775" lon="8.00309944120974">
        <ele>2564.9</ele>
      </trkpt>
      <trkpt lat="46.671095450135624" lon="8.003025006184428">
        <ele>2566.9</ele>
      </trkpt>
      <trkpt lat="46.67113141391081" lon="8.002934387177653">
        <ele>2568.8</ele>
      </trkpt>
      <trkpt lat="46.67117803226995" lon="8.002850295886613">
        <ele>2570.7</ele>
      </trkpt>
      <trkpt lat="46.67122824300875" lon="8.002756479910037">
        <ele>2572.6</ele>
      </trkpt>
      <trkpt lat="46.6713644342652" lon="8.002530067982859">
        <ele>2574.5</ele>
      </trkpt>
      <trkpt lat="46.67140738102116" lon="8.00247347276358">
        <ele>2576.4</ele>
      </trkpt>
      <trkpt lat="46.67147173037218" lon="8.002405613696867">
        <ele>2578.3</ele>
      </trkpt>
      <trkpt lat="46.6715709890884" lon="8.00228925589211">
        <ele>2580.2</ele>
      </trkpt>
      <trkpt lat="46.67161129504596" lon="8.002224556417437">
        <ele>2582.1</ele>
      </trkpt>
      <trkpt lat="46.671737767000664" lon="8.001978685785907">
        <ele>2584.0</ele>
      </trkpt>
      <trkpt lat="46.671790625726956" lon="8.001891351475804">
        <ele>2585.9</ele>
      </trkpt>
      <trkpt lat="46.67185686592976" lon="8.001797569979022">
        <ele>2587.1</ele>
      </trkpt>
      <trkpt lat="46.67193571999152" lon="8.00166332891525">
        <ele>2588.3</ele>
      </trkpt>
      <trkpt lat="46.671983984586255" lon="8.001610015761178">
        <ele>2589.6</ele>
      </trkpt>
      <trkpt lat="46.67205897526506" lon="8.00155675885615">
        <ele>2590.8</ele>
      </trkpt>
      <trkpt lat="46.67213207992672" lon="8.001522915109241">
        <ele>2592.0</ele>
      </trkpt>
      <trkpt lat="46.67222474802491" lon="8.001500474895572">
        <ele>2593.2</ele>
      </trkpt>
      <trkpt lat="46.67236899416778" lon="8.001487876881592">
        <ele>2594.5</ele>
      </trkpt>
      <trkpt lat="46.67249283618093" lon="8.001457410449685">
        <ele>2595.7</ele>
      </trkpt>
      <trkpt lat="46.67261844338491" lon="8.001430177165153">
        <ele>2596.9</ele>
      </trkpt>
      <trkpt lat="46.67269687727261" lon="8.001402857424656">
        <ele>2598.2</ele>
      </trkpt>
      <trkpt lat="46.672892053721654" lon="8.001341781818269">
        <ele>2599.4</ele>
      </trkpt>
      <trkpt lat="46.6730917658271" lon="8.001254811450066">
        <ele>2600.6</ele>
      </trkpt>
      <trkpt lat="46.67320232013936" lon="8.001208117962875">
        <ele>2601.8</ele>
      </trkpt>
      <trkpt lat="46.67339479270378" lon="8.001153534292103">
        <ele>2603.1</ele>
      </trkpt>
      <trkpt lat="46.6735311405723" lon="8.001111748381264">
        <ele>2604.3</ele>
      </trkpt>
      <trkpt lat="46.67360595829199" lon="8.00109897498168">
        <ele>2605.5</ele>
      </trkpt>
      <trkpt lat="46.67367450411612" lon="8.001097519286416">
        <ele>2606.7</ele>
      </trkpt>
      <trkpt lat="46.67371724041658" lon="8.00109438339475">
        <ele>2608.0</ele>
      </trkpt>
      <trkpt lat="46.6737715380562" lon="8.001094530570604">
        <ele>2609.2</ele>
      </trkpt>
      <trkpt lat="46.67380985340288" lon="8.00108491870325">
        <ele>2610.4</ele>
      </trkpt>
      <trkpt lat="46.67383753697027" lon="8.001062297039358">
        <ele>2610.1</ele>
      </trkpt>
      <trkpt lat="46.67387606002418" lon="8.000995980963276">
        <ele>2609.8</ele>
      </trkpt>
      <trkpt lat="46.67395701506242" lon="8.00084411242915">
        <ele>2609.4</ele>
      </trkpt>
      <trkpt lat="46.67398389863356" lon="8.000793985050514">
        <ele>2609.1</ele>
      </trkpt>
      <trkpt lat="46.67400252336923" lon="8.000771373444602">
        <ele>2608.8</ele>
      </trkpt>
      <trkpt lat="46.673978611862395" lon="8.000729565146214">
        <ele>2608.5</ele>
      </trkpt>
      <trkpt lat="46.673956887989476" lon="8.000698365543077">
        <ele>2608.2</ele>
      </trkpt>
      <trkpt lat="46.673936292513105" lon="8.00066636742775">
        <ele>2607.8</ele>
      </trkpt>
      <trkpt lat="46.67392333220848" lon="8.000625692545574">
        <ele>2607.5</ele>
      </trkpt>
      <trkpt lat="46.673918061358535" lon="8.000609131564167">
        <ele>2607.2</ele>
      </trkpt>
      <trkpt lat="46.67389761937176" lon="8.000547808284464">
        <ele>2606.9</ele>
      </trkpt>
      <trkpt lat="46.67388304840412" lon="8.000490780470724">
        <ele>2606.6</ele>
      </trkpt>
      <trkpt lat="46.67387015106627" lon="8.000431835884731">
        <ele>2606.2</ele>
      </trkpt>
      <trkpt lat="46.67387150436619" lon="8.000385389715525">
        <ele>2605.9</ele>
      </trkpt>
      <trkpt lat="46.67387118249784" lon="8.000335685016237">
        <ele>2605.6</ele>
      </trkpt>
      <trkpt lat="46.67387065215415" lon="8.00021506583592">
        <ele>2605.3</ele>
      </trkpt>
      <trkpt lat="46.67387255891308" lon="8.000056206001334">
        <ele>2605.0</ele>
      </trkpt>
      <trkpt lat="46.67387365113284" lon="7.999949469877935">
        <ele>2604.6</ele>
      </trkpt>
      <trkpt lat="46.67387493878774" lon="7.999801176406897">
        <ele>2604.3</ele>
      </trkpt>
      <trkpt lat="46.67387173229013" lon="7.999681339710467">
        <ele>2604.0</ele>
      </trkpt>
      <trkpt lat="46.67387020853727" lon="7.999544909824651">
        <ele>2602.4</ele>
      </trkpt>
      <trkpt lat="46.67386819864495" lon="7.99931705736078">
        <ele>2600.7</ele>
      </trkpt>
      <trkpt lat="46.673858250940114" lon="7.999175848317112">
        <ele>2599.1</ele>
      </trkpt>
      <trkpt lat="46.673854812378046" lon="7.999073809244832">
        <ele>2597.4</ele>
      </trkpt>
      <trkpt lat="46.67384673862869" lon="7.998941114557588">
        <ele>2595.8</ele>
      </trkpt>
      <trkpt lat="46.673835730274206" lon="7.998827104251142">
        <ele>2594.1</ele>
      </trkpt>
      <trkpt lat="46.67381618124083" lon="7.998702837778798">
        <ele>2592.5</ele>
      </trkpt>
      <trkpt lat="46.673797969078635" lon="7.998474830737592">
        <ele>2590.8</ele>
      </trkpt>
      <trkpt lat="46.67379502015833" lon="7.9982435840502495">
        <ele>2589.2</ele>
      </trkpt>
      <trkpt lat="46.67377431306375" lon="7.998173698903993">
        <ele>2587.6</ele>
      </trkpt>
      <trkpt lat="46.673765316122534" lon="7.998029102248152">
        <ele>2585.9</ele>
      </trkpt>
      <trkpt lat="46.67374180546752" lon="7.997943884452088">
        <ele>2584.3</ele>
      </trkpt>
      <trkpt lat="46.67373330618328" lon="7.997668381413296">
        <ele>2582.6</ele>
      </trkpt>
      <trkpt lat="46.673713079865536" lon="7.997470974791061">
        <ele>2581.0</ele>
      </trkpt>
      <trkpt lat="46.673709657097746" lon="7.997367237318106">
        <ele>2579.3</ele>
      </trkpt>
      <trkpt lat="46.67369955972724" lon="7.997263430832405">
        <ele>2577.7</ele>
      </trkpt>
      <trkpt lat="46.673692444280974" lon="7.997125662909996">
        <ele>2576.0</ele>
      </trkpt>
      <trkpt lat="46.673680178302" lon="7.996838215546886">
        <ele>2574.4</ele>
      </trkpt>
      <trkpt lat="46.67366700660618" lon="7.996537167278149">
        <ele>2572.7</ele>
      </trkpt>
      <trkpt lat="46.6736568599193" lon="7.9964469652833134">
        <ele>2571.1</ele>
      </trkpt>
      <trkpt lat="46.6736333467104" lon="7.996358350412771">
        <ele>2570.8</ele>
      </trkpt>
      <trkpt lat="46.67359187332399" lon="7.996233885148105">
        <ele>2570.4</ele>
      </trkpt>
      <trkpt lat="46.67356640573371" lon="7.996162266024261">
        <ele>2570.0</ele>
      </trkpt>
      <trkpt lat="46.673529674098255" lon="7.996041234841202">
        <ele>2569.7</ele>
      </trkpt>
      <trkpt lat="46.673497856714796" lon="7.995882838291558">
        <ele>2569.3</ele>
      </trkpt>
      <trkpt lat="46.67345828081621" lon="7.995758393279875">
        <ele>2569.0</ele>
      </trkpt>
      <trkpt lat="46.673428183094614" lon="7.995649336767189">
        <ele>2568.7</ele>
      </trkpt>
      <trkpt lat="46.67339020276387" lon="7.995544420352349">
        <ele>2568.3</ele>
      </trkpt>
      <trkpt lat="46.67334427552536" lon="7.9954457605636735">
        <ele>2567.9</ele>
      </trkpt>
      <trkpt lat="46.673295544983105" lon="7.995351920592144">
        <ele>2567.6</ele>
      </trkpt>
      <trkpt lat="46.673259202035645" lon="7.995276400252057">
        <ele>2567.2</ele>
      </trkpt>
      <trkpt lat="46.673251242388346" lon="7.995202361723126">
        <ele>2566.9</ele>
      </trkpt>
      <trkpt lat="46.673243205709674" lon="7.995144096497613">
        <ele>2566.5</ele>
      </trkpt>
      <trkpt lat="46.67322823388884" lon="7.99508939298177">
        <ele>2566.2</ele>
      </trkpt>
      <trkpt lat="46.67320632666824" lon="7.995034618059427">
        <ele>2565.8</ele>
      </trkpt>
      <trkpt lat="46.673186459017685" lon="7.99498956124766">
        <ele>2565.5</ele>
      </trkpt>
      <trkpt lat="46.673157068724386" lon="7.99490683358043">
        <ele>2565.2</ele>
      </trkpt>
      <trkpt lat="46.67312343694013" lon="7.994843456427994">
        <ele>2564.8</ele>
      </trkpt>
      <trkpt lat="46.673092421990845" lon="7.9948116151507564">
        <ele>2564.4</ele>
      </trkpt>
      <trkpt lat="46.6730634288623" lon="7.994793137954038">
        <ele>2564.1</ele>
      </trkpt>
      <trkpt lat="46.67302503127519" lon="7.9947127486517">
        <ele>2564.3</ele>
      </trkpt>
      <trkpt lat="46.67299014109714" lon="7.994621470077432">
        <ele>2564.4</ele>
      </trkpt>
      <trkpt lat="46.67295802725879" lon="7.994529017867379">
        <ele>2564.6</ele>
      </trkpt>
      <trkpt lat="46.6729252297028" lon="7.994436558733058">
        <ele>2564.8</ele>
      </trkpt>
      <trkpt lat="46.67290418620156" lon="7.994346625280737">
        <ele>2565.0</ele>
      </trkpt>
      <trkpt lat="46.67287156542305" lon="7.9942141647669205">
        <ele>2565.2</ele>
      </trkpt>
      <trkpt lat="46.672843737017466" lon="7.994095083797033">
        <ele>2565.3</ele>
      </trkpt>
      <trkpt lat="46.67281231545346" lon="7.994002626203553">
        <ele>2565.5</ele>
      </trkpt>
      <trkpt lat="46.67277732150146" lon="7.99393438752812">
        <ele>2565.7</ele>
      </trkpt>
      <trkpt lat="46.67273509336186" lon="7.993870165088034">
        <ele>2565.8</ele>
      </trkpt>
      <trkpt lat="46.672718180324274" lon="7.99380202094123">
        <ele>2566.0</ele>
      </trkpt>
      <trkpt lat="46.67269412490863" lon="7.9936063052737785">
        <ele>2566.2</ele>
      </trkpt>
      <trkpt lat="46.672665932985275" lon="7.993498943892039">
        <ele>2566.4</ele>
      </trkpt>
      <trkpt lat="46.67261864514799" lon="7.993394836641883">
        <ele>2566.5</ele>
      </trkpt>
      <trkpt lat="46.67259806524169" lon="7.9932926504628785">
        <ele>2566.7</ele>
      </trkpt>
      <trkpt lat="46.67257837191196" lon="7.993202365948856">
        <ele>2566.9</ele>
      </trkpt>
      <trkpt lat="46.672562380333325" lon="7.993144438295507">
        <ele>2567.1</ele>
      </trkpt>
      <trkpt lat="46.67257402406855" lon="7.993090126839131">
        <ele>2567.2</ele>
      </trkpt>
      <trkpt lat="46.672576148483095" lon="7.99303063395056">
        <ele>2567.4</ele>
      </trkpt>
      <trkpt lat="46.6725556155907" lon="7.992913158146093">
        <ele>2567.6</ele>
      </trkpt>
      <trkpt lat="46.67258932601674" lon="7.992819932394586">
        <ele>2565.9</ele>
      </trkpt>
      <trkpt lat="46.67260283605855" lon="7.992775833550076">
        <ele>2564.2</ele>
      </trkpt>
      <trkpt lat="46.67263543133893" lon="7.992725095534117">
        <ele>2562.5</ele>
      </trkpt>
      <trkpt lat="46.67264509499428" lon="7.992689464888105">
        <ele>2560.8</ele>
      </trkpt>
      <trkpt lat="46.672684397764684" lon="7.99263199985357">
        <ele>2559.1</ele>
      </trkpt>
      <trkpt lat="46.67271326008624" lon="7.992560823159216">
        <ele>2557.4</ele>
      </trkpt>
      <trkpt lat="46.67271721986454" lon="7.992523448084736">
        <ele>2555.7</ele>
      </trkpt>
      <trkpt lat="46.6727507354631" lon="7.992479528041396">
        <ele>2554.0</ele>
      </trkpt>
      <trkpt lat="46.67276709080001" lon="7.992442266949116">
        <ele>2552.3</ele>
      </trkpt>
      <trkpt lat="46.67280732151423" lon="7.992388195916888">
        <ele>2550.6</ele>
      </trkpt>
      <trkpt lat="46.67294960865913" lon="7.9923230692480445">
        <ele>2549.0</ele>
      </trkpt>
      <trkpt lat="46.672957429620354" lon="7.992270443124915">
        <ele>2547.3</ele>
      </trkpt>
      <trkpt lat="46.672995024949635" lon="7.9921551306770215">
        <ele>2545.6</ele>
      </trkpt>
      <trkpt lat="46.672999064874915" lon="7.99209565691906">
        <ele>2543.9</ele>
      </trkpt>
      <trkpt lat="46.673055593589865" lon="7.992017927986581">
        <ele>2542.2</ele>
      </trkpt>
      <trkpt lat="46.67307489633923" lon="7.991953487532235">
        <ele>2540.5</ele>
      </trkpt>
      <trkpt lat="46.673060988964465" lon="7.991849657378217">
        <ele>2538.8</ele>
      </trkpt>
      <trkpt lat="46.673035406186855" lon="7.991808633872288">
        <ele>2537.1</ele>
      </trkpt>
      <trkpt lat="46.673008997349996" lon="7.991730199136061">
        <ele>2535.4</ele>
      </trkpt>
      <trkpt lat="46.67299795776005" lon="7.991623000647784">
        <ele>2533.7</ele>
      </trkpt>
      <trkpt lat="46.67298498635307" lon="7.991520879248542">
        <ele>2532.9</ele>
      </trkpt>
      <trkpt lat="46.67297966694423" lon="7.99141201431256">
        <ele>2532.1</ele>
      </trkpt>
      <trkpt lat="46.6729858456336" lon="7.991287963519945">
        <ele>2531.3</ele>
      </trkpt>
      <trkpt lat="46.67297386789166" lon="7.991175645691659">
        <ele>2530.5</ele>
      </trkpt>
      <trkpt lat="46.67295008516185" lon="7.99106197872473">
        <ele>2529.7</ele>
      </trkpt>
      <trkpt lat="46.67294580785086" lon="7.991022023017213">
        <ele>2528.9</ele>
      </trkpt>
      <trkpt lat="46.672947108694025" lon="7.990983757948096">
        <ele>2528.1</ele>
      </trkpt>
      <trkpt lat="46.672958000885785" lon="7.990935815517259">
        <ele>2527.3</ele>
      </trkpt>
      <trkpt lat="46.67296827393839" lon="7.990896831904141">
        <ele>2526.5</ele>
      </trkpt>
      <trkpt lat="46.67298551144444" lon="7.990861199732461">
        <ele>2525.8</ele>
      </trkpt>
      <trkpt lat="46.673001048956735" lon="7.990786513762842">
        <ele>2525.0</ele>
      </trkpt>
      <trkpt lat="46.67302037491754" lon="7.990715277418228">
        <ele>2524.2</ele>
      </trkpt>
      <trkpt lat="46.67302126031341" lon="7.99064945908025">
        <ele>2523.4</ele>
      </trkpt>
      <trkpt lat="46.67300206301131" lon="7.9905621987964155">
        <ele>2522.6</ele>
      </trkpt>
      <trkpt lat="46.67297187211429" lon="7.990482523763524">
        <ele>2521.8</ele>
      </trkpt>
      <trkpt lat="46.672914260958464" lon="7.990323149988367">
        <ele>2521.0</ele>
      </trkpt>
      <trkpt lat="46.672863792155006" lon="7.990225154891259">
        <ele>2520.2</ele>
      </trkpt>
      <trkpt lat="46.672794808370114" lon="7.990123782185189">
        <ele>2519.4</ele>
      </trkpt>
      <trkpt lat="46.67279415963093" lon="7.990060758228463">
        <ele>2518.6</ele>
      </trkpt>
      <trkpt lat="46.672805595037005" lon="7.989987833911822">
        <ele>2517.8</ele>
      </trkpt>
      <trkpt lat="46.67280037764673" lon="7.989911524711368">
        <ele>2517.1</ele>
      </trkpt>
      <trkpt lat="46.672786751045074" lon="7.9898534389823554">
        <ele>2516.5</ele>
      </trkpt>
      <trkpt lat="46.67276663149957" lon="7.98979865875984">
        <ele>2515.8</ele>
      </trkpt>
      <trkpt lat="46.67272167947648" lon="7.989705660671401">
        <ele>2515.1</ele>
      </trkpt>
      <trkpt lat="46.67268124186161" lon="7.989640871801001">
        <ele>2514.4</ele>
      </trkpt>
      <trkpt lat="46.672665818161285" lon="7.989571162951693">
        <ele>2513.8</ele>
      </trkpt>
      <trkpt lat="46.672644747908784" lon="7.989521352428615">
        <ele>2513.1</ele>
      </trkpt>
      <trkpt lat="46.67261621108404" lon="7.989486455569644">
        <ele>2512.4</ele>
      </trkpt>
      <trkpt lat="46.67257375305465" lon="7.989458134085764">
        <ele>2511.7</ele>
      </trkpt>
      <trkpt lat="46.67253322724135" lon="7.989411575445619">
        <ele>2511.1</ele>
      </trkpt>
      <trkpt lat="46.672488235803776" lon="7.989328535984707">
        <ele>2510.4</ele>
      </trkpt>
      <trkpt lat="46.67241647962228" lon="7.989225490232381">
        <ele>2509.7</ele>
      </trkpt>
      <trkpt lat="46.67233820733368" lon="7.989132401968238">
        <ele>2509.0</ele>
      </trkpt>
      <trkpt lat="46.672247061404875" lon="7.989022677187459">
        <ele>2508.4</ele>
      </trkpt>
      <trkpt lat="46.67219925803162" lon="7.988946261748164">
        <ele>2507.7</ele>
      </trkpt>
      <trkpt lat="46.67218008766993" lon="7.9888848402341335">
        <ele>2507.0</ele>
      </trkpt>
      <trkpt lat="46.67208636791247" lon="7.988728670527893">
        <ele>2506.3</ele>
      </trkpt>
      <trkpt lat="46.67206055348438" lon="7.988703734258059">
        <ele>2505.7</ele>
      </trkpt>
      <trkpt lat="46.6720219834776" lon="7.988633960707201">
        <ele>2505.0</ele>
      </trkpt>
      <trkpt lat="46.671974900469536" lon="7.988603972624265">
        <ele>2504.3</ele>
      </trkpt>
      <trkpt lat="46.67193159469382" lon="7.988557399912695">
        <ele>2503.8</ele>
      </trkpt>
      <trkpt lat="46.67189574911321" lon="7.988500931955031">
        <ele>2503.2</ele>
      </trkpt>
      <trkpt lat="46.67187023563381" lon="7.988407977468747">
        <ele>2502.7</ele>
      </trkpt>
      <trkpt lat="46.67186128091555" lon="7.988341629113184">
        <ele>2502.1</ele>
      </trkpt>
      <trkpt lat="46.67182736639896" lon="7.988265238526377">
        <ele>2501.6</ele>
      </trkpt>
      <trkpt lat="46.67179981870435" lon="7.988215415665201">
        <ele>2501.0</ele>
      </trkpt>
      <trkpt lat="46.67176756635479" lon="7.988180495315951">
        <ele>2500.5</ele>
      </trkpt>
      <trkpt lat="46.67171118080979" lon="7.98816374295734">
        <ele>2499.9</ele>
      </trkpt>
      <trkpt lat="46.671667795932414" lon="7.988135413562897">
        <ele>2499.4</ele>
      </trkpt>
      <trkpt lat="46.671633690462556" lon="7.98810048756611">
        <ele>2498.9</ele>
      </trkpt>
      <trkpt lat="46.67157836525281" lon="7.988052238165803">
        <ele>2498.3</ele>
      </trkpt>
      <trkpt lat="46.6715184163105" lon="7.988003967978656">
        <ele>2497.8</ele>
      </trkpt>
      <trkpt lat="46.671474168717104" lon="7.987962378692316">
        <ele>2497.2</ele>
      </trkpt>
      <trkpt lat="46.67144208299388" lon="7.9878909865422445">
        <ele>2496.7</ele>
      </trkpt>
      <trkpt lat="46.67137007290546" lon="7.987845991807835">
        <ele>2496.1</ele>
      </trkpt>
      <trkpt lat="46.67131290148256" lon="7.9877944178431886">
        <ele>2495.6</ele>
      </trkpt>
      <trkpt lat="46.67129647014852" lon="7.9877413109263085">
        <ele>2495.0</ele>
      </trkpt>
      <trkpt lat="46.67125054398621" lon="7.987661584627805">
        <ele>2494.5</ele>
      </trkpt>
      <trkpt lat="46.67121114956385" lon="7.987568595147383">
        <ele>2493.9</ele>
      </trkpt>
      <trkpt lat="46.67118837599776" lon="7.987485615117456">
        <ele>2493.4</ele>
      </trkpt>
      <trkpt lat="46.671153431554934" lon="7.987432451023">
        <ele>2494.1</ele>
      </trkpt>
      <trkpt lat="46.67111303163259" lon="7.987357695016367">
        <ele>2494.7</ele>
      </trkpt>
      <trkpt lat="46.67109762137089" lon="7.987283036108167">
        <ele>2495.4</ele>
      </trkpt>
      <trkpt lat="46.67105820363358" lon="7.987196698692817">
        <ele>2496.0</ele>
      </trkpt>
      <trkpt lat="46.67102233361369" lon="7.987145172120007">
        <ele>2496.7</ele>
      </trkpt>
      <trkpt lat="46.671020748665825" lon="7.987083813518642">
        <ele>2497.4</ele>
      </trkpt>
      <trkpt lat="46.67098774385674" lon="7.987010753494776">
        <ele>2498.0</ele>
      </trkpt>
      <trkpt lat="46.670998346439724" lon="7.986917932623647">
        <ele>2498.7</ele>
      </trkpt>
      <trkpt lat="46.67096558563749" lon="7.986788485638081">
        <ele>2499.3</ele>
      </trkpt>
      <trkpt lat="46.670960367122916" lon="7.9867138390260255">
        <ele>2500.0</ele>
      </trkpt>
      <trkpt lat="46.670948615852936" lon="7.986650796115752">
        <ele>2500.7</ele>
      </trkpt>
      <trkpt lat="46.670921986054154" lon="7.986602630806832">
        <ele>2501.3</ele>
      </trkpt>
      <trkpt lat="46.67089158630388" lon="7.9865677177160155">
        <ele>2502.0</ele>
      </trkpt>
      <trkpt lat="46.67087697565752" lon="7.986521242589934">
        <ele>2502.6</ele>
      </trkpt>
      <trkpt lat="46.67085910881633" lon="7.986373599353838">
        <ele>2503.3</ele>
      </trkpt>
      <trkpt lat="46.67084906115929" lon="7.9863453876953905">
        <ele>2504.0</ele>
      </trkpt>
      <trkpt lat="46.67079854536023" lon="7.986308911757963">
        <ele>2504.6</ele>
      </trkpt>
      <trkpt lat="46.67076782270352" lon="7.986135171958616">
        <ele>2505.3</ele>
      </trkpt>
      <trkpt lat="46.670730526206285" lon="7.985936588430288">
        <ele>2505.9</ele>
      </trkpt>
      <trkpt lat="46.67068440798815" lon="7.985771030647754">
        <ele>2506.6</ele>
      </trkpt>
      <trkpt lat="46.67062447732511" lon="7.98550123215225">
        <ele>2506.6</ele>
      </trkpt>
      <trkpt lat="46.67062195290531" lon="7.985436754323171">
        <ele>2506.5</ele>
      </trkpt>
      <trkpt lat="46.67059162009384" lon="7.985367172896556">
        <ele>2506.5</ele>
      </trkpt>
      <trkpt lat="46.670573666857585" lon="7.985314169650664">
        <ele>2506.4</ele>
      </trkpt>
      <trkpt lat="46.670582755040385" lon="7.985234846339129">
        <ele>2506.4</ele>
      </trkpt>
      <trkpt lat="46.67057026590061" lon="7.985062821272542">
        <ele>2506.3</ele>
      </trkpt>
      <trkpt lat="46.67051987301925" lon="7.984799706929741">
        <ele>2506.3</ele>
      </trkpt>
      <trkpt lat="46.67047603198342" lon="7.984569669429247">
        <ele>2506.2</ele>
      </trkpt>
      <trkpt lat="46.67042258312003" lon="7.984339613659172">
        <ele>2506.2</ele>
      </trkpt>
      <trkpt lat="46.670392548924596" lon="7.984218769873771">
        <ele>2506.1</ele>
      </trkpt>
      <trkpt lat="46.670331817388465" lon="7.984091186753073">
        <ele>2506.1</ele>
      </trkpt>
      <trkpt lat="46.67027127094076" lon="7.983930517371665">
        <ele>2506.1</ele>
      </trkpt>
      <trkpt lat="46.67016580340924" lon="7.983733287968219">
        <ele>2506.0</ele>
      </trkpt>
      <trkpt lat="46.67007582067957" lon="7.983514627116867">
        <ele>2506.0</ele>
      </trkpt>
      <trkpt lat="46.67003014706308" lon="7.983441678033277">
        <ele>2505.9</ele>
      </trkpt>
      <trkpt lat="46.669992252608495" lon="7.983352224190167">
        <ele>2505.9</ele>
      </trkpt>
      <trkpt lat="46.66993080571711" lon="7.983178335820396">
        <ele>2505.8</ele>
      </trkpt>
      <trkpt lat="46.669891932770405" lon="7.98309217867148">
        <ele>2505.8</ele>
      </trkpt>
      <trkpt lat="46.66981791391941" lon="7.982938079865619">
        <ele>2505.7</ele>
      </trkpt>
      <trkpt lat="46.66978211092004" lon="7.9828155727541">
        <ele>2505.7</ele>
      </trkpt>
      <trkpt lat="46.669754518714264" lon="7.982770811438382">
        <ele>2505.2</ele>
      </trkpt>
      <trkpt lat="46.669699870922265" lon="7.982757336783318">
        <ele>2504.6</ele>
      </trkpt>
      <trkpt lat="46.66965973086281" lon="7.982727398919725">
        <ele>2504.1</ele>
      </trkpt>
      <trkpt lat="46.66960552469831" lon="7.9826345672239505">
        <ele>2503.6</ele>
      </trkpt>
      <trkpt lat="46.669593272077414" lon="7.982593175316658">
        <ele>2503.1</ele>
      </trkpt>
      <trkpt lat="46.66955923270618" lon="7.982498782732533">
        <ele>2502.5</ele>
      </trkpt>
      <trkpt lat="46.66951920410252" lon="7.982447349546953">
        <ele>2502.0</ele>
      </trkpt>
      <trkpt lat="46.669510800387826" lon="7.982404323798998">
        <ele>2501.5</ele>
      </trkpt>
      <trkpt lat="46.66952451229646" lon="7.98235477761552">
        <ele>2501.0</ele>
      </trkpt>
      <trkpt lat="46.66952106424669" lon="7.982283653469955">
        <ele>2500.4</ele>
      </trkpt>
      <trkpt lat="46.669517487702656" lon="7.982235697447219">
        <ele>2499.9</ele>
      </trkpt>
      <trkpt lat="46.669485236871594" lon="7.9821661130304244">
        <ele>2499.4</ele>
      </trkpt>
      <trkpt lat="46.66946818837133" lon="7.982123039586368">
        <ele>2498.9</ele>
      </trkpt>
      <trkpt lat="46.66944650727166" lon="7.982053496285658">
        <ele>2498.3</ele>
      </trkpt>
      <trkpt lat="46.66942325104805" lon="7.981916167131792">
        <ele>2497.8</ele>
      </trkpt>
      <trkpt lat="46.66940043844929" lon="7.981876394299253">
        <ele>2497.3</ele>
      </trkpt>
      <trkpt lat="46.66938630889753" lon="7.981826724951428">
        <ele>2496.8</ele>
      </trkpt>
      <trkpt lat="46.66937606202902" lon="7.981772115806062">
        <ele>2496.2</ele>
      </trkpt>
      <trkpt lat="46.66939095892417" lon="7.981679588176665">
        <ele>2495.7</ele>
      </trkpt>
      <trkpt lat="46.669410524416904" lon="7.981613530681811">
        <ele>2495.2</ele>
      </trkpt>
      <trkpt lat="46.669415711526796" lon="7.981542467384344">
        <ele>2494.2</ele>
      </trkpt>
      <trkpt lat="46.669400876832285" lon="7.98144815114055">
        <ele>2493.3</ele>
      </trkpt>
      <trkpt lat="46.66940607173896" lon="7.981375428298146">
        <ele>2492.3</ele>
      </trkpt>
      <trkpt lat="46.6694122120534" lon="7.981132388133689">
        <ele>2491.4</ele>
      </trkpt>
      <trkpt lat="46.669402458155545" lon="7.980983538483329">
        <ele>2490.4</ele>
      </trkpt>
      <trkpt lat="46.66940625685365" lon="7.980816569080525">
        <ele>2489.5</ele>
      </trkpt>
      <trkpt lat="46.669426181315195" lon="7.980684365216509">
        <ele>2488.5</ele>
      </trkpt>
      <trkpt lat="46.669435600891575" lon="7.980542215756137">
        <ele>2487.6</ele>
      </trkpt>
      <trkpt lat="46.66942785210772" lon="7.980380148494204">
        <ele>2486.6</ele>
      </trkpt>
      <trkpt lat="46.66940158067133" lon="7.980269252357043">
        <ele>2485.6</ele>
      </trkpt>
      <trkpt lat="46.66939353635039" lon="7.980161753739233">
        <ele>2484.7</ele>
      </trkpt>
      <trkpt lat="46.669382548339854" lon="7.980064144169855">
        <ele>2483.7</ele>
      </trkpt>
      <trkpt lat="46.66936174770131" lon="7.980007835326871">
        <ele>2482.8</ele>
      </trkpt>
      <trkpt lat="46.669256001940454" lon="7.979860219723823">
        <ele>2481.8</ele>
      </trkpt>
      <trkpt lat="46.669182453427865" lon="7.9797937516963975">
        <ele>2480.9</ele>
      </trkpt>
      <trkpt lat="46.66914714647129" lon="7.9797555666772775">
        <ele>2479.9</ele>
      </trkpt>
      <trkpt lat="46.66912737093304" lon="7.979686043839525">
        <ele>2479.0</ele>
      </trkpt>
      <trkpt lat="46.66907409223306" lon="7.979598191187002">
        <ele>2478.0</ele>
      </trkpt>
      <trkpt lat="46.669016196091825" lon="7.979480537127785">
        <ele>2477.1</ele>
      </trkpt>
      <trkpt lat="46.668959412430866" lon="7.979333139138777">
        <ele>2476.1</ele>
      </trkpt>
      <trkpt lat="46.66894734910522" lon="7.979255369710917">
        <ele>2475.5</ele>
      </trkpt>
      <trkpt lat="46.668915853749056" lon="7.979046911211626">
        <ele>2474.9</ele>
      </trkpt>
      <trkpt lat="46.668920277342814" lon="7.978941106583957">
        <ele>2474.2</ele>
      </trkpt>
      <trkpt lat="46.66890786068777" lon="7.978578953185912">
        <ele>2473.6</ele>
      </trkpt>
      <trkpt lat="46.668883615469795" lon="7.978448229339951">
        <ele>2473.0</ele>
      </trkpt>
      <trkpt lat="46.668879378176946" lon="7.978345683550024">
        <ele>2472.4</ele>
      </trkpt>
      <trkpt lat="46.66885808397306" lon="7.978203411331669">
        <ele>2471.8</ele>
      </trkpt>
      <trkpt lat="46.66882695866499" lon="7.978100766988326">
        <ele>2471.1</ele>
      </trkpt>
      <trkpt lat="46.66881301233032" lon="7.9778427620905505">
        <ele>2470.5</ele>
      </trkpt>
      <trkpt lat="46.66878214272912" lon="7.977695481236809">
        <ele>2469.9</ele>
      </trkpt>
      <trkpt lat="46.668777245052034" lon="7.977538384425917">
        <ele>2469.3</ele>
      </trkpt>
      <trkpt lat="46.66877462762213" lon="7.977136591087376">
        <ele>2468.7</ele>
      </trkpt>
      <trkpt lat="46.668760560834315" lon="7.977077005799897">
        <ele>2468.0</ele>
      </trkpt>
      <trkpt lat="46.66872519713567" lon="7.9770487406927835">
        <ele>2467.4</ele>
      </trkpt>
      <trkpt lat="46.668701443786055" lon="7.97700399534253">
        <ele>2466.8</ele>
      </trkpt>
      <trkpt lat="46.668655591855526" lon="7.976964126224647">
        <ele>2466.2</ele>
      </trkpt>
      <trkpt lat="46.66857714199964" lon="7.976914170807983">
        <ele>2465.6</ele>
      </trkpt>
      <trkpt lat="46.66861592576676" lon="7.976844906478472">
        <ele>2464.9</ele>
      </trkpt>
      <trkpt lat="46.6686401804632" lon="7.976798705541603">
        <ele>2464.3</ele>
      </trkpt>
      <trkpt lat="46.668642247123756" lon="7.97677061752154">
        <ele>2463.7</ele>
      </trkpt>
      <trkpt lat="46.668628950634826" lon="7.9767441014048455">
        <ele>2463.0</ele>
      </trkpt>
      <trkpt lat="46.66855047064217" lon="7.97670241786879">
        <ele>2462.3</ele>
      </trkpt>
      <trkpt lat="46.668469374222965" lon="7.976612789319639">
        <ele>2461.6</ele>
      </trkpt>
      <trkpt lat="46.668415155245356" lon="7.976521625317523">
        <ele>2460.8</ele>
      </trkpt>
      <trkpt lat="46.66835519466386" lon="7.976427124368046">
        <ele>2460.1</ele>
      </trkpt>
      <trkpt lat="46.66832013191599" lon="7.976342646017427">
        <ele>2459.4</ele>
      </trkpt>
      <trkpt lat="46.66828420371181" lon="7.976243288228817">
        <ele>2458.7</ele>
      </trkpt>
      <trkpt lat="46.66828953804063" lon="7.976144105905151">
        <ele>2458.0</ele>
      </trkpt>
      <trkpt lat="46.66829674159769" lon="7.976054847404939">
        <ele>2457.3</ele>
      </trkpt>
      <trkpt lat="46.66831309031484" lon="7.9758746900570525">
        <ele>2456.6</ele>
      </trkpt>
      <trkpt lat="46.66832593927974" lon="7.975805311189295">
        <ele>2455.8</ele>
      </trkpt>
      <trkpt lat="46.66834456337958" lon="7.975735950503226">
        <ele>2455.1</ele>
      </trkpt>
      <trkpt lat="46.66836600129283" lon="7.9756765230012245">
        <ele>2454.4</ele>
      </trkpt>
      <trkpt lat="46.668404862220164" lon="7.975590715203189">
        <ele>2453.7</ele>
      </trkpt>
      <trkpt lat="46.66841192275146" lon="7.975527916984299">
        <ele>2453.0</ele>
      </trkpt>
      <trkpt lat="46.668401774136655" lon="7.975451801700607">
        <ele>2452.3</ele>
      </trkpt>
      <trkpt lat="46.66840651954442" lon="7.975286477941002">
        <ele>2451.5</ele>
      </trkpt>
      <trkpt lat="46.66841775380377" lon="7.975162538461955">
        <ele>2450.8</ele>
      </trkpt>
      <trkpt lat="46.66844047125548" lon="7.975045233705615">
        <ele>2450.1</ele>
      </trkpt>
      <trkpt lat="46.6684362696866" lon="7.974934443727237">
        <ele>2449.4</ele>
      </trkpt>
      <trkpt lat="46.66844730561461" lon="7.974846856326902">
        <ele>2448.5</ele>
      </trkpt>
      <trkpt lat="46.66844139356654" lon="7.974698035606628">
        <ele>2447.5</ele>
      </trkpt>
      <trkpt lat="46.6684293683509" lon="7.9746153157339155">
        <ele>2446.6</ele>
      </trkpt>
      <trkpt lat="46.668402917988594" lon="7.974537470773963">
        <ele>2445.6</ele>
      </trkpt>
      <trkpt lat="46.66836407606041" lon="7.974441417394516">
        <ele>2444.7</ele>
      </trkpt>
      <trkpt lat="46.66835963718106" lon="7.974375264269058">
        <ele>2443.7</ele>
      </trkpt>
      <trkpt lat="46.668395589659596" lon="7.974117495901837">
        <ele>2442.8</ele>
      </trkpt>
      <trkpt lat="46.668410152479346" lon="7.973910871081387">
        <ele>2441.8</ele>
      </trkpt>
      <trkpt lat="46.66845399792746" lon="7.973792010993929">
        <ele>2440.8</ele>
      </trkpt>
      <trkpt lat="46.668465986481415" lon="7.973704432775382">
        <ele>2439.9</ele>
      </trkpt>
      <trkpt lat="46.668444709781966" lon="7.97355719800221">
        <ele>2439.0</ele>
      </trkpt>
      <trkpt lat="46.66841158553656" lon="7.973469408340545">
        <ele>2438.0</ele>
      </trkpt>
      <trkpt lat="46.66838623102031" lon="7.973366811668831">
        <ele>2437.1</ele>
      </trkpt>
      <trkpt lat="46.66837607318045" lon="7.973292356338585">
        <ele>2436.1</ele>
      </trkpt>
      <trkpt lat="46.66835819432382" lon="7.973226135639886">
        <ele>2435.2</ele>
      </trkpt>
      <trkpt lat="46.668340639315154" lon="7.973100421334106">
        <ele>2434.2</ele>
      </trkpt>
      <trkpt lat="46.66832671243266" lon="7.973014377065834">
        <ele>2433.2</ele>
      </trkpt>
      <trkpt lat="46.66831749231212" lon="7.972943250333547">
        <ele>2432.3</ele>
      </trkpt>
      <trkpt lat="46.668296001772056" lon="7.972835687408509">
        <ele>2431.3</ele>
      </trkpt>
      <trkpt lat="46.66827753940967" lon="7.972700019964559">
        <ele>2430.4</ele>
      </trkpt>
      <trkpt lat="46.66824274218366" lon="7.972565942228233">
        <ele>2428.3</ele>
      </trkpt>
      <trkpt lat="46.66820780414507" lon="7.972459984713684">
        <ele>2426.2</ele>
      </trkpt>
      <trkpt lat="46.668211968973" lon="7.972400463820043">
        <ele>2424.1</ele>
      </trkpt>
      <trkpt lat="46.66818954630847" lon="7.972286292991056">
        <ele>2422.0</ele>
      </trkpt>
      <trkpt lat="46.66817712519874" lon="7.972099408504933">
        <ele>2419.9</ele>
      </trkpt>
      <trkpt lat="46.668159844775275" lon="7.9719224205613886">
        <ele>2417.9</ele>
      </trkpt>
      <trkpt lat="46.66814040330622" lon="7.971790063281206">
        <ele>2415.8</ele>
      </trkpt>
      <trkpt lat="46.66814480341155" lon="7.971685918993897">
        <ele>2413.7</ele>
      </trkpt>
      <trkpt lat="46.66816272899512" lon="7.971565312306644">
        <ele>2411.6</ele>
      </trkpt>
      <trkpt lat="46.66816530043737" lon="7.9714462659597745">
        <ele>2409.5</ele>
      </trkpt>
      <trkpt lat="46.668155424470626" lon="7.9713189165671325">
        <ele>2407.4</ele>
      </trkpt>
      <trkpt lat="46.668133379089596" lon="7.971135295935775">
        <ele>2405.3</ele>
      </trkpt>
      <trkpt lat="46.66813954541722" lon="7.971059264285442">
        <ele>2403.2</ele>
      </trkpt>
      <trkpt lat="46.66817183365325" lon="7.970946979228297">
        <ele>2401.1</ele>
      </trkpt>
      <trkpt lat="46.66817322846876" lon="7.970865947884304">
        <ele>2399.1</ele>
      </trkpt>
      <trkpt lat="46.668149653987136" lon="7.970788146550987">
        <ele>2397.0</ele>
      </trkpt>
      <trkpt lat="46.6681032762803" lon="7.97049033747613">
        <ele>2394.9</ele>
      </trkpt>
      <trkpt lat="46.66808770504695" lon="7.970351393710453">
        <ele>2392.8</ele>
      </trkpt>
      <trkpt lat="46.66807810277632" lon="7.9701727964781135">
        <ele>2390.7</ele>
      </trkpt>
      <trkpt lat="46.668053935339145" lon="7.970027182274031">
        <ele>2388.6</ele>
      </trkpt>
      <trkpt lat="46.66804606119264" lon="7.969884956108012">
        <ele>2386.4</ele>
      </trkpt>
      <trkpt lat="46.66804778638384" lon="7.96974443166503">
        <ele>2384.2</ele>
      </trkpt>
      <trkpt lat="46.667983221968925" lon="7.969613539827064">
        <ele>2382.0</ele>
      </trkpt>
      <trkpt lat="46.667962385308236" lon="7.9693803150053775">
        <ele>2379.8</ele>
      </trkpt>
      <trkpt lat="46.66792523834061" lon="7.969328908359837">
        <ele>2377.6</ele>
      </trkpt>
      <trkpt lat="46.66791800379568" lon="7.969246224497046">
        <ele>2375.4</ele>
      </trkpt>
      <trkpt lat="46.66793606030568" lon="7.969100790541536">
        <ele>2373.2</ele>
      </trkpt>
      <trkpt lat="46.667961642304505" lon="7.9689851720395986">
        <ele>2371.0</ele>
      </trkpt>
      <trkpt lat="46.6679976043183" lon="7.968902637749959">
        <ele>2368.8</ele>
      </trkpt>
      <trkpt lat="46.66803813392994" lon="7.9688631273100805">
        <ele>2366.6</ele>
      </trkpt>
      <trkpt lat="46.668102726484385" lon="7.968812144439692">
        <ele>2364.4</ele>
      </trkpt>
      <trkpt lat="46.66814313684435" lon="7.968792469246241">
        <ele>2362.2</ele>
      </trkpt>
      <trkpt lat="46.66832510503147" lon="7.968869302275983">
        <ele>2360.0</ele>
      </trkpt>
      <trkpt lat="46.66846009066438" lon="7.968935991500396">
        <ele>2357.8</ele>
      </trkpt>
      <trkpt lat="46.668571138862745" lon="7.9689910249111335">
        <ele>2355.6</ele>
      </trkpt>
      <trkpt lat="46.6686620677892" lon="7.969039353301373">
        <ele>2353.4</ele>
      </trkpt>
      <trkpt lat="46.66869188795382" lon="7.9690278982233655">
        <ele>2351.2</ele>
      </trkpt>
      <trkpt lat="46.66874846115649" lon="7.969039704958615">
        <ele>2349.0</ele>
      </trkpt>
      <trkpt lat="46.66878515740945" lon="7.968998522973081">
        <ele>2346.8</ele>
      </trkpt>
      <trkpt lat="46.668816602441595" lon="7.968983921408412">
        <ele>2344.6</ele>
      </trkpt>
    </trkseg>
  </trk>
</gpx>