<?xml version='1.0' encoding='utf-8'?>
<gpx xmlns="http://www.topografix.com/GPX/1/1" xmlns:xsi="http://www.w3.org/2001/XMLSchema-instance" xsi:schemaLocation="http://www.topografix.com/GPX/1/1 http://www.topografix.com/GPX/1/1/gpx.xsd" version="1.1" creator="gpx.py -- https://github.com/tkrajina/gpxpy">
  <trk>
    <name>le-fou</name>
    <trkseg>
      <trkpt lat="46.131933363629074" lon="7.246976732062761">
      <ele>1720.4</ele></trkpt>
    <trkpt lat="46.131935818916446" lon="7.247066545288133">
      <ele>1720.6</ele></trkpt>
      <trkpt lat="46.13193241945593" lon="7.247162499161037">
      <ele>1720.8</ele></trkpt>
      <trkpt lat="46.131918331588146" lon="7.247289336828475">
      <ele>1721.0</ele></trkpt>
      <trkpt lat="46.13189001968666" lon="7.247452207315874">
      <ele>1721.2</ele></trkpt>
      <trkpt lat="46.13184861562124" lon="7.247623688992793">
      <ele>1721.4</ele></trkpt>
      <trkpt lat="46.13182850300388" lon="7.247704290938251">
      <ele>1721.6</ele></trkpt>
      <trkpt lat="46.13182071244172" lon="7.247757238181906">
      <ele>1721.7</ele></trkpt>
      <trkpt lat="46.131817109168544" lon="7.247780851286172">
      <ele>1721.9</ele></trkpt>
      <trkpt lat="46.13181506282254" lon="7.247794237235166">
      <ele>1722.1</ele></trkpt>
      <trkpt lat="46.13180587872713" lon="7.247847668062253">
      <ele>1722.3</ele></trkpt>
      <trkpt lat="46.13179314218492" lon="7.247917556584862">
      <ele>1722.5</ele></trkpt>
      <trkpt lat="46.13178323491807" lon="7.247968932616478">
      <ele>1722.7</ele></trkpt>
      <trkpt lat="46.13176366015429" lon="7.248064554474805">
      <ele>1722.9</ele></trkpt>
      <trkpt lat="46.13175517906059" lon="7.248145516640022">
      <ele>1723.1</ele></trkpt>
      <trkpt lat="46.13175217194319" lon="7.24820262630921">
      <ele>1723.2</ele></trkpt>
      <trkpt lat="46.13175302823018" lon="7.248288990190139">
      <ele>1723.4</ele></trkpt>
      <trkpt lat="46.13176060841851" lon="7.248404598332251">
      <ele>1723.5</ele></trkpt>
      <trkpt lat="46.13175448843279" lon="7.248466881442719">
      <ele>1723.7</ele></trkpt>
      <trkpt lat="46.13173795595745" lon="7.248537106446308">
      <ele>1723.9</ele></trkpt>
      <trkpt lat="46.131711879272785" lon="7.2486073905148505">
      <ele>1724.0</ele></trkpt>
      <trkpt lat="46.13166204436622" lon="7.2486931414789035">
      <ele>1724.2</ele></trkpt>
      <trkpt lat="46.13161338531024" lon="7.248772056497141">
      <ele>1724.3</ele></trkpt>
      <trkpt lat="46.1315861160098" lon="7.248828629293783">
      <ele>1724.5</ele></trkpt>
      <trkpt lat="46.13156240317372" lon="7.2488817867620225">
      <ele>1724.7</ele></trkpt>
      <trkpt lat="46.131545849580114" lon="7.24895030354276">
      <ele>1724.8</ele></trkpt>
      <trkpt lat="46.131523416810936" lon="7.249047953011295">
      <ele>1725.0</ele></trkpt>
      <trkpt lat="46.13150569584593" lon="7.249128468011414">
      <ele>1725.1</ele></trkpt>
      <trkpt lat="46.131476131212175" lon="7.249243247165659">
      <ele>1725.3</ele></trkpt>
      <trkpt lat="46.131431166769424" lon="7.249390620632154">
      <ele>1725.5</ele></trkpt>
      <trkpt lat="46.13140042307025" lon="7.249510540265255">
      <ele>1725.6</ele></trkpt>
      <trkpt lat="46.13137799474455" lon="7.249621878442194">
      <ele>1725.8</ele></trkpt>
      <trkpt lat="46.131351952525485" lon="7.249702408906182">
      <ele>1725.9</ele></trkpt>
      <trkpt lat="46.131325838287474" lon="7.249745300704403">
      <ele>1726.1</ele></trkpt>
      <trkpt lat="46.13129019819664" lon="7.249783075800108">
      <ele>1726.5</ele></trkpt>
      <trkpt lat="46.13123199579639" lon="7.249841475606333">
      <ele>1726.9</ele></trkpt>
      <trkpt lat="46.131180903492435" lon="7.249891298207207">
      <ele>1727.3</ele></trkpt>
      <trkpt lat="46.13113339379193" lon="7.249947939967303">
      <ele>1727.7</ele></trkpt>
      <trkpt lat="46.13106587215546" lon="7.250011857642922">
      <ele>1728.1</ele></trkpt>
      <trkpt lat="46.13103016794884" lon="7.2500489986103185">
      <ele>1728.6</ele></trkpt>
      <trkpt lat="46.13099552478018" lon="7.250091272518219">
      <ele>1729.0</ele></trkpt>
      <trkpt lat="46.130958748604286" lon="7.250159858050529">
      <ele>1729.4</ele></trkpt>
      <trkpt lat="46.13090538988857" lon="7.250274730546538">
      <ele>1729.8</ele></trkpt>
      <trkpt lat="46.13087811985846" lon="7.250331314797214">
      <ele>1730.2</ele></trkpt>
      <trkpt lat="46.13084843700162" lon="7.250375913192483">
      <ele>1730.6</ele></trkpt>
      <trkpt lat="46.13081638218816" lon="7.2504222405568886">
      <ele>1731.0</ele></trkpt>
      <trkpt lat="46.130709439467516" lon="7.250527916669338">
      <ele>1731.4</ele></trkpt>
      <trkpt lat="46.13061825396804" lon="7.250615669903273">
      <ele>1731.8</ele></trkpt>
      <trkpt lat="46.13053883795433" lon="7.250716269132716">
      <ele>1732.2</ele></trkpt>
      <trkpt lat="46.130489266390995" lon="7.250809869120254">
      <ele>1732.7</ele></trkpt>
      <trkpt lat="46.13042348603965" lon="7.250974557275687">
      <ele>1733.1</ele></trkpt>
      <trkpt lat="46.13038968153285" lon="7.251034527154646">
      <ele>1733.5</ele></trkpt>
      <trkpt lat="46.13033776545983" lon="7.251108623362417">
      <ele>1733.9</ele></trkpt>
      <trkpt lat="46.13024890036108" lon="7.251212630751793">
      <ele>1734.3</ele></trkpt>
      <trkpt lat="46.13017509455177" lon="7.251284628070092">
      <ele>1734.7</ele></trkpt>
      <trkpt lat="46.13015567147772" lon="7.251294437413488">
      <ele>1735.0</ele></trkpt>
      <trkpt lat="46.13011844314045" lon="7.251313222465129">
      <ele>1735.4</ele></trkpt>
      <trkpt lat="46.13005607027239" lon="7.251341642357023">
      <ele>1735.8</ele></trkpt>
      <trkpt lat="46.13002398045499" lon="7.2513562564701">
      <ele>1736.2</ele></trkpt>
      <trkpt lat="46.129952883918264" lon="7.251402160132238">
      <ele>1736.5</ele></trkpt>
      <trkpt lat="46.129870541038265" lon="7.251501175598965">
      <ele>1736.9</ele></trkpt>
      <trkpt lat="46.12977429931615" lon="7.251686692692044">
      <ele>1737.3</ele></trkpt>
      <trkpt lat="46.12969805761558" lon="7.251819804995536">
      <ele>1737.6</ele></trkpt>
      <trkpt lat="46.129618813147495" lon="7.251943184619766">
      <ele>1738.0</ele></trkpt>
      <trkpt lat="46.129549558858635" lon="7.252037095029674">
      <ele>1738.4</ele></trkpt>
      <trkpt lat="46.12950834309982" lon="7.252081717889202">
      <ele>1738.7</ele></trkpt>
      <trkpt lat="46.1294735060587" lon="7.252121441140064">
      <ele>1739.1</ele></trkpt>
      <trkpt lat="46.12943232887247" lon="7.252151314073956">
      <ele>1739.5</ele></trkpt>
      <trkpt lat="46.129361017299715" lon="7.252187034503326">
      <ele>1739.8</ele></trkpt>
      <trkpt lat="46.12927385876792" lon="7.252235579031283">
      <ele>1740.2</ele></trkpt>
      <trkpt lat="46.12926046980686" lon="7.2522497404016315">
      <ele>1740.6</ele></trkpt>
      <trkpt lat="46.12924830180895" lon="7.252273329588677">
      <ele>1741.0</ele></trkpt>
      <trkpt lat="46.12922809941645" lon="7.252328787243627">
      <ele>1741.3</ele></trkpt>
      <trkpt lat="46.129198698278785" lon="7.252391948628597">
      <ele>1741.7</ele></trkpt>
      <trkpt lat="46.129164765884674" lon="7.252434825300493">
      <ele>1742.4</ele></trkpt>
      <trkpt lat="46.129124106057716" lon="7.252456635545544">
      <ele>1743.2</ele></trkpt>
      <trkpt lat="46.12900844827761" lon="7.252493489912553">
      <ele>1743.9</ele></trkpt>
      <trkpt lat="46.12894377140034" lon="7.2525213852669435">
      <ele>1744.6</ele></trkpt>
      <trkpt lat="46.128882818036004" lon="7.252559812473139">
      <ele>1745.4</ele></trkpt>
      <trkpt lat="46.128787998224865" lon="7.252648438610219">
      <ele>1746.1</ele></trkpt>
      <trkpt lat="46.12873655954364" lon="7.252690779283289">
      <ele>1746.8</ele></trkpt>
      <trkpt lat="46.12866251566584" lon="7.252733481506112">
      <ele>1747.6</ele></trkpt>
      <trkpt lat="46.12855208119444" lon="7.252784898422342">
      <ele>1748.3</ele></trkpt>
      <trkpt lat="46.12836451587399" lon="7.252856282335442">
      <ele>1749.1</ele></trkpt>
      <trkpt lat="46.12827882704268" lon="7.2529016112744">
      <ele>1749.8</ele></trkpt>
      <trkpt lat="46.12818815190469" lon="7.252961667551426">
      <ele>1750.5</ele></trkpt>
      <trkpt lat="46.128028701452706" lon="7.2530846937303455">
      <ele>1751.3</ele></trkpt>
      <trkpt lat="46.12792804329594" lon="7.253173415032311">
      <ele>1752.0</ele></trkpt>
      <trkpt lat="46.12774382593697" lon="7.253366479351326">
      <ele>1752.7</ele></trkpt>
      <trkpt lat="46.127674898517235" lon="7.253430044268833">
      <ele>1753.5</ele></trkpt>
      <trkpt lat="46.12760481230097" lon="7.253505593425073">
      <ele>1754.2</ele></trkpt>
      <trkpt lat="46.12753119188006" lon="7.25359827114995">
      <ele>1754.9</ele></trkpt>
      <trkpt lat="46.127461104391266" lon="7.253684092538048">
      <ele>1755.7</ele></trkpt>
      <trkpt lat="46.12741121517807" lon="7.253739014459602">
      <ele>1756.4</ele></trkpt>
      <trkpt lat="46.12737794638025" lon="7.253769945035161">
      <ele>1757.1</ele></trkpt>
      <trkpt lat="46.12732920592994" lon="7.253795791654775">
      <ele>1757.8</ele></trkpt>
      <trkpt lat="46.12728163826931" lon="7.253818205741693">
      <ele>1758.5</ele></trkpt>
      <trkpt lat="46.127237624973944" lon="7.253830322217684">
      <ele>1759.2</ele></trkpt>
      <trkpt lat="46.12719243270246" lon="7.253847591899434">
      <ele>1760.0</ele></trkpt>
      <trkpt lat="46.127147237044404" lon="7.253868290071147">
      <ele>1760.7</ele></trkpt>
      <trkpt lat="46.12710919897077" lon="7.2538872432616195">
      <ele>1761.4</ele></trkpt>
      <trkpt lat="46.127068775909265" lon="7.2539164770661655">
      <ele>1762.1</ele></trkpt>
      <trkpt lat="46.127030763036906" lon="7.253950838953173">
      <ele>1762.8</ele></trkpt>
      <trkpt lat="46.12687149696582" lon="7.254066238702652">
      <ele>1763.5</ele></trkpt>
      <trkpt lat="46.12672254558126" lon="7.2541962742313375">
      <ele>1764.2</ele></trkpt>
      <trkpt lat="46.12670936905626" lon="7.254208467216028">
      <ele>1764.9</ele></trkpt>
      <trkpt lat="46.12671879747912" lon="7.254220156880909">
      <ele>1765.6</ele></trkpt>
      <trkpt lat="46.126720943237366" lon="7.254234122306087">
      <ele>1766.3</ele></trkpt>
      <trkpt lat="46.12671502325182" lon="7.254244570059543">
      <ele>1767.0</ele></trkpt>
      <trkpt lat="46.126696169136615" lon="7.254277935276209">
      <ele>1767.8</ele></trkpt>
      <trkpt lat="46.126679359792014" lon="7.254307502832916">
      <ele>1768.5</ele></trkpt>
      <trkpt lat="46.12666840649859" lon="7.254337050599141">
      <ele>1769.2</ele></trkpt>
      <trkpt lat="46.126657462593386" lon="7.254361332699655">
      <ele>1769.9</ele></trkpt>
      <trkpt lat="46.1266538306586" lon="7.254379250662527">
      <ele>1770.6</ele></trkpt>
      <trkpt lat="46.12665971596218" lon="7.254397149437368">
      <ele>1771.2</ele></trkpt>
      <trkpt lat="46.126673664677334" lon="7.254417142777104">
      <ele>1771.8</ele></trkpt>
      <trkpt lat="46.1266913014945" lon="7.254437097806065">
      <ele>1772.4</ele></trkpt>
      <trkpt lat="46.126704523257146" lon="7.254458128633066">
      <ele>1773.1</ele></trkpt>
      <trkpt lat="46.126723609685556" lon="7.254484418250352">
      <ele>1773.7</ele></trkpt>
      <trkpt lat="46.12672730390022" lon="7.254499154723214">
      <ele>1774.3</ele></trkpt>
      <trkpt lat="46.12672220228271" lon="7.254514994693583">
      <ele>1774.9</ele></trkpt>
      <trkpt lat="46.12671636512947" lon="7.254526606526791">
      <ele>1775.5</ele></trkpt>
      <trkpt lat="46.12672590469316" lon="7.25454027533559">
      <ele>1776.1</ele></trkpt>
      <trkpt lat="46.12673616296078" lon="7.254542336639734">
      <ele>1776.8</ele></trkpt>
      <trkpt lat="46.126747898238555" lon="7.254545466789754">
      <ele>1777.4</ele></trkpt>
      <trkpt lat="46.126748662946824" lon="7.254567587623285">
      <ele>1778.0</ele></trkpt>
      <trkpt lat="46.1267509115364" lon="7.2545949949606">
      <ele>1778.6</ele></trkpt>
      <trkpt lat="46.12675167320947" lon="7.254609741334985">
      <ele>1779.2</ele></trkpt>
      <trkpt lat="46.126745826659516" lon="7.254626631764306">
      <ele>1779.8</ele></trkpt>
      <trkpt lat="46.12675098197413" lon="7.2546382065365025">
      <ele>1780.4</ele></trkpt>
      <trkpt lat="46.12675908526998" lon="7.254659254686768">
      <ele>1781.1</ele></trkpt>
      <trkpt lat="46.12675397078313" lon="7.254678251486013">
      <ele>1781.7</ele></trkpt>
      <trkpt lat="46.12675254614826" lon="7.254698283798883">
      <ele>1782.3</ele></trkpt>
      <trkpt lat="46.12676281301335" lon="7.254705623674637">
      <ele>1782.9</ele></trkpt>
      <trkpt lat="46.126776748722854" lon="7.254706624668098">
      <ele>1783.4</ele></trkpt>
      <trkpt lat="46.126786281414624" lon="7.2547160888015485">
      <ele>1783.9</ele></trkpt>
      <trkpt lat="46.12679874530064" lon="7.254719203599109">
      <ele>1784.3</ele></trkpt>
      <trkpt lat="46.12681339034172" lon="7.254713875679483">
      <ele>1784.8</ele></trkpt>
      <trkpt lat="46.12683535339421" lon="7.2546948350237885">
      <ele>1785.3</ele></trkpt>
      <trkpt lat="46.12685143856315" lon="7.254678983896923">
      <ele>1785.8</ele></trkpt>
      <trkpt lat="46.12686827891488" lon="7.254668382920193">
      <ele>1786.3</ele></trkpt>
      <trkpt lat="46.12688733517667" lon="7.254665148957752">
      <ele>1786.7</ele></trkpt>
      <trkpt lat="46.12691004876984" lon="7.254665072404269">
      <ele>1787.2</ele></trkpt>
      <trkpt lat="46.1269334896825" lon="7.254658666858243">
      <ele>1787.7</ele></trkpt>
      <trkpt lat="46.126961330700745" lon="7.254658573019979">
      <ele>1788.2</ele></trkpt>
      <trkpt lat="46.12698552986322" lon="7.25466481800369">
      <ele>1788.7</ele></trkpt>
      <trkpt lat="46.127003124612415" lon="7.254670024357899">
      <ele>1789.1</ele></trkpt>
      <trkpt lat="46.12701850730213" lon="7.254664706856693">
      <ele>1789.6</ele></trkpt>
      <trkpt lat="46.1270360917416" lon="7.254663586695734">
      <ele>1790.1</ele></trkpt>
      <trkpt lat="46.127052957877964" lon="7.2546688084477875">
      <ele>1790.6</ele></trkpt>
      <trkpt lat="46.12707347657368" lon="7.254668739293103">
      <ele>1791.1</ele></trkpt>
      <trkpt lat="46.12709252729806" lon="7.254667627128196">
      <ele>1791.5</ele></trkpt>
      <trkpt lat="46.12710794433146" lon="7.254683385101937">
      <ele>1792.0</ele></trkpt>
      <trkpt lat="46.127127029396036" lon="7.254703348433089">
      <ele>1792.5</ele></trkpt>
      <trkpt lat="46.127146848651094" lon="7.254721200449243">
      <ele>1793.5</ele></trkpt>
      <trkpt lat="46.1271651823383" lon="7.254732730915318">
      <ele>1794.5</ele></trkpt>
      <trkpt lat="46.127182775356516" lon="7.254736876417168">
      <ele>1795.6</ele></trkpt>
      <trkpt lat="46.127209898465026" lon="7.254737845934766">
      <ele>1796.6</ele></trkpt>
      <trkpt lat="46.12723553771563" lon="7.254733541836924">
      <ele>1797.6</ele></trkpt>
      <trkpt lat="46.127271426673786" lon="7.254726046380096">
      <ele>1798.7</ele></trkpt>
      <trkpt lat="46.12730294684538" lon="7.254725940179436">
      <ele>1799.7</ele></trkpt>
      <trkpt lat="46.12734619629159" lon="7.254736325836335">
      <ele>1800.7</ele></trkpt>
      <trkpt lat="46.127372605795784" lon="7.254752046870962">
      <ele>1801.7</ele></trkpt>
      <trkpt lat="46.127416632797676" lon="7.254781422671651">
      <ele>1802.8</ele></trkpt>
      <trkpt lat="46.12745842071669" lon="7.254800248785925">
      <ele>1803.8</ele></trkpt>
      <trkpt lat="46.1275119515934" lon="7.254815878548261">
      <ele>1804.8</ele></trkpt>
      <trkpt lat="46.127556686592015" lon="7.254832585926944">
      <ele>1805.8</ele></trkpt>
      <trkpt lat="46.127580151148194" lon="7.25484622105039">
      <ele>1806.8</ele></trkpt>
      <trkpt lat="46.12761830403383" lon="7.254875590938529">
      <ele>1807.9</ele></trkpt>
      <trkpt lat="46.127657199721334" lon="7.254908141086627">
      <ele>1808.9</ele></trkpt>
      <trkpt lat="46.12769684159723" lon="7.254945954492301">
      <ele>1809.9</ele></trkpt>
      <trkpt lat="46.12771811292609" lon="7.254960632111606">
      <ele>1811.0</ele></trkpt>
      <trkpt lat="46.12773058368947" lon="7.2549679776885245">
      <ele>1812.0</ele></trkpt>
      <trkpt lat="46.127740855673615" lon="7.254978474577617">
      <ele>1813.0</ele></trkpt>
      <trkpt lat="46.1277496549821" lon="7.254979505878874">
      <ele>1814.2</ele></trkpt>
      <trkpt lat="46.12776063544418" lon="7.25497208138773">
      <ele>1815.3</ele></trkpt>
      <trkpt lat="46.12778847475983" lon="7.254970939742481">
      <ele>1816.5</ele></trkpt>
      <trkpt lat="46.12781999150221" lon="7.254968724812447">
      <ele>1817.7</ele></trkpt>
      <trkpt lat="46.12783685587865" lon="7.254972872891751">
      <ele>1818.9</ele></trkpt>
      <trkpt lat="46.12785664339996" lon="7.254982302751667">
      <ele>1820.0</ele></trkpt>
      <trkpt lat="46.12787060312222" lon="7.254998065937547">
      <ele>1821.2</ele></trkpt>
      <trkpt lat="46.1278860385337" lon="7.255030682299894">
      <ele>1822.4</ele></trkpt>
      <trkpt lat="46.12791828906691" lon="7.255031634728612">
      <ele>1823.6</ele></trkpt>
      <trkpt lat="46.127943201421665" lon="7.255028394069988">
      <ele>1824.8</ele></trkpt>
      <trkpt lat="46.127987901683056" lon="7.2550292916822565">
      <ele>1825.9</ele></trkpt>
      <trkpt lat="46.128017953457274" lon="7.255033408372425">
      <ele>1827.1</ele></trkpt>
      <trkpt lat="46.1280538771459" lon="7.255041723096827">
      <ele>1828.3</ele></trkpt>
      <trkpt lat="46.12808613751454" lon="7.255054254998466">
      <ele>1829.5</ele></trkpt>
      <trkpt lat="46.12812501644143" lon="7.255070995380155">
      <ele>1830.6</ele></trkpt>
      <trkpt lat="46.12814265913307" lon="7.25510570044893">
      <ele>1831.8</ele></trkpt>
      <trkpt lat="46.128155909920025" lon="7.255144663969124">
      <ele>1833.0</ele></trkpt>
      <trkpt lat="46.12815886641936" lon="7.255159403352839">
      <ele>1834.2</ele></trkpt>
      <trkpt lat="46.12817658448367" lon="7.255240516847179">
      <ele>1835.3</ele></trkpt>
      <trkpt lat="46.12818258475685" lon="7.255323752766709">
      <ele>1836.5</ele></trkpt>
      <trkpt lat="46.12818042580154" lon="7.255345896947721">
      <ele>1837.0</ele></trkpt>
      <trkpt lat="46.12818328200345" lon="7.255376446931288">
      <ele>1837.5</ele></trkpt>
      <trkpt lat="46.1281885725924" lon="7.255404905726642">
      <ele>1838.1</ele></trkpt>
      <trkpt lat="46.128193029523956" lon="7.255440716115364">
      <ele>1838.6</ele></trkpt>
      <trkpt lat="46.12819086712395" lon="7.255460751411862">
      <ele>1839.1</ele></trkpt>
      <trkpt lat="46.12818796366932" lon="7.25547868029799">
      <ele>1839.7</ele></trkpt>
      <trkpt lat="46.12819750996131" lon="7.255496567410393">
      <ele>1840.2</ele></trkpt>
      <trkpt lat="46.128208521701005" lon="7.255502857152205">
      <ele>1840.7</ele></trkpt>
      <trkpt lat="46.12822904892025" lon="7.255508041116487">
      <ele>1841.2</ele></trkpt>
      <trkpt lat="46.12825764685106" lon="7.2555142848021">
      <ele>1841.8</ele></trkpt>
      <trkpt lat="46.12827817581166" lon="7.255520542626028">
      <ele>1842.3</ele></trkpt>
      <trkpt lat="46.12828845118635" lon="7.255533161550265">
      <ele>1842.8</ele></trkpt>
      <trkpt lat="46.1283009509525" lon="7.255558413478805">
      <ele>1843.3</ele></trkpt>
      <trkpt lat="46.12831050450714" lon="7.2555752396986355">
      <ele>1843.8</ele></trkpt>
      <trkpt lat="46.12833325057802" lon="7.255595191503976">
      <ele>1844.4</ele></trkpt>
      <trkpt lat="46.128353803446274" lon="7.2556161986617695">
      <ele>1844.9</ele></trkpt>
      <trkpt lat="46.12837290415944" lon="7.255640367588921">
      <ele>1845.4</ele></trkpt>
      <trkpt lat="46.128381709838756" lon="7.255650882581559">
      <ele>1846.0</ele></trkpt>
      <trkpt lat="46.1283927001819" lon="7.255655076482098">
      <ele>1846.5</ele></trkpt>
      <trkpt lat="46.12840884103732" lon="7.255662397067329">
      <ele>1847.0</ele></trkpt>
      <trkpt lat="46.12843379440414" lon="7.255684450451296">
      <ele>1847.6</ele></trkpt>
      <trkpt lat="46.12845506222109" lon="7.255697019662226">
      <ele>1848.2</ele></trkpt>
      <trkpt lat="46.128471912923324" lon="7.255692745372902">
      <ele>1848.7</ele></trkpt>
      <trkpt lat="46.12849535605793" lon="7.255682122262901">
      <ele>1849.3</ele></trkpt>
      <trkpt lat="46.1285165846041" lon="7.255670458582101">
      <ele>1849.9</ele></trkpt>
      <trkpt lat="46.1285515545161" lon="7.255656445846329">
      <ele>1850.5</ele></trkpt>
      <trkpt lat="46.12855690829656" lon="7.2556850857821225">
      <ele>1851.0</ele></trkpt>
      <trkpt lat="46.12855992790725" lon="7.255738820516204">
      <ele>1851.6</ele></trkpt>
      <trkpt lat="46.12855852869383" lon="7.255774663732609">
      <ele>1852.2</ele></trkpt>
      <trkpt lat="46.128559730042625" lon="7.255794377367707">
      <ele>1852.8</ele></trkpt>
      <trkpt lat="46.1285607833327" lon="7.255811542694419">
      <ele>1853.3</ele></trkpt>
      <trkpt lat="46.12855644770514" lon="7.255850565576562">
      <ele>1853.9</ele></trkpt>
      <trkpt lat="46.128553564672664" lon="7.255881147950812">
      <ele>1854.5</ele></trkpt>
      <trkpt lat="46.12854479096468" lon="7.255895926753537">
      <ele>1855.0</ele></trkpt>
      <trkpt lat="46.12854065183703" lon="7.2559007535814795">
      <ele>1855.6</ele></trkpt>
      <trkpt lat="46.12852578335534" lon="7.255918127459939">
      <ele>1856.2</ele></trkpt>
      <trkpt lat="46.12850527783527" lon="7.255931897533795">
      <ele>1856.8</ele></trkpt>
      <trkpt lat="46.128486245856145" lon="7.255944601742801">
      <ele>1857.3</ele></trkpt>
      <trkpt lat="46.12847528749987" lon="7.255965727486246">
      <ele>1857.9</ele></trkpt>
      <trkpt lat="46.128467997104536" lon="7.255991045821634">
      <ele>1858.5</ele></trkpt>
      <trkpt lat="46.12844825478078" lon="7.256020623622051">
      <ele>1859.2</ele></trkpt>
      <trkpt lat="46.12842560255971" lon="7.256058646753321">
      <ele>1860.0</ele></trkpt>
      <trkpt lat="46.1284080658065" lon="7.256089265112804">
      <ele>1860.7</ele></trkpt>
      <trkpt lat="46.12839932152461" lon="7.256116697165727">
      <ele>1861.4</ele></trkpt>
      <trkpt lat="46.12839779858109" lon="7.256142850074436">
      <ele>1862.2</ele></trkpt>
      <trkpt lat="46.12839717726003" lon="7.256153590740201">
      <ele>1862.9</ele></trkpt>
      <trkpt lat="46.12839795750736" lon="7.256179955894893">
      <ele>1863.6</ele></trkpt>
      <trkpt lat="46.12839802903174" lon="7.256224216753968">
      <ele>1864.4</ele></trkpt>
      <trkpt lat="46.128398366387415" lon="7.256238149915641">
      <ele>1865.1</ele></trkpt>
      <trkpt lat="46.128399597440236" lon="7.25628743980616">
      <ele>1865.8</ele></trkpt>
      <trkpt lat="46.12840038226292" lon="7.256322227624974">
      <ele>1866.6</ele></trkpt>
      <trkpt lat="46.128399217518634" lon="7.256330693005784">
      <ele>1867.3</ele></trkpt>
      <trkpt lat="46.128398212916665" lon="7.256338058116433">
      <ele>1868.1</ele></trkpt>
      <trkpt lat="46.12839489035365" lon="7.256341640117104">
      <ele>1868.8</ele></trkpt>
      <trkpt lat="46.128389430625674" lon="7.256347558105052">
      <ele>1869.5</ele></trkpt>
      <trkpt lat="46.12838357921137" lon="7.256356026196703">
      <ele>1870.3</ele></trkpt>
      <trkpt lat="46.12837629722944" lon="7.256386610196752">
      <ele>1871.0</ele></trkpt>
      <trkpt lat="46.128375512226825" lon="7.25639070124261">
      <ele>1871.7</ele></trkpt>
      <trkpt lat="46.128366858278675" lon="7.256435133528149">
      <ele>1872.5</ele></trkpt>
      <trkpt lat="46.1283637585191" lon="7.256448573571537">
      <ele>1873.2</ele></trkpt>
      <trkpt lat="46.12835884543062" lon="7.256469924813487">
      <ele>1873.6</ele></trkpt>
      <trkpt lat="46.12834718553998" lon="7.256507911017266">
      <ele>1874.1</ele></trkpt>
      <trkpt lat="46.12833405377863" lon="7.256548011016046">
      <ele>1874.5</ele></trkpt>
      <trkpt lat="46.128333362537155" lon="7.256571198295153">
      <ele>1875.0</ele></trkpt>
      <trkpt lat="46.128335610619814" lon="7.2565985935728605">
      <ele>1875.4</ele></trkpt>
      <trkpt lat="46.128330531980474" lon="7.25663444888772">
      <ele>1875.8</ele></trkpt>
      <trkpt lat="46.12832617738327" lon="7.256661879117224">
      <ele>1876.3</ele></trkpt>
      <trkpt lat="46.128328416936334" lon="7.256683995702342">
      <ele>1876.7</ele></trkpt>
      <trkpt lat="46.12832917444946" lon="7.25670191236534">
      <ele>1877.2</ele></trkpt>
      <trkpt lat="46.12832114166219" lon="7.256718797406192">
      <ele>1877.6</ele></trkpt>
      <trkpt lat="46.128313861291254" lon="7.2567504422363305">
      <ele>1878.0</ele></trkpt>
      <trkpt lat="46.128311637641104" lon="7.256766104671922">
      <ele>1878.5</ele></trkpt>
      <trkpt lat="46.12830951175117" lon="7.256781029312397">
      <ele>1878.9</ele></trkpt>
      <trkpt lat="46.12831029911788" lon="7.256806320552414">
      <ele>1879.4</ele></trkpt>
      <trkpt lat="46.12831033987456" lon="7.256831627217998">
      <ele>1879.8</ele></trkpt>
      <trkpt lat="46.12830449976212" lon="7.256852722730975">
      <ele>1880.2</ele></trkpt>
      <trkpt lat="46.128290615974834" lon="7.256872784106195">
      <ele>1880.7</ele></trkpt>
      <trkpt lat="46.12826499532421" lon="7.256888692630309">
      <ele>1881.1</ele></trkpt>
      <trkpt lat="46.12825473945625" lon="7.256899271269436">
      <ele>1881.6</ele></trkpt>
      <trkpt lat="46.12825184645551" lon="7.2569182480443795">
      <ele>1882.0</ele></trkpt>
      <trkpt lat="46.12826578333521" lon="7.256925576321164">
      <ele>1884.5</ele></trkpt>
      <trkpt lat="46.128289249805555" lon="7.2569349688396745">
      <ele>1887.0</ele></trkpt>
      <trkpt lat="46.12829807454162" lon="7.256951810660131">
      <ele>1889.5</ele></trkpt>
      <trkpt lat="46.1283047067261" lon="7.256981300244814">
      <ele>1891.9</ele></trkpt>
      <trkpt lat="46.12831134842212" lon="7.257005524023571">
      <ele>1894.4</ele></trkpt>
      <trkpt lat="46.12830772457963" lon="7.257028733982271">
      <ele>1896.9</ele></trkpt>
      <trkpt lat="46.12829531161837" lon="7.257057238956782">
      <ele>1899.4</ele></trkpt>
      <trkpt lat="46.12824634098917" lon="7.257147398747307">
      <ele>1901.9</ele></trkpt>
      <trkpt lat="46.12820720167231" lon="7.25724270090819">
      <ele>1904.4</ele></trkpt>
      <trkpt lat="46.12828641722608" lon="7.257316055055414">
      <ele>1906.8</ele></trkpt>
      <trkpt lat="46.12836035348565" lon="7.257384510486888">
      <ele>1909.3</ele></trkpt>
      <trkpt lat="46.128311085966885" lon="7.257514054461775">
      <ele>1911.8</ele></trkpt>
      <trkpt lat="46.128326430178404" lon="7.257546348648041">
      <ele>1914.3</ele></trkpt>
      <trkpt lat="46.12845064049135" lon="7.257591219802665">
      <ele>1916.8</ele></trkpt>
      <trkpt lat="46.12852049781487" lon="7.257595594053413">
      <ele>1919.3</ele></trkpt>
      <trkpt lat="46.128623057189955" lon="7.257602020516141">
      <ele>1921.8</ele></trkpt>
      <trkpt lat="46.12874482395864" lon="7.25760965123792">
      <ele>1924.2</ele></trkpt>
      <trkpt lat="46.128694192644254" lon="7.257679814432887">
      <ele>1926.7</ele></trkpt>
      <trkpt lat="46.12863532167342" lon="7.257761390344068">
      <ele>1929.2</ele></trkpt>
      <trkpt lat="46.12862641530864" lon="7.257817053739653">
      <ele>1931.7</ele></trkpt>
      <trkpt lat="46.12867551452622" lon="7.2578854631417595">
      <ele>1933.0</ele></trkpt>
      <trkpt lat="46.128749596052195" lon="7.25798869707411">
      <ele>1934.2</ele></trkpt>
      <trkpt lat="46.128825120010305" lon="7.258093957806188">
      <ele>1935.5</ele></trkpt>
      <trkpt lat="46.12889688431661" lon="7.258193952481885">
      <ele>1936.8</ele></trkpt>
      <trkpt lat="46.128914957813656" lon="7.2582230165773485">
      <ele>1938.0</ele></trkpt>
      <trkpt lat="46.12893040411909" lon="7.258263035077986">
      <ele>1939.3</ele></trkpt>
      <trkpt lat="46.12894123106691" lon="7.258328311264857">
      <ele>1940.6</ele></trkpt>
      <trkpt lat="46.128942984077334" lon="7.258338875972703">
      <ele>1941.8</ele></trkpt>
      <trkpt lat="46.12895334721305" lon="7.258401022679191">
      <ele>1943.1</ele></trkpt>
      <trkpt lat="46.12897101077202" lon="7.2584494437640545">
      <ele>1944.3</ele></trkpt>
      <trkpt lat="46.12898280313737" lon="7.258488413497186">
      <ele>1945.6</ele></trkpt>
      <trkpt lat="46.12899456907663" lon="7.258522104549028">
      <ele>1946.9</ele></trkpt>
      <trkpt lat="46.1290063445972" lon="7.25855052973568">
      <ele>1948.1</ele></trkpt>
      <trkpt lat="46.12902249870045" lon="7.2585662739869825">
      <ele>1949.4</ele></trkpt>
      <trkpt lat="46.12904671892688" lon="7.258591501224832">
      <ele>1950.7</ele></trkpt>
      <trkpt lat="46.12906727064023" lon="7.258617775641592">
      <ele>1951.9</ele></trkpt>
      <trkpt lat="46.129085626957114" lon="7.2586324646719715">
      <ele>1953.2</ele></trkpt>
      <trkpt lat="46.129112030289626" lon="7.258650297042261">
      <ele>1954.5</ele></trkpt>
      <trkpt lat="46.12913038266002" lon="7.258668155975321">
      <ele>1955.7</ele></trkpt>
      <trkpt lat="46.12915240184472" lon="7.258683906837056">
      <ele>1957.0</ele></trkpt>
      <trkpt lat="46.12916927329539" lon="7.2587038666715324">
      <ele>1957.5</ele></trkpt>
      <trkpt lat="46.129192044614115" lon="7.258734364679899">
      <ele>1958.1</ele></trkpt>
      <trkpt lat="46.129217017543105" lon="7.258769073328526">
      <ele>1958.6</ele></trkpt>
      <trkpt lat="46.12923096436256" lon="7.258782716042796">
      <ele>1959.2</ele></trkpt>
      <trkpt lat="46.12926472419682" lon="7.2588163477908365">
      <ele>1959.7</ele></trkpt>
      <trkpt lat="46.12931462129185" lon="7.258855179366051">
      <ele>1960.3</ele></trkpt>
      <trkpt lat="46.12934105204341" lon="7.258884604528276">
      <ele>1960.8</ele></trkpt>
      <trkpt lat="46.129355732550565" lon="7.258901427704948">
      <ele>1961.4</ele></trkpt>
      <trkpt lat="46.129389499022295" lon="7.258939251588103">
      <ele>1961.9</ele></trkpt>
      <trkpt lat="46.12942398466262" lon="7.258965480433424">
      <ele>1962.5</ele></trkpt>
      <trkpt lat="46.129465808349835" lon="7.258995915987809">
      <ele>1963.0</ele></trkpt>
      <trkpt lat="46.129513497065155" lon="7.2590263193507525">
      <ele>1963.5</ele></trkpt>
      <trkpt lat="46.12960372574102" lon="7.259085060099718">
      <ele>1964.1</ele></trkpt>
      <trkpt lat="46.12966239625469" lon="7.25911437949091">
      <ele>1964.6</ele></trkpt>
      <trkpt lat="46.129731367470164" lon="7.2591668506364435">
      <ele>1965.2</ele></trkpt>
      <trkpt lat="46.129762162828534" lon="7.259180464062199">
      <ele>1965.7</ele></trkpt>
      <trkpt lat="46.129795148629874" lon="7.2591856085958035">
      <ele>1966.3</ele></trkpt>
      <trkpt lat="46.12984130067979" lon="7.2591717550941315">
      <ele>1966.8</ele></trkpt>
      <trkpt lat="46.12987206251403" lon="7.25916427905705">
      <ele>1967.4</ele></trkpt>
      <trkpt lat="46.12990943205338" lon="7.2591599382569285">
      <ele>1967.9</ele></trkpt>
      <trkpt lat="46.12993663608993" lon="7.259160909754474">
      <ele>1968.3</ele></trkpt>
      <trkpt lat="46.12997538466729" lon="7.25916393931812">
      <ele>1968.8</ele></trkpt>
      <trkpt lat="46.1300149681589" lon="7.259165918127053">
      <ele>1969.2</ele></trkpt>
      <trkpt lat="46.13002450778865" lon="7.259174322624432">
      <ele>1969.6</ele></trkpt>
      <trkpt lat="46.130033353969424" lon="7.259204867084169">
      <ele>1970.1</ele></trkpt>
      <trkpt lat="46.13004438161469" lon="7.25922695557732">
      <ele>1970.5</ele></trkpt>
      <trkpt lat="46.130053202659106" lon="7.259241689353662">
      <ele>1970.9</ele></trkpt>
      <trkpt lat="46.13007005453541" lon="7.259243729995442">
      <ele>1971.4</ele></trkpt>
      <trkpt lat="46.130089106975234" lon="7.25924366737572">
      <ele>1971.8</ele></trkpt>
      <trkpt lat="46.13011184632851" lon="7.259254137486055">
      <ele>1972.2</ele></trkpt>
      <trkpt lat="46.130138997246696" lon="7.259278294947084">
      <ele>1972.7</ele></trkpt>
      <trkpt lat="46.1301427093479" lon="7.259282034905464">
      <ele>1973.1</ele></trkpt>
      <trkpt lat="46.130158819133825" lon="7.259298258569879">
      <ele>1973.6</ele></trkpt>
      <trkpt lat="46.130180104964985" lon="7.259322422403541">
      <ele>1974.0</ele></trkpt>
      <trkpt lat="46.13019990447212" lon="7.25933396317744">
      <ele>1974.4</ele></trkpt>
      <trkpt lat="46.130218247300846" lon="7.259340216902763">
      <ele>1974.9</ele></trkpt>
      <trkpt lat="46.13023583516162" lon="7.25934122008402">
      <ele>1975.3</ele></trkpt>
      <trkpt lat="46.13024756464322" lon="7.2593464475213345">
      <ele>1975.7</ele></trkpt>
      <trkpt lat="46.13026372638572" lon="7.259372737217976">
      <ele>1976.2</ele></trkpt>
      <trkpt lat="46.13027035857428" lon="7.259396962186808">
      <ele>1976.6</ele></trkpt>
      <trkpt lat="46.13027553453657" lon="7.259427518870623">
      <ele>1977.2</ele></trkpt>
      <trkpt lat="46.130275571337954" lon="7.259450704546186">
      <ele>1977.8</ele></trkpt>
      <trkpt lat="46.13027559308386" lon="7.259464406348804">
      <ele>1978.4</ele></trkpt>
      <trkpt lat="46.130277823752586" lon="7.25948127083412">
      <ele>1979.0</ele></trkpt>
      <trkpt lat="46.130290289194576" lon="7.259485447870929">
      <ele>1979.6</ele></trkpt>
      <trkpt lat="46.13031227416354" lon="7.259485375709904">
      <ele>1980.2</ele></trkpt>
      <trkpt lat="46.13032765644542" lon="7.25948532522077">
      <ele>1980.8</ele></trkpt>
      <trkpt lat="46.1303415837608" lon="7.25948106155034">
      <ele>1981.4</ele></trkpt>
      <trkpt lat="46.13036866938259" lon="7.25946410080927">
      <ele>1982.0</ele></trkpt>
      <trkpt lat="46.13039132610227" lon="7.259428186706693">
      <ele>1982.7</ele></trkpt>
      <trkpt lat="46.13041179964099" lon="7.259399667647186">
      <ele>1983.3</ele></trkpt>
      <trkpt lat="46.13043084100768" lon="7.259386964164976">
      <ele>1983.9</ele></trkpt>
      <trkpt lat="46.13044696258354" lon="7.25938795924206">
      <ele>1984.5</ele></trkpt>
      <trkpt lat="46.130455036961344" lon="7.259402682666401">
      <ele>1985.1</ele></trkpt>
      <trkpt lat="46.13045582039323" lon="7.259425865966683">
      <ele>1985.7</ele></trkpt>
      <trkpt lat="46.13045663936001" lon="7.259482779938647">
      <ele>1986.3</ele></trkpt>
      <trkpt lat="46.130469833436536" lon="7.2594869545979">
      <ele>1986.9</ele></trkpt>
      <trkpt lat="46.1304822888595" lon="7.259484817670481">
      <ele>1987.5</ele></trkpt>
      <trkpt lat="46.13049399889379" lon="7.259472125328494">
      <ele>1988.1</ele></trkpt>
      <trkpt lat="46.13051155831477" lon="7.259455208747365">
      <ele>1988.7</ele></trkpt>
      <trkpt lat="46.13052034019033" lon="7.259450949008415">
      <ele>1989.6</ele></trkpt>
      <trkpt lat="46.13053136782899" lon="7.259473063625346">
      <ele>1990.5</ele></trkpt>
      <trkpt lat="46.130529945028876" lon="7.259500459233014">
      <ele>1991.4</ele></trkpt>
      <trkpt lat="46.13051975372615" lon="7.259540550463735">
      <ele>1992.4</ele></trkpt>
      <trkpt lat="46.130515405091515" lon="7.259572186571672">
      <ele>1993.3</ele></trkpt>
      <trkpt lat="46.13050811725104" lon="7.259599627284306">
      <ele>1994.2</ele></trkpt>
      <trkpt lat="46.1305103589477" lon="7.259629132781898">
      <ele>1995.1</ele></trkpt>
      <trkpt lat="46.130523596077204" lon="7.259649118261147">
      <ele>1996.0</ele></trkpt>
      <trkpt lat="46.13053091941774" lon="7.259655408264397">
      <ele>1996.9</ele></trkpt>
      <trkpt lat="46.13055439970688" lon="7.259667985187988">
      <ele>1997.8</ele></trkpt>
      <trkpt lat="46.13058004081453" lon="7.259664731161004">
      <ele>1998.8</ele></trkpt>
      <trkpt lat="46.13059833390394" lon="7.259650969222523">
      <ele>1999.7</ele></trkpt>
      <trkpt lat="46.13062833203755" lon="7.259621357935741">
      <ele>2000.6</ele></trkpt>
      <trkpt lat="46.1306518525224" lon="7.259596878609083">
      <ele>2001.5</ele></trkpt>
      <trkpt lat="46.13067808514475" lon="7.259569556810618">
      <ele>2002.4</ele></trkpt>
      <trkpt lat="46.13071028546844" lon="7.259538877243999">
      <ele>2003.3</ele></trkpt>
      <trkpt lat="46.13074467399026" lon="7.259503972471677">
      <ele>2004.3</ele></trkpt>
      <trkpt lat="46.13079139539789" lon="7.259463411808064">
      <ele>2005.2</ele></trkpt>
      <trkpt lat="46.13082145400296" lon="7.25946059602122">
      <ele>2006.1</ele></trkpt>
      <trkpt lat="46.13084092829005" lon="7.259448602668673">
      <ele>2007.0</ele></trkpt>
      <trkpt lat="46.13085469083214" lon="7.259425539646243">
      <ele>2007.9</ele></trkpt>
      <trkpt lat="46.130888779802575" lon="7.259405955052744">
      <ele>2008.8</ele></trkpt>
      <trkpt lat="46.130942339007134" lon="7.25938316239725">
      <ele>2009.7</ele></trkpt>
      <trkpt lat="46.13098848103962" lon="7.259362981793889">
      <ele>2010.7</ele></trkpt>
      <trkpt lat="46.13102216539177" lon="7.259349182032186">
      <ele>2011.6</ele></trkpt>
      <trkpt lat="46.131063179990896" lon="7.259329018215224">
      <ele>2012.5</ele></trkpt>
      <trkpt lat="46.131111517946486" lon="7.259315144392419">
      <ele>2013.4</ele></trkpt>
      <trkpt lat="46.13113277032192" lon="7.259318244551399">
      <ele>2014.3</ele></trkpt>
      <trkpt lat="46.13115113324986" lon="7.259337152370636">
      <ele>2015.2</ele></trkpt>
      <trkpt lat="46.131175322554924" lon="7.259348678935317">
      <ele>2016.2</ele></trkpt>
      <trkpt lat="46.131192173378956" lon="7.259344392621514">
      <ele>2017.1</ele></trkpt>
      <trkpt lat="46.13123903567615" lon="7.25931894346319">
      <ele>2018.0</ele></trkpt>
      <trkpt lat="46.13125735615442" lon="7.2593167871980215">
      <ele>2018.9</ele></trkpt>
      <trkpt lat="46.13127936455183" lon="7.259331465054773">
      <ele>2019.8</ele></trkpt>
      <trkpt lat="46.13130213507168" lon="7.259367230575535">
      <ele>2020.7</ele></trkpt>
      <trkpt lat="46.1313219820469" lon="7.259403005726696">
      <ele>2021.6</ele></trkpt>
      <trkpt lat="46.13134476926046" lon="7.259449303397626">
      <ele>2022.6</ele></trkpt>
      <trkpt lat="46.13135947707892" lon="7.259477720382189">
      <ele>2023.5</ele></trkpt>
      <trkpt lat="46.13137489112361" lon="7.259497686052002">
      <ele>2024.4</ele></trkpt>
      <trkpt lat="46.13139325905114" lon="7.259519763996938">
      <ele>2025.3</ele></trkpt>
      <trkpt lat="46.13141307462633" lon="7.259547116225503">
      <ele>2026.1</ele></trkpt>
      <trkpt lat="46.13143142750155" lon="7.259559710128796">
      <ele>2027.0</ele></trkpt>
      <trkpt lat="46.13144827833396" lon="7.259555423860012">
      <ele>2027.8</ele></trkpt>
      <trkpt lat="46.13146510849254" lon="7.259543775488094">
      <ele>2028.6</ele></trkpt>
      <trkpt lat="46.13149147386668" lon="7.259532095819135">
      <ele>2029.5</ele></trkpt>
      <trkpt lat="46.13152078681458" lon="7.259529890604327">
      <ele>2030.3</ele></trkpt>
      <trkpt lat="46.13155597255337" lon="7.259538211241905">
      <ele>2031.1</ele></trkpt>
      <trkpt lat="46.13159408745457" lon="7.259544400313183">
      <ele>2031.9</ele></trkpt>
      <trkpt lat="46.13163293938418" lon="7.259555878953879">
      <ele>2032.8</ele></trkpt>
      <trkpt lat="46.131654937716064" lon="7.259564229953431">
      <ele>2033.6</ele></trkpt>
      <trkpt lat="46.131680597231345" lon="7.259572581886969">
      <ele>2034.4</ele></trkpt>
      <trkpt lat="46.131704060808026" lon="7.259574613939226">
      <ele>2035.3</ele></trkpt>
      <trkpt lat="46.131743630295986" lon="7.259573436074882">
      <ele>2036.1</ele></trkpt>
      <trkpt lat="46.13178908154583" lon="7.259582771144949">
      <ele>2036.9</ele></trkpt>
      <trkpt lat="46.13181254782312" lon="7.259592178350737">
      <ele>2037.8</ele></trkpt>
      <trkpt lat="46.13184115490498" lon="7.2596100048469925">
      <ele>2038.6</ele></trkpt>
      <trkpt lat="46.13188298442678" lon="7.2596158583447">
      <ele>2039.4</ele></trkpt>
      <trkpt lat="46.13191255664813" lon="7.259635337888966">
      <ele>2040.2</ele></trkpt>
      <trkpt lat="46.13194812369879" lon="7.25962317512675">
      <ele>2041.1</ele></trkpt>
      <trkpt lat="46.132008562832134" lon="7.259650368573243">
      <ele>2041.9</ele></trkpt>
      <trkpt lat="46.1320513664175" lon="7.25966350353943">
      <ele>2043.3</ele></trkpt>
      <trkpt lat="46.13212678903281" lon="7.259649036321509">
      <ele>2044.8</ele></trkpt>
      <trkpt lat="46.13215893260951" lon="7.259644958652269">
      <ele>2046.2</ele></trkpt>
      <trkpt lat="46.13225033032694" lon="7.259618535132985">
      <ele>2047.7</ele></trkpt>
      <trkpt lat="46.13228230248177" lon="7.259597119768178">
      <ele>2049.1</ele></trkpt>
      <trkpt lat="46.13238279452489" lon="7.2595706015767325">
      <ele>2050.5</ele></trkpt>
      <trkpt lat="46.13247313773126" lon="7.259508883628874">
      <ele>2052.0</ele></trkpt>
      <trkpt lat="46.13252201090382" lon="7.259497815620662">
      <ele>2053.4</ele></trkpt>
      <trkpt lat="46.13254411131274" lon="7.259468449095564">
      <ele>2054.9</ele></trkpt>
      <trkpt lat="46.132572128807155" lon="7.259471850663979">
      <ele>2056.3</ele></trkpt>
      <trkpt lat="46.13259116959973" lon="7.25948712093491">
      <ele>2057.7</ele></trkpt>
      <trkpt lat="46.13267796386104" lon="7.259490484858883">
      <ele>2059.2</ele></trkpt>
      <trkpt lat="46.13277819478516" lon="7.259509176336209">
      <ele>2060.6</ele></trkpt>
      <trkpt lat="46.1328288898194" lon="7.259540801341931">
      <ele>2062.1</ele></trkpt>
      <trkpt lat="46.132894340065604" lon="7.259579701540357">
      <ele>2063.5</ele></trkpt>
      <trkpt lat="46.13293717598837" lon="7.259652938832401">
      <ele>2064.9</ele></trkpt>
      <trkpt lat="46.13294036791917" lon="7.259657677027016">
      <ele>2066.4</ele></trkpt>
      <trkpt lat="46.132955380787834" lon="7.259679947807721">
      <ele>2067.8</ele></trkpt>
      <trkpt lat="46.13295846575025" lon="7.259696655059195">
      <ele>2069.3</ele></trkpt>
      <trkpt lat="46.13294843951817" lon="7.259744459221025">
      <ele>2070.7</ele></trkpt>
      <trkpt lat="46.13289536938971" lon="7.2598261884639435">
      <ele>2073.2</ele></trkpt>
      <trkpt lat="46.132854590845994" lon="7.25987618940705">
      <ele>2075.7</ele></trkpt>
      <trkpt lat="46.13282743739445" lon="7.259890123187225">
      <ele>2078.3</ele></trkpt>
      <trkpt lat="46.13281154694495" lon="7.259910114387408">
      <ele>2080.8</ele></trkpt>
      <trkpt lat="46.13278654223924" lon="7.259928983839046">
      <ele>2083.3</ele></trkpt>
      <trkpt lat="46.1327562094057" lon="7.2599745252435595">
      <ele>2085.8</ele></trkpt>
      <trkpt lat="46.13271543276183" lon="7.260025768093602">
      <ele>2088.3</ele></trkpt>
      <trkpt lat="46.1327066711758" lon="7.260059930055435">
      <ele>2090.9</ele></trkpt>
      <trkpt lat="46.13270434301102" lon="7.260066678932642">
      <ele>2093.4</ele></trkpt>
      <trkpt lat="46.13268626376397" lon="7.260118999002764">
      <ele>2095.9</ele></trkpt>
      <trkpt lat="46.13266381445364" lon="7.260189525657697">
      <ele>2098.4</ele></trkpt>
      <trkpt lat="46.13262515375167" lon="7.260281946369144">
      <ele>2100.9</ele></trkpt>
      <trkpt lat="46.132565521152586" lon="7.260395112040484">
      <ele>2103.5</ele></trkpt>
      <trkpt lat="46.13253752024889" lon="7.260464893145098">
      <ele>2106.0</ele></trkpt>
      <trkpt lat="46.132518353295666" lon="7.260512105554247">
      <ele>2108.5</ele></trkpt>
      <trkpt lat="46.13250214583851" lon="7.260559308274087">
      <ele>2111.0</ele></trkpt>
      <trkpt lat="46.1324815093372" lon="7.260604468107867">
      <ele>2113.5</ele></trkpt>
      <trkpt lat="46.13231325567873" lon="7.260837711643912">
      <ele>2116.1</ele></trkpt>
      <trkpt lat="46.132342263721384" lon="7.260950367521016">
      <ele>2118.6</ele></trkpt>
      <trkpt lat="46.13220852595346" lon="7.261287183527892">
      <ele>2121.1</ele></trkpt>
      <trkpt lat="46.13207478718229" lon="7.261623997884275">
      <ele>2124.5</ele></trkpt>
      <trkpt lat="46.131780658192355" lon="7.261904101204142">
      <ele>2127.9</ele></trkpt>
      <trkpt lat="46.131486528515154" lon="7.26218420150488">
      <ele>2131.3</ele></trkpt>
      <trkpt lat="46.13143039765739" lon="7.262254097091985">
      <ele>2134.7</ele></trkpt>
      <trkpt lat="46.131135562392764" lon="7.262503304824388">
      <ele>2138.1</ele></trkpt>
      <trkpt lat="46.13100254350937" lon="7.2628541715875095">
      <ele>2141.5</ele></trkpt>
      <trkpt lat="46.13086952353712" lon="7.263205036640589">
      <ele>2144.9</ele></trkpt>
      <trkpt lat="46.130829594841316" lon="7.263229787195887">
      <ele>2148.3</ele></trkpt>
      <trkpt lat="46.13079408444432" lon="7.26323813028114">
      <ele>2151.7</ele></trkpt>
      <trkpt lat="46.13072604166652" lon="7.263260926811482">
      <ele>2155.1</ele></trkpt>
      <trkpt lat="46.13069201550292" lon="7.263269252153176">
      <ele>2158.6</ele></trkpt>
      <trkpt lat="46.13061951677807" lon="7.263290018621011">
      <ele>2162.0</ele></trkpt>
      <trkpt lat="46.13055004329252" lon="7.263341517349058">
      <ele>2165.4</ele></trkpt>
      <trkpt lat="46.13051159880331" lon="7.2633662499548315">
      <ele>2168.8</ele></trkpt>
      <trkpt lat="46.13049094529816" lon="7.263401172736733">
      <ele>2172.2</ele></trkpt>
      <trkpt lat="46.13048361516226" lon="7.263448331409494">
      <ele>2175.6</ele></trkpt>
      <trkpt lat="46.13047389592356" lon="7.263492094897619">
      <ele>2179.0</ele></trkpt>
      <trkpt lat="46.13045047260151" lon="7.2635391628467705">
      <ele>2182.4</ele></trkpt>
      <trkpt lat="46.13041967813307" lon="7.263560584342134">
      <ele>2185.8</ele></trkpt>
      <trkpt lat="46.13038886800462" lon="7.263577710272314">
      <ele>2189.2</ele></trkpt>
      <trkpt lat="46.13037493200417" lon="7.263593876371039">
      <ele>2190.3</ele></trkpt>
      <trkpt lat="46.13031210046054" lon="7.2636011293606275">
      <ele>2191.5</ele></trkpt>
      <trkpt lat="46.13030740049528" lon="7.263638976631757">
      <ele>2192.6</ele></trkpt>
      <trkpt lat="46.13026655110179" lon="7.263696580414333">
      <ele>2193.7</ele></trkpt>
      <trkpt lat="46.130234119419534" lon="7.263735422204473">
      <ele>2194.9</ele></trkpt>
      <trkpt lat="46.13020534564105" lon="7.26373731285695">
      <ele>2196.0</ele></trkpt>
      <trkpt lat="46.13017680617383" lon="7.263751093217487">
      <ele>2197.1</ele></trkpt>
      <trkpt lat="46.13017112796881" lon="7.263773016251333">
      <ele>2198.3</ele></trkpt>
      <trkpt lat="46.13018831104124" lon="7.2638030949219194">
      <ele>2199.4</ele></trkpt>
      <trkpt lat="46.13020737993331" lon="7.263819465716498">
      <ele>2200.6</ele></trkpt>
      <trkpt lat="46.13024098881378" lon="7.263849530636291">
      <ele>2201.7</ele></trkpt>
      <trkpt lat="46.13025574000565" lon="7.263900875104999">
      <ele>2202.8</ele></trkpt>
      <trkpt lat="46.130273422768916" lon="7.263945792722824">
      <ele>2204.0</ele></trkpt>
      <trkpt lat="46.13030429678756" lon="7.2639757371231735">
      <ele>2205.1</ele></trkpt>
      <trkpt lat="46.130339588533644" lon="7.264012097865502">
      <ele>2206.2</ele></trkpt>
      <trkpt lat="46.130360204729726" lon="7.264063436650462">
      <ele>2207.4</ele></trkpt>
      <trkpt lat="46.13037787990229" lon="7.264097667209281">
      <ele>2208.5</ele></trkpt>
      <trkpt lat="46.1304029227822" lon="7.264155422360866">
      <ele>2209.6</ele></trkpt>
      <trkpt lat="46.13043232900344" lon="7.264196058874426">
      <ele>2210.8</ele></trkpt>
      <trkpt lat="46.130450030578" lon="7.2642474071281935">
      <ele>2211.9</ele></trkpt>
      <trkpt lat="46.13045426993179" lon="7.264330549599738">
      <ele>2213.1</ele></trkpt>
      <trkpt lat="46.13043631661699" lon="7.26441328419721">
      <ele>2214.2</ele></trkpt>
      <trkpt lat="46.13043834073248" lon="7.2644833269878575">
      <ele>2215.4</ele></trkpt>
      <trkpt lat="46.13041944062502" lon="7.264564667168312">
      <ele>2216.5</ele></trkpt>
      <trkpt lat="46.13037850399631" lon="7.264571823343944">
      <ele>2217.7</ele></trkpt>
      <trkpt lat="46.13032988556675" lon="7.264538390011858">
      <ele>2218.8</ele></trkpt>
      <trkpt lat="46.130283232495735" lon="7.264542769711929">
      <ele>2220.0</ele></trkpt>
      <trkpt lat="46.13024708077419" lon="7.264561128298853">
      <ele>2221.1</ele></trkpt>
      <trkpt lat="46.13017846321792" lon="7.264526361496384">
      <ele>2222.3</ele></trkpt>
      <trkpt lat="46.13013752445755" lon="7.264532133259842">
      <ele>2223.4</ele></trkpt>
      <trkpt lat="46.13010806430927" lon="7.264567277522902">
      <ele>2224.6</ele></trkpt>
      <trkpt lat="46.130069071805664" lon="7.264592644795806">
      <ele>2225.8</ele></trkpt>
      <trkpt lat="46.13003098243786" lon="7.264596997122112">
      <ele>2226.9</ele></trkpt>
      <trkpt lat="46.129951917925055" lon="7.264577686331519">
      <ele>2228.1</ele></trkpt>
      <trkpt lat="46.129920431553295" lon="7.264541378036616">
      <ele>2229.2</ele></trkpt>
      <trkpt lat="46.12987282100906" lon="7.264537363730138">
      <ele>2230.4</ele></trkpt>
      <trkpt lat="46.129802294249174" lon="7.264501205940836">
      <ele>2231.5</ele></trkpt>
      <trkpt lat="46.129736591269335" lon="7.264501454371983">
      <ele>2232.7</ele></trkpt>
      <trkpt lat="46.12970136680154" lon="7.2645086052206835">
      <ele>2233.8</ele></trkpt>
      <trkpt lat="46.12965851918028" lon="7.264507370448352">
      <ele>2235.0</ele></trkpt>
      <trkpt lat="46.12961759985829" lon="7.264525744056652">
      <ele>2236.4</ele></trkpt>
      <trkpt lat="46.12950507023683" lon="7.2646336721900395">
      <ele>2237.9</ele></trkpt>
      <trkpt lat="46.12948319238288" lon="7.264709094668366">
      <ele>2239.3</ele></trkpt>
      <trkpt lat="46.1294675525975" lon="7.264746368020208">
      <ele>2240.7</ele></trkpt>
      <trkpt lat="46.129474487129215" lon="7.264780748895973">
      <ele>2242.2</ele></trkpt>
      <trkpt lat="46.129494004675735" lon="7.2648373824259">
      <ele>2243.6</ele></trkpt>
      <trkpt lat="46.129491539936495" lon="7.264878314163457">
      <ele>2245.0</ele></trkpt>
      <trkpt lat="46.12947024806236" lon="7.264913742344954">
      <ele>2246.4</ele></trkpt>
      <trkpt lat="46.129442662037334" lon="7.2649334057978034">
      <ele>2247.9</ele></trkpt>
      <trkpt lat="46.12933461762847" lon="7.264980780278411">
      <ele>2249.3</ele></trkpt>
      <trkpt lat="46.12928253384472" lon="7.265033643538948">
      <ele>2250.7</ele></trkpt>
      <trkpt lat="46.12923487061978" lon="7.265124078270111">
      <ele>2252.2</ele></trkpt>
      <trkpt lat="46.12919869784507" lon="7.26514635647418">
      <ele>2253.6</ele></trkpt>
      <trkpt lat="46.1291705538309" lon="7.265183436353888">
      <ele>2255.0</ele></trkpt>
      <trkpt lat="46.129120033161776" lon="7.26531114193631">
      <ele>2256.4</ele></trkpt>
      <trkpt lat="46.12904742934436" lon="7.2653867504951295">
      <ele>2257.9</ele></trkpt>
      <trkpt lat="46.12901413575324" lon="7.265438777173917">
      <ele>2259.3</ele></trkpt>
      <trkpt lat="46.12899439838985" lon="7.265496660604025">
      <ele>2260.7</ele></trkpt>
      <trkpt lat="46.12893356494617" lon="7.2655868386291536">
      <ele>2262.2</ele></trkpt>
      <trkpt lat="46.128885422251926" lon="7.265640568226614">
      <ele>2263.6</ele></trkpt>
      <trkpt lat="46.12876786091457" lon="7.265758833186068">
      <ele>2265.5</ele></trkpt>
      <trkpt lat="46.1287253876959" lon="7.265808236119101">
      <ele>2267.4</ele></trkpt>
      <trkpt lat="46.128670093467534" lon="7.265838466451655">
      <ele>2269.3</ele></trkpt>
      <trkpt lat="46.12855536874892" lon="7.2659588433908056">
      <ele>2271.2</ele></trkpt>
      <trkpt lat="46.128467484714854" lon="7.266019167008602">
      <ele>2273.1</ele></trkpt>
      <trkpt lat="46.1283965718177" lon="7.2660537288653835">
      <ele>2275.0</ele></trkpt>
      <trkpt lat="46.12836256978275" lon="7.266083852642278">
      <ele>2276.9</ele></trkpt>
      <trkpt lat="46.12832290795811" lon="7.266124706965464">
      <ele>2278.8</ele></trkpt>
      <trkpt lat="46.128291779514925" lon="7.266163360676678">
      <ele>2280.7</ele></trkpt>
      <trkpt lat="46.12826349200336" lon="7.266212718052137">
      <ele>2282.6</ele></trkpt>
      <trkpt lat="46.12822950544151" lon="7.266247111152487">
      <ele>2284.4</ele></trkpt>
      <trkpt lat="46.12819263872926" lon="7.266268691740196">
      <ele>2286.3</ele></trkpt>
      <trkpt lat="46.128170019967435" lon="7.2663073184103695">
      <ele>2288.2</ele></trkpt>
      <trkpt lat="46.12814163760794" lon="7.2663181465535125">
      <ele>2290.1</ele></trkpt>
      <trkpt lat="46.128127493422056" lon="7.266339616519143">
      <ele>2292.0</ele></trkpt>
      <trkpt lat="46.128103377380185" lon="7.266346148697849">
      <ele>2293.9</ele></trkpt>
      <trkpt lat="46.12807916737073" lon="7.266320582040428">
      <ele>2295.8</ele></trkpt>
      <trkpt lat="46.128065004355584" lon="7.266335608928222">
      <ele>2297.7</ele></trkpt>
      <trkpt lat="46.12805369946273" lon="7.266354922194062">
      <ele>2299.6</ele></trkpt>
      <trkpt lat="46.12799124881017" lon="7.266370192028002">
      <ele>2301.5</ele></trkpt>
      <trkpt lat="46.12794873696188" lon="7.266400342236107">
      <ele>2303.3</ele></trkpt>
      <trkpt lat="46.127894836879186" lon="7.2664305671397456">
      <ele>2305.1</ele></trkpt>
      <trkpt lat="46.127879277105244" lon="7.266449893747859">
      <ele>2306.9</ele></trkpt>
      <trkpt lat="46.127845243894136" lon="7.266471439246898">
      <ele>2308.7</ele></trkpt>
      <trkpt lat="46.127799833123426" lon="7.266482359760561">
      <ele>2310.5</ele></trkpt>
      <trkpt lat="46.12773323128981" lon="7.266536158589365">
      <ele>2312.3</ele></trkpt>
      <trkpt lat="46.127680679757994" lon="7.2665363889711">
      <ele>2314.1</ele></trkpt>
      <trkpt lat="46.127629706331845" lon="7.26659228604329">
      <ele>2315.9</ele></trkpt>
      <trkpt lat="46.127591418229365" lon="7.2666138447643">
      <ele>2317.7</ele></trkpt>
      <trkpt lat="46.127550274558956" lon="7.26662688640753">
      <ele>2319.5</ele></trkpt>
      <trkpt lat="46.12750054927878" lon="7.266616395261431">
      <ele>2321.3</ele></trkpt>
      <trkpt lat="46.12747927007275" lon="7.266625065983849">
      <ele>2323.1</ele></trkpt>
      <trkpt lat="46.12745804143887" lon="7.266655122776535">
      <ele>2324.9</ele></trkpt>
      <trkpt lat="46.12743536543783" lon="7.266668067360578">
      <ele>2326.7</ele></trkpt>
      <trkpt lat="46.127372908223535" lon="7.266679054267986">
      <ele>2328.5</ele></trkpt>
      <trkpt lat="46.12734878969075" lon="7.266689868627939">
      <ele>2330.3</ele></trkpt>
      <trkpt lat="46.12733186243493" lon="7.266732746075833">
      <ele>2332.1</ele></trkpt>
      <trkpt lat="46.12730496416043" lon="7.266767115945949">
      <ele>2333.9</ele></trkpt>
      <trkpt lat="46.127295254024375" lon="7.26677633235356">
      <ele>2335.7</ele></trkpt>
      <trkpt lat="46.12729202029757" lon="7.266779395854069">
      <ele>2337.5</ele></trkpt>
      <trkpt lat="46.12728878659034" lon="7.266782472291981">
      <ele>2337.8</ele></trkpt>
      <trkpt lat="46.1272855438679" lon="7.266785535820129">
      <ele>2338.0</ele></trkpt>
      <trkpt lat="46.12728231016054" lon="7.266788612257313">
      <ele>2338.3</ele></trkpt>
      <trkpt lat="46.12727804901801" lon="7.26679041108759">
      <ele>2338.6</ele></trkpt>
      <trkpt lat="46.12727379689059" lon="7.266792222826987">
      <ele>2338.8</ele></trkpt>
      <trkpt lat="46.127269535748006" lon="7.266794021656704">
      <ele>2339.1</ele></trkpt>
      <trkpt lat="46.127265274605406" lon="7.266795820486146">
      <ele>2339.4</ele></trkpt>
      <trkpt lat="46.12726102247788" lon="7.2667976322247325">
      <ele>2339.7</ele></trkpt>
      <trkpt lat="46.12725676133522" lon="7.266799431053624">
      <ele>2339.9</ele></trkpt>
      <trkpt lat="46.12725278208109" lon="7.26679730884641">
      <ele>2340.2</ele></trkpt>
      <trkpt lat="46.12724880282693" lon="7.266795186639565">
      <ele>2340.5</ele></trkpt>
      <trkpt lat="46.12724481457724" lon="7.266793064461344">
      <ele>2340.7</ele></trkpt>
      <trkpt lat="46.127240835322986" lon="7.26679094225511">
      <ele>2341.0</ele></trkpt>
      <trkpt lat="46.12723685606873" lon="7.26678882004914">
      <ele>2341.3</ele></trkpt>
      <trkpt lat="46.127233614527704" lon="7.266792659836991">
      <ele>2341.6</ele></trkpt>
      <trkpt lat="46.127230381982066" lon="7.266796499596069">
      <ele>2341.8</ele></trkpt>
      <trkpt lat="46.12722714044081" lon="7.266800339383012">
      <ele>2342.1</ele></trkpt>
      <trkpt lat="46.12722390789491" lon="7.266804179141183">
      <ele>2342.4</ele></trkpt>
      <trkpt lat="46.12722066637308" lon="7.266808031864954">
      <ele>2342.6</ele></trkpt>
      <trkpt lat="46.12721742483145" lon="7.266811871650522">
      <ele>2342.9</ele></trkpt>
      <trkpt lat="46.12721419228517" lon="7.266815711407324">
      <ele>2344.4</ele></trkpt>
      <trkpt lat="46.12721095074326" lon="7.266819551192">
      <ele>2345.8</ele></trkpt>
      <trkpt lat="46.127207718196715" lon="7.266823390947893">
      <ele>2347.3</ele></trkpt>
      <trkpt lat="46.12720616119537" lon="7.266834703461778">
      <ele>2348.7</ele></trkpt>
      <trkpt lat="46.127170366117305" lon="7.266898508736195">
      <ele>2350.2</ele></trkpt>
      <trkpt lat="46.12715590882774" lon="7.266927107859972">
      <ele>2351.6</ele></trkpt>
      <trkpt lat="46.127149874361386" lon="7.266975436434802">
      <ele>2353.1</ele></trkpt>
      <trkpt lat="46.12712846704686" lon="7.266959033997312">
      <ele>2354.5</ele></trkpt>
      <trkpt lat="46.127114652445954" lon="7.266907468759421">
      <ele>2356.0</ele></trkpt>
      <trkpt lat="46.12710166359554" lon="7.266902011081083">
      <ele>2357.4</ele></trkpt>
      <trkpt lat="46.12707574940154" lon="7.266932845623797">
      <ele>2358.9</ele></trkpt>
      <trkpt lat="46.127065106189406" lon="7.266961432693159">
      <ele>2360.4</ele></trkpt>
      <trkpt lat="46.12704222140354" lon="7.266979074110462">
      <ele>2361.8</ele></trkpt>
      <trkpt lat="46.12702084645721" lon="7.266978041623386">
      <ele>2363.3</ele></trkpt>
      <trkpt lat="46.12698201350991" lon="7.267049541142027">
      <ele>2364.7</ele></trkpt>
      <trkpt lat="46.12697976536715" lon="7.267073702929674">
      <ele>2366.2</ele></trkpt>
      <trkpt lat="46.12696376145057" lon="7.267096808238591">
      <ele>2367.6</ele></trkpt>
      <trkpt lat="46.12695762015247" lon="7.267074872238924">
      <ele>2369.1</ele></trkpt>
      <trkpt lat="46.126943893393744" lon="7.267086986266112">
      <ele>2370.5</ele></trkpt>
      <trkpt lat="46.126917241887256" lon="7.267129906763838">
      <ele>2372.0</ele></trkpt>
      <trkpt lat="46.12689821851677" lon="7.267172790320105">
      <ele>2373.9</ele></trkpt>
      <trkpt lat="46.126885279725236" lon="7.26720028475513">
      <ele>2375.7</ele></trkpt>
      <trkpt lat="46.12688076270733" lon="7.267240923304369">
      <ele>2377.6</ele></trkpt>
      <trkpt lat="46.12685712225737" lon="7.267258566917317">
      <ele>2379.5</ele></trkpt>
      <trkpt lat="46.126836522947606" lon="7.267270715389562">
      <ele>2381.3</ele></trkpt>
      <trkpt lat="46.126840397023585" lon="7.267310227856238">
      <ele>2383.2</ele></trkpt>
      <trkpt lat="46.1268312779427" lon="7.267335510836209">
      <ele>2385.1</ele></trkpt>
      <trkpt lat="46.126808034045006" lon="7.267353657717248">
      <ele>2387.0</ele></trkpt>
      <trkpt lat="46.126761189633044" lon="7.267362421197057">
      <ele>2388.8</ele></trkpt>
      <trkpt lat="46.12672568376976" lon="7.267356154340145">
      <ele>2390.7</ele></trkpt>
      <trkpt lat="46.12670018786386" lon="7.267384102045734">
      <ele>2392.6</ele></trkpt>
      <trkpt lat="46.126670427353346" lon="7.267405646030582">
      <ele>2394.4</ele></trkpt>
      <trkpt lat="46.126636368740954" lon="7.267416491109718">
      <ele>2396.3</ele></trkpt>
      <trkpt lat="46.126590957864195" lon="7.267427397657517">
      <ele>2398.2</ele></trkpt>
      <trkpt lat="46.12656678556005" lon="7.2674146652308815">
      <ele>2400.1</ele></trkpt>
      <trkpt lat="46.12654347251575" lon="7.267405022209944">
      <ele>2401.9</ele></trkpt>
      <trkpt lat="46.1265411862103" lon="7.267404071998509">
      <ele>2403.8</ele></trkpt>
      <trkpt lat="46.1265242367206" lon="7.26743839689885">
      <ele>2405.7</ele></trkpt>
      <trkpt lat="46.126350182837506" lon="7.267444661196573">
      <ele>2407.5</ele></trkpt>
      <trkpt lat="46.1263156312262" lon="7.2676823031776685">
      <ele>2409.4</ele></trkpt>
      <trkpt lat="46.126277709243226" lon="7.267672511779406">
      <ele>2411.1</ele></trkpt>
      <trkpt lat="46.12627156921028" lon="7.267728563541504">
      <ele>2412.7</ele></trkpt>
      <trkpt lat="46.12623597976879" lon="7.267738378129124">
      <ele>2414.4</ele></trkpt>
      <trkpt lat="46.126212045455745" lon="7.2677818196854">
      <ele>2416.0</ele></trkpt>
      <trkpt lat="46.126178266187594" lon="7.267834619968702">
      <ele>2417.7</ele></trkpt>
      <trkpt lat="46.12613100621541" lon="7.268026657102145">
      <ele>2419.4</ele></trkpt>
      <trkpt lat="46.126082023096515" lon="7.268036927330306">
      <ele>2421.0</ele></trkpt>
      <trkpt lat="46.126058485182426" lon="7.268015356457377">
      <ele>2422.7</ele></trkpt>
      <trkpt lat="46.12602494271817" lon="7.26802253811074">
      <ele>2424.3</ele></trkpt>
      <trkpt lat="46.12595576614869" lon="7.268004046740263">
      <ele>2426.0</ele></trkpt>
      <trkpt lat="46.125944453863184" lon="7.268054370058912">
      <ele>2427.7</ele></trkpt>
      <trkpt lat="46.12587663438396" lon="7.268041010604289">
      <ele>2429.3</ele></trkpt>
      <trkpt lat="46.12586054945461" lon="7.268052303520627">
      <ele>2431.0</ele></trkpt>
      <trkpt lat="46.12585791968641" lon="7.268080036699178">
      <ele>2432.6</ele></trkpt>
      <trkpt lat="46.125904549702256" lon="7.268233057629901">
      <ele>2434.3</ele></trkpt>
      <trkpt lat="46.12591743898504" lon="7.268297756474531">
      <ele>2436.0</ele></trkpt>
      <trkpt lat="46.12590338451701" lon="7.268319315333467">
      <ele>2437.6</ele></trkpt>
      <trkpt lat="46.12586915062822" lon="7.268321362767253">
      <ele>2439.3</ele></trkpt>
      <trkpt lat="46.125798704453246" lon="7.268337793178485">
      <ele>2440.9</ele></trkpt>
      <trkpt lat="46.125755273999985" lon="7.268391437875753">
      <ele>2442.6</ele></trkpt>
      <trkpt lat="46.12572279844957" lon="7.268432072099273">
      <ele>2444.4</ele></trkpt>
      <trkpt lat="46.12568957517538" lon="7.268483925341807">
      <ele>2446.1</ele></trkpt>
      <trkpt lat="46.125670258493315" lon="7.268517558127722">
      <ele>2447.9</ele></trkpt>
      <trkpt lat="46.12566022673039" lon="7.268558186969898">
      <ele>2449.6</ele></trkpt>
      <trkpt lat="46.1256339753859" lon="7.268628260092403">
      <ele>2451.4</ele></trkpt>
      <trkpt lat="46.12562473928797" lon="7.26869551157235">
      <ele>2453.1</ele></trkpt>
      <trkpt lat="46.12559690755472" lon="7.268713723503603">
      <ele>2454.9</ele></trkpt>
      <trkpt lat="46.125562120068565" lon="7.268754377549693">
      <ele>2456.6</ele></trkpt>
      <trkpt lat="46.12552887613476" lon="7.26878661744811">
      <ele>2458.4</ele></trkpt>
      <trkpt lat="46.12551188864398" lon="7.2688258576001665">
      <ele>2460.1</ele></trkpt>
      <trkpt lat="46.12548253210441" lon="7.268888902133349">
      <ele>2461.9</ele></trkpt>
      <trkpt lat="46.12546709487302" lon="7.2689421485606625">
      <ele>2463.7</ele></trkpt>
      <trkpt lat="46.12544393201695" lon="7.269002418075642">
      <ele>2465.4</ele></trkpt>
      <trkpt lat="46.12542075014144" lon="7.269050047809052">
      <ele>2467.2</ele></trkpt>
      <trkpt lat="46.12540222165075" lon="7.2690934972243">
      <ele>2468.9</ele></trkpt>
      <trkpt lat="46.12539219484379" lon="7.269149547056347">
      <ele>2470.7</ele></trkpt>
      <trkpt lat="46.12536978081354" lon="7.269187380734962">
      <ele>2472.4</ele></trkpt>
      <trkpt lat="46.1253380830207" lon="7.269206988624101">
      <ele>2474.2</ele></trkpt>
      <trkpt lat="46.125325744317834" lon="7.269263045542742">
      <ele>2475.9</ele></trkpt>
      <trkpt lat="46.125301027741656" lon="7.269319102017909">
      <ele>2477.7</ele></trkpt>
      <trkpt lat="46.1252778583611" lon="7.269375153644685">
      <ele>2479.4</ele></trkpt>
      <trkpt lat="46.125270937569354" lon="7.2694270019796265">
      <ele>2481.1</ele></trkpt>
      <trkpt lat="46.1252361341988" lon="7.269445222090799">
      <ele>2482.8</ele></trkpt>
      <trkpt lat="46.12522146250636" lon="7.269487249107639">
      <ele>2484.5</ele></trkpt>
      <trkpt lat="46.12519672094526" lon="7.269502682344479">
      <ele>2486.2</ele></trkpt>
      <trkpt lat="46.12518050410091" lon="7.269546111329305">
      <ele>2487.9</ele></trkpt>
      <trkpt lat="46.12514955319928" lon="7.269541912026166">
      <ele>2489.6</ele></trkpt>
      <trkpt lat="46.12512635316162" lon="7.269547533986001">
      <ele>2491.3</ele></trkpt>
      <trkpt lat="46.12509619983186" lon="7.269571341407976">
      <ele>2493.0</ele></trkpt>
      <trkpt lat="46.12507148608774" lon="7.269641408557048">
      <ele>2494.6</ele></trkpt>
      <trkpt lat="46.12506070697705" lon="7.2697058694971695">
      <ele>2496.3</ele></trkpt>
      <trkpt lat="46.125024394327994" lon="7.269767524392981">
      <ele>2498.0</ele></trkpt>
      <trkpt lat="46.12498960164782" lon="7.269810971801164">
      <ele>2499.7</ele></trkpt>
      <trkpt lat="46.124958708439685" lon="7.269875430109552">
      <ele>2501.4</ele></trkpt>
      <trkpt lat="46.12491773515811" lon="7.269924472445236">
      <ele>2503.1</ele></trkpt>
      <trkpt lat="46.124890698652024" lon="7.2699693187968455">
      <ele>2504.8</ele></trkpt>
      <trkpt lat="46.12486598320361" lon="7.2700323864723595">
      <ele>2506.5</ele></trkpt>
      <trkpt lat="46.124848215583846" lon="7.270085626231713">
      <ele>2508.2</ele></trkpt>
      <trkpt lat="46.12482581651278" lon="7.27012766369413">
      <ele>2509.9</ele></trkpt>
      <trkpt lat="46.12480960570313" lon="7.2701752967698745">
      <ele>2511.6</ele></trkpt>
      <trkpt lat="46.124788753203234" lon="7.270222944137964">
      <ele>2513.6</ele></trkpt>
      <trkpt lat="46.124764019423" lon="7.270267783132929">
      <ele>2515.6</ele></trkpt>
      <trkpt lat="46.12473620352291" lon="7.270302812267171">
      <ele>2517.6</ele></trkpt>
      <trkpt lat="46.124735467052524" lon="7.270351859408758">
      <ele>2519.5</ele></trkpt>
      <trkpt lat="46.124742454324505" lon="7.270410702069711">
      <ele>2521.5</ele></trkpt>
      <trkpt lat="46.12471849538066" lon="7.270444334954929">
      <ele>2523.5</ele></trkpt>
      <trkpt lat="46.124692224587264" lon="7.270477974932368">
      <ele>2525.5</ele></trkpt>
      <trkpt lat="46.12467678020496" lon="7.270508800040787">
      <ele>2527.5</ele></trkpt>
      <trkpt lat="46.12464891832039" lon="7.2705129998734686">
      <ele>2529.5</ele></trkpt>
      <trkpt lat="46.124635025351424" lon="7.270546640471494">
      <ele>2531.4</ele></trkpt>
      <trkpt lat="46.124634302180766" lon="7.270634912951264">
      <ele>2533.4</ele></trkpt>
      <trkpt lat="46.12462506842135" lon="7.270710584940109">
      <ele>2535.4</ele></trkpt>
      <trkpt lat="46.124607308710225" lon="7.27075121049234">
      <ele>2537.4</ele></trkpt>
      <trkpt lat="46.12456710166535" lon="7.270783444145918">
      <ele>2539.4</ele></trkpt>
      <trkpt lat="46.12453384739796" lon="7.270803068541737">
      <ele>2541.4</ele></trkpt>
      <trkpt lat="46.12449284921681" lon="7.270793271817041">
      <ele>2543.4</ele></trkpt>
      <trkpt lat="46.124453397668795" lon="7.270807274649442">
      <ele>2545.3</ele></trkpt>
      <trkpt lat="46.124451129736315" lon="7.270873131552875">
      <ele>2547.3</ele></trkpt>
      <trkpt lat="46.1244140017995" lon="7.270882948489974">
      <ele>2549.3</ele></trkpt>
      <trkpt lat="46.12439391221537" lon="7.270923593924187">
      <ele>2551.3</ele></trkpt>
      <trkpt lat="46.12436607322505" lon="7.270943214473598">
      <ele>2554.2</ele></trkpt>
      <trkpt lat="46.12433979743862" lon="7.27097964842039">
      <ele>2557.1</ele></trkpt>
      <trkpt lat="46.1243158215867" lon="7.270983836051706">
      <ele>2560.0</ele></trkpt>
      <trkpt lat="46.12431816197372" lon="7.271027284537131">
      <ele>2562.8</ele></trkpt>
      <trkpt lat="46.124271749230374" lon="7.271030092083387">
      <ele>2565.7</ele></trkpt>
      <trkpt lat="46.124257081796756" lon="7.271069323509384">
      <ele>2568.6</ele></trkpt>
      <trkpt lat="46.12422690664008" lon="7.271066518235334">
      <ele>2571.5</ele></trkpt>
      <trkpt lat="46.12418902587128" lon="7.271090348142806">
      <ele>2574.4</ele></trkpt>
      <trkpt lat="46.12415962990498" lon="7.271097359689083">
      <ele>2577.3</ele></trkpt>
      <trkpt lat="46.12413799161199" lon="7.271130997729147">
      <ele>2580.2</ele></trkpt>
      <trkpt lat="46.123896577101696" lon="7.271293651374165">
      <ele>2583.0</ele></trkpt>
      <trkpt lat="46.12365516236237" lon="7.2714563035803526">
      <ele>2585.9</ele></trkpt>
      <trkpt lat="46.12374577781239" lon="7.272036726962999">
      <ele>2588.8</ele></trkpt>
      <trkpt lat="46.12397488187732" lon="7.272480323299027">
      <ele>2591.7</ele></trkpt>
      <trkpt lat="46.1239106984522" lon="7.272516755169412">
      <ele>2594.6</ele></trkpt>
      <trkpt lat="46.1238712461606" lon="7.272518168926892">
      <ele>2597.5</ele></trkpt>
      <trkpt lat="46.12381709519031" lon="7.272519588600941">
      <ele>2600.3</ele></trkpt>
      <trkpt lat="46.12378384135746" lon="7.272533597026875">
      <ele>2603.2</ele></trkpt>
      <trkpt lat="46.12373823498721" lon="7.272577035766312">
      <ele>2606.1</ele></trkpt>
      <trkpt lat="46.123698786612835" lon="7.272599459053004">
      <ele>2609.0</ele></trkpt>
      <trkpt lat="46.123698786612835" lon="7.272599459053004">
      <ele>2608.8</ele></trkpt>
      <trkpt lat="46.12363302933639" lon="7.272599465008199">
      <ele>2608.7</ele></trkpt>
      <trkpt lat="46.12357579006563" lon="7.272605072610635">
      <ele>2608.5</ele></trkpt>
      <trkpt lat="46.123527842970276" lon="7.272628892967041">
      <ele>2608.3</ele></trkpt>
      <trkpt lat="46.123472945710276" lon="7.272661130453232">
      <ele>2608.1</ele></trkpt>
      <trkpt lat="46.12340642696052" lon="7.272687749790541">
      <ele>2607.9</ele></trkpt>
      <trkpt lat="46.12335151450911" lon="7.272715782713553">
      <ele>2607.8</ele></trkpt>
      <trkpt lat="46.12330743288749" lon="7.272725606396474">
      <ele>2607.6</ele></trkpt>
      <trkpt lat="46.12324631393838" lon="7.272717202098467">
      <ele>2607.4</ele></trkpt>
      <trkpt lat="46.123191395517715" lon="7.272722815420625">
      <ele>2607.2</ele></trkpt>
      <trkpt lat="46.12314651478519" lon="7.272721412348166">
      <ele>2607.1</ele></trkpt>
      <trkpt lat="46.12309314153457" lon="7.272725623785728">
      <ele>2606.9</ele></trkpt>
      <trkpt lat="46.123031256445756" lon="7.272728425101543">
      <ele>2606.7</ele></trkpt>
      <trkpt lat="46.12298330878156" lon="7.272739631763256">
      <ele>2606.6</ele></trkpt>
      <trkpt lat="46.12293765729291" lon="7.272734052451548">
      <ele>2606.4</ele></trkpt>
      <trkpt lat="46.1228927651776" lon="7.272700423971472">
      <ele>2606.2</ele></trkpt>
      <trkpt lat="46.12284944066473" lon="7.272699016194522">
      <ele>2606.0</ele></trkpt>
      <trkpt lat="46.12279452486869" lon="7.27271865289578">
      <ele>2605.8</ele></trkpt>
      <trkpt lat="46.122731879838625" lon="7.272736877072109">
      <ele>2605.7</ele></trkpt>
      <trkpt lat="46.122681610557315" lon="7.272753679373478">
      <ele>2605.5</ele></trkpt>
      <trkpt lat="46.122644509020205" lon="7.272799937285935">
      <ele>2605.1</ele></trkpt>
      <trkpt lat="46.12260350588295" lon="7.272811135646696">
      <ele>2604.6</ele></trkpt>
      <trkpt lat="46.12257258447359" lon="7.2728391727881005">
      <ele>2604.2</ele></trkpt>
      <trkpt lat="46.12253236190683" lon="7.272848984511206">
      <ele>2603.7</ele></trkpt>
      <trkpt lat="46.122508409695655" lon="7.272893818086825">
      <ele>2603.2</ele></trkpt>
      <trkpt lat="46.1224821103806" lon="7.27288401433475">
      <ele>2602.8</ele></trkpt>
      <trkpt lat="46.1224186747164" lon="7.27287841133434">
      <ele>2602.3</ele></trkpt>
      <trkpt lat="46.122368383581225" lon="7.272874217334867">
      <ele>2601.9</ele></trkpt>
      <trkpt lat="46.12231885860102" lon="7.272858817910582">
      <ele>2601.4</ele></trkpt>
      <trkpt lat="46.1222662658666" lon="7.272861603753587">
      <ele>2601.0</ele></trkpt>
      <trkpt lat="46.12221365107583" lon="7.272861621228586">
      <ele>2600.6</ele></trkpt>
      <trkpt lat="46.12216570600278" lon="7.272886850845483">
      <ele>2600.1</ele></trkpt>
      <trkpt lat="46.12179712361687" lon="7.2730278780769595">
      <ele>2599.7</ele></trkpt>
      <trkpt lat="46.12159307782843" lon="7.2731687280911785">
      <ele>2599.2</ele></trkpt>
      <trkpt lat="46.12135431049424" lon="7.273239877481116">
      <ele>2598.8</ele></trkpt>
      <trkpt lat="46.12111554312045" lon="7.273311026248469">
      <ele>2598.3</ele></trkpt>
      <trkpt lat="46.12095263399713" lon="7.273476793624569">
      <ele>2597.8</ele></trkpt>
      <trkpt lat="46.120626086756005" lon="7.273463985084571">
      <ele>2597.4</ele></trkpt>
      <trkpt lat="46.12029953952333" lon="7.273451176697421">
      <ele>2596.9</ele></trkpt>
      <trkpt lat="46.12023827537334" lon="7.273441854024654">
      <ele>2596.5</ele></trkpt>
      <trkpt lat="46.120188718964215" lon="7.2734356523533705">
      <ele>2596.2</ele></trkpt>
      <trkpt lat="46.120144829670586" lon="7.2734294076712205">
      <ele>2595.8</ele></trkpt>
      <trkpt lat="46.12010520464954" lon="7.273429579329412">
      <ele>2595.5</ele></trkpt>
      <trkpt lat="46.120082585002514" lon="7.273444666572339">
      <ele>2595.2</ele></trkpt>
      <trkpt lat="46.12005720222717" lon="7.273483318757152">
      <ele>2594.8</ele></trkpt>
      <trkpt lat="46.12002467544408" lon="7.273496314417902">
      <ele>2594.5</ele></trkpt>
      <trkpt lat="46.119972325387636" lon="7.273505114061117">
      <ele>2594.2</ele></trkpt>
      <trkpt lat="46.11993553704736" lon="7.273507398595029">
      <ele>2593.9</ele></trkpt>
      <trkpt lat="46.119910089705826" lon="7.273520372800403">
      <ele>2593.5</ele></trkpt>
      <trkpt lat="46.11988746062425" lon="7.273529017834495">
      <ele>2593.2</ele></trkpt>
      <trkpt lat="46.119866200417974" lon="7.273514128081988">
      <ele>2592.9</ele></trkpt>
      <trkpt lat="46.119820795629856" lon="7.27348653058882">
      <ele>2592.5</ele></trkpt>
      <trkpt lat="46.11969030575744" lon="7.273485955140362">
      <ele>2592.2</ele></trkpt>
      <trkpt lat="46.11962398165192" lon="7.2734920157766805">
      <ele>2591.9</ele></trkpt>
      <trkpt lat="46.119556182274536" lon="7.2734919233451905">
      <ele>2591.6</ele></trkpt>
      <trkpt lat="46.119522153960176" lon="7.273468521662567">
      <ele>2591.2</ele></trkpt>
      <trkpt lat="46.11949380489445" lon="7.273447224318829">
      <ele>2590.9</ele></trkpt>
      <trkpt lat="46.11945978870953" lon="7.2734259700191295">
      <ele>2590.6</ele></trkpt>
      <trkpt lat="46.11942153604568" lon="7.273411144787082">
      <ele>2590.2</ele></trkpt>
      <trkpt lat="46.11937907746972" lon="7.273411337967862">
      <ele>2589.9</ele></trkpt>
      <trkpt lat="46.11934509805475" lon="7.273402916043758">
      <ele>2590.0</ele></trkpt>
      <trkpt lat="46.11929981215145" lon="7.273407386633782">
      <ele>2590.1</ele></trkpt>
      <trkpt lat="46.11926868199192" lon="7.273409667016613">
      <ele>2590.2</ele></trkpt>
      <trkpt lat="46.11924748675935" lon="7.273426884146772">
      <ele>2590.4</ele></trkpt>
      <trkpt lat="46.119219252050016" lon="7.273459141117832">
      <ele>2590.5</ele></trkpt>
      <trkpt lat="46.119198111997136" lon="7.273495632495948">
      <ele>2590.6</ele></trkpt>
      <trkpt lat="46.11917982113745" lon="7.273542800255975">
      <ele>2590.7</ele></trkpt>
      <trkpt lat="46.11915301745006" lon="7.273587885175014">
      <ele>2590.8</ele></trkpt>
      <trkpt lat="46.119123373505914" lon="7.27362226774663">
      <ele>2590.9</ele></trkpt>
      <trkpt lat="46.11909230516463" lon="7.273654533106462">
      <ele>2591.1</ele></trkpt>
      <trkpt lat="46.11906401167787" lon="7.273658926245108">
      <ele>2591.2</ele></trkpt>
      <trkpt lat="46.11903285372464" lon="7.273648348340517">
      <ele>2591.3</ele></trkpt>
      <trkpt lat="46.11899046008475" lon="7.273680660787704">
      <ele>2591.4</ele></trkpt>
      <trkpt lat="46.1189579453966" lon="7.273695790449734">
      <ele>2591.5</ele></trkpt>
      <trkpt lat="46.118929725843245" lon="7.273732315881491">
      <ele>2591.6</ele></trkpt>
      <trkpt lat="46.11890153403481" lon="7.273781686442941">
      <ele>2591.7</ele></trkpt>
      <trkpt lat="46.1188747732306" lon="7.273843884942696">
      <ele>2591.9</ele></trkpt>
      <trkpt lat="46.11885363655767" lon="7.273888939424355">
      <ele>2592.0</ele></trkpt>
      <trkpt lat="46.11882823486957" lon="7.273914732419224">
      <ele>2592.1</ele></trkpt>
      <trkpt lat="46.11880273237049" lon="7.273908432027808">
      <ele>2592.2</ele></trkpt>
      <trkpt lat="46.11877433728379" lon="7.273867873511203">
      <ele>2592.5</ele></trkpt>
      <trkpt lat="46.11875026191006" lon="7.273859408567571">
      <ele>2592.9</ele></trkpt>
      <trkpt lat="46.11872341785558" lon="7.273883084415497">
      <ele>2593.2</ele></trkpt>
      <trkpt lat="46.11871643690145" lon="7.273925935777673">
      <ele>2593.5</ele></trkpt>
      <trkpt lat="46.118709541878985" lon="7.274003040752567">
      <ele>2593.8</ele></trkpt>
      <trkpt lat="46.11869689998881" lon="7.274050203825289">
      <ele>2594.2</ele></trkpt>
      <trkpt lat="46.118671486534375" lon="7.27408029137456">
      <ele>2594.5</ele></trkpt>
      <trkpt lat="46.118646029720125" lon="7.2740868101058265">
      <ele>2594.8</ele></trkpt>
      <trkpt lat="46.118623185668696" lon="7.274089944729168">
      <ele>2595.2</ele></trkpt>
      <trkpt lat="46.1185904010812" lon="7.2741050877945685">
      <ele>2595.5</ele></trkpt>
      <trkpt lat="46.11856052152655" lon="7.274107532145229">
      <ele>2595.8</ele></trkpt>
      <trkpt lat="46.11852696288023" lon="7.274091515382447">
      <ele>2596.2</ele></trkpt>
      <trkpt lat="46.118471548043104" lon="7.274083675203999">
      <ele>2596.5</ele></trkpt>
      <trkpt lat="46.118417557390835" lon="7.274046971230465">
      <ele>2596.8</ele></trkpt>
      <trkpt lat="46.11835556296369" lon="7.274024145569901">
      <ele>2597.2</ele></trkpt>
      <trkpt lat="46.118319804933236" lon="7.273998899486595">
      <ele>2597.5</ele></trkpt>
      <trkpt lat="46.11825089107958" lon="7.273968630922358">
      <ele>2597.8</ele></trkpt>
      <trkpt lat="46.118195704650304" lon="7.2739817071404325">
      <ele>2598.1</ele></trkpt>
      <trkpt lat="46.118151861539154" lon="7.2739947620591225">
      <ele>2598.5</ele></trkpt>
      <trkpt lat="46.11811508257246" lon="7.274003475159363">
      <ele>2598.8</ele></trkpt>
      <trkpt lat="46.11807408237374" lon="7.27402292459381">
      <ele>2598.9</ele></trkpt>
      <trkpt lat="46.11802372620743" lon="7.274029608903671">
      <ele>2599.0</ele></trkpt>
      <trkpt lat="46.1179872130931" lon="7.274066417249488">
      <ele>2599.1</ele></trkpt>
      <trkpt lat="46.11794805607068" lon="7.274091423333252">
      <ele>2599.2</ele></trkpt>
      <trkpt lat="46.11789404196591" lon="7.274094160306614">
      <ele>2599.2</ele></trkpt>
      <trkpt lat="46.11784969433058" lon="7.274137550454139">
      <ele>2599.3</ele></trkpt>
      <trkpt lat="46.11781747110436" lon="7.274142847635302">
      <ele>2599.4</ele></trkpt>
      <trkpt lat="46.11779824932071" lon="7.274119285253933">
      <ele>2599.5</ele></trkpt>
      <trkpt lat="46.117760769703736" lon="7.274110175162566">
      <ele>2599.6</ele></trkpt>
      <trkpt lat="46.117702388945354" lon="7.2741102864214735">
      <ele>2599.7</ele></trkpt>
      <trkpt lat="46.117676304307" lon="7.2741365982475275">
      <ele>2599.8</ele></trkpt>
      <trkpt lat="46.11765276393111" lon="7.274131042232309">
      <ele>2599.9</ele></trkpt>
      <trkpt lat="46.11762014763214" lon="7.274101181898449">
      <ele>2600.0</ele></trkpt>
      <trkpt lat="46.11759715135815" lon="7.274098625298748">
      <ele>2600.1</ele></trkpt>
      <trkpt lat="46.11756714971836" lon="7.274072857682045">
      <ele>2600.2</ele></trkpt>
      <trkpt lat="46.11752231469841" lon="7.274010242837701">
      <ele>2600.2</ele></trkpt>
      <trkpt lat="46.11747470701185" lon="7.273958579862433">
      <ele>2600.3</ele></trkpt>
      <trkpt lat="46.11747855291398" lon="7.273931054528317">
      <ele>2600.4</ele></trkpt>
      <trkpt lat="46.11747649122212" lon="7.2738867309121975">
      <ele>2600.5</ele></trkpt>
      <trkpt lat="46.11744885151736" lon="7.2738336883952535">
      <ele>2600.6</ele></trkpt>
      <trkpt lat="46.11740757642838" lon="7.273825029821172">
      <ele>2599.5</ele></trkpt>
      <trkpt lat="46.11736228686037" lon="7.273783876626022">
      <ele>2598.4</ele></trkpt>
      <trkpt lat="46.11733121140049" lon="7.27374970450649">
      <ele>2597.3</ele></trkpt>
      <trkpt lat="46.117309860876595" lon="7.2737283867317934">
      <ele>2596.3</ele></trkpt>
      <trkpt lat="46.11729701655469" lon="7.273698480027572">
      <ele>2595.2</ele></trkpt>
      <trkpt lat="46.11727854889227" lon="7.273698574626839">
      <ele>2594.1</ele></trkpt>
      <trkpt lat="46.11724596611901" lon="7.273728670278284">
      <ele>2593.0</ele></trkpt>
      <trkpt lat="46.117200610171395" lon="7.273765246297525">
      <ele>2591.9</ele></trkpt>
      <trkpt lat="46.11717086995205" lon="7.27379533328352">
      <ele>2590.8</ele></trkpt>
      <trkpt lat="46.117141105500764" lon="7.273821151632851">
      <ele>2589.8</ele></trkpt>
      <trkpt lat="46.11710422799195" lon="7.273836293867987">
      <ele>2588.7</ele></trkpt>
      <trkpt lat="46.11706447430065" lon="7.2738407472155995">
      <ele>2587.6</ele></trkpt>
      <trkpt lat="46.11702615089054" lon="7.273845196239587">
      <ele>2586.5</ele></trkpt>
      <trkpt lat="46.116994077903115" lon="7.2738486433048495">
      <ele>2585.4</ele></trkpt>
      <trkpt lat="46.11698177489251" lon="7.273875249642509">
      <ele>2584.3</ele></trkpt>
      <trkpt lat="46.11690465667155" lon="7.273857010725065">
      <ele>2583.2</ele></trkpt>
      <trkpt lat="46.116867364717066" lon="7.273877871532502">
      <ele>2582.2</ele></trkpt>
      <trkpt lat="46.11682418112538" lon="7.27389286452313">
      <ele>2581.1</ele></trkpt>
      <trkpt lat="46.11679658364776" lon="7.273899557739298">
      <ele>2580.0</ele></trkpt>
      <trkpt lat="46.11675538122878" lon="7.273891377605356">
      <ele>2578.9</ele></trkpt>
      <trkpt lat="46.116725218105245" lon="7.273902916352577">
      <ele>2577.2</ele></trkpt>
      <trkpt lat="46.11671690684458" lon="7.273940311466739">
      <ele>2575.5</ele></trkpt>
      <trkpt lat="46.11669986599417" lon="7.273975016488856">
      <ele>2573.8</ele></trkpt>
      <trkpt lat="46.11666864623994" lon="7.273983712604636">
      <ele>2572.1</ele></trkpt>
      <trkpt lat="46.116665525875305" lon="7.273996786640037">
      <ele>2570.4</ele></trkpt>
      <trkpt lat="46.11666333493005" lon="7.274011836967899">
      <ele>2568.7</ele></trkpt>
      <trkpt lat="46.11663782736192" lon="7.274026724760952">
      <ele>2567.0</ele></trkpt>
      <trkpt lat="46.116590804348036" lon="7.2740860582624185">
      <ele>2565.3</ele></trkpt>
      <trkpt lat="46.116482526049865" lon="7.274105088951103">
      <ele>2563.6</ele></trkpt>
      <trkpt lat="46.11644158451172" lon="7.274115418221261">
      <ele>2561.9</ele></trkpt>
      <trkpt lat="46.11642417345678" lon="7.274081321721076">
      <ele>2560.2</ele></trkpt>
      <trkpt lat="46.116361727201436" lon="7.274069415525432">
      <ele>2558.5</ele></trkpt>
      <trkpt lat="46.11630506485041" lon="7.274063532653599">
      <ele>2556.8</ele></trkpt>
      <trkpt lat="46.11625283255783" lon="7.274072912880543">
      <ele>2555.1</ele></trkpt>
      <trkpt lat="46.11619173007923" lon="7.2740571997441">
      <ele>2553.4</ele></trkpt>
      <trkpt lat="46.11615161035292" lon="7.2740388880951725">
      <ele>2551.7</ele></trkpt>
      <trkpt lat="46.116076754093406" lon="7.274041933631842">
      <ele>2550.0</ele></trkpt>
      <trkpt lat="46.11603364121407" lon="7.274000567734141">
      <ele>2548.3</ele></trkpt>
      <trkpt lat="46.116013921513186" lon="7.273950193175251">
      <ele>2546.6</ele></trkpt>
      <trkpt lat="46.11597982247861" lon="7.273946066251887">
      <ele>2544.9</ele></trkpt>
      <trkpt lat="46.115944344753494" lon="7.273952640821299">
      <ele>2544.1</ele></trkpt>
      <trkpt lat="46.115911725187296" lon="7.2739698911483845">
      <ele>2543.3</ele></trkpt>
      <trkpt lat="46.115881911479754" lon="7.273974301387418">
      <ele>2542.4</ele></trkpt>
      <trkpt lat="46.11584426383433" lon="7.273991838481488">
      <ele>2541.6</ele></trkpt>
      <trkpt lat="46.11582433431208" lon="7.274001121289067">
      <ele>2540.8</ele></trkpt>
      <trkpt lat="46.115761517544435" lon="7.274025059478532">
      <ele>2540.0</ele></trkpt>
      <trkpt lat="46.11569280839597" lon="7.2740549525602045">
      <ele>2539.2</ele></trkpt>
      <trkpt lat="46.11562416065864" lon="7.274108464737722">
      <ele>2538.3</ele></trkpt>
      <trkpt lat="46.11557508932065" lon="7.274126437063556">
      <ele>2537.5</ele></trkpt>
      <trkpt lat="46.115537915484964" lon="7.274197523446661">
      <ele>2536.7</ele></trkpt>
      <trkpt lat="46.11547229043104" lon="7.27428209603617">
      <ele>2535.9</ele></trkpt>
      <trkpt lat="46.11545328624707" lon="7.274321462663618">
      <ele>2535.1</ele></trkpt>
      <trkpt lat="46.115414289491554" lon="7.274370086186421">
      <ele>2534.2</ele></trkpt>
      <trkpt lat="46.11538451866462" lon="7.274391609000832">
      <ele>2533.4</ele></trkpt>
      <trkpt lat="46.11528573202265" lon="7.274448716460041">
      <ele>2532.6</ele></trkpt>
      <trkpt lat="46.11520327574646" lon="7.274520623914366">
      <ele>2531.8</ele></trkpt>
      <trkpt lat="46.11518216354972" lon="7.274539378336391">
      <ele>2531.0</ele></trkpt>
      <trkpt lat="46.11516500939021" lon="7.274564329608891">
      <ele>2530.1</ele></trkpt>
      <trkpt lat="46.11510827642559" lon="7.274540790421928">
      <ele>2529.3</ele></trkpt>
      <trkpt lat="46.115049557125324" lon="7.274543152902639">
      <ele>2528.5</ele></trkpt>
      <trkpt lat="46.114984905197296" lon="7.274523802620751">
      <ele>2528.8</ele></trkpt>
      <trkpt lat="46.11494070930542" lon="7.2745602953683015">
      <ele>2529.1</ele></trkpt>
      <trkpt lat="46.114901789226025" lon="7.274599850700621">
      <ele>2529.4</ele></trkpt>
      <trkpt lat="46.11484966496292" lon="7.274578367316256">
      <ele>2529.7</ele></trkpt>
      <trkpt lat="46.11482327539161" lon="7.274592998303062">
      <ele>2530.0</ele></trkpt>
      <trkpt lat="46.11476522616439" lon="7.274579823981134">
      <ele>2530.3</ele></trkpt>
      <trkpt lat="46.11472761452502" lon="7.274554119111376">
      <ele>2530.6</ele></trkpt>
      <trkpt lat="46.11467945122259" lon="7.274528471862457">
      <ele>2530.9</ele></trkpt>
      <trkpt lat="46.11463524752773" lon="7.274522473637366">
      <ele>2531.2</ele></trkpt>
      <trkpt lat="46.114622718286164" lon="7.274511141620118">
      <ele>2531.6</ele></trkpt>
      <trkpt lat="46.11461215142279" lon="7.274482186530792">
      <ele>2531.9</ele></trkpt>
      <trkpt lat="46.11457663883526" lon="7.2744400741909665">
      <ele>2532.2</ele></trkpt>
      <trkpt lat="46.11454419790833" lon="7.274431764152991">
      <ele>2532.5</ele></trkpt>
      <trkpt lat="46.114399714109034" lon="7.274383809846894">
      <ele>2532.8</ele></trkpt>
      <trkpt lat="46.11437398547383" lon="7.274364265264883">
      <ele>2533.1</ele></trkpt>
      <trkpt lat="46.1143231755087" lon="7.274287857549447">
      <ele>2533.4</ele></trkpt>
      <trkpt lat="46.1142816024862" lon="7.274229013360369">
      <ele>2533.7</ele></trkpt>
      <trkpt lat="46.114236077473514" lon="7.274174333202977">
      <ele>2534.0</ele></trkpt>
      <trkpt lat="46.11419384766753" lon="7.274109282523609">
      <ele>2534.3</ele></trkpt>
      <trkpt lat="46.114172068876975" lon="7.274034805583775">
      <ele>2534.6</ele></trkpt>
      <trkpt lat="46.11414303705124" lon="7.273989375988851">
      <ele>2533.6</ele></trkpt>
      <trkpt lat="46.11413313072863" lon="7.273920011346545">
      <ele>2532.6</ele></trkpt>
      <trkpt lat="46.11410014138954" lon="7.273918105998313">
      <ele>2531.7</ele></trkpt>
      <trkpt lat="46.114099473428006" lon="7.273854909244396">
      <ele>2530.7</ele></trkpt>
      <trkpt lat="46.114081657750646" lon="7.273839467290691">
      <ele>2529.7</ele></trkpt>
      <trkpt lat="46.11404827388539" lon="7.2738261160167035">
      <ele>2528.7</ele></trkpt>
      <trkpt lat="46.114033980947" lon="7.273789799863819">
      <ele>2527.7</ele></trkpt>
      <trkpt lat="46.1140011741926" lon="7.2737343058291275">
      <ele>2526.8</ele></trkpt>
      <trkpt lat="46.11396986221963" lon="7.273704495527067">
      <ele>2525.8</ele></trkpt>
      <trkpt lat="46.11394422322741" lon="7.2736725080362294">
      <ele>2524.8</ele></trkpt>
      <trkpt lat="46.11392138690834" lon="7.2736255338134885">
      <ele>2523.8</ele></trkpt>
      <trkpt lat="46.11390704774885" lon="7.273569958289839">
      <ele>2522.8</ele></trkpt>
      <trkpt lat="46.113906943308145" lon="7.273529305099158">
      <ele>2521.9</ele></trkpt>
      <trkpt lat="46.1139110780417" lon="7.2734779292209755">
      <ele>2520.9</ele></trkpt>
      <trkpt lat="46.11393371448911" lon="7.273443596924853">
      <ele>2519.9</ele></trkpt>
      <trkpt lat="46.11393648035276" lon="7.273415766176593">
      <ele>2518.9</ele></trkpt>
      <trkpt lat="46.113969065759335" lon="7.273381390791217">
      <ele>2517.9</ele></trkpt>
      <trkpt lat="46.11398742305615" lon="7.273342790007937">
      <ele>2517.0</ele></trkpt>
      <trkpt lat="46.11398870928422" lon="7.273293569815964">
      <ele>2516.0</ele></trkpt>
      <trkpt lat="46.11397004422964" lon="7.273208063738145">
      <ele>2515.0</ele></trkpt>
      <trkpt lat="46.113955677036245" lon="7.273139644271134">
      <ele>2514.8</ele></trkpt>
      <trkpt lat="46.11393577239029" lon="7.273129033539146">
      <ele>2514.6</ele></trkpt>
      <trkpt lat="46.11390590034236" lon="7.273112037460704">
      <ele>2514.4</ele></trkpt>
      <trkpt lat="46.11390294062397" lon="7.273062843147254">
      <ele>2514.2</ele></trkpt>
      <trkpt lat="46.1138800797777" lon="7.273011587931933">
      <ele>2514.0</ele></trkpt>
      <trkpt lat="46.11385307142485" lon="7.272996730391792">
      <ele>2513.8</ele></trkpt>
      <trkpt lat="46.11380188555833" lon="7.272971275181841">
      <ele>2513.6</ele></trkpt>
      <trkpt lat="46.11375353012822" lon="7.272943677223992">
      <ele>2513.4</ele></trkpt>
      <trkpt lat="46.11371650495084" lon="7.272901040819327">
      <ele>2513.2</ele></trkpt>
      <trkpt lat="46.11368810942364" lon="7.272903300021658">
      <ele>2513.0</ele></trkpt>
      <trkpt lat="46.11364692821005" lon="7.272903476764272">
      <ele>2512.8</ele></trkpt>
      <trkpt lat="46.113608555887126" lon="7.272892961043531">
      <ele>2512.6</ele></trkpt>
      <trkpt lat="46.11358719892082" lon="7.272867363742382">
      <ele>2512.4</ele></trkpt>
      <trkpt lat="46.11358566665206" lon="7.272822433792929">
      <ele>2512.2</ele></trkpt>
      <trkpt lat="46.113567115845875" lon="7.272790425410103">
      <ele>2512.0</ele></trkpt>
      <trkpt lat="46.113532966894354" lon="7.27275847737251">
      <ele>2511.8</ele></trkpt>
      <trkpt lat="46.11350877363952" lon="7.272737183039745">
      <ele>2511.6</ele></trkpt>
      <trkpt lat="46.113486075842644" lon="7.272747987658069">
      <ele>2511.4</ele></trkpt>
      <trkpt lat="46.113460550743056" lon="7.272763069246366">
      <ele>2511.2</ele></trkpt>
      <trkpt lat="46.11341796984376" lon="7.272771825921798">
      <ele>2511.0</ele></trkpt>
      <trkpt lat="46.113368288358316" lon="7.272778457027496">
      <ele>2510.5</ele></trkpt>
      <trkpt lat="46.113324270886324" lon="7.272782936726625">
      <ele>2510.1</ele></trkpt>
      <trkpt lat="46.113287393511044" lon="7.272798065669466">
      <ele>2509.6</ele></trkpt>
      <trkpt lat="46.11323915175046" lon="7.2728111207895365">
      <ele>2509.1</ele></trkpt>
      <trkpt lat="46.11319369141649" lon="7.272807042227961">
      <ele>2508.7</ele></trkpt>
      <trkpt lat="46.11314816907235" lon="7.272773007700376">
      <ele>2508.2</ele></trkpt>
      <trkpt lat="46.113094112733215" lon="7.272734730798945">
      <ele>2507.7</ele></trkpt>
      <trkpt lat="46.11306705532085" lon="7.272704882765729">
      <ele>2507.3</ele></trkpt>
      <trkpt lat="46.11305557402959" lon="7.272660009361502">
      <ele>2506.8</ele></trkpt>
      <trkpt lat="46.113038484025004" lon="7.2726365465500304">
      <ele>2506.3</ele></trkpt>
      <trkpt lat="46.113014340225874" lon="7.272636658758156">
      <ele>2505.9</ele></trkpt>
      <trkpt lat="46.11297893362706" lon="7.2726731896732355">
      <ele>2505.4</ele></trkpt>
      <trkpt lat="46.11294780342184" lon="7.272718244243594">
      <ele>2505.0</ele></trkpt>
      <trkpt lat="46.11293086176676" lon="7.2727589743754795">
      <ele>2504.5</ele></trkpt>
      <trkpt lat="46.112908271837945" lon="7.272812578413686">
      <ele>2504.0</ele></trkpt>
      <trkpt lat="46.112882777301095" lon="7.272836222276396">
      <ele>2503.6</ele></trkpt>
      <trkpt lat="46.112851594503155" lon="7.27285776215132">
      <ele>2503.1</ele></trkpt>
      <trkpt lat="46.11281755384769" lon="7.272875029404247">
      <ele>2502.6</ele></trkpt>
      <trkpt lat="46.11278633732396" lon="7.272885859689028">
      <ele>2502.2</ele></trkpt>
      <trkpt lat="46.11274520824889" lon="7.272903161354445">
      <ele>2501.7</ele></trkpt>
      <trkpt lat="46.11271110603365" lon="7.272896888241482">
      <ele>2500.9</ele></trkpt>
      <trkpt lat="46.11266286739801" lon="7.272912077290351">
      <ele>2500.0</ele></trkpt>
      <trkpt lat="46.112624559746195" lon="7.272927223237758">
      <ele>2499.2</ele></trkpt>
      <trkpt lat="46.11258482140772" lon="7.272935971024308">
      <ele>2498.3</ele></trkpt>
      <trkpt lat="46.11254362805064" lon="7.27293400068227">
      <ele>2497.5</ele></trkpt>
      <trkpt lat="46.11249536786386" lon="7.272940640155069">
      <ele>2496.7</ele></trkpt>
      <trkpt lat="46.11245278380268" lon="7.272947249457063">
      <ele>2495.8</ele></trkpt>
      <trkpt lat="46.112404496187565" lon="7.272947460661667">
      <ele>2495.0</ele></trkpt>
      <trkpt lat="46.11236614182626" lon="7.272936919226122">
      <ele>2494.1</ele></trkpt>
      <trkpt lat="46.112329209210834" lon="7.2729328147444665">
      <ele>2493.3</ele></trkpt>
      <trkpt lat="46.11230927709976" lon="7.272915763235456">
      <ele>2492.5</ele></trkpt>
      <trkpt lat="46.11232199182817" lon="7.272887903086614">
      <ele>2491.6</ele></trkpt>
      <trkpt lat="46.11234320051889" lon="7.27284929464356">
      <ele>2490.8</ele></trkpt>
      <trkpt lat="46.11232041957348" lon="7.272827996445725">
      <ele>2489.9</ele></trkpt>
      <trkpt lat="46.11230468617642" lon="7.27277885531228">
      <ele>2489.1</ele></trkpt>
      <trkpt lat="46.11228326491568" lon="7.272734012721567">
      <ele>2488.3</ele></trkpt>
      <trkpt lat="46.11226896847144" lon="7.272695550955815">
      <ele>2487.4</ele></trkpt>
      <trkpt lat="46.11228019395775" lon="7.272639873766536">
      <ele>2486.6</ele></trkpt>
      <trkpt lat="46.11229285957858" lon="7.272597022937221">
      <ele>2485.7</ele></trkpt>
      <trkpt lat="46.112275717396244" lon="7.272556448642206">
      <ele>2484.9</ele></trkpt>
      <trkpt lat="46.1122359480141" lon="7.272550193038327">
      <ele>2484.7</ele></trkpt>
      <trkpt lat="46.11220185210027" lon="7.272548214344436">
      <ele>2484.6</ele></trkpt>
      <trkpt lat="46.11217908007484" lon="7.27252690336585">
      <ele>2484.4</ele></trkpt>
      <trkpt lat="46.11214910899113" lon="7.272467135056619">
      <ele>2484.3</ele></trkpt>
      <trkpt lat="46.11212198357005" lon="7.272409479357626">
      <ele>2484.1</ele></trkpt>
      <trkpt lat="46.112104866073665" lon="7.272379601749926">
      <ele>2484.0</ele></trkpt>
      <trkpt lat="46.11210757585335" lon="7.272326097677374">
      <ele>2483.8</ele></trkpt>
      <trkpt lat="46.1121258832613" lon="7.272266104844353">
      <ele>2483.7</ele></trkpt>
      <trkpt lat="46.11214817335085" lon="7.272228954566911">
      <ele>2483.5</ele></trkpt>
      <trkpt lat="46.112126286335794" lon="7.272197823988876">
      <ele>2483.4</ele></trkpt>
      <trkpt lat="46.11209461096681" lon="7.272171961626047">
      <ele>2483.2</ele></trkpt>
      <trkpt lat="46.112071977103405" lon="7.272152888038621">
      <ele>2483.0</ele></trkpt>
      <trkpt lat="46.112044821440655" lon="7.272129715187485">
      <ele>2482.9</ele></trkpt>
      <trkpt lat="46.11202067721507" lon="7.272105149218136">
      <ele>2482.7</ele></trkpt>
      <trkpt lat="46.111997284557454" lon="7.272077838934589">
      <ele>2482.6</ele></trkpt>
      <trkpt lat="46.11197163809555" lon="7.272053290526953">
      <ele>2482.4</ele></trkpt>
      <trkpt lat="46.111941504328954" lon="7.272048014789508">
      <ele>2482.3</ele></trkpt>
      <trkpt lat="46.11191066021817" lon="7.272055132137293">
      <ele>2482.1</ele></trkpt>
      <trkpt lat="46.1118880837347" lon="7.272056662573862">
      <ele>2482.0</ele></trkpt>
      <trkpt lat="46.111868471431315" lon="7.2720430639605995">
      <ele>2481.8</ele></trkpt>
      <trkpt lat="46.111842059202786" lon="7.2720116499409535">
      <ele>2481.8</ele></trkpt>
      <trkpt lat="46.111805095350704" lon="7.271980319894521">
      <ele>2481.8</ele></trkpt>
      <trkpt lat="46.11177792051447" lon="7.271950279285908">
      <ele>2481.8</ele></trkpt>
      <trkpt lat="46.11174696036416" lon="7.271909282142">
      <ele>2481.8</ele></trkpt>
      <trkpt lat="46.111719777386995" lon="7.271873744632566">
      <ele>2481.8</ele></trkpt>
      <trkpt lat="46.111703923978155" lon="7.271853240771575">
      <ele>2481.8</ele></trkpt>
      <trkpt lat="46.11168807060385" lon="7.271832762790633">
      <ele>2481.8</ele></trkpt>
      <trkpt lat="46.11167220209328" lon="7.271808133024886">
      <ele>2481.8</ele></trkpt>
      <trkpt lat="46.11165784074407" lon="7.271780743707412">
      <ele>2481.8</ele></trkpt>
      <trkpt lat="46.11164496858238" lon="7.271750607827053">
      <ele>2481.8</ele></trkpt>
      <trkpt lat="46.11162680185618" lon="7.2717108781257265">
      <ele>2481.7</ele></trkpt>
      <trkpt lat="46.11161091502746" lon="7.271673883502989">
      <ele>2481.7</ele></trkpt>
      <trkpt lat="46.1115927532315" lon="7.271631424747761">
      <ele>2481.7</ele></trkpt>
      <trkpt lat="46.11158213682657" lon="7.27159988515823">
      <ele>2481.7</ele></trkpt>
      <trkpt lat="46.11156621569514" lon="7.271551896747801">
      <ele>2481.7</ele></trkpt>
      <trkpt lat="46.11154955808939" lon="7.271510778606008">
      <ele>2481.7</ele></trkpt>
      <trkpt lat="46.11153065486536" lon="7.271477945160495">
      <ele>2481.7</ele></trkpt>
      <trkpt lat="46.11151253336645" lon="7.271450593382143">
      <ele>2481.7</ele></trkpt>
      <trkpt lat="46.11149588998191" lon="7.271419098199851">
      <ele>2481.7</ele></trkpt>
      <trkpt lat="46.111483763146666" lon="7.27138207929873">
      <ele>2481.7</ele></trkpt>
      <trkpt lat="46.11147843717589" lon="7.271357378655065">
      <ele>2481.9</ele></trkpt>
      <trkpt lat="46.11146329888834" lon="7.271321752949872">
      <ele>2482.2</ele></trkpt>
      <trkpt lat="46.1114481728253" lon="7.2712943791425415">
      <ele>2482.4</ele></trkpt>
      <trkpt lat="46.11143152126426" lon="7.271257400039904">
      <ele>2482.7</ele></trkpt>
      <trkpt lat="46.11141188235235" lon="7.271225927081543">
      <ele>2482.9</ele></trkpt>
      <trkpt lat="46.11138999579543" lon="7.271201354872908">
      <ele>2483.2</ele></trkpt>
      <trkpt lat="46.11136582606079" lon="7.271165795771448">
      <ele>2483.4</ele></trkpt>
      <trkpt lat="46.111337883180205" lon="7.271127532134481">
      <ele>2483.7</ele></trkpt>
      <trkpt lat="46.1113069329282" lon="7.271093403712082">
      <ele>2483.9</ele></trkpt>
      <trkpt lat="46.1112775282199" lon="7.27107026448197">
      <ele>2484.2</ele></trkpt>
      <trkpt lat="46.111248099350775" lon="7.271042973540229">
      <ele>2484.4</ele></trkpt>
      <trkpt lat="46.11121944329277" lon="7.271021203066153">
      <ele>2484.7</ele></trkpt>
      <trkpt lat="46.11120133597715" lon="7.271003474431434">
      <ele>2484.9</ele></trkpt>
      <trkpt lat="46.11118171538265" lon="7.270984379453627">
      <ele>2485.2</ele></trkpt>
      <trkpt lat="46.11116210174361" lon="7.270963913467513">
      <ele>2485.4</ele></trkpt>
      <trkpt lat="46.11113642478885" lon="7.27093111418297">
      <ele>2485.7</ele></trkpt>
      <trkpt lat="46.111126578935995" lon="7.2709036985589535">
      <ele>2485.9</ele></trkpt>
      <trkpt lat="46.11110842706067" lon="7.270868108336141">
      <ele>2486.2</ele></trkpt>
      <trkpt lat="46.111089540799476" lon="7.270840759321435">
      <ele>2486.4</ele></trkpt>
      <trkpt lat="46.11105932891133" lon="7.270801132020401">
      <ele>2486.7</ele></trkpt>
      <trkpt lat="46.11103289916752" lon="7.270764222195806">
      <ele>2487.6</ele></trkpt>
      <trkpt lat="46.11100271546143" lon="7.270731462809143">
      <ele>2488.6</ele></trkpt>
      <trkpt lat="46.11097631922852" lon="7.270711043708257">
      <ele>2489.5</ele></trkpt>
      <trkpt lat="46.11092175781159" lon="7.270696518585235">
      <ele>2490.5</ele></trkpt>
      <trkpt lat="46.11090440895893" lon="7.270674687772711">
      <ele>2491.4</ele></trkpt>
      <trkpt lat="46.110863366490385" lon="7.270623026694354">
      <ele>2492.4</ele></trkpt>
      <trkpt lat="46.110770645115444" lon="7.270595762846655">
      <ele>2493.3</ele></trkpt>
      <trkpt lat="46.110715001648266" lon="7.270573467971865">
      <ele>2494.3</ele></trkpt>
      <trkpt lat="46.11064539338267" lon="7.270518454696876">
      <ele>2495.2</ele></trkpt>
      <trkpt lat="46.11059169838067" lon="7.2704756667582995">
      <ele>2496.2</ele></trkpt>
      <trkpt lat="46.11058697754363" lon="7.270428589210634">
      <ele>2497.1</ele></trkpt>
      <trkpt lat="46.110567107944384" lon="7.270423554492725">
      <ele>2498.1</ele></trkpt>
      <trkpt lat="46.11055048319224" lon="7.270380613675759">
      <ele>2499.0</ele></trkpt>
      <trkpt lat="46.1105000056547" lon="7.270287645770655">
      <ele>2500.0</ele></trkpt>
      <trkpt lat="46.11042095382945" lon="7.270137456544628">
      <ele>2500.9</ele></trkpt>
      <trkpt lat="46.11035405695674" lon="7.270115209944925">
      <ele>2501.9</ele></trkpt>
      <trkpt lat="46.11027516038248" lon="7.270051017456492">
      <ele>2502.8</ele></trkpt>
      <trkpt lat="46.11018177473619" lon="7.270024778689763">
      <ele>2503.8</ele></trkpt>
      <trkpt lat="46.11008509694543" lon="7.270004706628487">
      <ele>2504.8</ele></trkpt>
      <trkpt lat="46.10999360629259" lon="7.269928279450789">
      <ele>2505.7</ele></trkpt>
      <trkpt lat="46.10993792614577" lon="7.269887555192797">
      <ele>2505.9</ele></trkpt>
      <trkpt lat="46.109809357490306" lon="7.2698061730672014">
      <ele>2506.1</ele></trkpt>
      <trkpt lat="46.10976991698612" lon="7.269953777311034">
      <ele>2506.3</ele></trkpt>
      <trkpt lat="46.10973697973613" lon="7.270040948273417">
      <ele>2506.5</ele></trkpt>
      <trkpt lat="46.10963044724218" lon="7.270065954530764">
      <ele>2506.6</ele></trkpt>
      <trkpt lat="46.1095282788915" lon="7.270049689091168">
      <ele>2506.8</ele></trkpt>
      <trkpt lat="46.1094983511026" lon="7.2699836521213825">
      <ele>2507.0</ele></trkpt>
      <trkpt lat="46.10949400697222" lon="7.2699239382922105">
      <ele>2507.2</ele></trkpt>
      <trkpt lat="46.109468317430256" lon="7.269840816021853">
      <ele>2507.4</ele></trkpt>
      <trkpt lat="46.109441248072486" lon="7.2697854535212265">
      <ele>2507.6</ele></trkpt>
      <trkpt lat="46.10940001372712" lon="7.26976213250083">
      <ele>2507.8</ele></trkpt>
      <trkpt lat="46.10936016556672" lon="7.269715358714683">
      <ele>2508.0</ele></trkpt>
      <trkpt lat="46.10934021531213" lon="7.26966848462292">
      <ele>2508.2</ele></trkpt>
      <trkpt lat="46.109317435252564" lon="7.26963015545611">
      <ele>2508.4</ele></trkpt>
      <trkpt lat="46.10930317391096" lon="7.269591812882049">
      <ele>2508.6</ele></trkpt>
      <trkpt lat="46.10928605080315" lon="7.2695406749994795">
      <ele>2508.7</ele></trkpt>
      <trkpt lat="46.10923624916136" lon="7.269478994096563">
      <ele>2508.9</ele></trkpt>
      <trkpt lat="46.109189297058165" lon="7.269427974614708">
      <ele>2509.1</ele></trkpt>
      <trkpt lat="46.10915799561105" lon="7.269393940119841">
      <ele>2509.3</ele></trkpt>
      <trkpt lat="46.109118169098714" lon="7.269355702842645">
      <ele>2509.5</ele></trkpt>
      <trkpt lat="46.10907122970901" lon="7.269313193763787">
      <ele>2509.0</ele></trkpt>
      <trkpt lat="46.109037108113554" lon="7.269294132175814">
      <ele>2508.5</ele></trkpt>
      <trkpt lat="46.10898451240756" lon="7.269270859871843">
      <ele>2508.0</ele></trkpt>
      <trkpt lat="46.108943302987164" lon="7.26925822238235">
      <ele>2507.5</ele></trkpt>
      <trkpt lat="46.10889927343655" lon="7.26926054470997">
      <ele>2506.9</ele></trkpt>
      <trkpt lat="46.10885810304128" lon="7.269279904418078">
      <ele>2506.4</ele></trkpt>
      <trkpt lat="46.108814086280326" lon="7.269290749804512">
      <ele>2505.9</ele></trkpt>
      <trkpt lat="46.10878282903678" lon="7.269280202550642">
      <ele>2505.4</ele></trkpt>
      <trkpt lat="46.108761467541726" lon="7.269246137558316">
      <ele>2504.9</ele></trkpt>
      <trkpt lat="46.10874862415103" lon="7.269205657064153">
      <ele>2504.4</ele></trkpt>
      <trkpt lat="46.10874002276548" lon="7.2691566144484465">
      <ele>2503.9</ele></trkpt>
      <trkpt lat="46.10873143674593" lon="7.269111826887084">
      <ele>2503.4</ele></trkpt>
      <trkpt lat="46.10870009037187" lon="7.269047955674817">
      <ele>2502.9</ele></trkpt>
      <trkpt lat="46.10867586957271" lon="7.268996827644037">
      <ele>2502.4</ele></trkpt>
      <trkpt lat="46.108634641483725" lon="7.268977775538527">
      <ele>2501.9</ele></trkpt>
      <trkpt lat="46.10859914604311" lon="7.268984326639821">
      <ele>2501.3</ele></trkpt>
      <trkpt lat="46.10856079260276" lon="7.268986605671817">
      <ele>2500.8</ele></trkpt>
      <trkpt lat="46.10853518840483" lon="7.268954713985988">
      <ele>2500.3</ele></trkpt>
      <trkpt lat="46.10849815739977" lon="7.268897236900816">
      <ele>2499.8</ele></trkpt>
      <trkpt lat="46.1084669161886" lon="7.268897372815082">
      <ele>2499.3</ele></trkpt>
      <trkpt lat="46.10844269853237" lon="7.26884837905818">
      <ele>2498.7</ele></trkpt>
      <trkpt lat="46.108436920930345" lon="7.268792925994611">
      <ele>2498.1</ele></trkpt>
      <trkpt lat="46.1084183594906" lon="7.268724734598684">
      <ele>2497.6</ele></trkpt>
      <trkpt lat="46.10839838311468" lon="7.268660789781077">
      <ele>2497.0</ele></trkpt>
      <trkpt lat="46.10836845453585" lon="7.268594767872328">
      <ele>2496.4</ele></trkpt>
      <trkpt lat="46.10833572192687" lon="7.268554349773053">
      <ele>2495.8</ele></trkpt>
      <trkpt lat="46.108275999733976" lon="7.268511920616842">
      <ele>2495.2</ele></trkpt>
      <trkpt lat="46.108213428501806" lon="7.268465219519111">
      <ele>2494.7</ele></trkpt>
      <trkpt lat="46.10816933460703" lon="7.268424862893571">
      <ele>2494.1</ele></trkpt>
      <trkpt lat="46.10813235740033" lon="7.2683972621975">
      <ele>2493.5</ele></trkpt>
      <trkpt lat="46.10808685439311" lon="7.268359031132491">
      <ele>2492.9</ele></trkpt>
      <trkpt lat="46.10805129845486" lon="7.268331426089883">
      <ele>2492.3</ele></trkpt>
      <trkpt lat="46.10801430127077" lon="7.26828464560695">
      <ele>2491.8</ele></trkpt>
      <trkpt lat="46.10797445501549" lon="7.268233580250698">
      <ele>2491.2</ele></trkpt>
      <trkpt lat="46.10795022166954" lon="7.268180345185495">
      <ele>2490.6</ele></trkpt>
      <trkpt lat="46.10801845235563" lon="7.268209943279255">
      <ele>2490.0</ele></trkpt>
      <trkpt lat="46.10804404001959" lon="7.268224788367052">
      <ele>2489.4</ele></trkpt>
      <trkpt lat="46.108079573410436" lon="7.268237442581543">
      <ele>2488.9</ele></trkpt>
      <trkpt lat="46.1081165126645" lon="7.268245837386832">
      <ele>2488.3</ele></trkpt>
      <trkpt lat="46.1081648247051" lon="7.268249902874751">
      <ele>2487.7</ele></trkpt>
      <trkpt lat="46.10820459684221" lon="7.268251873960635">
      <ele>2487.0</ele></trkpt>
      <trkpt lat="46.108254302549895" lon="7.268249559004084">
      <ele>2486.2</ele></trkpt>
      <trkpt lat="46.10829832887451" lon="7.268245114838927">
      <ele>2485.5</ele></trkpt>
      <trkpt lat="46.10833667907687" lon="7.268240701312491">
      <ele>2484.8</ele></trkpt>
      <trkpt lat="46.108384956346" lon="7.268227694948408">
      <ele>2484.1</ele></trkpt>
      <trkpt lat="46.108430400079754" lon="7.268214723271504">
      <ele>2483.3</ele></trkpt>
      <trkpt lat="46.108434651714695" lon="7.268212576003508">
      <ele>2482.6</ele></trkpt>
      <trkpt lat="46.10847865870179" lon="7.268195327852993">
      <ele>2481.9</ele></trkpt>
      <trkpt lat="46.10852692951993" lon="7.268178053430868">
      <ele>2481.2</ele></trkpt>
      <trkpt lat="46.10855391201406" lon="7.268169420253512">
      <ele>2480.4</ele></trkpt>
      <trkpt lat="46.10858374997025" lon="7.268169314170042">
      <ele>2479.7</ele></trkpt>
      <trkpt lat="46.10862210792744" lon="7.268181946722769">
      <ele>2479.0</ele></trkpt>
      <trkpt lat="46.1086477174833" lon="7.2682053279204375">
      <ele>2478.3</ele></trkpt>
      <trkpt lat="46.10867615412391" lon="7.268224406434702">
      <ele>2477.5</ele></trkpt>
      <trkpt lat="46.10870028505777" lon="7.268215782156436">
      <ele>2476.8</ele></trkpt>
      <trkpt lat="46.10872723210306" lon="7.268183674971841">
      <ele>2476.1</ele></trkpt>
      <trkpt lat="46.108742818535426" lon="7.2681580052572325">
      <ele>2475.4</ele></trkpt>
      <trkpt lat="46.108768361057614" lon="7.268142961563781">
      <ele>2474.6</ele></trkpt>
      <trkpt lat="46.108802428079464" lon="7.268125770157793">
      <ele>2473.9</ele></trkpt>
      <trkpt lat="46.10884643439598" lon="7.268102132712839">
      <ele>2473.2</ele></trkpt>
      <trkpt lat="46.108896110360405" lon="7.268074183620373">
      <ele>2472.4</ele></trkpt>
      <trkpt lat="46.10893726762678" lon="7.268046274024114">
      <ele>2471.6</ele></trkpt>
      <trkpt lat="46.10897984687354" lon="7.268024774935431">
      <ele>2470.8</ele></trkpt>
      <trkpt lat="46.10903380028247" lon="7.268011763423794">
      <ele>2469.9</ele></trkpt>
      <trkpt lat="46.10907780403423" lon="7.267992393841938">
      <ele>2469.1</ele></trkpt>
      <trkpt lat="46.10910052197687" lon="7.2679773717400815">
      <ele>2468.3</ele></trkpt>
      <trkpt lat="46.10910189231082" lon="7.267949625137784">
      <ele>2467.5</ele></trkpt>
      <trkpt lat="46.10908054332597" lon="7.267924096521698">
      <ele>2466.7</ele></trkpt>
      <trkpt lat="46.1090407679321" lon="7.267919978697551">
      <ele>2465.9</ele></trkpt>
      <trkpt lat="46.109002391933586" lon="7.267907333354881">
      <ele>2465.1</ele></trkpt>
      <trkpt lat="46.10896401522366" lon="7.267888273041198">
      <ele>2464.2</ele></trkpt>
      <trkpt lat="46.10892848179062" lon="7.26787561884911">
      <ele>2463.4</ele></trkpt>
      <trkpt lat="46.10889577729545" lon="7.267848004776839">
      <ele>2462.6</ele></trkpt>
      <trkpt lat="46.108875820540234" lon="7.267803291666691">
      <ele>2461.8</ele></trkpt>
      <trkpt lat="46.108850142345624" lon="7.267728694420593">
      <ele>2461.0</ele></trkpt>
      <trkpt lat="46.1088386744553" lon="7.26765834664291">
      <ele>2460.2</ele></trkpt>
      <trkpt lat="46.10883721113751" lon="7.267630609039736">
      <ele>2459.3</ele></trkpt>
      <trkpt lat="46.1088527352996" lon="7.267558003916867">
      <ele>2458.5</ele></trkpt>
      <trkpt lat="46.10886687187691" lon="7.267519521481587">
      <ele>2457.7</ele></trkpt>
      <trkpt lat="46.10888386328094" lon="7.267483189960853">
      <ele>2456.9</ele></trkpt>
      <trkpt lat="46.10890659733824" lon="7.267478837734602">
      <ele>2455.5</ele></trkpt>
      <trkpt lat="46.108936465826865" lon="7.267510728515824">
      <ele>2454.1</ele></trkpt>
      <trkpt lat="46.10896210207512" lon="7.2675575577935785">
      <ele>2452.7</ele></trkpt>
      <trkpt lat="46.108982038853696" lon="7.2675830906351955">
      <ele>2451.3</ele></trkpt>
      <trkpt lat="46.1090261298192" lon="7.267621313169894">
      <ele>2449.9</ele></trkpt>
      <trkpt lat="46.109077269031566" lon="7.267621127138245">
      <ele>2448.5</ele></trkpt>
      <trkpt lat="46.109141181753984" lon="7.267620862299828">
      <ele>2447.1</ele></trkpt>
      <trkpt lat="46.1092363408029" lon="7.267611963479208">
      <ele>2445.7</ele></trkpt>
      <trkpt lat="46.1093002560538" lon="7.267607430556625">
      <ele>2444.3</ele></trkpt>
      <trkpt lat="46.10935851458627" lon="7.267615732483177">
      <ele>2442.9</ele></trkpt>
      <trkpt lat="46.109406824146994" lon="7.267624078520239">
      <ele>2441.4</ele></trkpt>
      <trkpt lat="46.10946790657098" lon="7.267625982453885">
      <ele>2440.0</ele></trkpt>
      <trkpt lat="46.10959292216095" lon="7.2676351747164984">
      <ele>2438.6</ele></trkpt>
      <trkpt lat="46.109664602578974" lon="7.267661671083687">
      <ele>2437.2</ele></trkpt>
      <trkpt lat="46.10971715740101" lon="7.267693362048145">
      <ele>2435.8</ele></trkpt>
      <trkpt lat="46.10977045328496" lon="7.267733263615813">
      <ele>2434.4</ele></trkpt>
      <trkpt lat="46.109833041306906" lon="7.267796791840308">
      <ele>2433.0</ele></trkpt>
      <trkpt lat="46.10988427540346" lon="7.267859295160158">
      <ele>2431.6</ele></trkpt>
      <trkpt lat="46.10993195595667" lon="7.267915666209873">
      <ele>2430.2</ele></trkpt>
      <trkpt lat="46.11001942506008" lon="7.268002721068443">
      <ele>2428.8</ele></trkpt>
      <trkpt lat="46.11009474706326" lon="7.2680579713339455">
      <ele>2428.0</ele></trkpt>
      <trkpt lat="46.1101806849534" lon="7.268108066838319">
      <ele>2427.2</ele></trkpt>
      <trkpt lat="46.110238975371345" lon="7.2681613141196175">
      <ele>2426.3</ele></trkpt>
      <trkpt lat="46.11030028484806" lon="7.268265925010226">
      <ele>2425.5</ele></trkpt>
      <trkpt lat="46.11034024240985" lon="7.2683490291794834">
      <ele>2424.7</ele></trkpt>
      <trkpt lat="46.11040935697005" lon="7.26845771615971">
      <ele>2423.9</ele></trkpt>
      <trkpt lat="46.11052160170327" lon="7.268534426015768">
      <ele>2423.0</ele></trkpt>
      <trkpt lat="46.11058342530261" lon="7.268580471869438">
      <ele>2422.2</ele></trkpt>
      <trkpt lat="46.11062678371871" lon="7.2686163187831125">
      <ele>2421.4</ele></trkpt>
      <trkpt lat="46.11066656131193" lon="7.268639825072084">
      <ele>2420.6</ele></trkpt>
      <trkpt lat="46.11069561668804" lon="7.268639734611649">
      <ele>2419.7</ele></trkpt>
      <trkpt lat="46.11070900079766" lon="7.268615040999486">
      <ele>2418.9</ele></trkpt>
      <trkpt lat="46.110693292943004" lon="7.26857809907441">
      <ele>2418.1</ele></trkpt>
      <trkpt lat="46.11063282210672" lon="7.268510462329713">
      <ele>2417.2</ele></trkpt>
      <trkpt lat="46.110552414526154" lon="7.268417214233109">
      <ele>2416.4</ele></trkpt>
      <trkpt lat="46.1104435098478" lon="7.26827679519273">
      <ele>2415.6</ele></trkpt>
      <trkpt lat="46.110346674422914" lon="7.268146595509914">
      <ele>2414.8</ele></trkpt>
      <trkpt lat="46.110255513466385" lon="7.26801536972406">
      <ele>2414.0</ele></trkpt>
      <trkpt lat="46.11019774175169" lon="7.267906635208437">
      <ele>2413.1</ele></trkpt>
      <trkpt lat="46.11014267519641" lon="7.26775473260562">
      <ele>2412.3</ele></trkpt>
      <trkpt lat="46.11009863574773" lon="7.267655474803295">
      <ele>2411.7</ele></trkpt>
      <trkpt lat="46.11007009227973" lon="7.267565972362458">
      <ele>2411.0</ele></trkpt>
      <trkpt lat="46.110044407472344" lon="7.267487118427585">
      <ele>2410.4</ele></trkpt>
      <trkpt lat="46.11002301885913" lon="7.267429604634038">
      <ele>2409.8</ele></trkpt>
      <trkpt lat="46.11000731603527" lon="7.267378449364249">
      <ele>2409.2</ele></trkpt>
      <trkpt lat="46.11000437883281" lon="7.267310181594232">
      <ele>2408.5</ele></trkpt>
      <trkpt lat="46.11000711447096" lon="7.26723974903102">
      <ele>2407.9</ele></trkpt>
      <trkpt lat="46.10999560807685" lon="7.267150180515943">
      <ele>2407.3</ele></trkpt>
      <trkpt lat="46.10997844021577" lon="7.2670584957692625">
      <ele>2406.6</ele></trkpt>
      <trkpt lat="46.10996978921132" lon="7.266977441662353">
      <ele>2406.0</ele></trkpt>
      <trkpt lat="46.10997252468115" lon="7.266907034994394">
      <ele>2405.4</ele></trkpt>
      <trkpt lat="46.10998520577104" lon="7.2668344112327565">
      <ele>2404.7</ele></trkpt>
      <trkpt lat="46.10999650531962" lon="7.266793828547462">
      <ele>2404.1</ele></trkpt>
      <trkpt lat="46.11000171080909" lon="7.266756472585262">
      <ele>2403.5</ele></trkpt>
      <trkpt lat="46.11000012546696" lon="7.266701923248359">
      <ele>2402.8</ele></trkpt>
      <trkpt lat="46.10998468528035" lon="7.26662853436488">
      <ele>2402.2</ele></trkpt>
      <trkpt lat="46.10996274998676" lon="7.266578550097593">
      <ele>2401.6</ele></trkpt>
      <trkpt lat="46.10991316661729" lon="7.266525393731025">
      <ele>2401.0</ele></trkpt>
      <trkpt lat="46.10987010759969" lon="7.266462167432039">
      <ele>2400.3</ele></trkpt>
      <trkpt lat="46.10984010074083" lon="7.266381064547393">
      <ele>2399.7</ele></trkpt>
      <trkpt lat="46.10979681614729" lon="7.266223203660189">
      <ele>2399.1</ele></trkpt>
      <trkpt lat="46.1097528880604" lon="7.266097640348154">
      <ele>2398.4</ele></trkpt>
      <trkpt lat="46.10971839823183" lon="7.26596757235671">
      <ele>2397.8</ele></trkpt>
      <trkpt lat="46.10968693204908" lon="7.265885362293643">
      <ele>2397.2</ele></trkpt>
      <trkpt lat="46.109646013309664" lon="7.26580432040285">
      <ele>2396.6</ele></trkpt>
      <trkpt lat="46.10961886962539" lon="7.2657076112160786">
      <ele>2395.9</ele></trkpt>
      <trkpt lat="46.10958669896187" lon="7.2656354142890045">
      <ele>2395.3</ele></trkpt>
      <trkpt lat="46.109548039022954" lon="7.265584423234003">
      <ele>2394.7</ele></trkpt>
      <trkpt lat="46.10952779432789" lon="7.265540241604179">
      <ele>2394.1</ele></trkpt>
      <trkpt lat="46.10950478275254" lon="7.265445744226508">
      <ele>2393.4</ele></trkpt>
      <trkpt lat="46.109506473852235" lon="7.265369521281959">
      <ele>2392.8</ele></trkpt>
      <trkpt lat="46.109504521854" lon="7.265293387499351">
      <ele>2392.2</ele></trkpt>
      <trkpt lat="46.10948874160677" lon="7.265192478110385">
      <ele>2391.6</ele></trkpt>
      <trkpt lat="46.10946962205228" lon="7.265131298387128">
      <ele>2390.9</ele></trkpt>
      <trkpt lat="46.10945462710431" lon="7.265073170851189">
      <ele>2390.3</ele></trkpt>
      <trkpt lat="46.109444460509245" lon="7.264960991562379">
      <ele>2389.7</ele></trkpt>
      <trkpt lat="46.1094428148472" lon="7.264897040322577">
      <ele>2389.1</ele></trkpt>
      <trkpt lat="46.10944558277258" lon="7.264842710543721">
      <ele>2388.4</ele></trkpt>
      <trkpt lat="46.10946224249445" lon="7.26476096909866">
      <ele>2387.8</ele></trkpt>
      <trkpt lat="46.10946596450608" lon="7.264712883168389">
      <ele>2387.2</ele></trkpt>
      <trkpt lat="46.10946324782072" lon="7.264654496757834">
      <ele>2386.5</ele></trkpt>
      <trkpt lat="46.109453334648265" lon="7.264607747633655">
      <ele>2385.8</ele></trkpt>
      <trkpt lat="46.1094356032515" lon="7.264548620164517">
      <ele>2385.1</ele></trkpt>
      <trkpt lat="46.10942495901285" lon="7.264465349041221">
      <ele>2384.3</ele></trkpt>
      <trkpt lat="46.10940318877621" lon="7.264295691442929">
      <ele>2383.6</ele></trkpt>
      <trkpt lat="46.109393700762496" lon="7.264244750605984">
      <ele>2382.9</ele></trkpt>
      <trkpt lat="46.10937110482718" lon="7.264204521839357">
      <ele>2382.2</ele></trkpt>
      <trkpt lat="46.10934947203479" lon="7.264170523995848">
      <ele>2381.5</ele></trkpt>
      <trkpt lat="46.10932076557042" lon="7.264105378964763">
      <ele>2380.8</ele></trkpt>
      <trkpt lat="46.109276007389454" lon="7.263962283239694">
      <ele>2380.1</ele></trkpt>
      <trkpt lat="46.10925033745949" lon="7.263877236936066">
      <ele>2379.3</ele></trkpt>
      <trkpt lat="46.10921421500988" lon="7.263792405251099">
      <ele>2378.6</ele></trkpt>
      <trkpt lat="46.10915318873765" lon="7.263664261581894">
      <ele>2377.9</ele></trkpt>
      <trkpt lat="46.109111987253904" lon="7.263570147294904">
      <ele>2377.2</ele></trkpt>
      <trkpt lat="46.10909756448912" lon="7.263527655311531">
      <ele>2376.5</ele></trkpt>
      <trkpt lat="46.10906981605122" lon="7.263349779665859">
      <ele>2375.8</ele></trkpt>
      <trkpt lat="46.10905007425933" lon="7.2632072127158125">
      <ele>2375.0</ele></trkpt>
      <trkpt lat="46.10904955339016" lon="7.263138343653657">
      <ele>2374.3</ele></trkpt>
      <trkpt lat="46.10906427316367" lon="7.263042032489433">
      <ele>2373.6</ele></trkpt>
      <trkpt lat="46.109067117778004" lon="7.262997092447179">
      <ele>2372.9</ele></trkpt>
      <trkpt lat="46.109062304668385" lon="7.262904310249082">
      <ele>2371.9</ele></trkpt>
      <trkpt lat="46.109064969561885" lon="7.262836426794588">
      <ele>2370.9</ele></trkpt>
      <trkpt lat="46.10908943738504" lon="7.262645980110922">
      <ele>2369.9</ele></trkpt>
      <trkpt lat="46.10912423523788" lon="7.262498115772944">
      <ele>2368.8</ele></trkpt>
      <trkpt lat="46.109130905734446" lon="7.262478150812402">
      <ele>2367.8</ele></trkpt>
      <trkpt lat="46.10913622889841" lon="7.262401851901815">
      <ele>2366.8</ele></trkpt>
      <trkpt lat="46.10914363711241" lon="7.262358914658396">
      <ele>2365.8</ele></trkpt>
      <trkpt lat="46.10916487111993" lon="7.262281245113812">
      <ele>2364.8</ele></trkpt>
      <trkpt lat="46.10918076840052" lon="7.262219345759042">
      <ele>2363.8</ele></trkpt>
      <trkpt lat="46.109191113996644" lon="7.262145035212508">
      <ele>2362.8</ele></trkpt>
      <trkpt lat="46.1092024425884" lon="7.262020604115268">
      <ele>2361.7</ele></trkpt>
      <trkpt lat="46.10923142712383" lon="7.261768500824679">
      <ele>2360.7</ele></trkpt>
      <trkpt lat="46.10923652797854" lon="7.261676940874202">
      <ele>2359.7</ele></trkpt>
      <trkpt lat="46.10922876804843" lon="7.261558546764281">
      <ele>2358.7</ele></trkpt>
      <trkpt lat="46.109210170340546" lon="7.26142993158425">
      <ele>2357.7</ele></trkpt>
      <trkpt lat="46.10919601492085" lon="7.26132908323687">
      <ele>2356.7</ele></trkpt>
      <trkpt lat="46.109195563445766" lon="7.26123641612731">
      <ele>2355.6</ele></trkpt>
      <trkpt lat="46.10919875321897" lon="7.26115400638789">
      <ele>2354.6</ele></trkpt>
      <trkpt lat="46.10921101280414" lon="7.261015953049617">
      <ele>2353.6</ele></trkpt>
      <trkpt lat="46.109211405412005" lon="7.260951064349972">
      <ele>2352.6</ele></trkpt>
      <trkpt lat="46.109207576483115" lon="7.260901657869237">
      <ele>2352.0</ele></trkpt>
      <trkpt lat="46.10917820471596" lon="7.260775147416035">
      <ele>2351.5</ele></trkpt>
      <trkpt lat="46.10916859737709" lon="7.260723703378186">
      <ele>2350.9</ele></trkpt>
      <trkpt lat="46.10916049790593" lon="7.260681540695916">
      <ele>2350.4</ele></trkpt>
      <trkpt lat="46.109162289614126" lon="7.260608408853061">
      <ele>2349.8</ele></trkpt>
      <trkpt lat="46.109178388257504" lon="7.260520783617377">
      <ele>2349.2</ele></trkpt>
      <trkpt lat="46.109240150338906" lon="7.260280846468591">
      <ele>2348.7</ele></trkpt>
      <trkpt lat="46.10925381268126" lon="7.260217078384926">
      <ele>2348.1</ele></trkpt>
      <trkpt lat="46.10926540684229" lon="7.26012539355189">
      <ele>2347.6</ele></trkpt>
      <trkpt lat="46.10927109653409" lon="7.260048653280592">
      <ele>2347.0</ele></trkpt>
      <trkpt lat="46.10926047187367" lon="7.259974165073168">
      <ele>2346.4</ele></trkpt>
      <trkpt lat="46.10923941922945" lon="7.259886971514272">
      <ele>2345.9</ele></trkpt>
      <trkpt lat="46.1092198889891" lon="7.2598125384136">
      <ele>2345.3</ele></trkpt>
      <trkpt lat="46.109207805809206" lon="7.259748712312403">
      <ele>2344.8</ele></trkpt>
      <trkpt lat="46.10920164268296" lon="7.259674196692935">
      <ele>2344.2</ele></trkpt>
      <trkpt lat="46.10919102791115" lon="7.259606097772015">
      <ele>2343.6</ele></trkpt>
      <trkpt lat="46.109175981739284" lon="7.259540160373742">
      <ele>2343.1</ele></trkpt>
      <trkpt lat="46.10917266986025" lon="7.259431529820446">
      <ele>2342.5</ele></trkpt>
      <trkpt lat="46.10917824079107" lon="7.259314308130407">
      <ele>2342.0</ele></trkpt>
      <trkpt lat="46.109173484979486" lon="7.259214205508447">
      <ele>2341.4</ele></trkpt>
      <trkpt lat="46.109150887793426" lon="7.259112105135434">
      <ele>2340.8</ele></trkpt>
      <trkpt lat="46.109137210602746" lon="7.259007828543097">
      <ele>2340.3</ele></trkpt>
      <trkpt lat="46.109118985840766" lon="7.258877984529412">
      <ele>2339.7</ele></trkpt>
      <trkpt lat="46.109103830962965" lon="7.2587779680402935">
      <ele>2339.1</ele></trkpt>
      <trkpt lat="46.10908717035042" lon="7.258675822544382">
      <ele>2338.6</ele></trkpt>
      <trkpt lat="46.10908243658697" lon="7.258584256167917">
      <ele>2338.0</ele></trkpt>
      <trkpt lat="46.109073234204644" lon="7.258488449435084">
      <ele>2337.4</ele></trkpt>
      <trkpt lat="46.10906999811201" lon="7.258405375449202">
      <ele>2336.9</ele></trkpt>
      <trkpt lat="46.10907268193947" lon="7.2583116247375195">
      <ele>2336.3</ele></trkpt>
      <trkpt lat="46.109070849718336" lon="7.258200855547331">
      <ele>2335.8</ele></trkpt>
      <trkpt lat="46.109055697633615" lon="7.25810296041308">
      <ele>2335.2</ele></trkpt>
      <trkpt lat="46.1090420647434" lon="7.258015704554369">
      <ele>2334.6</ele></trkpt>
      <trkpt lat="46.109035917515136" lon="7.257951833546408">
      <ele>2334.1</ele></trkpt>
      <trkpt lat="46.10904299940847" lon="7.257841009059722">
      <ele>2333.5</ele></trkpt>
      <trkpt lat="46.109053059897555" lon="7.2577365379449645">
      <ele>2332.9</ele></trkpt>
      <trkpt lat="46.10906457503073" lon="7.257619270760715">
      <ele>2332.4</ele></trkpt>
      <trkpt lat="46.10907612515814" lon="7.25751267353133">
      <ele>2331.8</ele></trkpt>
      <trkpt lat="46.109081809646824" lon="7.257433799241257">
      <ele>2331.2</ele></trkpt>
      <trkpt lat="46.109089038267314" lon="7.257369832113838">
      <ele>2330.7</ele></trkpt>
      <trkpt lat="46.10909478602816" lon="7.25730800391202">
      <ele>2330.1</ele></trkpt>
      <trkpt lat="46.10910207922905" lon="7.25726747201462">
      <ele>2329.6</ele></trkpt>
      <trkpt lat="46.10911139709426" lon="7.257238560585687">
      <ele>2329.1</ele></trkpt>
      <trkpt lat="46.10913687357824" lon="7.257211315612646">
      <ele>2328.6</ele></trkpt>
      <trkpt lat="46.10919397799057" lon="7.257167100217597">
      <ele>2328.1</ele></trkpt>
      <trkpt lat="46.10921577583136" lon="7.257151378223928">
      <ele>2327.6</ele></trkpt>
      <trkpt lat="46.10923650214647" lon="7.257123812677108">
      <ele>2327.0</ele></trkpt>
      <trkpt lat="46.10925488249697" lon="7.257091818710807">
      <ele>2326.5</ele></trkpt>
      <trkpt lat="46.109277938947386" lon="7.257030902738758">
      <ele>2326.0</ele></trkpt>
      <trkpt lat="46.109296621321256" lon="7.256957429874488">
      <ele>2325.5</ele></trkpt>
      <trkpt lat="46.10929990918571" lon="7.256921114507961">
      <ele>2325.0</ele></trkpt>
      <trkpt lat="46.109296237060605" lon="7.256875212689581">
      <ele>2324.5</ele></trkpt>
      <trkpt lat="46.10928735356666" lon="7.256833066019199">
      <ele>2324.0</ele></trkpt>
      <trkpt lat="46.10927507741085" lon="7.256790089981757">
      <ele>2323.5</ele></trkpt>
      <trkpt lat="46.10925880923112" lon="7.256748355946147">
      <ele>2323.0</ele></trkpt>
      <trkpt lat="46.10929250762176" lon="7.256721186746826">
      <ele>2322.4</ele></trkpt>
      <trkpt lat="46.1093136728823" lon="7.256703707693311">
      <ele>2321.9</ele></trkpt>
      <trkpt lat="46.1093376087235" lon="7.256686206460543">
      <ele>2321.4</ele></trkpt>
      <trkpt lat="46.10936798413586" lon="7.256662372180271">
      <ele>2320.9</ele></trkpt>
      <trkpt lat="46.10939193409695" lon="7.2566480525193855">
      <ele>2320.4</ele></trkpt>
      <trkpt lat="46.1094213945293" lon="7.256625812072193">
      <ele>2319.9</ele></trkpt>
      <trkpt lat="46.10945177756436" lon="7.256606711382572">
      <ele>2319.5</ele></trkpt>
      <trkpt lat="46.10947939898757" lon="7.256587619878971">
      <ele>2319.0</ele></trkpt>
      <trkpt lat="46.10951346763366" lon="7.256566941894917">
      <ele>2318.6</ele></trkpt>
      <trkpt lat="46.10956045118098" lon="7.256544617050782">
      <ele>2318.1</ele></trkpt>
      <trkpt lat="46.10960375038005" lon="7.25653023275624">
      <ele>2317.7</ele></trkpt>
      <trkpt lat="46.10965259965588" lon="7.2565269011032125">
      <ele>2317.3</ele></trkpt>
      <trkpt lat="46.109694090554044" lon="7.256534691037562">
      <ele>2316.8</ele></trkpt>
      <trkpt lat="46.10972636493753" lon="7.256539317111956">
      <ele>2316.4</ele></trkpt>
      <trkpt lat="46.10975863934181" lon="7.256543956125487">
      <ele>2315.9</ele></trkpt>
      <trkpt lat="46.109793690692165" lon="7.256558092116738">
      <ele>2315.5</ele></trkpt>
      <trkpt lat="46.10982966464877" lon="7.256575367928936">
      <ele>2315.1</ele></trkpt>
      <trkpt lat="46.10987027760733" lon="7.25660213454368">
      <ele>2314.6</ele></trkpt>
      <trkpt lat="46.10990440239663" lon="7.256616260756208">
      <ele>2314.2</ele></trkpt>
      <trkpt lat="46.10994500256031" lon="7.256635099131204">
      <ele>2313.7</ele></trkpt>
      <trkpt lat="46.109983747151745" lon="7.256652391675116">
      <ele>2313.3</ele></trkpt>
      <trkpt lat="46.110014204328046" lon="7.256668108082838">
      <ele>2312.9</ele></trkpt>
      <trkpt lat="46.11004466138105" lon="7.256694908697508">
      <ele>2312.4</ele></trkpt>
      <trkpt lat="46.11008157084635" lon="7.256712181562181">
      <ele>2312.0</ele></trkpt>
      <trkpt lat="46.11011478575641" lon="7.256731070540582">
      <ele>2311.5</ele></trkpt>
      <trkpt lat="46.110148009638074" lon="7.256749946578302">
      <ele>2311.1</ele></trkpt>
      <trkpt lat="46.1101775069989" lon="7.256756185852576">
      <ele>2310.7</ele></trkpt>
      <trkpt lat="46.110214413891725" lon="7.256771867958027">
      <ele>2310.3</ele></trkpt>
      <trkpt lat="46.11025224601035" lon="7.256792319560173">
      <ele>2309.9</ele></trkpt>
      <trkpt lat="46.11029192728077" lon="7.256815920872463">
      <ele>2309.5</ele></trkpt>
      <trkpt lat="46.110329752938" lon="7.256837950476446">
      <ele>2309.2</ele></trkpt>
      <trkpt lat="46.11037036073249" lon="7.256861548770898">
      <ele>2308.8</ele></trkpt>
      <trkpt lat="46.1104054222309" lon="7.256882009716084">
      <ele>2308.4</ele></trkpt>
      <trkpt lat="46.11044694124181" lon="7.256896098696775">
      <ele>2308.0</ele></trkpt>
      <trkpt lat="46.110485676778836" lon="7.256913378681006">
      <ele>2307.6</ele></trkpt>
      <trkpt lat="46.110520747242845" lon="7.256933826738999">
      <ele>2307.2</ele></trkpt>
      <trkpt lat="46.11056964632146" lon="7.256955832605452">
      <ele>2306.8</ele></trkpt>
      <trkpt lat="46.11061207507205" lon="7.256976256241215">
      <ele>2306.4</ele></trkpt>
      <trkpt lat="46.110664672464175" lon="7.257004574535393">
      <ele>2306.0</ele></trkpt>
      <trkpt lat="46.11069697484688" lon="7.257026609857253">
      <ele>2305.6</ele></trkpt>
      <trkpt lat="46.110730171850186" lon="7.257034402037176">
      <ele>2305.2</ele></trkpt>
      <trkpt lat="46.11075416005202" lon="7.2570438157200545">
      <ele>2304.9</ele></trkpt>
      <trkpt lat="46.11077999234519" lon="7.25705323621237">
      <ele>2304.5</ele></trkpt>
      <trkpt lat="46.11080487889154" lon="7.257056309318909">
      <ele>2304.1</ele></trkpt>
      <trkpt lat="46.11083348430621" lon="7.257067285605735">
      <ele>2303.7</ele></trkpt>
      <trkpt lat="46.11086114775489" lon="7.257079855906181">
      <ele>2303.3</ele></trkpt>
      <trkpt lat="46.110895285381254" lon="7.257090813822543">
      <ele>2302.9</ele></trkpt>
      <trkpt lat="46.11093033664614" lon="7.25710493752514">
      <ele>2302.5</ele></trkpt>
      <trkpt lat="46.11097184531627" lon="7.257123799464711">
      <ele>2302.1</ele></trkpt>
      <trkpt lat="46.11100691064795" lon="7.25714107904224">
      <ele>2301.7</ele></trkpt>
      <trkpt lat="46.11103736387999" lon="7.257159977780159">
      <ele>2301.3</ele></trkpt>
      <trkpt lat="46.11105581339977" lon="7.257170987920538">
      <ele>2300.9</ele></trkpt>
      <trkpt lat="46.1110770374239" lon="7.25717882002932">
      <ele>2300.5</ele></trkpt>
      <trkpt lat="46.11109640332764" lon="7.257183515367085">
      <ele>2300.1</ele></trkpt>
      <trkpt lat="46.11112315432041" lon="7.2571992576404085">
      <ele>2299.7</ele></trkpt>
      <trkpt lat="46.11115637301241" lon="7.2572149525712355">
      <ele>2299.2</ele></trkpt>
      <trkpt lat="46.111182206463035" lon="7.257230697925574">
      <ele>2298.8</ele></trkpt>
      <trkpt lat="46.11120804635012" lon="7.257244852393297">
      <ele>2298.4</ele></trkpt>
      <trkpt lat="46.11124590263824" lon="7.257274798166106">
      <ele>2298.0</ele></trkpt>
      <trkpt lat="46.11128096521065" lon="7.2573015714938895">
      <ele>2297.6</ele></trkpt>
      <trkpt lat="46.11130034773157" lon="7.257311013617997">
      <ele>2297.2</ele></trkpt>
      <trkpt lat="46.11133355741308" lon="7.257326708697633">
      <ele>2296.8</ele></trkpt>
      <trkpt lat="46.1113677013132" lon="7.257347186282794">
      <ele>2296.4</ele></trkpt>
      <trkpt lat="46.11140092507506" lon="7.257366050194459">
      <ele>2296.0</ele></trkpt>
      <trkpt lat="46.11143967718309" lon="7.257388090485183">
      <ele>2295.6</ele></trkpt>
      <trkpt lat="46.11147290602677" lon="7.2574101232713595">
      <ele>2295.2</ele></trkpt>
      <trkpt lat="46.1115024326609" lon="7.257429012461513">
      <ele>2294.8</ele></trkpt>
      <trkpt lat="46.11153195051241" lon="7.2574368301446235">
      <ele>2294.3</ele></trkpt>
      <trkpt lat="46.11156606504878" lon="7.257444632582213">
      <ele>2293.9</ele></trkpt>
      <trkpt lat="46.11159555610861" lon="7.2574413658682095">
      <ele>2293.4</ele></trkpt>
      <trkpt lat="46.111614904185636" lon="7.257434963961155">
      <ele>2293.0</ele></trkpt>
      <trkpt lat="46.11163606449393" lon="7.2574143285404675">
      <ele>2292.6</ele></trkpt>
      <trkpt lat="46.11165541903116" lon="7.2574063486386">
      <ele>2292.1</ele></trkpt>
      <trkpt lat="46.11167846149854" lon="7.257409428075972">
      <ele>2291.7</ele></trkpt>
      <trkpt lat="46.111707961553144" lon="7.257406161306357">
      <ele>2291.2</ele></trkpt>
      <trkpt lat="46.1117282373435" lon="7.257406094007229">
      <ele>2290.8</ele></trkpt>
      <trkpt lat="46.11175128882732" lon="7.257409186352754">
      <ele>2290.4</ele></trkpt>
      <trkpt lat="46.11177618945003" lon="7.257415428488613">
      <ele>2289.9</ele></trkpt>
      <trkpt lat="46.11180479347917" lon="7.257431164921588">
      <ele>2289.5</ele></trkpt>
      <trkpt lat="46.111837112418605" lon="7.257457960661849">
      <ele>2289.0</ele></trkpt>
      <trkpt lat="46.111858320966505" lon="7.257467371010389">
      <ele>2288.6</ele></trkpt>
      <trkpt lat="46.11188322416068" lon="7.2574752170104375">
      <ele>2288.2</ele></trkpt>
      <trkpt lat="46.11191459483582" lon="7.257494087325766">
      <ele>2287.7</ele></trkpt>
      <trkpt lat="46.111937665464026" lon="7.257503504458528">
      <ele>2287.3</ele></trkpt>
      <trkpt lat="46.11197546307527" lon="7.2575081388412785">
      <ele>2286.8</ele></trkpt>
      <trkpt lat="46.11201050551933" lon="7.2575111914665325">
      <ele>2286.4</ele></trkpt>
      <trkpt lat="46.11204828785311" lon="7.257506306352202">
      <ele>2285.6</ele></trkpt>
      <trkpt lat="46.1120842261361" lon="7.257501440282876">
      <ele>2284.9</ele></trkpt>
      <trkpt lat="46.11210448669019" lon="7.257491879368506">
      <ele>2284.1</ele></trkpt>
      <trkpt lat="46.11212659777771" lon="7.257480734334653">
      <ele>2283.3</ele></trkpt>
      <trkpt lat="46.11215424730148" lon="7.257479051690051">
      <ele>2282.6</ele></trkpt>
      <trkpt lat="46.112183740917565" lon="7.257477375859391">
      <ele>2281.8</ele></trkpt>
      <trkpt lat="46.11222613657187" lon="7.257477235194252">
      <ele>2281.0</ele></trkpt>
      <trkpt lat="46.11226394704826" lon="7.257478674784567">
      <ele>2280.3</ele></trkpt>
      <trkpt lat="46.1122962048071" lon="7.257478567756713">
      <ele>2279.5</ele></trkpt>
      <trkpt lat="46.11233308994816" lon="7.257486361137286">
      <ele>2278.8</ele></trkpt>
      <trkpt lat="46.112374573130516" lon="7.25748937946577">
      <ele>2278.0</ele></trkpt>
      <trkpt lat="46.11241514017223" lon="7.257487666895249">
      <ele>2277.2</ele></trkpt>
      <trkpt lat="46.112447400464276" lon="7.257489137845907">
      <ele>2276.5</ele></trkpt>
      <trkpt lat="46.112483345189816" lon="7.257482680791011">
      <ele>2275.7</ele></trkpt>
      <trkpt lat="46.11251558771064" lon="7.257473080043464">
      <ele>2274.9</ele></trkpt>
      <trkpt lat="46.112541392027225" lon="7.257465091566761">
      <ele>2274.2</ele></trkpt>
      <trkpt lat="46.11255980848676" lon="7.257455523743853">
      <ele>2273.4</ele></trkpt>
      <trkpt lat="46.11260610954218" lon="7.257394591750614">
      <ele>2272.6</ele></trkpt>
      <trkpt lat="46.112668586707706" lon="7.2573350287163105">
      <ele>2271.9</ele></trkpt>
      <trkpt lat="46.11270980589268" lon="7.257263313205231">
      <ele>2271.1</ele></trkpt>
      <trkpt lat="46.112805226609424" lon="7.257177034452042">
      <ele>2270.0</ele></trkpt>
      <trkpt lat="46.112821026518574" lon="7.25715141069834">
      <ele>2269.0</ele></trkpt>
      <trkpt lat="46.11285336031968" lon="7.257053170122863">
      <ele>2267.9</ele></trkpt>
      <trkpt lat="46.11289594344815" lon="7.256990645965377">
      <ele>2266.9</ele></trkpt>
      <trkpt lat="46.11294677765657" lon="7.256912741121421">
      <ele>2265.8</ele></trkpt>
      <trkpt lat="46.11296396995826" lon="7.256863623717588">
      <ele>2264.7</ele></trkpt>
      <trkpt lat="46.113042694899974" lon="7.256749564602318">
      <ele>2263.7</ele></trkpt>
      <trkpt lat="46.1130835032044" lon="7.256674305492272">
      <ele>2262.6</ele></trkpt>
      <trkpt lat="46.113092650044564" lon="7.256606369243496">
      <ele>2261.6</ele></trkpt>
      <trkpt lat="46.11312415551758" lon="7.256524686700001">
      <ele>2260.5</ele></trkpt>
      <trkpt lat="46.11313700780973" lon="7.25648981137977">
      <ele>2259.4</ele></trkpt>
      <trkpt lat="46.113151690093865" lon="7.256451786866688">
      <ele>2258.4</ele></trkpt>
      <trkpt lat="46.113167297567244" lon="7.256418506188219">
      <ele>2257.3</ele></trkpt>
      <trkpt lat="46.113187529920936" lon="7.256391535000933">
      <ele>2256.3</ele></trkpt>
      <trkpt lat="46.11320868747237" lon="7.256369307651509">
      <ele>2255.2</ele></trkpt>
      <trkpt lat="46.11322799593719" lon="7.256332845613871">
      <ele>2254.1</ele></trkpt>
      <trkpt lat="46.11324453755705" lon="7.256304295750299">
      <ele>2253.1</ele></trkpt>
      <trkpt lat="46.11325276615073" lon="7.2562694616136">
      <ele>2252.0</ele></trkpt>
      <trkpt lat="46.11326282599114" lon="7.256226692517438">
      <ele>2251.0</ele></trkpt>
      <trkpt lat="46.11327107765347" lon="7.256195014291887">
      <ele>2249.9</ele></trkpt>
      <trkpt lat="46.1132728372178" lon="7.256153863849466">
      <ele>2249.3</ele></trkpt>
      <trkpt lat="46.113276458808784" lon="7.256112694245186">
      <ele>2248.8</ele></trkpt>
      <trkpt lat="46.11327364213946" lon="7.256084221948293">
      <ele>2248.2</ele></trkpt>
      <trkpt lat="46.113271769927906" lon="7.2560668313403465">
      <ele>2247.6</ele></trkpt>
      <trkpt lat="46.113276315390195" lon="7.256035152545866">
      <ele>2247.1</ele></trkpt>
      <trkpt lat="46.113272573502826" lon="7.256001949330145">
      <ele>2246.5</ele></trkpt>
      <trkpt lat="46.11326515876488" lon="7.255978213506321">
      <ele>2245.9</ele></trkpt>
      <trkpt lat="46.1132577415096" lon="7.255952925560883">
      <ele>2245.3</ele></trkpt>
      <trkpt lat="46.11326229464558" lon="7.25592600662491">
      <ele>2244.8</ele></trkpt>
      <trkpt lat="46.113273320649824" lon="7.255902234966737">
      <ele>2244.2</ele></trkpt>
      <trkpt lat="46.11327417796457" lon="7.255870594372216">
      <ele>2243.6</ele></trkpt>
      <trkpt lat="46.11326676319893" lon="7.255846858565549">
      <ele>2243.1</ele></trkpt>
      <trkpt lat="46.113268563695385" lon="7.255819948833011">
      <ele>2242.5</ele></trkpt>
      <trkpt lat="46.11328419793594" lon="7.255797752659366">
      <ele>2241.9</ele></trkpt>
      <trkpt lat="46.11330904095724" lon="7.255773934689952">
      <ele>2241.3</ele></trkpt>
      <trkpt lat="46.11333019580933" lon="7.255750116118359">
      <ele>2240.8</ele></trkpt>
      <trkpt lat="46.11335781842131" lon="7.255726288795379">
      <ele>2240.2</ele></trkpt>
      <trkpt lat="46.11338358538262" lon="7.255700876722083">
      <ele>2239.6</ele></trkpt>
      <trkpt lat="46.11341395546152" lon="7.25567387118973">
      <ele>2239.1</ele></trkpt>
      <trkpt lat="46.11342774428155" lon="7.255656415130968">
      <ele>2238.5</ele></trkpt>
      <trkpt lat="46.11344524692971" lon="7.255643693583029">
      <ele>2237.6</ele></trkpt>
      <trkpt lat="46.1134525808745" lon="7.255623103120529">
      <ele>2236.8</ele></trkpt>
      <trkpt lat="46.113455968523574" lon="7.255593109552736">
      <ele>2235.9</ele></trkpt>
      <trkpt lat="46.11346307665474" lon="7.255555316925378">
      <ele>2235.1</ele></trkpt>
      <trkpt lat="46.11346481678521" lon="7.255518965089073">
      <ele>2234.2</ele></trkpt>
      <trkpt lat="46.11348653673937" lon="7.255477553500743">
      <ele>2233.3</ele></trkpt>
      <trkpt lat="46.11348310337874" lon="7.255462729118888">
      <ele>2232.5</ele></trkpt>
      <trkpt lat="46.113495489610116" lon="7.2553903188838245">
      <ele>2231.6</ele></trkpt>
      <trkpt lat="46.11349690269691" lon="7.255374184785178">
      <ele>2230.8</ele></trkpt>
      <trkpt lat="46.11348755547475" lon="7.2553348693327315">
      <ele>2229.9</ele></trkpt>
      <trkpt lat="46.11349014058594" lon="7.255292655295161">
      <ele>2229.0</ele></trkpt>
      <trkpt lat="46.113495680861995" lon="7.255247766815113">
      <ele>2228.2</ele></trkpt>
      <trkpt lat="46.11350572081095" lon="7.255204066119812">
      <ele>2227.3</ele></trkpt>
      <trkpt lat="46.113532329378785" lon="7.2551430809284305">
      <ele>2226.5</ele></trkpt>
      <trkpt lat="46.11354565815461" lon="7.255130424957888">
      <ele>2225.6</ele></trkpt>
      <trkpt lat="46.11355121245238" lon="7.255105261542902">
      <ele>2224.7</ele></trkpt>
      <trkpt lat="46.113564989607106" lon="7.2550751553516415">
      <ele>2223.9</ele></trkpt>
      <trkpt lat="46.11356955411716" lon="7.255049827101122">
      <ele>2223.0</ele></trkpt>
      <trkpt lat="46.113579621197815" lon="7.255011791550588">
      <ele>2222.2</ele></trkpt>
      <trkpt lat="46.113589734628086" lon="7.254991191603263">
      <ele>2221.3</ele></trkpt>
      <trkpt lat="46.11360260839356" lon="7.25497532934371">
      <ele>2220.3</ele></trkpt>
      <trkpt lat="46.11360993060306" lon="7.254942075842174">
      <ele>2219.2</ele></trkpt>
      <trkpt lat="46.1136199976474" lon="7.254904040243705">
      <ele>2218.2</ele></trkpt>
      <trkpt lat="46.11363467423806" lon="7.254862846017925">
      <ele>2217.2</ele></trkpt>
      <trkpt lat="46.11364752869023" lon="7.254840658778368">
      <ele>2216.2</ele></trkpt>
      <trkpt lat="46.11366501837594" lon="7.254820033940151">
      <ele>2215.1</ele></trkpt>
      <trkpt lat="46.113673254223215" lon="7.2547899333381975">
      <ele>2214.1</ele></trkpt>
      <trkpt lat="46.11367599387619" lon="7.254770923229306">
      <ele>2213.1</ele></trkpt>
      <trkpt lat="46.11371563218957" lon="7.254718197742836">
      <ele>2212.0</ele></trkpt>
      <trkpt lat="46.11370669020834" lon="7.254596526423125">
      <ele>2211.0</ele></trkpt>
      <trkpt lat="46.11371399270538" lon="7.254578833172571">
      <ele>2210.0</ele></trkpt>
      <trkpt lat="46.11372162855811" lon="7.254533885630713">
      <ele>2208.9</ele></trkpt>
      <trkpt lat="46.11374450536576" lon="7.254457429757498">
      <ele>2207.9</ele></trkpt>
      <trkpt lat="46.113755033915254" lon="7.25437157324197">
      <ele>2206.9</ele></trkpt>
      <trkpt lat="46.11379761791623" lon="7.254293964209877">
      <ele>2205.8</ele></trkpt>
      <trkpt lat="46.11382204227648" lon="7.2542233105397385">
      <ele>2204.8</ele></trkpt>
      <trkpt lat="46.113831134750455" lon="7.254205572351449">
      <ele>2203.8</ele></trkpt>
      <trkpt lat="46.11389238995251" lon="7.254142399695572">
      <ele>2202.8</ele></trkpt>
      <trkpt lat="46.11390639413528" lon="7.254075247538578">
      <ele>2201.7</ele></trkpt>
      <trkpt lat="46.11396868984082" lon="7.254010299085037">
      <ele>2200.7</ele></trkpt>
      <trkpt lat="46.113991701344084" lon="7.253994389264954">
      <ele>2200.0</ele></trkpt>
      <trkpt lat="46.114019326169014" lon="7.253972138783869">
      <ele>2199.4</ele></trkpt>
      <trkpt lat="46.11403957349631" lon="7.253954673189308">
      <ele>2198.7</ele></trkpt>
      <trkpt lat="46.11406442646003" lon="7.253937166132221">
      <ele>2198.0</ele></trkpt>
      <trkpt lat="46.11406901524867" lon="7.25392133151513">
      <ele>2197.3</ele></trkpt>
      <trkpt lat="46.11407635021553" lon="7.253907052698373">
      <ele>2196.7</ele></trkpt>
      <trkpt lat="46.114098468744196" lon="7.253900665742567">
      <ele>2196.0</ele></trkpt>
      <trkpt lat="46.11411688490423" lon="7.2538910964444385">
      <ele>2195.3</ele></trkpt>
      <trkpt lat="46.11412792341835" lon="7.253875227047628">
      <ele>2194.7</ele></trkpt>
      <trkpt lat="46.114146339597504" lon="7.25386567067034">
      <ele>2194.0</ele></trkpt>
      <trkpt lat="46.11416475439474" lon="7.253849776294936">
      <ele>2193.3</ele></trkpt>
      <trkpt lat="46.11418314725388" lon="7.253825978886932">
      <ele>2192.7</ele></trkpt>
      <trkpt lat="46.1142034190801" lon="7.253817994234688">
      <ele>2192.0</ele></trkpt>
      <trkpt lat="46.11422551440237" lon="7.253808425370121">
      <ele>2191.3</ele></trkpt>
      <trkpt lat="46.114248542668655" lon="7.253797275305146">
      <ele>2190.7</ele></trkpt>
      <trkpt lat="46.11427614944327" lon="7.253775011745923">
      <ele>2190.0</ele></trkpt>
      <trkpt lat="46.11430101263708" lon="7.25375278332406">
      <ele>2189.3</ele></trkpt>
      <trkpt lat="46.11432584743086" lon="7.253724204028291">
      <ele>2188.6</ele></trkpt>
      <trkpt lat="46.1143506874313" lon="7.253698806632635">
      <ele>2188.0</ele></trkpt>
      <trkpt lat="46.11437462281793" lon="7.253681302467533">
      <ele>2187.3</ele></trkpt>
      <trkpt lat="46.11439948095476" lon="7.253666977107437">
      <ele>2186.5</ele></trkpt>
      <trkpt lat="46.1144197501839" lon="7.253657414334124">
      <ele>2185.7</ele></trkpt>
      <trkpt lat="46.114446438042194" lon="7.25362884158832">
      <ele>2184.9</ele></trkpt>
      <trkpt lat="46.11446849441709" lon="7.253595524519846">
      <ele>2184.1</ele></trkpt>
      <trkpt lat="46.11449334077564" lon="7.253568536001612">
      <ele>2183.3</ele></trkpt>
      <trkpt lat="46.114520924172" lon="7.253532044057867">
      <ele>2182.5</ele></trkpt>
      <trkpt lat="46.11454484139347" lon="7.253503480592531">
      <ele>2181.7</ele></trkpt>
      <trkpt lat="46.11456232061138" lon="7.253487589151447">
      <ele>2180.9</ele></trkpt>
      <trkpt lat="46.11458811684199" lon="7.25347483851637">
      <ele>2180.1</ele></trkpt>
      <trkpt lat="46.114621301137674" lon="7.253474725975845">
      <ele>2179.3</ele></trkpt>
      <trkpt lat="46.11465078950215" lon="7.253469878897233">
      <ele>2178.5</ele></trkpt>
      <trkpt lat="46.11468671722139" lon="7.25345867191695">
      <ele>2177.7</ele></trkpt>
      <trkpt lat="46.114715302242146" lon="7.25345699691796">
      <ele>2176.9</ele></trkpt>
      <trkpt lat="46.11473463072532" lon="7.2534442681708935">
      <ele>2176.1</ele></trkpt>
      <trkpt lat="46.11475853754504" lon="7.253409379459963">
      <ele>2175.3</ele></trkpt>
      <trkpt lat="46.1147769057123" lon="7.253376074626952">
      <ele>2174.5</ele></trkpt>
      <trkpt lat="46.1147989502189" lon="7.253330094089421">
      <ele>2173.7</ele></trkpt>
      <trkpt lat="46.11482007341989" lon="7.253287311548324">
      <ele>2172.9</ele></trkpt>
      <trkpt lat="46.11484397755686" lon="7.253250818801935">
      <ele>2172.1</ele></trkpt>
      <trkpt lat="46.11486790509842" lon="7.253228580152348">
      <ele>2171.3</ele></trkpt>
      <trkpt lat="46.11488631200842" lon="7.253207938285669">
      <ele>2170.6</ele></trkpt>
      <trkpt lat="46.11490284767567" lon="7.253176243454424">
      <ele>2169.9</ele></trkpt>
      <trkpt lat="46.114915704348626" lon="7.253155607477528">
      <ele>2169.1</ele></trkpt>
      <trkpt lat="46.11493226460123" lon="7.253133406723283">
      <ele>2168.4</ele></trkpt>
      <trkpt lat="46.11494695874865" lon="7.253103283220144">
      <ele>2167.7</ele></trkpt>
      <trkpt lat="46.11495889529712" lon="7.253081085216619">
      <ele>2167.0</ele></trkpt>
      <trkpt lat="46.11497361403674" lon="7.253060455801765">
      <ele>2166.2</ele></trkpt>
      <trkpt lat="46.11499664223072" lon="7.253049305268529">
      <ele>2165.5</ele></trkpt>
      <trkpt lat="46.11502430330739" lon="7.253049211243008">
      <ele>2164.8</ele></trkpt>
      <trkpt lat="46.11505009970536" lon="7.253047532563539">
      <ele>2164.1</ele></trkpt>
      <trkpt lat="46.11507774136477" lon="7.2530411005005">
      <ele>2163.3</ele></trkpt>
      <trkpt lat="46.115106315979226" lon="7.2530331001353625">
      <ele>2162.6</ele></trkpt>
      <trkpt lat="46.11513394604737" lon="7.253025090038014">
      <ele>2161.9</ele></trkpt>
      <trkpt lat="46.11516250122051" lon="7.2530107386750196">
      <ele>2161.2</ele></trkpt>
      <trkpt lat="46.115188266408694" lon="7.252990084537997">
      <ele>2160.4</ele></trkpt>
      <trkpt lat="46.11521129057001" lon="7.25297101776487">
      <ele>2159.7</ele></trkpt>
      <trkpt lat="46.11523708034441" lon="7.252959844818619">
      <ele>2159.0</ele></trkpt>
      <trkpt lat="46.11526932772367" lon="7.252953422895096">
      <ele>2158.2</ele></trkpt>
      <trkpt lat="46.115289585259696" lon="7.25294225580985">
      <ele>2157.5</ele></trkpt>
      <trkpt lat="46.11530337746204" lon="7.252921642319172">
      <ele>2156.8</ele></trkpt>
      <trkpt lat="46.1153171528532" lon="7.252896281745034">
      <ele>2156.0</ele></trkpt>
      <trkpt lat="46.11533094878431" lon="7.252872473283721">
      <ele>2155.2</ele></trkpt>
      <trkpt lat="46.11535857485003" lon="7.252856572754194">
      <ele>2154.4</ele></trkpt>
      <trkpt lat="46.11539174231694" lon="7.252851699821737">
      <ele>2153.6</ele></trkpt>
      <trkpt lat="46.11543321640494" lon="7.252843642479539">
      <ele>2152.9</ele></trkpt>
      <trkpt lat="46.1154728478374" lon="7.252841916609323">
      <ele>2152.1</ele></trkpt>
      <trkpt lat="46.115510624807165" lon="7.252833884764655">
      <ele>2151.3</ele></trkpt>
      <trkpt lat="46.1155318335334" lon="7.252832234516286">
      <ele>2150.5</ele></trkpt>
      <trkpt lat="46.115558514788326" lon="7.252805238878868">
      <ele>2149.7</ele></trkpt>
      <trkpt lat="46.11558059557333" lon="7.252781427956437">
      <ele>2148.9</ele></trkpt>
      <trkpt lat="46.115601770631116" lon="7.252770257620065">
      <ele>2148.1</ele></trkpt>
      <trkpt lat="46.11562664546851" lon="7.252760678623016">
      <ele>2147.3</ele></trkpt>
      <trkpt lat="46.11565614946192" lon="7.252765338270645">
      <ele>2146.5</ele></trkpt>
      <trkpt lat="46.11567274348877" lon="7.25276369076679">
      <ele>2145.7</ele></trkpt>
      <trkpt lat="46.115703141524605" lon="7.252754080014687">
      <ele>2144.9</ele></trkpt>
      <trkpt lat="46.11572707940952" lon="7.252738178939751">
      <ele>2144.2</ele></trkpt>
      <trkpt lat="46.11574733554457" lon="7.252720712310573">
      <ele>2143.4</ele></trkpt>
      <trkpt lat="46.11576667436593" lon="7.252714308274207">
      <ele>2142.6</ele></trkpt>
      <trkpt lat="46.115786023357835" lon="7.252703157027578">
      <ele>2141.8</ele></trkpt>
      <trkpt lat="46.115808109321605" lon="7.252682502105496">
      <ele>2141.0</ele></trkpt>
      <trkpt lat="46.115831131084654" lon="7.252672929344099">
      <ele>2140.2</ele></trkpt>
      <trkpt lat="46.11586156419461" lon="7.252679150942878">
      <ele>2139.5</ele></trkpt>
      <trkpt lat="46.11588184261136" lon="7.252680672890372">
      <ele>2138.7</ele></trkpt>
      <trkpt lat="46.115904890186776" lon="7.252675847208683">
      <ele>2137.9</ele></trkpt>
      <trkpt lat="46.1159168188299" lon="7.252648901566412">
      <ele>2137.2</ele></trkpt>
      <trkpt lat="46.11594074885598" lon="7.252628240290209">
      <ele>2136.4</ele></trkpt>
      <trkpt lat="46.115960073217536" lon="7.25260760762412">
      <ele>2135.6</ele></trkpt>
      <trkpt lat="46.11597753926281" lon="7.2525837992374385">
      <ele>2134.8</ele></trkpt>
      <trkpt lat="46.11599778895917" lon="7.25256789764236">
      <ele>2134.1</ele></trkpt>
      <trkpt lat="46.116016182741006" lon="7.2525393647434235">
      <ele>2133.3</ele></trkpt>
      <trkpt lat="46.11603273906173" lon="7.252520306604184">
      <ele>2132.5</ele></trkpt>
      <trkpt lat="46.11604931105748" lon="7.252510755723062">
      <ele>2131.8</ele></trkpt>
      <trkpt lat="46.11607512546215" lon="7.2525090896312765">
      <ele>2131.0</ele></trkpt>
      <trkpt lat="46.11610000952109" lon="7.252510569949981">
      <ele>2130.2</ele></trkpt>
      <trkpt lat="46.11612768367545" lon="7.252518404853114">
      <ele>2129.4</ele></trkpt>
      <trkpt lat="46.11615999740083" lon="7.252546777917199">
      <ele>2128.7</ele></trkpt>
      <trkpt lat="46.11619047224997" lon="7.252578313462381">
      <ele>2127.9</ele></trkpt>
      <trkpt lat="46.11622280685275" lon="7.252619362994393">
      <ele>2127.1</ele></trkpt>
      <trkpt lat="46.1162422236664" lon="7.25264937112969">
      <ele>2126.4</ele></trkpt>
      <trkpt lat="46.11624780021334" lon="7.252676257307872">
      <ele>2125.6</ele></trkpt>
      <trkpt lat="46.11625156511564" lon="7.252717378360681">
      <ele>2125.0</ele></trkpt>
      <trkpt lat="46.11626359399955" lon="7.252745820673417">
      <ele>2124.3</ele></trkpt>
      <trkpt lat="46.116288558629456" lon="7.252785304419112">
      <ele>2123.7</ele></trkpt>
      <trkpt lat="46.11630518394438" lon="7.252802658595623">
      <ele>2123.0</ele></trkpt>
      <trkpt lat="46.11633100758834" lon="7.252812065133875">
      <ele>2122.4</ele></trkpt>
      <trkpt lat="46.11635496751222" lon="7.252804080172344">
      <ele>2121.8</ele></trkpt>
      <trkpt lat="46.116373338102264" lon="7.252772352248559">
      <ele>2121.1</ele></trkpt>
      <trkpt lat="46.116394490905044" lon="7.252742205861523">
      <ele>2120.5</ele></trkpt>
      <trkpt lat="46.11641471339081" lon="7.252715231748214">
      <ele>2119.8</ele></trkpt>
      <trkpt lat="46.11643035079999" lon="7.252689864263748">
      <ele>2119.2</ele></trkpt>
      <trkpt lat="46.11644598583442" lon="7.252673978294396">
      <ele>2118.6</ele></trkpt>
      <trkpt lat="46.11646719193884" lon="7.252670736930913">
      <ele>2117.9</ele></trkpt>
      <trkpt lat="46.116494853270694" lon="7.252681715274542">
      <ele>2117.3</ele></trkpt>
      <trkpt lat="46.11651883404919" lon="7.252686393765291">
      <ele>2116.6</ele></trkpt>
      <trkpt lat="46.11654281101032" lon="7.252694215538911">
      <ele>2116.0</ele></trkpt>
      <trkpt lat="46.11657327137758" lon="7.252711522653431">
      <ele>2115.4</ele></trkpt>
      <trkpt lat="46.116600021563585" lon="7.252720926039593">
      <ele>2114.7</ele></trkpt>
      <trkpt lat="46.11662583479664" lon="7.252724007278409">
      <ele>2114.1</ele></trkpt>
      <trkpt lat="46.11665624849214" lon="7.252723903711689">
      <ele>2113.4</ele></trkpt>
      <trkpt lat="46.11668577188229" lon="7.252734875779808">
      <ele>2112.8</ele></trkpt>
      <trkpt lat="46.11670880407006" lon="7.252731628207623">
      <ele>2112.0</ele></trkpt>
      <trkpt lat="46.11673825590967" lon="7.2527046225033445">
      <ele>2111.2</ele></trkpt>
      <trkpt lat="46.11676216770537" lon="7.252672888383998">
      <ele>2110.4</ele></trkpt>
      <trkpt lat="46.116782397743044" lon="7.252639588672379">
      <ele>2109.6</ele></trkpt>
      <trkpt lat="46.116799884687744" lon="7.252628456471031">
      <ele>2108.8</ele></trkpt>
      <trkpt lat="46.11683398390577" lon="7.252626749249787">
      <ele>2108.0</ele></trkpt>
      <trkpt lat="46.1168597983141" lon="7.252625083188797">
      <ele>2107.2</ele></trkpt>
      <trkpt lat="46.11688190773793" lon="7.252618669547939">
      <ele>2106.4</ele></trkpt>
      <trkpt lat="46.116903126888204" lon="7.252623344517989">
      <ele>2105.6</ele></trkpt>
      <trkpt lat="46.11692434369364" lon="7.252637514039741">
      <ele>2104.8</ele></trkpt>
      <trkpt lat="46.116939111915826" lon="7.252646958269019">
      <ele>2104.0</ele></trkpt>
      <trkpt lat="46.11697322015138" lon="7.252645263959555">
      <ele>2103.2</ele></trkpt>
      <trkpt lat="46.11699259665576" lon="7.252656270614553">
      <ele>2102.4</ele></trkpt>
      <trkpt lat="46.11702302456957" lon="7.252659336125139">
      <ele>2101.6</ele></trkpt>
      <trkpt lat="46.11705436737882" lon="7.252660794536524">
      <ele>2100.8</ele></trkpt>
      <trkpt lat="46.11708847966303" lon="7.252667016670625">
      <ele>2100.0</ele></trkpt>
      <trkpt lat="46.117121680761485" lon="7.252671637928198">
      <ele>2099.2</ele></trkpt>
      <trkpt lat="46.11715117954137" lon="7.2526731285012636">
      <ele>2098.4</ele></trkpt>
      <trkpt lat="46.11717977120424" lon="7.252680947576948">
      <ele>2097.6</ele></trkpt>
      <trkpt lat="46.117205584418485" lon="7.252684015894167">
      <ele>2096.8</ele></trkpt>
      <trkpt lat="46.11723787582025" lon="7.252693400503067">
      <ele>2096.0</ele></trkpt>
      <trkpt lat="46.117273839995605" lon="7.252704363671807">
      <ele>2095.1</ele></trkpt>
      <trkpt lat="46.11729965320942" lon="7.252707432005376">
      <ele>2094.3</ele></trkpt>
      <trkpt lat="46.11732270223454" lon="7.252708944567811">
      <ele>2093.4</ele></trkpt>
      <trkpt lat="46.11734756545428" lon="7.252697774221078">
      <ele>2092.6</ele></trkpt>
      <trkpt lat="46.11736690142656" lon="7.252678719132654">
      <ele>2091.7</ele></trkpt>
      <trkpt lat="46.1173917463994" lon="7.252656476078769">
      <ele>2090.9</ele></trkpt>
      <trkpt lat="46.11741754659207" lon="7.252651640876126">
      <ele>2090.0</ele></trkpt>
      <trkpt lat="46.11745073089576" lon="7.2526515278290145">
      <ele>2089.2</ele></trkpt>
      <trkpt lat="46.117484844333745" lon="7.252652989744273">
      <ele>2088.4</ele></trkpt>
      <trkpt lat="46.11751067321472" lon="7.252665565589587">
      <ele>2087.5</ele></trkpt>
      <trkpt lat="46.11753466179632" lon="7.252674978521188">
      <ele>2086.7</ele></trkpt>
      <trkpt lat="46.117566919566556" lon="7.252674868643991">
      <ele>2085.8</ele></trkpt>
      <trkpt lat="46.11758719129651" lon="7.252666870133769">
      <ele>2085.0</ele></trkpt>
      <trkpt lat="46.117608337721165" lon="7.252638327059499">
      <ele>2084.1</ele></trkpt>
      <trkpt lat="46.11763224425555" lon="7.252603410288087">
      <ele>2083.3</ele></trkpt>
      <trkpt lat="46.1176543224009" lon="7.2525780202556405">
      <ele>2082.4</ele></trkpt>
      <trkpt lat="46.11767367281452" lon="7.252573194038549">
      <ele>2081.6</ele></trkpt>
      <trkpt lat="46.11769394601196" lon="7.252571546811696">
      <ele>2080.7</ele></trkpt>
      <trkpt lat="46.11770963294916" lon="7.252576240686963">
      <ele>2079.9</ele></trkpt>
      <trkpt lat="46.11773354094041" lon="7.252547675164986">
      <ele>2079.3</ele></trkpt>
      <trkpt lat="46.11776762044904" lon="7.252528556693548">
      <ele>2078.6</ele></trkpt>
      <trkpt lat="46.11778785596229" lon="7.252509511267252">
      <ele>2078.0</ele></trkpt>
      <trkpt lat="46.11781088525322" lon="7.2524935996399496">
      <ele>2077.3</ele></trkpt>
      <trkpt lat="46.11783207074028" lon="7.252488767122113">
      <ele>2076.7</ele></trkpt>
      <trkpt lat="46.11786157212713" lon="7.252491835745498">
      <ele>2076.1</ele></trkpt>
      <trkpt lat="46.11788645737814" lon="7.252488581682379">
      <ele>2075.4</ele></trkpt>
      <trkpt lat="46.11791411731682" lon="7.252493247663065">
      <ele>2074.8</ele></trkpt>
      <trkpt lat="46.117933471496116" lon="7.252485252163025">
      <ele>2074.1</ele></trkpt>
      <trkpt lat="46.11795554584737" lon="7.2524630311738285">
      <ele>2073.5</ele></trkpt>
      <trkpt lat="46.11798963837966" lon="7.2524518161747755">
      <ele>2072.9</ele></trkpt>
      <trkpt lat="46.11801818451343" lon="7.252437476727148">
      <ele>2072.2</ele></trkpt>
      <trkpt lat="46.118045843015416" lon="7.252435817186513">
      <ele>2071.6</ele></trkpt>
      <trkpt lat="46.118082715444054" lon="7.252435678492379">
      <ele>2070.9</ele></trkpt>
      <trkpt lat="46.11811497581907" lon="7.252437146609681">
      <ele>2070.3</ele></trkpt>
      <trkpt lat="46.11815186772065" lon="7.252443359244986">
      <ele>2069.7</ele></trkpt>
      <trkpt lat="46.118169404236966" lon="7.252462288949881">
      <ele>2069.0</ele></trkpt>
      <trkpt lat="46.118184185532215" lon="7.252479649913763">
      <ele>2068.4</ele></trkpt>
      <trkpt lat="46.11820354756222" lon="7.252476414659504">
      <ele>2067.7</ele></trkpt>
      <trkpt lat="46.118224738276325" lon="7.2524747513163685">
      <ele>2067.1</ele></trkpt>
      <trkpt lat="46.118262563373236" lon="7.25249045558034">
      <ele>2066.2</ele></trkpt>
      <trkpt lat="46.118298528717176" lon="7.252496658491861">
      <ele>2065.4</ele></trkpt>
      <trkpt lat="46.11834186918317" lon="7.252507583659896">
      <ele>2064.5</ele></trkpt>
      <trkpt lat="46.11838430110534" lon="7.2525185119426885">
      <ele>2063.7</ele></trkpt>
      <trkpt lat="46.11841472525698" lon="7.252524746712286">
      <ele>2062.8</ele></trkpt>
      <trkpt lat="46.11844054226971" lon="7.252524658701213">
      <ele>2062.0</ele></trkpt>
      <trkpt lat="46.118466363340055" lon="7.252532487328363">
      <ele>2061.1</ele></trkpt>
      <trkpt lat="46.118502317084925" lon="7.252537112173076">
      <ele>2060.3</ele></trkpt>
      <trkpt lat="46.118545667712006" lon="7.252543289968317">
      <ele>2059.4</ele></trkpt>
      <trkpt lat="46.11856962266177" lon="7.252543208313012">
      <ele>2058.6</ele></trkpt>
      <trkpt lat="46.11860280174383" lon="7.25253992595933">
      <ele>2057.7</ele></trkpt>
      <trkpt lat="46.11864059433621" lon="7.25254137529432">
      <ele>2056.8</ele></trkpt>
      <trkpt lat="46.11866918195585" lon="7.252541277846431">
      <ele>2056.0</ele></trkpt>
      <trkpt lat="46.118693122419536" lon="7.252526953967784">
      <ele>2055.1</ele></trkpt>
      <trkpt lat="46.11871979838302" lon="7.25249678737276">
      <ele>2054.3</ele></trkpt>
      <trkpt lat="46.11873910850314" lon="7.252472984394326">
      <ele>2053.4</ele></trkpt>
      <trkpt lat="46.11875382451233" lon="7.252450762295593">
      <ele>2052.6</ele></trkpt>
      <trkpt lat="46.11876856028644" lon="7.252445977545893">
      <ele>2051.7</ele></trkpt>
      <trkpt lat="46.11878791071777" lon="7.2524411641191495">
      <ele>2050.9</ele></trkpt>
      <trkpt lat="46.118811866810866" lon="7.252436322044744">
      <ele>2050.0</ele></trkpt>
      <trkpt lat="46.118833083369225" lon="7.252439418951182">
      <ele>2049.2</ele></trkpt>
      <trkpt lat="46.118855248789" lon="7.2524615023757235">
      <ele>2048.5</ele></trkpt>
      <trkpt lat="46.11888661134882" lon="7.252480385185212">
      <ele>2047.7</ele></trkpt>
      <trkpt lat="46.118911529106825" lon="7.252491386209256">
      <ele>2047.0</ele></trkpt>
      <trkpt lat="46.118935507274806" lon="7.2524944737266805">
      <ele>2046.2</ele></trkpt>
      <trkpt lat="46.118956682310866" lon="7.252483302592217">
      <ele>2045.4</ele></trkpt>
      <trkpt lat="46.118976921586864" lon="7.252461087443775">
      <ele>2044.7</ele></trkpt>
      <trkpt lat="46.11901009804342" lon="7.252456213916883">
      <ele>2043.9</ele></trkpt>
      <trkpt lat="46.1190386636315" lon="7.252448212699512">
      <ele>2043.2</ele></trkpt>
      <trkpt lat="46.11907089528771" lon="7.2524322692945145">
      <ele>2042.4</ele></trkpt>
      <trkpt lat="46.11909852388336" lon="7.252417932682308">
      <ele>2041.6</ele></trkpt>
      <trkpt lat="46.11912890623395" lon="7.252398826264032">
      <ele>2040.9</ele></trkpt>
      <trkpt lat="46.119160209928395" lon="7.252376573264592">
      <ele>2040.1</ele></trkpt>
      <trkpt lat="46.11919336810884" lon="7.25236062662032">
      <ele>2039.4</ele></trkpt>
      <trkpt lat="46.11921824031526" lon="7.252349468637105">
      <ele>2038.6</ele></trkpt>
      <trkpt lat="46.119244974868316" lon="7.252349377410847">
      <ele>2037.8</ele></trkpt>
      <trkpt lat="46.1192698563535" lon="7.252349292507724">
      <ele>2037.1</ele></trkpt>
      <trkpt lat="46.11929477292149" lon="7.252365015157614">
      <ele>2036.3</ele></trkpt>
      <trkpt lat="46.119316015610124" lon="7.252383945525299">
      <ele>2035.6</ele></trkpt>
      <trkpt lat="46.119345572975284" lon="7.252415485932127">
      <ele>2034.8</ele></trkpt>
      <trkpt lat="46.11937099689385" lon="7.252449757013529">
      <ele>2034.0</ele></trkpt>
      <trkpt lat="46.1194072541907" lon="7.252469347714975">
      <ele>2033.1</ele></trkpt>
      <trkpt lat="46.119448400087755" lon="7.252480474605444">
      <ele>2032.3</ele></trkpt>
      <trkpt lat="46.119479743240625" lon="7.252493044955326">
      <ele>2031.5</ele></trkpt>
      <trkpt lat="46.11951500811462" lon="7.252499961872491">
      <ele>2030.7</ele></trkpt>
      <trkpt lat="46.119545393682465" lon="7.252520982696627">
      <ele>2029.8</ele></trkpt>
      <trkpt lat="46.11956694712504" lon="7.252526536362756">
      <ele>2029.0</ele></trkpt>
      <trkpt lat="46.119608058470384" lon="7.252522166146591">
      <ele>2028.2</ele></trkpt>
      <trkpt lat="46.11963448922045" lon="7.2525178589094885">
      <ele>2027.4</ele></trkpt>
      <trkpt lat="46.11966483328548" lon="7.25251916548219">
      <ele>2026.5</ele></trkpt>
      <trkpt lat="46.119695190974404" lon="7.252523279121265">
      <ele>2025.7</ele></trkpt>
      <trkpt lat="46.11971675371619" lon="7.252534472868874">
      <ele>2024.9</ele></trkpt>
      <trkpt lat="46.119743198394026" lon="7.252538612795315">
      <ele>2024.1</ele></trkpt>
      <trkpt lat="46.119776490932296" lon="7.252544126472624">
      <ele>2023.2</ele></trkpt>
      <trkpt lat="46.11982152691288" lon="7.252546780073217">
      <ele>2022.4</ele></trkpt>
      <trkpt lat="46.119857772312926" lon="7.2525537066621375">
      <ele>2021.6</ele></trkpt>
      <trkpt lat="46.11989693657224" lon="7.252557790317569">
      <ele>2020.8</ele></trkpt>
      <trkpt lat="46.119916522048094" lon="7.252559133589391">
      <ele>2020.0</ele></trkpt>
      <trkpt lat="46.11992731053066" lon="7.2525717741480555">
      <ele>2019.1</ele></trkpt>
      <trkpt lat="46.119947895063966" lon="7.2525843683903">
      <ele>2018.3</ele></trkpt>
      <trkpt lat="46.11997532952216" lon="7.252594132172989">
      <ele>2017.5</ele></trkpt>
      <trkpt lat="46.12001059034367" lon="7.2526095094230465">
      <ele>2016.7</ele></trkpt>
      <trkpt lat="46.120041963071365" lon="7.252629117102804">
      <ele>2015.9</ele></trkpt>
      <trkpt lat="46.12006351446312" lon="7.252638888032578">
      <ele>2015.1</ele></trkpt>
      <trkpt lat="46.12008606929595" lon="7.252657115754254">
      <ele>2014.2</ele></trkpt>
      <trkpt lat="46.12010959796026" lon="7.252676750208134">
      <ele>2013.4</ele></trkpt>
      <trkpt lat="46.12015371114106" lon="7.252708979015629">
      <ele>2012.6</ele></trkpt>
      <trkpt lat="46.12018508906172" lon="7.252742674213597">
      <ele>2011.8</ele></trkpt>
      <trkpt lat="46.12020568284286" lon="7.252760895759612">
      <ele>2011.0</ele></trkpt>
      <trkpt lat="46.12023801314737" lon="7.252772053046097">
      <ele>2010.2</ele></trkpt>
      <trkpt lat="46.12026054969864" lon="7.252784653726165">
      <ele>2009.4</ele></trkpt>
      <trkpt lat="46.12028212659126" lon="7.252809922160852">
      <ele>2008.6</ele></trkpt>
      <trkpt lat="46.12029879835531" lon="7.2528281700496695">
      <ele>2007.8</ele></trkpt>
      <trkpt lat="46.120326242055555" lon="7.25284356120989">
      <ele>2007.0</ele></trkpt>
      <trkpt lat="46.120343884772346" lon="7.252850538432167">
      <ele>2006.1</ele></trkpt>
      <trkpt lat="46.12035662495398" lon="7.252857532342593">
      <ele>2005.3</ele></trkpt>
      <trkpt lat="46.12036447418197" lon="7.2528715801686126">
      <ele>2004.5</ele></trkpt>
      <trkpt lat="46.12038703854411" lon="7.25290108838684">
      <ele>2003.7</ele></trkpt>
      <trkpt lat="46.120406656432905" lon="7.252922133463958">
      <ele>2002.9</ele></trkpt>
      <trkpt lat="46.1204370509201" lon="7.252943154835781">
      <ele>2002.1</ele></trkpt>
      <trkpt lat="46.120464480949444" lon="7.252955713115924">
      <ele>2000.9</ele></trkpt>
      <trkpt lat="46.12049581685485" lon="7.252958439558796">
      <ele>1999.6</ele></trkpt>
      <trkpt lat="46.12052911169425" lon="7.2529653636054">
      <ele>1998.4</ele></trkpt>
      <trkpt lat="46.12057612693335" lon="7.2529736381079015">
      <ele>1997.1</ele></trkpt>
      <trkpt lat="46.12061334382124" lon="7.252980561771963">
      <ele>1995.9</ele></trkpt>
      <trkpt lat="46.120639807015856" lon="7.252995969367851">
      <ele>1994.6</ele></trkpt>
      <trkpt lat="46.120659404298266" lon="7.253009964403576">
      <ele>1993.4</ele></trkpt>
      <trkpt lat="46.120680994794874" lon="7.253038066100008">
      <ele>1992.1</ele></trkpt>
      <trkpt lat="46.12071139874679" lon="7.253070329200456">
      <ele>1990.9</ele></trkpt>
      <trkpt lat="46.12074274183767" lon="7.253082900179688">
      <ele>1989.7</ele></trkpt>
      <trkpt lat="46.12078191277997" lon="7.253085587142517">
      <ele>1988.4</ele></trkpt>
      <trkpt lat="46.12080736766195" lon="7.253084090571069">
      <ele>1987.2</ele></trkpt>
      <trkpt lat="46.12083085691545" lon="7.253079793509618">
      <ele>1985.9</ele></trkpt>
      <trkpt lat="46.12086121922292" lon="7.253086727640034">
      <ele>1984.7</ele></trkpt>
      <trkpt lat="46.120886681037284" lon="7.253089448270485">
      <ele>1983.4</ele></trkpt>
      <trkpt lat="46.12092388660592" lon="7.25309496203586">
      <ele>1982.2</ele></trkpt>
      <trkpt lat="46.12096797165057" lon="7.253104669661139">
      <ele>1980.9</ele></trkpt>
      <trkpt lat="46.121002284024925" lon="7.25313412544517">
      <ele>1979.7</ele></trkpt>
      <trkpt lat="46.121203065128114" lon="7.253178487566089">
      <ele>1978.4</ele></trkpt>
      <trkpt lat="46.12123048797636" lon="7.253181214530694">
      <ele>1977.2</ele></trkpt>
      <trkpt lat="46.1212520437064" lon="7.2531881786847725">
      <ele>1976.3</ele></trkpt>
      <trkpt lat="46.121288298834806" lon="7.253212000752872">
      <ele>1975.3</ele></trkpt>
      <trkpt lat="46.12133240055625" lon="7.25324282066109">
      <ele>1974.4</ele></trkpt>
      <trkpt lat="46.121371601537604" lon="7.2532637997271">
      <ele>1973.5</ele></trkpt>
      <trkpt lat="46.12139219757352" lon="7.253283444861627">
      <ele>1972.5</ele></trkpt>
      <trkpt lat="46.1214040193798" lon="7.2533228219393795">
      <ele>1971.6</ele></trkpt>
      <trkpt lat="46.12140113823778" lon="7.253365094942615">
      <ele>1970.7</ele></trkpt>
      <trkpt lat="46.121389436103144" lon="7.253387656927454">
      <ele>1969.8</ele></trkpt>
      <trkpt lat="46.121329817017326" lon="7.2534554389116055">
      <ele>1968.8</ele></trkpt>
      <trkpt lat="46.12128487341914" lon="7.253509096209484">
      <ele>1967.9</ele></trkpt>
      <trkpt lat="46.12125162271631" lon="7.253534551309384">
      <ele>1967.0</ele></trkpt>
      <trkpt lat="46.121223235554915" lon="7.253541697877998">
      <ele>1966.0</ele></trkpt>
      <trkpt lat="46.12119191790552" lon="7.253544611251524">
      <ele>1965.1</ele></trkpt>
      <trkpt lat="46.12116156485262" lon="7.25354330410297">
      <ele>1964.2</ele></trkpt>
      <trkpt lat="46.12114296474908" lon="7.253550404536592">
      <ele>1963.2</ele></trkpt>
      <trkpt lat="46.12113221538487" lon="7.253556068288257">
      <ele>1962.3</ele></trkpt>
      <trkpt lat="46.121120497303" lon="7.253574412929881">
      <ele>1961.4</ele></trkpt>
      <trkpt lat="46.12110780793581" lon="7.253598388160136">
      <ele>1960.5</ele></trkpt>
      <trkpt lat="46.12109607139931" lon="7.253605478240879">
      <ele>1959.5</ele></trkpt>
      <trkpt lat="46.121074520318125" lon="7.253601334044804">
      <ele>1958.6</ele></trkpt>
      <trkpt lat="46.12105591767102" lon="7.253601397098216">
      <ele>1957.4</ele></trkpt>
      <trkpt lat="46.121039287573495" lon="7.253608490821225">
      <ele>1956.3</ele></trkpt>
      <trkpt lat="46.121026600488946" lon="7.253633863121905">
      <ele>1955.1</ele></trkpt>
      <trkpt lat="46.121004168112016" lon="7.2536902638236">
      <ele>1953.9</ele></trkpt>
      <trkpt lat="46.120975898327046" lon="7.253763579057349">
      <ele>1952.8</ele></trkpt>
      <trkpt lat="46.120949587417215" lon="7.253841104815788">
      <ele>1951.6</ele></trkpt>
      <trkpt lat="46.12093111591667" lon="7.25391579679852">
      <ele>1950.4</ele></trkpt>
      <trkpt lat="46.12089703433208" lon="7.254032778488473">
      <ele>1949.3</ele></trkpt>
      <trkpt lat="46.12084834772153" lon="7.254190636256605">
      <ele>1948.1</ele></trkpt>
      <trkpt lat="46.12079170646288" lon="7.254280928655486">
      <ele>1946.9</ele></trkpt>
      <trkpt lat="46.12075609435598" lon="7.254342250307648">
      <ele>1945.8</ele></trkpt>
      <trkpt lat="46.12070279053964" lon="7.254454729714835">
      <ele>1944.6</ele></trkpt>
      <trkpt lat="46.12064384784167" lon="7.25457911630236">
      <ele>1943.5</ele></trkpt>
      <trkpt lat="46.12059015831235" lon="7.2546924115270315">
      <ele>1942.3</ele></trkpt>
      <trkpt lat="46.12055776917002" lon="7.254727836489577">
      <ele>1941.1</ele></trkpt>
      <trkpt lat="46.12050135976239" lon="7.254789525157847">
      <ele>1940.0</ele></trkpt>
      <trkpt lat="46.12041477793376" lon="7.254889037138298">
      <ele>1938.8</ele></trkpt>
      <trkpt lat="46.12037469757058" lon="7.254929998555799">
      <ele>1937.6</ele></trkpt>
      <trkpt lat="46.12034049584881" lon="7.2549737731520025">
      <ele>1936.5</ele></trkpt>
      <trkpt lat="46.12030629849717" lon="7.255014714663681">
      <ele>1935.3</ele></trkpt>
      <trkpt lat="46.12027601434059" lon="7.255061283119165">
      <ele>1934.2</ele></trkpt>
      <trkpt lat="46.12026235314704" lon="7.25508526089946">
      <ele>1933.2</ele></trkpt>
      <trkpt lat="46.12026337012047" lon="7.2551021520672">
      <ele>1932.1</ele></trkpt>
      <trkpt lat="46.120279040395474" lon="7.255107726603272">
      <ele>1931.1</ele></trkpt>
      <trkpt lat="46.12030155395683" lon="7.25511188103401">
      <ele>1930.0</ele></trkpt>
      <trkpt lat="46.12034956102751" lon="7.255127217154708">
      <ele>1929.0</ele></trkpt>
      <trkpt lat="46.12039754761892" lon="7.255135490226315">
      <ele>1927.9</ele></trkpt>
      <trkpt lat="46.12042693143188" lon="7.255138211542304">
      <ele>1926.9</ele></trkpt>
      <trkpt lat="46.12047296161398" lon="7.255149324234637">
      <ele>1925.8</ele></trkpt>
      <trkpt lat="46.120527827947384" lon="7.255173071781883">
      <ele>1924.8</ele></trkpt>
      <trkpt lat="46.12058955568315" lon="7.255201013524928">
      <ele>1923.7</ele></trkpt>
      <trkpt lat="46.12067184253365" lon="7.255226092034508">
      <ele>1922.6</ele></trkpt>
      <trkpt lat="46.12072961621976" lon="7.255234345297824">
      <ele>1921.6</ele></trkpt>
      <trkpt lat="46.120776617737135" lon="7.255239814663606">
      <ele>1920.5</ele></trkpt>
      <trkpt lat="46.12081871199019" lon="7.25523685314453">
      <ele>1919.5</ele></trkpt>
      <trkpt lat="46.12086570879967" lon="7.255233888086725">
      <ele>1918.4</ele></trkpt>
      <trkpt lat="46.12092052480162" lon="7.255226666588495">
      <ele>1917.4</ele></trkpt>
      <trkpt lat="46.120957711788975" lon="7.255215274137787">
      <ele>1916.3</ele></trkpt>
      <trkpt lat="46.12099978544098" lon="7.2551996350798476">
      <ele>1915.3</ele></trkpt>
      <trkpt lat="46.12103302525233" lon="7.2551727840275175">
      <ele>1914.2</ele></trkpt>
      <trkpt lat="46.12106920182113" lon="7.255137462716913">
      <ele>1912.8</ele></trkpt>
      <trkpt lat="46.12111025604547" lon="7.255097894780331">
      <ele>1911.4</ele></trkpt>
      <trkpt lat="46.121166946198784" lon="7.255042789398549">
      <ele>1910.0</ele></trkpt>
      <trkpt lat="46.12122270606235" lon="7.255013042294176">
      <ele>1908.6</ele></trkpt>
      <trkpt lat="46.12129707067962" lon="7.254979002344176">
      <ele>1907.2</ele></trkpt>
      <trkpt lat="46.121375360094405" lon="7.25496324115672">
      <ele>1905.8</ele></trkpt>
      <trkpt lat="46.121478146530926" lon="7.254948833437693">
      <ele>1904.4</ele></trkpt>
      <trkpt lat="46.12153294874951" lon="7.254933151191914">
      <ele>1903.0</ele></trkpt>
      <trkpt lat="46.1215975036833" lon="7.254896323810929">
      <ele>1901.6</ele></trkpt>
      <trkpt lat="46.12164445939851" lon="7.2548736433932834">
      <ele>1900.2</ele></trkpt>
      <trkpt lat="46.12169143097112" lon="7.2548551801722665">
      <ele>1898.7</ele></trkpt>
      <trkpt lat="46.12173738323138" lon="7.254818415231615">
      <ele>1897.3</ele></trkpt>
      <trkpt lat="46.12181654286212" lon="7.254729430170785">
      <ele>1895.9</ele></trkpt>
      <trkpt lat="46.121889876596605" lon="7.254670050301306">
      <ele>1894.5</ele></trkpt>
      <trkpt lat="46.121962718764316" lon="7.254618162182327">
      <ele>1893.1</ele></trkpt>
      <trkpt lat="46.12201406751839" lon="7.254580938821814">
      <ele>1891.7</ele></trkpt>
      <trkpt lat="46.12204539858948" lon="7.254575205785055">
      <ele>1890.3</ele></trkpt>
      <trkpt lat="46.122067921148485" lon="7.254579347163643">
      <ele>1888.9</ele></trkpt>
      <trkpt lat="46.12208848941053" lon="7.254582097985779">
      <ele>1887.5</ele></trkpt>
      <trkpt lat="46.12210907392402" lon="7.2546003338277565">
      <ele>1886.1</ele></trkpt>
      <trkpt lat="46.12212378208846" lon="7.254617179405861">
      <ele>1884.7</ele></trkpt>
      <trkpt lat="46.12213950939208" lon="7.254646686465541">
      <ele>1883.2</ele></trkpt>
      <trkpt lat="46.12214054039513" lon="7.254677666090135">
      <ele>1881.8</ele></trkpt>
      <trkpt lat="46.122129853292066" lon="7.254732617858232">
      <ele>1880.3</ele></trkpt>
      <trkpt lat="46.122116265702324" lon="7.254807268832836">
      <ele>1878.9</ele></trkpt>
      <trkpt lat="46.12209969745639" lon="7.254852395622635">
      <ele>1877.4</ele></trkpt>
      <trkpt lat="46.122077259693164" lon="7.254900336437798">
      <ele>1876.0</ele></trkpt>
      <trkpt lat="46.12205087240808" lon="7.254931408299324">
      <ele>1874.5</ele></trkpt>
      <trkpt lat="46.12203234307722" lon="7.25497652865849">
      <ele>1873.1</ele></trkpt>
      <trkpt lat="46.122020636191124" lon="7.255001897804582">
      <ele>1871.7</ele></trkpt>
      <trkpt lat="46.122026553777445" lon="7.255028643617994">
      <ele>1870.2</ele></trkpt>
      <trkpt lat="46.122034418612024" lon="7.255046922384614">
      <ele>1868.8</ele></trkpt>
      <trkpt lat="46.122066803798056" lon="7.255097498906626">
      <ele>1867.3</ele></trkpt>
      <trkpt lat="46.122203255034634" lon="7.255112913333381">
      <ele>1865.9</ele></trkpt>
      <trkpt lat="46.12224609492612" lon="7.255109341111886">
      <ele>1864.4</ele></trkpt>
      <trkpt lat="46.122307891334074" lon="7.255057787928932">
      <ele>1863.0</ele></trkpt>
      <trkpt lat="46.122358985278034" lon="7.255013139979771">
      <ele>1861.5</ele></trkpt>
      <trkpt lat="46.12239582624602" lon="7.254977065144924">
      <ele>1860.1</ele></trkpt>
      <trkpt lat="46.122398317349244" lon="7.255054081500329">
      <ele>1858.6</ele></trkpt>
      <trkpt lat="46.122466074936405" lon="7.255000787483212">
      <ele>1857.2</ele></trkpt>
      <trkpt lat="46.12253976675716" lon="7.2549457786616545">
      <ele>1855.9</ele></trkpt>
      <trkpt lat="46.122602761634454" lon="7.254901064488568">
      <ele>1854.6</ele></trkpt>
      <trkpt lat="46.12267171986283" lon="7.254861466006629">
      <ele>1853.4</ele></trkpt>
      <trkpt lat="46.12272646356812" lon="7.254859574064972">
      <ele>1852.1</ele></trkpt>
      <trkpt lat="46.122787166572124" lon="7.254871349116444">
      <ele>1850.8</ele></trkpt>
      <trkpt lat="46.122862146670656" lon="7.2548728043585555">
      <ele>1849.5</ele></trkpt>
      <trkpt lat="46.122932345266015" lon="7.254865737436633">
      <ele>1848.2</ele></trkpt>
      <trkpt lat="46.122968034380705" lon="7.25485705314796">
      <ele>1847.0</ele></trkpt>
      <trkpt lat="46.123010838038326" lon="7.254831229532083">
      <ele>1845.7</ele></trkpt>
      <trkpt lat="46.12305005872958" lon="7.254803723221847">
      <ele>1844.4</ele></trkpt>
      <trkpt lat="46.12309761820256" lon="7.254776175849445">
      <ele>1843.1</ele></trkpt>
      <trkpt lat="46.123146356726885" lon="7.254743501478763">
      <ele>1841.8</ele></trkpt>
      <trkpt lat="46.123190331026485" lon="7.25470740190644">
      <ele>1840.6</ele></trkpt>
      <trkpt lat="46.12324499323716" lon="7.254661020281803">
      <ele>1839.3</ele></trkpt>
      <trkpt lat="46.12326637801144" lon="7.254640417440943">
      <ele>1838.0</ele></trkpt>
      <trkpt lat="46.123297300129444" lon="7.254626613090598">
      <ele>1836.7</ele></trkpt>
      <trkpt lat="46.12333536124976" lon="7.254616212925967">
      <ele>1835.4</ele></trkpt>
      <trkpt lat="46.123384132578764" lon="7.254609204910898">
      <ele>1834.2</ele></trkpt>
      <trkpt lat="46.12345433516844" lon="7.254593560412404">
      <ele>1832.9</ele></trkpt>
      <trkpt lat="46.123500708751976" lon="7.254578009156243">
      <ele>1831.6</ele></trkpt>
      <trkpt lat="46.1235554155318" lon="7.254558988555281">
      <ele>1830.8</ele></trkpt>
      <trkpt lat="46.12361368299339" lon="7.2545279892521535">
      <ele>1829.9</ele></trkpt>
      <trkpt lat="46.12366718626683" lon="7.254493590602043">
      <ele>1829.1</ele></trkpt>
      <trkpt lat="46.1237230441542" lon="7.254452327356016">
      <ele>1828.3</ele></trkpt>
      <trkpt lat="46.12378009002266" lon="7.254405911104346">
      <ele>1827.5</ele></trkpt>
      <trkpt lat="46.12382761248901" lon="7.254361260459262">
      <ele>1826.6</ele></trkpt>
      <trkpt lat="46.1238668147073" lon="7.254311488910119">
      <ele>1825.8</ele></trkpt>
      <trkpt lat="46.12389650688077" lon="7.254277170305103">
      <ele>1825.0</ele></trkpt>
      <trkpt lat="46.123907152781285" lon="7.254241182442241">
      <ele>1824.2</ele></trkpt>
      <trkpt lat="46.12392376271578" lon="7.254205200289094">
      <ele>1823.3</ele></trkpt>
      <trkpt lat="46.12395704499203" lon="7.254187959244354">
      <ele>1822.5</ele></trkpt>
      <trkpt lat="46.12398555530635" lon="7.254157059880986">
      <ele>1821.7</ele></trkpt>
      <trkpt lat="46.12402005696658" lon="7.254148378974309">
      <ele>1820.9</ele></trkpt>
      <trkpt lat="46.12405219163291" lon="7.254149990994904">
      <ele>1820.0</ele></trkpt>
      <trkpt lat="46.12409266727678" lon="7.254158405584635">
      <ele>1819.2</ele></trkpt>
      <trkpt lat="46.1241140883265" lon="7.254160053819443">
      <ele>1818.4</ele></trkpt>
      <trkpt lat="46.12413552332913" lon="7.254170240460635">
      <ele>1817.6</ele></trkpt>
      <trkpt lat="46.12415930579275" lon="7.25415818038077">
      <ele>1816.8</ele></trkpt>
      <trkpt lat="46.12417834922405" lon="7.254158116023676">
      <ele>1815.9</ele></trkpt>
      <trkpt lat="46.12419858224699" lon="7.254164891353123">
      <ele>1815.1</ele></trkpt>
      <trkpt lat="46.12421997871898" lon="7.2541459956111725">
      <ele>1814.4</ele></trkpt>
      <trkpt lat="46.124243736017306" lon="7.254118540468322">
      <ele>1813.7</ele></trkpt>
      <trkpt lat="46.124260328499766" lon="7.254077409157611">
      <ele>1813.0</ele></trkpt>
      <trkpt lat="46.124270993925904" lon="7.25405340068678">
      <ele>1812.3</ele></trkpt>
      <trkpt lat="46.12429120517175" lon="7.254041352602595">
      <ele>1811.6</ele></trkpt>
      <trkpt lat="46.12432094823621" lon="7.254032700603847">
      <ele>1811.0</ele></trkpt>
      <trkpt lat="46.124373310926266" lon="7.254032523523601">
      <ele>1810.3</ele></trkpt>
      <trkpt lat="46.1244113865977" lon="7.254025551025456">
      <ele>1809.6</ele></trkpt>
      <trkpt lat="46.12444704987842" lon="7.254006606900735">
      <ele>1808.9</ele></trkpt>
      <trkpt lat="46.12448865694838" lon="7.253980785965246">
      <ele>1808.2</ele></trkpt>
      <trkpt lat="46.12454453205107" lon="7.2539446575614415">
      <ele>1807.5</ele></trkpt>
      <trkpt lat="46.12459208232543" lon="7.253917108716596">
      <ele>1806.8</ele></trkpt>
      <trkpt lat="46.12462538257181" lon="7.2538998801611605">
      <ele>1806.1</ele></trkpt>
      <trkpt lat="46.124661082838806" lon="7.2538980516354865">
      <ele>1805.4</ele></trkpt>
      <trkpt lat="46.12470153830879" lon="7.2538996224306045">
      <ele>1804.8</ele></trkpt>
      <trkpt lat="46.12476818302884" lon="7.253897689176908">
      <ele>1804.1</ele></trkpt>
      <trkpt lat="46.124802686876166" lon="7.253895851756836">
      <ele>1803.4</ele></trkpt>
      <trkpt lat="46.12483361174467" lon="7.253883780173213">
      <ele>1802.7</ele></trkpt>
      <trkpt lat="46.12488115700304" lon="7.2538476796400415">
      <ele>1802.0</ele></trkpt>
      <trkpt lat="46.12491086022169" lon="7.253820190966034">
      <ele>1801.3</ele></trkpt>
      <trkpt lat="46.12493817462423" lon="7.253784158835941">
      <ele>1800.9</ele></trkpt>
      <trkpt lat="46.12496669883549" lon="7.253761810178411">
      <ele>1800.5</ele></trkpt>
      <trkpt lat="46.1250059472854" lon="7.253751405070754">
      <ele>1800.1</ele></trkpt>
      <trkpt lat="46.12502853332845" lon="7.253739361605706">
      <ele>1799.7</ele></trkpt>
      <trkpt lat="46.125046347293114" lon="7.253713620794845">
      <ele>1799.3</ele></trkpt>
      <trkpt lat="46.12506770161668" lon="7.253669044243998">
      <ele>1799.0</ele></trkpt>
      <trkpt lat="46.12509620899323" lon="7.253636436269752">
      <ele>1798.6</ele></trkpt>
      <trkpt lat="46.12512592899702" lon="7.2536192195188205">
      <ele>1798.2</ele></trkpt>
      <trkpt lat="46.12514730516603" lon="7.25359347948453">
      <ele>1797.8</ele></trkpt>
      <trkpt lat="46.125179364064365" lon="7.253548866507838">
      <ele>1797.4</ele></trkpt>
      <trkpt lat="46.125211448213136" lon="7.2535196617223745">
      <ele>1797.0</ele></trkpt>
      <trkpt lat="46.12524356827453" lon="7.2535178450697675">
      <ele>1796.6</ele></trkpt>
      <trkpt lat="46.125286402526505" lon="7.253510855962925">
      <ele>1796.2</ele></trkpt>
      <trkpt lat="46.125316125312395" lon="7.253495346801515">
      <ele>1795.8</ele></trkpt>
      <trkpt lat="46.12535060727684" lon="7.253474685357249">
      <ele>1795.5</ele></trkpt>
      <trkpt lat="46.12539101785085" lon="7.253448880584888">
      <ele>1795.1</ele></trkpt>
      <trkpt lat="46.12542075807131" lon="7.253438520367662">
      <ele>1794.7</ele></trkpt>
      <trkpt lat="46.12544694671777" lon="7.253440139247439">
      <ele>1794.3</ele></trkpt>
      <trkpt lat="46.125494553034635" lon="7.253446821601427">
      <ele>1793.9</ele></trkpt>
      <trkpt lat="46.125564762763716" lon="7.253446583406965">
      <ele>1793.5</ele></trkpt>
      <trkpt lat="46.1256278132295" lon="7.253436097202676">
      <ele>1792.5</ele></trkpt>
      <trkpt lat="46.12569559537841" lon="7.253398219340942">
      <ele>1791.4</ele></trkpt>
      <trkpt lat="46.1257514528757" lon="7.253356953440298">
      <ele>1790.4</ele></trkpt>
      <trkpt lat="46.12579184432261" lon="7.253314032220554">
      <ele>1789.4</ele></trkpt>
      <trkpt lat="46.12588569028531" lon="7.253212736700054">
      <ele>1788.3</ele></trkpt>
      <trkpt lat="46.12593559607011" lon="7.253168062256598">
      <ele>1787.3</ele></trkpt>
      <trkpt lat="46.126000990924155" lon="7.2531335945214295">
      <ele>1786.3</ele></trkpt>
      <trkpt lat="46.126146051432244" lon="7.253056097395342">
      <ele>1785.3</ele></trkpt>
      <trkpt lat="46.126183519499676" lon="7.253035231142746">
      <ele>1784.2</ele></trkpt>
      <trkpt lat="46.126233329931964" lon="7.2530037270396654">
      <ele>1783.2</ele></trkpt>
      <trkpt lat="46.126363772150185" lon="7.252931415190904">
      <ele>1782.2</ele></trkpt>
      <trkpt lat="46.126432187142136" lon="7.252911957171079">
      <ele>1781.1</ele></trkpt>
      <trkpt lat="46.12661468798758" lon="7.252840580278633">
      <ele>1780.1</ele></trkpt>
      <trkpt lat="46.12688451833599" lon="7.25272605587586">
      <ele>1779.1</ele></trkpt>
      <trkpt lat="46.12699421583769" lon="7.252675069867662">
      <ele>1778.1</ele></trkpt>
      <trkpt lat="46.1270286773865" lon="7.252647563276966">
      <ele>1777.0</ele></trkpt>
      <trkpt lat="46.12707025878614" lon="7.252606344253731">
      <ele>1776.0</ele></trkpt>
      <trkpt lat="46.12711422397366" lon="7.252565117041669">
      <ele>1775.0</ele></trkpt>
      <trkpt lat="46.12713919704132" lon="7.252549635975573">
      <ele>1773.9</ele></trkpt>
      <trkpt lat="46.127186755453955" lon="7.252527220872417">
      <ele>1772.9</ele></trkpt>
      <trkpt lat="46.127239078630815" lon="7.252503068756953">
      <ele>1772.1</ele></trkpt>
      <trkpt lat="46.127291390033825" lon="7.252477234721624">
      <ele>1771.2</ele></trkpt>
      <trkpt lat="46.127361560783044" lon="7.252447898260559">
      <ele>1770.4</ele></trkpt>
      <trkpt lat="46.12743291327331" lon="7.252415129167109">
      <ele>1769.5</ele></trkpt>
      <trkpt lat="46.12748522179691" lon="7.2523875612945075">
      <ele>1768.7</ele></trkpt>
      <trkpt lat="46.12752565293905" lon="7.252363462433495">
      <ele>1767.9</ele></trkpt>
      <trkpt lat="46.127585075118155" lon="7.252323902657616">
      <ele>1767.0</ele></trkpt>
      <trkpt lat="46.12763263170396" lon="7.252289506705217">
      <ele>1766.2</ele></trkpt>
      <trkpt lat="46.12767897724585" lon="7.252251699225174">
      <ele>1765.3</ele></trkpt>
      <trkpt lat="46.12773481736983" lon="7.2522001580146105">
      <ele>1764.5</ele></trkpt>
      <trkpt lat="46.12780610757668" lon="7.252129726301551">
      <ele>1763.7</ele></trkpt>
      <trkpt lat="46.127880929387004" lon="7.252035347148445">
      <ele>1762.8</ele></trkpt>
      <trkpt lat="46.127945277129555" lon="7.251971679447286">
      <ele>1762.0</ele></trkpt>
      <trkpt lat="46.12801949885141" lon="7.251911587511035">
      <ele>1761.1</ele></trkpt>
      <trkpt lat="46.128133196728584" lon="7.251919038987245">
      <ele>1760.3</ele></trkpt>
      <trkpt lat="46.12819631217894" lon="7.25194792067287">
      <ele>1759.5</ele></trkpt>
      <trkpt lat="46.12827013841856" lon="7.251975057977439">
      <ele>1758.6</ele></trkpt>
      <trkpt lat="46.12837488363822" lon="7.2519866804121715">
      <ele>1757.8</ele></trkpt>
      <trkpt lat="46.12848080776979" lon="7.2519931624427345">
      <ele>1756.9</ele></trkpt>
      <trkpt lat="46.12856770826996" lon="7.25201169022726">
      <ele>1756.1</ele></trkpt>
      <trkpt lat="46.12865940750963" lon="7.252049039570496">
      <ele>1755.3</ele></trkpt>
      <trkpt lat="46.12873205428289" lon="7.252086441217533">
      <ele>1754.6</ele></trkpt>
      <trkpt lat="46.128795124967226" lon="7.252082809985051">
      <ele>1753.8</ele></trkpt>
      <trkpt lat="46.12886054215107" lon="7.252062040587475">
      <ele>1753.1</ele></trkpt>
      <trkpt lat="46.12891287374728" lon="7.252043036652468">
      <ele>1752.3</ele></trkpt>
      <trkpt lat="46.12895691228372" lon="7.252046301787134">
      <ele>1751.5</ele></trkpt>
      <trkpt lat="46.1290109442078" lon="7.252070945494966">
      <ele>1750.8</ele></trkpt>
      <trkpt lat="46.12911137366587" lon="7.252045734945245">
      <ele>1750.0</ele></trkpt>
      <trkpt lat="46.12915206711508" lon="7.252027986891008">
      <ele>1749.3</ele></trkpt>
      <trkpt lat="46.129187114553304" lon="7.252033935107004">
      <ele>1748.5</ele></trkpt>
      <trkpt lat="46.12919804250472" lon="7.252032953254984">
      <ele>1747.7</ele></trkpt>
      <trkpt lat="46.12922853528771" lon="7.252015369422491">
      <ele>1747.0</ele></trkpt>
      <trkpt lat="46.1292295025912" lon="7.25204547343948">
      <ele>1746.2</ele></trkpt>
      <trkpt lat="46.12917897434203" lon="7.252110596162077">
      <ele>1745.5</ele></trkpt>
      <trkpt lat="46.12914868648659" lon="7.252154223898042">
      <ele>1744.7</ele></trkpt>
      <trkpt lat="46.12915254352503" lon="7.252180216580383">
      <ele>1743.9</ele></trkpt>
      <trkpt lat="46.129174407721" lon="7.252205060948967">
      <ele>1743.2</ele></trkpt>
      <trkpt lat="46.129189556025466" lon="7.252226745464286">
      <ele>1742.4</ele></trkpt>
      <trkpt lat="46.12921450047845" lon="7.252232094340296">
      <ele>1741.7</ele></trkpt>
      <trkpt lat="46.12927385876792" lon="7.252235579031283">
      <ele>1740.9</ele></trkpt>
      </trkseg>
  </trk>
</gpx>