<?xml version='1.0' encoding='utf-8'?>
<gpx xmlns="http://www.topografix.com/GPX/1/1" xmlns:xsi="http://www.w3.org/2001/XMLSchema-instance" xsi:schemaLocation="http://www.topografix.com/GPX/1/1 http://www.topografix.com/GPX/1/1/gpx.xsd" version="1.1" creator="gpx.py -- https://github.com/tkrajina/gpxpy">
  <trk>
    <name>gspaltenhornhuette-sac</name>
    <trkseg>
      <trkpt lat="46.54569529883284" lon="7.838431983875667">
      <ele>2028.6</ele></trkpt>
    <trkpt lat="46.54567834511272" lon="7.838356838741335">
      <ele>2029.1</ele></trkpt>
      <trkpt lat="46.54561968003369" lon="7.838306783563275">
      <ele>2029.6</ele></trkpt>
      <trkpt lat="46.54558983295653" lon="7.838250252751987">
      <ele>2030.1</ele></trkpt>
      <trkpt lat="46.54554330754195" lon="7.83817586746331">
      <ele>2030.6</ele></trkpt>
      <trkpt lat="46.54544739594591" lon="7.838162865104404">
      <ele>2031.1</ele></trkpt>
      <trkpt lat="46.54538375177421" lon="7.838106372053943">
      <ele>2031.6</ele></trkpt>
      <trkpt lat="46.545328465726094" lon="7.837993187266103">
      <ele>2032.1</ele></trkpt>
      <trkpt lat="46.545277762745776" lon="7.837968458744246">
      <ele>2032.6</ele></trkpt>
      <trkpt lat="46.54522143483388" lon="7.837939347211904">
      <ele>2033.2</ele></trkpt>
      <trkpt lat="46.54517964528789" lon="7.837899612865011">
      <ele>2033.7</ele></trkpt>
      <trkpt lat="46.545135439650124" lon="7.837858804708834">
      <ele>2034.2</ele></trkpt>
      <trkpt lat="46.54513477034025" lon="7.8378111337665946">
      <ele>2034.7</ele></trkpt>
      <trkpt lat="46.54515753082476" lon="7.837738968094868">
      <ele>2035.2</ele></trkpt>
      <trkpt lat="46.54516092576922" lon="7.837676411895818">
      <ele>2035.7</ele></trkpt>
      <trkpt lat="46.54514902838915" lon="7.8376086061389">
      <ele>2036.2</ele></trkpt>
      <trkpt lat="46.54515892053294" lon="7.837529983142575">
      <ele>2036.7</ele></trkpt>
      <trkpt lat="46.54517120484412" lon="7.83745923950385">
      <ele>2037.2</ele></trkpt>
      <trkpt lat="46.54518926914139" lon="7.83733836909289">
      <ele>2038.1</ele></trkpt>
      <trkpt lat="46.54518713929832" lon="7.837235081310459">
      <ele>2039.1</ele></trkpt>
      <trkpt lat="46.54518615642367" lon="7.837230615161396">
      <ele>2040.0</ele></trkpt>
      <trkpt lat="46.54516803313893" lon="7.837152711541488">
      <ele>2040.9</ele></trkpt>
      <trkpt lat="46.545156197049565" lon="7.837062181540871">
      <ele>2041.9</ele></trkpt>
      <trkpt lat="46.54517897294682" lon="7.836985478502697">
      <ele>2042.8</ele></trkpt>
      <trkpt lat="46.54520658794657" lon="7.836906359892917">
      <ele>2043.7</ele></trkpt>
      <trkpt lat="46.545207652731214" lon="7.836815481464689">
      <ele>2044.7</ele></trkpt>
      <trkpt lat="46.54519169657355" lon="7.836755729413152">
      <ele>2045.6</ele></trkpt>
      <trkpt lat="46.545202355165635" lon="7.836691844510183">
      <ele>2046.6</ele></trkpt>
      <trkpt lat="46.545204259134735" lon="7.836587321714764">
      <ele>2047.5</ele></trkpt>
      <trkpt lat="46.54523346541001" lon="7.836516115448425">
      <ele>2048.4</ele></trkpt>
      <trkpt lat="46.54525599660329" lon="7.836383230498149">
      <ele>2049.4</ele></trkpt>
      <trkpt lat="46.54525235865204" lon="7.836304520801621">
      <ele>2050.3</ele></trkpt>
      <trkpt lat="46.54527646647103" lon="7.836150291408231">
      <ele>2051.2</ele></trkpt>
      <trkpt lat="46.545280691525136" lon="7.836068745023198">
      <ele>2052.2</ele></trkpt>
      <trkpt lat="46.54531846618102" lon="7.835929205005262">
      <ele>2053.1</ele></trkpt>
      <trkpt lat="46.54533485154606" lon="7.835739938218776">
      <ele>2054.0</ele></trkpt>
      <trkpt lat="46.54536274057148" lon="7.835620716484491">
      <ele>2055.0</ele></trkpt>
      <trkpt lat="46.545376891213856" lon="7.835507169684756">
      <ele>2055.9</ele></trkpt>
      <trkpt lat="46.54545794597969" lon="7.835335977388507">
      <ele>2057.0</ele></trkpt>
      <trkpt lat="46.54551756274949" lon="7.8351237670067">
      <ele>2058.2</ele></trkpt>
      <trkpt lat="46.54560239919543" lon="7.834987555872936">
      <ele>2059.3</ele></trkpt>
      <trkpt lat="46.545640182605496" lon="7.834845119938644">
      <ele>2060.5</ele></trkpt>
      <trkpt lat="46.545736904203714" lon="7.83467986834946">
      <ele>2061.6</ele></trkpt>
      <trkpt lat="46.545749173979026" lon="7.83454300805746">
      <ele>2062.7</ele></trkpt>
      <trkpt lat="46.54574205649858" lon="7.83434188565225">
      <ele>2063.9</ele></trkpt>
      <trkpt lat="46.5457535939469" lon="7.83423442037528">
      <ele>2065.0</ele></trkpt>
      <trkpt lat="46.545757226986524" lon="7.83422183927301">
      <ele>2066.2</ele></trkpt>
      <trkpt lat="46.54577734346125" lon="7.834130694860253">
      <ele>2067.3</ele></trkpt>
      <trkpt lat="46.54579796836822" lon="7.83404336116124">
      <ele>2068.4</ele></trkpt>
      <trkpt lat="46.54581120267821" lon="7.833983366084262">
      <ele>2069.6</ele></trkpt>
      <trkpt lat="46.54582289980524" lon="7.8339126947456394">
      <ele>2070.7</ele></trkpt>
      <trkpt lat="46.54584715662767" lon="7.833833757740398">
      <ele>2071.9</ele></trkpt>
      <trkpt lat="46.545872926831436" lon="7.833772328600123">
      <ele>2073.0</ele></trkpt>
      <trkpt lat="46.545872565716195" lon="7.833718309851881">
      <ele>2074.1</ele></trkpt>
      <trkpt lat="46.54586750893387" lon="7.833664256848177">
      <ele>2075.3</ele></trkpt>
      <trkpt lat="46.54587022221608" lon="7.833631564496386">
      <ele>2076.4</ele></trkpt>
      <trkpt lat="46.54588176382772" lon="7.833613395594518">
      <ele>2077.6</ele></trkpt>
      <trkpt lat="46.54590590003568" lon="7.833571732934295">
      <ele>2078.7</ele></trkpt>
      <trkpt lat="46.54592268811992" lon="7.833545218879873">
      <ele>2079.0</ele></trkpt>
      <trkpt lat="46.54593488661055" lon="7.833482934352627">
      <ele>2079.4</ele></trkpt>
      <trkpt lat="46.54593458762478" lon="7.83340838124732">
      <ele>2079.8</ele></trkpt>
      <trkpt lat="46.54593070925891" lon="7.83331021642578">
      <ele>2080.1</ele></trkpt>
      <trkpt lat="46.54593717646329" lon="7.833245595392725">
      <ele>2080.4</ele></trkpt>
      <trkpt lat="46.54592840126799" lon="7.833210550661649">
      <ele>2080.8</ele></trkpt>
      <trkpt lat="46.54590603034945" lon="7.833186802030568">
      <ele>2081.1</ele></trkpt>
      <trkpt lat="46.54589722461274" lon="7.833163152255837">
      <ele>2081.5</ele></trkpt>
      <trkpt lat="46.54589895119841" lon="7.833111443373888">
      <ele>2081.8</ele></trkpt>
      <trkpt lat="46.54590646330263" lon="7.833043792129047">
      <ele>2082.2</ele></trkpt>
      <trkpt lat="46.54589774350318" lon="7.832992750316794">
      <ele>2082.5</ele></trkpt>
      <trkpt lat="46.54588592484142" lon="7.832932572445671">
      <ele>2082.9</ele></trkpt>
      <trkpt lat="46.54587721023344" lon="7.832880018309813">
      <ele>2083.2</ele></trkpt>
      <trkpt lat="46.54586948215599" lon="7.832846493699604">
      <ele>2083.6</ele></trkpt>
      <trkpt lat="46.54585548950328" lon="7.8328113980591825">
      <ele>2083.9</ele></trkpt>
      <trkpt lat="46.54584680117335" lon="7.832751243059239">
      <ele>2084.3</ele></trkpt>
      <trkpt lat="46.54583646965246" lon="7.832716174103295">
      <ele>2084.6</ele></trkpt>
      <trkpt lat="46.54584664448042" lon="7.832630276139377">
      <ele>2085.0</ele></trkpt>
      <trkpt lat="46.545857204620866" lon="7.8325915521334695">
      <ele>2085.3</ele></trkpt>
      <trkpt lat="46.54588971834081" lon="7.832543861272106">
      <ele>2085.7</ele></trkpt>
      <trkpt lat="46.54592420944467" lon="7.83253042235122">
      <ele>2086.1</ele></trkpt>
      <trkpt lat="46.545933677109986" lon="7.832508431034474">
      <ele>2086.5</ele></trkpt>
      <trkpt lat="46.54594221653457" lon="7.832445350414973">
      <ele>2087.0</ele></trkpt>
      <trkpt lat="46.5459543775986" lon="7.832393704309537">
      <ele>2087.4</ele></trkpt>
      <trkpt lat="46.545978506561845" lon="7.832356604281638">
      <ele>2087.8</ele></trkpt>
      <trkpt lat="46.546006249297434" lon="7.83233322034594">
      <ele>2088.2</ele></trkpt>
      <trkpt lat="46.546012572222295" lon="7.832312731539064">
      <ele>2088.6</ele></trkpt>
      <trkpt lat="46.54600800603109" lon="7.832270090307635">
      <ele>2089.1</ele></trkpt>
      <trkpt lat="46.54601440155418" lon="7.832226016359093">
      <ele>2089.5</ele></trkpt>
      <trkpt lat="46.54601086035863" lon="7.8321887151068035">
      <ele>2089.9</ele></trkpt>
      <trkpt lat="46.54598905194177" lon="7.832150524903522">
      <ele>2090.3</ele></trkpt>
      <trkpt lat="46.54597037132437" lon="7.83211311366051">
      <ele>2090.7</ele></trkpt>
      <trkpt lat="46.54596680224658" lon="7.832086464243782">
      <ele>2091.2</ele></trkpt>
      <trkpt lat="46.545964833004795" lon="7.832044611174605">
      <ele>2091.6</ele></trkpt>
      <trkpt lat="46.545967532701845" lon="7.832015712629232">
      <ele>2092.0</ele></trkpt>
      <trkpt lat="46.545983282176906" lon="7.831987678117965">
      <ele>2092.4</ele></trkpt>
      <trkpt lat="46.54599950866422" lon="7.831972580703454">
      <ele>2092.8</ele></trkpt>
      <trkpt lat="46.546014795775264" lon="7.831924764226591">
      <ele>2093.3</ele></trkpt>
      <trkpt lat="46.54602490531798" lon="7.831860182421961">
      <ele>2093.7</ele></trkpt>
      <trkpt lat="46.54602923477418" lon="7.831810004683549">
      <ele>2094.1</ele></trkpt>
      <trkpt lat="46.54603936117673" lon="7.831743128282036">
      <ele>2094.7</ele></trkpt>
      <trkpt lat="46.54604737316838" lon="7.831681569034903">
      <ele>2095.3</ele></trkpt>
      <trkpt lat="46.54603231941559" lon="7.831654067011535">
      <ele>2095.9</ele></trkpt>
      <trkpt lat="46.546007346205954" lon="7.831625749847776">
      <ele>2096.5</ele></trkpt>
      <trkpt lat="46.54599854652799" lon="7.831602856530087">
      <ele>2097.1</ele></trkpt>
      <trkpt lat="46.545996051216065" lon="7.83156480671934">
      <ele>2097.7</ele></trkpt>
      <trkpt lat="46.545995600830594" lon="7.831538936157538">
      <ele>2098.3</ele></trkpt>
      <trkpt lat="46.545988389943595" lon="7.831509222501743">
      <ele>2098.9</ele></trkpt>
      <trkpt lat="46.546001328723754" lon="7.831474505048316">
      <ele>2099.5</ele></trkpt>
      <trkpt lat="46.546024193059075" lon="7.831441437173656">
      <ele>2100.1</ele></trkpt>
      <trkpt lat="46.54602584105458" lon="7.831404447405145">
      <ele>2100.7</ele></trkpt>
      <trkpt lat="46.54601143622763" lon="7.831334876699275">
      <ele>2101.3</ele></trkpt>
      <trkpt lat="46.54599744393378" lon="7.83129172390997">
      <ele>2101.9</ele></trkpt>
      <trkpt lat="46.54594657820539" lon="7.831240754818373">
      <ele>2102.5</ele></trkpt>
      <trkpt lat="46.545924428523186" lon="7.831217947331262">
      <ele>2103.1</ele></trkpt>
      <trkpt lat="46.54591393231396" lon="7.831186149947588">
      <ele>2103.7</ele></trkpt>
      <trkpt lat="46.54587290040182" lon="7.8311321232146405">
      <ele>2104.3</ele></trkpt>
      <trkpt lat="46.54583789498424" lon="7.831104346444213">
      <ele>2104.9</ele></trkpt>
      <trkpt lat="46.54581075343932" lon="7.8310135102028635">
      <ele>2105.5</ele></trkpt>
      <trkpt lat="46.54579441544495" lon="7.830894042862369">
      <ele>2106.1</ele></trkpt>
      <trkpt lat="46.545779638151764" lon="7.830765421255218">
      <ele>2107.6</ele></trkpt>
      <trkpt lat="46.54575936893039" lon="7.830674622001778">
      <ele>2109.1</ele></trkpt>
      <trkpt lat="46.545694956401434" lon="7.830550256703347">
      <ele>2110.7</ele></trkpt>
      <trkpt lat="46.54563953693572" lon="7.830468408055223">
      <ele>2112.2</ele></trkpt>
      <trkpt lat="46.54560018406042" lon="7.83037863145653">
      <ele>2113.7</ele></trkpt>
      <trkpt lat="46.54554703856844" lon="7.8303025362261645">
      <ele>2115.2</ele></trkpt>
      <trkpt lat="46.54549931647133" lon="7.83020581540607">
      <ele>2116.7</ele></trkpt>
      <trkpt lat="46.545425096997214" lon="7.830050402530349">
      <ele>2118.3</ele></trkpt>
      <trkpt lat="46.54537135862539" lon="7.829929544821886">
      <ele>2119.8</ele></trkpt>
      <trkpt lat="46.54535309902434" lon="7.829913363348396">
      <ele>2121.3</ele></trkpt>
      <trkpt lat="46.54533640421273" lon="7.829886854224769">
      <ele>2122.8</ele></trkpt>
      <trkpt lat="46.54529142402717" lon="7.8298716400778385">
      <ele>2124.3</ele></trkpt>
      <trkpt lat="46.54528396666792" lon="7.8298245328575575">
      <ele>2125.9</ele></trkpt>
      <trkpt lat="46.54526574366364" lon="7.829800320441775">
      <ele>2127.4</ele></trkpt>
      <trkpt lat="46.54523823085325" lon="7.829809313318511">
      <ele>2128.9</ele></trkpt>
      <trkpt lat="46.545211753171586" lon="7.829744871960933">
      <ele>2130.4</ele></trkpt>
      <trkpt lat="46.545185869317926" lon="7.82972748820889">
      <ele>2131.9</ele></trkpt>
      <trkpt lat="46.54516140988204" lon="7.829735368878801">
      <ele>2133.5</ele></trkpt>
      <trkpt lat="46.545137050252855" lon="7.829716835796792">
      <ele>2135.0</ele></trkpt>
      <trkpt lat="46.545110434438726" lon="7.829692562871486">
      <ele>2136.5</ele></trkpt>
      <trkpt lat="46.54508133208908" lon="7.829716472496888">
      <ele>2137.4</ele></trkpt>
      <trkpt lat="46.54505312282905" lon="7.829708250562501">
      <ele>2138.3</ele></trkpt>
      <trkpt lat="46.545029555374654" lon="7.829681705055299">
      <ele>2139.2</ele></trkpt>
      <trkpt lat="46.54500746986608" lon="7.829668925057608">
      <ele>2140.2</ele></trkpt>
      <trkpt lat="46.54498774914439" lon="7.829635523457979">
      <ele>2141.1</ele></trkpt>
      <trkpt lat="46.54497414427788" lon="7.82959985836686">
      <ele>2142.0</ele></trkpt>
      <trkpt lat="46.5449231440168" lon="7.829561641723521">
      <ele>2142.9</ele></trkpt>
      <trkpt lat="46.54489591451587" lon="7.829496048120053">
      <ele>2143.8</ele></trkpt>
      <trkpt lat="46.54487332279866" lon="7.829413278318157">
      <ele>2144.7</ele></trkpt>
      <trkpt lat="46.54487878156618" lon="7.829382327147584">
      <ele>2145.7</ele></trkpt>
      <trkpt lat="46.54486207870436" lon="7.829358126031299">
      <ele>2146.6</ele></trkpt>
      <trkpt lat="46.544842357936055" lon="7.82932471159722">
      <ele>2147.5</ele></trkpt>
      <trkpt lat="46.54489054755142" lon="7.829298631904349">
      <ele>2148.4</ele></trkpt>
      <trkpt lat="46.54492115429087" lon="7.829279322258892">
      <ele>2149.3</ele></trkpt>
      <trkpt lat="46.544944072598796" lon="7.829274885289648">
      <ele>2150.2</ele></trkpt>
      <trkpt lat="46.54495262524875" lon="7.829233630526507">
      <ele>2151.1</ele></trkpt>
      <trkpt lat="46.54494733314258" lon="7.829218677228346">
      <ele>2152.1</ele></trkpt>
      <trkpt lat="46.54492447504265" lon="7.829208199537912">
      <ele>2153.0</ele></trkpt>
      <trkpt lat="46.544910105425906" lon="7.829172529081229">
      <ele>2153.9</ele></trkpt>
      <trkpt lat="46.544907920158074" lon="7.829146125043057">
      <ele>2154.8</ele></trkpt>
      <trkpt lat="46.54488044678483" lon="7.8291436453185845">
      <ele>2155.7</ele></trkpt>
      <trkpt lat="46.54485454990507" lon="7.829127409182273">
      <ele>2156.6</ele></trkpt>
      <trkpt lat="46.544833289141785" lon="7.829099720306975">
      <ele>2157.5</ele></trkpt>
      <trkpt lat="46.5447876556563" lon="7.829054659047445">
      <ele>2158.3</ele></trkpt>
      <trkpt lat="46.544780170353434" lon="7.829015596412432">
      <ele>2159.2</ele></trkpt>
      <trkpt lat="46.544768754535994" lon="7.82900518829124">
      <ele>2160.1</ele></trkpt>
      <trkpt lat="46.544751315657415" lon="7.828975245469926">
      <ele>2161.0</ele></trkpt>
      <trkpt lat="46.54473844652195" lon="7.828945322569041">
      <ele>2161.9</ele></trkpt>
      <trkpt lat="46.54471480016168" lon="7.828941723226837">
      <ele>2162.8</ele></trkpt>
      <trkpt lat="46.54469886580317" lon="7.828916367509783">
      <ele>2163.7</ele></trkpt>
      <trkpt lat="46.544675951445264" lon="7.828919657327595">
      <ele>2164.5</ele></trkpt>
      <trkpt lat="46.54464549663524" lon="7.82889994657749">
      <ele>2165.4</ele></trkpt>
      <trkpt lat="46.544639603525695" lon="7.82884252553195">
      <ele>2166.3</ele></trkpt>
      <trkpt lat="46.54464058293761" lon="7.828785154015782">
      <ele>2167.2</ele></trkpt>
      <trkpt lat="46.544641482460584" lon="7.828748446553179">
      <ele>2168.1</ele></trkpt>
      <trkpt lat="46.544647693860725" lon="7.828720942803757">
      <ele>2169.0</ele></trkpt>
      <trkpt lat="46.54466223509642" lon="7.828711856029583">
      <ele>2169.8</ele></trkpt>
      <trkpt lat="46.544669970658575" lon="7.828683215932951">
      <ele>2170.7</ele></trkpt>
      <trkpt lat="46.54466014811035" lon="7.828656757023684">
      <ele>2171.6</ele></trkpt>
      <trkpt lat="46.544669393224275" lon="7.82863386434902">
      <ele>2172.5</ele></trkpt>
      <trkpt lat="46.54465661671647" lon="7.8285821433322855">
      <ele>2173.2</ele></trkpt>
      <trkpt lat="46.54465691006893" lon="7.828501807595917">
      <ele>2173.8</ele></trkpt>
      <trkpt lat="46.54468228457515" lon="7.828452629813957">
      <ele>2174.5</ele></trkpt>
      <trkpt lat="46.54470074715367" lon="7.828414888391401">
      <ele>2175.2</ele></trkpt>
      <trkpt lat="46.54469181219092" lon="7.828355150825569">
      <ele>2175.8</ele></trkpt>
      <trkpt lat="46.544686644077444" lon="7.82830922116349">
      <ele>2176.5</ele></trkpt>
      <trkpt lat="46.54465639468297" lon="7.828232133643038">
      <ele>2177.2</ele></trkpt>
      <trkpt lat="46.54465200296723" lon="7.828182754638082">
      <ele>2177.8</ele></trkpt>
      <trkpt lat="46.544656071937084" lon="7.828116226833943">
      <ele>2178.5</ele></trkpt>
      <trkpt lat="46.544657731977246" lon="7.828080659094253">
      <ele>2179.2</ele></trkpt>
      <trkpt lat="46.544617429623926" lon="7.828039079110188">
      <ele>2179.8</ele></trkpt>
      <trkpt lat="46.54458014530877" lon="7.82800669936435">
      <ele>2180.5</ele></trkpt>
      <trkpt lat="46.54455513301368" lon="7.827960627155692">
      <ele>2181.1</ele></trkpt>
      <trkpt lat="46.544507301739046" lon="7.8278926051342905">
      <ele>2181.8</ele></trkpt>
      <trkpt lat="46.544489104657984" lon="7.827858068138204">
      <ele>2182.5</ele></trkpt>
      <trkpt lat="46.544488475838904" lon="7.827823631357761">
      <ele>2183.1</ele></trkpt>
      <trkpt lat="46.54447482608435" lon="7.827798292496435">
      <ele>2183.8</ele></trkpt>
      <trkpt lat="46.544446783812795" lon="7.82774647520594">
      <ele>2184.5</ele></trkpt>
      <trkpt lat="46.54440868770768" lon="7.827727857600124">
      <ele>2185.1</ele></trkpt>
      <trkpt lat="46.54436464176603" lon="7.827665599687947">
      <ele>2185.8</ele></trkpt>
      <trkpt lat="46.54433284031475" lon="7.827597680273265">
      <ele>2186.9</ele></trkpt>
      <trkpt lat="46.54429033137892" lon="7.827533138986908">
      <ele>2188.0</ele></trkpt>
      <trkpt lat="46.54429654248535" lon="7.8275056352764">
      <ele>2189.1</ele></trkpt>
      <trkpt lat="46.54432711754637" lon="7.827495503035822">
      <ele>2190.2</ele></trkpt>
      <trkpt lat="46.54436000486761" lon="7.8274773692928425">
      <ele>2191.3</ele></trkpt>
      <trkpt lat="46.54437689872073" lon="7.827451076513891">
      <ele>2192.4</ele></trkpt>
      <trkpt lat="46.54435788591383" lon="7.827431448853907">
      <ele>2193.5</ele></trkpt>
      <trkpt lat="46.544342739360545" lon="7.827399215580995">
      <ele>2194.6</ele></trkpt>
      <trkpt lat="46.54431235601239" lon="7.827361149463621">
      <ele>2195.7</ele></trkpt>
      <trkpt lat="46.54427734459646" lon="7.827332228592223">
      <ele>2196.8</ele></trkpt>
      <trkpt lat="46.54427669601848" lon="7.827303528326376">
      <ele>2197.8</ele></trkpt>
      <trkpt lat="46.54426459105933" lon="7.827273611572739">
      <ele>2198.9</ele></trkpt>
      <trkpt lat="46.54421890585405" lon="7.827243479918751">
      <ele>2200.0</ele></trkpt>
      <trkpt lat="46.544209042622136" lon="7.82722619961322">
      <ele>2201.1</ele></trkpt>
      <trkpt lat="46.54420761759981" lon="7.827200948755417">
      <ele>2202.2</ele></trkpt>
      <trkpt lat="46.54422142544845" lon="7.82718267797142">
      <ele>2203.3</ele></trkpt>
      <trkpt lat="46.5441711094175" lon="7.827165133500319">
      <ele>2204.4</ele></trkpt>
      <trkpt lat="46.54413914466191" lon="7.827139676589724">
      <ele>2205.5</ele></trkpt>
      <trkpt lat="46.54409338773576" lon="7.827127901388441">
      <ele>2206.6</ele></trkpt>
      <trkpt lat="46.544091209873585" lon="7.82709919025215">
      <ele>2207.7</ele></trkpt>
      <trkpt lat="46.54408519712513" lon="7.8270739065434105">
      <ele>2208.7</ele></trkpt>
      <trkpt lat="46.54404470399787" lon="7.8270828205309915">
      <ele>2209.7</ele></trkpt>
      <trkpt lat="46.54403484973696" lon="7.827065540374857">
      <ele>2210.7</ele></trkpt>
      <trkpt lat="46.544057081691236" lon="7.827038151653763">
      <ele>2211.7</ele></trkpt>
      <trkpt lat="46.54402733516929" lon="7.827032214840866">
      <ele>2212.8</ele></trkpt>
      <trkpt lat="46.54401367856565" lon="7.827011465536249">
      <ele>2213.8</ele></trkpt>
      <trkpt lat="46.54398552394483" lon="7.826987183412557">
      <ele>2214.8</ele></trkpt>
      <trkpt lat="46.54393917316261" lon="7.826930646543876">
      <ele>2215.8</ele></trkpt>
      <trkpt lat="46.54393775082701" lon="7.826901953952311">
      <ele>2216.8</ele></trkpt>
      <trkpt lat="46.54392025545494" lon="7.826885766373238">
      <ele>2217.8</ele></trkpt>
      <trkpt lat="46.54391576014513" lon="7.826863935533136">
      <ele>2218.8</ele></trkpt>
      <trkpt lat="46.543884647236844" lon="7.8268155391364695">
      <ele>2219.8</ele></trkpt>
      <trkpt lat="46.5438649100619" lon="7.826786715295837">
      <ele>2220.8</ele></trkpt>
      <trkpt lat="46.54381383718193" lon="7.826766871297703">
      <ele>2221.8</ele></trkpt>
      <trkpt lat="46.54382614429559" lon="7.826742853313533">
      <ele>2222.8</ele></trkpt>
      <trkpt lat="46.543824702342334" lon="7.826719897112952">
      <ele>2223.9</ele></trkpt>
      <trkpt lat="46.54380716272303" lon="7.826714034945882">
      <ele>2224.9</ele></trkpt>
      <trkpt lat="46.54376816358423" lon="7.826733298530006">
      <ele>2225.9</ele></trkpt>
      <trkpt lat="46.543747590152236" lon="7.826722825455026">
      <ele>2226.9</ele></trkpt>
      <trkpt lat="46.54374232236699" lon="7.826703283745514">
      <ele>2227.9</ele></trkpt>
      <trkpt lat="46.54372405056436" lon="7.826690545636122">
      <ele>2228.7</ele></trkpt>
      <trkpt lat="46.54369653799801" lon="7.826699539837005">
      <ele>2229.5</ele></trkpt>
      <trkpt lat="46.54367982673726" lon="7.826677634600988">
      <ele>2230.3</ele></trkpt>
      <trkpt lat="46.543682194988186" lon="7.826655840019429">
      <ele>2231.1</ele></trkpt>
      <trkpt lat="46.543698312251536" lon="7.826632996659416">
      <ele>2231.9</ele></trkpt>
      <trkpt lat="46.54370229306671" lon="7.826589415099003">
      <ele>2232.7</ele></trkpt>
      <trkpt lat="46.543713878563615" lon="7.826552771754442">
      <ele>2233.5</ele></trkpt>
      <trkpt lat="46.54369177700866" lon="7.826544595430265">
      <ele>2234.3</ele></trkpt>
      <trkpt lat="46.543672633768146" lon="7.826560533395486">
      <ele>2235.1</ele></trkpt>
      <trkpt lat="46.543641330600884" lon="7.8265626167616835">
      <ele>2235.9</ele></trkpt>
      <trkpt lat="46.543623736153684" lon="7.826572829356361">
      <ele>2236.6</ele></trkpt>
      <trkpt lat="46.543612383881424" lon="7.826546360386369">
      <ele>2237.4</ele></trkpt>
      <trkpt lat="46.54357953970004" lon="7.826551887620891">
      <ele>2238.2</ele></trkpt>
      <trkpt lat="46.54357174872572" lon="7.826594294499565">
      <ele>2239.0</ele></trkpt>
      <trkpt lat="46.54354724646266" lon="7.826614796202995">
      <ele>2239.8</ele></trkpt>
      <trkpt lat="46.543538908454806" lon="7.826598674441693">
      <ele>2240.6</ele></trkpt>
      <trkpt lat="46.54353820974464" lon="7.826510758553506">
      <ele>2241.4</ele></trkpt>
      <trkpt lat="46.54350582879005" lon="7.826438469197296">
      <ele>2242.2</ele></trkpt>
      <trkpt lat="46.54348861111252" lon="7.826385661990948">
      <ele>2243.0</ele></trkpt>
      <trkpt lat="46.54349101988371" lon="7.826346684545844">
      <ele>2243.8</ele></trkpt>
      <trkpt lat="46.543485033481176" lon="7.8263294584678675">
      <ele>2244.6</ele></trkpt>
      <trkpt lat="46.54346848153868" lon="7.826303017579237">
      <ele>2245.5</ele></trkpt>
      <trkpt lat="46.543445017221494" lon="7.826304049032085">
      <ele>2246.3</ele></trkpt>
      <trkpt lat="46.54341620877387" lon="7.826321117246891">
      <ele>2247.1</ele></trkpt>
      <trkpt lat="46.54339501249444" lon="7.8263244594969406">
      <ele>2248.0</ele></trkpt>
      <trkpt lat="46.54337987808665" lon="7.826325524501913">
      <ele>2248.8</ele></trkpt>
      <trkpt lat="46.543366932336895" lon="7.826349550847153">
      <ele>2249.6</ele></trkpt>
      <trkpt lat="46.543343633330785" lon="7.826304718213355">
      <ele>2250.5</ele></trkpt>
      <trkpt lat="46.543320263935165" lon="7.826280536200689">
      <ele>2251.3</ele></trkpt>
      <trkpt lat="46.543294600305536" lon="7.826264368760655">
      <ele>2252.2</ele></trkpt>
      <trkpt lat="46.543278862605696" lon="7.826220724587886">
      <ele>2253.0</ele></trkpt>
      <trkpt lat="46.54326385432757" lon="7.826187411193072">
      <ele>2253.8</ele></trkpt>
      <trkpt lat="46.54323517870369" lon="7.82616549889207">
      <ele>2254.7</ele></trkpt>
      <trkpt lat="46.54319594656436" lon="7.826134358906517">
      <ele>2255.5</ele></trkpt>
      <trkpt lat="46.54314396401546" lon="7.826069908796389">
      <ele>2256.3</ele></trkpt>
      <trkpt lat="46.543094954349044" lon="7.8260226762061285">
      <ele>2257.2</ele></trkpt>
      <trkpt lat="46.543033131767515" lon="7.825960476569406">
      <ele>2258.0</ele></trkpt>
      <trkpt lat="46.542975808952846" lon="7.825910916245486">
      <ele>2258.8</ele></trkpt>
      <trkpt lat="46.54293589528251" lon="7.825857986543921">
      <ele>2259.7</ele></trkpt>
      <trkpt lat="46.542887691867094" lon="7.825795858575573">
      <ele>2260.5</ele></trkpt>
      <trkpt lat="46.54284994748534" lon="7.825771600292594">
      <ele>2261.3</ele></trkpt>
      <trkpt lat="46.54281911414507" lon="7.825717575415737">
      <ele>2262.2</ele></trkpt>
      <trkpt lat="46.542791273267916" lon="7.825675031664121">
      <ele>2263.0</ele></trkpt>
      <trkpt lat="46.54273845291792" lon="7.8256346561283845">
      <ele>2263.8</ele></trkpt>
      <trkpt lat="46.542706900204884" lon="7.825572595414177">
      <ele>2264.7</ele></trkpt>
      <trkpt lat="46.54269719673618" lon="7.825534718339804">
      <ele>2265.5</ele></trkpt>
      <trkpt lat="46.54268221823426" lon="7.825489946054371">
      <ele>2266.3</ele></trkpt>
      <trkpt lat="46.54261693823494" lon="7.82541004445571">
      <ele>2267.2</ele></trkpt>
      <trkpt lat="46.54256622660072" lon="7.825355317463058">
      <ele>2268.0</ele></trkpt>
      <trkpt lat="46.54253967428744" lon="7.825322678467414">
      <ele>2268.8</ele></trkpt>
      <trkpt lat="46.54250909069996" lon="7.825298328393326">
      <ele>2269.7</ele></trkpt>
      <trkpt lat="46.54245496059485" lon="7.825248909380004">
      <ele>2270.5</ele></trkpt>
      <trkpt lat="46.54242032388821" lon="7.825241921921272">
      <ele>2271.4</ele></trkpt>
      <trkpt lat="46.542388705853554" lon="7.825233430684289">
      <ele>2272.2</ele></trkpt>
      <trkpt lat="46.54235765828289" lon="7.825194723603109">
      <ele>2273.0</ele></trkpt>
      <trkpt lat="46.54231300311568" lon="7.82517633547321">
      <ele>2273.9</ele></trkpt>
      <trkpt lat="46.54227543759618" lon="7.825128521208762">
      <ele>2274.7</ele></trkpt>
      <trkpt lat="46.54223492524708" lon="7.825050466123471">
      <ele>2275.5</ele></trkpt>
      <trkpt lat="46.54221845546032" lon="7.824999751864147">
      <ele>2276.4</ele></trkpt>
      <trkpt lat="46.54221505744443" lon="7.824940787185706">
      <ele>2277.2</ele></trkpt>
      <trkpt lat="46.54220862795474" lon="7.824892386963534">
      <ele>2277.8</ele></trkpt>
      <trkpt lat="46.54218962404101" lon="7.82485676462047">
      <ele>2278.4</ele></trkpt>
      <trkpt lat="46.5421585763204" lon="7.824812764866847">
      <ele>2279.0</ele></trkpt>
      <trkpt lat="46.54211243290708" lon="7.824787574225137">
      <ele>2279.6</ele></trkpt>
      <trkpt lat="46.54210846442007" lon="7.824764131458307">
      <ele>2280.2</ele></trkpt>
      <trkpt lat="46.542080377689594" lon="7.8247488604134805">
      <ele>2280.8</ele></trkpt>
      <trkpt lat="46.54204425407938" lon="7.824732032828468">
      <ele>2281.4</ele></trkpt>
      <trkpt lat="46.54199302196696" lon="7.82473779493393">
      <ele>2282.0</ele></trkpt>
      <trkpt lat="46.54196540820753" lon="7.824736894053339">
      <ele>2282.6</ele></trkpt>
      <trkpt lat="46.541956325429524" lon="7.8247572451926395">
      <ele>2283.1</ele></trkpt>
      <trkpt lat="46.54191959685874" lon="7.824788780461794">
      <ele>2283.7</ele></trkpt>
      <trkpt lat="46.541892975237154" lon="7.824792410455347">
      <ele>2284.3</ele></trkpt>
      <trkpt lat="46.54187843582719" lon="7.824782502986884">
      <ele>2284.9</ele></trkpt>
      <trkpt lat="46.54186588830446" lon="7.82477941501519">
      <ele>2285.5</ele></trkpt>
      <trkpt lat="46.54184778424969" lon="7.8247913972441205">
      <ele>2286.1</ele></trkpt>
      <trkpt lat="46.5418216458616" lon="7.824806372815214">
      <ele>2286.7</ele></trkpt>
      <trkpt lat="46.541801102466735" lon="7.824784350339941">
      <ele>2287.3</ele></trkpt>
      <trkpt lat="46.54177800323617" lon="7.824781187131184">
      <ele>2287.9</ele></trkpt>
      <trkpt lat="46.5417534260433" lon="7.824768209619844">
      <ele>2288.5</ele></trkpt>
      <trkpt lat="46.54172032235288" lon="7.82475215979711">
      <ele>2289.1</ele></trkpt>
      <trkpt lat="46.54172436511526" lon="7.824737821940697">
      <ele>2289.1</ele></trkpt>
      <trkpt lat="46.54174649529912" lon="7.82471905011612">
      <ele>2289.1</ele></trkpt>
      <trkpt lat="46.541726959381975" lon="7.824697034887076">
      <ele>2289.2</ele></trkpt>
      <trkpt lat="46.54169537716025" lon="7.824672678413835">
      <ele>2289.2</ele></trkpt>
      <trkpt lat="46.54166331163961" lon="7.824636989456433">
      <ele>2289.2</ele></trkpt>
      <trkpt lat="46.54163971504285" lon="7.8246345919502795">
      <ele>2289.2</ele></trkpt>
      <trkpt lat="46.54163069502928" lon="7.824623198595164">
      <ele>2289.2</ele></trkpt>
      <trkpt lat="46.54163378917005" lon="7.824586195868936">
      <ele>2289.3</ele></trkpt>
      <trkpt lat="46.54163585276038" lon="7.824555978016731">
      <ele>2289.3</ele></trkpt>
      <trkpt lat="46.5416314022647" lon="7.824523458360541">
      <ele>2289.3</ele></trkpt>
      <trkpt lat="46.54163448359273" lon="7.824490223199622">
      <ele>2289.3</ele></trkpt>
      <trkpt lat="46.54162400092726" lon="7.824459185888729">
      <ele>2289.3</ele></trkpt>
      <trkpt lat="46.541601406692074" lon="7.824458307882204">
      <ele>2289.4</ele></trkpt>
      <trkpt lat="46.54159039727315" lon="7.82443935203524">
      <ele>2289.4</ele></trkpt>
      <trkpt lat="46.541574833687704" lon="7.824436998811314">
      <ele>2289.4</ele></trkpt>
      <trkpt lat="46.54156374748973" lon="7.8244565924779925">
      <ele>2289.4</ele></trkpt>
      <trkpt lat="46.541532584533165" lon="7.824473044609011">
      <ele>2289.4</ele></trkpt>
      <trkpt lat="46.54151753748179" lon="7.824461621399092">
      <ele>2289.5</ele></trkpt>
      <trkpt lat="46.54150097796221" lon="7.824458504938115">
      <ele>2289.5</ele></trkpt>
      <trkpt lat="46.54141910065829" lon="7.824468637872384">
      <ele>2289.5</ele></trkpt>
      <trkpt lat="46.54137256596176" lon="7.8243890423830305">
      <ele>2290.0</ele></trkpt>
      <trkpt lat="46.54134406877903" lon="7.824327670605192">
      <ele>2290.4</ele></trkpt>
      <trkpt lat="46.541303534114114" lon="7.824258690929706">
      <ele>2290.9</ele></trkpt>
      <trkpt lat="46.54129157341461" lon="7.824212520627801">
      <ele>2291.3</ele></trkpt>
      <trkpt lat="46.541250029930026" lon="7.824146558462211">
      <ele>2291.8</ele></trkpt>
      <trkpt lat="46.54123756162141" lon="7.824104165289463">
      <ele>2292.2</ele></trkpt>
      <trkpt lat="46.54116851157667" lon="7.823984400264106">
      <ele>2292.7</ele></trkpt>
      <trkpt lat="46.54113745462803" lon="7.823945681670834">
      <ele>2293.1</ele></trkpt>
      <trkpt lat="46.541087356407814" lon="7.823890244891816">
      <ele>2293.6</ele></trkpt>
      <trkpt lat="46.54106434520203" lon="7.823847802984151">
      <ele>2294.1</ele></trkpt>
      <trkpt lat="46.54104637263153" lon="7.823797079502256">
      <ele>2294.5</ele></trkpt>
      <trkpt lat="46.54101081508432" lon="7.823748525465849">
      <ele>2295.0</ele></trkpt>
      <trkpt lat="46.54096975596188" lon="7.823690871843642">
      <ele>2295.4</ele></trkpt>
      <trkpt lat="46.54091606639945" lon="7.823667897449273">
      <ele>2295.9</ele></trkpt>
      <trkpt lat="46.54086071895653" lon="7.823632422147749">
      <ele>2296.3</ele></trkpt>
      <trkpt lat="46.54077380112763" lon="7.823571679019499">
      <ele>2296.8</ele></trkpt>
      <trkpt lat="46.54066173890839" lon="7.823428913233899">
      <ele>2297.2</ele></trkpt>
      <trkpt lat="46.54057771820307" lon="7.823312133689784">
      <ele>2297.7</ele></trkpt>
      <trkpt lat="46.540499007694486" lon="7.823210475587514">
      <ele>2298.1</ele></trkpt>
      <trkpt lat="46.54043232201236" lon="7.823117494275356">
      <ele>2298.6</ele></trkpt>
      <trkpt lat="46.54035765589046" lon="7.823011550326888">
      <ele>2300.4</ele></trkpt>
      <trkpt lat="46.540219937627185" lon="7.8229139328626145">
      <ele>2302.1</ele></trkpt>
      <trkpt lat="46.5400490272119" lon="7.8227277971680245">
      <ele>2303.9</ele></trkpt>
      <trkpt lat="46.53984195084056" lon="7.822537195490162">
      <ele>2305.7</ele></trkpt>
      <trkpt lat="46.539722975162064" lon="7.822446113885444">
      <ele>2307.4</ele></trkpt>
      <trkpt lat="46.53966010833539" lon="7.822404890415438">
      <ele>2309.2</ele></trkpt>
      <trkpt lat="46.539598420210275" lon="7.822408911710872">
      <ele>2311.0</ele></trkpt>
      <trkpt lat="46.53950205941682" lon="7.82236322725969">
      <ele>2312.8</ele></trkpt>
      <trkpt lat="46.53934417567161" lon="7.822280592296156">
      <ele>2314.5</ele></trkpt>
      <trkpt lat="46.539239860034854" lon="7.822209000926124">
      <ele>2316.3</ele></trkpt>
      <trkpt lat="46.539179915049374" lon="7.8221095786685675">
      <ele>2318.1</ele></trkpt>
      <trkpt lat="46.53914656086775" lon="7.822066322717875">
      <ele>2319.8</ele></trkpt>
      <trkpt lat="46.53903273749725" lon="7.822029171715682">
      <ele>2321.6</ele></trkpt>
      <trkpt lat="46.53887616304898" lon="7.82195301368068">
      <ele>2323.4</ele></trkpt>
      <trkpt lat="46.5387853864861" lon="7.8218491635096585">
      <ele>2325.2</ele></trkpt>
      <trkpt lat="46.53874546641114" lon="7.821773544846981">
      <ele>2326.9</ele></trkpt>
      <trkpt lat="46.53867995499194" lon="7.821721523274083">
      <ele>2328.7</ele></trkpt>
      <trkpt lat="46.53861054388695" lon="7.8216414595282675">
      <ele>2330.5</ele></trkpt>
      <trkpt lat="46.53857475695997" lon="7.821537855790252">
      <ele>2332.2</ele></trkpt>
      <trkpt lat="46.53854149136953" lon="7.82147088855044">
      <ele>2334.0</ele></trkpt>
      <trkpt lat="46.53845730559171" lon="7.8213972259372">
      <ele>2335.3</ele></trkpt>
      <trkpt lat="46.53843596890911" lon="7.821364810732384">
      <ele>2336.5</ele></trkpt>
      <trkpt lat="46.538434793338205" lon="7.821323855965736">
      <ele>2337.8</ele></trkpt>
      <trkpt lat="46.538385503282456" lon="7.821241732145111">
      <ele>2339.0</ele></trkpt>
      <trkpt lat="46.53837636540659" lon="7.8211770215292615">
      <ele>2340.3</ele></trkpt>
      <trkpt lat="46.538348231000676" lon="7.821170435107324">
      <ele>2341.5</ele></trkpt>
      <trkpt lat="46.53832839378753" lon="7.821101386182339">
      <ele>2342.8</ele></trkpt>
      <trkpt lat="46.538299000542985" lon="7.821073229224371">
      <ele>2344.0</ele></trkpt>
      <trkpt lat="46.53827906384268" lon="7.821025728342676">
      <ele>2345.3</ele></trkpt>
      <trkpt lat="46.53824434894906" lon="7.820991081021394">
      <ele>2346.6</ele></trkpt>
      <trkpt lat="46.538173379885016" lon="7.820964898928389">
      <ele>2347.8</ele></trkpt>
      <trkpt lat="46.53807451694677" lon="7.820873939478158">
      <ele>2349.1</ele></trkpt>
      <trkpt lat="46.53803454923568" lon="7.820806952044011">
      <ele>2350.3</ele></trkpt>
      <trkpt lat="46.53802530623294" lon="7.820768104650051">
      <ele>2351.6</ele></trkpt>
      <trkpt lat="46.53798659018251" lon="7.820724825658025">
      <ele>2352.8</ele></trkpt>
      <trkpt lat="46.537989533002026" lon="7.8206601877903745">
      <ele>2354.1</ele></trkpt>
      <trkpt lat="46.537940278666966" lon="7.820567284730528">
      <ele>2355.3</ele></trkpt>
      <trkpt lat="46.537928340394416" lon="7.820532746391368">
      <ele>2356.6</ele></trkpt>
      <trkpt lat="46.537872176373156" lon="7.820493698640593">
      <ele>2357.8</ele></trkpt>
      <trkpt lat="46.53778002378158" lon="7.820402761790594">
      <ele>2359.1</ele></trkpt>
      <trkpt lat="46.53774809054443" lon="7.820337982630619">
      <ele>2360.1</ele></trkpt>
      <trkpt lat="46.537721688127675" lon="7.820321905721333">
      <ele>2361.2</ele></trkpt>
      <trkpt lat="46.53770527752589" lon="7.820311908816013">
      <ele>2362.2</ele></trkpt>
      <trkpt lat="46.53769741432404" lon="7.820266618675224">
      <ele>2363.3</ele></trkpt>
      <trkpt lat="46.537670782816775" lon="7.820216933555923">
      <ele>2364.3</ele></trkpt>
      <trkpt lat="46.5376001584805" lon="7.8201066995728405">
      <ele>2365.4</ele></trkpt>
      <trkpt lat="46.53754024601622" lon="7.81999435127652">
      <ele>2366.4</ele></trkpt>
      <trkpt lat="46.5374936573295" lon="7.819905783243957">
      <ele>2367.5</ele></trkpt>
      <trkpt lat="46.53740400629095" lon="7.819860113153723">
      <ele>2368.5</ele></trkpt>
      <trkpt lat="46.53731317552847" lon="7.819769187474059">
      <ele>2369.6</ele></trkpt>
      <trkpt lat="46.53724242992274" lon="7.819686967958827">
      <ele>2370.6</ele></trkpt>
      <trkpt lat="46.53711671406718" lon="7.819606669308625">
      <ele>2371.6</ele></trkpt>
      <trkpt lat="46.537021795366556" lon="7.81953296212536">
      <ele>2372.7</ele></trkpt>
      <trkpt lat="46.536933565607036" lon="7.819465767972381">
      <ele>2373.7</ele></trkpt>
      <trkpt lat="46.536811928354034" lon="7.819368239663031">
      <ele>2374.8</ele></trkpt>
      <trkpt lat="46.53679736133716" lon="7.8193207523914605">
      <ele>2375.8</ele></trkpt>
      <trkpt lat="46.5367251650958" lon="7.8192687017183955">
      <ele>2376.9</ele></trkpt>
      <trkpt lat="46.536649146053584" lon="7.819162760848234">
      <ele>2377.9</ele></trkpt>
      <trkpt lat="46.536577029056474" lon="7.819086999196533">
      <ele>2379.0</ele></trkpt>
      <trkpt lat="46.53654908008677" lon="7.819033004665266">
      <ele>2380.0</ele></trkpt>
      <trkpt lat="46.53652811560898" lon="7.818907910603473">
      <ele>2382.1</ele></trkpt>
      <trkpt lat="46.53645346540213" lon="7.818793350640626">
      <ele>2384.1</ele></trkpt>
      <trkpt lat="46.536359895452385" lon="7.818719668290533">
      <ele>2386.2</ele></trkpt>
      <trkpt lat="46.53630119780086" lon="7.818641798776814">
      <ele>2388.2</ele></trkpt>
      <trkpt lat="46.5362450780922" lon="7.818591987076553">
      <ele>2390.3</ele></trkpt>
      <trkpt lat="46.53614604227958" lon="7.818544142623464">
      <ele>2392.3</ele></trkpt>
      <trkpt lat="46.53609241789374" lon="7.818541745949939">
      <ele>2394.4</ele></trkpt>
      <trkpt lat="46.536032018079176" lon="7.8185586986391185">
      <ele>2396.4</ele></trkpt>
      <trkpt lat="46.53594916355207" lon="7.818487204177695">
      <ele>2398.5</ele></trkpt>
      <trkpt lat="46.53589978322927" lon="7.818428810716473">
      <ele>2400.6</ele></trkpt>
      <trkpt lat="46.535870463078766" lon="7.81838126016171">
      <ele>2402.6</ele></trkpt>
      <trkpt lat="46.53580622748962" lon="7.818350802069332">
      <ele>2404.7</ele></trkpt>
      <trkpt lat="46.53574339697022" lon="7.818300957117962">
      <ele>2406.7</ele></trkpt>
      <trkpt lat="46.535639175937575" lon="7.818205667377705">
      <ele>2408.8</ele></trkpt>
      <trkpt lat="46.5355911520575" lon="7.818145107095996">
      <ele>2410.8</ele></trkpt>
      <trkpt lat="46.535482981785435" lon="7.818028242727312">
      <ele>2412.9</ele></trkpt>
      <trkpt lat="46.535345422739006" lon="7.817889703753881">
      <ele>2414.9</ele></trkpt>
      <trkpt lat="46.53524654837803" lon="7.8177987415695105">
      <ele>2417.0</ele></trkpt>
      <trkpt lat="46.53515452469284" lon="7.817671185356182">
      <ele>2419.0</ele></trkpt>
      <trkpt lat="46.53506788376197" lon="7.817537188687685">
      <ele>2421.1</ele></trkpt>
      <trkpt lat="46.53502266405875" lon="7.817442157858035">
      <ele>2422.3</ele></trkpt>
      <trkpt lat="46.534948277970585" lon="7.8172586352939835">
      <ele>2423.4</ele></trkpt>
      <trkpt lat="46.534880358297116" lon="7.817137649470392">
      <ele>2424.6</ele></trkpt>
      <trkpt lat="46.53482151240242" lon="7.817098601741177">
      <ele>2425.7</ele></trkpt>
      <trkpt lat="46.534750728994794" lon="7.8170271693834685">
      <ele>2426.9</ele></trkpt>
      <trkpt lat="46.534623832287934" lon="7.816903764957473">
      <ele>2428.0</ele></trkpt>
      <trkpt lat="46.53457042121095" lon="7.816845333192022">
      <ele>2429.2</ele></trkpt>
      <trkpt lat="46.53453459042421" lon="7.816748205525283">
      <ele>2430.3</ele></trkpt>
      <trkpt lat="46.534478512907796" lon="7.816685453792761">
      <ele>2431.5</ele></trkpt>
      <trkpt lat="46.534375903143584" lon="7.816519060911172">
      <ele>2432.6</ele></trkpt>
      <trkpt lat="46.53428913015259" lon="7.816421708823078">
      <ele>2433.8</ele></trkpt>
      <trkpt lat="46.53422373633454" lon="7.816341673368131">
      <ele>2435.0</ele></trkpt>
      <trkpt lat="46.53416514614752" lon="7.816233660100585">
      <ele>2436.1</ele></trkpt>
      <trkpt lat="46.53410005644543" lon="7.816078219271737">
      <ele>2437.3</ele></trkpt>
      <trkpt lat="46.53405473176737" lon="7.8160090391661">
      <ele>2438.4</ele></trkpt>
      <trkpt lat="46.53400553260526" lon="7.815901078977485">
      <ele>2439.6</ele></trkpt>
      <trkpt lat="46.53399234204011" lon="7.8158449885291255">
      <ele>2440.7</ele></trkpt>
      <trkpt lat="46.53397654223889" lon="7.8157673330103545">
      <ele>2441.9</ele></trkpt>
      <trkpt lat="46.533951236650644" lon="7.815724128141119">
      <ele>2443.0</ele></trkpt>
      <trkpt lat="46.53382597013426" lon="7.815520991767812">
      <ele>2444.2</ele></trkpt>
      <trkpt lat="46.533759469309565" lon="7.815378473672016">
      <ele>2447.2</ele></trkpt>
      <trkpt lat="46.53370996236827" lon="7.815352398251733">
      <ele>2450.2</ele></trkpt>
      <trkpt lat="46.53365895966109" lon="7.815365091504536">
      <ele>2453.2</ele></trkpt>
      <trkpt lat="46.53361074834479" lon="7.815349805064817">
      <ele>2456.3</ele></trkpt>
      <trkpt lat="46.53354404380406" lon="7.815263310501998">
      <ele>2459.3</ele></trkpt>
      <trkpt lat="46.53346638071551" lon="7.815237104685778">
      <ele>2462.3</ele></trkpt>
      <trkpt lat="46.533408976318135" lon="7.815170031982453">
      <ele>2465.3</ele></trkpt>
      <trkpt lat="46.533297781401295" lon="7.815147999054927">
      <ele>2468.3</ele></trkpt>
      <trkpt lat="46.533290067858466" lon="7.815059595025817">
      <ele>2471.3</ele></trkpt>
      <trkpt lat="46.53327138338628" lon="7.8150379706605015">
      <ele>2474.3</ele></trkpt>
      <trkpt lat="46.533252946996164" lon="7.814949531292844">
      <ele>2477.4</ele></trkpt>
      <trkpt lat="46.533161871419054" lon="7.814923271988963">
      <ele>2480.4</ele></trkpt>
      <trkpt lat="46.53314614786012" lon="7.814830537149526">
      <ele>2483.4</ele></trkpt>
      <trkpt lat="46.533105244662536" lon="7.814653644080857">
      <ele>2486.4</ele></trkpt>
      <trkpt lat="46.53301276452143" lon="7.8146467844304">
      <ele>2489.4</ele></trkpt>
      <trkpt lat="46.532859897518826" lon="7.814650415689259">
      <ele>2492.4</ele></trkpt>
      <trkpt lat="46.53274583627618" lon="7.814673607762355">
      <ele>2495.5</ele></trkpt>
      <trkpt lat="46.53266798409051" lon="7.8146991106343116">
      <ele>2498.5</ele></trkpt>
      <trkpt lat="46.53262906583744" lon="7.814705409911252">
      <ele>2501.5</ele></trkpt>
      <trkpt lat="46.53260236254081" lon="7.814679428802472">
      <ele>2504.5</ele></trkpt>
      <trkpt lat="46.53260257997432" lon="7.814619105661431">
      <ele>2506.6</ele></trkpt>
      <trkpt lat="46.53259755567387" lon="7.81453072150914">
      <ele>2508.7</ele></trkpt>
      <trkpt lat="46.532573853820914" lon="7.81441856282221">
      <ele>2510.9</ele></trkpt>
      <trkpt lat="46.532551059015" lon="7.814418469842595">
      <ele>2513.0</ele></trkpt>
      <trkpt lat="46.53252274772823" lon="7.8144571298365895">
      <ele>2515.1</ele></trkpt>
      <trkpt lat="46.532502612259385" lon="7.814463507464353">
      <ele>2517.2</ele></trkpt>
      <trkpt lat="46.53251099310542" lon="7.814377341140698">
      <ele>2519.3</ele></trkpt>
      <trkpt lat="46.532493618521116" lon="7.814362178579099">
      <ele>2521.5</ele></trkpt>
      <trkpt lat="46.532431768367154" lon="7.814407162315913">
      <ele>2523.6</ele></trkpt>
      <trkpt lat="46.53236068197233" lon="7.814413316800422">
      <ele>2525.7</ele></trkpt>
      <trkpt lat="46.53228566381363" lon="7.814397884701339">
      <ele>2527.8</ele></trkpt>
      <trkpt lat="46.532209324750085" lon="7.814373840633619">
      <ele>2529.9</ele></trkpt>
      <trkpt lat="46.53220978629047" lon="7.814253182376913">
      <ele>2532.1</ele></trkpt>
      <trkpt lat="46.532200498345816" lon="7.81422727032196">
      <ele>2534.2</ele></trkpt>
      <trkpt lat="46.532135866026444" lon="7.814300259064091">
      <ele>2536.3</ele></trkpt>
      <trkpt lat="46.532122615867344" lon="7.814259251562739">
      <ele>2538.4</ele></trkpt>
      <trkpt lat="46.53209449530309" lon="7.814248355144725">
      <ele>2540.5</ele></trkpt>
      <trkpt lat="46.53208112937581" lon="7.814239672660367">
      <ele>2542.7</ele></trkpt>
      <trkpt lat="46.53209612066965" lon="7.814172948275738">
      <ele>2544.8</ele></trkpt>
      <trkpt lat="46.5320707182854" lon="7.814153428824508">
      <ele>2546.9</ele></trkpt>
      <trkpt lat="46.532033188724284" lon="7.814153272902776">
      <ele>2549.1</ele></trkpt>
      <trkpt lat="46.532010203290284" lon="7.814202736148611">
      <ele>2551.4</ele></trkpt>
      <trkpt lat="46.53196864185284" lon="7.814200401533228">
      <ele>2553.6</ele></trkpt>
      <trkpt lat="46.5319340477007" lon="7.8141312870869415">
      <ele>2555.9</ele></trkpt>
      <trkpt lat="46.53191273936687" lon="7.814092387655752">
      <ele>2558.1</ele></trkpt>
      <trkpt lat="46.53189147546855" lon="7.81404274810138">
      <ele>2560.3</ele></trkpt>
      <trkpt lat="46.5319135016405" lon="7.813894137488952">
      <ele>2562.6</ele></trkpt>
      <trkpt lat="46.53193871708778" lon="7.813730376625859">
      <ele>2564.8</ele></trkpt>
      <trkpt lat="46.531960417329714" lon="7.813650481689952">
      <ele>2567.1</ele></trkpt>
      <trkpt lat="46.531949780663034" lon="7.81363524885587">
      <ele>2569.3</ele></trkpt>
      <trkpt lat="46.531844368478154" lon="7.8135890285198775">
      <ele>2571.5</ele></trkpt>
      <trkpt lat="46.53186733385855" lon="7.813526465320436">
      <ele>2573.8</ele></trkpt>
      <trkpt lat="46.53189698476693" lon="7.813466099034171">
      <ele>2576.0</ele></trkpt>
      <trkpt lat="46.53186365397031" lon="7.813442054276649">
      <ele>2578.3</ele></trkpt>
      <trkpt lat="46.53182915615565" lon="7.813379054310875">
      <ele>2580.5</ele></trkpt>
      <trkpt lat="46.53176388139781" lon="7.813322306638079">
      <ele>2582.7</ele></trkpt>
      <trkpt lat="46.53175961582117" lon="7.813290029754908">
      <ele>2585.0</ele></trkpt>
      <trkpt lat="46.53169316517074" lon="7.813257075113798">
      <ele>2587.2</ele></trkpt>
      <trkpt lat="46.53166680191576" lon="7.813242463594264">
      <ele>2589.5</ele></trkpt>
      <trkpt lat="46.53164376080845" lon="7.813224290582781">
      <ele>2591.7</ele></trkpt>
      <trkpt lat="46.5316085290726" lon="7.8132311376749755">
      <ele>2593.3</ele></trkpt>
      <trkpt lat="46.53156120425008" lon="7.813233391196633">
      <ele>2594.9</ele></trkpt>
      <trkpt lat="46.53151272884689" lon="7.8132544976050395">
      <ele>2596.4</ele></trkpt>
      <trkpt lat="46.5314626545146" lon="7.813258517803196">
      <ele>2598.0</ele></trkpt>
      <trkpt lat="46.53147333203001" lon="7.813190356362114">
      <ele>2599.6</ele></trkpt>
      <trkpt lat="46.5314795219875" lon="7.813149106057411">
      <ele>2601.2</ele></trkpt>
      <trkpt lat="46.53149564242826" lon="7.813097157948899">
      <ele>2602.8</ele></trkpt>
      <trkpt lat="46.531502351510554" lon="7.813064891939239">
      <ele>2604.3</ele></trkpt>
      <trkpt lat="46.53152777389657" lon="7.813029209904201">
      <ele>2605.9</ele></trkpt>
      <trkpt lat="46.53153727694222" lon="7.812984397963529">
      <ele>2607.5</ele></trkpt>
      <trkpt lat="46.53150034288088" lon="7.813008295522481">
      <ele>2609.1</ele></trkpt>
      <trkpt lat="46.53148108368994" lon="7.813008110266302">
      <ele>2610.7</ele></trkpt>
      <trkpt lat="46.53146573672812" lon="7.812991802382789">
      <ele>2612.2</ele></trkpt>
      <trkpt lat="46.53143716081797" lon="7.812982558981563">
      <ele>2613.8</ele></trkpt>
      <trkpt lat="46.53142791213991" lon="7.8129528286998555">
      <ele>2615.4</ele></trkpt>
      <trkpt lat="46.53137736876989" lon="7.812929903790005">
      <ele>2617.0</ele></trkpt>
      <trkpt lat="46.53134335575795" lon="7.812902648415385">
      <ele>2618.6</ele></trkpt>
      <trkpt lat="46.53132476953993" lon="7.812867444404377">
      <ele>2620.1</ele></trkpt>
      <trkpt lat="46.53129578084624" lon="7.8128168792028765">
      <ele>2621.7</ele></trkpt>
      <trkpt lat="46.531271648018695" lon="7.81279420209083">
      <ele>2623.3</ele></trkpt>
      <trkpt lat="46.53126548769568" lon="7.812826484821629">
      <ele>2624.8</ele></trkpt>
      <trkpt lat="46.53126807777026" lon="7.812875903054171">
      <ele>2626.2</ele></trkpt>
      <trkpt lat="46.53125806447661" lon="7.812909032453378">
      <ele>2627.7</ele></trkpt>
      <trkpt lat="46.53125847425629" lon="7.812951253667535">
      <ele>2629.2</ele></trkpt>
      <trkpt lat="46.53124351049897" lon="7.812985235170245">
      <ele>2630.6</ele></trkpt>
      <trkpt lat="46.53121813825694" lon="7.8130029560119105">
      <ele>2632.1</ele></trkpt>
      <trkpt lat="46.531178361785265" lon="7.8130267816325265">
      <ele>2633.6</ele></trkpt>
      <trkpt lat="46.53110137451272" lon="7.8131093695300375">
      <ele>2635.0</ele></trkpt>
      <trkpt lat="46.53101038679818" lon="7.813135526008886">
      <ele>2636.5</ele></trkpt>
      <trkpt lat="46.53095366963869" lon="7.813132566093852">
      <ele>2637.9</ele></trkpt>
      <trkpt lat="46.53090172681406" lon="7.813130330013276">
      <ele>2639.4</ele></trkpt>
      <trkpt lat="46.53085497057379" lon="7.813167532459165">
      <ele>2640.9</ele></trkpt>
      <trkpt lat="46.53079102211234" lon="7.813169658021189">
      <ele>2642.3</ele></trkpt>
      <trkpt lat="46.53073776233401" lon="7.813163046327269">
      <ele>2643.8</ele></trkpt>
      <trkpt lat="46.530713474996034" lon="7.8132528538637285">
      <ele>2645.3</ele></trkpt>
      <trkpt lat="46.53067344943075" lon="7.81327035574631">
      <ele>2646.7</ele></trkpt>
      <trkpt lat="46.53061608380406" lon="7.813292208404182">
      <ele>2648.2</ele></trkpt>
      <trkpt lat="46.530548040125765" lon="7.813325027132695">
      <ele>2649.7</ele></trkpt>
      <trkpt lat="46.530496090089706" lon="7.813324980580877">
      <ele>2651.1</ele></trkpt>
      <trkpt lat="46.53042544692989" lon="7.8133358707420655">
      <ele>2652.6</ele></trkpt>
      <trkpt lat="46.53033753759285" lon="7.81333141752014">
      <ele>2653.4</ele></trkpt>
      <trkpt lat="46.53035062560914" lon="7.813397161173195">
      <ele>2654.1</ele></trkpt>
      <trkpt lat="46.53032794012764" lon="7.813410299060653">
      <ele>2654.9</ele></trkpt>
      <trkpt lat="46.530277364763535" lon="7.8133971104793325">
      <ele>2655.7</ele></trkpt>
      <trkpt lat="46.530212145986305" lon="7.813410736100938">
      <ele>2656.4</ele></trkpt>
      <trkpt lat="46.530119024872256" lon="7.813347215211514">
      <ele>2657.2</ele></trkpt>
      <trkpt lat="46.53004006789481" lon="7.813306771621324">
      <ele>2658.0</ele></trkpt>
      <trkpt lat="46.529964990045556" lon="7.813268453465609">
      <ele>2658.7</ele></trkpt>
      <trkpt lat="46.52989116595938" lon="7.8132618820210205">
      <ele>2659.5</ele></trkpt>
      <trkpt lat="46.529808871311815" lon="7.81325701160489">
      <ele>2660.2</ele></trkpt>
      <trkpt lat="46.52974636558319" lon="7.813208939937265">
      <ele>2661.0</ele></trkpt>
      <trkpt lat="46.52966278987631" lon="7.8131997204323085">
      <ele>2661.8</ele></trkpt>
      <trkpt lat="46.52964239500662" lon="7.8132138646600975">
      <ele>2662.5</ele></trkpt>
      <trkpt lat="46.529616828066544" lon="7.813227868836557">
      <ele>2663.3</ele></trkpt>
      <trkpt lat="46.529589676708014" lon="7.813225843272491">
      <ele>2664.1</ele></trkpt>
      <trkpt lat="46.52956146057191" lon="7.813219352725696">
      <ele>2664.8</ele></trkpt>
      <trkpt lat="46.52952179402964" lon="7.813223444788466">
      <ele>2665.6</ele></trkpt>
      <trkpt lat="46.52947501357885" lon="7.813246139242679">
      <ele>2666.4</ele></trkpt>
      <trkpt lat="46.52943855967709" lon="7.813266259189281">
      <ele>2667.1</ele></trkpt>
      <trkpt lat="46.529410836343715" lon="7.813274018148238">
      <ele>2667.9</ele></trkpt>
      <trkpt lat="46.52938522527616" lon="7.813298683692087">
      <ele>2667.3</ele></trkpt>
      <trkpt lat="46.529359048063164" lon="7.8133313611640425">
      <ele>2666.6</ele></trkpt>
      <trkpt lat="46.529350250059245" lon="7.813364184905684">
      <ele>2666.0</ele></trkpt>
      <trkpt lat="46.52935068445325" lon="7.813398884230401">
      <ele>2665.3</ele></trkpt>
      <trkpt lat="46.52934674748915" lon="7.813438871150819">
      <ele>2664.7</ele></trkpt>
      <trkpt lat="46.529334687240976" lon="7.813473444906162">
      <ele>2664.1</ele></trkpt>
      <trkpt lat="46.529315580209094" lon="7.81350351227532">
      <ele>2663.4</ele></trkpt>
      <trkpt lat="46.52929427868488" lon="7.813538895305969">
      <ele>2662.8</ele></trkpt>
      <trkpt lat="46.52924758423682" lon="7.813535483077455">
      <ele>2662.1</ele></trkpt>
      <trkpt lat="46.52911634062264" lon="7.8135097972998375">
      <ele>2661.5</ele></trkpt>
      <trkpt lat="46.529077884760035" lon="7.813485001419803">
      <ele>2660.9</ele></trkpt>
      <trkpt lat="46.52905687068181" lon="7.813438637931025">
      <ele>2660.2</ele></trkpt>
      <trkpt lat="46.5290406574947" lon="7.813414960533596">
      <ele>2659.6</ele></trkpt>
      <trkpt lat="46.52902600992577" lon="7.813413008378333">
      <ele>2658.9</ele></trkpt>
      <trkpt lat="46.52900370460767" lon="7.813430892888276">
      <ele>2658.3</ele></trkpt>
      <trkpt lat="46.52898410398538" lon="7.813452419507139">
      <ele>2657.7</ele></trkpt>
      <trkpt lat="46.52896185231649" lon="7.8134540250975215">
      <ele>2657.0</ele></trkpt>
      <trkpt lat="46.5289417208786" lon="7.8134701129105855">
      <ele>2656.4</ele></trkpt>
      <trkpt lat="46.52888483925067" lon="7.813437903734712">
      <ele>2655.7</ele></trkpt>
      <trkpt lat="46.52884908214422" lon="7.813418548749017">
      <ele>2655.1</ele></trkpt>
      <trkpt lat="46.528820920175214" lon="7.813401084104317">
      <ele>2654.3</ele></trkpt>
      <trkpt lat="46.52879335748373" lon="7.813362821686981">
      <ele>2653.5</ele></trkpt>
      <trkpt lat="46.528747911814406" lon="7.813318948381411">
      <ele>2652.6</ele></trkpt>
      <trkpt lat="46.52867655544995" lon="7.813229577530895">
      <ele>2651.8</ele></trkpt>
      <trkpt lat="46.528614923359285" lon="7.813153868353258">
      <ele>2651.0</ele></trkpt>
      <trkpt lat="46.52859336037731" lon="7.813107514629106">
      <ele>2650.2</ele></trkpt>
      <trkpt lat="46.52857715042235" lon="7.813047317008966">
      <ele>2649.4</ele></trkpt>
      <trkpt lat="46.5285460220926" lon="7.812925314619154">
      <ele>2648.5</ele></trkpt>
      <trkpt lat="46.52849362179606" lon="7.812859809986694">
      <ele>2647.7</ele></trkpt>
      <trkpt lat="46.52844258668162" lon="7.812781281201173">
      <ele>2646.9</ele></trkpt>
      <trkpt lat="46.52836251070208" lon="7.8127309133221825">
      <ele>2646.1</ele></trkpt>
      <trkpt lat="46.52833513052102" lon="7.812658973791534">
      <ele>2645.3</ele></trkpt>
      <trkpt lat="46.52823348974785" lon="7.8125572480583365">
      <ele>2644.4</ele></trkpt>
      <trkpt lat="46.52815679345621" lon="7.812439259435422">
      <ele>2643.6</ele></trkpt>
      <trkpt lat="46.52811765895596" lon="7.812328007994432">
      <ele>2642.8</ele></trkpt>
      <trkpt lat="46.52807443032925" lon="7.81225264913822">
      <ele>2642.0</ele></trkpt>
      <trkpt lat="46.528025223346624" lon="7.812187076516407">
      <ele>2641.2</ele></trkpt>
      <trkpt lat="46.52794115991473" lon="7.811931872593978">
      <ele>2640.3</ele></trkpt>
      <trkpt lat="46.52787412913502" lon="7.81187273350044">
      <ele>2639.5</ele></trkpt>
      <trkpt lat="46.52782508825297" lon="7.811764699270878">
      <ele>2638.7</ele></trkpt>
      <trkpt lat="46.52772701352951" lon="7.811551876799904">
      <ele>2637.9</ele></trkpt>
      <trkpt lat="46.52768210731306" lon="7.811398123936708">
      <ele>2637.1</ele></trkpt>
      <trkpt lat="46.52761331690517" lon="7.811280179519674">
      <ele>2636.3</ele></trkpt>
      <trkpt lat="46.527554792987324" lon="7.811070836939464">
      <ele>2635.5</ele></trkpt>
      <trkpt lat="46.527474540518966" lon="7.810851583426949">
      <ele>2634.6</ele></trkpt>
      <trkpt lat="46.527462526546465" lon="7.810770563005396">
      <ele>2633.8</ele></trkpt>
      <trkpt lat="46.52745214937409" lon="7.810651157259422">
      <ele>2633.0</ele></trkpt>
      <trkpt lat="46.52745871306777" lon="7.810610876776512">
      <ele>2632.2</ele></trkpt>
      <trkpt lat="46.52747360262012" lon="7.8105801157557995">
      <ele>2631.4</ele></trkpt>
      <trkpt lat="46.52747471612841" lon="7.810547709148033">
      <ele>2630.6</ele></trkpt>
      <trkpt lat="46.52746998283386" lon="7.81049867078552">
      <ele>2629.8</ele></trkpt>
      <trkpt lat="46.527454373631755" lon="7.810460662294501">
      <ele>2629.0</ele></trkpt>
      <trkpt lat="46.52745005762013" lon="7.810429808512227">
      <ele>2628.2</ele></trkpt>
      <trkpt lat="46.52743781496987" lon="7.810413145911505">
      <ele>2627.4</ele></trkpt>
      <trkpt lat="46.52743601403504" lon="7.81036966694126">
      <ele>2626.6</ele></trkpt>
      <trkpt lat="46.527438602745626" lon="7.810337270475044">
      <ele>2625.7</ele></trkpt>
      <trkpt lat="46.5274332287756" lon="7.810324591136827">
      <ele>2624.9</ele></trkpt>
      <trkpt lat="46.5274273057809" lon="7.810328512667116">
      <ele>2624.1</ele></trkpt>
      <trkpt lat="46.52740685770631" lon="7.810394816928234">
      <ele>2623.3</ele></trkpt>
      <trkpt lat="46.52738137538889" lon="7.810490346684663">
      <ele>2622.5</ele></trkpt>
      <trkpt lat="46.527370431090205" lon="7.8105195446826405">
      <ele>2621.8</ele></trkpt>
      <trkpt lat="46.52736004743485" lon="7.810531346865223">
      <ele>2621.2</ele></trkpt>
      <trkpt lat="46.52735219316215" lon="7.81052340770547">
      <ele>2620.5</ele></trkpt>
      <trkpt lat="46.52735084188692" lon="7.810490984248738">
      <ele>2619.8</ele></trkpt>
      <trkpt lat="46.52734749467775" lon="7.810466471427404">
      <ele>2619.2</ele></trkpt>
      <trkpt lat="46.52734868434589" lon="7.810413511672739">
      <ele>2618.5</ele></trkpt>
      <trkpt lat="46.5273593003777" lon="7.81034162687127">
      <ele>2617.8</ele></trkpt>
      <trkpt lat="46.52736677865096" lon="7.810318739317448">
      <ele>2617.2</ele></trkpt>
      <trkpt lat="46.52737084260928" lon="7.810286353012221">
      <ele>2616.5</ele></trkpt>
      <trkpt lat="46.52736898360874" lon="7.810257875202705">
      <ele>2615.8</ele></trkpt>
      <trkpt lat="46.52736708455838" lon="7.810238898505129">
      <ele>2615.2</ele></trkpt>
      <trkpt lat="46.52735772140029" lon="7.810241232425572">
      <ele>2614.5</ele></trkpt>
      <trkpt lat="46.527344857503245" lon="7.810257761816377">
      <ele>2613.9</ele></trkpt>
      <trkpt lat="46.52733643229623" lon="7.810270372519919">
      <ele>2613.2</ele></trkpt>
      <trkpt lat="46.5273275161768" lon="7.810284556897626">
      <ele>2612.5</ele></trkpt>
      <trkpt lat="46.52732457596014" lon="7.8102813826321995">
      <ele>2611.9</ele></trkpt>
      <trkpt lat="46.52732267691367" lon="7.810262405949299">
      <ele>2611.2</ele></trkpt>
      <trkpt lat="46.527318372441634" lon="7.810230757297707">
      <ele>2610.5</ele></trkpt>
      <trkpt lat="46.52731153865635" lon="7.810213336846859">
      <ele>2609.9</ele></trkpt>
      <trkpt lat="46.52730067442878" lon="7.81022355873288">
      <ele>2609.2</ele></trkpt>
      <trkpt lat="46.52729127386912" lon="7.810234585695145">
      <ele>2608.2</ele></trkpt>
      <trkpt lat="46.52728586373044" lon="7.810232971535587">
      <ele>2607.2</ele></trkpt>
      <trkpt lat="46.52728001429764" lon="7.810217134892237">
      <ele>2606.2</ele></trkpt>
      <trkpt lat="46.527284567827074" lon="7.810186329034565">
      <ele>2605.2</ele></trkpt>
      <trkpt lat="46.527288200235716" lon="7.810137335218578">
      <ele>2604.2</ele></trkpt>
      <trkpt lat="46.527290889504286" lon="7.810079641630185">
      <ele>2603.2</ele></trkpt>
      <trkpt lat="46.52729257889517" lon="7.810025108304662">
      <ele>2602.2</ele></trkpt>
      <trkpt lat="46.52729321553849" lon="7.809987172350684">
      <ele>2601.2</ele></trkpt>
      <trkpt lat="46.52729684271219" lon="7.809939755523555">
      <ele>2600.2</ele></trkpt>
      <trkpt lat="46.52729358822221" lon="7.809892317591064">
      <ele>2599.2</ele></trkpt>
      <trkpt lat="46.52728538484362" lon="7.809848012873086">
      <ele>2598.3</ele></trkpt>
      <trkpt lat="46.527280519714814" lon="7.8098337600618315">
      <ele>2597.3</ele></trkpt>
      <trkpt lat="46.527275109570375" lon="7.80983214594263">
      <ele>2596.3</ele></trkpt>
      <trkpt lat="46.52727015421173" lon="7.809840023274246">
      <ele>2595.3</ele></trkpt>
      <trkpt lat="46.52726354307611" lon="7.809892163799443">
      <ele>2594.3</ele></trkpt>
      <trkpt lat="46.52725909276305" lon="7.809896890497054">
      <ele>2593.3</ele></trkpt>
      <trkpt lat="46.52725123714459" lon="7.809892105523161">
      <ele>2592.3</ele></trkpt>
      <trkpt lat="46.5272356484164" lon="7.809847763261171">
      <ele>2591.3</ele></trkpt>
      <trkpt lat="46.52722633038172" lon="7.809839032183207">
      <ele>2590.3</ele></trkpt>
      <trkpt lat="46.52721596483585" lon="7.8098453084214485">
      <ele>2589.3</ele></trkpt>
      <trkpt lat="46.52719032609471" lon="7.809853878135333">
      <ele>2586.5</ele></trkpt>
      <trkpt lat="46.52714345376185" lon="7.809877368926022">
      <ele>2583.6</ele></trkpt>
      <trkpt lat="46.527073385557415" lon="7.809913395202319">
      <ele>2580.8</ele></trkpt>
      <trkpt lat="46.52697809468138" lon="7.809979329471882">
      <ele>2578.0</ele></trkpt>
      <trkpt lat="46.52692579664493" lon="7.810005962999999">
      <ele>2575.1</ele></trkpt>
      <trkpt lat="46.52685672050096" lon="7.810041200734754">
      <ele>2572.3</ele></trkpt>
      <trkpt lat="46.52680436956413" lon="7.8100812711274505">
      <ele>2569.5</ele></trkpt>
      <trkpt lat="46.52676734474621" lon="7.810105598050855">
      <ele>2566.6</ele></trkpt>
      <trkpt lat="46.52672782031569" lon="7.810137819008629">
      <ele>2563.8</ele></trkpt>
      <trkpt lat="46.52668614344938" lon="7.810184557269445">
      <ele>2560.9</ele></trkpt>
      <trkpt lat="46.52663253704871" lon="7.810198630439705">
      <ele>2558.1</ele></trkpt>
      <trkpt lat="46.526577707666355" lon="7.810196051720528">
      <ele>2555.3</ele></trkpt>
      <trkpt lat="46.5265464624575" lon="7.81017498419475">
      <ele>2552.4</ele></trkpt>
      <trkpt lat="46.526521813487875" lon="7.810139416831693">
      <ele>2549.6</ele></trkpt>
      <trkpt lat="46.52643837688321" lon="7.8101095719715214">
      <ele>2546.8</ele></trkpt>
      <trkpt lat="46.52634049331578" lon="7.810096206370902">
      <ele>2543.9</ele></trkpt>
      <trkpt lat="46.52622724688686" lon="7.810016188080009">
      <ele>2541.1</ele></trkpt>
      <trkpt lat="46.52612952585204" lon="7.809969576245308">
      <ele>2538.3</ele></trkpt>
      <trkpt lat="46.52601215400674" lon="7.809935263486519">
      <ele>2535.4</ele></trkpt>
      <trkpt lat="46.525953517861424" lon="7.809905615269055">
      <ele>2532.6</ele></trkpt>
      <trkpt lat="46.52592624649622" lon="7.809874201039357">
      <ele>2530.4</ele></trkpt>
      <trkpt lat="46.52576950085924" lon="7.809881090011298">
      <ele>2528.2</ele></trkpt>
      <trkpt lat="46.525614054948534" lon="7.809892158420027">
      <ele>2526.0</ele></trkpt>
      <trkpt lat="46.52557870016702" lon="7.80991471086098">
      <ele>2523.8</ele></trkpt>
      <trkpt lat="46.52551475853603" lon="7.809903741934925">
      <ele>2521.6</ele></trkpt>
      <trkpt lat="46.52546008947133" lon="7.809865832229743">
      <ele>2519.4</ele></trkpt>
      <trkpt lat="46.525362124554" lon="7.809869109852418">
      <ele>2517.2</ele></trkpt>
      <trkpt lat="46.5252903207336" lon="7.809866389133526">
      <ele>2515.0</ele></trkpt>
      <trkpt lat="46.525240692929486" lon="7.809865931731604">
      <ele>2512.8</ele></trkpt>
      <trkpt lat="46.52519639531142" lon="7.809844736373453">
      <ele>2510.6</ele></trkpt>
      <trkpt lat="46.525154765002675" lon="7.8098111128917">
      <ele>2508.4</ele></trkpt>
      <trkpt lat="46.52512752759688" lon="7.809769286110496">
      <ele>2506.2</ele></trkpt>
      <trkpt lat="46.52505597892244" lon="7.809710434613856">
      <ele>2504.0</ele></trkpt>
      <trkpt lat="46.52499920908031" lon="7.8095581605538165">
      <ele>2501.8</ele></trkpt>
      <trkpt lat="46.52497816026927" lon="7.8095247174309055">
      <ele>2499.6</ele></trkpt>
      <trkpt lat="46.52495123823806" lon="7.809482697596773">
      <ele>2497.4</ele></trkpt>
      <trkpt lat="46.524917403721304" lon="7.809444592476292">
      <ele>2495.2</ele></trkpt>
      <trkpt lat="46.52485468091341" lon="7.809366044252116">
      <ele>2493.0</ele></trkpt>
      <trkpt lat="46.52481985038301" lon="7.80933267640908">
      <ele>2490.8</ele></trkpt>
      <trkpt lat="46.524786457774184" lon="7.809308011344267">
      <ele>2488.6</ele></trkpt>
      <trkpt lat="46.524782092470076" lon="7.809292185687547">
      <ele>2487.8</ele></trkpt>
      <trkpt lat="46.52478757092006" lon="7.809275606317915">
      <ele>2486.9</ele></trkpt>
      <trkpt lat="46.524800474593924" lon="7.809249589846203">
      <ele>2486.0</ele></trkpt>
      <trkpt lat="46.52479905470973" lon="7.809235348280619">
      <ele>2485.2</ele></trkpt>
      <trkpt lat="46.52478727699864" lon="7.809225023901634">
      <ele>2484.3</ele></trkpt>
      <trkpt lat="46.52477302164978" lon="7.809218631523391">
      <ele>2483.5</ele></trkpt>
      <trkpt lat="46.52476571741074" lon="7.80919646485418">
      <ele>2482.7</ele></trkpt>
      <trkpt lat="46.52475199545911" lon="7.809178216269116">
      <ele>2481.8</ele></trkpt>
      <trkpt lat="46.524735802274655" lon="7.809164694734864">
      <ele>2480.9</ele></trkpt>
      <trkpt lat="46.52472849029668" lon="7.809144900007393">
      <ele>2480.1</ele></trkpt>
      <trkpt lat="46.52471125992361" lon="7.809143244284659">
      <ele>2479.2</ele></trkpt>
      <trkpt lat="46.524681736526276" lon="7.809137568576383">
      <ele>2478.4</ele></trkpt>
      <trkpt lat="46.52465168232483" lon="7.809142954087075">
      <ele>2477.5</ele></trkpt>
      <trkpt lat="46.52462508371954" lon="7.809145196259619">
      <ele>2476.7</ele></trkpt>
      <trkpt lat="46.52460642572078" lon="7.809131670941696">
      <ele>2475.8</ele></trkpt>
      <trkpt lat="46.524558704347704" lon="7.809120370957962">
      <ele>2475.0</ele></trkpt>
      <trkpt lat="46.5245188707618" lon="7.809106752976228">
      <ele>2474.2</ele></trkpt>
      <trkpt lat="46.52448244517911" lon="7.809101838135509">
      <ele>2473.3</ele></trkpt>
      <trkpt lat="46.524459339527375" lon="7.8090922313751">
      <ele>2472.4</ele></trkpt>
      <trkpt lat="46.52444163885071" lon="7.8090858285420985">
      <ele>2471.6</ele></trkpt>
      <trkpt lat="46.52442350650469" lon="7.809062819050137">
      <ele>2470.8</ele></trkpt>
      <trkpt lat="46.52441126106309" lon="7.8090469526687025">
      <ele>2470.0</ele></trkpt>
      <trkpt lat="46.524411313826505" lon="7.809033516277329">
      <ele>2469.3</ele></trkpt>
      <trkpt lat="46.52442320221596" lon="7.809015390827814">
      <ele>2468.5</ele></trkpt>
      <trkpt lat="46.52443459584983" lon="7.808997261987784">
      <ele>2467.7</ele></trkpt>
      <trkpt lat="46.52444355425159" lon="7.808972808642788">
      <ele>2466.9</ele></trkpt>
      <trkpt lat="46.52445696037572" lon="7.808944410706433">
      <ele>2466.2</ele></trkpt>
      <trkpt lat="46.52445749374901" lon="7.80893255455157">
      <ele>2465.4</ele></trkpt>
      <trkpt lat="46.524444840996146" lon="7.808895350801525">
      <ele>2464.6</ele></trkpt>
      <trkpt lat="46.5244360537087" lon="7.80887554613371">
      <ele>2463.8</ele></trkpt>
      <trkpt lat="46.52443859956363" lon="7.80885342090234">
      <ele>2463.1</ele></trkpt>
      <trkpt lat="46.52445103541542" lon="7.808821862383864">
      <ele>2462.3</ele></trkpt>
      <trkpt lat="46.52446687669865" lon="7.808799801930494">
      <ele>2461.5</ele></trkpt>
      <trkpt lat="46.52446749235937" lon="7.8087681886844695">
      <ele>2460.8</ele></trkpt>
      <trkpt lat="46.52445915992592" lon="7.808757874977873">
      <ele>2460.0</ele></trkpt>
      <trkpt lat="46.52443849712223" lon="7.808752247013051">
      <ele>2459.2</ele></trkpt>
      <trkpt lat="46.52442922018954" lon="7.808730862063943">
      <ele>2458.4</ele></trkpt>
      <trkpt lat="46.524420952060275" lon="7.8087063170582995">
      <ele>2457.7</ele></trkpt>
      <trkpt lat="46.5244052047048" lon="7.808702286625278">
      <ele>2456.9</ele></trkpt>
      <trkpt lat="46.52438502893196" lon="7.808699033971392">
      <ele>2456.1</ele></trkpt>
      <trkpt lat="46.52437724913999" lon="7.80867369733006">
      <ele>2455.2</ele></trkpt>
      <trkpt lat="46.52436890126104" lon="7.8086681274623135">
      <ele>2454.3</ele></trkpt>
      <trkpt lat="46.52434570294096" lon="7.808681457863721">
      <ele>2453.4</ele></trkpt>
      <trkpt lat="46.524305693153245" lon="7.808713675101889">
      <ele>2452.5</ele></trkpt>
      <trkpt lat="46.52421555762246" lon="7.80871876764024">
      <ele>2451.6</ele></trkpt>
      <trkpt lat="46.524112088010966" lon="7.808735667887971">
      <ele>2450.7</ele></trkpt>
      <trkpt lat="46.524052493694406" lon="7.80873774997019">
      <ele>2449.8</ele></trkpt>
      <trkpt lat="46.52400122918298" lon="7.808750953668463">
      <ele>2448.9</ele></trkpt>
      <trkpt lat="46.523965177477386" lon="7.808777645795756">
      <ele>2448.0</ele></trkpt>
      <trkpt lat="46.523942461042495" lon="7.808794928228945">
      <ele>2447.1</ele></trkpt>
      <trkpt lat="46.5239221296508" lon="7.808831189407126">
      <ele>2446.1</ele></trkpt>
      <trkpt lat="46.523896349432675" lon="7.808877709082659">
      <ele>2445.2</ele></trkpt>
      <trkpt lat="46.52388046824487" lon="7.808909256748032">
      <ele>2444.3</ele></trkpt>
      <trkpt lat="46.52387352489808" lon="7.808922658939595">
      <ele>2443.4</ele></trkpt>
      <trkpt lat="46.52386655710597" lon="7.80894080482931">
      <ele>2442.5</ele></trkpt>
      <trkpt lat="46.52385815135281" lon="7.808950248137202">
      <ele>2441.6</ele></trkpt>
      <trkpt lat="46.523850773726394" lon="7.808947838802512">
      <ele>2440.7</ele></trkpt>
      <trkpt lat="46.523846917300894" lon="7.808924901126663">
      <ele>2439.8</ele></trkpt>
      <trkpt lat="46.52385495051199" lon="7.808886210108396">
      <ele>2438.9</ele></trkpt>
      <trkpt lat="46.52386937187547" lon="7.808849908605503">
      <ele>2438.0</ele></trkpt>
      <trkpt lat="46.52389366133457" lon="7.808808135656722">
      <ele>2437.1</ele></trkpt>
      <trkpt lat="46.52391105759253" lon="7.808767123594077">
      <ele>2436.3</ele></trkpt>
      <trkpt lat="46.52392393675729" lon="7.808745838096475">
      <ele>2435.4</ele></trkpt>
      <trkpt lat="46.52392842172334" lon="7.808733214064099">
      <ele>2434.5</ele></trkpt>
      <trkpt lat="46.523931957055986" lon="7.808711095793257">
      <ele>2433.7</ele></trkpt>
      <trkpt lat="46.52392901038675" lon="7.8087071267785575">
      <ele>2432.8</ele></trkpt>
      <trkpt lat="46.523904683382256" lon="7.808721752605616">
      <ele>2431.9</ele></trkpt>
      <trkpt lat="46.52388939629257" lon="7.808725557950455">
      <ele>2431.1</ele></trkpt>
      <trkpt lat="46.52388381745828" lon="7.808717726335603">
      <ele>2430.2</ele></trkpt>
      <trkpt lat="46.52390019173399" lon="7.808686677220199">
      <ele>2429.3</ele></trkpt>
      <trkpt lat="46.52393495297439" lon="7.808630822273508">
      <ele>2428.5</ele></trkpt>
      <trkpt lat="46.52393857968386" lon="7.80860826150831">
      <ele>2427.6</ele></trkpt>
      <trkpt lat="46.52392890561031" lon="7.808606631522554">
      <ele>2426.8</ele></trkpt>
      <trkpt lat="46.523917688441685" lon="7.808612015579722">
      <ele>2425.9</ele></trkpt>
      <trkpt lat="46.52389787704007" lon="7.808596306298873">
      <ele>2425.0</ele></trkpt>
      <trkpt lat="46.523870447356536" lon="7.808571969547389">
      <ele>2424.2</ele></trkpt>
      <trkpt lat="46.52385168765655" lon="7.808539911560871">
      <ele>2423.3</ele></trkpt>
      <trkpt lat="46.52382780632648" lon="7.80852262365644">
      <ele>2422.4</ele></trkpt>
      <trkpt lat="46.523789686017594" lon="7.8084966631038">
      <ele>2421.6</ele></trkpt>
      <trkpt lat="46.52378413360844" lon="7.8084779364655805">
      <ele>2420.7</ele></trkpt>
      <trkpt lat="46.52377757601113" lon="7.808452960360922">
      <ele>2419.9</ele></trkpt>
      <trkpt lat="46.52376185449057" lon="7.808427152783698">
      <ele>2419.1</ele></trkpt>
      <trkpt lat="46.52374257211201" lon="7.808403666779158">
      <ele>2418.4</ele></trkpt>
      <trkpt lat="46.523726907435176" lon="7.808357607003842">
      <ele>2417.6</ele></trkpt>
      <trkpt lat="46.523711683467845" lon="7.808336468533664">
      <ele>2416.8</ele></trkpt>
      <trkpt lat="46.523689323758255" lon="7.80832152397672">
      <ele>2416.0</ele></trkpt>
      <trkpt lat="46.523666909743035" lon="7.8083260497027265">
      <ele>2415.3</ele></trkpt>
      <trkpt lat="46.52365722549651" lon="7.808327547519408">
      <ele>2414.5</ele></trkpt>
      <trkpt lat="46.52364754153002" lon="7.808334492944585">
      <ele>2413.7</ele></trkpt>
      <trkpt lat="46.523630253022574" lon="7.8083258125722175">
      <ele>2412.9</ele></trkpt>
      <trkpt lat="46.52360942989215" lon="7.808303085066888">
      <ele>2412.2</ele></trkpt>
      <trkpt lat="46.52358305826665" lon="7.808263181931407">
      <ele>2411.4</ele></trkpt>
      <trkpt lat="46.5235571577048" lon="7.808238868956086">
      <ele>2410.6</ele></trkpt>
      <trkpt lat="46.52354145388302" lon="7.808207601038074">
      <ele>2409.8</ele></trkpt>
      <trkpt lat="46.523526221136734" lon="7.808191923250155">
      <ele>2409.1</ele></trkpt>
      <trkpt lat="46.5235017991837" lon="7.808183194279733">
      <ele>2408.3</ele></trkpt>
      <trkpt lat="46.52348553361093" lon="7.8081753029080705">
      <ele>2407.5</ele></trkpt>
      <trkpt lat="46.52347995586518" lon="7.808164356645436">
      <ele>2406.8</ele></trkpt>
      <trkpt lat="46.523482555868775" lon="7.80814490380661">
      <ele>2406.0</ele></trkpt>
      <trkpt lat="46.523492281475924" lon="7.808122371764205">
      <ele>2405.2</ele></trkpt>
      <trkpt lat="46.523496395506264" lon="7.808107607918539">
      <ele>2404.5</ele></trkpt>
      <trkpt lat="46.523488769568594" lon="7.808101326364375">
      <ele>2403.9</ele></trkpt>
      <trkpt lat="46.52347705883825" lon="7.808103579313201">
      <ele>2403.2</ele></trkpt>
      <trkpt lat="46.523471486124464" lon="7.808091082225309">
      <ele>2402.5</ele></trkpt>
      <trkpt lat="46.52347462642614" lon="7.808057610088706">
      <ele>2401.9</ele></trkpt>
      <trkpt lat="46.52348184534405" lon="7.8080202690385665">
      <ele>2401.2</ele></trkpt>
      <trkpt lat="46.52349768166734" lon="7.808002457313069">
      <ele>2400.5</ele></trkpt>
      <trkpt lat="46.52351911685272" lon="7.807980787027116">
      <ele>2399.9</ele></trkpt>
      <trkpt lat="46.52352170167127" lon="7.807965999705122">
      <ele>2399.2</ele></trkpt>
      <trkpt lat="46.52351207167173" lon="7.807948027366848">
      <ele>2398.6</ele></trkpt>
      <trkpt lat="46.52349784022919" lon="7.8079370221277316">
      <ele>2397.9</ele></trkpt>
      <trkpt lat="46.52348411025136" lon="7.807932262886867">
      <ele>2397.2</ele></trkpt>
      <trkpt lat="46.52347394249295" lon="7.807927527932413">
      <ele>2396.6</ele></trkpt>
      <trkpt lat="46.52347297128324" lon="7.8079080377080645">
      <ele>2395.9</ele></trkpt>
      <trkpt lat="46.523480644966114" lon="7.807894080066628">
      <ele>2395.2</ele></trkpt>
      <trkpt lat="46.52351379735538" lon="7.80787092570777">
      <ele>2394.6</ele></trkpt>
      <trkpt lat="46.523543349562885" lon="7.807859436960314">
      <ele>2393.9</ele></trkpt>
      <trkpt lat="46.52356982587045" lon="7.807858835466983">
      <ele>2393.2</ele></trkpt>
      <trkpt lat="46.523612599534744" lon="7.807859113973407">
      <ele>2392.6</ele></trkpt>
      <trkpt lat="46.523623303924076" lon="7.807853726295891">
      <ele>2391.9</ele></trkpt>
      <trkpt lat="46.523628419262884" lon="7.807843634870985">
      <ele>2391.0</ele></trkpt>
      <trkpt lat="46.52361729038843" lon="7.807816294936463">
      <ele>2390.2</ele></trkpt>
      <trkpt lat="46.52358689641528" lon="7.807754561187656">
      <ele>2389.3</ele></trkpt>
      <trkpt lat="46.52356154104697" lon="7.807714678293623">
      <ele>2388.4</ele></trkpt>
      <trkpt lat="46.52353615680513" lon="7.807686459350772">
      <ele>2387.5</ele></trkpt>
      <trkpt lat="46.52350164763933" lon="7.807642617448469">
      <ele>2386.7</ele></trkpt>
      <trkpt lat="46.52349508732113" lon="7.807618423508815">
      <ele>2385.8</ele></trkpt>
      <trkpt lat="46.5234885558901" lon="7.807582552639109">
      <ele>2384.9</ele></trkpt>
      <trkpt lat="46.52349777902225" lon="7.807562362924923">
      <ele>2384.0</ele></trkpt>
      <trkpt lat="46.52353347818102" lon="7.807536110926059">
      <ele>2383.2</ele></trkpt>
      <trkpt lat="46.523544244290036" lon="7.807508920194392">
      <ele>2382.3</ele></trkpt>
      <trkpt lat="46.52355551414082" lon="7.807481732881879">
      <ele>2381.4</ele></trkpt>
      <trkpt lat="46.52357897856736" lon="7.807463972911658">
      <ele>2380.5</ele></trkpt>
      <trkpt lat="46.52360595612705" lon="7.807464143557494">
      <ele>2379.7</ele></trkpt>
      <trkpt lat="46.523632918790184" lon="7.807474453425049">
      <ele>2378.8</ele></trkpt>
      <trkpt lat="46.52366200876895" lon="7.807447374352449">
      <ele>2377.9</ele></trkpt>
      <trkpt lat="46.52367373466073" lon="7.807440442668822">
      <ele>2377.0</ele></trkpt>
      <trkpt lat="46.52369051552207" lon="7.807447568433994">
      <ele>2376.2</ele></trkpt>
      <trkpt lat="46.52370328318213" lon="7.807432850364994">
      <ele>2375.3</ele></trkpt>
      <trkpt lat="46.52369926854709" lon="7.80740867369085">
      <ele>2374.4</ele></trkpt>
      <trkpt lat="46.52367704558265" lon="7.807337651348983">
      <ele>2373.5</ele></trkpt>
      <trkpt lat="46.52365832089982" lon="7.807294685896611">
      <ele>2372.5</ele></trkpt>
      <trkpt lat="46.52364112151065" lon="7.80725016694712">
      <ele>2371.6</ele></trkpt>
      <trkpt lat="46.523625932653125" lon="7.807218133852611">
      <ele>2370.7</ele></trkpt>
      <trkpt lat="46.52360004416274" lon="7.80718447710965">
      <ele>2369.8</ele></trkpt>
      <trkpt lat="46.52357216816494" lon="7.807136770839232">
      <ele>2368.8</ele></trkpt>
      <trkpt lat="46.52355597397373" lon="7.807098501429995">
      <ele>2367.9</ele></trkpt>
      <trkpt lat="46.52354539519903" lon="7.807054027654122">
      <ele>2367.0</ele></trkpt>
      <trkpt lat="46.52352769555299" lon="7.807005621780683">
      <ele>2366.0</ele></trkpt>
      <trkpt lat="46.523519097049345" lon="7.806982977951042">
      <ele>2365.1</ele></trkpt>
      <trkpt lat="46.523514083471646" lon="7.806953347007735">
      <ele>2364.2</ele></trkpt>
      <trkpt lat="46.52350040219235" lon="7.806925208011451">
      <ele>2363.2</ele></trkpt>
      <trkpt lat="46.52349033102906" lon="7.806882301667778">
      <ele>2362.3</ele></trkpt>
      <trkpt lat="46.52347820416191" lon="7.806846392858538">
      <ele>2361.4</ele></trkpt>
      <trkpt lat="46.52347163245692" lon="7.806828441521564">
      <ele>2360.5</ele></trkpt>
      <trkpt lat="46.52346353770843" lon="7.806805788134915">
      <ele>2359.5</ele></trkpt>
      <trkpt lat="46.52344982640969" lon="7.806792466955723">
      <ele>2358.6</ele></trkpt>
      <trkpt lat="46.52345595565699" lon="7.806783151271877">
      <ele>2357.7</ele></trkpt>
      <trkpt lat="46.52345602593087" lon="7.80675588774743">
      <ele>2356.7</ele></trkpt>
      <trkpt lat="46.52344897677872" lon="7.806727024978717">
      <ele>2355.8</ele></trkpt>
      <trkpt lat="46.52343678322211" lon="7.806714483053266">
      <ele>2355.5</ele></trkpt>
      <trkpt lat="46.523419473339835" lon="7.806715147387592">
      <ele>2355.1</ele></trkpt>
      <trkpt lat="46.523398052096915" lon="7.806729806747102">
      <ele>2354.8</ele></trkpt>
      <trkpt lat="46.523377089559716" lon="7.806763939747266">
      <ele>2354.4</ele></trkpt>
      <trkpt lat="46.523361796426194" lon="7.806772411195016">
      <ele>2354.1</ele></trkpt>
      <trkpt lat="46.52334909048599" lon="7.806765313374202">
      <ele>2353.8</ele></trkpt>
      <trkpt lat="46.523341544825" lon="7.806728653865438">
      <ele>2353.4</ele></trkpt>
      <trkpt lat="46.523334950405726" lon="7.806717713906271">
      <ele>2353.1</ele></trkpt>
      <trkpt lat="46.52332222176643" lon="7.806717627418375">
      <ele>2352.7</ele></trkpt>
      <trkpt lat="46.52330895045048" lon="7.8067323421294645">
      <ele>2352.4</ele></trkpt>
      <trkpt lat="46.52329465002599" lon="7.806750946547914">
      <ele>2352.1</ele></trkpt>
      <trkpt lat="46.5232772987213" lon="7.806767184380338">
      <ele>2351.7</ele></trkpt>
      <trkpt lat="46.52326050520206" lon="7.806763955499771">
      <ele>2351.4</ele></trkpt>
      <trkpt lat="46.523222385536094" lon="7.806734894740746">
      <ele>2351.0</ele></trkpt>
      <trkpt lat="46.52319801392512" lon="7.80671058001637">
      <ele>2350.7</ele></trkpt>
      <trkpt lat="46.52316552574485" lon="7.806664784844364">
      <ele>2350.4</ele></trkpt>
      <trkpt lat="46.52314227851477" lon="7.806640490847828">
      <ele>2350.0</ele></trkpt>
      <trkpt lat="46.52310053561493" lon="7.806602452354978">
      <ele>2349.7</ele></trkpt>
      <trkpt lat="46.5230796984475" lon="7.8065867370806465">
      <ele>2349.3</ele></trkpt>
      <trkpt lat="46.52306145093107" lon="7.806554683731962">
      <ele>2349.0</ele></trkpt>
      <trkpt lat="46.5230416216194" lon="7.8065444228778365">
      <ele>2349.1</ele></trkpt>
      <trkpt lat="46.52302078697376" lon="7.806527925716007">
      <ele>2349.2</ele></trkpt>
      <trkpt lat="46.52300508516863" lon="7.806495889709061">
      <ele>2349.3</ele></trkpt>
      <trkpt lat="46.522988835694" lon="7.806480205655401">
      <ele>2349.4</ele></trkpt>
      <trkpt lat="46.52297255346099" lon="7.806474647555204">
      <ele>2349.6</ele></trkpt>
      <trkpt lat="46.52295166369552" lon="7.806480748221235">
      <ele>2349.7</ele></trkpt>
      <trkpt lat="46.52293079267462" lon="7.806478273704371">
      <ele>2349.8</ele></trkpt>
      <trkpt lat="46.52290484533245" lon="7.80647108609818">
      <ele>2349.9</ele></trkpt>
      <trkpt lat="46.522855058800445" lon="7.806427923702933">
      <ele>2350.0</ele></trkpt>
      <trkpt lat="46.52282097661756" lon="7.806416015319559">
      <ele>2350.1</ele></trkpt>
      <trkpt lat="46.52279045557511" lon="7.8064072458579155">
      <ele>2350.2</ele></trkpt>
      <trkpt lat="46.52274717061283" lon="7.806409297819114">
      <ele>2350.3</ele></trkpt>
      <trkpt lat="46.52269268263895" lon="7.806415170383817">
      <ele>2350.4</ele></trkpt>
      <trkpt lat="46.522655852332996" lon="7.8064074137277295">
      <ele>2350.5</ele></trkpt>
      <trkpt lat="46.522540680479466" lon="7.806387904441375">
      <ele>2350.6</ele></trkpt>
      <trkpt lat="46.522494645949806" lon="7.806366740294828">
      <ele>2350.8</ele></trkpt>
      <trkpt lat="46.52243226646945" lon="7.806378879951093">
      <ele>2350.9</ele></trkpt>
      <trkpt lat="46.52233878052106" lon="7.806357432852234">
      <ele>2351.0</ele></trkpt>
      <trkpt lat="46.522245191070475" lon="7.806381897615277">
      <ele>2351.1</ele></trkpt>
      <trkpt lat="46.5222128553839" lon="7.806386265444164">
      <ele>2351.2</ele></trkpt>
      <trkpt lat="46.522180103429235" lon="7.8063802698441425">
      <ele>2351.5</ele></trkpt>
      <trkpt lat="46.522114630584355" lon="7.806353109416035">
      <ele>2351.8</ele></trkpt>
      <trkpt lat="46.5220841431541" lon="7.806350634873123">
      <ele>2352.1</ele></trkpt>
      <trkpt lat="46.52204763979057" lon="7.806322446130155">
      <ele>2352.4</ele></trkpt>
      <trkpt lat="46.52202254946124" lon="7.806297814469632">
      <ele>2352.8</ele></trkpt>
      <trkpt lat="46.52199284556715" lon="7.806289493842913">
      <ele>2353.1</ele></trkpt>
      <trkpt lat="46.521974578794214" lon="7.806280064917969">
      <ele>2353.4</ele></trkpt>
      <trkpt lat="46.52195636715189" lon="7.806250801449527">
      <ele>2353.7</ele></trkpt>
      <trkpt lat="46.521926651920865" lon="7.8062459864267915">
      <ele>2354.0</ele></trkpt>
      <trkpt lat="46.52188479907224" lon="7.806222440072111">
      <ele>2354.3</ele></trkpt>
      <trkpt lat="46.52186962414671" lon="7.806194357134381">
      <ele>2354.6</ele></trkpt>
      <trkpt lat="46.52182627221102" lon="7.806161469680919">
      <ele>2354.9</ele></trkpt>
      <trkpt lat="46.52178749002475" lon="7.80612860024775">
      <ele>2355.2</ele></trkpt>
      <trkpt lat="46.52173272069285" lon="7.8060851446190025">
      <ele>2355.5</ele></trkpt>
      <trkpt lat="46.52169167478038" lon="7.806042928974451">
      <ele>2355.8</ele></trkpt>
      <trkpt lat="46.52167877859059" lon="7.806019527124586">
      <ele>2356.2</ele></trkpt>
      <trkpt lat="46.521622530444816" lon="7.805963225082954">
      <ele>2356.5</ele></trkpt>
      <trkpt lat="46.5215784788001" lon="7.8059046470436835">
      <ele>2356.8</ele></trkpt>
      <trkpt lat="46.52155344955693" lon="7.805855502923659">
      <ele>2357.1</ele></trkpt>
      <trkpt lat="46.52154826390273" lon="7.805798283154096">
      <ele>2357.4</ele></trkpt>
      <trkpt lat="46.521527809581386" lon="7.80575032996516">
      <ele>2356.5</ele></trkpt>
      <trkpt lat="46.52151642371887" lon="7.805732776843677">
      <ele>2355.7</ele></trkpt>
      <trkpt lat="46.521474550492975" lon="7.805712723510043">
      <ele>2354.8</ele></trkpt>
      <trkpt lat="46.52145814442426" lon="7.805692569089893">
      <ele>2353.9</ele></trkpt>
      <trkpt lat="46.52140058258262" lon="7.8055777840879905">
      <ele>2353.1</ele></trkpt>
      <trkpt lat="46.52138002042275" lon="7.805538131770811">
      <ele>2352.2</ele></trkpt>
      <trkpt lat="46.52127817160843" lon="7.805445957472764">
      <ele>2351.3</ele></trkpt>
      <trkpt lat="46.52124524028642" lon="7.805389579723583">
      <ele>2350.5</ele></trkpt>
      <trkpt lat="46.5211487333714" lon="7.8053452693452625">
      <ele>2349.6</ele></trkpt>
      <trkpt lat="46.521081335451484" lon="7.805276186959341">
      <ele>2348.8</ele></trkpt>
      <trkpt lat="46.520960356395264" lon="7.805129801823633">
      <ele>2347.9</ele></trkpt>
      <trkpt lat="46.52088763404002" lon="7.805004529534145">
      <ele>2347.0</ele></trkpt>
      <trkpt lat="46.520867127571414" lon="7.804950321576251">
      <ele>2346.2</ele></trkpt>
      <trkpt lat="46.52083280402086" lon="7.804896007213169">
      <ele>2345.3</ele></trkpt>
      <trkpt lat="46.52080135609534" lon="7.804814684268361">
      <ele>2344.4</ele></trkpt>
      <trkpt lat="46.52075316175383" lon="7.804776931024209">
      <ele>2343.6</ele></trkpt>
      <trkpt lat="46.52070788321938" lon="7.804699685003873">
      <ele>2342.7</ele></trkpt>
      <trkpt lat="46.52069428291268" lon="7.804643425875109">
      <ele>2341.8</ele></trkpt>
      <trkpt lat="46.52066409039579" lon="7.804591237911353">
      <ele>2341.0</ele></trkpt>
      <trkpt lat="46.52065053245299" lon="7.8045245927740154">
      <ele>2340.1</ele></trkpt>
      <trkpt lat="46.52060787029359" lon="7.8044868642219">
      <ele>2339.7</ele></trkpt>
      <trkpt lat="46.520568029903984" lon="7.804430454137176">
      <ele>2339.2</ele></trkpt>
      <trkpt lat="46.520551781762705" lon="7.80434714938224">
      <ele>2338.8</ele></trkpt>
      <trkpt lat="46.52049676792403" lon="7.804284407848065">
      <ele>2338.4</ele></trkpt>
      <trkpt lat="46.52044757437227" lon="7.8041488841318705">
      <ele>2337.9</ele></trkpt>
      <trkpt lat="46.520410397274176" lon="7.804117435239787">
      <ele>2337.5</ele></trkpt>
      <trkpt lat="46.52032114644586" lon="7.803981667815366">
      <ele>2337.1</ele></trkpt>
      <trkpt lat="46.52028578068581" lon="7.8038399958299856">
      <ele>2336.6</ele></trkpt>
      <trkpt lat="46.5202102795968" lon="7.803716793191335">
      <ele>2336.2</ele></trkpt>
      <trkpt lat="46.520166697699594" lon="7.80355635278589">
      <ele>2335.8</ele></trkpt>
      <trkpt lat="46.520124199984764" lon="7.803472885170022">
      <ele>2335.3</ele></trkpt>
      <trkpt lat="46.520091178623794" lon="7.80344146491496">
      <ele>2334.9</ele></trkpt>
      <trkpt lat="46.52002532725268" lon="7.803324570408686">
      <ele>2334.4</ele></trkpt>
      <trkpt lat="46.519968758563415" lon="7.803311705272019">
      <ele>2334.0</ele></trkpt>
      <trkpt lat="46.51992195336539" lon="7.803269806201233">
      <ele>2333.6</ele></trkpt>
      <trkpt lat="46.51987393455035" lon="7.803188374067466">
      <ele>2333.1</ele></trkpt>
      <trkpt lat="46.51984809763014" lon="7.8030821357294355">
      <ele>2332.7</ele></trkpt>
      <trkpt lat="46.5198195855902" lon="7.802948851906058">
      <ele>2332.3</ele></trkpt>
      <trkpt lat="46.51977319872872" lon="7.802798780626912">
      <ele>2331.8</ele></trkpt>
      <trkpt lat="46.519736141428716" lon="7.8027382342804135">
      <ele>2331.4</ele></trkpt>
      <trkpt lat="46.519686183035816" lon="7.802678070462804">
      <ele>2331.4</ele></trkpt>
      <trkpt lat="46.51963046748576" lon="7.802617868076423">
      <ele>2331.5</ele></trkpt>
      <trkpt lat="46.519578019039336" lon="7.802562757041291">
      <ele>2331.5</ele></trkpt>
      <trkpt lat="46.51953922240897" lon="7.802536889406487">
      <ele>2331.6</ele></trkpt>
      <trkpt lat="46.51950646125274" lon="7.802530896369386">
      <ele>2331.6</ele></trkpt>
      <trkpt lat="46.51947755002829" lon="7.802510920287659">
      <ele>2331.6</ele></trkpt>
      <trkpt lat="46.519455506168" lon="7.802489804479876">
      <ele>2331.7</ele></trkpt>
      <trkpt lat="46.519427440854805" lon="7.802435991227903">
      <ele>2331.7</ele></trkpt>
      <trkpt lat="46.51940542905147" lon="7.802402039630446">
      <ele>2331.8</ele></trkpt>
      <trkpt lat="46.519370450916796" lon="7.802369186873646">
      <ele>2331.8</ele></trkpt>
      <trkpt lat="46.51931570998762" lon="7.802316406626501">
      <ele>2331.8</ele></trkpt>
      <trkpt lat="46.51928011938108" lon="7.802227527459643">
      <ele>2331.9</ele></trkpt>
      <trkpt lat="46.51926728278955" lon="7.802179615723706">
      <ele>2331.9</ele></trkpt>
      <trkpt lat="46.519264391350504" lon="7.8021189086538465">
      <ele>2332.0</ele></trkpt>
      <trkpt lat="46.51926220106006" lon="7.802078053258447">
      <ele>2332.0</ele></trkpt>
      <trkpt lat="46.51924554218701" lon="7.802038286679194">
      <ele>2332.0</ele></trkpt>
      <trkpt lat="46.519231127138355" lon="7.8020113711876">
      <ele>2332.1</ele></trkpt>
      <trkpt lat="46.519206054528766" lon="7.8019809048266495">
      <ele>2332.1</ele></trkpt>
      <trkpt lat="46.51919240779068" lon="7.80195283472111">
      <ele>2332.2</ele></trkpt>
      <trkpt lat="46.51918176364127" lon="7.801942273002179">
      <ele>2332.2</ele></trkpt>
      <trkpt lat="46.519149009906386" lon="7.801933947781854">
      <ele>2332.9</ele></trkpt>
      <trkpt lat="46.519136069654145" lon="7.801926889173122">
      <ele>2333.5</ele></trkpt>
      <trkpt lat="46.51911483571947" lon="7.801885932257623">
      <ele>2334.2</ele></trkpt>
      <trkpt lat="46.51910194241958" lon="7.801861359704686">
      <ele>2334.8</ele></trkpt>
      <trkpt lat="46.51908371473607" lon="7.801836764432617">
      <ele>2335.5</ele></trkpt>
      <trkpt lat="46.51905632363028" lon="7.801816799068522">
      <ele>2336.1</ele></trkpt>
      <trkpt lat="46.5190145018609" lon="7.801780421635988">
      <ele>2336.8</ele></trkpt>
      <trkpt lat="46.518980291909855" lon="7.801746401839272">
      <ele>2337.4</ele></trkpt>
      <trkpt lat="46.51896053866847" lon="7.801720636640661">
      <ele>2338.1</ele></trkpt>
      <trkpt lat="46.51893925183089" lon="7.801701859053569">
      <ele>2338.8</ele></trkpt>
      <trkpt lat="46.51891571057144" lon="7.801667897812987">
      <ele>2339.4</ele></trkpt>
      <trkpt lat="46.518881545913665" lon="7.8016140446601145">
      <ele>2340.1</ele></trkpt>
      <trkpt lat="46.518836838212174" lon="7.801512295744491">
      <ele>2340.7</ele></trkpt>
      <trkpt lat="46.51879059899417" lon="7.801414042183138">
      <ele>2341.4</ele></trkpt>
      <trkpt lat="46.51876402679597" lon="7.801374222812261">
      <ele>2342.0</ele></trkpt>
      <trkpt lat="46.51872371768473" lon="7.801340188659621">
      <ele>2342.7</ele></trkpt>
      <trkpt lat="46.518681095456195" lon="7.801317815165397">
      <ele>2343.3</ele></trkpt>
      <trkpt lat="46.518649639475875" lon="7.801274887834174">
      <ele>2344.0</ele></trkpt>
      <trkpt lat="46.51862064154701" lon="7.801214332572294">
      <ele>2344.6</ele></trkpt>
      <trkpt lat="46.51860292853167" lon="7.801110093668135">
      <ele>2345.3</ele></trkpt>
      <trkpt lat="46.51854625380101" lon="7.801011888357321">
      <ele>2346.0</ele></trkpt>
      <trkpt lat="46.51847564531294" lon="7.800921943143013">
      <ele>2346.7</ele></trkpt>
      <trkpt lat="46.518420660322136" lon="7.800835438624343">
      <ele>2347.4</ele></trkpt>
      <trkpt lat="46.518380412398336" lon="7.800770847146367">
      <ele>2348.1</ele></trkpt>
      <trkpt lat="46.51836841755738" lon="7.8007521973986105">
      <ele>2348.8</ele></trkpt>
      <trkpt lat="46.518362479865004" lon="7.800726942192337">
      <ele>2349.5</ele></trkpt>
      <trkpt lat="46.51836514191568" lon="7.800701731432952">
      <ele>2350.2</ele></trkpt>
      <trkpt lat="46.51836090965739" lon="7.800680475200789">
      <ele>2350.9</ele></trkpt>
      <trkpt lat="46.51836101533715" lon="7.800647285248447">
      <ele>2351.6</ele></trkpt>
      <trkpt lat="46.51835255030514" lon="7.8006021013849045">
      <ele>2352.2</ele></trkpt>
      <trkpt lat="46.518358285017015" lon="7.800558315522839">
      <ele>2352.9</ele></trkpt>
      <trkpt lat="46.51835365686625" lon="7.800525771577251">
      <ele>2353.6</ele></trkpt>
      <trkpt lat="46.5183318809719" lon="7.80047122057321">
      <ele>2354.3</ele></trkpt>
      <trkpt lat="46.51829077984503" lon="7.800403300804801">
      <ele>2355.0</ele></trkpt>
      <trkpt lat="46.518255117591615" lon="7.80038454526274">
      <ele>2355.7</ele></trkpt>
      <trkpt lat="46.518225400030204" lon="7.800391696453785">
      <ele>2356.4</ele></trkpt>
      <trkpt lat="46.51819868278097" lon="7.800400183826263">
      <ele>2357.1</ele></trkpt>
      <trkpt lat="46.51817759506704" lon="7.800400746700134">
      <ele>2357.8</ele></trkpt>
      <trkpt lat="46.518137050669274" lon="7.800426434158818">
      <ele>2358.5</ele></trkpt>
      <trkpt lat="46.51808443955191" lon="7.800456041573576">
      <ele>2359.2</ele></trkpt>
      <trkpt lat="46.5180654447859" lon="7.80047452327688">
      <ele>2359.3</ele></trkpt>
      <trkpt lat="46.518042606668615" lon="7.800482384932219">
      <ele>2359.4</ele></trkpt>
      <trkpt lat="46.51802792021249" lon="7.800498237024728">
      <ele>2359.5</ele></trkpt>
      <trkpt lat="46.51799024564855" lon="7.800569070507147">
      <ele>2359.7</ele></trkpt>
      <trkpt lat="46.51797203989239" lon="7.80060814667734">
      <ele>2359.8</ele></trkpt>
      <trkpt lat="46.51793360521285" lon="7.8006464621554175">
      <ele>2359.9</ele></trkpt>
      <trkpt lat="46.51791374261465" lon="7.800666267120669">
      <ele>2360.0</ele></trkpt>
      <trkpt lat="46.51788354250371" lon="7.800689351997071">
      <ele>2360.1</ele></trkpt>
      <trkpt lat="46.51783565294473" lon="7.800724958840389">
      <ele>2360.2</ele></trkpt>
      <trkpt lat="46.517803298132606" lon="7.800746700072748">
      <ele>2360.3</ele></trkpt>
      <trkpt lat="46.51777959011898" lon="7.800756536493736">
      <ele>2360.5</ele></trkpt>
      <trkpt lat="46.517737740231254" lon="7.800788196058191">
      <ele>2360.6</ele></trkpt>
      <trkpt lat="46.517703658796755" lon="7.8008125840190905">
      <ele>2360.7</ele></trkpt>
      <trkpt lat="46.51767601659349" lon="7.8008403249008165">
      <ele>2360.8</ele></trkpt>
      <trkpt lat="46.51765258595819" lon="7.800898625792527">
      <ele>2360.9</ele></trkpt>
      <trkpt lat="46.517631796259565" lon="7.80093834891566">
      <ele>2361.0</ele></trkpt>
      <trkpt lat="46.517594170094796" lon="7.800993909460677">
      <ele>2361.2</ele></trkpt>
      <trkpt lat="46.51756484338778" lon="7.8010449385052505">
      <ele>2361.3</ele></trkpt>
      <trkpt lat="46.51754100189831" lon="7.801088172513984">
      <ele>2361.4</ele></trkpt>
      <trkpt lat="46.51753502116371" lon="7.801107483651795">
      <ele>2361.5</ele></trkpt>
      <trkpt lat="46.5175348687342" lon="7.801172221022938">
      <ele>2361.0</ele></trkpt>
      <trkpt lat="46.51753473071058" lon="7.801229608962877">
      <ele>2360.6</ele></trkpt>
      <trkpt lat="46.51754096904884" lon="7.801279025471203">
      <ele>2360.1</ele></trkpt>
      <trkpt lat="46.51754132470596" lon="7.801305715501126">
      <ele>2359.6</ele></trkpt>
      <trkpt lat="46.5175353001543" lon="7.801344390502897">
      <ele>2359.2</ele></trkpt>
      <trkpt lat="46.51751993872337" lon="7.801385674350854">
      <ele>2358.7</ele></trkpt>
      <trkpt lat="46.51750208598614" lon="7.801404241369978">
      <ele>2358.2</ele></trkpt>
      <trkpt lat="46.517496141370934" lon="7.801412215672138">
      <ele>2357.7</ele></trkpt>
      <trkpt lat="46.517483356636475" lon="7.80143816613239">
      <ele>2357.3</ele></trkpt>
      <trkpt lat="46.517487870138744" lon="7.80150091487805">
      <ele>2356.8</ele></trkpt>
      <trkpt lat="46.51748562130958" lon="7.801551616723123">
      <ele>2356.3</ele></trkpt>
      <trkpt lat="46.51747576768608" lon="7.801594931126648">
      <ele>2355.9</ele></trkpt>
      <trkpt lat="46.51746042958656" lon="7.801628878528614">
      <ele>2355.4</ele></trkpt>
      <trkpt lat="46.51744385200846" lon="7.801648131606394">
      <ele>2354.9</ele></trkpt>
      <trkpt lat="46.51743028512497" lon="7.80165137665206">
      <ele>2354.4</ele></trkpt>
      <trkpt lat="46.51743479588072" lon="7.801712131585223">
      <ele>2354.0</ele></trkpt>
      <trkpt lat="46.51744307259816" lon="7.801793605087012">
      <ele>2353.5</ele></trkpt>
      <trkpt lat="46.51745222047927" lon="7.8018670573233">
      <ele>2353.0</ele></trkpt>
      <trkpt lat="46.51745383416778" lon="7.801899763067122">
      <ele>2352.6</ele></trkpt>
      <trkpt lat="46.51744184085905" lon="7.801951077133397">
      <ele>2352.1</ele></trkpt>
      <trkpt lat="46.5174299276482" lon="7.8019716905546295">
      <ele>2351.6</ele></trkpt>
      <trkpt lat="46.517404005053194" lon="7.80199889493593">
      <ele>2351.1</ele></trkpt>
      <trkpt lat="46.517367006266696" lon="7.802049389649024">
      <ele>2350.6</ele></trkpt>
      <trkpt lat="46.517352566053944" lon="7.802061307400076">
      <ele>2350.1</ele></trkpt>
      <trkpt lat="46.51733178042843" lon="7.802065859139909">
      <ele>2349.6</ele></trkpt>
      <trkpt lat="46.51732583580843" lon="7.802073820313623">
      <ele>2349.1</ele></trkpt>
      <trkpt lat="46.517335862255074" lon="7.8021312762294865">
      <ele>2348.6</ele></trkpt>
      <trkpt lat="46.517342958570644" lon="7.802176697893305">
      <ele>2348.1</ele></trkpt>
      <trkpt lat="46.517336596620744" lon="7.802177319786186">
      <ele>2347.6</ele></trkpt>
      <trkpt lat="46.51732305055888" lon="7.802171234617431">
      <ele>2347.1</ele></trkpt>
      <trkpt lat="46.517314151379495" lon="7.802169181156643">
      <ele>2346.5</ele></trkpt>
      <trkpt lat="46.517309897866326" lon="7.802177166695076">
      <ele>2346.0</ele></trkpt>
      <trkpt lat="46.51732163512158" lon="7.802231285121304">
      <ele>2345.5</ele></trkpt>
      <trkpt lat="46.517324510654085" lon="7.802266006045277">
      <ele>2345.0</ele></trkpt>
      <trkpt lat="46.517305333117875" lon="7.802310599799461">
      <ele>2344.5</ele></trkpt>
      <trkpt lat="46.5172742269062" lon="7.802377800437338">
      <ele>2344.0</ele></trkpt>
      <trkpt lat="46.51724995144721" lon="7.802424366655363">
      <ele>2343.5</ele></trkpt>
      <trkpt lat="46.51721890615689" lon="7.802466886850847">
      <ele>2343.0</ele></trkpt>
      <trkpt lat="46.51717473378804" lon="7.802507325090894">
      <ele>2342.5</ele></trkpt>
      <trkpt lat="46.51713523347877" lon="7.802541109753416">
      <ele>2342.0</ele></trkpt>
      <trkpt lat="46.5171126661687" lon="7.802582357584693">
      <ele>2341.6</ele></trkpt>
      <trkpt lat="46.5170922449095" lon="7.802613585951396">
      <ele>2341.2</ele></trkpt>
      <trkpt lat="46.51708158709605" lon="7.802638221067751">
      <ele>2340.9</ele></trkpt>
      <trkpt lat="46.517075483949256" lon="7.802706918417698">
      <ele>2340.5</ele></trkpt>
      <trkpt lat="46.51707493047681" lon="7.802758960383248">
      <ele>2340.1</ele></trkpt>
      <trkpt lat="46.517066399870615" lon="7.802782267571483">
      <ele>2339.7</ele></trkpt>
      <trkpt lat="46.51704128891444" lon="7.802822820542016">
      <ele>2339.3</ele></trkpt>
      <trkpt lat="46.51702083427702" lon="7.802870063596397">
      <ele>2339.0</ele></trkpt>
      <trkpt lat="46.516999952052295" lon="7.802915987614306">
      <ele>2338.6</ele></trkpt>
      <trkpt lat="46.51695992324303" lon="7.802991141551958">
      <ele>2338.2</ele></trkpt>
      <trkpt lat="46.516915277003946" lon="7.803050262338124">
      <ele>2337.8</ele></trkpt>
      <trkpt lat="46.51687527375472" lon="7.803117415246771">
      <ele>2337.4</ele></trkpt>
      <trkpt lat="46.51685358563911" lon="7.803145311869293">
      <ele>2337.1</ele></trkpt>
      <trkpt lat="46.516826825749725" lon="7.803169838431556">
      <ele>2336.7</ele></trkpt>
      <trkpt lat="46.51680086907727" lon="7.8032103853530685">
      <ele>2336.3</ele></trkpt>
      <trkpt lat="46.51677321479927" lon="7.803252927568973">
      <ele>2335.9</ele></trkpt>
      <trkpt lat="46.51675494365881" lon="7.803272833084689">
      <ele>2335.5</ele></trkpt>
      <trkpt lat="46.516740500716196" lon="7.803282756631704">
      <ele>2335.2</ele></trkpt>
      <trkpt lat="46.51672566324584" lon="7.803286670280416">
      <ele>2334.8</ele></trkpt>
      <trkpt lat="46.51671548075798" lon="7.803289273077234">
      <ele>2334.4</ele></trkpt>
      <trkpt lat="46.51669846940982" lon="7.80331185836903">
      <ele>2334.2</ele></trkpt>
      <trkpt lat="46.51668061290626" lon="7.803337109286618">
      <ele>2333.9</ele></trkpt>
      <trkpt lat="46.51665810443996" lon="7.803354314886994">
      <ele>2333.7</ele></trkpt>
      <trkpt lat="46.516628743518844" lon="7.803398852180174">
      <ele>2333.4</ele></trkpt>
      <trkpt lat="46.51660413606553" lon="7.803411378560079">
      <ele>2333.2</ele></trkpt>
      <trkpt lat="46.516570174556" lon="7.8034318559177756">
      <ele>2332.9</ele></trkpt>
      <trkpt lat="46.5165480957273" lon="7.803449728909706">
      <ele>2332.7</ele></trkpt>
      <trkpt lat="46.51652469709774" lon="7.803483620927876">
      <ele>2332.4</ele></trkpt>
      <trkpt lat="46.51650470047039" lon="7.80351419993589">
      <ele>2332.2</ele></trkpt>
      <trkpt lat="46.5164902155685" lon="7.803542796266224">
      <ele>2331.9</ele></trkpt>
      <trkpt lat="46.51648717161412" lon="7.8035774898872114">
      <ele>2331.7</ele></trkpt>
      <trkpt lat="46.51648837230951" lon="7.803604185109137">
      <ele>2331.4</ele></trkpt>
      <trkpt lat="46.5164819812005" lon="7.803619492368729">
      <ele>2331.2</ele></trkpt>
      <trkpt lat="46.51647516470539" lon="7.803632803042859">
      <ele>2330.9</ele></trkpt>
      <trkpt lat="46.516468779615295" lon="7.803643432270625">
      <ele>2330.7</ele></trkpt>
      <trkpt lat="46.516454783443145" lon="7.803648680612572">
      <ele>2330.4</ele></trkpt>
      <trkpt lat="46.516431414332516" lon="7.803670558275576">
      <ele>2330.2</ele></trkpt>
      <trkpt lat="46.51641951536901" lon="7.803683834685941">
      <ele>2329.9</ele></trkpt>
      <trkpt lat="46.5164004191183" lon="7.803691732994647">
      <ele>2329.7</ele></trkpt>
      <trkpt lat="46.5163914929797" lon="7.803703687251551">
      <ele>2329.4</ele></trkpt>
      <trkpt lat="46.51637402277375" lon="7.803740277296488">
      <ele>2329.4</ele></trkpt>
      <trkpt lat="46.51635102797052" lon="7.803782850311431">
      <ele>2329.4</ele></trkpt>
      <trkpt lat="46.516330604918544" lon="7.803848140260367">
      <ele>2329.4</ele></trkpt>
      <trkpt lat="46.51632099825656" lon="7.803878710883658">
      <ele>2329.3</ele></trkpt>
      <trkpt lat="46.516315299080105" lon="7.803902636078048">
      <ele>2329.3</ele></trkpt>
      <trkpt lat="46.5163083412976" lon="7.803917913371606">
      <ele>2329.3</ele></trkpt>
      <trkpt lat="46.516298337038336" lon="7.803937835140458">
      <ele>2329.3</ele></trkpt>
      <trkpt lat="46.51627968468751" lon="7.803964357315899">
      <ele>2329.3</ele></trkpt>
      <trkpt lat="46.51625927052878" lon="7.803998855455867">
      <ele>2329.3</ele></trkpt>
      <trkpt lat="46.51624238592141" lon="7.80401274966793">
      <ele>2329.2</ele></trkpt>
      <trkpt lat="46.51622074695982" lon="7.804025282669291">
      <ele>2329.2</ele></trkpt>
      <trkpt lat="46.51619994421003" lon="7.804049131998521">
      <ele>2329.2</ele></trkpt>
      <trkpt lat="46.51616304683489" lon="7.804104172610904">
      <ele>2329.2</ele></trkpt>
      <trkpt lat="46.51614217512847" lon="7.804146668414528">
      <ele>2329.2</ele></trkpt>
      <trkpt lat="46.51612311448865" lon="7.804165864411524">
      <ele>2329.2</ele></trkpt>
      <trkpt lat="46.516097013803915" lon="7.804220313152509">
      <ele>2329.2</ele></trkpt>
      <trkpt lat="46.51608049203825" lon="7.804252843645906">
      <ele>2329.1</ele></trkpt>
      <trkpt lat="46.51606178351472" lon="7.804294011762729">
      <ele>2329.1</ele></trkpt>
      <trkpt lat="46.51604311135592" lon="7.804323869431106">
      <ele>2329.1</ele></trkpt>
      <trkpt lat="46.51603053390677" lon="7.804341102361777">
      <ele>2329.1</ele></trkpt>
      <trkpt lat="46.516021399555136" lon="7.804359036123491">
      <ele>2329.0</ele></trkpt>
      <trkpt lat="46.51601170453085" lon="7.804414233933962">
      <ele>2328.9</ele></trkpt>
      <trkpt lat="46.516002967699876" lon="7.804442816452048">
      <ele>2328.8</ele></trkpt>
      <trkpt lat="46.51598686054788" lon="7.804480666149705">
      <ele>2328.7</ele></trkpt>
      <trkpt lat="46.51597637299626" lon="7.80451656007749">
      <ele>2328.6</ele></trkpt>
      <trkpt lat="46.515977538978035" lon="7.804551177504213">
      <ele>2328.5</ele></trkpt>
      <trkpt lat="46.51597737096746" lon="7.804597787201461">
      <ele>2328.4</ele></trkpt>
      <trkpt lat="46.51597207985042" lon="7.804629038181537">
      <ele>2328.3</ele></trkpt>
      <trkpt lat="46.51596025402465" lon="7.804678240406286">
      <ele>2328.2</ele></trkpt>
      <trkpt lat="46.51595095192974" lon="7.804714728669968">
      <ele>2328.1</ele></trkpt>
      <trkpt lat="46.51593679096081" lon="7.804718060059593">
      <ele>2327.9</ele></trkpt>
      <trkpt lat="46.515919960323004" lon="7.804717959367516">
      <ele>2327.8</ele></trkpt>
      <trkpt lat="46.51590481564622" lon="7.804727864604816">
      <ele>2327.7</ele></trkpt>
      <trkpt lat="46.515891780194295" lon="7.80475042385324">
      <ele>2327.6</ele></trkpt>
      <trkpt lat="46.515875303738426" lon="7.8047716307074335">
      <ele>2327.5</ele></trkpt>
      <trkpt lat="46.515846296451805" lon="7.804792778923481">
      <ele>2327.4</ele></trkpt>
      <trkpt lat="46.51579481527723" lon="7.804823118208102">
      <ele>2327.3</ele></trkpt>
      <trkpt lat="46.51577146882817" lon="7.80483230339406">
      <ele>2327.2</ele></trkpt>
      <trkpt lat="46.515753727013426" lon="7.804844184707538">
      <ele>2327.1</ele></trkpt>
      <trkpt lat="46.515737697308815" lon="7.804860742557937">
      <ele>2327.0</ele></trkpt>
      <trkpt lat="46.51572199563763" lon="7.804903924221431">
      <ele>2327.2</ele></trkpt>
      <trkpt lat="46.5157046143895" lon="7.804935119346291">
      <ele>2327.3</ele></trkpt>
      <trkpt lat="46.515686851110566" lon="7.8049536591211215">
      <ele>2327.5</ele></trkpt>
      <trkpt lat="46.51566255054978" lon="7.804988143264239">
      <ele>2327.7</ele></trkpt>
      <trkpt lat="46.51564082569382" lon="7.805027296727534">
      <ele>2327.8</ele></trkpt>
      <trkpt lat="46.515629128840075" lon="7.805039218829385">
      <ele>2328.0</ele></trkpt>
      <trkpt lat="46.515609251682434" lon="7.805043762396052">
      <ele>2328.2</ele></trkpt>
      <trkpt lat="46.515591060884965" lon="7.8050609700888565">
      <ele>2328.4</ele></trkpt>
      <trkpt lat="46.515570255347704" lon="7.805082825042867">
      <ele>2328.5</ele></trkpt>
      <trkpt lat="46.51554901626509" lon="7.805108012881863">
      <ele>2328.7</ele></trkpt>
      <trkpt lat="46.51553255863694" lon="7.805120567303542">
      <ele>2328.9</ele></trkpt>
      <trkpt lat="46.515501807393655" lon="7.805149691154489">
      <ele>2329.0</ele></trkpt>
      <trkpt lat="46.515474950430544" lon="7.805173498778881">
      <ele>2329.2</ele></trkpt>
      <trkpt lat="46.51544810027333" lon="7.805197984015775">
      <ele>2329.4</ele></trkpt>
      <trkpt lat="46.515423003044866" lon="7.805214480317665">
      <ele>2329.6</ele></trkpt>
      <trkpt lat="46.515402629262375" lon="7.805236338066556">
      <ele>2329.7</ele></trkpt>
      <trkpt lat="46.51538784724313" lon="7.80526487922483">
      <ele>2329.9</ele></trkpt>
      <trkpt lat="46.51537914281001" lon="7.805286138321618">
      <ele>2330.1</ele></trkpt>
      <trkpt lat="46.51537006025205" lon="7.805290754828061">
      <ele>2330.2</ele></trkpt>
      <trkpt lat="46.515344982340956" lon="7.805301257139432">
      <ele>2330.4</ele></trkpt>
      <trkpt lat="46.51533069260881" lon="7.805313826127242">
      <ele>2330.4</ele></trkpt>
      <trkpt lat="46.51531983310933" lon="7.805331083260324">
      <ele>2330.4</ele></trkpt>
      <trkpt lat="46.51530635717904" lon="7.805356297370452">
      <ele>2330.4</ele></trkpt>
      <trkpt lat="46.515294163692296" lon="7.805385520525159">
      <ele>2330.3</ele></trkpt>
      <trkpt lat="46.51527985461479" lon="7.805404083395465">
      <ele>2330.3</ele></trkpt>
      <trkpt lat="46.51524786377121" lon="7.805415894013929">
      <ele>2330.3</ele></trkpt>
      <trkpt lat="46.515214176307474" lon="7.805421021505136">
      <ele>2330.3</ele></trkpt>
      <trkpt lat="46.51519170195422" lon="7.805427554013985">
      <ele>2330.3</ele></trkpt>
      <trkpt lat="46.515154503925174" lon="7.805447317047491">
      <ele>2330.3</ele></trkpt>
      <trkpt lat="46.51512808721848" lon="7.805468482161178">
      <ele>2330.2</ele></trkpt>
      <trkpt lat="46.515108542604466" lon="7.805500991226085">
      <ele>2330.2</ele></trkpt>
      <trkpt lat="46.51509509922123" lon="7.805518895309382">
      <ele>2330.2</ele></trkpt>
      <trkpt lat="46.51507564953948" lon="7.805524770659989">
      <ele>2330.2</ele></trkpt>
      <trkpt lat="46.51504455059042" lon="7.805530593181116">
      <ele>2330.2</ele></trkpt>
      <trkpt lat="46.51500136340548" lon="7.805533011065391">
      <ele>2330.2</ele></trkpt>
      <trkpt lat="46.51496253526979" lon="7.8055254771309945">
      <ele>2330.2</ele></trkpt>
      <trkpt lat="46.51494142328629" lon="7.805514036761794">
      <ele>2330.1</ele></trkpt>
      <trkpt lat="46.514928074843084" lon="7.805505307182827">
      <ele>2330.1</ele></trkpt>
      <trkpt lat="46.51491730811005" lon="7.805496595089214">
      <ele>2330.1</ele></trkpt>
      <trkpt lat="46.514908711480096" lon="7.805487220109473">
      <ele>2330.1</ele></trkpt>
      <trkpt lat="46.51489794474567" lon="7.805478508022633">
      <ele>2330.5</ele></trkpt>
      <trkpt lat="46.514887163377836" lon="7.80547711894941">
      <ele>2330.9</ele></trkpt>
      <trkpt lat="46.514874207659894" lon="7.8054777088121785">
      <ele>2331.4</ele></trkpt>
      <trkpt lat="46.514854770845595" lon="7.805479596927374">
      <ele>2331.8</ele></trkpt>
      <trkpt lat="46.51485425519254" lon="7.805491646588944">
      <ele>2332.2</ele></trkpt>
      <trkpt lat="46.514851647833865" lon="7.8054995774997655">
      <ele>2332.6</ele></trkpt>
      <trkpt lat="46.514846875077474" lon="7.805509500434082">
      <ele>2333.0</ele></trkpt>
      <trkpt lat="46.51482441074461" lon="7.805535226750929">
      <ele>2333.5</ele></trkpt>
      <trkpt lat="46.514799802913615" lon="7.805558944875453">
      <ele>2333.9</ele></trkpt>
      <trkpt lat="46.514779911742984" lon="7.805587333751715">
      <ele>2334.3</ele></trkpt>
      <trkpt lat="46.5147690072192" lon="7.805629673899217">
      <ele>2334.7</ele></trkpt>
      <trkpt lat="46.514764124965275" lon="7.805670725724432">
      <ele>2335.1</ele></trkpt>
      <trkpt lat="46.51476356437621" lon="7.805707832545774">
      <ele>2335.6</ele></trkpt>
      <trkpt lat="46.51478538216701" lon="7.8057430582502105">
      <ele>2336.0</ele></trkpt>
      <trkpt lat="46.51479951469002" lon="7.80575968961377">
      <ele>2336.4</ele></trkpt>
      <trkpt lat="46.514827911489085" lon="7.805760507490447">
      <ele>2336.8</ele></trkpt>
      <trkpt lat="46.514872122594454" lon="7.805789226454733">
      <ele>2337.2</ele></trkpt>
      <trkpt lat="46.51489699070943" lon="7.80581584677989">
      <ele>2337.7</ele></trkpt>
      <trkpt lat="46.51489950564428" lon="7.805833754627104">
      <ele>2338.1</ele></trkpt>
      <trkpt lat="46.5148960047279" lon="7.8058509571496195">
      <ele>2338.5</ele></trkpt>
      <trkpt lat="46.51488812598777" lon="7.805886698379957">
      <ele>2339.2</ele></trkpt>
      <trkpt lat="46.51488749428352" lon="7.80594301167674">
      <ele>2339.9</ele></trkpt>
      <trkpt lat="46.51488567082439" lon="7.80597281296962">
      <ele>2340.7</ele></trkpt>
      <trkpt lat="46.51489075245672" lon="7.805995377061704">
      <ele>2341.4</ele></trkpt>
      <trkpt lat="46.5148987423271" lon="7.806047748479248">
      <ele>2342.1</ele></trkpt>
      <trkpt lat="46.51489240349159" lon="7.8061358434253805">
      <ele>2342.8</ele></trkpt>
      <trkpt lat="46.514884015789754" lon="7.806195426871137">
      <ele>2343.6</ele></trkpt>
      <trkpt lat="46.51487349523612" lon="7.806249705468011">
      <ele>2344.3</ele></trkpt>
      <trkpt lat="46.5148587630588" lon="7.806279445211185">
      <ele>2345.0</ele></trkpt>
      <trkpt lat="46.514844930891954" lon="7.806297919720452">
      <ele>2345.8</ele></trkpt>
      <trkpt lat="46.514835590511844" lon="7.806321050505975">
      <ele>2346.5</ele></trkpt>
      <trkpt lat="46.51482213288894" lon="7.806332191407394">
      <ele>2347.2</ele></trkpt>
      <trkpt lat="46.51481376419375" lon="7.806344148666115">
      <ele>2347.9</ele></trkpt>
      <trkpt lat="46.51479934759841" lon="7.806368091954678">
      <ele>2348.7</ele></trkpt>
      <trkpt lat="46.514787256643906" lon="7.806390565548302">
      <ele>2349.4</ele></trkpt>
      <trkpt lat="46.51477554975369" lon="7.806441695626767">
      <ele>2350.1</ele></trkpt>
      <trkpt lat="46.51477542225106" lon="7.806492226719865">
      <ele>2350.8</ele></trkpt>
      <trkpt lat="46.51477652073111" lon="7.806603110002397">
      <ele>2351.6</ele></trkpt>
      <trkpt lat="46.51478284462616" lon="7.806664278648345">
      <ele>2352.3</ele></trkpt>
      <trkpt lat="46.51479283714236" lon="7.806739831757517">
      <ele>2353.0</ele></trkpt>
      <trkpt lat="46.5147899177435" lon="7.806794096657301">
      <ele>2354.0</ele></trkpt>
      <trkpt lat="46.51479029037942" lon="7.806831809228409">
      <ele>2355.1</ele></trkpt>
      <trkpt lat="46.51479572749196" lon="7.806877882660698">
      <ele>2356.1</ele></trkpt>
      <trkpt lat="46.51480388468539" lon="7.806945122971167">
      <ele>2357.2</ele></trkpt>
      <trkpt lat="46.514800098131346" lon="7.8069782466286455">
      <ele>2358.2</ele></trkpt>
      <trkpt lat="46.51480187137943" lon="7.807008450176762">
      <ele>2359.2</ele></trkpt>
      <trkpt lat="46.51481642139748" lon="7.8071127143418515">
      <ele>2360.3</ele></trkpt>
      <trkpt lat="46.51447001340939" lon="7.8076622977919605">
      <ele>2361.3</ele></trkpt>
      <trkpt lat="46.5141989518199" lon="7.807878741477688">
      <ele>2362.4</ele></trkpt>
      <trkpt lat="46.51390016272139" lon="7.808022311169149">
      <ele>2363.4</ele></trkpt>
      <trkpt lat="46.5136695392788" lon="7.808063998979364">
      <ele>2364.4</ele></trkpt>
      <trkpt lat="46.513463259591084" lon="7.808041587969354">
      <ele>2365.5</ele></trkpt>
      <trkpt lat="46.51334740835945" lon="7.808040211753188">
      <ele>2366.5</ele></trkpt>
      <trkpt lat="46.513239374102405" lon="7.808094292606942">
      <ele>2367.6</ele></trkpt>
      <trkpt lat="46.51312542563812" lon="7.808180047984446">
      <ele>2368.6</ele></trkpt>
      <trkpt lat="46.513078175729895" lon="7.808297634285426">
      <ele>2369.6</ele></trkpt>
      <trkpt lat="46.51310883582044" lon="7.808603762231712">
      <ele>2370.7</ele></trkpt>
      <trkpt lat="46.513138286184585" lon="7.808775594820265">
      <ele>2371.7</ele></trkpt>
      <trkpt lat="46.513211374227424" lon="7.808801098769105">
      <ele>2372.8</ele></trkpt>
      <trkpt lat="46.513237340912255" lon="7.808907275622257">
      <ele>2373.8</ele></trkpt>
      <trkpt lat="46.51327832624442" lon="7.808945668634132">
      <ele>2375.3</ele></trkpt>
      <trkpt lat="46.51331087632083" lon="7.809049493163972">
      <ele>2376.8</ele></trkpt>
      <trkpt lat="46.51334992622818" lon="7.809097009016906">
      <ele>2378.2</ele></trkpt>
      <trkpt lat="46.513379636004146" lon="7.809141668969643">
      <ele>2379.7</ele></trkpt>
      <trkpt lat="46.51334219884322" lon="7.809275987578902">
      <ele>2381.2</ele></trkpt>
      <trkpt lat="46.51333429196286" lon="7.809433128291084">
      <ele>2382.7</ele></trkpt>
      <trkpt lat="46.51341022947423" lon="7.809550254264601">
      <ele>2384.2</ele></trkpt>
      <trkpt lat="46.51341124769196" lon="7.8095800610547474">
      <ele>2385.6</ele></trkpt>
      <trkpt lat="46.513390757140584" lon="7.809615375636525">
      <ele>2387.1</ele></trkpt>
      <trkpt lat="46.513413076169705" lon="7.809623437720036">
      <ele>2388.6</ele></trkpt>
      <trkpt lat="46.51343072753722" lon="7.809639429238356">
      <ele>2390.1</ele></trkpt>
      <trkpt lat="46.5134437262929" lon="7.80965873764303">
      <ele>2391.6</ele></trkpt>
      <trkpt lat="46.513452081515645" lon="7.809681336933325">
      <ele>2393.0</ele></trkpt>
      <trkpt lat="46.51346006627582" lon="7.809690656018085">
      <ele>2394.5</ele></trkpt>
      <trkpt lat="46.51347820102387" lon="7.809688082979019">
      <ele>2396.0</ele></trkpt>
      <trkpt lat="46.5134882950697" lon="7.809696087443405">
      <ele>2397.5</ele></trkpt>
      <trkpt lat="46.5134911521386" lon="7.8097219848104045">
      <ele>2399.0</ele></trkpt>
      <trkpt lat="46.51349952465938" lon="7.809739280992821">
      <ele>2400.4</ele></trkpt>
      <trkpt lat="46.513510889279736" lon="7.8097466166065725">
      <ele>2401.9</ele></trkpt>
      <trkpt lat="46.513523530220176" lon="7.809746012593138">
      <ele>2403.4</ele></trkpt>
      <trkpt lat="46.51353490347437" lon="7.809750703156002">
      <ele>2404.0</ele></trkpt>
      <trkpt lat="46.51354575608757" lon="7.809782610084095">
      <ele>2404.7</ele></trkpt>
      <trkpt lat="46.51354688111926" lon="7.80982376692371">
      <ele>2405.3</ele></trkpt>
      <trkpt lat="46.51355009376802" lon="7.809870241329664">
      <ele>2405.9</ele></trkpt>
      <trkpt lat="46.51356301014891" lon="7.8099147625665655">
      <ele>2406.5</ele></trkpt>
      <trkpt lat="46.51358646281931" lon="7.8099613235837815">
      <ele>2407.2</ele></trkpt>
      <trkpt lat="46.51359480712901" lon="7.809987245590643">
      <ele>2407.8</ele></trkpt>
      <trkpt lat="46.51358801057509" lon="7.81000248335587">
      <ele>2408.4</ele></trkpt>
      <trkpt lat="46.51358797154495" lon="7.810014431721707">
      <ele>2409.0</ele></trkpt>
      <trkpt lat="46.51361064798227" lon="7.810039748354312">
      <ele>2409.7</ele></trkpt>
      <trkpt lat="46.51361652306841" lon="7.810047737013272">
      <ele>2410.3</ele></trkpt>
      <trkpt lat="46.51361521783818" lon="7.810059012168103">
      <ele>2410.9</ele></trkpt>
      <trkpt lat="46.51360420699309" lon="7.810075563143515">
      <ele>2411.5</ele></trkpt>
      <trkpt lat="46.51360204528406" lon="7.810090168138757">
      <ele>2412.2</ele></trkpt>
      <trkpt lat="46.51360999283135" lon="7.810108113007225">
      <ele>2412.8</ele></trkpt>
      <trkpt lat="46.513617123250974" lon="7.810120097503707">
      <ele>2413.4</ele></trkpt>
      <trkpt lat="46.51363058379954" lon="7.8101274475840325">
      <ele>2414.0</ele></trkpt>
      <trkpt lat="46.51364233830191" lon="7.810142095883192">
      <ele>2414.7</ele></trkpt>
      <trkpt lat="46.51365111187407" lon="7.810166027275561">
      <ele>2415.3</ele></trkpt>
      <trkpt lat="46.51366019076907" lon="7.810223148566717">
      <ele>2415.9</ele></trkpt>
      <trkpt lat="46.51366090832201" lon="7.810262322125423">
      <ele>2416.8</ele></trkpt>
      <trkpt lat="46.5136718194017" lon="7.810276300139118">
      <ele>2417.8</ele></trkpt>
      <trkpt lat="46.51367892129942" lon="7.810294252287617">
      <ele>2418.7</ele></trkpt>
      <trkpt lat="46.51367967571898" lon="7.810322141998095">
      <ele>2419.6</ele></trkpt>
      <trkpt lat="46.51368675158007" lon="7.810348055403507">
      <ele>2420.6</ele></trkpt>
      <trkpt lat="46.51370603507262" lon="7.810379329788341">
      <ele>2421.5</ele></trkpt>
      <trkpt lat="46.513714387979036" lon="7.8104025938227135">
      <ele>2422.4</ele></trkpt>
      <trkpt lat="46.51370792296992" lon="7.810445718395144">
      <ele>2423.3</ele></trkpt>
      <trkpt lat="46.513712052581155" lon="7.810470295564179">
      <ele>2424.3</ele></trkpt>
      <trkpt lat="46.51370521253449" lon="7.810498810739919">
      <ele>2425.2</ele></trkpt>
      <trkpt lat="46.51370164562722" lon="7.810555219891864">
      <ele>2426.1</ele></trkpt>
      <trkpt lat="46.513704491971886" lon="7.810587085148431">
      <ele>2427.1</ele></trkpt>
      <trkpt lat="46.513708584632695" lon="7.810622946195232">
      <ele>2428.0</ele></trkpt>
      <trkpt lat="46.51371435104108" lon="7.8106641350473955">
      <ele>2428.9</ele></trkpt>
      <trkpt lat="46.51374080829939" lon="7.810694103685258">
      <ele>2429.8</ele></trkpt>
      <trkpt lat="46.51374409227937" lon="7.810718675081249">
      <ele>2430.8</ele></trkpt>
      <trkpt lat="46.51375498837388" lon="7.810739963034034">
      <ele>2431.7</ele></trkpt>
      <trkpt lat="46.51378025759603" lon="7.810745374710105">
      <ele>2432.6</ele></trkpt>
      <trkpt lat="46.513807170206306" lon="7.810765391488273">
      <ele>2433.6</ele></trkpt>
      <trkpt lat="46.513834102347474" lon="7.8107794405914985">
      <ele>2434.5</ele></trkpt>
      <trkpt lat="46.51385492173132" lon="7.810786672017986">
      <ele>2435.5</ele></trkpt>
      <trkpt lat="46.51384144886966" lon="7.810802332984825">
      <ele>2436.5</ele></trkpt>
      <trkpt lat="46.51382225448762" lon="7.810837304475951">
      <ele>2437.6</ele></trkpt>
      <trkpt lat="46.51379552336966" lon="7.810844287446518">
      <ele>2438.6</ele></trkpt>
      <trkpt lat="46.51372706691128" lon="7.810833028192552">
      <ele>2439.6</ele></trkpt>
      <trkpt lat="46.51368178362156" lon="7.810832691059904">
      <ele>2440.6</ele></trkpt>
      <trkpt lat="46.51362730853796" lon="7.81081256314635">
      <ele>2441.6</ele></trkpt>
      <trkpt lat="46.513541587573904" lon="7.810768857642283">
      <ele>2442.7</ele></trkpt>
      <trkpt lat="46.513466283639005" lon="7.8107306443390945">
      <ele>2443.7</ele></trkpt>
      <trkpt lat="46.51341883877225" lon="7.81069262244614">
      <ele>2444.7</ele></trkpt>
      <trkpt lat="46.5133703042895" lon="7.810638448866006">
      <ele>2445.7</ele></trkpt>
      <trkpt lat="46.513291769876936" lon="7.810542790196834">
      <ele>2446.7</ele></trkpt>
      <trkpt lat="46.513234022839114" lon="7.81047238336042">
      <ele>2447.8</ele></trkpt>
      <trkpt lat="46.51312765855897" lon="7.810367556546846">
      <ele>2448.8</ele></trkpt>
      <trkpt lat="46.51308828956651" lon="7.810343949687771">
      <ele>2449.8</ele></trkpt>
      <trkpt lat="46.513052431180014" lon="7.810311389271395">
      <ele>2450.8</ele></trkpt>
      <trkpt lat="46.51296449503733" lon="7.81024078897309">
      <ele>2451.8</ele></trkpt>
      <trkpt lat="46.51291580711913" lon="7.810222486717001">
      <ele>2452.9</ele></trkpt>
      <trkpt lat="46.512839319200395" lon="7.810191419942011">
      <ele>2453.9</ele></trkpt>
      <trkpt lat="46.512781297866674" lon="7.810185614634583">
      <ele>2454.9</ele></trkpt>
      </trkseg>
  </trk>
</gpx>