<?xml version='1.0' encoding='utf-8'?>
<gpx xmlns="http://www.topografix.com/GPX/1/1" xmlns:xsi="http://www.w3.org/2001/XMLSchema-instance" xsi:schemaLocation="http://www.topografix.com/GPX/1/1 http://www.topografix.com/GPX/1/1/gpx.xsd" version="1.1" creator="gpx.py -- https://github.com/tkrajina/gpxpy">
  <trk>
    <name>rigi-kulm</name>
    <trkseg>
      <trkpt lat="47.056718145858476" lon="8.486108164807943">
      <ele>1791.9</ele></trkpt>
      <trkpt lat="47.056761490997914" lon="8.486115698297946">
      <ele>1791.5</ele></trkpt>
      <trkpt lat="47.05678314680546" lon="8.486129192297277">
      <ele>1791.2</ele></trkpt>
      <trkpt lat="47.056788572511365" lon="8.486126099624116">
      <ele>1790.8</ele></trkpt>
      <trkpt lat="47.05679139834996" lon="8.486128932246366">
      <ele>1790.4</ele></trkpt>
      <trkpt lat="47.05679122316321" lon="8.486139261908788">
      <ele>1790.1</ele></trkpt>
      <trkpt lat="47.05679348968381" lon="8.486154101576865">
      <ele>1789.7</ele></trkpt>
      <trkpt lat="47.05679948996657" lon="8.486172831495745">
      <ele>1789.3</ele></trkpt>
      <trkpt lat="47.05680140578832" lon="8.486191600104323">
      <ele>1788.9</ele></trkpt>
      <trkpt lat="47.05679858331186" lon="8.486212066348564">
      <ele>1788.6</ele></trkpt>
      <trkpt lat="47.056794547133066" lon="8.486228507279918">
      <ele>1788.2</ele></trkpt>
      <trkpt lat="47.056795739601654" lon="8.486232887581515">
      <ele>1787.8</ele></trkpt>
      <trkpt lat="47.05680077609558" lon="8.48623597400373">
      <ele>1787.5</ele></trkpt>
      <trkpt lat="47.05683103977736" lon="8.486232826837572">
      <ele>1787.1</ele></trkpt>
      <trkpt lat="47.056860210176936" lon="8.48622428773344">
      <ele>1786.7</ele></trkpt>
      <trkpt lat="47.056868819952314" lon="8.486210397636055">
      <ele>1786.3</ele></trkpt>
      <trkpt lat="47.05687267211205" lon="8.486199336828665">
      <ele>1786.0</ele></trkpt>
      <trkpt lat="47.056877568971416" lon="8.486195049140528">
      <ele>1785.6</ele></trkpt>
      <trkpt lat="47.05688044478159" lon="8.486201278849386">
      <ele>1785.2</ele></trkpt>
      <trkpt lat="47.05687983971539" lon="8.486218300193618">
      <ele>1784.9</ele></trkpt>
      <trkpt lat="47.056873007003155" lon="8.486273070368737">
      <ele>1784.5</ele></trkpt>
      <trkpt lat="47.05686217974111" lon="8.486307175276117">
      <ele>1783.8</ele></trkpt>
      <trkpt lat="47.05686016396449" lon="8.486317113588822">
      <ele>1783.2</ele></trkpt>
      <trkpt lat="47.05686096928457" lon="8.486324487540111">
      <ele>1782.5</ele></trkpt>
      <trkpt lat="47.05686470123113" lon="8.486329562456278">
      <ele>1781.8</ele></trkpt>
      <trkpt lat="47.056880704782344" lon="8.48632364891287">
      <ele>1781.2</ele></trkpt>
      <trkpt lat="47.05692339559969" lon="8.486277674583135">
      <ele>1780.5</ele></trkpt>
      <trkpt lat="47.056951227941795" lon="8.486231409933307">
      <ele>1779.8</ele></trkpt>
      <trkpt lat="47.0569652423559" lon="8.486175318838232">
      <ele>1779.1</ele></trkpt>
      <trkpt lat="47.056978701101414" lon="8.486135763016685">
      <ele>1778.5</ele></trkpt>
      <trkpt lat="47.056989771424064" lon="8.486111495669297">
      <ele>1777.8</ele></trkpt>
      <trkpt lat="47.05700830274523" lon="8.486087834748643">
      <ele>1777.1</ele></trkpt>
      <trkpt lat="47.0570334391684" lon="8.486078729709511">
      <ele>1776.5</ele></trkpt>
      <trkpt lat="47.057054516492514" lon="8.486076745669333">
      <ele>1775.8</ele></trkpt>
      <trkpt lat="47.05708008048021" lon="8.486063173467903">
      <ele>1775.1</ele></trkpt>
      <trkpt lat="47.05709032097721" lon="8.486046050654313">
      <ele>1774.4</ele></trkpt>
      <trkpt lat="47.05707794893042" lon="8.486012821953409">
      <ele>1773.8</ele></trkpt>
      <trkpt lat="47.05702419282935" lon="8.485957263193779">
      <ele>1773.1</ele></trkpt>
      <trkpt lat="47.05698722891535" lon="8.485917815154805">
      <ele>1772.4</ele></trkpt>
      <trkpt lat="47.05696075166935" lon="8.485892445967886">
      <ele>1771.8</ele></trkpt>
      <trkpt lat="47.056961082383474" lon="8.4858808424786">
      <ele>1771.1</ele></trkpt>
      <trkpt lat="47.05696638146503" lon="8.485874864555235">
      <ele>1770.6</ele></trkpt>
      <trkpt lat="47.05697919593867" lon="8.485877339371966">
      <ele>1770.1</ele></trkpt>
      <trkpt lat="47.05698765707345" lon="8.485881716824847">
      <ele>1769.6</ele></trkpt>
      <trkpt lat="47.0569817238822" lon="8.485865489193893">
      <ele>1769.1</ele></trkpt>
      <trkpt lat="47.056974364419446" lon="8.48585276145582">
      <ele>1768.5</ele></trkpt>
      <trkpt lat="47.05696289091614" lon="8.485834438003845">
      <ele>1768.0</ele></trkpt>
      <trkpt lat="47.05696282009056" lon="8.485827407468882">
      <ele>1767.5</ele></trkpt>
      <trkpt lat="47.056966740738844" lon="8.485826588927662">
      <ele>1767.0</ele></trkpt>
      <trkpt lat="47.056971087290236" lon="8.485817538534556">
      <ele>1766.5</ele></trkpt>
      <trkpt lat="47.05697369192787" lon="8.485795304081586">
      <ele>1766.0</ele></trkpt>
      <trkpt lat="47.056984642986244" lon="8.485769309958245">
      <ele>1765.5</ele></trkpt>
      <trkpt lat="47.056990429032965" lon="8.485730644109433">
      <ele>1765.0</ele></trkpt>
      <trkpt lat="47.05699477315636" lon="8.485705086987487">
      <ele>1764.5</ele></trkpt>
      <trkpt lat="47.05699451456408" lon="8.485691023626671">
      <ele>1764.0</ele></trkpt>
      <trkpt lat="47.0569931992446" lon="8.485670515986717">
      <ele>1763.5</ele></trkpt>
      <trkpt lat="47.056994747510934" lon="8.48565955493136">
      <ele>1762.9</ele></trkpt>
      <trkpt lat="47.05700135404675" lon="8.485641400208099">
      <ele>1762.4</ele></trkpt>
      <trkpt lat="47.05700691632009" lon="8.485617406951917">
      <ele>1761.9</ele></trkpt>
      <trkpt lat="47.05701130342105" lon="8.485601933676936">
      <ele>1761.4</ele></trkpt>
      <trkpt lat="47.057018688312915" lon="8.485595101341552">
      <ele>1760.9</ele></trkpt>
      <trkpt lat="47.05702842391494" lon="8.485567240577518">
      <ele>1760.5</ele></trkpt>
      <trkpt lat="47.0570317989098" lon="8.485540427163441">
      <ele>1760.1</ele></trkpt>
      <trkpt lat="47.057039213797324" lon="8.485529317354743">
      <ele>1759.7</ele></trkpt>
      <trkpt lat="47.05704777049107" lon="8.485513346275148">
      <ele>1759.3</ele></trkpt>
      <trkpt lat="47.057056678553224" lon="8.485498303475335">
      <ele>1758.9</ele></trkpt>
      <trkpt lat="47.057076288338635" lon="8.485473755104323">
      <ele>1758.4</ele></trkpt>
      <trkpt lat="47.057095246374544" lon="8.485438795035902">
      <ele>1758.0</ele></trkpt>
      <trkpt lat="47.057105921037106" lon="8.48541646793146">
      <ele>1757.6</ele></trkpt>
      <trkpt lat="47.057106748547966" lon="8.485403649924317">
      <ele>1757.2</ele></trkpt>
      <trkpt lat="47.05710729758082" lon="8.485395723206729">
      <ele>1756.8</ele></trkpt>
      <trkpt lat="47.057110805844985" lon="8.485383892112932">
      <ele>1756.4</ele></trkpt>
      <trkpt lat="47.057117141491496" lon="8.485385582200236">
      <ele>1756.0</ele></trkpt>
      <trkpt lat="47.057138139946034" lon="8.485405078766044">
      <ele>1755.6</ele></trkpt>
      <trkpt lat="47.05715849186707" lon="8.485395827346007">
      <ele>1755.2</ele></trkpt>
      <trkpt lat="47.0571830259936" lon="8.485382721734588">
      <ele>1754.8</ele></trkpt>
      <trkpt lat="47.05718581323423" lon="8.485385843176509">
      <ele>1754.3</ele></trkpt>
      <trkpt lat="47.05718522364765" lon="8.485400192784875">
      <ele>1753.9</ele></trkpt>
      <trkpt lat="47.05718238608661" lon="8.48541936892068">
      <ele>1753.5</ele></trkpt>
      <trkpt lat="47.05717713904061" lon="8.48543543098379">
      <ele>1753.1</ele></trkpt>
      <trkpt lat="47.05716563685764" lon="8.48547057613472">
      <ele>1752.7</ele></trkpt>
      <trkpt lat="47.057162479955316" lon="8.485483335521625">
      <ele>1751.7</ele></trkpt>
      <trkpt lat="47.05716278596362" lon="8.485492200365123">
      <ele>1750.7</ele></trkpt>
      <trkpt lat="47.057164161311874" lon="8.48550415312116">
      <ele>1749.7</ele></trkpt>
      <trkpt lat="47.057161750330664" lon="8.485516005638997">
      <ele>1748.8</ele></trkpt>
      <trkpt lat="47.05716339911531" lon="8.485524607103358">
      <ele>1747.8</ele></trkpt>
      <trkpt lat="47.0571723721926" lon="8.485534009709772">
      <ele>1746.8</ele></trkpt>
      <trkpt lat="47.05717935188886" lon="8.485547941056565">
      <ele>1745.8</ele></trkpt>
      <trkpt lat="47.0571890485725" lon="8.485558884734004">
      <ele>1744.8</ele></trkpt>
      <trkpt lat="47.05720194536973" lon="8.485550356603682">
      <ele>1743.8</ele></trkpt>
      <trkpt lat="47.05723265246506" lon="8.485529157674698">
      <ele>1742.8</ele></trkpt>
      <trkpt lat="47.05725362092625" lon="8.485518391380527">
      <ele>1741.9</ele></trkpt>
      <trkpt lat="47.05728188722544" lon="8.48549652609297">
      <ele>1740.9</ele></trkpt>
      <trkpt lat="47.05729170480813" lon="8.485474471784046">
      <ele>1739.9</ele></trkpt>
      <trkpt lat="47.057301608980424" lon="8.485449825989601">
      <ele>1738.9</ele></trkpt>
      <trkpt lat="47.05731285239177" lon="8.485441094419237">
      <ele>1737.9</ele></trkpt>
      <trkpt lat="47.0573213047512" lon="8.485421764567981">
      <ele>1736.9</ele></trkpt>
      <trkpt lat="47.057323506933464" lon="8.485372616324742">
      <ele>1736.0</ele></trkpt>
      <trkpt lat="47.05731533703942" lon="8.485337271384976">
      <ele>1735.0</ele></trkpt>
      <trkpt lat="47.057302275354" lon="8.485302699760679">
      <ele>1734.0</ele></trkpt>
      <trkpt lat="47.05729803636483" lon="8.485281200360694">
      <ele>1733.0</ele></trkpt>
      <trkpt lat="47.057288367756456" lon="8.485250393863275">
      <ele>1732.6</ele></trkpt>
      <trkpt lat="47.05728413439493" lon="8.485228275908732">
      <ele>1732.3</ele></trkpt>
      <trkpt lat="47.05728639771571" lon="8.485219790270543">
      <ele>1731.9</ele></trkpt>
      <trkpt lat="47.05729477816355" lon="8.485226114235909">
      <ele>1731.6</ele></trkpt>
      <trkpt lat="47.057308293953064" lon="8.485232577912331">
      <ele>1731.2</ele></trkpt>
      <trkpt lat="47.05731534004722" lon="8.485221460807194">
      <ele>1730.8</ele></trkpt>
      <trkpt lat="47.057322286007405" lon="8.48520849888408">
      <ele>1730.5</ele></trkpt>
      <trkpt lat="47.057331042896976" lon="8.485213000500238">
      <ele>1730.1</ele></trkpt>
      <trkpt lat="47.057346373688944" lon="8.485238454748382">
      <ele>1729.8</ele></trkpt>
      <trkpt lat="47.05736386055993" lon="8.485269163757751">
      <ele>1729.4</ele></trkpt>
      <trkpt lat="47.05737280366778" lon="8.485282843845509">
      <ele>1729.0</ele></trkpt>
      <trkpt lat="47.05738418960646" lon="8.48529597926527">
      <ele>1728.7</ele></trkpt>
      <trkpt lat="47.05740197724733" lon="8.485319349057173">
      <ele>1728.3</ele></trkpt>
      <trkpt lat="47.057407093156286" lon="8.485321620852472">
      <ele>1728.0</ele></trkpt>
      <trkpt lat="47.057407782017364" lon="8.485312169874371">
      <ele>1727.6</ele></trkpt>
      <trkpt lat="47.05740485869678" lon="8.485294368673294">
      <ele>1727.2</ele></trkpt>
      <trkpt lat="47.05740277027263" lon="8.485278729388327">
      <ele>1726.9</ele></trkpt>
      <trkpt lat="47.057405240933676" lon="8.485275131369198">
      <ele>1726.5</ele></trkpt>
      <trkpt lat="47.057413013247555" lon="8.485282049001064">
      <ele>1726.2</ele></trkpt>
      <trkpt lat="47.05742257276134" lon="8.485294227352318">
      <ele>1725.8</ele></trkpt>
      <trkpt lat="47.05742690823479" lon="8.48528638764899">
      <ele>1725.0</ele></trkpt>
      <trkpt lat="47.057425734837544" lon="8.485263131491326">
      <ele>1724.2</ele></trkpt>
      <trkpt lat="47.05741978213891" lon="8.485243112382149">
      <ele>1723.5</ele></trkpt>
      <trkpt lat="47.05741397071203" lon="8.485219436632809">
      <ele>1722.7</ele></trkpt>
      <trkpt lat="47.057411868364326" lon="8.485205324021116">
      <ele>1721.9</ele></trkpt>
      <trkpt lat="47.05741483646408" lon="8.485201432949323">
      <ele>1721.1</ele></trkpt>
      <trkpt lat="47.05742456592633" lon="8.485207796416491">
      <ele>1720.3</ele></trkpt>
      <trkpt lat="47.057429722381194" lon="8.485203645293575">
      <ele>1719.6</ele></trkpt>
      <trkpt lat="47.057425478454746" lon="8.48518367269926">
      <ele>1718.8</ele></trkpt>
      <trkpt lat="47.05742544033399" lon="8.485172061908832">
      <ele>1718.0</ele></trkpt>
      <trkpt lat="47.057431339711165" lon="8.48516733293075">
      <ele>1717.2</ele></trkpt>
      <trkpt lat="47.05744786952057" lon="8.485179673615031">
      <ele>1716.4</ele></trkpt>
      <trkpt lat="47.05746693895013" lon="8.485182823210948">
      <ele>1715.7</ele></trkpt>
      <trkpt lat="47.05746515441192" lon="8.485152591712238">
      <ele>1714.9</ele></trkpt>
      <trkpt lat="47.05747287901294" lon="8.485150925911919">
      <ele>1714.1</ele></trkpt>
      <trkpt lat="47.05747229177276" lon="8.485126522802988">
      <ele>1713.3</ele></trkpt>
      <trkpt lat="47.057486328272034" lon="8.48513408919323">
      <ele>1712.5</ele></trkpt>
      <trkpt lat="47.05749254520711" lon="8.485125114645378">
      <ele>1711.8</ele></trkpt>
      <trkpt lat="47.05748026487317" lon="8.485096600175405">
      <ele>1711.0</ele></trkpt>
      <trkpt lat="47.057527848035186" lon="8.485096133358102">
      <ele>1710.2</ele></trkpt>
      <trkpt lat="47.05753228566907" lon="8.48508892745767">
      <ele>1709.4</ele></trkpt>
      <trkpt lat="47.05753258452366" lon="8.485073900750196">
      <ele>1708.7</ele></trkpt>
      <trkpt lat="47.05754252541982" lon="8.485072857369595">
      <ele>1707.9</ele></trkpt>
      <trkpt lat="47.05756625864771" lon="8.485095316431178">
      <ele>1707.1</ele></trkpt>
      <trkpt lat="47.057578391966835" lon="8.485109361550133">
      <ele>1706.3</ele></trkpt>
      <trkpt lat="47.05759271928525" lon="8.485109693778348">
      <ele>1705.5</ele></trkpt>
      <trkpt lat="47.057617085947406" lon="8.485121871486731">
      <ele>1704.8</ele></trkpt>
      <trkpt lat="47.057635569909735" lon="8.485130038054464">
      <ele>1704.0</ele></trkpt>
      <trkpt lat="47.057649327926214" lon="8.48515829185666">
      <ele>1703.2</ele></trkpt>
      <trkpt lat="47.0576567589147" lon="8.485189831516504">
      <ele>1702.5</ele></trkpt>
      <trkpt lat="47.05766472898483" lon="8.485197753444211">
      <ele>1701.7</ele></trkpt>
      <trkpt lat="47.05767426737115" lon="8.485228044234898">
      <ele>1700.9</ele></trkpt>
      <trkpt lat="47.05768057058988" lon="8.48525698188697">
      <ele>1700.1</ele></trkpt>
      <trkpt lat="47.05768662224491" lon="8.48526614323591">
      <ele>1699.4</ele></trkpt>
      <trkpt lat="47.05771146886308" lon="8.485258229909899">
      <ele>1698.6</ele></trkpt>
      <trkpt lat="47.05770360475092" lon="8.485214992668196">
      <ele>1697.8</ele></trkpt>
      <trkpt lat="47.05770328472938" lon="8.48517804996084">
      <ele>1697.0</ele></trkpt>
      <trkpt lat="47.057708476072825" lon="8.485179941489196">
      <ele>1696.2</ele></trkpt>
      <trkpt lat="47.05771341940553" lon="8.485189304982848">
      <ele>1695.5</ele></trkpt>
      <trkpt lat="47.057717520661946" lon="8.485181500148157">
      <ele>1694.7</ele></trkpt>
      <trkpt lat="47.057713172539806" lon="8.485141372267167">
      <ele>1693.8</ele></trkpt>
      <trkpt lat="47.057705323728094" lon="8.4851073102211">
      <ele>1692.9</ele></trkpt>
      <trkpt lat="47.05770254104437" lon="8.485091841596567">
      <ele>1692.0</ele></trkpt>
      <trkpt lat="47.05770565700532" lon="8.485087518990968">
      <ele>1691.1</ele></trkpt>
      <trkpt lat="47.05771806278902" lon="8.485103254375206">
      <ele>1690.2</ele></trkpt>
      <trkpt lat="47.057727153908715" lon="8.485105630059742">
      <ele>1689.3</ele></trkpt>
      <trkpt lat="47.05771330809596" lon="8.485077137576203">
      <ele>1688.4</ele></trkpt>
      <trkpt lat="47.05770957717849" lon="8.485056148152532">
      <ele>1687.5</ele></trkpt>
      <trkpt lat="47.05773156265919" lon="8.485051245969277">
      <ele>1686.6</ele></trkpt>
      <trkpt lat="47.057760389380505" lon="8.485069552710401">
      <ele>1685.7</ele></trkpt>
      <trkpt lat="47.05775143353848" lon="8.485037522534922">
      <ele>1684.7</ele></trkpt>
      <trkpt lat="47.057769397759856" lon="8.48504744284846">
      <ele>1683.8</ele></trkpt>
      <trkpt lat="47.057796127868684" lon="8.485063839485928">
      <ele>1682.9</ele></trkpt>
      <trkpt lat="47.05780498370264" lon="8.485056495978915">
      <ele>1682.0</ele></trkpt>
      <trkpt lat="47.057811478014095" lon="8.48503682492668">
      <ele>1681.1</ele></trkpt>
      <trkpt lat="47.057805912744634" lon="8.48500192544091">
      <ele>1680.2</ele></trkpt>
      <trkpt lat="47.05779494876477" lon="8.484955310503201">
      <ele>1679.3</ele></trkpt>
      <trkpt lat="47.05778833908045" lon="8.484942228752203">
      <ele>1678.4</ele></trkpt>
      <trkpt lat="47.05777550791611" lon="8.484935659978024">
      <ele>1677.5</ele></trkpt>
      <trkpt lat="47.05777039810462" lon="8.484920869927612">
      <ele>1676.6</ele></trkpt>
      <trkpt lat="47.057787111395065" lon="8.484906163393267">
      <ele>1675.1</ele></trkpt>
      <trkpt lat="47.05785290234413" lon="8.484910606176756">
      <ele>1673.5</ele></trkpt>
      <trkpt lat="47.05789200577939" lon="8.484944330310803">
      <ele>1672.0</ele></trkpt>
      <trkpt lat="47.05789712049148" lon="8.48494081015692">
      <ele>1670.5</ele></trkpt>
      <trkpt lat="47.05789692236327" lon="8.484923061983338">
      <ele>1669.0</ele></trkpt>
      <trkpt lat="47.05789255269401" lon="8.484890226111874">
      <ele>1667.4</ele></trkpt>
      <trkpt lat="47.05788994817868" lon="8.484869021665002">
      <ele>1665.9</ele></trkpt>
      <trkpt lat="47.057895142754525" lon="8.48486364701813">
      <ele>1664.4</ele></trkpt>
      <trkpt lat="47.05793401113344" lon="8.484880714803962">
      <ele>1662.9</ele></trkpt>
      <trkpt lat="47.057962883905084" lon="8.484878171516648">
      <ele>1661.3</ele></trkpt>
      <trkpt lat="47.057973576667756" lon="8.484844958119792">
      <ele>1659.8</ele></trkpt>
      <trkpt lat="47.05798847127019" lon="8.484805731999487">
      <ele>1658.3</ele></trkpt>
      <trkpt lat="47.05800185150377" lon="8.484780666525047">
      <ele>1656.8</ele></trkpt>
      <trkpt lat="47.058022603785766" lon="8.48476794737527">
      <ele>1655.2</ele></trkpt>
      <trkpt lat="47.05804348895325" lon="8.484760390887654">
      <ele>1653.7</ele></trkpt>
      <trkpt lat="47.05806840588534" lon="8.484734879080868">
      <ele>1652.2</ele></trkpt>
      <trkpt lat="47.05809204644295" lon="8.484699377598497">
      <ele>1650.7</ele></trkpt>
      <trkpt lat="47.05811528064751" lon="8.48468873398454">
      <ele>1649.1</ele></trkpt>
      <trkpt lat="47.05813256736399" lon="8.484669339102629">
      <ele>1647.6</ele></trkpt>
      <trkpt lat="47.058141679047466" lon="8.484649705773013">
      <ele>1646.1</ele></trkpt>
      <trkpt lat="47.05814858251316" lon="8.48460979707555">
      <ele>1644.9</ele></trkpt>
      <trkpt lat="47.058177469881635" lon="8.484633304486168">
      <ele>1643.7</ele></trkpt>
      <trkpt lat="47.05817119779827" lon="8.48457130053822">
      <ele>1642.4</ele></trkpt>
      <trkpt lat="47.058233082667655" lon="8.484586816256318">
      <ele>1641.2</ele></trkpt>
      <trkpt lat="47.058267045740344" lon="8.484632813843023">
      <ele>1640.0</ele></trkpt>
      <trkpt lat="47.05826520343975" lon="8.484588166730212">
      <ele>1638.8</ele></trkpt>
      <trkpt lat="47.058258173856544" lon="8.484544142446502">
      <ele>1637.6</ele></trkpt>
      <trkpt lat="47.05826521874734" lon="8.484547965630089">
      <ele>1636.3</ele></trkpt>
      <trkpt lat="47.058274867283764" lon="8.484551365707283">
      <ele>1635.1</ele></trkpt>
      <trkpt lat="47.0582789467709" lon="8.484539032065335">
      <ele>1633.9</ele></trkpt>
      <trkpt lat="47.058272169808056" lon="8.484512704480547">
      <ele>1632.7</ele></trkpt>
      <trkpt lat="47.05826150150533" lon="8.484471136636621">
      <ele>1631.5</ele></trkpt>
      <trkpt lat="47.05826104613738" lon="8.484443102618776">
      <ele>1630.2</ele></trkpt>
      <trkpt lat="47.05826550711666" lon="8.484436291927441">
      <ele>1629.0</ele></trkpt>
      <trkpt lat="47.058273701578365" lon="8.484437360011551">
      <ele>1627.8</ele></trkpt>
      <trkpt lat="47.0582829321888" lon="8.484441212642757">
      <ele>1626.6</ele></trkpt>
      <trkpt lat="47.0582945912566" lon="8.484425354175066">
      <ele>1625.4</ele></trkpt>
      <trkpt lat="47.058306296039156" lon="8.484437074192755">
      <ele>1624.1</ele></trkpt>
      <trkpt lat="47.05831765933366" lon="8.484435913618547">
      <ele>1622.9</ele></trkpt>
      <trkpt lat="47.058322774352995" lon="8.484425443047074">
      <ele>1621.7</ele></trkpt>
      <trkpt lat="47.058320548271475" lon="8.484412064974446">
      <ele>1620.3</ele></trkpt>
      <trkpt lat="47.05831251975308" lon="8.484383883249173">
      <ele>1618.9</ele></trkpt>
      <trkpt lat="47.05829849840919" lon="8.484350937948504">
      <ele>1617.5</ele></trkpt>
      <trkpt lat="47.05829379245927" lon="8.484322412961522">
      <ele>1616.1</ele></trkpt>
      <trkpt lat="47.058344192570466" lon="8.484336625072109">
      <ele>1614.7</ele></trkpt>
      <trkpt lat="47.05834201825887" lon="8.48426322226035">
      <ele>1613.3</ele></trkpt>
      <trkpt lat="47.058313786181984" lon="8.484237884860317">
      <ele>1611.9</ele></trkpt>
      <trkpt lat="47.05830475274858" lon="8.484221267480745">
      <ele>1610.5</ele></trkpt>
      <trkpt lat="47.058316432894905" lon="8.484189257713492">
      <ele>1609.1</ele></trkpt>
      <trkpt lat="47.05834535811067" lon="8.484177987630211">
      <ele>1607.7</ele></trkpt>
      <trkpt lat="47.05837972154163" lon="8.484144458687323">
      <ele>1606.3</ele></trkpt>
      <trkpt lat="47.05844216230864" lon="8.484098919030352">
      <ele>1604.9</ele></trkpt>
      <trkpt lat="47.058495337999844" lon="8.484076037462088">
      <ele>1603.5</ele></trkpt>
      <trkpt lat="47.05849463151698" lon="8.484059766670772">
      <ele>1602.1</ele></trkpt>
      <trkpt lat="47.05848391316858" lon="8.484046407314045">
      <ele>1600.7</ele></trkpt>
      <trkpt lat="47.058466672628306" lon="8.484026154745948">
      <ele>1599.3</ele></trkpt>
      <trkpt lat="47.05845356053519" lon="8.484003994968598">
      <ele>1597.9</ele></trkpt>
      <trkpt lat="47.05845064986726" lon="8.48398873431077">
      <ele>1596.5</ele></trkpt>
      <trkpt lat="47.05845450183125" lon="8.483953952268482">
      <ele>1595.1</ele></trkpt>
      <trkpt lat="47.0584416778987" lon="8.483931758640125">
      <ele>1593.7</ele></trkpt>
      <trkpt lat="47.05844771945914" lon="8.483915356125145">
      <ele>1592.4</ele></trkpt>
      <trkpt lat="47.05847109210204" lon="8.483917167539516">
      <ele>1591.0</ele></trkpt>
      <trkpt lat="47.05849377563488" lon="8.483915621974976">
      <ele>1589.7</ele></trkpt>
      <trkpt lat="47.05853217702367" lon="8.483893084089248">
      <ele>1588.4</ele></trkpt>
      <trkpt lat="47.05866845109094" lon="8.483890514262749">
      <ele>1587.1</ele></trkpt>
      <trkpt lat="47.05868655193223" lon="8.483869620976968">
      <ele>1585.8</ele></trkpt>
      <trkpt lat="47.058712017693246" lon="8.483823320614068">
      <ele>1584.4</ele></trkpt>
      <trkpt lat="47.058723820664966" lon="8.48378175611498">
      <ele>1583.1</ele></trkpt>
      <trkpt lat="47.058723820664966" lon="8.48378175611498">
      <ele>1581.8</ele></trkpt>
      <trkpt lat="47.05876907541571" lon="8.483784086088113">
      <ele>1580.5</ele></trkpt>
      <trkpt lat="47.058787250215026" lon="8.483783729461571">
      <ele>1579.1</ele></trkpt>
      <trkpt lat="47.0588041239107" lon="8.483788942030113">
      <ele>1577.8</ele></trkpt>
      <trkpt lat="47.058822220295816" lon="8.483801155169953">
      <ele>1576.5</ele></trkpt>
      <trkpt lat="47.05883180390304" lon="8.483797853579114">
      <ele>1575.2</ele></trkpt>
      <trkpt lat="47.05883093515768" lon="8.483784580842284">
      <ele>1573.8</ele></trkpt>
      <trkpt lat="47.05884163010631" lon="8.483750103026892">
      <ele>1572.5</ele></trkpt>
      <trkpt lat="47.058872261640694" lon="8.483737167736775">
      <ele>1571.2</ele></trkpt>
      <trkpt lat="47.05888986216008" lon="8.483739616928212">
      <ele>1569.9</ele></trkpt>
      <trkpt lat="47.058905322223765" lon="8.483725201226722">
      <ele>1568.5</ele></trkpt>
      <trkpt lat="47.058925750335355" lon="8.48372140011592">
      <ele>1567.2</ele></trkpt>
      <trkpt lat="47.05893187045743" lon="8.483698338136326">
      <ele>1565.7</ele></trkpt>
      <trkpt lat="47.058911359649535" lon="8.483675639158077">
      <ele>1564.2</ele></trkpt>
      <trkpt lat="47.058845984585545" lon="8.48364328577859">
      <ele>1562.7</ele></trkpt>
      <trkpt lat="47.05882655613603" lon="8.483606430688752">
      <ele>1561.2</ele></trkpt>
      <trkpt lat="47.05883350983456" lon="8.483519435921458">
      <ele>1559.7</ele></trkpt>
      <trkpt lat="47.058843100035034" lon="8.483507499045748">
      <ele>1558.2</ele></trkpt>
      <trkpt lat="47.058849487505135" lon="8.483499541009406">
      <ele>1556.7</ele></trkpt>
      <trkpt lat="47.058853832566605" lon="8.483500520797001">
      <ele>1555.2</ele></trkpt>
      <trkpt lat="47.05887992080365" lon="8.483506413037702">
      <ele>1553.7</ele></trkpt>
      <trkpt lat="47.05890165498476" lon="8.483511325319432">
      <ele>1552.2</ele></trkpt>
      <trkpt lat="47.05894384874236" lon="8.483534683657679">
      <ele>1550.8</ele></trkpt>
      <trkpt lat="47.058955043432725" lon="8.483544142690958">
      <ele>1549.3</ele></trkpt>
      <trkpt lat="47.05898214830467" lon="8.483553977554573">
      <ele>1547.8</ele></trkpt>
      <trkpt lat="47.05899967287812" lon="8.483562796442152">
      <ele>1546.3</ele></trkpt>
      <trkpt lat="47.05901754661164" lon="8.483576742820347">
      <ele>1544.8</ele></trkpt>
      <trkpt lat="47.05903356741362" lon="8.483590666266151">
      <ele>1543.3</ele></trkpt>
      <trkpt lat="47.05907087218986" lon="8.483618444613207">
      <ele>1541.8</ele></trkpt>
      <trkpt lat="47.05909126571183" lon="8.483630307606932">
      <ele>1540.3</ele></trkpt>
      <trkpt lat="47.05909729485939" lon="8.48363207055859">
      <ele>1538.8</ele></trkpt>
      <trkpt lat="47.05909327709787" lon="8.483613905310305">
      <ele>1537.3</ele></trkpt>
      <trkpt lat="47.05908390242962" lon="8.483571506580095">
      <ele>1534.6</ele></trkpt>
      <trkpt lat="47.05904249224629" lon="8.483474881039156">
      <ele>1531.9</ele></trkpt>
      <trkpt lat="47.05902702074647" lon="8.483431231513336">
      <ele>1529.2</ele></trkpt>
      <trkpt lat="47.059021382917315" lon="8.48335481167147">
      <ele>1526.5</ele></trkpt>
      <trkpt lat="47.05903277479948" lon="8.48330106239428">
      <ele>1523.8</ele></trkpt>
      <trkpt lat="47.059059678536556" lon="8.483252907066445">
      <ele>1521.1</ele></trkpt>
      <trkpt lat="47.05907996214964" lon="8.483235320535705">
      <ele>1518.4</ele></trkpt>
      <trkpt lat="47.059105912909985" lon="8.483237537314414">
      <ele>1515.7</ele></trkpt>
      <trkpt lat="47.05916016622019" lon="8.483248466921314">
      <ele>1513.0</ele></trkpt>
      <trkpt lat="47.05921735526228" lon="8.483245210555424">
      <ele>1510.3</ele></trkpt>
      <trkpt lat="47.05923848170749" lon="8.483251664247096">
      <ele>1507.6</ele></trkpt>
      <trkpt lat="47.05926806779607" lon="8.483260691702354">
      <ele>1504.9</ele></trkpt>
      <trkpt lat="47.0592922574086" lon="8.483227081898805">
      <ele>1502.2</ele></trkpt>
      <trkpt lat="47.05930434777392" lon="8.483210270317317">
      <ele>1499.5</ele></trkpt>
      <trkpt lat="47.05930752129535" lon="8.483172907519126">
      <ele>1496.8</ele></trkpt>
      <trkpt lat="47.05929351054681" lon="8.48309128250866">
      <ele>1494.1</ele></trkpt>
      <trkpt lat="47.05936632975896" lon="8.482985652826066">
      <ele>1491.4</ele></trkpt>
      <trkpt lat="47.05939798978622" lon="8.482939735363573">
      <ele>1488.7</ele></trkpt>
      <trkpt lat="47.05942964991454" lon="8.482893804685398">
      <ele>1486.0</ele></trkpt>
      <trkpt lat="47.05942381436322" lon="8.482862835096217">
      <ele>1483.3</ele></trkpt>
      <trkpt lat="47.0594203131002" lon="8.482844245449112">
      <ele>1481.5</ele></trkpt>
      <trkpt lat="47.059492232692364" lon="8.482857322162719">
      <ele>1479.6</ele></trkpt>
      <trkpt lat="47.05953133414788" lon="8.482875499295954">
      <ele>1477.8</ele></trkpt>
      <trkpt lat="47.05957891578037" lon="8.48287816345313">
      <ele>1475.9</ele></trkpt>
      <trkpt lat="47.05961462964959" lon="8.48287712126294">
      <ele>1474.0</ele></trkpt>
      <trkpt lat="47.059659859406615" lon="8.48287626436923">
      <ele>1472.2</ele></trkpt>
      <trkpt lat="47.05969444047141" lon="8.482868223266712">
      <ele>1470.3</ele></trkpt>
      <trkpt lat="47.05972780258434" lon="8.482863646845814">
      <ele>1468.5</ele></trkpt>
      <trkpt lat="47.05974453218708" lon="8.482857008915511">
      <ele>1466.6</ele></trkpt>
      <trkpt lat="47.05976424464214" lon="8.482782516571083">
      <ele>1464.8</ele></trkpt>
      <trkpt lat="47.05980018024562" lon="8.482757085932455">
      <ele>1463.0</ele></trkpt>
      <trkpt lat="47.05981958502115" lon="8.48271741916489">
      <ele>1461.1</ele></trkpt>
      <trkpt lat="47.059819727532286" lon="8.482701743734374">
      <ele>1459.2</ele></trkpt>
      <trkpt lat="47.05984643891817" lon="8.482643052533707">
      <ele>1457.4</ele></trkpt>
      <trkpt lat="47.059890845518595" lon="8.482602121612514">
      <ele>1455.5</ele></trkpt>
      <trkpt lat="47.05991477081581" lon="8.482588659946222">
      <ele>1453.7</ele></trkpt>
      <trkpt lat="47.05993861702811" lon="8.482583898085501">
      <ele>1451.8</ele></trkpt>
      <trkpt lat="47.05994816462124" lon="8.482580595507805">
      <ele>1450.0</ele></trkpt>
      <trkpt lat="47.05998963672971" lon="8.482586378818334">
      <ele>1448.1</ele></trkpt>
      <trkpt lat="47.06004334464111" lon="8.482584080716496">
      <ele>1446.3</ele></trkpt>
      <trkpt lat="47.06008703325313" lon="8.482554838385138">
      <ele>1442.3</ele></trkpt>
      <trkpt lat="47.06010573494055" lon="8.482508391366629">
      <ele>1438.4</ele></trkpt>
      <trkpt lat="47.06011094552509" lon="8.482311204361048">
      <ele>1434.4</ele></trkpt>
      <trkpt lat="47.06012462829821" lon="8.482189427453488">
      <ele>1430.4</ele></trkpt>
      <trkpt lat="47.060151948276456" lon="8.482074616299057">
      <ele>1426.5</ele></trkpt>
      <trkpt lat="47.060195703816454" lon="8.482037002499828">
      <ele>1422.5</ele></trkpt>
      <trkpt lat="47.060253060117475" lon="8.482011369224622">
      <ele>1418.5</ele></trkpt>
      <trkpt lat="47.06029453717495" lon="8.481972052307425">
      <ele>1414.6</ele></trkpt>
      <trkpt lat="47.06036528735468" lon="8.481856400565176">
      <ele>1410.6</ele></trkpt>
      <trkpt lat="47.060414127870175" lon="8.481762069343564">
      <ele>1406.7</ele></trkpt>
      <trkpt lat="47.06043308732491" lon="8.481687205604764">
      <ele>1402.7</ele></trkpt>
      <trkpt lat="47.0604599086589" lon="8.481629226234771">
      <ele>1398.7</ele></trkpt>
      <trkpt lat="47.06050390510423" lon="8.481579926853811">
      <ele>1394.8</ele></trkpt>
      <trkpt lat="47.06056979861043" lon="8.481558223904184">
      <ele>1390.8</ele></trkpt>
      <trkpt lat="47.06062708272819" lon="8.481540526485716">
      <ele>1386.8</ele></trkpt>
      <trkpt lat="47.060705261221834" lon="8.48150234392447">
      <ele>1382.9</ele></trkpt>
      <trkpt lat="47.06078134652331" lon="8.481458894385788">
      <ele>1378.9</ele></trkpt>
      <trkpt lat="47.060852412017226" lon="8.481417440210606">
      <ele>1374.9</ele></trkpt>
      <trkpt lat="47.06091562565798" lon="8.481375820082876">
      <ele>1371.0</ele></trkpt>
      <trkpt lat="47.060943623987505" lon="8.481358606039064">
      <ele>1367.0</ele></trkpt>
      <trkpt lat="47.0609858103765" lon="8.48135210705171">
      <ele>1363.7</ele></trkpt>
      <trkpt lat="47.06105312447409" lon="8.481331471221424">
      <ele>1360.5</ele></trkpt>
      <trkpt lat="47.06109080322787" lon="8.481270555862022">
      <ele>1357.2</ele></trkpt>
      <trkpt lat="47.0611474059395" lon="8.481171345013355">
      <ele>1353.9</ele></trkpt>
      <trkpt lat="47.06121605691422" lon="8.481080727459421">
      <ele>1350.7</ele></trkpt>
      <trkpt lat="47.061249425851344" lon="8.481022861056214">
      <ele>1347.4</ele></trkpt>
      <trkpt lat="47.061249425851344" lon="8.481022861056214">
      <ele>1344.1</ele></trkpt>
      <trkpt lat="47.06131423057341" lon="8.48096351249364">
      <ele>1340.8</ele></trkpt>
      <trkpt lat="47.061368919289976" lon="8.480917565868163">
      <ele>1337.6</ele></trkpt>
      <trkpt lat="47.06141835819143" lon="8.480880126560113">
      <ele>1334.3</ele></trkpt>
      <trkpt lat="47.061472341922894" lon="8.480849410320904">
      <ele>1331.0</ele></trkpt>
      <trkpt lat="47.06153263471809" lon="8.480751941907894">
      <ele>1327.8</ele></trkpt>
      <trkpt lat="47.06157149736245" lon="8.480623963204907">
      <ele>1324.5</ele></trkpt>
      <trkpt lat="47.06159903717931" lon="8.480485733109855">
      <ele>1321.2</ele></trkpt>
      <trkpt lat="47.061590663387655" lon="8.480400305055019">
      <ele>1317.9</ele></trkpt>
      <trkpt lat="47.06157564202624" lon="8.48029301359481">
      <ele>1314.7</ele></trkpt>
      <trkpt lat="47.061529395056965" lon="8.480101522309374">
      <ele>1311.4</ele></trkpt>
      <trkpt lat="47.06152089355791" lon="8.480031138759454">
      <ele>1308.1</ele></trkpt>
      <trkpt lat="47.061530607653296" lon="8.479967796428172">
      <ele>1304.9</ele></trkpt>
      <trkpt lat="47.061560988598266" lon="8.479893152295665">
      <ele>1301.6</ele></trkpt>
      <trkpt lat="47.06164098703166" lon="8.47976429970705">
      <ele>1300.2</ele></trkpt>
      <trkpt lat="47.06166786528178" lon="8.479697946668189">
      <ele>1298.7</ele></trkpt>
      <trkpt lat="47.06167542498588" lon="8.479621174141322">
      <ele>1297.3</ele></trkpt>
      <trkpt lat="47.061663669082854" lon="8.479530678011715">
      <ele>1295.9</ele></trkpt>
      <trkpt lat="47.06164803479212" lon="8.479491921496065">
      <ele>1294.4</ele></trkpt>
      <trkpt lat="47.06160826755517" lon="8.479467743431089">
      <ele>1293.0</ele></trkpt>
      <trkpt lat="47.061570942487535" lon="8.479425222243659">
      <ele>1291.6</ele></trkpt>
      <trkpt lat="47.06153687142042" lon="8.479402826684066">
      <ele>1290.2</ele></trkpt>
      <trkpt lat="47.06150650251474" lon="8.479385847712745">
      <ele>1288.7</ele></trkpt>
      <trkpt lat="47.06148239754489" lon="8.479366568097785">
      <ele>1287.3</ele></trkpt>
      <trkpt lat="47.061456805597295" lon="8.479353539010498">
      <ele>1285.9</ele></trkpt>
      <trkpt lat="47.06143386556314" lon="8.479363546249937">
      <ele>1284.4</ele></trkpt>
      <trkpt lat="47.0614067011705" lon="8.479367192133003">
      <ele>1283.0</ele></trkpt>
      <trkpt lat="47.06138248253072" lon="8.479360455911495">
      <ele>1281.6</ele></trkpt>
      <trkpt lat="47.06133302687722" lon="8.479330310929091">
      <ele>1280.2</ele></trkpt>
      <trkpt lat="47.061271011842564" lon="8.47928640258766">
      <ele>1278.7</ele></trkpt>
      <trkpt lat="47.06119137647039" lon="8.47921541587259">
      <ele>1277.3</ele></trkpt>
      <trkpt lat="47.06115116725485" lon="8.479179447667393">
      <ele>1275.9</ele></trkpt>
      <trkpt lat="47.06112174639764" lon="8.479143214935032">
      <ele>1274.4</ele></trkpt>
      <trkpt lat="47.061102921249784" lon="8.479128974590145">
      <ele>1273.0</ele></trkpt>
      <trkpt lat="47.06108590288207" lon="8.479119850694152">
      <ele>1265.9</ele></trkpt>
      <trkpt lat="47.06106623280051" lon="8.479113479327722">
      <ele>1258.8</ele></trkpt>
      <trkpt lat="47.061028725141625" lon="8.479100034969456">
      <ele>1251.7</ele></trkpt>
      <trkpt lat="47.06093695046418" lon="8.479038410014702">
      <ele>1244.6</ele></trkpt>
      <trkpt lat="47.060770694238514" lon="8.478978354905648">
      <ele>1237.5</ele></trkpt>
      <trkpt lat="47.06071062963605" lon="8.478923690700887">
      <ele>1230.4</ele></trkpt>
      <trkpt lat="47.06065984839945" lon="8.478854160134846">
      <ele>1223.3</ele></trkpt>
      <trkpt lat="47.06060254247049" lon="8.478817702963678">
      <ele>1216.2</ele></trkpt>
      <trkpt lat="47.06095259049241" lon="8.478622019441154">
      <ele>1209.1</ele></trkpt>
      <trkpt lat="47.06130263815533" lon="8.478426333361615">
      <ele>1202.0</ele></trkpt>
      <trkpt lat="47.061514639837284" lon="8.477862337820202">
      <ele>1195.0</ele></trkpt>
      <trkpt lat="47.061726638739565" lon="8.477298337819503">
      <ele>1187.9</ele></trkpt>
      <trkpt lat="47.06138463740464" lon="8.477161337275826">
      <ele>1180.8</ele></trkpt>
      <trkpt lat="47.06130763688166" lon="8.477026338149981">
      <ele>1173.7</ele></trkpt>
      <trkpt lat="47.06136963718957" lon="8.476879339345953">
      <ele>1166.6</ele></trkpt>
      <trkpt lat="47.06165963899251" lon="8.476546010626224">
      <ele>1159.5</ele></trkpt>
      <trkpt lat="47.06194963981016" lon="8.476212678299667">
      <ele>1152.4</ele></trkpt>
      <trkpt lat="47.06223963964257" lon="8.475879342366243">
      <ele>1145.3</ele></trkpt>
      <trkpt lat="47.062548641170814" lon="8.475661846780344">
      <ele>1138.2</ele></trkpt>
      <trkpt lat="47.062857642267126" lon="8.475444348686029">
      <ele>1131.1</ele></trkpt>
      <trkpt lat="47.06316664293148" lon="8.475226848083258">
      <ele>1128.6</ele></trkpt>
      <trkpt lat="47.06347564316388" lon="8.475009344972003">
      <ele>1126.2</ele></trkpt>
      <trkpt lat="47.06366264389522" lon="8.474987344353373">
      <ele>1123.7</ele></trkpt>
      <trkpt lat="47.06376064421388" lon="8.474883345591932">
      <ele>1121.2</ele></trkpt>
      <trkpt lat="47.06374964425342" lon="8.474670345649802">
      <ele>1118.8</ele></trkpt>
      <trkpt lat="47.06405464468241" lon="8.474248347007581">
      <ele>1116.3</ele></trkpt>
      <trkpt lat="47.064089017312554" lon="8.47389285476774">
      <ele>1113.8</ele></trkpt>
      <trkpt lat="47.06412338884198" lon="8.473537362072825">
      <ele>1111.3</ele></trkpt>
      <trkpt lat="47.06416390131436" lon="8.473502927726306">
      <ele>1108.9</ele></trkpt>
      <trkpt lat="47.064210513312176" lon="8.473479432634683">
      <ele>1106.4</ele></trkpt>
      <trkpt lat="47.064251016318" lon="8.473475000965864">
      <ele>1103.9</ele></trkpt>
      <trkpt lat="47.06431049736699" lon="8.473477899815816">
      <ele>1101.5</ele></trkpt>
      <trkpt lat="47.064366398949375" lon="8.473480703262629">
      <ele>1099.0</ele></trkpt>
      <trkpt lat="47.06440934816271" lon="8.473469354502477">
      <ele>1096.5</ele></trkpt>
      <trkpt lat="47.064460877331825" lon="8.473430274629688">
      <ele>1094.0</ele></trkpt>
      <trkpt lat="47.06449350658752" lon="8.473375189915108">
      <ele>1091.6</ele></trkpt>
      <trkpt lat="47.06452509670183" lon="8.47330264141279">
      <ele>1089.1</ele></trkpt>
      <trkpt lat="47.06455079753282" lon="8.47322476584088">
      <ele>1086.6</ele></trkpt>
      <trkpt lat="47.06458096496684" lon="8.473178322345836">
      <ele>1084.2</ele></trkpt>
      <trkpt lat="47.06461947680581" lon="8.473130288830035">
      <ele>1081.7</ele></trkpt>
      <trkpt lat="47.06469141290773" lon="8.47307072235651">
      <ele>1080.1</ele></trkpt>
      <trkpt lat="47.06482170550405" lon="8.473007068051936">
      <ele>1078.5</ele></trkpt>
      <trkpt lat="47.06490535290048" lon="8.472968606980197">
      <ele>1076.9</ele></trkpt>
      <trkpt lat="47.06497479790479" lon="8.472922933811265">
      <ele>1075.3</ele></trkpt>
      <trkpt lat="47.06503851499471" lon="8.472851017204643">
      <ele>1073.7</ele></trkpt>
      <trkpt lat="47.06514671352922" lon="8.472729443481496">
      <ele>1072.1</ele></trkpt>
      <trkpt lat="47.065272774469605" lon="8.472608213708401">
      <ele>1070.5</ele></trkpt>
      <trkpt lat="47.06533660107995" lon="8.472524107439053">
      <ele>1068.9</ele></trkpt>
      <trkpt lat="47.0653982010227" lon="8.472422527254732">
      <ele>1067.3</ele></trkpt>
      <trkpt lat="47.06551616146046" lon="8.472318728849546">
      <ele>1065.7</ele></trkpt>
      <trkpt lat="47.065632311168066" lon="8.472209207675192">
      <ele>1064.1</ele></trkpt>
      <trkpt lat="47.06568832024956" lon="8.472149081723215">
      <ele>1062.5</ele></trkpt>
      <trkpt lat="47.065719207845525" lon="8.472102532037878">
      <ele>1060.9</ele></trkpt>
      <trkpt lat="47.065774079734204" lon="8.47199982042448">
      <ele>1059.3</ele></trkpt>
      <trkpt lat="47.06582934325231" lon="8.471828564166792">
      <ele>1057.7</ele></trkpt>
      <trkpt lat="47.065876061525806" lon="8.471690201158005">
      <ele>1056.1</ele></trkpt>
      <trkpt lat="47.06591234359944" lon="8.47155394081471">
      <ele>1054.5</ele></trkpt>
      <trkpt lat="47.06598750350051" lon="8.471207769730205">
      <ele>1052.9</ele></trkpt>
      <trkpt lat="47.06602196995819" lon="8.471081282050198">
      <ele>1051.3</ele></trkpt>
      <trkpt lat="47.06605501182028" lon="8.470979162277835">
      <ele>1049.7</ele></trkpt>
      <trkpt lat="47.0661231370081" lon="8.470814997701165">
      <ele>1049.2</ele></trkpt>
      <trkpt lat="47.06617536916404" lon="8.470697580082357">
      <ele>1048.7</ele></trkpt>
      <trkpt lat="47.06620961353346" lon="8.470593745092778">
      <ele>1048.2</ele></trkpt>
      <trkpt lat="47.06622946796354" lon="8.4705035489335">
      <ele>1047.7</ele></trkpt>
      <trkpt lat="47.066244664758955" lon="8.47040108504452">
      <ele>1047.2</ele></trkpt>
      <trkpt lat="47.06624902650616" lon="8.470314092683173">
      <ele>1046.7</ele></trkpt>
      <trkpt lat="47.06624483157977" lon="8.470251318101118">
      <ele>1046.2</ele></trkpt>
      <trkpt lat="47.066233752318645" lon="8.4701587756684">
      <ele>1045.7</ele></trkpt>
      <trkpt lat="47.066208298436905" lon="8.47007817429682">
      <ele>1045.2</ele></trkpt>
      <trkpt lat="47.066178015028726" lon="8.470004444623227">
      <ele>1044.7</ele></trkpt>
      <trkpt lat="47.06614521644695" lon="8.469946333513677">
      <ele>1044.1</ele></trkpt>
      <trkpt lat="47.066131299197124" lon="8.46992738410419">
      <ele>1043.6</ele></trkpt>
      <trkpt lat="47.06604746394109" lon="8.469797527529575">
      <ele>1043.1</ele></trkpt>
      <trkpt lat="47.06597246028102" lon="8.469667907007015">
      <ele>1042.6</ele></trkpt>
      <trkpt lat="47.06593501299006" lon="8.46959751581384">
      <ele>1042.1</ele></trkpt>
      <trkpt lat="47.06591652242684" lon="8.469535849182542">
      <ele>1041.6</ele></trkpt>
      <trkpt lat="47.06590943845319" lon="8.469477192939188">
      <ele>1041.1</ele></trkpt>
      <trkpt lat="47.065909813539356" lon="8.469435400115565">
      <ele>1040.6</ele></trkpt>
      <trkpt lat="47.06593298387145" lon="8.469399627604624">
      <ele>1040.1</ele></trkpt>
      <trkpt lat="47.06597701787086" lon="8.469372602968498">
      <ele>1039.6</ele></trkpt>
      <trkpt lat="47.06604570393652" lon="8.46935720324904">
      <ele>1039.1</ele></trkpt>
      <trkpt lat="47.066125637611144" lon="8.469361530843573">
      <ele>1038.7</ele></trkpt>
      <trkpt lat="47.0662055963272" lon="8.469363067859568">
      <ele>1038.2</ele></trkpt>
      <trkpt lat="47.066268521084574" lon="8.469353126302671">
      <ele>1037.8</ele></trkpt>
      <trkpt lat="47.06636017746428" lon="8.469324238941901">
      <ele>1037.3</ele></trkpt>
      <trkpt lat="47.0664518839172" lon="8.469289770273688">
      <ele>1036.9</ele></trkpt>
      <trkpt lat="47.06654190858617" lon="8.469230188846952">
      <ele>1036.4</ele></trkpt>
      <trkpt lat="47.066655776859584" lon="8.469148012601856">
      <ele>1036.0</ele></trkpt>
      <trkpt lat="47.06675407400934" lon="8.469069776087935">
      <ele>1035.5</ele></trkpt>
      <trkpt lat="47.066873871012675" lon="8.468981512106561">
      <ele>1035.0</ele></trkpt>
      <trkpt lat="47.06700312138016" lon="8.46890039398988">
      <ele>1034.6</ele></trkpt>
      <trkpt lat="47.067205338965856" lon="8.468778876351202">
      <ele>1034.1</ele></trkpt>
      <trkpt lat="47.06729740706034" lon="8.468730141533117">
      <ele>1033.7</ele></trkpt>
      <trkpt lat="47.067388218857786" lon="8.468690084959281">
      <ele>1033.2</ele></trkpt>
      <trkpt lat="47.067471755452495" lon="8.46866380468942">
      <ele>1032.8</ele></trkpt>
      <trkpt lat="47.06755401754404" lon="8.468646228758702">
      <ele>1032.3</ele></trkpt>
      <trkpt lat="47.06763033673451" lon="8.4686302896637">
      <ele>1031.9</ele></trkpt>
      <trkpt lat="47.06767208932436" lon="8.468618900182271">
      <ele>1031.4</ele></trkpt>
      <trkpt lat="47.06772346052503" lon="8.468597241795578">
      <ele>1031.0</ele></trkpt>
      <trkpt lat="47.067788096770514" lon="8.468554930839879">
      <ele>1030.5</ele></trkpt>
      <trkpt lat="47.06787450059439" lon="8.468474738435376">
      <ele>1029.9</ele></trkpt>
      <trkpt lat="47.06797195103065" lon="8.46835643208044">
      <ele>1029.4</ele></trkpt>
      <trkpt lat="47.068138203587736" lon="8.468131459668031">
      <ele>1028.8</ele></trkpt>
      <trkpt lat="47.068328417182755" lon="8.467887776198252">
      <ele>1028.2</ele></trkpt>
      <trkpt lat="47.06851730255955" lon="8.46765974622637">
      <ele>1027.7</ele></trkpt>
      <trkpt lat="47.06864355833197" lon="8.467514130423107">
      <ele>1027.1</ele></trkpt>
      <trkpt lat="47.06870148290611" lon="8.467424659540015">
      <ele>1026.5</ele></trkpt>
      <trkpt lat="47.068747470116584" lon="8.467340199529096">
      <ele>1025.9</ele></trkpt>
      <trkpt lat="47.068785291252716" lon="8.467236412921986">
      <ele>1025.4</ele></trkpt>
      <trkpt lat="47.0688349005641" lon="8.467074934712176">
      <ele>1024.8</ele></trkpt>
      <trkpt lat="47.06889137580667" lon="8.466892087654152">
      <ele>1024.2</ele></trkpt>
      <trkpt lat="47.06892418835785" lon="8.466799079616058">
      <ele>1023.7</ele></trkpt>
      <trkpt lat="47.06896740396999" lon="8.466694566262543">
      <ele>1023.1</ele></trkpt>
      <trkpt lat="47.069029192082034" lon="8.466555281591354">
      <ele>1022.5</ele></trkpt>
      <trkpt lat="47.069131506768585" lon="8.466356590973884">
      <ele>1022.0</ele></trkpt>
      <trkpt lat="47.069159777767965" lon="8.46628852402011">
      <ele>1021.4</ele></trkpt>
      <trkpt lat="47.069168111687986" lon="8.466251897504584">
      <ele>1020.8</ele></trkpt>
      <trkpt lat="47.06917540498988" lon="8.466201874216134">
      <ele>1020.2</ele></trkpt>
      <trkpt lat="47.06917952873881" lon="8.466125036535342">
      <ele>1019.7</ele></trkpt>
      <trkpt lat="47.06917952873881" lon="8.466125036535342">
      <ele>1019.1</ele></trkpt>
      <trkpt lat="47.06917540498988" lon="8.466201874216134">
      <ele>1019.3</ele></trkpt>
      <trkpt lat="47.069168111687986" lon="8.466251897504584">
      <ele>1019.5</ele></trkpt>
      <trkpt lat="47.069159777767965" lon="8.46628852402011">
      <ele>1019.7</ele></trkpt>
      <trkpt lat="47.069131506768585" lon="8.466356590973884">
      <ele>1019.8</ele></trkpt>
      <trkpt lat="47.069029192082034" lon="8.466555281591354">
      <ele>1020.0</ele></trkpt>
      <trkpt lat="47.06896740396999" lon="8.466694566262543">
      <ele>1020.2</ele></trkpt>
      <trkpt lat="47.06892418835785" lon="8.466799079616058">
      <ele>1020.4</ele></trkpt>
      <trkpt lat="47.06889137580667" lon="8.466892087654152">
      <ele>1020.6</ele></trkpt>
      <trkpt lat="47.0688349005641" lon="8.467074934712176">
      <ele>1020.8</ele></trkpt>
      <trkpt lat="47.068864482482404" lon="8.467147849759387">
      <ele>1021.0</ele></trkpt>
      <trkpt lat="47.06889214840669" lon="8.46726293862537">
      <ele>1021.1</ele></trkpt>
      <trkpt lat="47.068941776534054" lon="8.467548357580888">
      <ele>1021.3</ele></trkpt>
      <trkpt lat="47.06900411139083" lon="8.467870319982902">
      <ele>1021.5</ele></trkpt>
      <trkpt lat="47.06907388580347" lon="8.46823633507974">
      <ele>1021.7</ele></trkpt>
      <trkpt lat="47.06914771745626" lon="8.468587156346246">
      <ele>1021.9</ele></trkpt>
      <trkpt lat="47.06919892837956" lon="8.468840166919803">
      <ele>1022.1</ele></trkpt>
      <trkpt lat="47.069219121652885" lon="8.46895776021745">
      <ele>1022.2</ele></trkpt>
      <trkpt lat="47.06923042955195" lon="8.469018910591362">
      <ele>1022.4</ele></trkpt>
      <trkpt lat="47.06924083273469" lon="8.469052552615514">
      <ele>1022.6</ele></trkpt>
      <trkpt lat="47.06925843320071" lon="8.469081105998034">
      <ele>1022.8</ele></trkpt>
      <trkpt lat="47.06924852311324" lon="8.469150933310512">
      <ele>1022.4</ele></trkpt>
      <trkpt lat="47.06923748542157" lon="8.469196039166949">
      <ele>1022.0</ele></trkpt>
      <trkpt lat="47.069217443452175" lon="8.469249108627588">
      <ele>1021.6</ele></trkpt>
      <trkpt lat="47.06918713043399" lon="8.469282889667127">
      <ele>1021.2</ele></trkpt>
      <trkpt lat="47.06912949024692" lon="8.469310431252449">
      <ele>1020.8</ele></trkpt>
      <trkpt lat="47.06901695457849" lon="8.469348358879456">
      <ele>1020.5</ele></trkpt>
      <trkpt lat="47.06893831899247" lon="8.46938884712942">
      <ele>1020.1</ele></trkpt>
      <trkpt lat="47.06880602417256" lon="8.469449316731453">
      <ele>1019.7</ele></trkpt>
      <trkpt lat="47.068718242277384" lon="8.469491537906585">
      <ele>1019.3</ele></trkpt>
      <trkpt lat="47.06869687210393" lon="8.469498131384064">
      <ele>1018.9</ele></trkpt>
      <trkpt lat="47.068684053620935" lon="8.469502084904397">
      <ele>1018.5</ele></trkpt>
      <trkpt lat="47.0686541318737" lon="8.469511305159374">
      <ele>1018.1</ele></trkpt>
      <trkpt lat="47.06859151492691" lon="8.469512010344207">
      <ele>1017.7</ele></trkpt>
      <trkpt lat="47.06854353972258" lon="8.469511087961436">
      <ele>1017.3</ele></trkpt>
      <trkpt lat="47.068451951512436" lon="8.469509327069083">
      <ele>1017.0</ele></trkpt>
      <trkpt lat="47.06842061734161" lon="8.469512542768534">
      <ele>1016.6</ele></trkpt>
      <trkpt lat="47.0683918058414" lon="8.469525352297502">
      <ele>1016.2</ele></trkpt>
      <trkpt lat="47.068376001705964" lon="8.469542230032737">
      <ele>1015.8</ele></trkpt>
      <trkpt lat="47.06836457363676" lon="8.469568671394084">
      <ele>1015.4</ele></trkpt>
      <trkpt lat="47.0683552605311" lon="8.469680192386257">
      <ele>1015.0</ele></trkpt>
      <trkpt lat="47.0683430820813" lon="8.46972107550679">
      <ele>1016.2</ele></trkpt>
      <trkpt lat="47.068311456496964" lon="8.469756752718894">
      <ele>1017.4</ele></trkpt>
      <trkpt lat="47.068269260631624" lon="8.469807485938858">
      <ele>1018.6</ele></trkpt>
      <trkpt lat="47.068265005421885" lon="8.469845585343203">
      <ele>1019.8</ele></trkpt>
      <trkpt lat="47.0682765886589" lon="8.469862989677692">
      <ele>1021.0</ele></trkpt>
      <trkpt lat="47.06830639589903" lon="8.469884562649515">
      <ele>1022.2</ele></trkpt>
      <trkpt lat="47.06848185879376" lon="8.46995667703281">
      <ele>1023.4</ele></trkpt>
      <trkpt lat="47.06856641556766" lon="8.469983121389491">
      <ele>1024.6</ele></trkpt>
      <trkpt lat="47.06866680182058" lon="8.469988870479092">
      <ele>1025.8</ele></trkpt>
      <trkpt lat="47.06873058667048" lon="8.470005370022363">
      <ele>1027.0</ele></trkpt>
      <trkpt lat="47.06875651567173" lon="8.470023050495852">
      <ele>1028.1</ele></trkpt>
      <trkpt lat="47.06877709090148" lon="8.470055900642487">
      <ele>1029.3</ele></trkpt>
      <trkpt lat="47.068788357312684" lon="8.470109584793594">
      <ele>1030.5</ele></trkpt>
      <trkpt lat="47.06879482783297" lon="8.470260552996699">
      <ele>1031.7</ele></trkpt>
      <trkpt lat="47.06879723147198" lon="8.470428611544676">
      <ele>1032.9</ele></trkpt>
      <trkpt lat="47.068792770294046" lon="8.470489616287072">
      <ele>1034.1</ele></trkpt>
      <trkpt lat="47.06877645146502" lon="8.470563769540092">
      <ele>1035.3</ele></trkpt>
      <trkpt lat="47.06874001247241" lon="8.470698612856578">
      <ele>1036.5</ele></trkpt>
      <trkpt lat="47.06871054897162" lon="8.470783967411943">
      <ele>1037.7</ele></trkpt>
      <trkpt lat="47.068731192593766" lon="8.470809182827878">
      <ele>1038.9</ele></trkpt>
      <trkpt lat="47.068746568101666" lon="8.470840024085298">
      <ele>1039.6</ele></trkpt>
      <trkpt lat="47.06876314460607" lon="8.470882369294198">
      <ele>1040.4</ele></trkpt>
      <trkpt lat="47.06881518312803" lon="8.471043747182717">
      <ele>1041.1</ele></trkpt>
      <trkpt lat="47.068859850852895" lon="8.471153425019715">
      <ele>1041.8</ele></trkpt>
      <trkpt lat="47.06889683965264" lon="8.471247695639573">
      <ele>1042.6</ele></trkpt>
      <trkpt lat="47.0689273328911" lon="8.471338023111048">
      <ele>1043.3</ele></trkpt>
      <trkpt lat="47.06897750823655" lon="8.471560470036476">
      <ele>1044.0</ele></trkpt>
      <trkpt lat="47.06900743872573" lon="8.471687336164537">
      <ele>1044.7</ele></trkpt>
      <trkpt lat="47.069045366666174" lon="8.471848167192462">
      <ele>1045.5</ele></trkpt>
      <trkpt lat="47.06908773415634" lon="8.472070451448939">
      <ele>1046.2</ele></trkpt>
      <trkpt lat="47.06911489693237" lon="8.472240910598162">
      <ele>1046.9</ele></trkpt>
      <trkpt lat="47.06914413521471" lon="8.472470591860308">
      <ele>1047.7</ele></trkpt>
      <trkpt lat="47.069169323198565" lon="8.472715454863085">
      <ele>1048.4</ele></trkpt>
      <trkpt lat="47.06918061164118" lon="8.472910426653849">
      <ele>1049.1</ele></trkpt>
      <trkpt lat="47.06918394625026" lon="8.473120517842128">
      <ele>1049.8</ele></trkpt>
      <trkpt lat="47.069179205905186" lon="8.473357167409496">
      <ele>1050.6</ele></trkpt>
      <trkpt lat="47.069180951246835" lon="8.473597786659623">
      <ele>1051.3</ele></trkpt>
      <trkpt lat="47.06917550783031" lon="8.473767604267353">
      <ele>1052.0</ele></trkpt>
      <trkpt lat="47.069161321728565" lon="8.473893343842406">
      <ele>1052.8</ele></trkpt>
      <trkpt lat="47.06914488038689" lon="8.473980844744027">
      <ele>1053.5</ele></trkpt>
      <trkpt lat="47.06911524226385" lon="8.47408529891937">
      <ele>1053.5</ele></trkpt>
      <trkpt lat="47.069072424877874" lon="8.474204758011892">
      <ele>1053.4</ele></trkpt>
      <trkpt lat="47.06900448329604" lon="8.47436000431833">
      <ele>1053.4</ele></trkpt>
      <trkpt lat="47.068915425697796" lon="8.474543478580053">
      <ele>1053.3</ele></trkpt>
      <trkpt lat="47.06884191432012" lon="8.474738720318564">
      <ele>1053.3</ele></trkpt>
      <trkpt lat="47.06877335271094" lon="8.474964602502943">
      <ele>1053.3</ele></trkpt>
      <trkpt lat="47.0687273314747" lon="8.47514890694422">
      <ele>1053.2</ele></trkpt>
      <trkpt lat="47.06869043072095" lon="8.475335309663654">
      <ele>1053.2</ele></trkpt>
      <trkpt lat="47.06866025735696" lon="8.475498920128414">
      <ele>1053.1</ele></trkpt>
      <trkpt lat="47.068622431119636" lon="8.475643291632935">
      <ele>1053.1</ele></trkpt>
      <trkpt lat="47.068571579567475" lon="8.475783592834429">
      <ele>1053.1</ele></trkpt>
      <trkpt lat="47.068486483766385" lon="8.47596142589244">
      <ele>1053.0</ele></trkpt>
      <trkpt lat="47.0683841406074" lon="8.476171365652768">
      <ele>1053.0</ele></trkpt>
      <trkpt lat="47.06830952109595" lon="8.476345568943108">
      <ele>1052.9</ele></trkpt>
      <trkpt lat="47.068230789880545" lon="8.476540718188486">
      <ele>1052.9</ele></trkpt>
      <trkpt lat="47.06815975378723" lon="8.476749352943294">
      <ele>1052.9</ele></trkpt>
      <trkpt lat="47.068099254865636" lon="8.476948645913122">
      <ele>1052.8</ele></trkpt>
      <trkpt lat="47.068043263088676" lon="8.477081208759822">
      <ele>1052.8</ele></trkpt>
      <trkpt lat="47.06798611394153" lon="8.477198489644742">
      <ele>1052.7</ele></trkpt>
      <trkpt lat="47.067910473150704" lon="8.47734021657655">
      <ele>1052.7</ele></trkpt>
      <trkpt lat="47.06778251954611" lon="8.477641302710857">
      <ele>1052.3</ele></trkpt>
      <trkpt lat="47.067719858899956" lon="8.477789020350592">
      <ele>1051.9</ele></trkpt>
      <trkpt lat="47.06765191317084" lon="8.477946167255691">
      <ele>1051.5</ele></trkpt>
      <trkpt lat="47.067597569975376" lon="8.478040565951668">
      <ele>1051.1</ele></trkpt>
      <trkpt lat="47.06752110766349" lon="8.47812882169051">
      <ele>1050.7</ele></trkpt>
      <trkpt lat="47.06744180409397" lon="8.478243748587932">
      <ele>1050.3</ele></trkpt>
      <trkpt lat="47.06739616569957" lon="8.47832952068618">
      <ele>1049.9</ele></trkpt>
      <trkpt lat="47.06735713471618" lon="8.478435656514627">
      <ele>1049.5</ele></trkpt>
      <trkpt lat="47.06731414539121" lon="8.478617313049257">
      <ele>1049.1</ele></trkpt>
      <trkpt lat="47.06729249874552" lon="8.478727893433373">
      <ele>1048.7</ele></trkpt>
      <trkpt lat="47.06726866357727" lon="8.478904299373596">
      <ele>1048.3</ele></trkpt>
      <trkpt lat="47.06724754123931" lon="8.479080112682992">
      <ele>1047.9</ele></trkpt>
      <trkpt lat="47.06723292316756" lon="8.479268770169842">
      <ele>1047.5</ele></trkpt>
      <trkpt lat="47.06721418760826" lon="8.47946504957363">
      <ele>1047.1</ele></trkpt>
      <trkpt lat="47.06718524331629" lon="8.479636313294879">
      <ele>1046.7</ele></trkpt>
      <trkpt lat="47.06714695495506" lon="8.479759630261034">
      <ele>1046.3</ele></trkpt>
      <trkpt lat="47.067121848543565" lon="8.47980717119598">
      <ele>1045.9</ele></trkpt>
      <trkpt lat="47.06707550260895" lon="8.479865674786327">
      <ele>1045.5</ele></trkpt>
      <trkpt lat="47.066959648302245" lon="8.479977518524485">
      <ele>1045.1</ele></trkpt>
      <trkpt lat="47.06693036528523" lon="8.480020370101663">
      <ele>1044.7</ele></trkpt>
      <trkpt lat="47.0669094469311" lon="8.480070322385082">
      <ele>1043.2</ele></trkpt>
      <trkpt lat="47.0668607555477" lon="8.480222782512561">
      <ele>1041.8</ele></trkpt>
      <trkpt lat="47.066808103964156" lon="8.480404208764952">
      <ele>1040.3</ele></trkpt>
      <trkpt lat="47.06676508375344" lon="8.480513555842986">
      <ele>1038.9</ele></trkpt>
      <trkpt lat="47.066691709174755" lon="8.480672750222583">
      <ele>1037.4</ele></trkpt>
      <trkpt lat="47.066579787353874" lon="8.480884489107636">
      <ele>1035.9</ele></trkpt>
      <trkpt lat="47.06644232914466" lon="8.481145443661028">
      <ele>1034.5</ele></trkpt>
      <trkpt lat="47.06632709913677" lon="8.481336025135674">
      <ele>1033.0</ele></trkpt>
      <trkpt lat="47.06625185178812" lon="8.481433842731114">
      <ele>1031.6</ele></trkpt>
      <trkpt lat="47.06621231105712" lon="8.481478889573827">
      <ele>1030.1</ele></trkpt>
      <trkpt lat="47.06616857130061" lon="8.481554424871483">
      <ele>1028.6</ele></trkpt>
      <trkpt lat="47.06614412582027" lon="8.48166085286462">
      <ele>1027.2</ele></trkpt>
      <trkpt lat="47.06611375261667" lon="8.481845460338365">
      <ele>1025.7</ele></trkpt>
      <trkpt lat="47.066103596318676" lon="8.481949454046127">
      <ele>1024.3</ele></trkpt>
      <trkpt lat="47.06605857428508" lon="8.482199761287298">
      <ele>1022.8</ele></trkpt>
      <trkpt lat="47.06602020819097" lon="8.482358052898928">
      <ele>1021.3</ele></trkpt>
      <trkpt lat="47.06598773962356" lon="8.482491984596">
      <ele>1019.9</ele></trkpt>
      <trkpt lat="47.06591873649138" lon="8.48277066928725">
      <ele>1018.4</ele></trkpt>
      <trkpt lat="47.0658851382502" lon="8.482885330689582">
      <ele>1017.0</ele></trkpt>
      <trkpt lat="47.06583839020517" lon="8.48300469918015">
      <ele>1015.5</ele></trkpt>
      <trkpt lat="47.065764211585055" lon="8.483129260070022">
      <ele>1015.7</ele></trkpt>
      <trkpt lat="47.065746428585165" lon="8.483157758965385">
      <ele>1015.8</ele></trkpt>
      <trkpt lat="47.06570576939788" lon="8.483234708302897">
      <ele>1016.0</ele></trkpt>
      <trkpt lat="47.065688341189954" lon="8.483300353476393">
      <ele>1016.1</ele></trkpt>
      <trkpt lat="47.06567816919198" lon="8.483338677085998">
      <ele>1016.3</ele></trkpt>
      <trkpt lat="47.065643409999694" lon="8.48349683959554">
      <ele>1016.5</ele></trkpt>
      <trkpt lat="47.06560874303537" lon="8.483643852672337">
      <ele>1016.6</ele></trkpt>
      <trkpt lat="47.06558384486971" lon="8.483711827088179">
      <ele>1016.8</ele></trkpt>
      <trkpt lat="47.06554236014897" lon="8.483825082773512">
      <ele>1016.9</ele></trkpt>
      <trkpt lat="47.065491385308654" lon="8.483985719496152">
      <ele>1017.1</ele></trkpt>
      <trkpt lat="47.06546736985401" lon="8.484030816378656">
      <ele>1017.3</ele></trkpt>
      <trkpt lat="47.0654437843933" lon="8.48407215633322">
      <ele>1017.4</ele></trkpt>
      <trkpt lat="47.065435576853055" lon="8.48409822155498">
      <ele>1017.6</ele></trkpt>
      <trkpt lat="47.06542705724881" lon="8.484152638698468">
      <ele>1017.7</ele></trkpt>
      <trkpt lat="47.06542509101433" lon="8.484254986744117">
      <ele>1017.9</ele></trkpt>
      <trkpt lat="47.065435001623314" lon="8.484361015712045">
      <ele>1018.1</ele></trkpt>
      <trkpt lat="47.06545612111318" lon="8.48445022745827">
      <ele>1018.2</ele></trkpt>
      <trkpt lat="47.065501350162194" lon="8.484596638823323">
      <ele>1018.4</ele></trkpt>
      <trkpt lat="47.06554355101396" lon="8.484713027114243">
      <ele>1018.5</ele></trkpt>
      <trkpt lat="47.06557566569136" lon="8.484793066834744">
      <ele>1018.7</ele></trkpt>
      <trkpt lat="47.06561220364344" lon="8.484858579444683">
      <ele>1020.0</ele></trkpt>
      <trkpt lat="47.065670128829" lon="8.484926589593577">
      <ele>1021.4</ele></trkpt>
      <trkpt lat="47.06579159421751" lon="8.485075253348363">
      <ele>1022.7</ele></trkpt>
      <trkpt lat="47.06598257831043" lon="8.4852733547938">
      <ele>1024.0</ele></trkpt>
      <trkpt lat="47.06617219819635" lon="8.485465151096149">
      <ele>1025.3</ele></trkpt>
      <trkpt lat="47.06625500839172" lon="8.485541718925608">
      <ele>1026.7</ele></trkpt>
      <trkpt lat="47.06633094716025" lon="8.485602341048635">
      <ele>1028.0</ele></trkpt>
      <trkpt lat="47.06638803125538" lon="8.485645137692213">
      <ele>1029.3</ele></trkpt>
      <trkpt lat="47.066488558057586" lon="8.485711401153814">
      <ele>1030.7</ele></trkpt>
      <trkpt lat="47.066631152070464" lon="8.485809912637594">
      <ele>1032.0</ele></trkpt>
      <trkpt lat="47.066710594026816" lon="8.485866154015893">
      <ele>1033.3</ele></trkpt>
      <trkpt lat="47.06680476859768" lon="8.485920695307236">
      <ele>1034.7</ele></trkpt>
      <trkpt lat="47.066874796885855" lon="8.485966523454346">
      <ele>1036.0</ele></trkpt>
      <trkpt lat="47.06692361417075" lon="8.48601321446365">
      <ele>1037.3</ele></trkpt>
      <trkpt lat="47.06696365311491" lon="8.486070582584126">
      <ele>1038.7</ele></trkpt>
      <trkpt lat="47.06698937249857" lon="8.486131699742456">
      <ele>1040.0</ele></trkpt>
      <trkpt lat="47.067024962826515" lon="8.486237904769464">
      <ele>1041.3</ele></trkpt>
      <trkpt lat="47.06705670478246" lon="8.486339953380512">
      <ele>1042.6</ele></trkpt>
      <trkpt lat="47.06710660276206" lon="8.486447636357568">
      <ele>1044.0</ele></trkpt>
      <trkpt lat="47.067158262193374" lon="8.486545637667612">
      <ele>1045.3</ele></trkpt>
      <trkpt lat="47.06727421607965" lon="8.486735160146358">
      <ele>1046.7</ele></trkpt>
      <trkpt lat="47.067342740983854" lon="8.486861903452372">
      <ele>1048.0</ele></trkpt>
      <trkpt lat="47.06735854915302" lon="8.486902038922803">
      <ele>1049.4</ele></trkpt>
      <trkpt lat="47.067316464604" lon="8.486985068826334">
      <ele>1050.8</ele></trkpt>
      <trkpt lat="47.067226428100064" lon="8.487085316519828">
      <ele>1052.2</ele></trkpt>
      <trkpt lat="47.067151555395405" lon="8.487152393176656">
      <ele>1053.5</ele></trkpt>
      <trkpt lat="47.067106686280816" lon="8.487185680758044">
      <ele>1054.9</ele></trkpt>
      <trkpt lat="47.06708094891004" lon="8.487206413715086">
      <ele>1056.3</ele></trkpt>
      <trkpt lat="47.067064401477886" lon="8.487219677107426">
      <ele>1057.7</ele></trkpt>
      <trkpt lat="47.06705207746129" lon="8.4872403432081">
      <ele>1059.0</ele></trkpt>
      <trkpt lat="47.06704619453021" lon="8.487259028757283">
      <ele>1060.4</ele></trkpt>
      <trkpt lat="47.06703685518805" lon="8.487265126140047">
      <ele>1061.8</ele></trkpt>
      <trkpt lat="47.06702543255066" lon="8.487264902748002">
      <ele>1063.2</ele></trkpt>
      <trkpt lat="47.06701052514199" lon="8.487255197745773">
      <ele>1064.5</ele></trkpt>
      <trkpt lat="47.06699270924591" lon="8.487251715894516">
      <ele>1065.9</ele></trkpt>
      <trkpt lat="47.06698187489981" lon="8.487254058150466">
      <ele>1067.3</ele></trkpt>
      <trkpt lat="47.066952601688804" lon="8.487269916409003">
      <ele>1068.7</ele></trkpt>
      <trkpt lat="47.066942953029056" lon="8.487265554195728">
      <ele>1070.0</ele></trkpt>
      <trkpt lat="47.066941737263306" lon="8.487258802766926">
      <ele>1071.4</ele></trkpt>
      <trkpt lat="47.06695464614042" lon="8.487232210436787">
      <ele>1072.8</ele></trkpt>
      <trkpt lat="47.066956701213364" lon="8.48722191558071">
      <ele>1073.5</ele></trkpt>
      <trkpt lat="47.06694727225289" lon="8.487198414801163">
      <ele>1074.1</ele></trkpt>
      <trkpt lat="47.06692751908763" lon="8.487164732570362">
      <ele>1074.8</ele></trkpt>
      <trkpt lat="47.066939246944926" lon="8.487131521135629">
      <ele>1075.4</ele></trkpt>
      <trkpt lat="47.06693961319546" lon="8.487091399369133">
      <ele>1076.1</ele></trkpt>
      <trkpt lat="47.06692971431728" lon="8.487049404850666">
      <ele>1076.7</ele></trkpt>
      <trkpt lat="47.0669228513813" lon="8.487035512551278">
      <ele>1077.4</ele></trkpt>
      <trkpt lat="47.0669095729165" lon="8.487029670686177">
      <ele>1078.0</ele></trkpt>
      <trkpt lat="47.066889613148774" lon="8.487026502471041">
      <ele>1078.7</ele></trkpt>
      <trkpt lat="47.06687050886018" lon="8.487033093559885">
      <ele>1079.3</ele></trkpt>
      <trkpt lat="47.0668437319141" lon="8.48704649924391">
      <ele>1080.0</ele></trkpt>
      <trkpt lat="47.06682247547732" lon="8.487080919877947">
      <ele>1080.7</ele></trkpt>
      <trkpt lat="47.066781431289506" lon="8.487148512719266">
      <ele>1081.3</ele></trkpt>
      <trkpt lat="47.06673982142831" lon="8.487201204090626">
      <ele>1082.0</ele></trkpt>
      <trkpt lat="47.06667200052446" lon="8.487246694659625">
      <ele>1082.6</ele></trkpt>
      <trkpt lat="47.066552640360214" lon="8.48730622538529">
      <ele>1083.3</ele></trkpt>
      <trkpt lat="47.066415034468534" lon="8.48736205494026">
      <ele>1083.9</ele></trkpt>
      <trkpt lat="47.066333598038035" lon="8.487397233435388">
      <ele>1084.6</ele></trkpt>
      <trkpt lat="47.0662589692631" lon="8.487437574198292">
      <ele>1085.2</ele></trkpt>
      <trkpt lat="47.0661520580353" lon="8.487509051654731">
      <ele>1085.9</ele></trkpt>
      <trkpt lat="47.066029218855874" lon="8.48757520120508">
      <ele>1087.3</ele></trkpt>
      <trkpt lat="47.06581025251853" lon="8.487657861904335">
      <ele>1088.7</ele></trkpt>
      <trkpt lat="47.065635012679465" lon="8.487706278656496">
      <ele>1090.1</ele></trkpt>
      <trkpt lat="47.06548740744073" lon="8.487730129544108">
      <ele>1091.5</ele></trkpt>
      <trkpt lat="47.065292134971706" lon="8.487721306237093">
      <ele>1092.9</ele></trkpt>
      <trkpt lat="47.06520637366997" lon="8.487729647075694">
      <ele>1094.3</ele></trkpt>
      <trkpt lat="47.06514449917988" lon="8.487748500298258">
      <ele>1095.7</ele></trkpt>
      <trkpt lat="47.065073290779125" lon="8.487790578582702">
      <ele>1097.1</ele></trkpt>
      <trkpt lat="47.06498478657508" lon="8.487849051276035">
      <ele>1098.5</ele></trkpt>
      <trkpt lat="47.064815090073814" lon="8.487915953663524">
      <ele>1099.9</ele></trkpt>
      <trkpt lat="47.064653456868164" lon="8.487974640419479">
      <ele>1101.3</ele></trkpt>
      <trkpt lat="47.06460867306813" lon="8.488000528654842">
      <ele>1102.7</ele></trkpt>
      <trkpt lat="47.064544223913636" lon="8.48805108512386">
      <ele>1104.1</ele></trkpt>
      <trkpt lat="47.06447953292789" lon="8.488130073261965">
      <ele>1105.5</ele></trkpt>
      <trkpt lat="47.06443173786534" lon="8.48819409414255">
      <ele>1106.9</ele></trkpt>
      <trkpt lat="47.06438978623281" lon="8.488245735673653">
      <ele>1108.3</ele></trkpt>
      <trkpt lat="47.06435290426836" lon="8.488282060118653">
      <ele>1109.7</ele></trkpt>
      <trkpt lat="47.06431326403521" lon="8.488311116089903">
      <ele>1111.1</ele></trkpt>
      <trkpt lat="47.06426743196726" lon="8.488326688326083">
      <ele>1112.5</ele></trkpt>
      <trkpt lat="47.06420529721221" lon="8.488355303858418">
      <ele>1113.9</ele></trkpt>
      <trkpt lat="47.06415803427914" lon="8.48837290175082">
      <ele>1114.1</ele></trkpt>
      <trkpt lat="47.06408873403083" lon="8.488388264589734">
      <ele>1114.3</ele></trkpt>
      <trkpt lat="47.064033576459735" lon="8.488401521406537">
      <ele>1114.5</ele></trkpt>
      <trkpt lat="47.06399487589914" lon="8.488406503675504">
      <ele>1114.7</ele></trkpt>
      <trkpt lat="47.06390433143268" lon="8.488438169960839">
      <ele>1114.9</ele></trkpt>
      <trkpt lat="47.063813673827674" lon="8.488483196292004">
      <ele>1115.1</ele></trkpt>
      <trkpt lat="47.06368853150996" lon="8.488549295638038">
      <ele>1115.3</ele></trkpt>
      <trkpt lat="47.063572098833426" lon="8.488598477262704">
      <ele>1115.5</ele></trkpt>
      <trkpt lat="47.063472914743905" lon="8.488640374001491">
      <ele>1115.7</ele></trkpt>
      <trkpt lat="47.06334435440766" lon="8.488706418793104">
      <ele>1115.9</ele></trkpt>
      <trkpt lat="47.06325345213442" lon="8.488778190197626">
      <ele>1116.1</ele></trkpt>
      <trkpt lat="47.06316360863598" lon="8.488860092612768">
      <ele>1116.3</ele></trkpt>
      <trkpt lat="47.06309306816874" lon="8.48895401045128">
      <ele>1116.5</ele></trkpt>
      <trkpt lat="47.06304661320068" lon="8.489036696425677">
      <ele>1116.7</ele></trkpt>
      <trkpt lat="47.06301520003096" lon="8.489090767248202">
      <ele>1116.9</ele></trkpt>
      <trkpt lat="47.062982239895305" lon="8.489109394681243">
      <ele>1117.1</ele></trkpt>
      <trkpt lat="47.062960681422055" lon="8.489124638329066">
      <ele>1117.3</ele></trkpt>
      <trkpt lat="47.062933089080474" lon="8.489148478776142">
      <ele>1117.5</ele></trkpt>
      <trkpt lat="47.06291156238641" lon="8.489160247542877">
      <ele>1117.7</ele></trkpt>
      <trkpt lat="47.062882814586914" lon="8.489180589840876">
      <ele>1117.9</ele></trkpt>
      <trkpt lat="47.06287277304222" lon="8.489237870042121">
      <ele>1117.3</ele></trkpt>
      <trkpt lat="47.06287706909387" lon="8.48928845387114">
      <ele>1116.7</ele></trkpt>
      <trkpt lat="47.062875822252835" lon="8.48931756284729">
      <ele>1116.0</ele></trkpt>
      <trkpt lat="47.062861073330104" lon="8.489345617378355">
      <ele>1115.4</ele></trkpt>
      <trkpt lat="47.06285953567436" lon="8.489383896415852">
      <ele>1114.8</ele></trkpt>
      <trkpt lat="47.06286110662052" lon="8.489472749177466">
      <ele>1114.2</ele></trkpt>
      <trkpt lat="47.06286313062841" lon="8.489511098011493">
      <ele>1113.6</ele></trkpt>
      <trkpt lat="47.06286262068821" lon="8.48956682720236">
      <ele>1112.9</ele></trkpt>
      <trkpt lat="47.06286239762604" lon="8.489591203787155">
      <ele>1112.3</ele></trkpt>
      <trkpt lat="47.06285975227003" lon="8.489620759267636">
      <ele>1111.7</ele></trkpt>
      <trkpt lat="47.0628639844324" lon="8.48967830597345">
      <ele>1111.1</ele></trkpt>
      <trkpt lat="47.06287313375062" lon="8.489718545384164">
      <ele>1110.5</ele></trkpt>
      <trkpt lat="47.06288344748148" lon="8.489762283106321">
      <ele>1109.8</ele></trkpt>
      <trkpt lat="47.06290467138717" lon="8.489783604641822">
      <ele>1109.2</ele></trkpt>
      <trkpt lat="47.06292831067795" lon="8.489801484902607">
      <ele>1108.6</ele></trkpt>
      <trkpt lat="47.062944936144376" lon="8.489805286285547">
      <ele>1108.0</ele></trkpt>
      <trkpt lat="47.06295073783413" lon="8.489821079156046">
      <ele>1107.4</ele></trkpt>
      <trkpt lat="47.06294818807575" lon="8.489840183789244">
      <ele>1106.7</ele></trkpt>
      <trkpt lat="47.06293836033515" lon="8.48987308714272">
      <ele>1106.1</ele></trkpt>
      <trkpt lat="47.06294868991073" lon="8.489915087521206">
      <ele>1105.5</ele></trkpt>
      <trkpt lat="47.06296742786816" lon="8.489948537743961">
      <ele>1107.6</ele></trkpt>
      <trkpt lat="47.06298035503343" lon="8.489966208077817">
      <ele>1109.6</ele></trkpt>
      <trkpt lat="47.06300126007701" lon="8.490022357273608">
      <ele>1111.7</ele></trkpt>
      <trkpt lat="47.06304240908871" lon="8.490077152552125">
      <ele>1113.7</ele></trkpt>
      <trkpt lat="47.06306227048644" lon="8.490117589053657">
      <ele>1115.8</ele></trkpt>
      <trkpt lat="47.06308568654156" lon="8.490159846198303">
      <ele>1117.8</ele></trkpt>
      <trkpt lat="47.06309498821729" lon="8.490184409665076">
      <ele>1119.9</ele></trkpt>
      <trkpt lat="47.06310372276717" lon="8.490269927856254">
      <ele>1121.9</ele></trkpt>
      <trkpt lat="47.06311366651349" lon="8.49032261063476">
      <ele>1124.0</ele></trkpt>
      <trkpt lat="47.06311366651349" lon="8.49032261063476">
      <ele>1126.0</ele></trkpt>
      <trkpt lat="47.062886533718185" lon="8.490885415760987">
      <ele>1128.1</ele></trkpt>
      <trkpt lat="47.06265939815355" lon="8.491448216119368">
      <ele>1130.2</ele></trkpt>
      <trkpt lat="47.062432259819644" lon="8.492011011709891">
      <ele>1132.2</ele></trkpt>
      <trkpt lat="47.06220511871652" lon="8.492573802532574">
      <ele>1134.3</ele></trkpt>
      <trkpt lat="47.06191856902507" lon="8.492999766762917">
      <ele>1136.3</ele></trkpt>
      <trkpt lat="47.061700844714984" lon="8.493111574676625">
      <ele>1138.4</ele></trkpt>
      <trkpt lat="47.06148312028617" lon="8.493223381681524">
      <ele>1140.4</ele></trkpt>
      <trkpt lat="47.06143878992753" lon="8.493255591816173">
      <ele>1142.5</ele></trkpt>
      <trkpt lat="47.06142208467798" lon="8.493260489512704">
      <ele>1144.5</ele></trkpt>
      <trkpt lat="47.06138402816646" lon="8.493258003373473">
      <ele>1146.6</ele></trkpt>
      <trkpt lat="47.06133540350692" lon="8.49323963071939">
      <ele>1146.8</ele></trkpt>
      <trkpt lat="47.06130803414342" lon="8.493239092462495">
      <ele>1147.0</ele></trkpt>
      <trkpt lat="47.061261729008365" lon="8.493227729371002">
      <ele>1147.2</ele></trkpt>
      <trkpt lat="47.06121990099173" lon="8.493246060785756">
      <ele>1147.4</ele></trkpt>
      <trkpt lat="47.06119358390637" lon="8.493261221857471">
      <ele>1147.5</ele></trkpt>
      <trkpt lat="47.06117443125289" lon="8.493273035289263">
      <ele>1147.7</ele></trkpt>
      <trkpt lat="47.06115533557712" lon="8.493279623624867">
      <ele>1147.9</ele></trkpt>
      <trkpt lat="47.061119589594604" lon="8.493284146810616">
      <ele>1148.1</ele></trkpt>
      <trkpt lat="47.061095535047" lon="8.493311542418233">
      <ele>1148.3</ele></trkpt>
      <trkpt lat="47.06107263581669" lon="8.493342436081752">
      <ele>1148.5</ele></trkpt>
      <trkpt lat="47.06105946922921" lon="8.493350891838066">
      <ele>1148.7</ele></trkpt>
      <trkpt lat="47.061036690916474" lon="8.493369597771235">
      <ele>1148.9</ele></trkpt>
      <trkpt lat="47.061019953748605" lon="8.493377970121742">
      <ele>1149.1</ele></trkpt>
      <trkpt lat="47.06099836962838" lon="8.493394961842222">
      <ele>1149.3</ele></trkpt>
      <trkpt lat="47.06098761853488" lon="8.493399976569078">
      <ele>1149.5</ele></trkpt>
      <trkpt lat="47.06096732662186" lon="8.493406541307362">
      <ele>1149.6</ele></trkpt>
      <trkpt lat="47.06094709865556" lon="8.493406143435656">
      <ele>1149.8</ele></trkpt>
      <trkpt lat="47.06091358417936" lon="8.493427257803534">
      <ele>1150.0</ele></trkpt>
      <trkpt lat="47.06089089272237" lon="8.493435526160747">
      <ele>1150.2</ele></trkpt>
      <trkpt lat="47.06086931758733" lon="8.493452517993992">
      <ele>1150.4</ele></trkpt>
      <trkpt lat="47.0608500209326" lon="8.4934800069901">
      <ele>1151.0</ele></trkpt>
      <trkpt lat="47.06083293195357" lon="8.493526680103423">
      <ele>1151.6</ele></trkpt>
      <trkpt lat="47.060836946224896" lon="8.493607731912599">
      <ele>1152.3</ele></trkpt>
      <trkpt lat="47.06081601444081" lon="8.49368394875499">
      <ele>1152.9</ele></trkpt>
      <trkpt lat="47.06076319521636" lon="8.493733420435596">
      <ele>1153.5</ele></trkpt>
      <trkpt lat="47.060744083550944" lon="8.493741745910704">
      <ele>1154.1</ele></trkpt>
      <trkpt lat="47.06072472285733" lon="8.493776197314217">
      <ele>1154.7</ele></trkpt>
      <trkpt lat="47.06070047627531" lon="8.493824480216798">
      <ele>1155.4</ele></trkpt>
      <trkpt lat="47.060683643052904" lon="8.49384330280909">
      <ele>1156.0</ele></trkpt>
      <trkpt lat="47.06067135975114" lon="8.493884857234761">
      <ele>1156.6</ele></trkpt>
      <trkpt lat="47.06065536169181" lon="8.493942017019727">
      <ele>1157.2</ele></trkpt>
      <trkpt lat="47.060630852014334" lon="8.49401990072716">
      <ele>1157.8</ele></trkpt>
      <trkpt lat="47.060602810612394" lon="8.494092488697198">
      <ele>1158.5</ele></trkpt>
      <trkpt lat="47.06056877597032" lon="8.49417018477691">
      <ele>1159.1</ele></trkpt>
      <trkpt lat="47.0605167079792" lon="8.494320915621865">
      <ele>1159.7</ele></trkpt>
      <trkpt lat="47.060507534762756" lon="8.4943588056014">
      <ele>1160.3</ele></trkpt>
      <trkpt lat="47.06050772957141" lon="8.494466781355325">
      <ele>1160.9</ele></trkpt>
      <trkpt lat="47.060488329613094" lon="8.494506457720865">
      <ele>1161.6</ele></trkpt>
      <trkpt lat="47.060470171897585" lon="8.49453919471601">
      <ele>1162.2</ele></trkpt>
      <trkpt lat="47.06040407367634" lon="8.494609295143455">
      <ele>1162.8</ele></trkpt>
      <trkpt lat="47.060372966522664" lon="8.494627836305932">
      <ele>1163.2</ele></trkpt>
      <trkpt lat="47.060316111911646" lon="8.494727724483372">
      <ele>1163.5</ele></trkpt>
      <trkpt lat="47.06029572381765" lon="8.494744738995898">
      <ele>1163.9</ele></trkpt>
      <trkpt lat="47.06026330833021" lon="8.49477544417431">
      <ele>1164.3</ele></trkpt>
      <trkpt lat="47.060253760386956" lon="8.494778744599877">
      <ele>1164.7</ele></trkpt>
      <trkpt lat="47.060221312934594" lon="8.494812924407423">
      <ele>1165.0</ele></trkpt>
      <trkpt lat="47.0602031160688" lon="8.494850886483317">
      <ele>1165.4</ele></trkpt>
      <trkpt lat="47.060184958375025" lon="8.494883610026013">
      <ele>1165.8</ele></trkpt>
      <trkpt lat="47.06018218345679" lon="8.494927101939679">
      <ele>1166.1</ele></trkpt>
      <trkpt lat="47.06017639069249" lon="8.494973009237809">
      <ele>1166.5</ele></trkpt>
      <trkpt lat="47.060147449715366" lon="8.495014234878504">
      <ele>1166.9</ele></trkpt>
      <trkpt lat="47.060130300260646" lon="8.495015582042477">
      <ele>1167.2</ele></trkpt>
      <trkpt lat="47.06012489644699" lon="8.494982039022561">
      <ele>1167.6</ele></trkpt>
      <trkpt lat="47.06013010223882" lon="8.494911924766503">
      <ele>1168.0</ele></trkpt>
      <trkpt lat="47.060135249110864" lon="8.494850168480989">
      <ele>1168.3</ele></trkpt>
      <trkpt lat="47.06013096326705" lon="8.494818306159106">
      <ele>1168.7</ele></trkpt>
      <trkpt lat="47.0601092844984" lon="8.49481622052256">
      <ele>1169.1</ele></trkpt>
      <trkpt lat="47.06006776967979" lon="8.494857198538885">
      <ele>1169.5</ele></trkpt>
      <trkpt lat="47.06000761225872" lon="8.494939604910904">
      <ele>1169.8</ele></trkpt>
      <trkpt lat="47.05995464400592" lon="8.494983700786868">
      <ele>1170.2</ele></trkpt>
      <trkpt lat="47.05992240491614" lon="8.494997177485612">
      <ele>1169.8</ele></trkpt>
      <trkpt lat="47.05988107066825" lon="8.495117287245256">
      <ele>1169.3</ele></trkpt>
      <trkpt lat="47.05985975156952" lon="8.495181712803122">
      <ele>1168.9</ele></trkpt>
      <trkpt lat="47.0598245609318" lon="8.495281328624364">
      <ele>1168.5</ele></trkpt>
      <trkpt lat="47.05979948775161" lon="8.495367558519009">
      <ele>1168.0</ele></trkpt>
      <trkpt lat="47.05976935538194" lon="8.495461007770238">
      <ele>1167.6</ele></trkpt>
      <trkpt lat="47.059733771888475" lon="8.495525086111876">
      <ele>1167.2</ele></trkpt>
      <trkpt lat="47.05968525802565" lon="8.495598321702516">
      <ele>1166.7</ele></trkpt>
      <trkpt lat="47.05963265524685" lon="8.495650572315675">
      <ele>1166.3</ele></trkpt>
      <trkpt lat="47.059566480190306" lon="8.495702555293596">
      <ele>1165.8</ele></trkpt>
      <trkpt lat="47.05949920315467" lon="8.495728636287852">
      <ele>1165.4</ele></trkpt>
      <trkpt lat="47.059465502789315" lon="8.495746440852699">
      <ele>1165.0</ele></trkpt>
      <trkpt lat="47.05927983417807" lon="8.495811324766741">
      <ele>1164.5</ele></trkpt>
      <trkpt lat="47.059249705623984" lon="8.495826145622072">
      <ele>1164.1</ele></trkpt>
      <trkpt lat="47.05915243377197" lon="8.495874013382355">
      <ele>1163.7</ele></trkpt>
      <trkpt lat="47.05904541840449" lon="8.4959571651514">
      <ele>1163.2</ele></trkpt>
      <trkpt lat="47.05894530272945" lon="8.496035437260348">
      <ele>1162.8</ele></trkpt>
      <trkpt lat="47.058913953828" lon="8.496089975072262">
      <ele>1162.4</ele></trkpt>
      <trkpt lat="47.05887220114599" lon="8.496157708306653">
      <ele>1161.9</ele></trkpt>
      <trkpt lat="47.058831852610034" lon="8.496197022395597">
      <ele>1161.5</ele></trkpt>
      <trkpt lat="47.058736413458185" lon="8.496263696643693">
      <ele>1161.2</ele></trkpt>
      <trkpt lat="47.058700941821456" lon="8.496269671050069">
      <ele>1160.9</ele></trkpt>
      <trkpt lat="47.05866219708738" lon="8.496258889391047">
      <ele>1160.6</ele></trkpt>
      <trkpt lat="47.05862559845885" lon="8.49626318294746">
      <ele>1160.2</ele></trkpt>
      <trkpt lat="47.05857272464229" lon="8.496298919348815">
      <ele>1159.9</ele></trkpt>
      <trkpt lat="47.0585230286937" lon="8.496359795041394">
      <ele>1159.6</ele></trkpt>
      <trkpt lat="47.05849394876755" lon="8.49641604876979">
      <ele>1159.3</ele></trkpt>
      <trkpt lat="47.058485134277056" lon="8.496459841346084">
      <ele>1159.0</ele></trkpt>
      <trkpt lat="47.05847992881075" lon="8.49649563581211">
      <ele>1158.7</ele></trkpt>
      <trkpt lat="47.05847980684567" lon="8.496508875991205">
      <ele>1158.3</ele></trkpt>
      <trkpt lat="47.058478738040336" lon="8.496521386657719">
      <ele>1158.0</ele></trkpt>
      <trkpt lat="47.05848426968107" lon="8.496541004240227">
      <ele>1157.7</ele></trkpt>
      <trkpt lat="47.058482170496625" lon="8.496561853469238">
      <ele>1157.4</ele></trkpt>
      <trkpt lat="47.05848012504255" lon="8.496577846387023">
      <ele>1157.1</ele></trkpt>
      <trkpt lat="47.0584738087505" lon="8.496591648872267">
      <ele>1156.8</ele></trkpt>
      <trkpt lat="47.05846939023385" lon="8.49660548879401">
      <ele>1156.5</ele></trkpt>
      <trkpt lat="47.05846688735986" lon="8.496619379669674">
      <ele>1156.1</ele></trkpt>
      <trkpt lat="47.058469152824465" lon="8.496631258441111">
      <ele>1155.8</ele></trkpt>
      <trkpt lat="47.05846932795781" lon="8.496663999772256">
      <ele>1155.5</ele></trkpt>
      <trkpt lat="47.058462193608065" lon="8.496703126033955">
      <ele>1155.2</ele></trkpt>
      <trkpt lat="47.058450612518556" lon="8.496779654471744">
      <ele>1160.7</ele></trkpt>
      <trkpt lat="47.05839287028624" lon="8.496970769264331">
      <ele>1166.2</ele></trkpt>
      <trkpt lat="47.05833661793662" lon="8.497125134046085">
      <ele>1171.7</ele></trkpt>
      <trkpt lat="47.05828136638549" lon="8.49729289243794">
      <ele>1177.1</ele></trkpt>
      <trkpt lat="47.05822055096277" lon="8.49744549470723">
      <ele>1182.6</ele></trkpt>
      <trkpt lat="47.05815324879105" lon="8.497587424559137">
      <ele>1188.1</ele></trkpt>
      <trkpt lat="47.05814996257954" lon="8.49710773612747">
      <ele>1193.6</ele></trkpt>
      <trkpt lat="47.05781764327701" lon="8.497527269776567">
      <ele>1199.1</ele></trkpt>
      <trkpt lat="47.05747180143712" lon="8.497733717804733">
      <ele>1204.6</ele></trkpt>
      <trkpt lat="47.05758072227049" lon="8.49741099521199">
      <ele>1210.1</ele></trkpt>
      <trkpt lat="47.057689642194276" lon="8.497088271308444">
      <ele>1215.5</ele></trkpt>
      <trkpt lat="47.05779864283368" lon="8.496757273168322">
      <ele>1221.0</ele></trkpt>
      <trkpt lat="47.05790764251637" lon="8.496426273682822">
      <ele>1226.5</ele></trkpt>
      <trkpt lat="47.05807064317499" lon="8.496163274756325">
      <ele>1232.0</ele></trkpt>
      <trkpt lat="47.05823364322568" lon="8.495900274230657">
      <ele>1237.5</ele></trkpt>
      <trkpt lat="47.05821064360504" lon="8.495737274823435">
      <ele>1243.0</ele></trkpt>
      <trkpt lat="47.05807864284837" lon="8.495540275551154">
      <ele>1248.4</ele></trkpt>
      <trkpt lat="47.05817314159219" lon="8.495107307220643">
      <ele>1253.9</ele></trkpt>
      <trkpt lat="47.05826763870147" lon="8.49467433736489">
      <ele>1259.4</ele></trkpt>
      <trkpt lat="47.05866825909773" lon="8.49445627974597">
      <ele>1264.9</ele></trkpt>
      <trkpt lat="47.05906887904655" lon="8.494238218866002">
      <ele>1272.7</ele></trkpt>
      <trkpt lat="47.05876241494486" lon="8.493982203084238">
      <ele>1280.4</ele></trkpt>
      <trkpt lat="47.05915847886273" lon="8.493808646827821">
      <ele>1288.2</ele></trkpt>
      <trkpt lat="47.05897764361274" lon="8.493539282917114">
      <ele>1296.0</ele></trkpt>
      <trkpt lat="47.059030170140836" lon="8.49296830073045">
      <ele>1303.7</ele></trkpt>
      <trkpt lat="47.05880381395143" lon="8.49281321853973">
      <ele>1311.5</ele></trkpt>
      <trkpt lat="47.058630143660274" lon="8.492883518322119">
      <ele>1319.3</ele></trkpt>
      <trkpt lat="47.05837639212368" lon="8.492849685879971">
      <ele>1327.0</ele></trkpt>
      <trkpt lat="47.05849170277764" lon="8.492694912268872">
      <ele>1334.8</ele></trkpt>
      <trkpt lat="47.05835564009976" lon="8.49261128596267">
      <ele>1342.6</ele></trkpt>
      <trkpt lat="47.058270640641936" lon="8.492683285185757">
      <ele>1350.3</ele></trkpt>
      <trkpt lat="47.05798022278188" lon="8.49235921324965">
      <ele>1358.1</ele></trkpt>
      <trkpt lat="47.05798022278188" lon="8.49235921324965">
      <ele>1365.8</ele></trkpt>
      <trkpt lat="47.05794441292815" lon="8.492370698995773">
      <ele>1373.6</ele></trkpt>
      <trkpt lat="47.057926504527394" lon="8.492377310583002">
      <ele>1381.4</ele></trkpt>
      <trkpt lat="47.05790739977522" lon="8.492383911821872">
      <ele>1389.1</ele></trkpt>
      <trkpt lat="47.05787988667622" lon="8.492399035712285">
      <ele>1396.9</ele></trkpt>
      <trkpt lat="47.057864352745526" lon="8.492405693939546">
      <ele>1404.7</ele></trkpt>
      <trkpt lat="47.05783996486818" lon="8.492418457144582">
      <ele>1412.4</ele></trkpt>
      <trkpt lat="47.05781567994919" lon="8.492419019860852">
      <ele>1420.2</ele></trkpt>
      <trkpt lat="47.057797835432524" lon="8.492418669218893">
      <ele>1420.1</ele></trkpt>
      <trkpt lat="47.05778000112389" lon="8.492416225793685">
      <ele>1420.0</ele></trkpt>
      <trkpt lat="47.05776719634011" lon="8.492410748305218">
      <ele>1419.9</ele></trkpt>
      <trkpt lat="47.057758720078624" lon="8.492401183069868">
      <ele>1419.7</ele></trkpt>
      <trkpt lat="47.0577473741163" lon="8.49239260135962">
      <ele>1419.6</ele></trkpt>
      <trkpt lat="47.0577358843203" lon="8.49239969444942">
      <ele>1419.5</ele></trkpt>
      <trkpt lat="47.05772866622819" lon="8.492407911382717">
      <ele>1419.4</ele></trkpt>
      <trkpt lat="47.0577127514698" lon="8.492430581969963">
      <ele>1419.3</ele></trkpt>
      <trkpt lat="47.057698977329416" lon="8.492453294607902">
      <ele>1419.2</ele></trkpt>
      <trkpt lat="47.05768881217267" lon="8.492471905356167">
      <ele>1419.1</ele></trkpt>
      <trkpt lat="47.057671308722774" lon="8.492515750918214">
      <ele>1418.9</ele></trkpt>
      <trkpt lat="47.0576279555367" lon="8.492557166588233">
      <ele>1418.8</ele></trkpt>
      <trkpt lat="47.05760724136889" lon="8.49257347699862">
      <ele>1418.7</ele></trkpt>
      <trkpt lat="47.05758557812984" lon="8.492569694598012">
      <ele>1418.6</ele></trkpt>
      <trkpt lat="47.05757381272159" lon="8.492558787882999">
      <ele>1418.5</ele></trkpt>
      <trkpt lat="47.057570842289145" lon="8.492556044179281">
      <ele>1418.4</ele></trkpt>
      <trkpt lat="47.057551432779036" lon="8.49255566273753">
      <ele>1418.2</ele></trkpt>
      <trkpt lat="47.05752481421067" lon="8.492591918048555">
      <ele>1418.1</ele></trkpt>
      <trkpt lat="47.057523641265135" lon="8.492595238489955">
      <ele>1418.0</ele></trkpt>
      <trkpt lat="47.05751192079861" lon="8.492628443073093">
      <ele>1417.9</ele></trkpt>
      <trkpt lat="47.0574724858957" lon="8.492672239126897">
      <ele>1417.1</ele></trkpt>
      <trkpt lat="47.05746459701756" lon="8.492681008823332">
      <ele>1416.2</ele></trkpt>
      <trkpt lat="47.05743127189139" lon="8.492702086500653">
      <ele>1415.4</ele></trkpt>
      <trkpt lat="47.05742187295642" lon="8.492730321404364">
      <ele>1414.6</ele></trkpt>
      <trkpt lat="47.05740719071723" lon="8.49280785443183">
      <ele>1413.7</ele></trkpt>
      <trkpt lat="47.057363790981" lon="8.492958195229189">
      <ele>1412.9</ele></trkpt>
      <trkpt lat="47.0573181465767" lon="8.493077676342194">
      <ele>1412.1</ele></trkpt>
      <trkpt lat="47.05730882702598" lon="8.493114890059227">
      <ele>1411.2</ele></trkpt>
      <trkpt lat="47.05728137617027" lon="8.493169267595679">
      <ele>1410.4</ele></trkpt>
      <trkpt lat="47.057244619622395" lon="8.493215261352518">
      <ele>1409.6</ele></trkpt>
      <trkpt lat="47.05723781863867" lon="8.493247601452875">
      <ele>1408.7</ele></trkpt>
      <trkpt lat="47.057254880732415" lon="8.493325310829217">
      <ele>1407.9</ele></trkpt>
      <trkpt lat="47.05722477628938" lon="8.493416874957235">
      <ele>1407.0</ele></trkpt>
      <trkpt lat="47.057201774465106" lon="8.49355686161269">
      <ele>1406.2</ele></trkpt>
      <trkpt lat="47.05718764474745" lon="8.493722046091014">
      <ele>1405.4</ele></trkpt>
      <trkpt lat="47.057160627798005" lon="8.493808471143325">
      <ele>1404.5</ele></trkpt>
      <trkpt lat="47.05713592475035" lon="8.493884884904633">
      <ele>1403.7</ele></trkpt>
      <trkpt lat="47.05712037706089" lon="8.49391946162176">
      <ele>1402.9</ele></trkpt>
      <trkpt lat="47.05709044846811" lon="8.49398596581657">
      <ele>1402.0</ele></trkpt>
      <trkpt lat="47.05705691441222" lon="8.49402877095155">
      <ele>1401.2</ele></trkpt>
      <trkpt lat="47.05704740125092" lon="8.494070377042066">
      <ele>1400.5</ele></trkpt>
      <trkpt lat="47.05704497577412" lon="8.494104264154451">
      <ele>1399.9</ele></trkpt>
      <trkpt lat="47.05704346750426" lon="8.494125466784496">
      <ele>1399.2</ele></trkpt>
      <trkpt lat="47.057043190852696" lon="8.49415556568114">
      <ele>1398.6</ele></trkpt>
      <trkpt lat="47.05701288391898" lon="8.494220153534686">
      <ele>1397.9</ele></trkpt>
      <trkpt lat="47.0569965170997" lon="8.494261624651527">
      <ele>1397.3</ele></trkpt>
      <trkpt lat="47.05697097242269" lon="8.494306258539842">
      <ele>1396.6</ele></trkpt>
      <trkpt lat="47.05694313420447" lon="8.49435084723624">
      <ele>1396.0</ele></trkpt>
      <trkpt lat="47.05692730376211" lon="8.494384852112102">
      <ele>1395.3</ele></trkpt>
      <trkpt lat="47.056907084246724" lon="8.494459852946953">
      <ele>1394.7</ele></trkpt>
      <trkpt lat="47.05688574431985" lon="8.49448450872494">
      <ele>1394.0</ele></trkpt>
      <trkpt lat="47.056840124333384" lon="8.494510173886695">
      <ele>1393.3</ele></trkpt>
      <trkpt lat="47.05682272973029" lon="8.494550900571598">
      <ele>1392.7</ele></trkpt>
      <trkpt lat="47.056814160045334" lon="8.494592603947762">
      <ele>1392.0</ele></trkpt>
      <trkpt lat="47.056814246598464" lon="8.494617431428289">
      <ele>1391.4</ele></trkpt>
      <trkpt lat="47.05682259561372" lon="8.494634944911802">
      <ele>1390.7</ele></trkpt>
      <trkpt lat="47.05680982627793" lon="8.494756703072754">
      <ele>1390.1</ele></trkpt>
      <trkpt lat="47.0568010764401" lon="8.494783752232305">
      <ele>1389.4</ele></trkpt>
      <trkpt lat="47.056771700641285" lon="8.494825309056452">
      <ele>1388.8</ele></trkpt>
      <trkpt lat="47.05675191682808" lon="8.49485193026238">
      <ele>1388.1</ele></trkpt>
      <trkpt lat="47.05674545655624" lon="8.494903902869867">
      <ele>1387.4</ele></trkpt>
      <trkpt lat="47.056750382994245" lon="8.494951203045861">
      <ele>1386.7</ele></trkpt>
      <trkpt lat="47.056772853509855" lon="8.495009998021308">
      <ele>1386.0</ele></trkpt>
      <trkpt lat="47.05677119373746" lon="8.495054496366684">
      <ele>1385.3</ele></trkpt>
      <trkpt lat="47.05675643588176" lon="8.495187008949669">
      <ele>1384.6</ele></trkpt>
      <trkpt lat="47.0567502902556" lon="8.495238987723422">
      <ele>1383.9</ele></trkpt>
      <trkpt lat="47.056735277975115" lon="8.495246616179937">
      <ele>1383.2</ele></trkpt>
      <trkpt lat="47.0567210637137" lon="8.495260394391645">
      <ele>1382.5</ele></trkpt>
      <trkpt lat="47.05671522947794" lon="8.495273640057553">
      <ele>1381.8</ele></trkpt>
      <trkpt lat="47.05671888519939" lon="8.495289889618867">
      <ele>1381.0</ele></trkpt>
      <trkpt lat="47.05673287300996" lon="8.495300722084615">
      <ele>1380.3</ele></trkpt>
      <trkpt lat="47.056746379520554" lon="8.495322799587424">
      <ele>1379.6</ele></trkpt>
      <trkpt lat="47.05674697569438" lon="8.495341108147707">
      <ele>1378.9</ele></trkpt>
      <trkpt lat="47.05673786209783" lon="8.495380299624003">
      <ele>1378.2</ele></trkpt>
      <trkpt lat="47.056716046744235" lon="8.495453662477425">
      <ele>1377.5</ele></trkpt>
      <trkpt lat="47.056691910247245" lon="8.495558321017386">
      <ele>1376.8</ele></trkpt>
      <trkpt lat="47.05668114554854" lon="8.495598032729555">
      <ele>1376.1</ele></trkpt>
      <trkpt lat="47.05670551331378" lon="8.49558749541841">
      <ele>1375.4</ele></trkpt>
      <trkpt lat="47.05673945824156" lon="8.49556266735682">
      <ele>1374.7</ele></trkpt>
      <trkpt lat="47.05674605351126" lon="8.495565456298607">
      <ele>1374.0</ele></trkpt>
      <trkpt lat="47.056729050851715" lon="8.49563295102961">
      <ele>1373.4</ele></trkpt>
      <trkpt lat="47.05671610319429" lon="8.495680149060712">
      <ele>1372.8</ele></trkpt>
      <trkpt lat="47.0567091744808" lon="8.495707720959695">
      <ele>1372.3</ele></trkpt>
      <trkpt lat="47.056698474138194" lon="8.495726754593356">
      <ele>1371.7</ele></trkpt>
      <trkpt lat="47.05667924939477" lon="8.495751254022888">
      <ele>1371.1</ele></trkpt>
      <trkpt lat="47.05666961751537" lon="8.495765622614925">
      <ele>1370.5</ele></trkpt>
      <trkpt lat="47.05666274935934" lon="8.495786614095337">
      <ele>1369.9</ele></trkpt>
      <trkpt lat="47.05665907493377" lon="8.495822240139567">
      <ele>1369.4</ele></trkpt>
      <trkpt lat="47.056658151374336" lon="8.495865884117189">
      <ele>1368.8</ele></trkpt>
      <trkpt lat="47.056658027109414" lon="8.495906740099382">
      <ele>1368.2</ele></trkpt>
      <trkpt lat="47.056653422118906" lon="8.49593400234744">
      <ele>1367.6</ele></trkpt>
      <trkpt lat="47.05664977550348" lon="8.495961717869775">
      <ele>1367.0</ele></trkpt>
      <trkpt lat="47.05664841433792" lon="8.49597472255464">
      <ele>1366.5</ele></trkpt>
      <trkpt lat="47.05664141544452" lon="8.495985483654904">
      <ele>1365.9</ele></trkpt>
      <trkpt lat="47.05663189199142" lon="8.495988073315216">
      <ele>1365.3</ele></trkpt>
      <trkpt lat="47.05661976594004" lon="8.4959909670665">
      <ele>1364.7</ele></trkpt>
      <trkpt lat="47.05660655830758" lon="8.496003856643211">
      <ele>1364.1</ele></trkpt>
      <trkpt lat="47.05658550547236" lon="8.496058845203708">
      <ele>1363.6</ele></trkpt>
      <trkpt lat="47.056562076528685" lon="8.496121776889556">
      <ele>1363.0</ele></trkpt>
      <trkpt lat="47.056526935822234" lon="8.49622954810316">
      <ele>1362.4</ele></trkpt>
      <trkpt lat="47.05649428784347" lon="8.496316702248993">
      <ele>1361.6</ele></trkpt>
      <trkpt lat="47.05647529889566" lon="8.496371257408835">
      <ele>1360.9</ele></trkpt>
      <trkpt lat="47.056455662785" lon="8.4964394235808">
      <ele>1360.1</ele></trkpt>
      <trkpt lat="47.05643727751974" lon="8.496485079146968">
      <ele>1359.3</ele></trkpt>
      <trkpt lat="47.05642157730878" lon="8.496543937582759">
      <ele>1358.6</ele></trkpt>
      <trkpt lat="47.056408514400516" lon="8.496595792592851">
      <ele>1357.8</ele></trkpt>
      <trkpt lat="47.05639376529333" lon="8.49663635986917">
      <ele>1357.0</ele></trkpt>
      <trkpt lat="47.05637073071363" lon="8.49668379274923">
      <ele>1356.3</ele></trkpt>
      <trkpt lat="47.056359214361464" lon="8.49673474361179">
      <ele>1355.5</ele></trkpt>
      <trkpt lat="47.05636100977597" lon="8.496762487326274">
      <ele>1354.8</ele></trkpt>
      <trkpt lat="47.05636752301976" lon="8.496779056528604">
      <ele>1354.0</ele></trkpt>
      <trkpt lat="47.056379967096014" lon="8.496825609803995">
      <ele>1353.2</ele></trkpt>
      <trkpt lat="47.05637971156664" lon="8.496853339389547">
      <ele>1352.5</ele></trkpt>
      <trkpt lat="47.056379304791804" lon="8.49689748036189">
      <ele>1351.7</ele></trkpt>
      <trkpt lat="47.05635559200434" lon="8.496956996608725">
      <ele>1350.9</ele></trkpt>
      <trkpt lat="47.05634890647205" lon="8.496973766072877">
      <ele>1350.2</ele></trkpt>
      <trkpt lat="47.05630247647422" lon="8.497053091884728">
      <ele>1349.4</ele></trkpt>
      <trkpt lat="47.056281515050436" lon="8.497096155798866">
      <ele>1348.6</ele></trkpt>
      <trkpt lat="47.05627991713358" lon="8.497144590665659">
      <ele>1347.9</ele></trkpt>
      <trkpt lat="47.056290243871345" lon="8.497189535755133">
      <ele>1347.1</ele></trkpt>
      <trkpt lat="47.0562941965114" lon="8.497206725762391">
      <ele>1346.1</ele></trkpt>
      <trkpt lat="47.05629906038663" lon="8.497298765810427">
      <ele>1345.1</ele></trkpt>
      <trkpt lat="47.05627093907795" lon="8.497498815768598">
      <ele>1344.2</ele></trkpt>
      <trkpt lat="47.056246966291404" lon="8.497553324539922">
      <ele>1343.2</ele></trkpt>
      <trkpt lat="47.05622299144489" lon="8.497637318458565">
      <ele>1342.2</ele></trkpt>
      <trkpt lat="47.05620705583084" lon="8.497687497236326">
      <ele>1341.2</ele></trkpt>
      <trkpt lat="47.056192966240424" lon="8.497731617951171">
      <ele>1340.3</ele></trkpt>
      <trkpt lat="47.056190710652224" lon="8.497782080007864">
      <ele>1339.3</ele></trkpt>
      <trkpt lat="47.05620109355234" lon="8.497817983246367">
      <ele>1338.3</ele></trkpt>
      <trkpt lat="47.056220278271844" lon="8.497867118088259">
      <ele>1337.3</ele></trkpt>
      <trkpt lat="47.05622347056815" lon="8.49790723630822">
      <ele>1336.4</ele></trkpt>
      <trkpt lat="47.05620652424287" lon="8.497938242808747">
      <ele>1335.4</ele></trkpt>
      <trkpt lat="47.05618693039293" lon="8.49799880067945">
      <ele>1334.4</ele></trkpt>
      <trkpt lat="47.05617462942766" lon="8.498042101033558">
      <ele>1333.4</ele></trkpt>
      <trkpt lat="47.056166356408845" lon="8.498100263032942">
      <ele>1332.5</ele></trkpt>
      <trkpt lat="47.05616641988836" lon="8.498157734116093">
      <ele>1331.5</ele></trkpt>
      <trkpt lat="47.05614128868688" lon="8.498237334673155">
      <ele>1330.5</ele></trkpt>
      <trkpt lat="47.05611249831736" lon="8.498326445537389">
      <ele>1329.5</ele></trkpt>
      <trkpt lat="47.05608860330844" lon="8.498401726569192">
      <ele>1328.6</ele></trkpt>
      <trkpt lat="47.05607507389595" lon="8.498448477515014">
      <ele>1327.6</ele></trkpt>
      <trkpt lat="47.05605661172437" lon="8.498450718947575">
      <ele>1326.2</ele></trkpt>
      <trkpt lat="47.05604898104169" lon="8.498439261125426">
      <ele>1324.8</ele></trkpt>
      <trkpt lat="47.056037081707004" lon="8.498439025976412">
      <ele>1323.4</ele></trkpt>
      <trkpt lat="47.05602462713528" lon="8.498473609166805">
      <ele>1322.0</ele></trkpt>
      <trkpt lat="47.056029015570644" lon="8.498513737756971">
      <ele>1320.6</ele></trkpt>
      <trkpt lat="47.05604178072984" lon="8.49854881935696">
      <ele>1319.2</ele></trkpt>
      <trkpt lat="47.05603430187441" lon="8.498585238383717">
      <ele>1317.8</ele></trkpt>
      <trkpt lat="47.05602685507829" lon="8.498618183000614">
      <ele>1316.4</ele></trkpt>
      <trkpt lat="47.05601349529585" lon="8.498647522539775">
      <ele>1315.0</ele></trkpt>
      <trkpt lat="47.0560132220753" lon="8.498677120732843">
      <ele>1313.7</ele></trkpt>
      <trkpt lat="47.05602005817294" lon="8.498710334485372">
      <ele>1312.3</ele></trkpt>
      <trkpt lat="47.05603282327209" lon="8.498745416126354">
      <ele>1310.9</ele></trkpt>
      <trkpt lat="47.056044273380685" lon="8.498779695172074">
      <ele>1309.5</ele></trkpt>
      <trkpt lat="47.056051302271335" lon="8.498792023067903">
      <ele>1308.1</ele></trkpt>
      <trkpt lat="47.05606547255981" lon="8.498804492140618">
      <ele>1306.7</ele></trkpt>
      <trkpt lat="47.05608307600115" lon="8.498830955564102">
      <ele>1305.3</ele></trkpt>
      <trkpt lat="47.05608518619775" lon="8.498860600914345">
      <ele>1303.9</ele></trkpt>
      <trkpt lat="47.0560848807217" lon="8.498893686709867">
      <ele>1302.5</ele></trkpt>
      <trkpt lat="47.05607024431785" lon="8.498931701728623">
      <ele>1301.1</ele></trkpt>
      <trkpt lat="47.05605220684495" lon="8.498952247979565">
      <ele>1299.7</ele></trkpt>
      <trkpt lat="47.05602870685101" lon="8.498974963414916">
      <ele>1299.9</ele></trkpt>
      <trkpt lat="47.056020088870724" lon="8.499006134140004">
      <ele>1300.1</ele></trkpt>
      <trkpt lat="47.05600079986118" lon="8.499033618828284">
      <ele>1300.4</ele></trkpt>
      <trkpt lat="47.055985153003505" lon="8.499052461609718">
      <ele>1300.6</ele></trkpt>
      <trkpt lat="47.05596250936598" lon="8.499055502071156">
      <ele>1300.8</ele></trkpt>
      <trkpt lat="47.05594562702091" lon="8.499079546108964">
      <ele>1301.0</ele></trkpt>
      <trkpt lat="47.05592994090005" lon="8.499103613785783">
      <ele>1301.2</ele></trkpt>
      <trkpt lat="47.05592015886331" lon="8.49913127322483">
      <ele>1301.5</ele></trkpt>
      <trkpt lat="47.055909214501035" lon="8.499157185318971">
      <ele>1301.7</ele></trkpt>
      <trkpt lat="47.05589581349831" lon="8.499189998872597">
      <ele>1301.9</ele></trkpt>
      <trkpt lat="47.05587655665467" lon="8.499213995880805">
      <ele>1302.1</ele></trkpt>
      <trkpt lat="47.055851329475765" lon="8.499239625474656">
      <ele>1302.3</ele></trkpt>
      <trkpt lat="47.05582479362322" lon="8.499277404899212">
      <ele>1302.6</ele></trkpt>
      <trkpt lat="47.055791350358646" lon="8.499290683053168">
      <ele>1302.8</ele></trkpt>
      <trkpt lat="47.055748269786314" lon="8.499315946307043">
      <ele>1303.0</ele></trkpt>
      <trkpt lat="47.05572788099309" lon="8.49933295762428">
      <ele>1303.2</ele></trkpt>
      <trkpt lat="47.05573239069283" lon="8.499360899589034">
      <ele>1303.4</ele></trkpt>
      <trkpt lat="47.055731988546135" lon="8.499404434625665">
      <ele>1303.7</ele></trkpt>
      <trkpt lat="47.055704377981165" lon="8.499430003755627">
      <ele>1303.9</ele></trkpt>
      <trkpt lat="47.0556721701983" lon="8.49943808054325">
      <ele>1304.1</ele></trkpt>
      <trkpt lat="47.05564340460834" lon="8.499460138608326">
      <ele>1303.3</ele></trkpt>
      <trkpt lat="47.055614703207624" lon="8.499475247904648">
      <ele>1302.6</ele></trkpt>
      <trkpt lat="47.055588353171906" lon="8.49949387870284">
      <ele>1301.8</ele></trkpt>
      <trkpt lat="47.055587967145655" lon="8.499535663275719">
      <ele>1301.1</ele></trkpt>
      <trkpt lat="47.05558521368971" lon="8.499575663511624">
      <ele>1300.3</ele></trkpt>
      <trkpt lat="47.05556588344726" lon="8.499606621963444">
      <ele>1299.6</ele></trkpt>
      <trkpt lat="47.05552156011614" lon="8.499638836601013">
      <ele>1298.8</ele></trkpt>
      <trkpt lat="47.055479634475766" lon="8.499667610460465">
      <ele>1298.1</ele></trkpt>
      <trkpt lat="47.055427864131474" lon="8.499732755929507">
      <ele>1297.3</ele></trkpt>
      <trkpt lat="47.05535341798285" lon="8.499804415739941">
      <ele>1296.6</ele></trkpt>
      <trkpt lat="47.05530271317624" lon="8.499881770791555">
      <ele>1295.8</ele></trkpt>
      <trkpt lat="47.055291704301695" lon="8.499914644297156">
      <ele>1295.1</ele></trkpt>
      <trkpt lat="47.055279531421014" lon="8.4999440066057">
      <ele>1294.3</ele></trkpt>
      <trkpt lat="47.055262777698154" lon="8.49995411317841">
      <ele>1293.6</ele></trkpt>
      <trkpt lat="47.05524120157322" lon="8.499971100603728">
      <ele>1292.8</ele></trkpt>
      <trkpt lat="47.055211126889986" lon="8.500005334224195">
      <ele>1292.1</ele></trkpt>
      <trkpt lat="47.05520255679898" lon="8.500031292790167">
      <ele>1291.3</ele></trkpt>
      <trkpt lat="47.055186861481985" lon="8.50005535967693">
      <ele>1290.6</ele></trkpt>
      <trkpt lat="47.055165397986265" lon="8.50006016051589">
      <ele>1289.8</ele></trkpt>
      <trkpt lat="47.05512381928788" lon="8.500052361336152">
      <ele>1289.1</ele></trkpt>
      <trkpt lat="47.05508204729468" lon="8.500065473996447">
      <ele>1288.7</ele></trkpt>
      <trkpt lat="47.055047423883636" lon="8.500076977470998">
      <ele>1288.2</ele></trkpt>
      <trkpt lat="47.05502113809965" lon="8.500088645948473">
      <ele>1287.8</ele></trkpt>
      <trkpt lat="47.05498881773923" lon="8.500108895558153">
      <ele>1287.3</ele></trkpt>
      <trkpt lat="47.05496607747724" lon="8.500122384827666">
      <ele>1286.9</ele></trkpt>
      <trkpt lat="47.054940866270975" lon="8.50014626323414">
      <ele>1286.4</ele></trkpt>
      <trkpt lat="47.05492987350054" lon="8.50017738613939">
      <ele>1286.0</ele></trkpt>
      <trkpt lat="47.05492242624583" lon="8.500210329856664">
      <ele>1285.5</ele></trkpt>
      <trkpt lat="47.05491497910333" lon="8.500243260404483">
      <ele>1285.1</ele></trkpt>
      <trkpt lat="47.05490161890252" lon="8.500272598930344">
      <ele>1284.7</ele></trkpt>
      <trkpt lat="47.05488707852576" lon="8.500300176598806">
      <ele>1284.2</ele></trkpt>
      <trkpt lat="47.05485954111711" lon="8.500318783235834">
      <ele>1283.8</ele></trkpt>
      <trkpt lat="47.054834329869465" lon="8.500342661502494">
      <ele>1283.3</ele></trkpt>
      <trkpt lat="47.05480556397901" lon="8.500364731897593">
      <ele>1282.9</ele></trkpt>
      <trkpt lat="47.05478168488034" lon="8.500372959710845">
      <ele>1282.4</ele></trkpt>
      <trkpt lat="47.054757709042946" lon="8.500391649946963">
      <ele>1282.0</ele></trkpt>
      <trkpt lat="47.054751497393056" lon="8.500419379239121">
      <ele>1281.5</ele></trkpt>
      <trkpt lat="47.0547287660877" lon="8.500432868495242">
      <ele>1281.1</ele></trkpt>
      <trkpt lat="47.05470373199628" lon="8.500437585287782">
      <ele>1280.6</ele></trkpt>
      <trkpt lat="47.05467986883322" lon="8.500444089057444">
      <ele>1280.2</ele></trkpt>
      <trkpt lat="47.054658340944634" lon="8.500455851475518">
      <ele>1281.4</ele></trkpt>
      <trkpt lat="47.054624936975024" lon="8.500463890644685">
      <ele>1282.7</ele></trkpt>
      <trkpt lat="47.05459979007221" lon="8.500480806965928">
      <ele>1283.9</ele></trkpt>
      <trkpt lat="47.05456525741005" lon="8.500492219727736">
      <ele>1285.1</ele></trkpt>
      <trkpt lat="47.054502104422866" lon="8.500526495299427">
      <ele>1286.3</ele></trkpt>
      <trkpt lat="47.054427528783236" lon="8.500560544616048">
      <ele>1287.5</ele></trkpt>
      <trkpt lat="47.054341472558306" lon="8.500600631905725">
      <ele>1288.8</ele></trkpt>
      <trkpt lat="47.05426546693721" lon="8.500634639538658">
      <ele>1290.0</ele></trkpt>
      <trkpt lat="47.0542124031081" lon="8.50065866346493">
      <ele>1291.2</ele></trkpt>
      <trkpt lat="47.054103501561414" lon="8.500698298031223">
      <ele>1292.5</ele></trkpt>
      <trkpt lat="47.054014873550884" lon="8.500586825459939">
      <ele>1293.7</ele></trkpt>
      <trkpt lat="47.05402367765602" lon="8.50031833435668">
      <ele>1294.9</ele></trkpt>
      <trkpt lat="47.054119668747035" lon="8.500314837944046">
      <ele>1296.1</ele></trkpt>
      <trkpt lat="47.05425980865794" lon="8.500321376633673">
      <ele>1297.4</ele></trkpt>
      <trkpt lat="47.054488031271966" lon="8.500253500070563">
      <ele>1298.6</ele></trkpt>
      <trkpt lat="47.054614751579095" lon="8.50018000726459">
      <ele>1299.8</ele></trkpt>
      <trkpt lat="47.05465411438829" lon="8.500149195978123">
      <ele>1301.0</ele></trkpt>
      <trkpt lat="47.05467865107172" lon="8.500120434159271">
      <ele>1302.2</ele></trkpt>
      <trkpt lat="47.05470172810036" lon="8.500095815995795">
      <ele>1303.5</ele></trkpt>
      <trkpt lat="47.05472340338091" lon="8.500069077200921">
      <ele>1304.7</ele></trkpt>
      <trkpt lat="47.05475504288241" lon="8.500044628455015">
      <ele>1306.6</ele></trkpt>
      <trkpt lat="47.054783811874294" lon="8.500022215741327">
      <ele>1308.5</ele></trkpt>
      <trkpt lat="47.0548111509045" lon="8.49999976154168">
      <ele>1310.5</ele></trkpt>
      <trkpt lat="47.054849979342926" lon="8.499971282400134">
      <ele>1312.4</ele></trkpt>
      <trkpt lat="47.05488702916287" lon="8.499934738755202">
      <ele>1314.3</ele></trkpt>
      <trkpt lat="47.05502829852676" lon="8.499811277112663">
      <ele>1316.2</ele></trkpt>
      <trkpt lat="47.05508290419623" lon="8.49973914621713">
      <ele>1318.2</ele></trkpt>
      <trkpt lat="47.055124286557174" lon="8.499684470675497">
      <ele>1320.1</ele></trkpt>
      <trkpt lat="47.05522835661851" lon="8.499549452118012">
      <ele>1322.0</ele></trkpt>
      <trkpt lat="47.05529324986095" lon="8.499450435084631">
      <ele>1324.0</ele></trkpt>
      <trkpt lat="47.05535997993526" lon="8.499399919734724">
      <ele>1325.9</ele></trkpt>
      <trkpt lat="47.055384749640226" lon="8.499386812435732">
      <ele>1327.8</ele></trkpt>
      <trkpt lat="47.05542083771177" lon="8.499367689792454">
      <ele>1329.7</ele></trkpt>
      <trkpt lat="47.055487258736434" lon="8.499350628136675">
      <ele>1331.7</ele></trkpt>
      <trkpt lat="47.05554108421865" lon="8.499336634371462">
      <ele>1333.6</ele></trkpt>
      <trkpt lat="47.055589389835916" lon="8.499300825784589">
      <ele>1335.5</ele></trkpt>
      <trkpt lat="47.055612528434565" lon="8.499269521314979">
      <ele>1337.4</ele></trkpt>
      <trkpt lat="47.05562193797534" lon="8.499241288687521">
      <ele>1339.4</ele></trkpt>
      <trkpt lat="47.05562218496533" lon="8.49921454654269">
      <ele>1341.3</ele></trkpt>
      <trkpt lat="47.05563718876447" lon="8.499198126357548">
      <ele>1343.2</ele></trkpt>
      <trkpt lat="47.05565673074524" lon="8.49918513928771">
      <ele>1344.2</ele></trkpt>
      <trkpt lat="47.055664887397164" lon="8.499166911990837">
      <ele>1345.3</ele></trkpt>
      <trkpt lat="47.05566407451104" lon="8.499136094687312">
      <ele>1346.4</ele></trkpt>
      <trkpt lat="47.055669904087054" lon="8.499118532162555">
      <ele>1347.4</ele></trkpt>
      <trkpt lat="47.055669975672465" lon="8.499110780618455">
      <ele>1348.5</ele></trkpt>
      <trkpt lat="47.055670120178604" lon="8.499095132764483">
      <ele>1349.5</ele></trkpt>
      <trkpt lat="47.055658990918246" lon="8.49906313741737">
      <ele>1350.5</ele></trkpt>
      <trkpt lat="47.05564083160534" lon="8.499051089686708">
      <ele>1351.6</ele></trkpt>
      <trkpt lat="47.055613699835334" lon="8.49903358623058">
      <ele>1352.7</ele></trkpt>
      <trkpt lat="47.05557999147504" lon="8.499016150202525">
      <ele>1353.7</ele></trkpt>
      <trkpt lat="47.055560171013894" lon="8.498996948536805">
      <ele>1354.8</ele></trkpt>
      <trkpt lat="47.05556177474851" lon="8.498978170471695">
      <ele>1355.8</ele></trkpt>
      <trkpt lat="47.055572387289324" lon="8.498969679622828">
      <ele>1356.9</ele></trkpt>
      <trkpt lat="47.05561030210494" lon="8.498901771536687">
      <ele>1357.9</ele></trkpt>
      <trkpt lat="47.0555891655044" lon="8.498863378701945">
      <ele>1359.0</ele></trkpt>
      <trkpt lat="47.055604292990616" lon="8.498849145916694">
      <ele>1360.0</ele></trkpt>
      <trkpt lat="47.05562989417601" lon="8.498859971748033">
      <ele>1361.0</ele></trkpt>
      <trkpt lat="47.0556779642177" lon="8.498825303192469">
      <ele>1362.1</ele></trkpt>
      <trkpt lat="47.05570697238256" lon="8.498795470279887">
      <ele>1363.2</ele></trkpt>
      <trkpt lat="47.055687456508906" lon="8.498752041730613">
      <ele>1364.2</ele></trkpt>
      <trkpt lat="47.05571476567773" lon="8.49874253824227">
      <ele>1365.1</ele></trkpt>
      <trkpt lat="47.05572428232076" lon="8.498722179021492">
      <ele>1366.1</ele></trkpt>
      <trkpt lat="47.05569581775151" lon="8.49869800208392">
      <ele>1367.0</ele></trkpt>
      <trkpt lat="47.055674806713924" lon="8.498677184249395">
      <ele>1368.0</ele></trkpt>
      <trkpt lat="47.05563708775885" lon="8.498638134633778">
      <ele>1368.9</ele></trkpt>
      <trkpt lat="47.05562422617143" lon="8.498613502719138">
      <ele>1369.9</ele></trkpt>
      <trkpt lat="47.055625509861144" lon="8.498603076742224">
      <ele>1370.8</ele></trkpt>
      <trkpt lat="47.0556390032001" lon="8.498571936725394">
      <ele>1371.8</ele></trkpt>
      <trkpt lat="47.05564552377563" lon="8.498552597649836">
      <ele>1372.7</ele></trkpt>
      <trkpt lat="47.05564903654611" lon="8.498517035068643">
      <ele>1373.7</ele></trkpt>
      <trkpt lat="47.05566069249512" lon="8.498427652292362">
      <ele>1374.6</ele></trkpt>
      <trkpt lat="47.05566919283667" lon="8.498368271229229">
      <ele>1375.5</ele></trkpt>
      <trkpt lat="47.055673821924486" lon="8.49831604009829">
      <ele>1376.5</ele></trkpt>
      <trkpt lat="47.05567115828596" lon="8.49829761203368">
      <ele>1377.4</ele></trkpt>
      <trkpt lat="47.055669494178076" lon="8.498274201811403">
      <ele>1378.4</ele></trkpt>
      <trkpt lat="47.05567194563986" lon="8.498250306900106">
      <ele>1379.3</ele></trkpt>
      <trkpt lat="47.05566929219144" lon="8.49823077335585">
      <ele>1380.3</ele></trkpt>
      <trkpt lat="47.05565758171793" lon="8.498199345878911">
      <ele>1381.2</ele></trkpt>
      <trkpt lat="47.055650580340064" lon="8.498171354830067">
      <ele>1382.2</ele></trkpt>
      <trkpt lat="47.05564808863495" lon="8.498136239605428">
      <ele>1383.1</ele></trkpt>
      <trkpt lat="47.05565114392101" lon="8.498115147164167">
      <ele>1384.0</ele></trkpt>
      <trkpt lat="47.055658953244254" lon="8.498093595793964">
      <ele>1384.9</ele></trkpt>
      <trkpt lat="47.055658187226385" lon="8.498075218395867">
      <ele>1385.8</ele></trkpt>
      <trkpt lat="47.055657162987984" lon="8.49805070197952">
      <ele>1386.7</ele></trkpt>
      <trkpt lat="47.0556606088266" lon="8.498022377641885">
      <ele>1387.5</ele></trkpt>
      <trkpt lat="47.055667696706536" lon="8.497982489224215">
      <ele>1388.4</ele></trkpt>
      <trkpt lat="47.05567109890651" lon="8.497910134057262">
      <ele>1389.3</ele></trkpt>
      <trkpt lat="47.055676975362836" lon="8.497841631832483">
      <ele>1390.2</ele></trkpt>
      <trkpt lat="47.055653269431495" lon="8.497759908976185">
      <ele>1391.1</ele></trkpt>
      <trkpt lat="47.05564101463304" lon="8.49770555423976">
      <ele>1392.0</ele></trkpt>
      <trkpt lat="47.05565387191855" lon="8.497673124630332">
      <ele>1392.9</ele></trkpt>
      <trkpt lat="47.055655995182065" lon="8.497637982092794">
      <ele>1393.8</ele></trkpt>
      <trkpt lat="47.0556387331624" lon="8.497614461347645">
      <ele>1394.7</ele></trkpt>
      <trkpt lat="47.05563603022212" lon="8.497610037889997">
      <ele>1395.6</ele></trkpt>
      <trkpt lat="47.055623817763276" lon="8.497590105038423">
      <ele>1396.5</ele></trkpt>
      <trkpt lat="47.055638075121024" lon="8.497578513614513">
      <ele>1397.3</ele></trkpt>
      <trkpt lat="47.05566637550314" lon="8.497534673902525">
      <ele>1398.2</ele></trkpt>
      <trkpt lat="47.05567708162686" lon="8.497482852276569">
      <ele>1399.1</ele></trkpt>
      <trkpt lat="47.05566368582273" lon="8.497440032094254">
      <ele>1400.0</ele></trkpt>
      <trkpt lat="47.05563208768123" lon="8.49739761603271">
      <ele>1400.9</ele></trkpt>
      <trkpt lat="47.05559931014598" lon="8.497360178640227">
      <ele>1401.8</ele></trkpt>
      <trkpt lat="47.05558468285592" lon="8.49733481456538">
      <ele>1402.8</ele></trkpt>
      <trkpt lat="47.055566653048494" lon="8.497307724813705">
      <ele>1403.7</ele></trkpt>
      <trkpt lat="47.05553369699568" lon="8.497288672544487">
      <ele>1404.7</ele></trkpt>
      <trkpt lat="47.05550196000287" lon="8.497261312263175">
      <ele>1405.6</ele></trkpt>
      <trkpt lat="47.05549302219177" lon="8.497239403935177">
      <ele>1406.5</ele></trkpt>
      <trkpt lat="47.05550116582944" lon="8.497224506354508">
      <ele>1407.5</ele></trkpt>
      <trkpt lat="47.055521732883214" lon="8.497223253798266">
      <ele>1408.4</ele></trkpt>
      <trkpt lat="47.0555526447716" lon="8.497217164048626">
      <ele>1409.4</ele></trkpt>
      <trkpt lat="47.055593880438956" lon="8.497204617641792">
      <ele>1410.3</ele></trkpt>
      <trkpt lat="47.05563849950002" lon="8.497198798428654">
      <ele>1411.2</ele></trkpt>
      <trkpt lat="47.05572100434423" lon="8.497172021333975">
      <ele>1412.2</ele></trkpt>
      <trkpt lat="47.05573142979877" lon="8.497155510188007">
      <ele>1413.1</ele></trkpt>
      <trkpt lat="47.055732796748956" lon="8.49713213347787">
      <ele>1414.1</ele></trkpt>
      <trkpt lat="47.055714727330695" lon="8.497108359996066">
      <ele>1415.0</ele></trkpt>
      <trkpt lat="47.055689751570355" lon="8.49709115015206">
      <ele>1415.9</ele></trkpt>
      <trkpt lat="47.05564575143477" lon="8.497031772625109">
      <ele>1416.9</ele></trkpt>
      <trkpt lat="47.05562115177715" lon="8.496972778045514">
      <ele>1417.8</ele></trkpt>
      <trkpt lat="47.05559064939569" lon="8.496935412145293">
      <ele>1418.8</ele></trkpt>
      <trkpt lat="47.05557273655204" lon="8.496896596699399">
      <ele>1419.7</ele></trkpt>
      <trkpt lat="47.0555729982772" lon="8.496868196346078">
      <ele>1420.7</ele></trkpt>
      <trkpt lat="47.055569895052344" lon="8.496833016523254">
      <ele>1421.6</ele></trkpt>
      <trkpt lat="47.05554319557506" lon="8.496753920456705">
      <ele>1422.5</ele></trkpt>
      <trkpt lat="47.055531255673344" lon="8.496686817453485">
      <ele>1423.5</ele></trkpt>
      <trkpt lat="47.055532527420475" lon="8.496671810534203">
      <ele>1424.5</ele></trkpt>
      <trkpt lat="47.05555771243554" lon="8.496667292334116">
      <ele>1425.4</ele></trkpt>
      <trkpt lat="47.05556239581714" lon="8.496653998072782">
      <ele>1426.4</ele></trkpt>
      <trkpt lat="47.05554439676824" lon="8.496623552636215">
      <ele>1427.3</ele></trkpt>
      <trkpt lat="47.05551042128336" lon="8.496591133532565">
      <ele>1428.2</ele></trkpt>
      <trkpt lat="47.05548803793377" lon="8.496540541448761">
      <ele>1429.2</ele></trkpt>
      <trkpt lat="47.05548610766758" lon="8.4965020414711">
      <ele>1430.2</ele></trkpt>
      <trkpt lat="47.05547161235568" lon="8.496463306820484">
      <ele>1431.1</ele></trkpt>
      <trkpt lat="47.05543987516586" lon="8.496435947059474">
      <ele>1432.0</ele></trkpt>
      <trkpt lat="47.055425342638586" lon="8.496402226773652">
      <ele>1433.0</ele></trkpt>
      <trkpt lat="47.05542006238624" lon="8.496355315528508">
      <ele>1434.0</ele></trkpt>
      <trkpt lat="47.055419142050425" lon="8.496330222145069">
      <ele>1434.9</ele></trkpt>
      <trkpt lat="47.055403467227336" lon="8.49629647937398">
      <ele>1435.9</ele></trkpt>
      <trkpt lat="47.0553742828596" lon="8.496239053512397">
      <ele>1436.8</ele></trkpt>
      <trkpt lat="47.055346634406426" lon="8.496139879167977">
      <ele>1437.8</ele></trkpt>
      <trkpt lat="47.05534045791758" lon="8.496066216637212">
      <ele>1438.7</ele></trkpt>
      <trkpt lat="47.05535036554826" lon="8.4959828279908">
      <ele>1440.6</ele></trkpt>
      <trkpt lat="47.05535196949127" lon="8.49593270921522">
      <ele>1442.4</ele></trkpt>
      <trkpt lat="47.05534160874074" lon="8.49581714590362">
      <ele>1444.3</ele></trkpt>
      <trkpt lat="47.05532047501906" lon="8.495754877188867">
      <ele>1446.2</ele></trkpt>
      <trkpt lat="47.05526640907803" lon="8.495671912466015">
      <ele>1448.0</ele></trkpt>
      <trkpt lat="47.055230293885955" lon="8.49562270888134">
      <ele>1449.9</ele></trkpt>
      <trkpt lat="47.05521605328798" lon="8.495557246032627">
      <ele>1451.8</ele></trkpt>
      <trkpt lat="47.05520386395793" lon="8.49551521393208">
      <ele>1453.6</ele></trkpt>
      <trkpt lat="47.05518233924903" lon="8.495496388169236">
      <ele>1455.5</ele></trkpt>
      <trkpt lat="47.05511712873555" lon="8.495505146309087">
      <ele>1457.3</ele></trkpt>
      <trkpt lat="47.055104625472644" lon="8.495498200062945">
      <ele>1459.2</ele></trkpt>
      <trkpt lat="47.0551048100619" lon="8.495478143635456">
      <ele>1461.1</ele></trkpt>
      <trkpt lat="47.05513932400342" lon="8.495452090158258">
      <ele>1462.9</ele></trkpt>
      <trkpt lat="47.05523501784107" lon="8.49535867715267">
      <ele>1464.8</ele></trkpt>
      <trkpt lat="47.05535849232255" lon="8.495224032315994">
      <ele>1466.7</ele></trkpt>
      <trkpt lat="47.05536909553123" lon="8.495189149090727">
      <ele>1468.5</ele></trkpt>
      <trkpt lat="47.05538009239748" lon="8.49511245526712">
      <ele>1470.4</ele></trkpt>
      <trkpt lat="47.05538049219042" lon="8.495068999447989">
      <ele>1472.3</ele></trkpt>
      <trkpt lat="47.05536490663845" lon="8.495023557075513">
      <ele>1474.1</ele></trkpt>
      <trkpt lat="47.05531526198527" lon="8.494955712057502">
      <ele>1476.0</ele></trkpt>
      <trkpt lat="47.05528450175152" lon="8.494934572203832">
      <ele>1477.1</ele></trkpt>
      <trkpt lat="47.05525383567998" lon="8.494915908836976">
      <ele>1478.2</ele></trkpt>
      <trkpt lat="47.055239755974874" lon="8.49489941495526">
      <ele>1479.3</ele></trkpt>
      <trkpt lat="47.055223866539336" lon="8.494861574866396">
      <ele>1480.4</ele></trkpt>
      <trkpt lat="47.05522925285579" lon="8.494771831665256">
      <ele>1481.5</ele></trkpt>
      <trkpt lat="47.055244278042586" lon="8.494711934047103">
      <ele>1482.5</ele></trkpt>
      <trkpt lat="47.055272958159726" lon="8.494665810314636">
      <ele>1483.6</ele></trkpt>
      <trkpt lat="47.055313258713035" lon="8.494655139050096">
      <ele>1484.7</ele></trkpt>
      <trkpt lat="47.05534921097182" lon="8.494670260274152">
      <ele>1485.8</ele></trkpt>
      <trkpt lat="47.0554669377631" lon="8.494762401786721">
      <ele>1486.9</ele></trkpt>
      <trkpt lat="47.05555034234538" lon="8.494825528066206">
      <ele>1488.0</ele></trkpt>
      <trkpt lat="47.055615119635235" lon="8.494898094033353">
      <ele>1489.1</ele></trkpt>
      <trkpt lat="47.05566126068642" lon="8.494932173323853">
      <ele>1490.2</ele></trkpt>
      <trkpt lat="47.05570079511744" lon="8.494952959627707">
      <ele>1491.3</ele></trkpt>
      <trkpt lat="47.05574707716878" lon="8.494967797595532">
      <ele>1492.3</ele></trkpt>
      <trkpt lat="47.05579336620395" lon="8.494980898218401">
      <ele>1493.4</ele></trkpt>
      <trkpt lat="47.055831422722136" lon="8.494983385324556">
      <ele>1494.5</ele></trkpt>
      <trkpt lat="47.05585416225507" lon="8.494969906818433">
      <ele>1495.6</ele></trkpt>
      <trkpt lat="47.05587943642003" lon="8.494939063626482">
      <ele>1496.7</ele></trkpt>
      <trkpt lat="47.05590244832204" lon="8.494895973778764">
      <ele>1497.8</ele></trkpt>
      <trkpt lat="47.05591477993727" lon="8.49484921168957">
      <ele>1499.1</ele></trkpt>
      <trkpt lat="47.05591760288281" lon="8.494800498480979">
      <ele>1500.5</ele></trkpt>
      <trkpt lat="47.055897695052785" lon="8.494765290380865">
      <ele>1501.8</ele></trkpt>
      <trkpt lat="47.05586373767185" lon="8.494705414680501">
      <ele>1503.1</ele></trkpt>
      <trkpt lat="47.05584693285384" lon="8.494671241811965">
      <ele>1504.5</ele></trkpt>
      <trkpt lat="47.055815159486336" lon="8.494585162320478">
      <ele>1505.8</ele></trkpt>
      <trkpt lat="47.05578245313255" lon="8.494473357348996">
      <ele>1507.1</ele></trkpt>
      <trkpt lat="47.055744737443995" lon="8.494336931372983">
      <ele>1508.5</ele></trkpt>
      <trkpt lat="47.05573448108676" lon="8.494281274078164">
      <ele>1509.8</ele></trkpt>
      <trkpt lat="47.055724252589826" lon="8.494190288072408">
      <ele>1511.2</ele></trkpt>
      <trkpt lat="47.055720500313825" lon="8.494090570912455">
      <ele>1512.5</ele></trkpt>
      <trkpt lat="47.05572626413578" lon="8.49396555761433">
      <ele>1513.8</ele></trkpt>
      <trkpt lat="47.05574127405575" lon="8.493813294679747">
      <ele>1515.2</ele></trkpt>
      <trkpt lat="47.05574803371006" lon="8.49367483522692">
      <ele>1516.5</ele></trkpt>
      <trkpt lat="47.05574693416318" lon="8.493537971821587">
      <ele>1517.8</ele></trkpt>
      <trkpt lat="47.05572455257061" lon="8.493343075763164">
      <ele>1519.2</ele></trkpt>
      <trkpt lat="47.05571896151566" lon="8.493123184568171">
      <ele>1520.5</ele></trkpt>
      <trkpt lat="47.05571748120964" lon="8.493028698368724">
      <ele>1521.8</ele></trkpt>
      <trkpt lat="47.05568240692384" lon="8.492888534616263">
      <ele>1523.2</ele></trkpt>
      <trkpt lat="47.05565293565134" lon="8.492773003662885">
      <ele>1524.5</ele></trkpt>
      <trkpt lat="47.05564622027064" lon="8.492684311684258">
      <ele>1525.7</ele></trkpt>
      <trkpt lat="47.05566681090652" lon="8.49267754259081">
      <ele>1527.0</ele></trkpt>
      <trkpt lat="47.055723993411064" lon="8.49265642112067">
      <ele>1528.2</ele></trkpt>
      <trkpt lat="47.05573897491118" lon="8.492638405936532">
      <ele>1529.4</ele></trkpt>
      <trkpt lat="47.0557546852023" lon="8.492603714476058">
      <ele>1530.7</ele></trkpt>
      <trkpt lat="47.05576552348723" lon="8.492561753455611">
      <ele>1531.9</ele></trkpt>
      <trkpt lat="47.05577542899823" lon="8.492460672532978">
      <ele>1533.1</ele></trkpt>
      <trkpt lat="47.05578433002114" lon="8.49240336491301">
      <ele>1534.3</ele></trkpt>
      <trkpt lat="47.0558111543565" lon="8.492353504251703">
      <ele>1535.6</ele></trkpt>
      <trkpt lat="47.05588233844095" lon="8.492277030825717">
      <ele>1536.8</ele></trkpt>
      <trkpt lat="47.05592802322924" lon="8.492227580024952">
      <ele>1538.0</ele></trkpt>
      <trkpt lat="47.055971781846125" lon="8.49217726203367">
      <ele>1539.3</ele></trkpt>
      <trkpt lat="47.05601551925204" lon="8.49212827300579">
      <ele>1540.5</ele></trkpt>
      <trkpt lat="47.0560447808945" lon="8.492094150160128">
      <ele>1541.7</ele></trkpt>
      <trkpt lat="47.05608720873039" lon="8.49206239197577">
      <ele>1542.9</ele></trkpt>
      <trkpt lat="47.05612705256044" lon="8.49202694999403">
      <ele>1544.2</ele></trkpt>
      <trkpt lat="47.05616289492778" lon="8.492010936967477">
      <ele>1545.4</ele></trkpt>
      <trkpt lat="47.05619592699075" lon="8.49199139368089">
      <ele>1546.6</ele></trkpt>
      <trkpt lat="47.05623846605684" lon="8.491972023933739">
      <ele>1547.9</ele></trkpt>
      <trkpt lat="47.056292947604" lon="8.49192955061563">
      <ele>1549.1</ele></trkpt>
      <trkpt lat="47.056328984091856" lon="8.491917871935375">
      <ele>1550.5</ele></trkpt>
      <trkpt lat="47.05635085596298" lon="8.4918685056052">
      <ele>1551.9</ele></trkpt>
      <trkpt lat="47.05640913445005" lon="8.49181221960541">
      <ele>1553.3</ele></trkpt>
      <trkpt lat="47.05649319051418" lon="8.491734839023856">
      <ele>1554.7</ele></trkpt>
      <trkpt lat="47.05650649367881" lon="8.491712459707827">
      <ele>1556.0</ele></trkpt>
      <trkpt lat="47.05651754811388" lon="8.491674358960879">
      <ele>1557.4</ele></trkpt>
      <trkpt lat="47.05652734440353" lon="8.491644947475557">
      <ele>1558.8</ele></trkpt>
      <trkpt lat="47.05653705180247" lon="8.491624248216475">
      <ele>1560.2</ele></trkpt>
      <trkpt lat="47.056567290564" lon="8.491570859977259">
      <ele>1561.6</ele></trkpt>
      <trkpt lat="47.0565950430899" lon="8.49152961192444">
      <ele>1563.0</ele></trkpt>
      <trkpt lat="47.0566226679384" lon="8.49150228792022">
      <ele>1564.4</ele></trkpt>
      <trkpt lat="47.05663967635356" lon="8.491464317098178">
      <ele>1565.8</ele></trkpt>
      <trkpt lat="47.056654859896504" lon="8.491404617568058">
      <ele>1567.2</ele></trkpt>
      <trkpt lat="47.05669967571498" lon="8.491251685869688">
      <ele>1568.6</ele></trkpt>
      <trkpt lat="47.05673411258375" lon="8.491110265448839">
      <ele>1570.0</ele></trkpt>
      <trkpt lat="47.056775118173015" lon="8.490999064755083">
      <ele>1571.3</ele></trkpt>
      <trkpt lat="47.05681782605929" lon="8.4909514359747">
      <ele>1572.7</ele></trkpt>
      <trkpt lat="47.05683605589528" lon="8.49094017058885">
      <ele>1574.1</ele></trkpt>
      <trkpt lat="47.05685168872101" lon="8.490907003341313">
      <ele>1575.5</ele></trkpt>
      <trkpt lat="47.05685546880821" lon="8.490881277656364">
      <ele>1576.9</ele></trkpt>
      <trkpt lat="47.056859327958236" lon="8.49085477689077">
      <ele>1577.7</ele></trkpt>
      <trkpt lat="47.056856022745464" lon="8.490838494989601">
      <ele>1578.5</ele></trkpt>
      <trkpt lat="47.056848000340494" lon="8.490822581252095">
      <ele>1579.3</ele></trkpt>
      <trkpt lat="47.056836651597706" lon="8.490819199428113">
      <ele>1580.1</ele></trkpt>
      <trkpt lat="47.05682768405953" lon="8.49081316587106">
      <ele>1580.9</ele></trkpt>
      <trkpt lat="47.05682326796324" lon="8.490802272255813">
      <ele>1581.7</ele></trkpt>
      <trkpt lat="47.05682667132753" lon="8.490779369271284">
      <ele>1582.5</ele></trkpt>
      <trkpt lat="47.05683416968629" lon="8.490754295716789">
      <ele>1583.3</ele></trkpt>
      <trkpt lat="47.05683368980399" lon="8.490734014996187">
      <ele>1584.1</ele></trkpt>
      <trkpt lat="47.05682425467288" lon="8.490706358333584">
      <ele>1585.0</ele></trkpt>
      <trkpt lat="47.05681868294883" lon="8.490679225017573">
      <ele>1585.8</ele></trkpt>
      <trkpt lat="47.05681574883917" lon="8.490644034928618">
      <ele>1586.6</ele></trkpt>
      <trkpt lat="47.0568144177901" lon="8.490622394875475">
      <ele>1587.4</ele></trkpt>
      <trkpt lat="47.05680952586725" lon="8.490590773100816">
      <ele>1588.2</ele></trkpt>
      <trkpt lat="47.056808654668004" lon="8.490565087812449">
      <ele>1589.0</ele></trkpt>
      <trkpt lat="47.056811720462555" lon="8.490530910516886">
      <ele>1589.8</ele></trkpt>
      <trkpt lat="47.0568115462591" lon="8.490499841995817">
      <ele>1590.6</ele></trkpt>
      <trkpt lat="47.056810411227445" lon="8.490481351792928">
      <ele>1591.4</ele></trkpt>
      <trkpt lat="47.05681493001974" lon="8.490426036595109">
      <ele>1592.2</ele></trkpt>
      <trkpt lat="47.05681473517593" lon="8.49039721857213">
      <ele>1593.0</ele></trkpt>
      <trkpt lat="47.05681448760512" lon="8.490375139063666">
      <ele>1593.7</ele></trkpt>
      <trkpt lat="47.05681446750819" lon="8.490350813112727">
      <ele>1594.4</ele></trkpt>
      <trkpt lat="47.056800952289606" lon="8.490299132698784">
      <ele>1595.1</ele></trkpt>
      <trkpt lat="47.05680233958288" lon="8.490272399164777">
      <ele>1595.8</ele></trkpt>
      <trkpt lat="47.05683786327289" lon="8.490259721968453">
      <ele>1596.5</ele></trkpt>
      <trkpt lat="47.05689955460778" lon="8.490260931688766">
      <ele>1597.2</ele></trkpt>
      <trkpt lat="47.056937133111354" lon="8.490273383832989">
      <ele>1597.9</ele></trkpt>
      <trkpt lat="47.05694670112078" lon="8.490279666024326">
      <ele>1598.6</ele></trkpt>
      <trkpt lat="47.05697120221127" lon="8.490295771222122">
      <ele>1599.3</ele></trkpt>
      <trkpt lat="47.05700894277379" lon="8.490291509286273">
      <ele>1600.0</ele></trkpt>
      <trkpt lat="47.057049381357096" lon="8.490263751220027">
      <ele>1600.8</ele></trkpt>
      <trkpt lat="47.0570660486283" lon="8.490242358706148">
      <ele>1601.5</ele></trkpt>
      <trkpt lat="47.05708152690402" lon="8.490235869984732">
      <ele>1602.2</ele></trkpt>
      <trkpt lat="47.057094250235224" lon="8.49022569418202">
      <ele>1602.9</ele></trkpt>
      <trkpt lat="47.05709847917609" lon="8.4902049660085">
      <ele>1603.6</ele></trkpt>
      <trkpt lat="47.057099953047185" lon="8.490180563916962">
      <ele>1604.3</ele></trkpt>
      <trkpt lat="47.05711157347915" lon="8.490174907794616">
      <ele>1605.0</ele></trkpt>
      <trkpt lat="47.0571338488559" lon="8.49017668721682">
      <ele>1605.7</ele></trkpt>
      <trkpt lat="47.05715388494158" lon="8.490161692225595">
      <ele>1606.4</ele></trkpt>
      <trkpt lat="47.05716623029081" lon="8.490145638163803">
      <ele>1607.1</ele></trkpt>
      <trkpt lat="47.05716606928344" lon="8.490122941536494">
      <ele>1607.9</ele></trkpt>
      <trkpt lat="47.05717533598153" lon="8.490087463933378">
      <ele>1608.8</ele></trkpt>
      <trkpt lat="47.05718618247527" lon="8.490025835545532">
      <ele>1609.6</ele></trkpt>
      <trkpt lat="47.05719883578559" lon="8.490006601968451">
      <ele>1610.5</ele></trkpt>
      <trkpt lat="47.05722094012239" lon="8.489973021402854">
      <ele>1611.3</ele></trkpt>
      <trkpt lat="47.057232153726915" lon="8.489962671119239">
      <ele>1612.1</ele></trkpt>
      <trkpt lat="47.05726356231827" lon="8.48993372209991">
      <ele>1613.0</ele></trkpt>
      <trkpt lat="47.05726192005067" lon="8.489923462030504">
      <ele>1613.8</ele></trkpt>
      <trkpt lat="47.05726031913876" lon="8.489913597671169">
      <ele>1614.7</ele></trkpt>
      <trkpt lat="47.05725704580371" lon="8.489891853569432">
      <ele>1615.5</ele></trkpt>
      <trkpt lat="47.05727432591899" lon="8.489882122384776">
      <ele>1616.3</ele></trkpt>
      <trkpt lat="47.057317738436645" lon="8.489881288469267">
      <ele>1617.2</ele></trkpt>
      <trkpt lat="47.05735564728778" lon="8.48985864036643">
      <ele>1618.0</ele></trkpt>
      <trkpt lat="47.05736840492731" lon="8.489838816385513">
      <ele>1618.9</ele></trkpt>
      <trkpt lat="47.05736605021182" lon="8.489836611445863">
      <ele>1619.7</ele></trkpt>
      <trkpt lat="47.057359343303716" lon="8.489830280060055">
      <ele>1620.5</ele></trkpt>
      <trkpt lat="47.05735375425529" lon="8.489816809745985">
      <ele>1621.4</ele></trkpt>
      <trkpt lat="47.05737681388243" lon="8.489793844200442">
      <ele>1622.2</ele></trkpt>
      <trkpt lat="47.05738043957093" lon="8.489772182629004">
      <ele>1623.1</ele></trkpt>
      <trkpt lat="47.05738535139409" lon="8.489733842011274">
      <ele>1623.9</ele></trkpt>
      <trkpt lat="47.057397828221745" lon="8.489727004685003">
      <ele>1624.4</ele></trkpt>
      <trkpt lat="47.05740602837868" lon="8.489722531913865">
      <ele>1625.0</ele></trkpt>
      <trkpt lat="47.05742430462738" lon="8.48972289011749">
      <ele>1625.5</ele></trkpt>
      <trkpt lat="47.0574405409975" lon="8.489696473613014">
      <ele>1626.1</ele></trkpt>
      <trkpt lat="47.0574476240598" lon="8.489671536282179">
      <ele>1626.6</ele></trkpt>
      <trkpt lat="47.057464804056586" lon="8.489666844588658">
      <ele>1627.2</ele></trkpt>
      <trkpt lat="47.05749925986115" lon="8.489684342624114">
      <ele>1627.7</ele></trkpt>
      <trkpt lat="47.05751248135979" lon="8.489684601748634">
      <ele>1628.3</ele></trkpt>
      <trkpt lat="47.057518505757635" lon="8.489679994176035">
      <ele>1628.8</ele></trkpt>
      <trkpt lat="47.05751986805666" lon="8.48966580445545">
      <ele>1629.3</ele></trkpt>
      <trkpt lat="47.05751781696585" lon="8.489646150864147">
      <ele>1629.9</ele></trkpt>
      <trkpt lat="47.057521747146296" lon="8.489626601329938">
      <ele>1630.4</ele></trkpt>
      <trkpt lat="47.05752878808098" lon="8.489611180231597">
      <ele>1631.0</ele></trkpt>
      <trkpt lat="47.057540872959834" lon="8.489593106834299">
      <ele>1631.5</ele></trkpt>
      <trkpt lat="47.05756964784695" lon="8.489572767315465">
      <ele>1632.1</ele></trkpt>
      <trkpt lat="47.05758686950882" lon="8.489560573276453">
      <ele>1632.6</ele></trkpt>
      <trkpt lat="47.05761112691149" lon="8.489561048635458">
      <ele>1633.2</ele></trkpt>
      <trkpt lat="47.05761771067815" lon="8.489561177653995">
      <ele>1633.7</ele></trkpt>
      <trkpt lat="47.05763727573025" lon="8.489546528479737">
      <ele>1634.3</ele></trkpt>
      <trkpt lat="47.05764937542138" lon="8.489532733421278">
      <ele>1634.8</ele></trkpt>
      <trkpt lat="47.05765287861902" lon="8.489526417828504">
      <ele>1635.6</ele></trkpt>
      <trkpt lat="47.05766094153197" lon="8.489501552231276">
      <ele>1636.4</ele></trkpt>
      <trkpt lat="47.05767328383149" lon="8.489493685435617">
      <ele>1637.2</ele></trkpt>
      <trkpt lat="47.05768777066262" lon="8.489493297975411">
      <ele>1638.0</ele></trkpt>
      <trkpt lat="47.05769605495458" lon="8.489480612834932">
      <ele>1638.8</ele></trkpt>
      <trkpt lat="47.05769782816819" lon="8.489454939470763">
      <ele>1639.6</ele></trkpt>
      <trkpt lat="47.05770240974632" lon="8.489432032791758">
      <ele>1640.4</ele></trkpt>
      <trkpt lat="47.057710397899896" lon="8.489417301509366">
      <ele>1641.2</ele></trkpt>
      <trkpt lat="47.05772658295168" lon="8.48940140132527">
      <ele>1642.0</ele></trkpt>
      <trkpt lat="47.05773610787873" lon="8.489390767633976">
      <ele>1642.8</ele></trkpt>
      <trkpt lat="47.05775683411153" lon="8.48935735693184">
      <ele>1643.6</ele></trkpt>
      <trkpt lat="47.05777845182804" lon="8.489330729665067">
      <ele>1644.4</ele></trkpt>
      <trkpt lat="47.0577976384092" lon="8.48929254991854">
      <ele>1645.2</ele></trkpt>
      <trkpt lat="47.057833708304486" lon="8.489229005891922">
      <ele>1646.0</ele></trkpt>
      <trkpt lat="47.05787724212479" lon="8.489166726884896">
      <ele>1646.8</ele></trkpt>
      <trkpt lat="47.05789755815495" lon="8.489129964459629">
      <ele>1647.6</ele></trkpt>
      <trkpt lat="47.05792022469279" lon="8.489088983090737">
      <ele>1648.4</ele></trkpt>
      <trkpt lat="47.05792795614573" lon="8.48908165769273">
      <ele>1649.2</ele></trkpt>
      <trkpt lat="47.057968618821405" lon="8.489043134922369">
      <ele>1650.0</ele></trkpt>
      <trkpt lat="47.05800999411018" lon="8.489017184002051">
      <ele>1650.8</ele></trkpt>
      <trkpt lat="47.058059796436524" lon="8.488951131000292">
      <ele>1651.9</ele></trkpt>
      <trkpt lat="47.058081633454606" lon="8.488901497939299">
      <ele>1653.0</ele></trkpt>
      <trkpt lat="47.05813241567979" lon="8.488763696530304">
      <ele>1654.1</ele></trkpt>
      <trkpt lat="47.0581386887002" lon="8.488720090215288">
      <ele>1655.1</ele></trkpt>
      <trkpt lat="47.05814364091767" lon="8.488602518635723">
      <ele>1656.2</ele></trkpt>
      <trkpt lat="47.05815019552134" lon="8.488489730430906">
      <ele>1657.3</ele></trkpt>
      <trkpt lat="47.05817920643329" lon="8.488372695563637">
      <ele>1658.4</ele></trkpt>
      <trkpt lat="47.0581888274082" lon="8.488296430206896">
      <ele>1659.5</ele></trkpt>
      <trkpt lat="47.05818623303347" lon="8.488239736834702">
      <ele>1660.6</ele></trkpt>
      <trkpt lat="47.05818620507939" lon="8.488192597751508">
      <ele>1661.7</ele></trkpt>
      <trkpt lat="47.058178060873146" lon="8.488130912115444">
      <ele>1662.7</ele></trkpt>
      <trkpt lat="47.0581705026938" lon="8.488114362471297">
      <ele>1663.8</ele></trkpt>
      <trkpt lat="47.05815213386682" lon="8.488109369446367">
      <ele>1664.9</ele></trkpt>
      <trkpt lat="47.058145176676824" lon="8.488086118188477">
      <ele>1666.0</ele></trkpt>
      <trkpt lat="47.058148420138046" lon="8.488058011765292">
      <ele>1667.1</ele></trkpt>
      <trkpt lat="47.05814119936503" lon="8.488034070855962">
      <ele>1668.2</ele></trkpt>
      <trkpt lat="47.058136495741145" lon="8.488025080289212">
      <ele>1669.2</ele></trkpt>
      <trkpt lat="47.05813236851243" lon="8.487986483131941">
      <ele>1670.3</ele></trkpt>
      <trkpt lat="47.05812144102421" lon="8.487962588182597">
      <ele>1671.4</ele></trkpt>
      <trkpt lat="47.058106528596234" lon="8.487953437363924">
      <ele>1672.5</ele></trkpt>
      <trkpt lat="47.05809943975398" lon="8.487956405242695">
      <ele>1673.2</ele></trkpt>
      <trkpt lat="47.05808800282662" lon="8.487941991220703">
      <ele>1673.9</ele></trkpt>
      <trkpt lat="47.05808146772964" lon="8.487918814089063">
      <ele>1674.6</ele></trkpt>
      <trkpt lat="47.05807133785395" lon="8.487889340301926">
      <ele>1675.3</ele></trkpt>
      <trkpt lat="47.05806348039674" lon="8.487883881684516">
      <ele>1676.0</ele></trkpt>
      <trkpt lat="47.05805455137099" lon="8.487890354542035">
      <ele>1676.7</ele></trkpt>
      <trkpt lat="47.05804116681499" lon="8.487898096060361">
      <ele>1677.4</ele></trkpt>
      <trkpt lat="47.058016943892206" lon="8.48789975460691">
      <ele>1678.1</ele></trkpt>
      <trkpt lat="47.05801062128457" lon="8.48786710397176">
      <ele>1678.8</ele></trkpt>
      <trkpt lat="47.05800489964512" lon="8.48782775173419">
      <ele>1679.5</ele></trkpt>
      <trkpt lat="47.05798474891507" lon="8.487815944778967">
      <ele>1680.2</ele></trkpt>
      <trkpt lat="47.05797339813691" lon="8.48780391508952">
      <ele>1680.9</ele></trkpt>
      <trkpt lat="47.05797760465981" lon="8.487784607609028">
      <ele>1681.6</ele></trkpt>
      <trkpt lat="47.05798308665428" lon="8.48777141976011">
      <ele>1682.3</ele></trkpt>
      <trkpt lat="47.05797999588404" lon="8.487761157613077">
      <ele>1683.0</ele></trkpt>
      <trkpt lat="47.05796469579285" lon="8.487744219688325">
      <ele>1683.7</ele></trkpt>
      <trkpt lat="47.0579605624586" lon="8.48773188365225">
      <ele>1684.4</ele></trkpt>
      <trkpt lat="47.05794280696683" lon="8.487744436493294">
      <ele>1685.1</ele></trkpt>
      <trkpt lat="47.05793050881704" lon="8.487746499511843">
      <ele>1685.8</ele></trkpt>
      <trkpt lat="47.05792255828458" lon="8.487741381358646">
      <ele>1686.5</ele></trkpt>
      <trkpt lat="47.05788719242151" lon="8.48775060157842">
      <ele>1687.0</ele></trkpt>
      <trkpt lat="47.05787795847749" lon="8.487740232438021">
      <ele>1687.5</ele></trkpt>
      <trkpt lat="47.05787266429637" lon="8.48771218290026">
      <ele>1688.0</ele></trkpt>
      <trkpt lat="47.0578746553057" lon="8.487684289041097">
      <ele>1688.5</ele></trkpt>
      <trkpt lat="47.05788107346276" lon="8.487658232516518">
      <ele>1689.0</ele></trkpt>
      <trkpt lat="47.05788732105347" lon="8.487628197291457">
      <ele>1689.4</ele></trkpt>
      <trkpt lat="47.05789032266289" lon="8.487598980518618">
      <ele>1689.9</ele></trkpt>
      <trkpt lat="47.05788685018654" lon="8.487571414177404">
      <ele>1690.4</ele></trkpt>
      <trkpt lat="47.05787353131399" lon="8.487532571643918">
      <ele>1690.9</ele></trkpt>
      <trkpt lat="47.05785827509902" lon="8.487481278125337">
      <ele>1691.4</ele></trkpt>
      <trkpt lat="47.05784827763086" lon="8.487462903904433">
      <ele>1691.9</ele></trkpt>
      <trkpt lat="47.057823224714745" lon="8.487448078969203">
      <ele>1692.4</ele></trkpt>
      <trkpt lat="47.0578200325444" lon="8.48742232154338">
      <ele>1692.9</ele></trkpt>
      <trkpt lat="47.057811474604335" lon="8.4873989997266">
      <ele>1693.4</ele></trkpt>
      <trkpt lat="47.05781141012702" lon="8.487379463953406">
      <ele>1693.8</ele></trkpt>
      <trkpt lat="47.05782557233747" lon="8.48737817446016">
      <ele>1694.3</ele></trkpt>
      <trkpt lat="47.05783045047051" lon="8.487371016810188">
      <ele>1694.8</ele></trkpt>
      <trkpt lat="47.05784267207209" lon="8.487376350057662">
      <ele>1695.3</ele></trkpt>
      <trkpt lat="47.0578400376873" lon="8.487348615857588">
      <ele>1695.8</ele></trkpt>
      <trkpt lat="47.05781592489851" lon="8.487282063962958">
      <ele>1696.3</ele></trkpt>
      <trkpt lat="47.057803276911" lon="8.487267271069697">
      <ele>1697.2</ele></trkpt>
      <trkpt lat="47.05779412424519" lon="8.487249966500086">
      <ele>1698.1</ele></trkpt>
      <trkpt lat="47.057784766145026" lon="8.487226589587083">
      <ele>1698.9</ele></trkpt>
      <trkpt lat="47.05777602123814" lon="8.487195168665558">
      <ele>1699.8</ele></trkpt>
      <trkpt lat="47.057773104846056" lon="8.487168758500196">
      <ele>1700.7</ele></trkpt>
      <trkpt lat="47.057766242745" lon="8.48716167405467">
      <ele>1701.6</ele></trkpt>
      <trkpt lat="47.05775510096024" lon="8.48717995079534">
      <ele>1702.5</ele></trkpt>
      <trkpt lat="47.05774502912423" lon="8.487198287938817">
      <ele>1703.3</ele></trkpt>
      <trkpt lat="47.057739773879774" lon="8.487216205880545">
      <ele>1704.2</ele></trkpt>
      <trkpt lat="47.05772928504538" lon="8.487223069539324">
      <ele>1705.1</ele></trkpt>
      <trkpt lat="47.05771009501334" lon="8.487270569578413">
      <ele>1706.0</ele></trkpt>
      <trkpt lat="47.05769058240613" lon="8.487273597351104">
      <ele>1706.9</ele></trkpt>
      <trkpt lat="47.057661353797954" lon="8.487311160135064">
      <ele>1707.7</ele></trkpt>
      <trkpt lat="47.05765672677414" lon="8.48729476022837">
      <ele>1708.6</ele></trkpt>
      <trkpt lat="47.0576641616946" lon="8.487273594097557">
      <ele>1709.5</ele></trkpt>
      <trkpt lat="47.057671832807124" lon="8.487255131072883">
      <ele>1710.4</ele></trkpt>
      <trkpt lat="47.05766417923171" lon="8.487222415213289">
      <ele>1711.3</ele></trkpt>
      <trkpt lat="47.0576641878715" lon="8.48719683893217">
      <ele>1712.1</ele></trkpt>
      <trkpt lat="47.05764579674691" lon="8.487144036449045">
      <ele>1713.0</ele></trkpt>
      <trkpt lat="47.05763506456667" lon="8.487099716153736">
      <ele>1713.9</ele></trkpt>
      <trkpt lat="47.05762443118608" lon="8.487095809357974">
      <ele>1715.0</ele></trkpt>
      <trkpt lat="47.05759099883807" lon="8.487127761390724">
      <ele>1716.0</ele></trkpt>
      <trkpt lat="47.05758565546131" lon="8.487177993618278">
      <ele>1717.1</ele></trkpt>
      <trkpt lat="47.05756249148799" lon="8.487197667488505">
      <ele>1718.1</ele></trkpt>
      <trkpt lat="47.057539545081084" lon="8.487222084402122">
      <ele>1719.2</ele></trkpt>
      <trkpt lat="47.05753106410592" lon="8.487216929666154">
      <ele>1720.2</ele></trkpt>
      <trkpt lat="47.05750217574679" lon="8.487247772554234">
      <ele>1721.2</ele></trkpt>
      <trkpt lat="47.05749126389404" lon="8.48726943666143">
      <ele>1722.3</ele></trkpt>
      <trkpt lat="47.05745366460323" lon="8.487291737285224">
      <ele>1723.4</ele></trkpt>
      <trkpt lat="47.05742717348301" lon="8.487298459104151">
      <ele>1724.4</ele></trkpt>
      <trkpt lat="47.0573771037934" lon="8.487288489491572">
      <ele>1725.5</ele></trkpt>
      <trkpt lat="47.05731855324959" lon="8.487273352012167">
      <ele>1726.5</ele></trkpt>
      <trkpt lat="47.05727877800678" lon="8.48725613331514">
      <ele>1727.6</ele></trkpt>
      <trkpt lat="47.05724883220482" lon="8.48724121296354">
      <ele>1728.6</ele></trkpt>
      <trkpt lat="47.05724234763662" lon="8.487227264728709">
      <ele>1729.7</ele></trkpt>
      <trkpt lat="47.05724201873779" lon="8.487212054711994">
      <ele>1730.7</ele></trkpt>
      <trkpt lat="47.057237505029065" lon="8.487189154499324">
      <ele>1731.8</ele></trkpt>
      <trkpt lat="47.05723190175897" lon="8.487182134224236">
      <ele>1732.8</ele></trkpt>
      <trkpt lat="47.05723257758966" lon="8.487159348645157">
      <ele>1733.9</ele></trkpt>
      <trkpt lat="47.05723607035522" lon="8.487139382427772">
      <ele>1734.9</ele></trkpt>
      <trkpt lat="47.05723438344306" lon="8.487117235143565">
      <ele>1735.4</ele></trkpt>
      <trkpt lat="47.05723129442492" lon="8.48709298065179">
      <ele>1735.8</ele></trkpt>
      <trkpt lat="47.05723141422292" lon="8.487079859208894">
      <ele>1736.3</ele></trkpt>
      <trkpt lat="47.05724282264071" lon="8.48707178937899">
      <ele>1736.7</ele></trkpt>
      <trkpt lat="47.05725322358271" lon="8.487070610571894">
      <ele>1737.2</ele></trkpt>
      <trkpt lat="47.05726320729073" lon="8.487063895028797">
      <ele>1737.6</ele></trkpt>
      <trkpt lat="47.057277572302695" lon="8.487041377049728">
      <ele>1738.1</ele></trkpt>
      <trkpt lat="47.05728580599768" lon="8.487019423689077">
      <ele>1738.5</ele></trkpt>
      <trkpt lat="47.05728599523332" lon="8.486998695209717">
      <ele>1739.0</ele></trkpt>
      <trkpt lat="47.057285309395965" lon="8.486970354407184">
      <ele>1739.5</ele></trkpt>
      <trkpt lat="47.057287419006734" lon="8.486946201521931">
      <ele>1739.9</ele></trkpt>
      <trkpt lat="47.057290997410895" lon="8.48691586427319">
      <ele>1740.4</ele></trkpt>
      <trkpt lat="47.05729652392441" lon="8.486880049680478">
      <ele>1740.8</ele></trkpt>
      <trkpt lat="47.057300064469615" lon="8.486853858119213">
      <ele>1741.3</ele></trkpt>
      <trkpt lat="47.057301160227766" lon="8.486837293789524">
      <ele>1741.7</ele></trkpt>
      <trkpt lat="47.05730272006382" lon="8.486822120675416">
      <ele>1742.2</ele></trkpt>
      <trkpt lat="47.057307618616875" lon="8.486802866378257">
      <ele>1742.6</ele></trkpt>
      <trkpt lat="47.057314905125175" lon="8.486780209966026">
      <ele>1743.1</ele></trkpt>
      <trkpt lat="47.057315627828416" lon="8.486753265663156">
      <ele>1743.5</ele></trkpt>
      <trkpt lat="47.05732092464096" lon="8.486741627523857">
      <ele>1744.0</ele></trkpt>
      <trkpt lat="47.0573276110685" lon="8.486733465324297">
      <ele>1744.7</ele></trkpt>
      <trkpt lat="47.0573338235498" lon="8.486725978351686">
      <ele>1745.4</ele></trkpt>
      <trkpt lat="47.05734204807007" lon="8.486704037904738">
      <ele>1746.1</ele></trkpt>
      <trkpt lat="47.05735988059057" lon="8.486664304141886">
      <ele>1746.8</ele></trkpt>
      <trkpt lat="47.05737477541132" lon="8.48663695227249">
      <ele>1747.5</ele></trkpt>
      <trkpt lat="47.05737786081241" lon="8.486609369616458">
      <ele>1748.2</ele></trkpt>
      <trkpt lat="47.057388450910715" lon="8.486587462196306">
      <ele>1748.9</ele></trkpt>
      <trkpt lat="47.05739766399394" lon="8.486560696923581">
      <ele>1749.6</ele></trkpt>
      <trkpt lat="47.057397347616956" lon="8.486544104965395">
      <ele>1750.3</ele></trkpt>
      <trkpt lat="47.05739041149035" lon="8.486527383658894">
      <ele>1751.0</ele></trkpt>
      <trkpt lat="47.05738048837532" lon="8.486515632377085">
      <ele>1751.6</ele></trkpt>
      <trkpt lat="47.05732271458857" lon="8.486462679607756">
      <ele>1752.3</ele></trkpt>
      <trkpt lat="47.057297682614795" lon="8.4864504751916">
      <ele>1753.0</ele></trkpt>
      <trkpt lat="47.0572793694769" lon="8.486455145758708">
      <ele>1753.7</ele></trkpt>
      <trkpt lat="47.05726674980151" lon="8.486459914400974">
      <ele>1754.4</ele></trkpt>
      <trkpt lat="47.057262262551895" lon="8.486447900794326">
      <ele>1755.1</ele></trkpt>
      <trkpt lat="47.05725799293932" lon="8.486417949891582">
      <ele>1755.8</ele></trkpt>
      <trkpt lat="47.057250058077145" lon="8.48641110791749">
      <ele>1756.5</ele></trkpt>
      <trkpt lat="47.05723580117914" lon="8.486418832643247">
      <ele>1757.2</ele></trkpt>
      <trkpt lat="47.057212180286506" lon="8.4864304286994">
      <ele>1757.9</ele></trkpt>
      <trkpt lat="47.057202649412666" lon="8.486420054117945">
      <ele>1758.5</ele></trkpt>
      <trkpt lat="47.05720176259778" lon="8.48640879536245">
      <ele>1759.1</ele></trkpt>
      <trkpt lat="47.05720764003428" lon="8.486387743658884">
      <ele>1759.6</ele></trkpt>
      <trkpt lat="47.05721926262509" lon="8.48636605388596">
      <ele>1760.2</ele></trkpt>
      <trkpt lat="47.057222147622916" lon="8.486333807582648">
      <ele>1760.8</ele></trkpt>
      <trkpt lat="47.057222150127075" lon="8.486302966088138">
      <ele>1761.4</ele></trkpt>
      <trkpt lat="47.057221111904525" lon="8.486285622941955">
      <ele>1762.0</ele></trkpt>
      <trkpt lat="47.05721791462048" lon="8.486276175071062">
      <ele>1762.5</ele></trkpt>
      <trkpt lat="47.05721218725388" lon="8.486272890839082">
      <ele>1763.1</ele></trkpt>
      <trkpt lat="47.0571938351468" lon="8.486299582838251">
      <ele>1763.7</ele></trkpt>
      <trkpt lat="47.05717493672276" lon="8.486321077822291">
      <ele>1764.3</ele></trkpt>
      <trkpt lat="47.057165434649285" lon="8.48634008421969">
      <ele>1764.9</ele></trkpt>
      <trkpt lat="47.0571561482394" lon="8.486355172173832">
      <ele>1765.4</ele></trkpt>
      <trkpt lat="47.057145581280416" lon="8.486360744400214">
      <ele>1766.0</ele></trkpt>
      <trkpt lat="47.057126352083856" lon="8.486373137077331">
      <ele>1766.6</ele></trkpt>
      <trkpt lat="47.05710414353577" lon="8.486373887885007">
      <ele>1767.2</ele></trkpt>
      <trkpt lat="47.05708974707823" lon="8.486379161510637">
      <ele>1767.8</ele></trkpt>
      <trkpt lat="47.05707989668049" lon="8.486392961584185">
      <ele>1768.3</ele></trkpt>
      <trkpt lat="47.05707327311827" lon="8.486410997442043">
      <ele>1768.9</ele></trkpt>
      <trkpt lat="47.05707065710974" lon="8.486431507303003">
      <ele>1769.5</ele></trkpt>
      <trkpt lat="47.05706491100235" lon="8.486431263403933">
      <ele>1770.0</ele></trkpt>
      <trkpt lat="47.05705922905519" lon="8.486421029866062">
      <ele>1770.5</ele></trkpt>
      <trkpt lat="47.057053100621594" lon="8.486391700924429">
      <ele>1771.0</ele></trkpt>
      <trkpt lat="47.057051451828215" lon="8.486379163644147">
      <ele>1771.5</ele></trkpt>
      <trkpt lat="47.05705589034265" lon="8.486344262493446">
      <ele>1772.0</ele></trkpt>
      <trkpt lat="47.057059763793276" lon="8.486307204691713">
      <ele>1772.5</ele></trkpt>
      <trkpt lat="47.05706104589469" lon="8.486284997040784">
      <ele>1773.0</ele></trkpt>
      <trkpt lat="47.057066014846065" lon="8.486257030098647">
      <ele>1773.5</ele></trkpt>
      <trkpt lat="47.057071553678554" lon="8.48622773163372">
      <ele>1774.0</ele></trkpt>
      <trkpt lat="47.05707607940715" lon="8.48620890447145">
      <ele>1774.5</ele></trkpt>
      <trkpt lat="47.057076158445035" lon="8.486196295636534">
      <ele>1774.9</ele></trkpt>
      <trkpt lat="47.057074381999165" lon="8.486175068129269">
      <ele>1775.4</ele></trkpt>
      <trkpt lat="47.05707779345373" lon="8.486150190435282">
      <ele>1775.9</ele></trkpt>
      <trkpt lat="47.05707517202883" lon="8.486140727519413">
      <ele>1776.4</ele></trkpt>
      <trkpt lat="47.05705757004416" lon="8.486107870531507">
      <ele>1776.9</ele></trkpt>
      <trkpt lat="47.0570334391684" lon="8.486078729709511">
      <ele>1777.4</ele></trkpt>
      <trkpt lat="47.05700830274523" lon="8.486087834748643">
      <ele>1777.9</ele></trkpt>
      <trkpt lat="47.056989771424064" lon="8.486111495669297">
      <ele>1778.4</ele></trkpt>
      <trkpt lat="47.056978701101414" lon="8.486135763016685">
      <ele>1778.9</ele></trkpt>
      <trkpt lat="47.0569652423559" lon="8.486175318838232">
      <ele>1779.4</ele></trkpt>
      <trkpt lat="47.056951227941795" lon="8.486231409933307">
      <ele>1779.9</ele></trkpt>
      <trkpt lat="47.05692339559969" lon="8.486277674583135">
      <ele>1780.4</ele></trkpt>
      <trkpt lat="47.056880704782344" lon="8.48632364891287">
      <ele>1781.0</ele></trkpt>
      <trkpt lat="47.05686470123113" lon="8.486329562456278">
      <ele>1781.5</ele></trkpt>
      <trkpt lat="47.05686096928457" lon="8.486324487540111">
      <ele>1782.0</ele></trkpt>
      <trkpt lat="47.05686016396449" lon="8.486317113588822">
      <ele>1782.5</ele></trkpt>
      <trkpt lat="47.05686217974111" lon="8.486307175276117">
      <ele>1783.0</ele></trkpt>
      <trkpt lat="47.056873007003155" lon="8.486273070368737">
      <ele>1783.6</ele></trkpt>
      <trkpt lat="47.05687983971539" lon="8.486218300193618">
      <ele>1784.1</ele></trkpt>
      <trkpt lat="47.05688044478159" lon="8.486201278849386">
      <ele>1784.6</ele></trkpt>
      <trkpt lat="47.056877568971416" lon="8.486195049140528">
      <ele>1785.1</ele></trkpt>
      <trkpt lat="47.05687267211205" lon="8.486199336828665">
      <ele>1785.6</ele></trkpt>
      <trkpt lat="47.056868819952314" lon="8.486210397636055">
      <ele>1786.2</ele></trkpt>
      <trkpt lat="47.056860210176936" lon="8.48622428773344">
      <ele>1786.7</ele></trkpt>
      <trkpt lat="47.05683103977736" lon="8.486232826837572">
      <ele>1787.2</ele></trkpt>
      <trkpt lat="47.05680077609558" lon="8.48623597400373">
      <ele>1787.7</ele></trkpt>
      <trkpt lat="47.056795739601654" lon="8.486232887581515">
      <ele>1788.2</ele></trkpt>
      <trkpt lat="47.056794547133066" lon="8.486228507279918">
      <ele>1788.8</ele></trkpt>
      <trkpt lat="47.05679858331186" lon="8.486212066348564">
      <ele>1789.3</ele></trkpt>
      <trkpt lat="47.05680140578832" lon="8.486191600104323">
      <ele>1789.8</ele></trkpt>
      <trkpt lat="47.05679948996657" lon="8.486172831495745">
      <ele>1790.5</ele></trkpt>
      <trkpt lat="47.05679348968381" lon="8.486154101576865">
      <ele>1791.1</ele></trkpt>
      <trkpt lat="47.05679122316321" lon="8.486139261908788">
      <ele>1791.8</ele></trkpt>
      <trkpt lat="47.05679139834996" lon="8.486128932246366">
      <ele>1792.5</ele></trkpt>
      <trkpt lat="47.056788572511365" lon="8.486126099624116">
      <ele>1793.1</ele></trkpt>
      <trkpt lat="47.05678314680546" lon="8.486129192297277">
      <ele>1793.8</ele></trkpt>
      <trkpt lat="47.056761490997914" lon="8.486115698297946">
      <ele>1794.4</ele></trkpt>
      <trkpt lat="47.056718145858476" lon="8.486108164807943">
      <ele>1795.1</ele></trkpt>
      <trkpt lat="47.05671306689479" lon="8.48596968146204">
      <ele>1795.8</ele></trkpt>
      <trkpt lat="47.0567162369741" lon="8.485622038886135">
      <ele>1796.4</ele></trkpt>
      <trkpt lat="47.05671509596254" lon="8.48537123238367">
      <ele>1797.1</ele></trkpt>
    </trkseg>
  </trk>
</gpx>