<?xml version='1.0' encoding='utf-8'?>
<gpx xmlns="http://www.topografix.com/GPX/1/1" xmlns:xsi="http://www.w3.org/2001/XMLSchema-instance" xsi:schemaLocation="http://www.topografix.com/GPX/1/1 http://www.topografix.com/GPX/1/1/gpx.xsd" version="1.1" creator="extract_sac_gpx.py">
  <metadata>
    <name>Brienzergrat-Überschreitung zweiter Teil Schnierenhörnli - Harder Kulm</name>
  <desc>Elevations from SwissTopo height API (sampled + interpolated)</desc></metadata>
  <wpt lat="46.80244135930057" lon="7.935476413898836">
    <ele>975</ele>
    <name>Kemmeriboden</name>
    <type>start</type>
  </wpt>
  <wpt lat="46.76604844341088" lon="7.9703016181383">
    <ele>1918</ele>
    <name>Ällgäuwlicka</name>
    <type>traverse</type>
  </wpt>
  <wpt lat="46.764381225219466" lon="7.9650979178710815">
    <ele>2070</ele>
    <name>Schnierenhireli / Schnierenhörnli</name>
    <type>summit</type>
  </wpt>
  <wpt lat="46.75871866644226" lon="7.955266420979519">
    <ele>2040</ele>
    <name>Gummhoren</name>
    <type>summit</type>
  </wpt>
  <wpt lat="46.75149246409992" lon="7.945297153663761">
    <ele>1965</ele>
    <name>Blasenhubel</name>
    <type>summit</type>
  </wpt>
  <wpt lat="46.74379143212783" lon="7.929708274990762">
    <ele>2106.9</ele>
    <name>Wytlouwihoren</name>
    <type>summit</type>
  </wpt>
  <wpt lat="46.73488581810693" lon="7.920821904552448">
    <ele>2084</ele>
    <name>Suggiture</name>
    <type>summit</type>
  </wpt>
  <wpt lat="46.74225537074325" lon="7.92860901650306">
    <ele>2136</ele>
    <name>Augstmatthorn</name>
    <type>summit</type>
  </wpt>
  <trk>
    <name>Brienzergrat-Überschreitung zweiter Teil Schnierenhörnli - Harder Kulm</name>
    <trkseg>
      <trkpt lat="46.80250221073134" lon="7.935053967571895">
      <ele>976.8</ele></trkpt>
      <trkpt lat="46.80247715559848" lon="7.935131158380727">
      <ele>976.8</ele></trkpt>
      <trkpt lat="46.8024634392477" lon="7.9352197589890965">
      <ele>976.9</ele></trkpt>
      <trkpt lat="46.80243379496768" lon="7.935469042601221">
      <ele>976.9</ele></trkpt>
      <trkpt lat="46.80242943548324" lon="7.935596558011462">
      <ele>977.0</ele></trkpt>
      <trkpt lat="46.802425003560046" lon="7.935740696750781">
      <ele>977.0</ele></trkpt>
      <trkpt lat="46.802422590031235" lon="7.935857134298903">
      <ele>977.1</ele></trkpt>
      <trkpt lat="46.80242979881883" lon="7.935951482183635">
      <ele>977.1</ele></trkpt>
      <trkpt lat="46.80242923174483" lon="7.936081796677469">
      <ele>977.2</ele></trkpt>
      <trkpt lat="46.80236006543214" lon="7.936129169987749">
      <ele>977.2</ele></trkpt>
      <trkpt lat="46.80234099238933" lon="7.936135923846965">
      <ele>977.2</ele></trkpt>
      <trkpt lat="46.802301743363444" lon="7.936132089986062">
      <ele>977.3</ele></trkpt>
      <trkpt lat="46.80222453674457" lon="7.93609845681684">
      <ele>977.3</ele></trkpt>
      <trkpt lat="46.802200742974705" lon="7.936096494866321">
      <ele>977.4</ele></trkpt>
      <trkpt lat="46.80217697178162" lon="7.936089345513221">
      <ele>977.4</ele></trkpt>
      <trkpt lat="46.80215915542389" lon="7.9360822511350415">
      <ele>977.5</ele></trkpt>
      <trkpt lat="46.80214257922581" lon="7.936063037587392">
      <ele>977.5</ele></trkpt>
      <trkpt lat="46.802108124937234" lon="7.936048846639382">
      <ele>977.6</ele></trkpt>
      <trkpt lat="46.80201783777076" lon="7.936013363782599">
      <ele>977.6</ele></trkpt>
      <trkpt lat="46.80197149032296" lon="7.935997333935658">
      <ele>977.7</ele></trkpt>
      <trkpt lat="46.80193462355295" lon="7.935991792991988">
      <ele>977.7</ele></trkpt>
      <trkpt lat="46.801895359415" lon="7.935991430615841">
      <ele>977.8</ele></trkpt>
      <trkpt lat="46.80185958949514" lon="7.9360067025349785">
      <ele>978.0</ele></trkpt>
      <trkpt lat="46.801824978257116" lon="7.936030644192673">
      <ele>978.1</ele></trkpt>
      <trkpt lat="46.80179629022246" lon="7.936059841168797">
      <ele>978.2</ele></trkpt>
      <trkpt lat="46.80176513549256" lon="7.9361080757446985">
      <ele>978.4</ele></trkpt>
      <trkpt lat="46.80174346893339" lon="7.936165070013293">
      <ele>978.5</ele></trkpt>
      <trkpt lat="46.80170229926104" lon="7.936327587383876">
      <ele>978.6</ele></trkpt>
      <trkpt lat="46.8016900363534" lon="7.936410658584241">
      <ele>978.7</ele></trkpt>
      <trkpt lat="46.80167898340656" lon="7.936488540260708">
      <ele>978.9</ele></trkpt>
      <trkpt lat="46.80166325496565" lon="7.936547318339559">
      <ele>979.0</ele></trkpt>
      <trkpt lat="46.801646361782645" lon="7.936600884959838">
      <ele>979.1</ele></trkpt>
      <trkpt lat="46.8016401290281" lon="7.93666668057384">
      <ele>979.3</ele></trkpt>
      <trkpt lat="46.801641104968795" lon="7.936715211631322">
      <ele>979.4</ele></trkpt>
      <trkpt lat="46.801633660654865" lon="7.93678446750051">
      <ele>979.5</ele></trkpt>
      <trkpt lat="46.8016215348274" lon="7.936838078091536">
      <ele>979.6</ele></trkpt>
      <trkpt lat="46.80159382997931" lon="7.936914076430144">
      <ele>979.8</ele></trkpt>
      <trkpt lat="46.801569718857806" lon="7.936984907270234">
      <ele>979.9</ele></trkpt>
      <trkpt lat="46.80154069052752" lon="7.93709208403061">
      <ele>980.0</ele></trkpt>
      <trkpt lat="46.801501009241974" lon="7.937185302459107">
      <ele>980.2</ele></trkpt>
      <trkpt lat="46.801480446367435" lon="7.937261366533796">
      <ele>980.3</ele></trkpt>
      <trkpt lat="46.801465724879066" lon="7.937363474730573">
      <ele>980.4</ele></trkpt>
      <trkpt lat="46.8014463265595" lon="7.937444750110355">
      <ele>980.5</ele></trkpt>
      <trkpt lat="46.80144727947198" lon="7.937498481440149">
      <ele>980.6</ele></trkpt>
      <trkpt lat="46.80146344837405" lon="7.937613005995031">
      <ele>980.7</ele></trkpt>
      <trkpt lat="46.8014749858836" lon="7.937696296952944">
      <ele>980.8</ele></trkpt>
      <trkpt lat="46.801478215025305" lon="7.937772581164598">
      <ele>980.9</ele></trkpt>
      <trkpt lat="46.801477685241906" lon="7.937893880996469">
      <ele>981.0</ele></trkpt>
      <trkpt lat="46.80147592251742" lon="7.938025570693629">
      <ele>981.1</ele></trkpt>
      <trkpt lat="46.80147067939156" lon="7.938136438640986">
      <ele>981.2</ele></trkpt>
      <trkpt lat="46.80145120477125" lon="7.938235044159624">
      <ele>981.2</ele></trkpt>
      <trkpt lat="46.801430474545185" lon="7.938349226790076">
      <ele>981.3</ele></trkpt>
      <trkpt lat="46.80140980481092" lon="7.93844955025562">
      <ele>981.4</ele></trkpt>
      <trkpt lat="46.801390535997925" lon="7.9385030940002785">
      <ele>981.5</ele></trkpt>
      <trkpt lat="46.801364093214175" lon="7.938561771791395">
      <ele>981.6</ele></trkpt>
      <trkpt lat="46.80132795913776" lon="7.938660209288192">
      <ele>981.7</ele></trkpt>
      <trkpt lat="46.80131342594355" lon="7.938718997452246">
      <ele>981.8</ele></trkpt>
      <trkpt lat="46.80127955404722" lon="7.9388452011606">
      <ele>981.9</ele></trkpt>
      <trkpt lat="46.80126014710499" lon="7.938928204831224">
      <ele>982.0</ele></trkpt>
      <trkpt lat="46.80125516867624" lon="7.938978409488259">
      <ele>982.1</ele></trkpt>
      <trkpt lat="46.8012693151202" lon="7.93900800231364">
      <ele>982.2</ele></trkpt>
      <trkpt lat="46.80130486540024" lon="7.939042994532091">
      <ele>982.7</ele></trkpt>
      <trkpt lat="46.80134626285687" lon="7.9391005728090045">
      <ele>983.2</ele></trkpt>
      <trkpt lat="46.8013792714427" lon="7.939173662071145">
      <ele>983.7</ele></trkpt>
      <trkpt lat="46.801420532225514" lon="7.939262430005178">
      <ele>984.2</ele></trkpt>
      <trkpt lat="46.80145478742472" lon="7.939319929117597">
      <ele>984.8</ele></trkpt>
      <trkpt lat="46.80149150219475" lon="7.939360133130977">
      <ele>985.3</ele></trkpt>
      <trkpt lat="46.80153324964546" lon="7.939382961125852">
      <ele>985.8</ele></trkpt>
      <trkpt lat="46.801529019976854" lon="7.939475747559042">
      <ele>986.3</ele></trkpt>
      <trkpt lat="46.801539957899664" lon="7.939586752804292">
      <ele>986.8</ele></trkpt>
      <trkpt lat="46.80161044946036" lon="7.940008884208134">
      <ele>987.3</ele></trkpt>
      <trkpt lat="46.80166620649176" lon="7.940319949472057">
      <ele>987.8</ele></trkpt>
      <trkpt lat="46.801696049385754" lon="7.940464405009416">
      <ele>988.3</ele></trkpt>
      <trkpt lat="46.80174283946985" lon="7.940647846765257">
      <ele>988.8</ele></trkpt>
      <trkpt lat="46.8017972206553" lon="7.940839678048716">
      <ele>989.3</ele></trkpt>
      <trkpt lat="46.80181591331287" lon="7.940917508747763">
      <ele>989.9</ele></trkpt>
      <trkpt lat="46.80181761637822" lon="7.940961881051298">
      <ele>990.4</ele></trkpt>
      <trkpt lat="46.80181168506049" lon="7.941011736566444">
      <ele>990.9</ele></trkpt>
      <trkpt lat="46.801798180331645" lon="7.941053202996719">
      <ele>991.4</ele></trkpt>
      <trkpt lat="46.80178277175713" lon="7.941091887567451">
      <ele>991.9</ele></trkpt>
      <trkpt lat="46.80175785534024" lon="7.941130457260158">
      <ele>992.4</ele></trkpt>
      <trkpt lat="46.80172535957527" lon="7.941157899899169">
      <ele>993.8</ele></trkpt>
      <trkpt lat="46.80163370000028" lon="7.941218038331107">
      <ele>995.2</ele></trkpt>
      <trkpt lat="46.80158785798858" lon="7.941250884534025">
      <ele>996.6</ele></trkpt>
      <trkpt lat="46.801553439892984" lon="7.941283837235907">
      <ele>998.1</ele></trkpt>
      <trkpt lat="46.80151898520423" lon="7.941325107976734">
      <ele>999.5</ele></trkpt>
      <trkpt lat="46.8014902180336" lon="7.941371986068148">
      <ele>1000.9</ele></trkpt>
      <trkpt lat="46.8014595285358" lon="7.941424374317017">
      <ele>1002.3</ele></trkpt>
      <trkpt lat="46.801346199092364" lon="7.941647913648077">
      <ele>1003.7</ele></trkpt>
      <trkpt lat="46.80121174204432" lon="7.941915610684132">
      <ele>1005.1</ele></trkpt>
      <trkpt lat="46.80110203009363" lon="7.9421835638068705">
      <ele>1006.5</ele></trkpt>
      <trkpt lat="46.80090942528217" lon="7.942683627900586">
      <ele>1008.0</ele></trkpt>
      <trkpt lat="46.800793657022865" lon="7.9430291501378">
      <ele>1009.4</ele></trkpt>
      <trkpt lat="46.800695084864245" lon="7.943360959398316">
      <ele>1010.8</ele></trkpt>
      <trkpt lat="46.80058285327891" lon="7.943764726827813">
      <ele>1012.2</ele></trkpt>
      <trkpt lat="46.80054603398872" lon="7.943911333516965">
      <ele>1013.6</ele></trkpt>
      <trkpt lat="46.80050547404476" lon="7.944041281489523">
      <ele>1015.0</ele></trkpt>
      <trkpt lat="46.800447692257386" lon="7.944190468251858">
      <ele>1016.5</ele></trkpt>
      <trkpt lat="46.800403416198414" lon="7.944298190171257">
      <ele>1017.9</ele></trkpt>
      <trkpt lat="46.80033989759119" lon="7.944452863662262">
      <ele>1019.3</ele></trkpt>
      <trkpt lat="46.80027055634115" lon="7.944632436818441">
      <ele>1020.7</ele></trkpt>
      <trkpt lat="46.80024339115763" lon="7.944745872935389">
      <ele>1020.4</ele></trkpt>
      <trkpt lat="46.80020472170201" lon="7.944881378432482">
      <ele>1020.1</ele></trkpt>
      <trkpt lat="46.80014702482495" lon="7.945011150739351">
      <ele>1019.9</ele></trkpt>
      <trkpt lat="46.80004128599165" lon="7.9452375256022565">
      <ele>1019.6</ele></trkpt>
      <trkpt lat="46.79992585439092" lon="7.945505386220606">
      <ele>1019.3</ele></trkpt>
      <trkpt lat="46.799862407885385" lon="7.945643434372116">
      <ele>1019.0</ele></trkpt>
      <trkpt lat="46.79984694199905" lon="7.945698738951034">
      <ele>1018.7</ele></trkpt>
      <trkpt lat="46.79982757031055" lon="7.945770643073254">
      <ele>1018.5</ele></trkpt>
      <trkpt lat="46.79980619551211" lon="7.945870259861497">
      <ele>1018.2</ele></trkpt>
      <trkpt lat="46.799804408130086" lon="7.945885857601496">
      <ele>1017.9</ele></trkpt>
      <trkpt lat="46.79982855547072" lon="7.945978370664952">
      <ele>1017.6</ele></trkpt>
      <trkpt lat="46.79987981863513" lon="7.946169437662014">
      <ele>1017.3</ele></trkpt>
      <trkpt lat="46.79992403995691" lon="7.946291194750389">
      <ele>1017.1</ele></trkpt>
      <trkpt lat="46.79997829045382" lon="7.946455646139275">
      <ele>1016.8</ele></trkpt>
      <trkpt lat="46.799997829625056" lon="7.946514188590123">
      <ele>1016.5</ele></trkpt>
      <trkpt lat="46.80000863655562" lon="7.946555973096356">
      <ele>1016.2</ele></trkpt>
      <trkpt lat="46.80001576064228" lon="7.946594526623782">
      <ele>1015.9</ele></trkpt>
      <trkpt lat="46.800015353965584" lon="7.946686022922661">
      <ele>1015.7</ele></trkpt>
      <trkpt lat="46.80002635267722" lon="7.946781779310694">
      <ele>1015.4</ele></trkpt>
      <trkpt lat="46.80001861870473" lon="7.946914797497785">
      <ele>1015.1</ele></trkpt>
      <trkpt lat="46.800010727306166" lon="7.947083169759866">
      <ele>1015.5</ele></trkpt>
      <trkpt lat="46.80000720967395" lon="7.947232864044725">
      <ele>1015.9</ele></trkpt>
      <trkpt lat="46.79999669801396" lon="7.947347136697963">
      <ele>1016.3</ele></trkpt>
      <trkpt lat="46.79998317708003" lon="7.947498819297268">
      <ele>1016.6</ele></trkpt>
      <trkpt lat="46.79996685128311" lon="7.947635921777368">
      <ele>1017.0</ele></trkpt>
      <trkpt lat="46.79993494916507" lon="7.947745826552317">
      <ele>1017.4</ele></trkpt>
      <trkpt lat="46.799907319325385" lon="7.947857867485851">
      <ele>1017.8</ele></trkpt>
      <trkpt lat="46.799879782357394" lon="7.947947024380716">
      <ele>1018.2</ele></trkpt>
      <trkpt lat="46.79985224503223" lon="7.948038263998999">
      <ele>1018.6</ele></trkpt>
      <trkpt lat="46.799836205712836" lon="7.9481129758934985">
      <ele>1019.0</ele></trkpt>
      <trkpt lat="46.79982312907437" lon="7.948162761260968">
      <ele>1019.3</ele></trkpt>
      <trkpt lat="46.79983577002159" lon="7.948210706963802">
      <ele>1019.7</ele></trkpt>
      <trkpt lat="46.799844073856086" lon="7.948269012660977">
      <ele>1020.1</ele></trkpt>
      <trkpt lat="46.799845244456236" lon="7.948327250911981">
      <ele>1020.5</ele></trkpt>
      <trkpt lat="46.79984217040223" lon="7.948377130847971">
      <ele>1020.9</ele></trkpt>
      <trkpt lat="46.799844563976244" lon="7.948409234110234">
      <ele>1021.3</ele></trkpt>
      <trkpt lat="46.79984872799641" lon="7.948413478431748">
      <ele>1021.6</ele></trkpt>
      <trkpt lat="46.79987258362518" lon="7.948437833342363">
      <ele>1022.0</ele></trkpt>
      <trkpt lat="46.799887430235884" lon="7.9484712464899525">
      <ele>1022.4</ele></trkpt>
      <trkpt lat="46.79990013597594" lon="7.948504639401138">
      <ele>1022.8</ele></trkpt>
      <trkpt lat="46.79991361725286" lon="7.948523486126945">
      <ele>1022.7</ele></trkpt>
      <trkpt lat="46.7999249391404" lon="7.948546464971396">
      <ele>1022.5</ele></trkpt>
      <trkpt lat="46.79993262955158" lon="7.948582941246867">
      <ele>1022.4</ele></trkpt>
      <trkpt lat="46.799937491432715" lon="7.948616259985168">
      <ele>1022.3</ele></trkpt>
      <trkpt lat="46.79993949809946" lon="7.948644338106904">
      <ele>1022.2</ele></trkpt>
      <trkpt lat="46.79993792856725" lon="7.948675539364803">
      <ele>1022.0</ele></trkpt>
      <trkpt lat="46.79993485004289" lon="7.948724371365838">
      <ele>1021.9</ele></trkpt>
      <trkpt lat="46.79993259313543" lon="7.948750352511386">
      <ele>1021.8</ele></trkpt>
      <trkpt lat="46.79993318752075" lon="7.948778417266965">
      <ele>1021.7</ele></trkpt>
      <trkpt lat="46.79993010865056" lon="7.9488293320754115">
      <ele>1021.5</ele></trkpt>
      <trkpt lat="46.7999278287484" lon="7.948858443777059">
      <ele>1021.4</ele></trkpt>
      <trkpt lat="46.799927619922244" lon="7.948905220110721">
      <ele>1021.3</ele></trkpt>
      <trkpt lat="46.79992749453548" lon="7.948933304249296">
      <ele>1021.2</ele></trkpt>
      <trkpt lat="46.79992589258036" lon="7.948971749208285">
      <ele>1021.0</ele></trkpt>
      <trkpt lat="46.79992433176587" lon="7.949005007153389">
      <ele>1020.9</ele></trkpt>
      <trkpt lat="46.79992494980526" lon="7.949023732189742">
      <ele>1020.8</ele></trkpt>
      <trkpt lat="46.79991774231177" lon="7.949040300290575">
      <ele>1020.7</ele></trkpt>
      <trkpt lat="46.799908394567105" lon="7.949052682476774">
      <ele>1020.5</ele></trkpt>
      <trkpt lat="46.79989904651488" lon="7.949067147475061">
      <ele>1020.4</ele></trkpt>
      <trkpt lat="46.79988970714956" lon="7.949083695369506">
      <ele>1020.3</ele></trkpt>
      <trkpt lat="46.7998817388139" lon="7.9491054567415365">
      <ele>1020.4</ele></trkpt>
      <trkpt lat="46.79987950042493" lon="7.949127272384731">
      <ele>1020.4</ele></trkpt>
      <trkpt lat="46.799880103962195" lon="7.949153267485394">
      <ele>1020.5</ele></trkpt>
      <trkpt lat="46.79988210082662" lon="7.949185524242342">
      <ele>1020.6</ele></trkpt>
      <trkpt lat="46.79988337282402" lon="7.9492229746311285">
      <ele>1020.6</ele></trkpt>
      <trkpt lat="46.799883925811514" lon="7.949256252571697">
      <ele>1020.7</ele></trkpt>
      <trkpt lat="46.79988093991925" lon="7.949284296483244">
      <ele>1020.8</ele></trkpt>
      <trkpt lat="46.79987296167681" lon="7.949312293083957">
      <ele>1020.8</ele></trkpt>
      <trkpt lat="46.79986075280297" lon="7.949328813735777">
      <ele>1020.9</ele></trkpt>
      <trkpt lat="46.799845646281135" lon="7.949353625089657">
      <ele>1021.0</ele></trkpt>
      <trkpt lat="46.79982626271526" lon="7.949377347936984">
      <ele>1021.0</ele></trkpt>
      <trkpt lat="46.79981972830862" lon="7.9494043233216765">
      <ele>1021.1</ele></trkpt>
      <trkpt lat="46.79981244698004" lon="7.94943337443638">
      <ele>1021.1</ele></trkpt>
      <trkpt lat="46.79980877828955" lon="7.949455176481122">
      <ele>1021.2</ele></trkpt>
      <trkpt lat="46.79980576442122" lon="7.949489468524973">
      <ele>1021.3</ele></trkpt>
      <trkpt lat="46.79980131979169" lon="7.949527886433673">
      <ele>1021.3</ele></trkpt>
      <trkpt lat="46.79979120094392" lon="7.949553779848254">
      <ele>1021.4</ele></trkpt>
      <trkpt lat="46.7997675584884" lon="7.949574357649492">
      <ele>1021.5</ele></trkpt>
      <trkpt lat="46.79974386553761" lon="7.9496022051515105">
      <ele>1021.5</ele></trkpt>
      <trkpt lat="46.799734475859424" lon="7.949623952912074">
      <ele>1021.6</ele></trkpt>
      <trkpt lat="46.79972218330755" lon="7.9496591786722">
      <ele>1021.7</ele></trkpt>
      <trkpt lat="46.79971062912932" lon="7.949688202280519">
      <ele>1021.9</ele></trkpt>
      <trkpt lat="46.79970412785176" lon="7.949703728969145">
      <ele>1022.0</ele></trkpt>
      <trkpt lat="46.799696897063875" lon="7.949725484070872">
      <ele>1022.1</ele></trkpt>
      <trkpt lat="46.799683160241365" lon="7.949763826851956">
      <ele>1022.2</ele></trkpt>
      <trkpt lat="46.799674503772586" lon="7.949784546658806">
      <ele>1022.4</ele></trkpt>
      <trkpt lat="46.799663005451954" lon="7.949801073883092">
      <ele>1022.5</ele></trkpt>
      <trkpt lat="46.799649361959894" lon="7.949816532797964">
      <ele>1022.6</ele></trkpt>
      <trkpt lat="46.79962923073372" lon="7.949846496728061">
      <ele>1022.7</ele></trkpt>
      <trkpt lat="46.799620468042605" lon="7.949876882869333">
      <ele>1022.8</ele></trkpt>
      <trkpt lat="46.79961844864756" lon="7.949908027244248">
      <ele>1023.0</ele></trkpt>
      <trkpt lat="46.79961106765742" lon="7.949937208232261">
      <ele>1023.1</ele></trkpt>
      <trkpt lat="46.79959394633924" lon="7.949959930477184">
      <ele>1023.2</ele></trkpt>
      <trkpt lat="46.79957579981547" lon="7.950008723914646">
      <ele>1023.3</ele></trkpt>
      <trkpt lat="46.79957179287007" lon="7.950053826472727">
      <ele>1023.5</ele></trkpt>
      <trkpt lat="46.79957019605345" lon="7.950109130142071">
      <ele>1023.6</ele></trkpt>
      <trkpt lat="46.79957640368761" lon="7.950163250342882">
      <ele>1023.7</ele></trkpt>
      <trkpt lat="46.799595200961356" lon="7.950252465517642">
      <ele>1023.8</ele></trkpt>
      <trkpt lat="46.799606770166534" lon="7.9503085360822086">
      <ele>1024.0</ele></trkpt>
      <trkpt lat="46.79962273427628" lon="7.950341370722175">
      <ele>1024.1</ele></trkpt>
      <trkpt lat="46.799624180543496" lon="7.950365932780482">
      <ele>1024.3</ele></trkpt>
      <trkpt lat="46.799621183352286" lon="7.950396439082748">
      <ele>1024.4</ele></trkpt>
      <trkpt lat="46.799616223361426" lon="7.950431354347239">
      <ele>1024.6</ele></trkpt>
      <trkpt lat="46.79958675921321" lon="7.950524551978966">
      <ele>1024.8</ele></trkpt>
      <trkpt lat="46.79957394893032" lon="7.950582919187771">
      <ele>1024.9</ele></trkpt>
      <trkpt lat="46.79956408911972" lon="7.950629249841607">
      <ele>1025.1</ele></trkpt>
      <trkpt lat="46.799549353457756" lon="7.95067362163807">
      <ele>1025.3</ele></trkpt>
      <trkpt lat="46.799535159166716" lon="7.950699554591604">
      <ele>1025.5</ele></trkpt>
      <trkpt lat="46.79950779067099" lon="7.9507285324020325">
      <ele>1025.6</ele></trkpt>
      <trkpt lat="46.799478481593184" lon="7.950754950460099">
      <ele>1025.8</ele></trkpt>
      <trkpt lat="46.799442858926035" lon="7.9507730427792165">
      <ele>1026.0</ele></trkpt>
      <trkpt lat="46.79939896220136" lon="7.950784690147638">
      <ele>1026.1</ele></trkpt>
      <trkpt lat="46.799369196895526" lon="7.950796484894344">
      <ele>1026.3</ele></trkpt>
      <trkpt lat="46.79934771666298" lon="7.950810257774219">
      <ele>1026.5</ele></trkpt>
      <trkpt lat="46.79932574781088" lon="7.950824667867703">
      <ele>1026.7</ele></trkpt>
      <trkpt lat="46.79930670240099" lon="7.950839105734669">
      <ele>1026.8</ele></trkpt>
      <trkpt lat="46.79928768412837" lon="7.950841466252799">
      <ele>1027.0</ele></trkpt>
      <trkpt lat="46.799246337272294" lon="7.950844164722458">
      <ele>1027.2</ele></trkpt>
      <trkpt lat="46.799204198719785" lon="7.950846881862071">
      <ele>1027.3</ele></trkpt>
      <trkpt lat="46.79916775379796" lon="7.950851735903551">
      <ele>1027.5</ele></trkpt>
      <trkpt lat="46.79908274276379" lon="7.950862363603438">
      <ele>1028.2</ele></trkpt>
      <trkpt lat="46.79904414300802" lon="7.9508703147725175">
      <ele>1029.0</ele></trkpt>
      <trkpt lat="46.79901700417032" lon="7.950872126509258">
      <ele>1029.7</ele></trkpt>
      <trkpt lat="46.79898865894929" lon="7.9508882049851115">
      <ele>1030.4</ele></trkpt>
      <trkpt lat="46.798986229060475" lon="7.9506867412360025">
      <ele>1031.2</ele></trkpt>
      <trkpt lat="46.798618178471784" lon="7.950808262864685">
      <ele>1031.9</ele></trkpt>
      <trkpt lat="46.79858748787714" lon="7.950843862934503">
      <ele>1032.6</ele></trkpt>
      <trkpt lat="46.798554417410635" lon="7.9510290852320615">
      <ele>1033.3</ele></trkpt>
      <trkpt lat="46.798667254000854" lon="7.951604505407634">
      <ele>1034.1</ele></trkpt>
      <trkpt lat="46.79863786764135" lon="7.9516200364179435">
      <ele>1034.8</ele></trkpt>
      <trkpt lat="46.79859914265683" lon="7.951655873939298">
      <ele>1035.5</ele></trkpt>
      <trkpt lat="46.79856534381247" lon="7.951676445375211">
      <ele>1036.3</ele></trkpt>
      <trkpt lat="46.79850564251316" lon="7.951697936017354">
      <ele>1037.0</ele></trkpt>
      <trkpt lat="46.798439497377046" lon="7.951746139906455">
      <ele>1037.7</ele></trkpt>
      <trkpt lat="46.7983132434517" lon="7.951788374498351">
      <ele>1038.4</ele></trkpt>
      <trkpt lat="46.79825446896166" lon="7.951825828439628">
      <ele>1039.2</ele></trkpt>
      <trkpt lat="46.7981892616561" lon="7.951885528771694">
      <ele>1039.9</ele></trkpt>
      <trkpt lat="46.7980902335751" lon="7.9519766720404625">
      <ele>1040.6</ele></trkpt>
      <trkpt lat="46.79801820349263" lon="7.952029259730602">
      <ele>1041.4</ele></trkpt>
      <trkpt lat="46.797980312439236" lon="7.952085683066457">
      <ele>1042.1</ele></trkpt>
      <trkpt lat="46.79790201877166" lon="7.952134844378116">
      <ele>1043.3</ele></trkpt>
      <trkpt lat="46.79775677362571" lon="7.952255451227813">
      <ele>1044.5</ele></trkpt>
      <trkpt lat="46.79766369264913" lon="7.952340296783815">
      <ele>1045.7</ele></trkpt>
      <trkpt lat="46.797615286882625" lon="7.952384424181831">
      <ele>1046.9</ele></trkpt>
      <trkpt lat="46.79744154397403" lon="7.952490899362514">
      <ele>1048.1</ele></trkpt>
      <trkpt lat="46.79740138574659" lon="7.95252932847763">
      <ele>1049.3</ele></trkpt>
      <trkpt lat="46.79737645983528" lon="7.952565138927001">
      <ele>1050.5</ele></trkpt>
      <trkpt lat="46.79732818039858" lon="7.952717162495865">
      <ele>1051.7</ele></trkpt>
      <trkpt lat="46.79730898437916" lon="7.952753027470269">
      <ele>1052.9</ele></trkpt>
      <trkpt lat="46.797274637783815" lon="7.952769335373032">
      <ele>1054.1</ele></trkpt>
      <trkpt lat="46.79721744334373" lon="7.95278542528577">
      <ele>1055.3</ele></trkpt>
      <trkpt lat="46.797143175363715" lon="7.9527874937190495">
      <ele>1056.5</ele></trkpt>
      <trkpt lat="46.79707638014933" lon="7.9528201274675405">
      <ele>1057.7</ele></trkpt>
      <trkpt lat="46.796856641693054" lon="7.952992702951298">
      <ele>1058.9</ele></trkpt>
      <trkpt lat="46.79669409197849" lon="7.953146410710858">
      <ele>1060.1</ele></trkpt>
      <trkpt lat="46.796661449124684" lon="7.9532098636005895">
      <ele>1061.3</ele></trkpt>
      <trkpt lat="46.79662665301849" lon="7.953325978829558">
      <ele>1062.5</ele></trkpt>
      <trkpt lat="46.79660360537561" lon="7.953370124008521">
      <ele>1063.7</ele></trkpt>
      <trkpt lat="46.79652809310406" lon="7.953450719399381">
      <ele>1064.9</ele></trkpt>
      <trkpt lat="46.79639504715825" lon="7.953592708398001">
      <ele>1066.1</ele></trkpt>
      <trkpt lat="46.79636866526502" lon="7.953612182873051">
      <ele>1066.4</ele></trkpt>
      <trkpt lat="46.79631422251579" lon="7.953642431332993">
      <ele>1066.7</ele></trkpt>
      <trkpt lat="46.796213995142416" lon="7.953683991644967">
      <ele>1067.0</ele></trkpt>
      <trkpt lat="46.79616167761925" lon="7.953709741243545">
      <ele>1067.3</ele></trkpt>
      <trkpt lat="46.79613299380107" lon="7.9537329921655875">
      <ele>1067.6</ele></trkpt>
      <trkpt lat="46.79603605103165" lon="7.9538221706272845">
      <ele>1068.0</ele></trkpt>
      <trkpt lat="46.796050942464475" lon="7.953897171257935">
      <ele>1068.3</ele></trkpt>
      <trkpt lat="46.79605640443971" lon="7.95395266969626">
      <ele>1068.6</ele></trkpt>
      <trkpt lat="46.796067365760784" lon="7.954055362473785">
      <ele>1068.9</ele></trkpt>
      <trkpt lat="46.79607440945812" lon="7.95418297059313">
      <ele>1069.2</ele></trkpt>
      <trkpt lat="46.79607030430672" lon="7.954249472045642">
      <ele>1069.5</ele></trkpt>
      <trkpt lat="46.796058580170694" lon="7.9543159005882496">
      <ele>1069.8</ele></trkpt>
      <trkpt lat="46.7960316521451" lon="7.95438460684253">
      <ele>1070.1</ele></trkpt>
      <trkpt lat="46.79599983810206" lon="7.954445642909375">
      <ele>1070.4</ele></trkpt>
      <trkpt lat="46.79596032724683" lon="7.954489970085643">
      <ele>1070.8</ele></trkpt>
      <trkpt lat="46.79591697422096" lon="7.954516590501486">
      <ele>1071.1</ele></trkpt>
      <trkpt lat="46.79588052095077" lon="7.954533217257429">
      <ele>1071.4</ele></trkpt>
      <trkpt lat="46.79584812210708" lon="7.954538460898222">
      <ele>1071.7</ele></trkpt>
      <trkpt lat="46.795771993697095" lon="7.954532178411709">
      <ele>1072.0</ele></trkpt>
      <trkpt lat="46.795693924236225" lon="7.954531431116976">
      <ele>1072.3</ele></trkpt>
      <trkpt lat="46.79553385162403" lon="7.954560405140496">
      <ele>1073.3</ele></trkpt>
      <trkpt lat="46.79536038204875" lon="7.954605872603785">
      <ele>1074.4</ele></trkpt>
      <trkpt lat="46.795186928472326" lon="7.9546457993243775">
      <ele>1075.5</ele></trkpt>
      <trkpt lat="46.79500397047971" lon="7.954682857942757">
      <ele>1076.5</ele></trkpt>
      <trkpt lat="46.79483233619557" lon="7.95474221320402">
      <ele>1077.5</ele></trkpt>
      <trkpt lat="46.794799933852545" lon="7.954750220316336">
      <ele>1078.6</ele></trkpt>
      <trkpt lat="46.79477517902166" lon="7.954749983262561">
      <ele>1079.6</ele></trkpt>
      <trkpt lat="46.79475430074257" lon="7.95473592538475">
      <ele>1080.7</ele></trkpt>
      <trkpt lat="46.79470132411812" lon="7.954660561678992">
      <ele>1081.8</ele></trkpt>
      <trkpt lat="46.79459917221521" lon="7.9545126348205395">
      <ele>1082.8</ele></trkpt>
      <trkpt lat="46.79451776071826" lon="7.954409283654712">
      <ele>1083.8</ele></trkpt>
      <trkpt lat="46.79445516687501" lon="7.954356003792579">
      <ele>1084.9</ele></trkpt>
      <trkpt lat="46.794377269048795" lon="7.9543192122886275">
      <ele>1086.0</ele></trkpt>
      <trkpt lat="46.794295494653596" lon="7.954296254728813">
      <ele>1087.0</ele></trkpt>
      <trkpt lat="46.79421188484465" lon="7.954259408774691">
      <ele>1088.0</ele></trkpt>
      <trkpt lat="46.79416628919381" lon="7.954236797477238">
      <ele>1089.1</ele></trkpt>
      <trkpt lat="46.79411123017961" lon="7.954200224813148">
      <ele>1090.1</ele></trkpt>
      <trkpt lat="46.794033482308684" lon="7.954130179198892">
      <ele>1091.2</ele></trkpt>
      <trkpt lat="46.793948228034324" lon="7.9540350971168845">
      <ele>1092.2</ele></trkpt>
      <trkpt lat="46.793900787902274" lon="7.95399859765893">
      <ele>1093.3</ele></trkpt>
      <trkpt lat="46.79380960900976" lon="7.953950599144578">
      <ele>1093.6</ele></trkpt>
      <trkpt lat="46.79372979154124" lon="7.953916567091653">
      <ele>1093.8</ele></trkpt>
      <trkpt lat="46.793558795117725" lon="7.953834537044863">
      <ele>1094.1</ele></trkpt>
      <trkpt lat="46.793326986547704" lon="7.953726961722452">
      <ele>1094.3</ele></trkpt>
      <trkpt lat="46.79327681956336" lon="7.953704674303083">
      <ele>1094.6</ele></trkpt>
      <trkpt lat="46.793129362117746" lon="7.9536391380627345">
      <ele>1094.8</ele></trkpt>
      <trkpt lat="46.79298867344726" lon="7.953590654718972">
      <ele>1095.1</ele></trkpt>
      <trkpt lat="46.79294026982247" lon="7.9535802903189">
      <ele>1095.3</ele></trkpt>
      <trkpt lat="46.79283497117405" lon="7.953571438724318">
      <ele>1095.6</ele></trkpt>
      <trkpt lat="46.79275934455135" lon="7.9535675727374375">
      <ele>1095.8</ele></trkpt>
      <trkpt lat="46.79269593209199" lon="7.9535701103698955">
      <ele>1096.1</ele></trkpt>
      <trkpt lat="46.792634598103184" lon="7.953590506963983">
      <ele>1096.4</ele></trkpt>
      <trkpt lat="46.79258475820637" lon="7.953619395872845">
      <ele>1096.6</ele></trkpt>
      <trkpt lat="46.79255436118228" lon="7.953649531423933">
      <ele>1096.9</ele></trkpt>
      <trkpt lat="46.79252535138052" lon="7.9536912192752895">
      <ele>1097.1</ele></trkpt>
      <trkpt lat="46.792504265959224" lon="7.9537350653478205">
      <ele>1097.4</ele></trkpt>
      <trkpt lat="46.79248321056426" lon="7.953788211036545">
      <ele>1097.6</ele></trkpt>
      <trkpt lat="46.79243119044257" lon="7.95392356300029">
      <ele>1097.9</ele></trkpt>
      <trkpt lat="46.79234660886974" lon="7.954100175304905">
      <ele>1098.1</ele></trkpt>
      <trkpt lat="46.792277565055166" lon="7.954210412763683">
      <ele>1098.4</ele></trkpt>
      <trkpt lat="46.79225270664322" lon="7.954235125981152">
      <ele>1099.4</ele></trkpt>
      <trkpt lat="46.79221644383357" lon="7.954251413080133">
      <ele>1100.4</ele></trkpt>
      <trkpt lat="46.79207148407047" lon="7.954308245159205">
      <ele>1101.3</ele></trkpt>
      <trkpt lat="46.79192271030402" lon="7.954365040438863">
      <ele>1102.3</ele></trkpt>
      <trkpt lat="46.79168617136874" lon="7.954462580112044">
      <ele>1103.3</ele></trkpt>
      <trkpt lat="46.79165942192694" lon="7.954481734603586">
      <ele>1104.2</ele></trkpt>
      <trkpt lat="46.79156203072952" lon="7.954544561013066">
      <ele>1105.2</ele></trkpt>
      <trkpt lat="46.79152571076769" lon="7.954577480926657">
      <ele>1106.2</ele></trkpt>
      <trkpt lat="46.79142995462205" lon="7.9546985407813615">
      <ele>1107.2</ele></trkpt>
      <trkpt lat="46.79129006795736" lon="7.954896805907326">
      <ele>1108.2</ele></trkpt>
      <trkpt lat="46.79124988374218" lon="7.954940794995791">
      <ele>1109.1</ele></trkpt>
      <trkpt lat="46.790863687519035" lon="7.955286400725004">
      <ele>1110.1</ele></trkpt>
      <trkpt lat="46.790794692710726" lon="7.955385540710318">
      <ele>1111.1</ele></trkpt>
      <trkpt lat="46.790769645987936" lon="7.95545183476781">
      <ele>1112.1</ele></trkpt>
      <trkpt lat="46.79075609838656" lon="7.955501605494127">
      <ele>1113.0</ele></trkpt>
      <trkpt lat="46.790751983469896" lon="7.955568100197799">
      <ele>1114.0</ele></trkpt>
      <trkpt lat="46.790757356825324" lon="7.955643002672198">
      <ele>1115.0</ele></trkpt>
      <trkpt lat="46.7907722811949" lon="7.955712443540589">
      <ele>1116.0</ele></trkpt>
      <trkpt lat="46.790800527440624" lon="7.955782012264594">
      <ele>1116.9</ele></trkpt>
      <trkpt lat="46.79088937548579" lon="7.955921486646671">
      <ele>1117.9</ele></trkpt>
      <trkpt lat="46.79094040666523" lon="7.956005144396149">
      <ele>1119.2</ele></trkpt>
      <trkpt lat="46.790961067803444" lon="7.956069113603287">
      <ele>1120.5</ele></trkpt>
      <trkpt lat="46.79097219045573" lon="7.956135754817045">
      <ele>1121.8</ele></trkpt>
      <trkpt lat="46.79097381228392" lon="7.95619675156036">
      <ele>1123.1</ele></trkpt>
      <trkpt lat="46.79096211216202" lon="7.95625762037224">
      <ele>1124.4</ele></trkpt>
      <trkpt lat="46.79093711512759" lon="7.9563128343780924">
      <ele>1125.6</ele></trkpt>
      <trkpt lat="46.79090068161983" lon="7.956370702014269">
      <ele>1126.9</ele></trkpt>
      <trkpt lat="46.79084329822037" lon="7.956428368317201">
      <ele>1128.2</ele></trkpt>
      <trkpt lat="46.79063104554781" lon="7.956623167857119">
      <ele>1129.5</ele></trkpt>
      <trkpt lat="46.79030786986638" lon="7.956930543633886">
      <ele>1130.8</ele></trkpt>
      <trkpt lat="46.790122409339276" lon="7.9571006469681675">
      <ele>1132.1</ele></trkpt>
      <trkpt lat="46.79005765014652" lon="7.957164042729695">
      <ele>1133.4</ele></trkpt>
      <trkpt lat="46.79007219530335" lon="7.957255390947959">
      <ele>1134.7</ele></trkpt>
      <trkpt lat="46.79007582055209" lon="7.957297009165288">
      <ele>1136.0</ele></trkpt>
      <trkpt lat="46.79007179263492" lon="7.957344106915817">
      <ele>1137.2</ele></trkpt>
      <trkpt lat="46.790054442780544" lon="7.957391076446119">
      <ele>1138.5</ele></trkpt>
      <trkpt lat="46.79002180470481" lon="7.95744897894314">
      <ele>1139.8</ele></trkpt>
      <trkpt lat="46.789954723994626" lon="7.957548133056879">
      <ele>1141.1</ele></trkpt>
      <trkpt lat="46.78987613828721" lon="7.957661045936149">
      <ele>1142.4</ele></trkpt>
      <trkpt lat="46.78983582723649" lon="7.957732717774759">
      <ele>1143.7</ele></trkpt>
      <trkpt lat="46.789803025178955" lon="7.95782667442562">
      <ele>1144.8</ele></trkpt>
      <trkpt lat="46.78977872513678" lon="7.957894623563113">
      <ele>1145.9</ele></trkpt>
      <trkpt lat="46.78977062507403" lon="7.957917281992945">
      <ele>1146.9</ele></trkpt>
      <trkpt lat="46.78976252506632" lon="7.957939927319568">
      <ele>1148.0</ele></trkpt>
      <trkpt lat="46.78973044745011" lon="7.95806841447191">
      <ele>1149.1</ele></trkpt>
      <trkpt lat="46.789712113489166" lon="7.95814182998323">
      <ele>1150.2</ele></trkpt>
      <trkpt lat="46.7896791221334" lon="7.958277341187481">
      <ele>1151.3</ele></trkpt>
      <trkpt lat="46.78965012103122" lon="7.9583740973576385">
      <ele>1152.3</ele></trkpt>
      <trkpt lat="46.78962895689948" lon="7.958421003216922">
      <ele>1153.4</ele></trkpt>
      <trkpt lat="46.78959449763716" lon="7.958469797757401">
      <ele>1154.5</ele></trkpt>
      <trkpt lat="46.78954528978382" lon="7.9585611592568215">
      <ele>1155.6</ele></trkpt>
      <trkpt lat="46.789510453036215" lon="7.958633590036096">
      <ele>1156.7</ele></trkpt>
      <trkpt lat="46.78948992318333" lon="7.958699230463861">
      <ele>1157.7</ele></trkpt>
      <trkpt lat="46.78945847491742" lon="7.958809819044665">
      <ele>1158.8</ele></trkpt>
      <trkpt lat="46.78942683833831" lon="7.958963717319602">
      <ele>1159.9</ele></trkpt>
      <trkpt lat="46.78942186684625" lon="7.959010451657891">
      <ele>1161.0</ele></trkpt>
      <trkpt lat="46.78942532749298" lon="7.959034740633062">
      <ele>1162.1</ele></trkpt>
      <trkpt lat="46.78943832875342" lon="7.959053922233249">
      <ele>1163.1</ele></trkpt>
      <trkpt lat="46.78945971481385" lon="7.959061057010135">
      <ele>1164.2</ele></trkpt>
      <trkpt lat="46.7894942915037" lon="7.95904579235543">
      <ele>1165.3</ele></trkpt>
      <trkpt lat="46.789571807060504" lon="7.9590101573087555">
      <ele>1166.8</ele></trkpt>
      <trkpt lat="46.78963612411756" lon="7.958998650407906">
      <ele>1168.4</ele></trkpt>
      <trkpt lat="46.78966941872549" lon="7.959004171349311">
      <ele>1169.9</ele></trkpt>
      <trkpt lat="46.78968243685845" lon="7.95902162438514">
      <ele>1171.5</ele></trkpt>
      <trkpt lat="46.789684693265876" lon="7.959047630658481">
      <ele>1173.0</ele></trkpt>
      <trkpt lat="46.78967740111487" lon="7.959080486159119">
      <ele>1174.6</ele></trkpt>
      <trkpt lat="46.7896425008625" lon="7.959166785904411">
      <ele>1176.1</ele></trkpt>
      <trkpt lat="46.78960747316704" lon="7.9592790687599155">
      <ele>1177.7</ele></trkpt>
      <trkpt lat="46.78959408514591" lon="7.959344778056488">
      <ele>1179.2</ele></trkpt>
      <trkpt lat="46.78958906616903" lon="7.959401897966663">
      <ele>1180.8</ele></trkpt>
      <trkpt lat="46.78959242406871" lon="7.959448712888208">
      <ele>1182.3</ele></trkpt>
      <trkpt lat="46.789605283069434" lon="7.959499090332268">
      <ele>1183.8</ele></trkpt>
      <trkpt lat="46.789630042779415" lon="7.959549569714373">
      <ele>1185.4</ele></trkpt>
      <trkpt lat="46.78969021219863" lon="7.959664501309236">
      <ele>1186.9</ele></trkpt>
      <trkpt lat="46.78969722798215" lon="7.959692295527008">
      <ele>1188.5</ele></trkpt>
      <trkpt lat="46.78969589842206" lon="7.959723466688861">
      <ele>1190.0</ele></trkpt>
      <trkpt lat="46.789680292333244" lon="7.959752771016832">
      <ele>1191.6</ele></trkpt>
      <trkpt lat="46.7896299356302" lon="7.959835450171893">
      <ele>1193.1</ele></trkpt>
      <trkpt lat="46.789567598045004" lon="7.95993361182446">
      <ele>1194.7</ele></trkpt>
      <trkpt lat="46.7895531013302" lon="7.9599819828721685">
      <ele>1196.2</ele></trkpt>
      <trkpt lat="46.78954799502673" lon="7.96005817105339">
      <ele>1197.6</ele></trkpt>
      <trkpt lat="46.78954394161873" lon="7.960163824532834">
      <ele>1199.0</ele></trkpt>
      <trkpt lat="46.78953074287953" lon="7.9601879524427215">
      <ele>1200.4</ele></trkpt>
      <trkpt lat="46.78950804982287" lon="7.960205060167476">
      <ele>1201.8</ele></trkpt>
      <trkpt lat="46.78946989398659" lon="7.960222018249856">
      <ele>1203.2</ele></trkpt>
      <trkpt lat="46.78945435107729" lon="7.960237453236171">
      <ele>1204.6</ele></trkpt>
      <trkpt lat="46.78945066926136" lon="7.960261673187004">
      <ele>1206.0</ele></trkpt>
      <trkpt lat="46.78945652126609" lon="7.960284256601663">
      <ele>1207.4</ele></trkpt>
      <trkpt lat="46.78948014752405" lon="7.960320868641331">
      <ele>1208.8</ele></trkpt>
      <trkpt lat="46.789522873054175" lon="7.960347279670952">
      <ele>1210.2</ele></trkpt>
      <trkpt lat="46.78956556590359" lon="7.960378876835518">
      <ele>1211.6</ele></trkpt>
      <trkpt lat="46.78962360501746" lon="7.960440077774322">
      <ele>1213.0</ele></trkpt>
      <trkpt lat="46.78964239362925" lon="7.96049397050795">
      <ele>1214.4</ele></trkpt>
      <trkpt lat="46.789644539966446" lon="7.960545973331147">
      <ele>1215.8</ele></trkpt>
      <trkpt lat="46.78963126200611" lon="7.9605874277696635">
      <ele>1217.2</ele></trkpt>
      <trkpt lat="46.789603739231424" lon="7.960620074022098">
      <ele>1218.6</ele></trkpt>
      <trkpt lat="46.789551188071364" lon="7.960661161154375">
      <ele>1220.0</ele></trkpt>
      <trkpt lat="46.78949268322022" lon="7.960703906245669">
      <ele>1221.4</ele></trkpt>
      <trkpt lat="46.78947345036931" lon="7.96074530284782">
      <ele>1222.8</ele></trkpt>
      <trkpt lat="46.78947564410788" lon="7.960786906982689">
      <ele>1224.2</ele></trkpt>
      <trkpt lat="46.789487386429045" lon="7.960821675327188">
      <ele>1226.0</ele></trkpt>
      <trkpt lat="46.78951691982534" lon="7.960868743859844">
      <ele>1227.9</ele></trkpt>
      <trkpt lat="46.789571473636" lon="7.960909113473093">
      <ele>1229.7</ele></trkpt>
      <trkpt lat="46.7896557676823" lon="7.9609532551626945">
      <ele>1231.6</ele></trkpt>
      <trkpt lat="46.78972696582949" lon="7.960998985788398">
      <ele>1233.4</ele></trkpt>
      <trkpt lat="46.78977197092254" lon="7.961046204579729">
      <ele>1235.3</ele></trkpt>
      <trkpt lat="46.78981714233118" lon="7.961057041442974">
      <ele>1237.1</ele></trkpt>
      <trkpt lat="46.78985645507776" lon="7.961048752213641">
      <ele>1239.0</ele></trkpt>
      <trkpt lat="46.789881546705395" lon="7.961026481538642">
      <ele>1240.8</ele></trkpt>
      <trkpt lat="46.78991386769555" lon="7.960985211558064">
      <ele>1242.7</ele></trkpt>
      <trkpt lat="46.789953416933685" lon="7.96092321339491">
      <ele>1244.5</ele></trkpt>
      <trkpt lat="46.78999285632517" lon="7.9608872118156455">
      <ele>1246.3</ele></trkpt>
      <trkpt lat="46.79004297625067" lon="7.960856513213904">
      <ele>1248.2</ele></trkpt>
      <trkpt lat="46.79007750675222" lon="7.960853377027423">
      <ele>1250.0</ele></trkpt>
      <trkpt lat="46.79012267027702" lon="7.960865942534956">
      <ele>1251.9</ele></trkpt>
      <trkpt lat="46.7902046360892" lon="7.960897920991489">
      <ele>1253.7</ele></trkpt>
      <trkpt lat="46.79031631734184" lon="7.960937128989475">
      <ele>1255.6</ele></trkpt>
      <trkpt lat="46.79039346132679" lon="7.960982917775002">
      <ele>1257.4</ele></trkpt>
      <trkpt lat="46.79048488173079" lon="7.961030586985795">
      <ele>1259.3</ele></trkpt>
      <trkpt lat="46.79056088469789" lon="7.961064250045922">
      <ele>1261.1</ele></trkpt>
      <trkpt lat="46.79064163931005" lon="7.961101416934748">
      <ele>1262.3</ele></trkpt>
      <trkpt lat="46.79072709692521" lon="7.961150757603303">
      <ele>1263.5</ele></trkpt>
      <trkpt lat="46.79077941842378" lon="7.96115993521933">
      <ele>1264.7</ele></trkpt>
      <trkpt lat="46.79083893763567" lon="7.961157041430876">
      <ele>1265.9</ele></trkpt>
      <trkpt lat="46.79096506961878" lon="7.96115999303602">
      <ele>1267.1</ele></trkpt>
      <trkpt lat="46.79111379860757" lon="7.9611649056697065">
      <ele>1268.3</ele></trkpt>
      <trkpt lat="46.79120656476401" lon="7.961177933172888">
      <ele>1269.5</ele></trkpt>
      <trkpt lat="46.79127552958242" lon="7.9611907299681155">
      <ele>1270.7</ele></trkpt>
      <trkpt lat="46.79130650376869" lon="7.961182359771191">
      <ele>1271.9</ele></trkpt>
      <trkpt lat="46.791349514335145" lon="7.961146392096337">
      <ele>1273.1</ele></trkpt>
      <trkpt lat="46.79138174817686" lon="7.961124190084316">
      <ele>1274.3</ele></trkpt>
      <trkpt lat="46.79143058576106" lon="7.961114264130028">
      <ele>1275.5</ele></trkpt>
      <trkpt lat="46.79150074585733" lon="7.961125343618401">
      <ele>1276.7</ele></trkpt>
      <trkpt lat="46.791560209612335" lon="7.961134577480702">
      <ele>1277.9</ele></trkpt>
      <trkpt lat="46.791641113652325" lon="7.96113709063187">
      <ele>1279.1</ele></trkpt>
      <trkpt lat="46.79171134609653" lon="7.961134313723193">
      <ele>1280.3</ele></trkpt>
      <trkpt lat="46.79175309693001" lon="7.961112190711063">
      <ele>1281.5</ele></trkpt>
      <trkpt lat="46.79184013800892" lon="7.961074907492971">
      <ele>1282.7</ele></trkpt>
      <trkpt lat="46.79189017085771" lon="7.9610632641172305">
      <ele>1283.9</ele></trkpt>
      <trkpt lat="46.79197467870108" lon="7.961060625466047">
      <ele>1285.1</ele></trkpt>
      <trkpt lat="46.79204492597506" lon="7.961052635740846">
      <ele>1286.1</ele></trkpt>
      <trkpt lat="46.79207701723924" lon="7.96106161740038">
      <ele>1287.1</ele></trkpt>
      <trkpt lat="46.792116155677476" lon="7.961091453291079">
      <ele>1288.1</ele></trkpt>
      <trkpt lat="46.792141574351255" lon="7.961127508574116">
      <ele>1289.1</ele></trkpt>
      <trkpt lat="46.79216338467688" lon="7.961173640276597">
      <ele>1290.1</ele></trkpt>
      <trkpt lat="46.79217922038843" lon="7.961224036306498">
      <ele>1291.1</ele></trkpt>
      <trkpt lat="46.79218832068143" lon="7.96128179341223">
      <ele>1292.1</ele></trkpt>
      <trkpt lat="46.79218987632055" lon="7.961356661464005">
      <ele>1293.1</ele></trkpt>
      <trkpt lat="46.79218186057825" lon="7.961445293974917">
      <ele>1294.1</ele></trkpt>
      <trkpt lat="46.792164648885354" lon="7.961528545804908">
      <ele>1295.2</ele></trkpt>
      <trkpt lat="46.79214428710103" lon="7.9616003458915365">
      <ele>1296.2</ele></trkpt>
      <trkpt lat="46.792113796765776" lon="7.961697574886129">
      <ele>1297.2</ele></trkpt>
      <trkpt lat="46.79208497236787" lon="7.961778683689758">
      <ele>1298.2</ele></trkpt>
      <trkpt lat="46.792017832558585" lon="7.961923323606269">
      <ele>1299.2</ele></trkpt>
      <trkpt lat="46.79198746768635" lon="7.9619773837755226">
      <ele>1300.2</ele></trkpt>
      <trkpt lat="46.79195208305754" lon="7.962017734368102">
      <ele>1301.2</ele></trkpt>
      <trkpt lat="46.79192444788014" lon="7.962037518396367">
      <ele>1302.2</ele></trkpt>
      <trkpt lat="46.791887450911766" lon="7.962050832979297">
      <ele>1303.2</ele></trkpt>
      <trkpt lat="46.791834202478555" lon="7.962059431775696">
      <ele>1304.2</ele></trkpt>
      <trkpt lat="46.79178093802369" lon="7.962073492071021">
      <ele>1305.2</ele></trkpt>
      <trkpt lat="46.79175456570905" lon="7.962090550889359">
      <ele>1305.5</ele></trkpt>
      <trkpt lat="46.7917325621774" lon="7.962112210058468">
      <ele>1305.9</ele></trkpt>
      <trkpt lat="46.79169067751265" lon="7.962171357654944">
      <ele>1306.2</ele></trkpt>
      <trkpt lat="46.79158758150793" lon="7.962323898099482">
      <ele>1306.5</ele></trkpt>
      <trkpt lat="46.791506902558254" lon="7.962478358501047">
      <ele>1306.9</ele></trkpt>
      <trkpt lat="46.79141441804315" lon="7.962715885545459">
      <ele>1307.2</ele></trkpt>
      <trkpt lat="46.791374027476536" lon="7.962804201747101">
      <ele>1307.5</ele></trkpt>
      <trkpt lat="46.791338713040396" lon="7.962903700003078">
      <ele>1307.9</ele></trkpt>
      <trkpt lat="46.79130014578184" lon="7.963022000570778">
      <ele>1308.2</ele></trkpt>
      <trkpt lat="46.791262626413896" lon="7.963160874099289">
      <ele>1308.6</ele></trkpt>
      <trkpt lat="46.791221314719095" lon="7.963310633751969">
      <ele>1308.9</ele></trkpt>
      <trkpt lat="46.79118307400135" lon="7.963471346302323">
      <ele>1309.2</ele></trkpt>
      <trkpt lat="46.791151239479376" lon="7.963598434557558">
      <ele>1309.6</ele></trkpt>
      <trkpt lat="46.791136409397005" lon="7.963697489664245">
      <ele>1309.9</ele></trkpt>
      <trkpt lat="46.79113035603887" lon="7.963789348089465">
      <ele>1310.2</ele></trkpt>
      <trkpt lat="46.79113509807711" lon="7.963845817798352">
      <ele>1310.6</ele></trkpt>
      <trkpt lat="46.791141798921615" lon="7.963883197528814">
      <ele>1310.9</ele></trkpt>
      <trkpt lat="46.79115541877708" lon="7.96391244573628">
      <ele>1311.2</ele></trkpt>
      <trkpt lat="46.79118276651144" lon="7.963945481922078">
      <ele>1311.6</ele></trkpt>
      <trkpt lat="46.79123744174325" lon="7.96401790643801">
      <ele>1311.9</ele></trkpt>
      <trkpt lat="46.7912758876938" lon="7.9640847112649125">
      <ele>1313.3</ele></trkpt>
      <trkpt lat="46.79130677715165" lon="7.96416328258074">
      <ele>1314.8</ele></trkpt>
      <trkpt lat="46.791342496326486" lon="7.96427920256344">
      <ele>1316.2</ele></trkpt>
      <trkpt lat="46.791360489650586" lon="7.964356967237206">
      <ele>1317.6</ele></trkpt>
      <trkpt lat="46.79137047529139" lon="7.964403783189709">
      <ele>1319.1</ele></trkpt>
      <trkpt lat="46.79137214890389" lon="7.964456477405886">
      <ele>1320.5</ele></trkpt>
      <trkpt lat="46.79136424036192" lon="7.964517381910691">
      <ele>1321.9</ele></trkpt>
      <trkpt lat="46.79134291297891" lon="7.964603119160682">
      <ele>1323.4</ele></trkpt>
      <trkpt lat="46.79132714746035" lon="7.9646491992305055">
      <ele>1324.8</ele></trkpt>
      <trkpt lat="46.79128892291351" lon="7.964721975265645">
      <ele>1326.2</ele></trkpt>
      <trkpt lat="46.79125837868703" lon="7.96476585470197">
      <ele>1327.7</ele></trkpt>
      <trkpt lat="46.79116445106641" lon="7.964903560591275">
      <ele>1329.1</ele></trkpt>
      <trkpt lat="46.79113566146166" lon="7.964953180512271">
      <ele>1330.6</ele></trkpt>
      <trkpt lat="46.79112198959795" lon="7.965025121873816">
      <ele>1332.0</ele></trkpt>
      <trkpt lat="46.79110992713812" lon="7.965163613578186">
      <ele>1333.4</ele></trkpt>
      <trkpt lat="46.79111135765818" lon="7.965268982831315">
      <ele>1334.9</ele></trkpt>
      <trkpt lat="46.791117164925" lon="7.96532057774552">
      <ele>1336.3</ele></trkpt>
      <trkpt lat="46.791125111456104" lon="7.965358873543845">
      <ele>1337.7</ele></trkpt>
      <trkpt lat="46.791138630234215" lon="7.965409967562833">
      <ele>1339.2</ele></trkpt>
      <trkpt lat="46.79114202937877" lon="7.965459011186837">
      <ele>1340.6</ele></trkpt>
      <trkpt lat="46.791140627030835" lon="7.965527090767746">
      <ele>1340.5</ele></trkpt>
      <trkpt lat="46.79113811544046" lon="7.965660135609312">
      <ele>1340.5</ele></trkpt>
      <trkpt lat="46.791132250057416" lon="7.965693345603403">
      <ele>1340.4</ele></trkpt>
      <trkpt lat="46.79110534535222" lon="7.965745747055239">
      <ele>1340.4</ele></trkpt>
      <trkpt lat="46.79105536246715" lon="7.965847849882763">
      <ele>1340.3</ele></trkpt>
      <trkpt lat="46.79102475120569" lon="7.965880817743472">
      <ele>1340.3</ele></trkpt>
      <trkpt lat="46.79095786270392" lon="7.9659328278410175">
      <ele>1340.2</ele></trkpt>
      <trkpt lat="46.790932937751016" lon="7.965971404494705">
      <ele>1340.2</ele></trkpt>
      <trkpt lat="46.79090784650472" lon="7.966046010228936">
      <ele>1340.1</ele></trkpt>
      <trkpt lat="46.79089630743587" lon="7.966070847719823">
      <ele>1340.0</ele></trkpt>
      <trkpt lat="46.79086954335124" lon="7.966092746481394">
      <ele>1340.0</ele></trkpt>
      <trkpt lat="46.79083520758111" lon="7.966106280526922">
      <ele>1339.9</ele></trkpt>
      <trkpt lat="46.79078555714478" lon="7.966136298247136">
      <ele>1339.9</ele></trkpt>
      <trkpt lat="46.790743483489535" lon="7.966177470371347">
      <ele>1339.8</ele></trkpt>
      <trkpt lat="46.79056357519684" lon="7.966375311520128">
      <ele>1339.8</ele></trkpt>
      <trkpt lat="46.79053495147161" lon="7.966388875042804">
      <ele>1339.7</ele></trkpt>
      <trkpt lat="46.79050262122372" lon="7.966383031458873">
      <ele>1339.7</ele></trkpt>
      <trkpt lat="46.79043220014606" lon="7.96637402522759">
      <ele>1339.6</ele></trkpt>
      <trkpt lat="46.79039600487987" lon="7.966379197860176">
      <ele>1339.6</ele></trkpt>
      <trkpt lat="46.7903501811013" lon="7.966406489046965">
      <ele>1339.5</ele></trkpt>
      <trkpt lat="46.79028897866445" lon="7.9664641067269475">
      <ele>1340.1</ele></trkpt>
      <trkpt lat="46.7902123770934" lon="7.966560367242291">
      <ele>1340.7</ele></trkpt>
      <trkpt lat="46.79010308134676" lon="7.966725630321708">
      <ele>1341.4</ele></trkpt>
      <trkpt lat="46.79007430371869" lon="7.966772484924284">
      <ele>1342.0</ele></trkpt>
      <trkpt lat="46.78996727732795" lon="7.966857366310164">
      <ele>1342.6</ele></trkpt>
      <trkpt lat="46.789908093081245" lon="7.966892842585371">
      <ele>1343.2</ele></trkpt>
      <trkpt lat="46.78982792065052" lon="7.966936403516199">
      <ele>1343.8</ele></trkpt>
      <trkpt lat="46.78979158433512" lon="7.966972077373217">
      <ele>1344.5</ele></trkpt>
      <trkpt lat="46.78970916256581" lon="7.96708770212676">
      <ele>1345.1</ele></trkpt>
      <trkpt lat="46.789657395879644" lon="7.9671648337555245">
      <ele>1345.7</ele></trkpt>
      <trkpt lat="46.789617245522734" lon="7.967200469945321">
      <ele>1346.3</ele></trkpt>
      <trkpt lat="46.78958096037583" lon="7.967225063921502">
      <ele>1346.9</ele></trkpt>
      <trkpt lat="46.78954473938071" lon="7.967235788775145">
      <ele>1347.6</ele></trkpt>
      <trkpt lat="46.789413312949385" lon="7.967245606130877">
      <ele>1348.2</ele></trkpt>
      <trkpt lat="46.78936945122919" lon="7.967259019460773">
      <ele>1348.8</ele></trkpt>
      <trkpt lat="46.7893084022522" lon="7.967283370409713">
      <ele>1349.4</ele></trkpt>
      <trkpt lat="46.78927397660052" lon="7.967316298978157">
      <ele>1350.0</ele></trkpt>
      <trkpt lat="46.78924141553407" lon="7.967360351984155">
      <ele>1350.7</ele></trkpt>
      <trkpt lat="46.78920855440514" lon="7.967465355033233">
      <ele>1351.3</ele></trkpt>
      <trkpt lat="46.78914644027439" lon="7.9677197946532266">
      <ele>1351.9</ele></trkpt>
      <trkpt lat="46.78912322015659" lon="7.967799968563982">
      <ele>1352.5</ele></trkpt>
      <trkpt lat="46.789092415751924" lon="7.96787451485862">
      <ele>1353.0</ele></trkpt>
      <trkpt lat="46.78904264940438" lon="7.967929452198165">
      <ele>1353.6</ele></trkpt>
      <trkpt lat="46.788987291709375" lon="7.9679621746369">
      <ele>1354.1</ele></trkpt>
      <trkpt lat="46.78883849817965" lon="7.968021718473478">
      <ele>1354.7</ele></trkpt>
      <trkpt lat="46.788731689229074" lon="7.968059462196899">
      <ele>1355.2</ele></trkpt>
      <trkpt lat="46.78865158048163" lon="7.968089177775204">
      <ele>1355.8</ele></trkpt>
      <trkpt lat="46.7885637886386" lon="7.968132661067902">
      <ele>1356.3</ele></trkpt>
      <trkpt lat="46.78849881888243" lon="7.968181921443616">
      <ele>1356.9</ele></trkpt>
      <trkpt lat="46.78842235709591" lon="7.968247701630615">
      <ele>1357.5</ele></trkpt>
      <trkpt lat="46.78835346667139" lon="7.968321872441327">
      <ele>1358.0</ele></trkpt>
      <trkpt lat="46.7883075782466" lon="7.968363003519708">
      <ele>1358.6</ele></trkpt>
      <trkpt lat="46.78826175398266" lon="7.968390291962264">
      <ele>1359.1</ele></trkpt>
      <trkpt lat="46.78779271920569" lon="7.968509300872153">
      <ele>1359.7</ele></trkpt>
      <trkpt lat="46.78774940740402" lon="7.968514663792586">
      <ele>1360.2</ele></trkpt>
      <trkpt lat="46.787675646453756" lon="7.968506224844489">
      <ele>1360.8</ele></trkpt>
      <trkpt lat="46.787617660014796" lon="7.968500547190085">
      <ele>1361.3</ele></trkpt>
      <trkpt lat="46.78756808761321" lon="7.9685077737464205">
      <ele>1361.9</ele></trkpt>
      <trkpt lat="46.787495330091446" lon="7.968525432926351">
      <ele>1362.4</ele></trkpt>
      <trkpt lat="46.78736206191433" lon="7.96856574342786">
      <ele>1363.0</ele></trkpt>
      <trkpt lat="46.78727892729597" lon="7.968598086329347">
      <ele>1363.3</ele></trkpt>
      <trkpt lat="46.78721836119103" lon="7.968638508889828">
      <ele>1363.5</ele></trkpt>
      <trkpt lat="46.787154485055424" lon="7.968696303949425">
      <ele>1363.8</ele></trkpt>
      <trkpt lat="46.78708342256492" lon="7.968792623287499">
      <ele>1364.1</ele></trkpt>
      <trkpt lat="46.787018786659424" lon="7.968923016900017">
      <ele>1364.3</ele></trkpt>
      <trkpt lat="46.787002093128436" lon="7.96895352439692">
      <ele>1364.6</ele></trkpt>
      <trkpt lat="46.786982725766514" lon="7.968965107498199">
      <ele>1364.9</ele></trkpt>
      <trkpt lat="46.78695224208582" lon="7.968962633589958">
      <ele>1365.1</ele></trkpt>
      <trkpt lat="46.78691287356305" lon="7.968920783197679">
      <ele>1365.4</ele></trkpt>
      <trkpt lat="46.78684148793329" lon="7.9688405206653">
      <ele>1365.7</ele></trkpt>
      <trkpt lat="46.78681565877284" lon="7.968825598712872">
      <ele>1365.9</ele></trkpt>
      <trkpt lat="46.78678570975998" lon="7.968826155401721">
      <ele>1366.2</ele></trkpt>
      <trkpt lat="46.786739350706256" lon="7.968850412171723">
      <ele>1366.4</ele></trkpt>
      <trkpt lat="46.78669893913168" lon="7.968887941576538">
      <ele>1366.7</ele></trkpt>
      <trkpt lat="46.7865568457039" lon="7.969013616941295">
      <ele>1367.0</ele></trkpt>
      <trkpt lat="46.78640954307164" lon="7.969129732510587">
      <ele>1367.2</ele></trkpt>
      <trkpt lat="46.78634390563812" lon="7.9691812618906726">
      <ele>1367.5</ele></trkpt>
      <trkpt lat="46.7862391700671" lon="7.969276082102812">
      <ele>1367.8</ele></trkpt>
      <trkpt lat="46.78608732301953" lon="7.969417662844246">
      <ele>1368.0</ele></trkpt>
      <trkpt lat="46.785935955905956" lon="7.969566267037869">
      <ele>1368.3</ele></trkpt>
      <trkpt lat="46.785788589857624" lon="7.969719126757425">
      <ele>1368.6</ele></trkpt>
      <trkpt lat="46.78570438760059" lon="7.969797227169163">
      <ele>1368.8</ele></trkpt>
      <trkpt lat="46.78548393772682" lon="7.969972021359652">
      <ele>1369.1</ele></trkpt>
      <trkpt lat="46.78524652075654" lon="7.970119970366964">
      <ele>1369.3</ele></trkpt>
      <trkpt lat="46.785118289489375" lon="7.970204759383977">
      <ele>1369.6</ele></trkpt>
      <trkpt lat="46.78503214062952" lon="7.970252613526873">
      <ele>1369.8</ele></trkpt>
      <trkpt lat="46.78497254915273" lon="7.97028450364226">
      <ele>1370.1</ele></trkpt>
      <trkpt lat="46.784876434350856" lon="7.970306958019145">
      <ele>1370.3</ele></trkpt>
      <trkpt lat="46.784825351940164" lon="7.970315817731786">
      <ele>1370.6</ele></trkpt>
      <trkpt lat="46.784754910830095" lon="7.970326634205159">
      <ele>1370.8</ele></trkpt>
      <trkpt lat="46.78468716172486" lon="7.970336953369964">
      <ele>1371.1</ele></trkpt>
      <trkpt lat="46.78464848580621" lon="7.970343551958564">
      <ele>1371.4</ele></trkpt>
      <trkpt lat="46.78458400208313" lon="7.970353877099116">
      <ele>1371.6</ele></trkpt>
      <trkpt lat="46.78452957632455" lon="7.970365951494434">
      <ele>1371.9</ele></trkpt>
      <trkpt lat="46.784492361614454" lon="7.970379439736629">
      <ele>1372.1</ele></trkpt>
      <trkpt lat="46.7844589414322" lon="7.970397142939818">
      <ele>1372.4</ele></trkpt>
      <trkpt lat="46.78441209425061" lon="7.970433427495915">
      <ele>1372.6</ele></trkpt>
      <trkpt lat="46.78434325977765" lon="7.97048752789364">
      <ele>1372.9</ele></trkpt>
      <trkpt lat="46.784312201391685" lon="7.970508030578093">
      <ele>1373.1</ele></trkpt>
      <trkpt lat="46.78427353634258" lon="7.970527751015663">
      <ele>1373.4</ele></trkpt>
      <trkpt lat="46.78422868321925" lon="7.9705453412436595">
      <ele>1374.2</ele></trkpt>
      <trkpt lat="46.784176195750135" lon="7.970564231158077">
      <ele>1375.0</ele></trkpt>
      <trkpt lat="46.784119454876866" lon="7.970578927732429">
      <ele>1375.7</ele></trkpt>
      <trkpt lat="46.78400045366821" lon="7.970615220111815">
      <ele>1376.5</ele></trkpt>
      <trkpt lat="46.78395192325543" lon="7.970632394113985">
      <ele>1377.3</ele></trkpt>
      <trkpt lat="46.783809470954324" lon="7.970668572673769">
      <ele>1378.1</ele></trkpt>
      <trkpt lat="46.78366348681288" lon="7.970704009021988">
      <ele>1378.9</ele></trkpt>
      <trkpt lat="46.78357336629361" lon="7.970723823589623">
      <ele>1379.6</ele></trkpt>
      <trkpt lat="46.78351160481218" lon="7.970717491229526">
      <ele>1380.4</ele></trkpt>
      <trkpt lat="46.78346382118205" lon="7.970686336782204">
      <ele>1381.2</ele></trkpt>
      <trkpt lat="46.7834188366722" lon="7.970623951029554">
      <ele>1382.0</ele></trkpt>
      <trkpt lat="46.78337172751668" lon="7.97055998605221">
      <ele>1382.8</ele></trkpt>
      <trkpt lat="46.78333127399824" lon="7.970513647904601">
      <ele>1383.5</ele></trkpt>
      <trkpt lat="46.7832956364816" lon="7.970499441268515">
      <ele>1384.3</ele></trkpt>
      <trkpt lat="46.783257520331084" lon="7.970509463011289">
      <ele>1385.1</ele></trkpt>
      <trkpt lat="46.78322470239803" lon="7.970556243600896">
      <ele>1385.9</ele></trkpt>
      <trkpt lat="46.78319589856995" lon="7.970631559460186">
      <ele>1386.7</ele></trkpt>
      <trkpt lat="46.783156345689726" lon="7.970766589150809">
      <ele>1387.4</ele></trkpt>
      <trkpt lat="46.783133482482704" lon="7.970821809567001">
      <ele>1388.2</ele></trkpt>
      <trkpt lat="46.78310716023422" lon="7.970851001344657">
      <ele>1389.0</ele></trkpt>
      <trkpt lat="46.78308448978" lon="7.97086290389452">
      <ele>1390.0</ele></trkpt>
      <trkpt lat="46.78304880487883" lon="7.970860809889384">
      <ele>1390.9</ele></trkpt>
      <trkpt lat="46.78301797524724" lon="7.970837981400014">
      <ele>1391.9</ele></trkpt>
      <trkpt lat="46.78298133599686" lon="7.970783915424284">
      <ele>1392.9</ele></trkpt>
      <trkpt lat="46.78293416898211" lon="7.970689896325841">
      <ele>1393.8</ele></trkpt>
      <trkpt lat="46.78289647941459" lon="7.970606368650776">
      <ele>1394.8</ele></trkpt>
      <trkpt lat="46.782849456070394" lon="7.970520103735392">
      <ele>1395.8</ele></trkpt>
      <trkpt lat="46.782709554013145" lon="7.9703214683046815">
      <ele>1396.8</ele></trkpt>
      <trkpt lat="46.782531714044644" lon="7.970104139557113">
      <ele>1397.7</ele></trkpt>
      <trkpt lat="46.78245700763967" lon="7.970006943236421">
      <ele>1398.7</ele></trkpt>
      <trkpt lat="46.78239633679581" lon="7.969965317752523">
      <ele>1399.7</ele></trkpt>
      <trkpt lat="46.78233939188661" lon="7.969946527910188">
      <ele>1400.6</ele></trkpt>
      <trkpt lat="46.78225955341472" lon="7.9699489493715765">
      <ele>1401.6</ele></trkpt>
      <trkpt lat="46.78215592309987" lon="7.969962633926007">
      <ele>1402.6</ele></trkpt>
      <trkpt lat="46.78209120129629" lon="7.969989338777992">
      <ele>1403.6</ele></trkpt>
      <trkpt lat="46.782047285957894" lon="7.970043211626039">
      <ele>1404.5</ele></trkpt>
      <trkpt lat="46.78199774964989" lon="7.970147078694705">
      <ele>1405.5</ele></trkpt>
      <trkpt lat="46.7819387082899" lon="7.97030240745147">
      <ele>1406.5</ele></trkpt>
      <trkpt lat="46.781899049104794" lon="7.970386912124533">
      <ele>1407.4</ele></trkpt>
      <trkpt lat="46.78185338668734" lon="7.970481741888149">
      <ele>1408.4</ele></trkpt>
      <trkpt lat="46.78178395503666" lon="7.970569422731742">
      <ele>1409.2</ele></trkpt>
      <trkpt lat="46.78172181797948" lon="7.970622499517126">
      <ele>1409.9</ele></trkpt>
      <trkpt lat="46.78163110581028" lon="7.970680506008059">
      <ele>1410.7</ele></trkpt>
      <trkpt lat="46.78141157236301" lon="7.970803069483008">
      <ele>1411.4</ele></trkpt>
      <trkpt lat="46.78116569233802" lon="7.970960008002422">
      <ele>1412.2</ele></trkpt>
      <trkpt lat="46.781099408813844" lon="7.971014862980594">
      <ele>1412.9</ele></trkpt>
      <trkpt lat="46.781061081051774" lon="7.971060631044726">
      <ele>1413.7</ele></trkpt>
      <trkpt lat="46.78103792750668" lon="7.971114418975712">
      <ele>1414.4</ele></trkpt>
      <trkpt lat="46.78103271194837" lon="7.971169981637685">
      <ele>1415.2</ele></trkpt>
      <trkpt lat="46.78103847343758" lon="7.971207660295617">
      <ele>1416.0</ele></trkpt>
      <trkpt lat="46.7810588531678" lon="7.971254911740601">
      <ele>1416.7</ele></trkpt>
      <trkpt lat="46.781088554643624" lon="7.971288165165114">
      <ele>1417.5</ele></trkpt>
      <trkpt lat="46.78116390974626" lon="7.971325104189585">
      <ele>1418.2</ele></trkpt>
      <trkpt lat="46.781245820884564" lon="7.971356634399803">
      <ele>1419.0</ele></trkpt>
      <trkpt lat="46.78129180128878" lon="7.971396347563216">
      <ele>1419.7</ele></trkpt>
      <trkpt lat="46.78130415160626" lon="7.971421572727227">
      <ele>1420.5</ele></trkpt>
      <trkpt lat="46.78131742454969" lon="7.971476571960589">
      <ele>1421.2</ele></trkpt>
      <trkpt lat="46.781313882467124" lon="7.971524320609149">
      <ele>1422.0</ele></trkpt>
      <trkpt lat="46.78129564036501" lon="7.971574241745241">
      <ele>1422.7</ele></trkpt>
      <trkpt lat="46.78124814347111" lon="7.971608945331131">
      <ele>1423.5</ele></trkpt>
      <trkpt lat="46.781172553460564" lon="7.971612741970434">
      <ele>1425.1</ele></trkpt>
      <trkpt lat="46.781010476148715" lon="7.971578677275534">
      <ele>1426.6</ele></trkpt>
      <trkpt lat="46.780810597886806" lon="7.971568032511986">
      <ele>1428.2</ele></trkpt>
      <trkpt lat="46.78069564272121" lon="7.971564172385907">
      <ele>1429.7</ele></trkpt>
      <trkpt lat="46.78062618934975" lon="7.9715618358566855">
      <ele>1431.3</ele></trkpt>
      <trkpt lat="46.78058892742312" lon="7.971568054203299">
      <ele>1432.8</ele></trkpt>
      <trkpt lat="46.780562191676424" lon="7.971581709697901">
      <ele>1434.4</ele></trkpt>
      <trkpt lat="46.78048610879513" lon="7.971486740473752">
      <ele>1435.9</ele></trkpt>
      <trkpt lat="46.78037394629732" lon="7.971296818334995">
      <ele>1437.5</ele></trkpt>
      <trkpt lat="46.78012467025439" lon="7.970904578194426">
      <ele>1439.0</ele></trkpt>
      <trkpt lat="46.77990263625763" lon="7.97054033184931">
      <ele>1440.6</ele></trkpt>
      <trkpt lat="46.779776284601255" lon="7.970329466445075">
      <ele>1442.2</ele></trkpt>
      <trkpt lat="46.77968775133926" lon="7.970174430515241">
      <ele>1443.7</ele></trkpt>
      <trkpt lat="46.77966536400671" lon="7.970127422784657">
      <ele>1445.3</ele></trkpt>
      <trkpt lat="46.779609082208076" lon="7.969946725714531">
      <ele>1446.8</ele></trkpt>
      <trkpt lat="46.77954593986224" lon="7.969705307389158">
      <ele>1448.4</ele></trkpt>
      <trkpt lat="46.77951129240174" lon="7.969478037343864">
      <ele>1449.9</ele></trkpt>
      <trkpt lat="46.77948239017981" lon="7.969295856311439">
      <ele>1451.5</ele></trkpt>
      <trkpt lat="46.77947468720072" lon="7.969158916236375">
      <ele>1453.0</ele></trkpt>
      <trkpt lat="46.77948607702487" lon="7.969015250114667">
      <ele>1454.6</ele></trkpt>
      <trkpt lat="46.779516884522735" lon="7.968785154389751">
      <ele>1456.0</ele></trkpt>
      <trkpt lat="46.77952821665099" lon="7.968651884597812">
      <ele>1457.3</ele></trkpt>
      <trkpt lat="46.7795215967315" lon="7.968539219374811">
      <ele>1458.7</ele></trkpt>
      <trkpt lat="46.77950305289859" lon="7.96843336402437">
      <ele>1460.1</ele></trkpt>
      <trkpt lat="46.779428175211535" lon="7.968155469170237">
      <ele>1461.4</ele></trkpt>
      <trkpt lat="46.77940131654074" lon="7.968044333957187">
      <ele>1462.8</ele></trkpt>
      <trkpt lat="46.77938519515316" lon="7.967928105745735">
      <ele>1464.2</ele></trkpt>
      <trkpt lat="46.779385540171326" lon="7.967853627455423">
      <ele>1465.5</ele></trkpt>
      <trkpt lat="46.77939571499041" lon="7.9677116778660695">
      <ele>1466.9</ele></trkpt>
      <trkpt lat="46.779415744355845" lon="7.967498800149654">
      <ele>1468.2</ele></trkpt>
      <trkpt lat="46.77941873747008" lon="7.967367163952569">
      <ele>1469.6</ele></trkpt>
      <trkpt lat="46.77940733369856" lon="7.967259663845612">
      <ele>1471.0</ele></trkpt>
      <trkpt lat="46.7793875842591" lon="7.967155538924577">
      <ele>1472.3</ele></trkpt>
      <trkpt lat="46.77932075283847" lon="7.966938326710563">
      <ele>1473.7</ele></trkpt>
      <trkpt lat="46.77929391795983" lon="7.966823735620902">
      <ele>1475.1</ele></trkpt>
      <trkpt lat="46.77928358002104" lon="7.966740484246824">
      <ele>1476.4</ele></trkpt>
      <trkpt lat="46.779292390946985" lon="7.966638367949433">
      <ele>1477.8</ele></trkpt>
      <trkpt lat="46.779307194652624" lon="7.9665241847864205">
      <ele>1479.2</ele></trkpt>
      <trkpt lat="46.77930409672114" lon="7.966423680299834">
      <ele>1480.5</ele></trkpt>
      <trkpt lat="46.77921172755709" lon="7.966067653603245">
      <ele>1481.9</ele></trkpt>
      <trkpt lat="46.779197946926786" lon="7.96595837628702">
      <ele>1484.3</ele></trkpt>
      <trkpt lat="46.779188716739895" lon="7.9658942016272425">
      <ele>1486.8</ele></trkpt>
      <trkpt lat="46.77919276046139" lon="7.965793767235521">
      <ele>1489.2</ele></trkpt>
      <trkpt lat="46.779203928311404" lon="7.965693402477314">
      <ele>1491.6</ele></trkpt>
      <trkpt lat="46.77920681547204" lon="7.965584288191824">
      <ele>1494.0</ele></trkpt>
      <trkpt lat="46.779197736819" lon="7.9654872086401225">
      <ele>1496.5</ele></trkpt>
      <trkpt lat="46.77916236226513" lon="7.9654158385297915">
      <ele>1498.9</ele></trkpt>
      <trkpt lat="46.779113796872544" lon="7.965368577486043">
      <ele>1501.3</ele></trkpt>
      <trkpt lat="46.778975978734685" lon="7.965317000750468">
      <ele>1503.7</ele></trkpt>
      <trkpt lat="46.778760957429476" lon="7.965238677803716">
      <ele>1506.2</ele></trkpt>
      <trkpt lat="46.77864438805918" lon="7.965186850969126">
      <ele>1508.6</ele></trkpt>
      <trkpt lat="46.77861821308397" lon="7.965254659697296">
      <ele>1511.0</ele></trkpt>
      <trkpt lat="46.77856973317267" lon="7.9654581171972865">
      <ele>1513.4</ele></trkpt>
      <trkpt lat="46.77852744058199" lon="7.965607254119437">
      <ele>1515.9</ele></trkpt>
      <trkpt lat="46.778455045644996" lon="7.965782337465607">
      <ele>1518.3</ele></trkpt>
      <trkpt lat="46.77821738459052" lon="7.965758185564913">
      <ele>1520.7</ele></trkpt>
      <trkpt lat="46.77804106197267" lon="7.965750228765856">
      <ele>1523.1</ele></trkpt>
      <trkpt lat="46.777923194614594" lon="7.9657594600380275">
      <ele>1525.6</ele></trkpt>
      <trkpt lat="46.777782121132084" lon="7.9657720259781115">
      <ele>1528.0</ele></trkpt>
      <trkpt lat="46.777659232600556" lon="7.965787453951811">
      <ele>1530.4</ele></trkpt>
      <trkpt lat="46.777590679380666" lon="7.965788865614728">
      <ele>1532.7</ele></trkpt>
      <trkpt lat="46.777529297126925" lon="7.965784114610561">
      <ele>1535.1</ele></trkpt>
      <trkpt lat="46.77738233129068" lon="7.965757733482359">
      <ele>1537.4</ele></trkpt>
      <trkpt lat="46.77726809193019" lon="7.965756616546127">
      <ele>1539.8</ele></trkpt>
      <trkpt lat="46.77713670711854" lon="7.96575740083076">
      <ele>1542.1</ele></trkpt>
      <trkpt lat="46.77701671742423" lon="7.96576454233742">
      <ele>1544.4</ele></trkpt>
      <trkpt lat="46.77690097109185" lon="7.965780039941949">
      <ele>1546.8</ele></trkpt>
      <trkpt lat="46.77679089835896" lon="7.965803907578977">
      <ele>1549.1</ele></trkpt>
      <trkpt lat="46.77675214459463" lon="7.965813781160796">
      <ele>1551.5</ele></trkpt>
      <trkpt lat="46.776617848682356" lon="7.965850846090244">
      <ele>1553.8</ele></trkpt>
      <trkpt lat="46.7765550428955" lon="7.965858271544679">
      <ele>1556.1</ele></trkpt>
      <trkpt lat="46.776453976888625" lon="7.965840745745646">
      <ele>1558.5</ele></trkpt>
      <trkpt lat="46.7762809187928" lon="7.965780341020243">
      <ele>1560.8</ele></trkpt>
      <trkpt lat="46.77621590813681" lon="7.965774323852161">
      <ele>1563.2</ele></trkpt>
      <trkpt lat="46.7761226690238" lon="7.9657819886246735">
      <ele>1565.5</ele></trkpt>
      <trkpt lat="46.77607098561369" lon="7.965774949529035">
      <ele>1567.8</ele></trkpt>
      <trkpt lat="46.776032245192525" lon="7.965766334809554">
      <ele>1570.2</ele></trkpt>
      <trkpt lat="46.77598481593988" lon="7.96571267138671">
      <ele>1572.5</ele></trkpt>
      <trkpt lat="46.77592706094908" lon="7.965648982109743">
      <ele>1574.9</ele></trkpt>
      <trkpt lat="46.775874840405685" lon="7.965616025537715">
      <ele>1577.2</ele></trkpt>
      <trkpt lat="46.77583280254632" lon="7.965596799054773">
      <ele>1579.2</ele></trkpt>
      <trkpt lat="46.77575657284631" lon="7.9655852517367345">
      <ele>1581.2</ele></trkpt>
      <trkpt lat="46.775701739607236" lon="7.9655629018252165">
      <ele>1583.2</ele></trkpt>
      <trkpt lat="46.77559946926493" lon="7.965498319760956">
      <ele>1585.2</ele></trkpt>
      <trkpt lat="46.77553386420047" lon="7.9654651410946355">
      <ele>1587.2</ele></trkpt>
      <trkpt lat="46.775443243218504" lon="7.965427855481404">
      <ele>1589.3</ele></trkpt>
      <trkpt lat="46.7752638861075" lon="7.965352242469576">
      <ele>1591.3</ele></trkpt>
      <trkpt lat="46.775154111279726" lon="7.965303706122084">
      <ele>1593.3</ele></trkpt>
      <trkpt lat="46.775017656191295" lon="7.965231576821178">
      <ele>1595.3</ele></trkpt>
      <trkpt lat="46.774926853024795" lon="7.9651225512082595">
      <ele>1597.3</ele></trkpt>
      <trkpt lat="46.77482429264693" lon="7.9650193424971185">
      <ele>1599.3</ele></trkpt>
      <trkpt lat="46.774741350968135" lon="7.964935808654236">
      <ele>1601.3</ele></trkpt>
      <trkpt lat="46.7746717217803" lon="7.964860300305633">
      <ele>1603.3</ele></trkpt>
      <trkpt lat="46.77465035196598" lon="7.964849708689152">
      <ele>1605.3</ele></trkpt>
      <trkpt lat="46.77458330615953" lon="7.9648324257681775">
      <ele>1607.4</ele></trkpt>
      <trkpt lat="46.774490550859454" lon="7.964819042574408">
      <ele>1609.4</ele></trkpt>
      <trkpt lat="46.774454915793825" lon="7.964804148116648">
      <ele>1611.4</ele></trkpt>
      <trkpt lat="46.77438095691302" lon="7.964738994180515">
      <ele>1613.4</ele></trkpt>
      <trkpt lat="46.77430416626897" lon="7.964667567295777">
      <ele>1615.4</ele></trkpt>
      <trkpt lat="46.77424167911241" lon="7.964592129578029">
      <ele>1617.4</ele></trkpt>
      <trkpt lat="46.77418342519155" lon="7.964529211202735">
      <ele>1618.6</ele></trkpt>
      <trkpt lat="46.77414073399925" lon="7.964495537944401">
      <ele>1619.8</ele></trkpt>
      <trkpt lat="46.774060919484064" lon="7.96446150269279">
      <ele>1621.0</ele></trkpt>
      <trkpt lat="46.77399538938284" lon="7.96442760684204">
      <ele>1622.2</ele></trkpt>
      <trkpt lat="46.77392974506587" lon="7.9644165706861605">
      <ele>1623.5</ele></trkpt>
      <trkpt lat="46.77385828297773" lon="7.964430420337164">
      <ele>1624.7</ele></trkpt>
      <trkpt lat="46.773778143152775" lon="7.964467059079791">
      <ele>1625.9</ele></trkpt>
      <trkpt lat="46.77371082939837" lon="7.96450797333692">
      <ele>1627.1</ele></trkpt>
      <trkpt lat="46.77365058076356" lon="7.964567653397874">
      <ele>1628.3</ele></trkpt>
      <trkpt lat="46.77356161964774" lon="7.9646582410091185">
      <ele>1629.5</ele></trkpt>
      <trkpt lat="46.77350273412751" lon="7.9647324935606765">
      <ele>1630.7</ele></trkpt>
      <trkpt lat="46.77338931239843" lon="7.964967873860301">
      <ele>1631.9</ele></trkpt>
      <trkpt lat="46.773299440988374" lon="7.965152459565662">
      <ele>1633.1</ele></trkpt>
      <trkpt lat="46.77328496496544" lon="7.965193888617754">
      <ele>1634.3</ele></trkpt>
      <trkpt lat="46.77328196018839" lon="7.965227115602287">
      <ele>1635.5</ele></trkpt>
      <trkpt lat="46.77320937007425" lon="7.965278791839493">
      <ele>1636.8</ele></trkpt>
      <trkpt lat="46.77313064965746" lon="7.965259195192775">
      <ele>1638.0</ele></trkpt>
      <trkpt lat="46.77307014600433" lon="7.965223855444902">
      <ele>1639.2</ele></trkpt>
      <trkpt lat="46.772979128291055" lon="7.96515942634188">
      <ele>1640.4</ele></trkpt>
      <trkpt lat="46.77290480687278" lon="7.965135892651988">
      <ele>1641.6</ele></trkpt>
      <trkpt lat="46.772716309011145" lon="7.965052679600687">
      <ele>1642.9</ele></trkpt>
      <trkpt lat="46.77262759954934" lon="7.96503001385727">
      <ele>1644.3</ele></trkpt>
      <trkpt lat="46.77252003427802" lon="7.965029029183223">
      <ele>1645.6</ele></trkpt>
      <trkpt lat="46.772486344058684" lon="7.965009846569822">
      <ele>1647.0</ele></trkpt>
      <trkpt lat="46.772436495609576" lon="7.964969636260161">
      <ele>1648.3</ele></trkpt>
      <trkpt lat="46.772371629460935" lon="7.964930287585812">
      <ele>1649.7</ele></trkpt>
      <trkpt lat="46.77231543309584" lon="7.964910898507359">
      <ele>1651.0</ele></trkpt>
      <trkpt lat="46.77224749152847" lon="7.96485959244383">
      <ele>1652.4</ele></trkpt>
      <trkpt lat="46.77218697857907" lon="7.9648262437357795">
      <ele>1653.7</ele></trkpt>
      <trkpt lat="46.77209569518308" lon="7.964819448073964">
      <ele>1655.0</ele></trkpt>
      <trkpt lat="46.77203808364642" lon="7.964835827860164">
      <ele>1656.4</ele></trkpt>
      <trkpt lat="46.77198721619196" lon="7.96488207247886">
      <ele>1657.7</ele></trkpt>
      <trkpt lat="46.7719078360069" lon="7.965009567002046">
      <ele>1659.1</ele></trkpt>
      <trkpt lat="46.771842136015174" lon="7.965155066259964">
      <ele>1660.4</ele></trkpt>
      <trkpt lat="46.7717765228757" lon="7.965281686372537">
      <ele>1661.8</ele></trkpt>
      <trkpt lat="46.7717180061662" lon="7.9653597493564785">
      <ele>1663.1</ele></trkpt>
      <trkpt lat="46.771667894460506" lon="7.965388364790643">
      <ele>1664.5</ele></trkpt>
      <trkpt lat="46.77161491272465" lon="7.965419020768825">
      <ele>1665.8</ele></trkpt>
      <trkpt lat="46.77156758541181" lon="7.965462209206389">
      <ele>1667.2</ele></trkpt>
      <trkpt lat="46.771527505784555" lon="7.965482595586284">
      <ele>1668.5</ele></trkpt>
      <trkpt lat="46.77143883094367" lon="7.965512902614699">
      <ele>1669.7</ele></trkpt>
      <trkpt lat="46.7713901883922" lon="7.965531136603794">
      <ele>1671.0</ele></trkpt>
      <trkpt lat="46.77136572752162" lon="7.96557246651003">
      <ele>1672.2</ele></trkpt>
      <trkpt lat="46.77135977584365" lon="7.965624372782794">
      <ele>1673.4</ele></trkpt>
      <trkpt lat="46.77137036650339" lon="7.965672512965055">
      <ele>1674.7</ele></trkpt>
      <trkpt lat="46.77141377135405" lon="7.965769796206199">
      <ele>1675.9</ele></trkpt>
      <trkpt lat="46.771425039441816" lon="7.965815376941005">
      <ele>1677.1</ele></trkpt>
      <trkpt lat="46.7714256601183" lon="7.965860212047399">
      <ele>1678.4</ele></trkpt>
      <trkpt lat="46.7714094592451" lon="7.965910826695319">
      <ele>1679.6</ele></trkpt>
      <trkpt lat="46.77138866330878" lon="7.965982501619406">
      <ele>1680.8</ele></trkpt>
      <trkpt lat="46.77137647287364" lon="7.96605293831339">
      <ele>1682.1</ele></trkpt>
      <trkpt lat="46.7713521346938" lon="7.966182591687698">
      <ele>1683.3</ele></trkpt>
      <trkpt lat="46.771319327793094" lon="7.966283829752176">
      <ele>1684.6</ele></trkpt>
      <trkpt lat="46.77126340319622" lon="7.966423752495889">
      <ele>1685.8</ele></trkpt>
      <trkpt lat="46.7712351483698" lon="7.966515149942032">
      <ele>1687.0</ele></trkpt>
      <trkpt lat="46.77121295826702" lon="7.966621741656344">
      <ele>1688.3</ele></trkpt>
      <trkpt lat="46.77120207597746" lon="7.966675707284062">
      <ele>1689.5</ele></trkpt>
      <trkpt lat="46.771191869023966" lon="7.966760656447353">
      <ele>1690.7</ele></trkpt>
      <trkpt lat="46.77119020054645" lon="7.966858860316099">
      <ele>1692.0</ele></trkpt>
      <trkpt lat="46.77119063163964" lon="7.966946545259514">
      <ele>1693.2</ele></trkpt>
      <trkpt lat="46.771181562297215" lon="7.9670519429507705">
      <ele>1694.3</ele></trkpt>
      <trkpt lat="46.771172060632324" lon="7.967163267287258">
      <ele>1695.4</ele></trkpt>
      <trkpt lat="46.77118312957494" lon="7.9672556519767035">
      <ele>1696.6</ele></trkpt>
      <trkpt lat="46.77122397975881" lon="7.967374003208655">
      <ele>1697.7</ele></trkpt>
      <trkpt lat="46.77122702791206" lon="7.967426769875797">
      <ele>1698.8</ele></trkpt>
      <trkpt lat="46.77122030235346" lon="7.967464947241477">
      <ele>1699.9</ele></trkpt>
      <trkpt lat="46.77120788970919" lon="7.967491861600534">
      <ele>1701.0</ele></trkpt>
      <trkpt lat="46.7711774839186" lon="7.967513349351173">
      <ele>1702.2</ele></trkpt>
      <trkpt lat="46.77111804244259" lon="7.967520752750172">
      <ele>1703.3</ele></trkpt>
      <trkpt lat="46.77105358563541" lon="7.967552498273883">
      <ele>1704.4</ele></trkpt>
      <trkpt lat="46.77098120747907" lon="7.967614501306301">
      <ele>1705.5</ele></trkpt>
      <trkpt lat="46.770935123810446" lon="7.967660907175447">
      <ele>1706.6</ele></trkpt>
      <trkpt lat="46.77091075185932" lon="7.9677061774801">
      <ele>1707.8</ele></trkpt>
      <trkpt lat="46.770899869218795" lon="7.967758165625479">
      <ele>1708.9</ele></trkpt>
      <trkpt lat="46.77090610297134" lon="7.967830065174855">
      <ele>1710.0</ele></trkpt>
      <trkpt lat="46.77092655864804" lon="7.967898111136064">
      <ele>1711.1</ele></trkpt>
      <trkpt lat="46.770950577369746" lon="7.967952392653866">
      <ele>1712.2</ele></trkpt>
      <trkpt lat="46.77098039414301" lon="7.9679900905927985">
      <ele>1713.4</ele></trkpt>
      <trkpt lat="46.770993459695006" lon="7.968063013109425">
      <ele>1714.5</ele></trkpt>
      <trkpt lat="46.77100372830478" lon="7.968112485725543">
      <ele>1715.6</ele></trkpt>
      <trkpt lat="46.77101408534773" lon="7.96813899499207">
      <ele>1716.3</ele></trkpt>
      <trkpt lat="46.7710249116676" lon="7.9681496538621985">
      <ele>1716.9</ele></trkpt>
      <trkpt lat="46.77102726425048" lon="7.968162219579288">
      <ele>1717.6</ele></trkpt>
      <trkpt lat="46.771022351261315" lon="7.968178039437657">
      <ele>1718.3</ele></trkpt>
      <trkpt lat="46.77100935126758" lon="7.9681957830206835">
      <ele>1718.9</ele></trkpt>
      <trkpt lat="46.77101330459655" lon="7.968212331484008">
      <ele>1719.6</ele></trkpt>
      <trkpt lat="46.77103012981799" lon="7.968232947218119">
      <ele>1720.3</ele></trkpt>
      <trkpt lat="46.771031657294124" lon="7.968250794205758">
      <ele>1720.9</ele></trkpt>
      <trkpt lat="46.77102515883981" lon="7.968259332147604">
      <ele>1721.6</ele></trkpt>
      <trkpt lat="46.771013017219246" lon="7.968268495466641">
      <ele>1722.2</ele></trkpt>
      <trkpt lat="46.770985510941166" lon="7.968306782663046">
      <ele>1722.9</ele></trkpt>
      <trkpt lat="46.77097114494091" lon="7.968349453968448">
      <ele>1723.6</ele></trkpt>
      <trkpt lat="46.77096275104424" lon="7.968371000288449">
      <ele>1724.2</ele></trkpt>
      <trkpt lat="46.77095599795046" lon="7.968385951019248">
      <ele>1724.9</ele></trkpt>
      <trkpt lat="46.77096042435938" lon="7.968416866582114">
      <ele>1725.6</ele></trkpt>
      <trkpt lat="46.77094659516948" lon="7.968458220773077">
      <ele>1726.2</ele></trkpt>
      <trkpt lat="46.77092466236222" lon="7.968516711913368">
      <ele>1726.9</ele></trkpt>
      <trkpt lat="46.7709141050378" lon="7.96854309423484">
      <ele>1727.6</ele></trkpt>
      <trkpt lat="46.77089830236246" lon="7.968542519972376">
      <ele>1728.2</ele></trkpt>
      <trkpt lat="46.77088300746244" lon="7.96855077502135">
      <ele>1728.9</ele></trkpt>
      <trkpt lat="46.770880827728384" lon="7.968559132776068">
      <ele>1730.0</ele></trkpt>
      <trkpt lat="46.770876736785425" lon="7.968578076641261">
      <ele>1731.1</ele></trkpt>
      <trkpt lat="46.770816564665225" lon="7.968620795069591">
      <ele>1732.2</ele></trkpt>
      <trkpt lat="46.77078355920591" lon="7.968636404155553">
      <ele>1733.4</ele></trkpt>
      <trkpt lat="46.77074005579886" lon="7.968665591620068">
      <ele>1734.5</ele></trkpt>
      <trkpt lat="46.77071131165124" lon="7.968685641600036">
      <ele>1735.6</ele></trkpt>
      <trkpt lat="46.77068375876244" lon="7.968679662454225">
      <ele>1736.7</ele></trkpt>
      <trkpt lat="46.7706587676885" lon="7.968699304158575">
      <ele>1737.8</ele></trkpt>
      <trkpt lat="46.770633568173906" lon="7.96870570737539">
      <ele>1738.9</ele></trkpt>
      <trkpt lat="46.77054211260781" lon="7.968691467173575">
      <ele>1740.1</ele></trkpt>
      <trkpt lat="46.77050004675874" lon="7.9686822555780354">
      <ele>1741.2</ele></trkpt>
      <trkpt lat="46.77047897874778" lon="7.968670671209612">
      <ele>1742.3</ele></trkpt>
      <trkpt lat="46.77044950763544" lon="7.968669032996939">
      <ele>1743.4</ele></trkpt>
      <trkpt lat="46.770414710746415" lon="7.968696551468458">
      <ele>1744.5</ele></trkpt>
      <trkpt lat="46.770391001357204" lon="7.968742403449046">
      <ele>1745.6</ele></trkpt>
      <trkpt lat="46.77037660974008" lon="7.968794434941736">
      <ele>1746.7</ele></trkpt>
      <trkpt lat="46.77033498456129" lon="7.9688550228453385">
      <ele>1747.9</ele></trkpt>
      <trkpt lat="46.77030240756264" lon="7.968879093503151">
      <ele>1749.0</ele></trkpt>
      <trkpt lat="46.77029021902574" lon="7.9688789736436245">
      <ele>1750.1</ele></trkpt>
      <trkpt lat="46.77025766122532" lon="7.968896969622717">
      <ele>1751.2</ele></trkpt>
      <trkpt lat="46.7702152879284" lon="7.96893654990299">
      <ele>1752.6</ele></trkpt>
      <trkpt lat="46.770187220197315" lon="7.968948462788609">
      <ele>1754.0</ele></trkpt>
      <trkpt lat="46.77012133317172" lon="7.968974287376121">
      <ele>1755.4</ele></trkpt>
      <trkpt lat="46.77007782013902" lon="7.96898809069939">
      <ele>1756.8</ele></trkpt>
      <trkpt lat="46.770013953503785" lon="7.969016632063415">
      <ele>1758.2</ele></trkpt>
      <trkpt lat="46.76995199180667" lon="7.969082439517369">
      <ele>1759.7</ele></trkpt>
      <trkpt lat="46.76991409223502" lon="7.969121382645749">
      <ele>1761.1</ele></trkpt>
      <trkpt lat="46.76985110938588" lon="7.969126196276441">
      <ele>1762.5</ele></trkpt>
      <trkpt lat="46.76981362492795" lon="7.969159042418017">
      <ele>1763.9</ele></trkpt>
      <trkpt lat="46.76978379997574" lon="7.969212282970996">
      <ele>1765.3</ele></trkpt>
      <trkpt lat="46.76976627680439" lon="7.969227703347901">
      <ele>1766.7</ele></trkpt>
      <trkpt lat="46.769738684320664" lon="7.969218633883811">
      <ele>1768.1</ele></trkpt>
      <trkpt lat="46.76964692059974" lon="7.969204900609913">
      <ele>1769.5</ele></trkpt>
      <trkpt lat="46.76962142644317" lon="7.969218566719296">
      <ele>1770.9</ele></trkpt>
      <trkpt lat="46.76956540354659" lon="7.96918715727083">
      <ele>1772.4</ele></trkpt>
      <trkpt lat="46.769525117887895" lon="7.9691723464447115">
      <ele>1773.8</ele></trkpt>
      <trkpt lat="46.769464249274705" lon="7.969146113181932">
      <ele>1775.2</ele></trkpt>
      <trkpt lat="46.76939888607369" lon="7.969123056417985">
      <ele>1776.6</ele></trkpt>
      <trkpt lat="46.769302220336314" lon="7.969082069823786">
      <ele>1778.0</ele></trkpt>
      <trkpt lat="46.7692592185181" lon="7.96907682891712">
      <ele>1779.4</ele></trkpt>
      <trkpt lat="46.769191183778695" lon="7.969053732953423">
      <ele>1781.0</ele></trkpt>
      <trkpt lat="46.769089939892396" lon="7.969059099762611">
      <ele>1782.5</ele></trkpt>
      <trkpt lat="46.769080056127606" lon="7.969070196219944">
      <ele>1784.1</ele></trkpt>
      <trkpt lat="46.769134575651954" lon="7.9691347787960956">
      <ele>1785.6</ele></trkpt>
      <trkpt lat="46.76914611143808" lon="7.969194094507746">
      <ele>1787.2</ele></trkpt>
      <trkpt lat="46.76916569786442" lon="7.969253502559673">
      <ele>1788.7</ele></trkpt>
      <trkpt lat="46.76915671669473" lon="7.969267815430573">
      <ele>1790.2</ele></trkpt>
      <trkpt lat="46.76911644869551" lon="7.969243395275701">
      <ele>1791.8</ele></trkpt>
      <trkpt lat="46.76908057651363" lon="7.969262235193617">
      <ele>1793.4</ele></trkpt>
      <trkpt lat="46.769024199228525" lon="7.969229657338322">
      <ele>1794.9</ele></trkpt>
      <trkpt lat="46.76900358537196" lon="7.969232635854837">
      <ele>1796.5</ele></trkpt>
      <trkpt lat="46.768971360898604" lon="7.9692195278777875">
      <ele>1798.0</ele></trkpt>
      <trkpt lat="46.768917858483476" lon="7.969216801967828">
      <ele>1799.6</ele></trkpt>
      <trkpt lat="46.76886606820909" lon="7.969182449606383">
      <ele>1801.1</ele></trkpt>
      <trkpt lat="46.768841921496396" lon="7.969204271991332">
      <ele>1802.7</ele></trkpt>
      <trkpt lat="46.76880216572781" lon="7.969178024192205">
      <ele>1804.2</ele></trkpt>
      <trkpt lat="46.768753677983064" lon="7.969168605318182">
      <ele>1805.8</ele></trkpt>
      <trkpt lat="46.768733159141235" lon="7.969162747716508">
      <ele>1807.3</ele></trkpt>
      <trkpt lat="46.7687320780619" lon="7.9691979544055505">
      <ele>1808.9</ele></trkpt>
      <trkpt lat="46.76870153523324" lon="7.969200455556044">
      <ele>1810.4</ele></trkpt>
      <trkpt lat="46.76868429196119" lon="7.969235018784547">
      <ele>1811.4</ele></trkpt>
      <trkpt lat="46.76869838715026" lon="7.969248786186447">
      <ele>1812.5</ele></trkpt>
      <trkpt lat="46.76873172882744" lon="7.9692712003878245">
      <ele>1813.5</ele></trkpt>
      <trkpt lat="46.768740115501686" lon="7.969324828972895">
      <ele>1814.6</ele></trkpt>
      <trkpt lat="46.76876392677926" lon="7.9693635929285636">
      <ele>1815.6</ele></trkpt>
      <trkpt lat="46.76877516715078" lon="7.9694012774678225">
      <ele>1816.6</ele></trkpt>
      <trkpt lat="46.76876945836481" lon="7.969439253395439">
      <ele>1817.7</ele></trkpt>
      <trkpt lat="46.76874787696444" lon="7.96945685908973">
      <ele>1818.7</ele></trkpt>
      <trkpt lat="46.76872994220012" lon="7.969436952978784">
      <ele>1819.8</ele></trkpt>
      <trkpt lat="46.76871019832463" lon="7.969425002063129">
      <ele>1820.8</ele></trkpt>
      <trkpt lat="46.768637590186735" lon="7.969416248897692">
      <ele>1821.8</ele></trkpt>
      <trkpt lat="46.76857057476295" lon="7.9694390237427974">
      <ele>1822.9</ele></trkpt>
      <trkpt lat="46.76852975747969" lon="7.969443767057559">
      <ele>1823.9</ele></trkpt>
      <trkpt lat="46.76850564765985" lon="7.969440217474324">
      <ele>1825.0</ele></trkpt>
      <trkpt lat="46.76850332546576" lon="7.969446308526321">
      <ele>1826.0</ele></trkpt>
      <trkpt lat="46.76848510390806" lon="7.969449402124338">
      <ele>1827.0</ele></trkpt>
      <trkpt lat="46.76847275397696" lon="7.96946852561461">
      <ele>1828.1</ele></trkpt>
      <trkpt lat="46.768448089336275" lon="7.969485642631178">
      <ele>1829.1</ele></trkpt>
      <trkpt lat="46.76838955315291" lon="7.969501457368703">
      <ele>1830.2</ele></trkpt>
      <trkpt lat="46.76837109341123" lon="7.969489990453519">
      <ele>1831.2</ele></trkpt>
      <trkpt lat="46.768361841095235" lon="7.969500700145378">
      <ele>1832.4</ele></trkpt>
      <trkpt lat="46.76832282291562" lon="7.969505448015501">
      <ele>1833.7</ele></trkpt>
      <trkpt lat="46.768248366170845" lon="7.969515083711922">
      <ele>1834.9</ele></trkpt>
      <trkpt lat="46.76819840089705" lon="7.96953518521591">
      <ele>1836.1</ele></trkpt>
      <trkpt lat="46.76813575587843" lon="7.969575689778251">
      <ele>1837.3</ele></trkpt>
      <trkpt lat="46.768102701887834" lon="7.9695823553343">
      <ele>1838.6</ele></trkpt>
      <trkpt lat="46.76804598763754" lon="7.969589390131911">
      <ele>1839.8</ele></trkpt>
      <trkpt lat="46.768010354404225" lon="7.969603256927296">
      <ele>1841.0</ele></trkpt>
      <trkpt lat="46.76794106138497" lon="7.969645738116231">
      <ele>1842.3</ele></trkpt>
      <trkpt lat="46.76791949704041" lon="7.969671277223654">
      <ele>1843.5</ele></trkpt>
      <trkpt lat="46.767887221985916" lon="7.969696147881302">
      <ele>1844.7</ele></trkpt>
      <trkpt lat="46.76783539569712" lon="7.969743094974954">
      <ele>1846.0</ele></trkpt>
      <trkpt lat="46.76779501072943" lon="7.969788348021445">
      <ele>1847.2</ele></trkpt>
      <trkpt lat="46.767760703547175" lon="7.969809153196504">
      <ele>1848.4</ele></trkpt>
      <trkpt lat="46.76771222597922" lon="7.969857520781294">
      <ele>1849.7</ele></trkpt>
      <trkpt lat="46.7676656595161" lon="7.96987600570096">
      <ele>1850.9</ele></trkpt>
      <trkpt lat="46.76763826111393" lon="7.969892912058654">
      <ele>1852.1</ele></trkpt>
      <trkpt lat="46.767601465118574" lon="7.969895665357833">
      <ele>1853.3</ele></trkpt>
      <trkpt lat="46.767582224990775" lon="7.969916605747169">
      <ele>1854.6</ele></trkpt>
      <trkpt lat="46.767563283019626" lon="7.969925661832324">
      <ele>1855.8</ele></trkpt>
      <trkpt lat="46.767529296380836" lon="7.969929765042009">
      <ele>1856.2</ele></trkpt>
      <trkpt lat="46.76750400122315" lon="7.969931571202925">
      <ele>1856.6</ele></trkpt>
      <trkpt lat="46.767482701791856" lon="7.969931086419406">
      <ele>1857.1</ele></trkpt>
      <trkpt lat="46.767470778697316" lon="7.969928049508559">
      <ele>1857.5</ele></trkpt>
      <trkpt lat="46.76744760137693" lon="7.969929025578801">
      <ele>1857.9</ele></trkpt>
      <trkpt lat="46.7674351327947" lon="7.969933026592041">
      <ele>1858.3</ele></trkpt>
      <trkpt lat="46.76741148249167" lon="7.969962197354759">
      <ele>1858.8</ele></trkpt>
      <trkpt lat="46.76739419934525" lon="7.969978208298455">
      <ele>1859.2</ele></trkpt>
      <trkpt lat="46.767379176054334" lon="7.969982197214577">
      <ele>1859.6</ele></trkpt>
      <trkpt lat="46.76736177394178" lon="7.969987039826011">
      <ele>1860.0</ele></trkpt>
      <trkpt lat="46.76734926654719" lon="7.970001317349061">
      <ele>1860.5</ele></trkpt>
      <trkpt lat="46.76734170646775" lon="7.9700156567096325">
      <ele>1860.9</ele></trkpt>
      <trkpt lat="46.76734843319638" lon="7.970035425866458">
      <ele>1861.3</ele></trkpt>
      <trkpt lat="46.767358502703765" lon="7.970040499910327">
      <ele>1861.8</ele></trkpt>
      <trkpt lat="46.767376308860094" lon="7.970043555541612">
      <ele>1862.2</ele></trkpt>
      <trkpt lat="46.76739034166611" lon="7.970043641466486">
      <ele>1862.6</ele></trkpt>
      <trkpt lat="46.76740928086104" lon="7.970052586405081">
      <ele>1863.0</ele></trkpt>
      <trkpt lat="46.76742014221486" lon="7.970061477924481">
      <ele>1863.5</ele></trkpt>
      <trkpt lat="46.7674330582482" lon="7.970088914350953">
      <ele>1863.9</ele></trkpt>
      <trkpt lat="46.76744620816691" lon="7.970102816349009">
      <ele>1864.3</ele></trkpt>
      <trkpt lat="46.76747073723534" lon="7.970116791234517">
      <ele>1865.0</ele></trkpt>
      <trkpt lat="46.76749313627942" lon="7.970128414825715">
      <ele>1865.6</ele></trkpt>
      <trkpt lat="46.76751475900997" lon="7.970127083134764">
      <ele>1866.3</ele></trkpt>
      <trkpt lat="46.76755607959047" lon="7.970114712950307">
      <ele>1866.9</ele></trkpt>
      <trkpt lat="46.76757949060692" lon="7.970119578143285">
      <ele>1867.6</ele></trkpt>
      <trkpt lat="46.767593143482884" lon="7.97013171776896">
      <ele>1868.2</ele></trkpt>
      <trkpt lat="46.76760781235129" lon="7.970136234971229">
      <ele>1868.9</ele></trkpt>
      <trkpt lat="46.76763137106732" lon="7.970146089562781">
      <ele>1869.5</ele></trkpt>
      <trkpt lat="46.76766381000441" lon="7.970163349946781">
      <ele>1870.2</ele></trkpt>
      <trkpt lat="46.767668241606785" lon="7.970169847830579">
      <ele>1870.8</ele></trkpt>
      <trkpt lat="46.76766473183943" lon="7.970179828372592">
      <ele>1871.5</ele></trkpt>
      <trkpt lat="46.76763450763566" lon="7.970183444850995">
      <ele>1872.2</ele></trkpt>
      <trkpt lat="46.76761926268124" lon="7.97019833690677">
      <ele>1872.8</ele></trkpt>
      <trkpt lat="46.76760623037808" lon="7.970195891211639">
      <ele>1873.5</ele></trkpt>
      <trkpt lat="46.76756564866252" lon="7.970231192126789">
      <ele>1874.1</ele></trkpt>
      <trkpt lat="46.76753512780933" lon="7.970265688855081">
      <ele>1874.8</ele></trkpt>
      <trkpt lat="46.76748137908115" lon="7.9703294127163975">
      <ele>1875.4</ele></trkpt>
      <trkpt lat="46.76745569442452" lon="7.970353051693182">
      <ele>1876.1</ele></trkpt>
      <trkpt lat="46.76741902204796" lon="7.970360165399212">
      <ele>1876.7</ele></trkpt>
      <trkpt lat="46.76740847714822" lon="7.970354798586491">
      <ele>1877.4</ele></trkpt>
      <trkpt lat="46.76738886353086" lon="7.970349669643899">
      <ele>1878.1</ele></trkpt>
      <trkpt lat="46.76737084680187" lon="7.970355134474703">
      <ele>1878.7</ele></trkpt>
      <trkpt lat="46.76735459646748" lon="7.970371495847218">
      <ele>1879.4</ele></trkpt>
      <trkpt lat="46.76732228333984" lon="7.970381323200978">
      <ele>1880.0</ele></trkpt>
      <trkpt lat="46.767246882488244" lon="7.970396643038394">
      <ele>1880.7</ele></trkpt>
      <trkpt lat="46.76722140820852" lon="7.970407938597909">
      <ele>1881.4</ele></trkpt>
      <trkpt lat="46.76720516960419" lon="7.970423710904147">
      <ele>1882.0</ele></trkpt>
      <trkpt lat="46.767169095886096" lon="7.9704452180625">
      <ele>1882.7</ele></trkpt>
      <trkpt lat="46.76714527946688" lon="7.970455940813262">
      <ele>1883.3</ele></trkpt>
      <trkpt lat="46.76712457507579" lon="7.970472559263537">
      <ele>1884.0</ele></trkpt>
      <trkpt lat="46.76710307540081" lon="7.970484168885603">
      <ele>1884.7</ele></trkpt>
      <trkpt lat="46.767074321683886" lon="7.970490745256168">
      <ele>1885.3</ele></trkpt>
      <trkpt lat="46.76705137805084" lon="7.970491762656877">
      <ele>1886.0</ele></trkpt>
      <trkpt lat="46.76703087532991" lon="7.97048052427571">
      <ele>1886.6</ele></trkpt>
      <trkpt lat="46.76697324309245" lon="7.970468317496739">
      <ele>1887.3</ele></trkpt>
      <trkpt lat="46.76695211789823" lon="7.970469051734958">
      <ele>1888.0</ele></trkpt>
      <trkpt lat="46.76693447698372" lon="7.970463353132278">
      <ele>1888.6</ele></trkpt>
      <trkpt lat="46.76690797034596" lon="7.970449070711315">
      <ele>1889.3</ele></trkpt>
      <trkpt lat="46.7668656097793" lon="7.970435561448458">
      <ele>1889.9</ele></trkpt>
      <trkpt lat="46.766859474589225" lon="7.970441392113184">
      <ele>1890.6</ele></trkpt>
      <trkpt lat="46.76684479201801" lon="7.970439820339645">
      <ele>1891.2</ele></trkpt>
      <trkpt lat="46.76682648347908" lon="7.970436471640399">
      <ele>1891.8</ele></trkpt>
      <trkpt lat="46.76680187917667" lon="7.970438664006177">
      <ele>1892.4</ele></trkpt>
      <trkpt lat="46.76679029766513" lon="7.970445344262597">
      <ele>1892.9</ele></trkpt>
      <trkpt lat="46.76677743761634" lon="7.970442612231832">
      <ele>1893.5</ele></trkpt>
      <trkpt lat="46.766760651688514" lon="7.9704310309287525">
      <ele>1894.1</ele></trkpt>
      <trkpt lat="46.76674681989955" lon="7.970424479704227">
      <ele>1894.7</ele></trkpt>
      <trkpt lat="46.76672900067345" lon="7.9704223009815065">
      <ele>1895.3</ele></trkpt>
      <trkpt lat="46.76669943253712" lon="7.97042797908906">
      <ele>1895.9</ele></trkpt>
      <trkpt lat="46.766683094781726" lon="7.970426404092115">
      <ele>1896.4</ele></trkpt>
      <trkpt lat="46.76664154403723" lon="7.970416712497548">
      <ele>1897.0</ele></trkpt>
      <trkpt lat="46.76660838960921" lon="7.970412091552019">
      <ele>1897.6</ele></trkpt>
      <trkpt lat="46.76657676327488" lon="7.970398059858618">
      <ele>1898.2</ele></trkpt>
      <trkpt lat="46.76653530341674" lon="7.970366912379352">
      <ele>1898.8</ele></trkpt>
      <trkpt lat="46.766494850819235" lon="7.9703319521907865">
      <ele>1899.4</ele></trkpt>
      <trkpt lat="46.76647547085731" lon="7.970309479547619">
      <ele>1900.0</ele></trkpt>
      <trkpt lat="46.76645296514237" lon="7.970284056723121">
      <ele>1900.5</ele></trkpt>
      <trkpt lat="46.766427959145275" lon="7.970266254638927">
      <ele>1901.1</ele></trkpt>
      <trkpt lat="46.7664090766498" lon="7.970243197839486">
      <ele>1901.7</ele></trkpt>
      <trkpt lat="46.76639832127816" lon="7.970209604066273">
      <ele>1902.3</ele></trkpt>
      <trkpt lat="46.76638309477669" lon="7.970181870443388">
      <ele>1903.0</ele></trkpt>
      <trkpt lat="46.766380130497" lon="7.970157753098117">
      <ele>1903.8</ele></trkpt>
      <trkpt lat="46.76637787247043" lon="7.970138447250148">
      <ele>1904.5</ele></trkpt>
      <trkpt lat="46.76637863821867" lon="7.970115008150028">
      <ele>1905.3</ele></trkpt>
      <trkpt lat="46.7663675535824" lon="7.970086438262571">
      <ele>1906.0</ele></trkpt>
      <trkpt lat="46.766354313489025" lon="7.970051314553263">
      <ele>1906.8</ele></trkpt>
      <trkpt lat="46.76634643734536" lon="7.970015641515788">
      <ele>1907.5</ele></trkpt>
      <trkpt lat="46.76634464251624" lon="7.969966374118613">
      <ele>1908.3</ele></trkpt>
      <trkpt lat="46.766338243706315" lon="7.969936056931522">
      <ele>1909.0</ele></trkpt>
      <trkpt lat="46.76633464121196" lon="7.969917628074654">
      <ele>1909.8</ele></trkpt>
      <trkpt lat="46.766326651212616" lon="7.969908359220268">
      <ele>1910.5</ele></trkpt>
      <trkpt lat="46.76631774530173" lon="7.9699180769043885">
      <ele>1911.2</ele></trkpt>
      <trkpt lat="46.76631321761639" lon="7.969930298896767">
      <ele>1912.0</ele></trkpt>
      <trkpt lat="46.76630629125731" lon="7.969947642155767">
      <ele>1912.7</ele></trkpt>
      <trkpt lat="46.76627885503064" lon="7.970024885700482">
      <ele>1913.5</ele></trkpt>
      <trkpt lat="46.76621978713183" lon="7.9701259578330035">
      <ele>1914.2</ele></trkpt>
      <trkpt lat="46.76620776840227" lon="7.970172470694532">
      <ele>1915.0</ele></trkpt>
      <trkpt lat="46.76620353592322" lon="7.970231431598222">
      <ele>1915.7</ele></trkpt>
      <trkpt lat="46.766188467408725" lon="7.970250933131477">
      <ele>1916.5</ele></trkpt>
      <trkpt lat="46.76614874554941" lon="7.970256105343832">
      <ele>1917.2</ele></trkpt>
      <trkpt lat="46.76610309838989" lon="7.970260669298197">
      <ele>1918.0</ele></trkpt>
      <trkpt lat="46.76606960309147" lon="7.9702732340077596">
      <ele>1918.8</ele></trkpt>
      <trkpt lat="46.76604931773707" lon="7.970309990735548">
      <ele>1919.6</ele></trkpt>
    </trkseg>
    <trkseg>
      <trkpt lat="46.76604931773707" lon="7.970309990735548">
      <ele>1920.4</ele></trkpt>
      <trkpt lat="46.76600650035024" lon="7.970290258934347">
      <ele>1921.2</ele></trkpt>
      <trkpt lat="46.765990099346936" lon="7.9702655510875156">
      <ele>1922.0</ele></trkpt>
      <trkpt lat="46.76597709876451" lon="7.970258222717208">
      <ele>1922.8</ele></trkpt>
      <trkpt lat="46.76597303829115" lon="7.970266692014706">
      <ele>1923.6</ele></trkpt>
      <trkpt lat="46.76595917566735" lon="7.970260965374188">
      <ele>1924.4</ele></trkpt>
      <trkpt lat="46.765936579978316" lon="7.97024714078735">
      <ele>1925.2</ele></trkpt>
      <trkpt lat="46.76591559704801" lon="7.970211508980556">
      <ele>1926.1</ele></trkpt>
      <trkpt lat="46.76588473340503" lon="7.970213351701332">
      <ele>1926.9</ele></trkpt>
      <trkpt lat="46.76585875648532" lon="7.970220544546908">
      <ele>1927.7</ele></trkpt>
      <trkpt lat="46.7658314499547" lon="7.9702292952269636">
      <ele>1928.5</ele></trkpt>
      <trkpt lat="46.76582868657653" lon="7.970219999388435">
      <ele>1929.3</ele></trkpt>
      <trkpt lat="46.765831909807126" lon="7.970196205106524">
      <ele>1930.1</ele></trkpt>
      <trkpt lat="46.76582275611982" lon="7.970168309086855">
      <ele>1930.9</ele></trkpt>
      <trkpt lat="46.76582043293532" lon="7.970143674662443">
      <ele>1931.7</ele></trkpt>
      <trkpt lat="46.76581661720794" lon="7.970124680943545">
      <ele>1932.5</ele></trkpt>
      <trkpt lat="46.7658162099988" lon="7.97010006540704">
      <ele>1933.3</ele></trkpt>
      <trkpt lat="46.76581197158381" lon="7.970071380013512">
      <ele>1933.8</ele></trkpt>
      <trkpt lat="46.76581156852327" lon="7.970043936813862">
      <ele>1934.2</ele></trkpt>
      <trkpt lat="46.76580858741728" lon="7.970035031579859">
      <ele>1934.7</ele></trkpt>
      <trkpt lat="46.76581116135764" lon="7.970019308189658">
      <ele>1935.2</ele></trkpt>
      <trkpt lat="46.765805428147786" lon="7.96998901094584">
      <ele>1935.6</ele></trkpt>
      <trkpt lat="46.76580289735501" lon="7.969958719079533">
      <ele>1936.1</ele></trkpt>
      <trkpt lat="46.76579672319487" lon="7.969947792524057">
      <ele>1936.6</ele></trkpt>
      <trkpt lat="46.76579033276592" lon="7.969938879889518">
      <ele>1937.0</ele></trkpt>
      <trkpt lat="46.765788644036675" lon="7.969917079446487">
      <ele>1937.5</ele></trkpt>
      <trkpt lat="46.76578740642762" lon="7.969869847192383">
      <ele>1937.9</ele></trkpt>
      <trkpt lat="46.76578636427658" lon="7.96984441376076">
      <ele>1938.4</ele></trkpt>
      <trkpt lat="46.76578019804825" lon="7.969820173522511">
      <ele>1938.9</ele></trkpt>
      <trkpt lat="46.7657718897373" lon="7.9698116478423">
      <ele>1939.3</ele></trkpt>
      <trkpt lat="46.76576079792932" lon="7.969813620089324">
      <ele>1939.8</ele></trkpt>
      <trkpt lat="46.76575268768536" lon="7.9698224684129775">
      <ele>1940.3</ele></trkpt>
      <trkpt lat="46.76574178884292" lon="7.969840976765351">
      <ele>1940.7</ele></trkpt>
      <trkpt lat="46.7657358214867" lon="7.969839739772683">
      <ele>1941.2</ele></trkpt>
      <trkpt lat="46.76572771773913" lon="7.96983365107727">
      <ele>1941.7</ele></trkpt>
      <trkpt lat="46.76572410847058" lon="7.969816675493997">
      <ele>1942.1</ele></trkpt>
      <trkpt lat="46.76571708692987" lon="7.969796458955312">
      <ele>1942.6</ele></trkpt>
      <trkpt lat="46.76570026751473" lon="7.969766916615735">
      <ele>1943.4</ele></trkpt>
      <trkpt lat="46.76568749109836" lon="7.969744260813398">
      <ele>1944.1</ele></trkpt>
      <trkpt lat="46.76567832817352" lon="7.969735739833819">
      <ele>1944.9</ele></trkpt>
      <trkpt lat="46.7656683178747" lon="7.969717928851335">
      <ele>1945.7</ele></trkpt>
      <trkpt lat="46.765664078547275" lon="7.9696932887387515">
      <ele>1946.5</ele></trkpt>
      <trkpt lat="46.76565577544963" lon="7.96967590040803">
      <ele>1947.2</ele></trkpt>
      <trkpt lat="46.76564300133971" lon="7.969650809706923">
      <ele>1948.0</ele></trkpt>
      <trkpt lat="46.765633430341744" lon="7.9696217053801455">
      <ele>1948.8</ele></trkpt>
      <trkpt lat="46.76562234953135" lon="7.969603896984383">
      <ele>1949.6</ele></trkpt>
      <trkpt lat="46.765613425916214" lon="7.969567114525191">
      <ele>1950.3</ele></trkpt>
      <trkpt lat="46.76560427516828" lon="7.969552100480396">
      <ele>1951.1</ele></trkpt>
      <trkpt lat="46.765570563679994" lon="7.969508620062844">
      <ele>1951.9</ele></trkpt>
      <trkpt lat="46.76554516247492" lon="7.969482920765198">
      <ele>1952.7</ele></trkpt>
      <trkpt lat="46.7655041675013" lon="7.9694233058929775">
      <ele>1953.4</ele></trkpt>
      <trkpt lat="46.765462340880404" lon="7.969358747563537">
      <ele>1954.2</ele></trkpt>
      <trkpt lat="46.76542299879372" lon="7.969313169753633">
      <ele>1955.0</ele></trkpt>
      <trkpt lat="46.76539573419836" lon="7.969285802799488">
      <ele>1955.8</ele></trkpt>
      <trkpt lat="46.76538262512153" lon="7.969257279140645">
      <ele>1956.5</ele></trkpt>
      <trkpt lat="46.76536077932067" lon="7.969217555167465">
      <ele>1957.3</ele></trkpt>
      <trkpt lat="46.76533644109226" lon="7.969179901283935">
      <ele>1958.1</ele></trkpt>
      <trkpt lat="46.765316038677284" lon="7.96915091319766">
      <ele>1959.4</ele></trkpt>
      <trkpt lat="46.76529915125186" lon="7.969130167837055">
      <ele>1960.7</ele></trkpt>
      <trkpt lat="46.765258025337964" lon="7.969023162440704">
      <ele>1962.1</ele></trkpt>
      <trkpt lat="46.765167532423106" lon="7.968881019675596">
      <ele>1963.4</ele></trkpt>
      <trkpt lat="46.76515281969483" lon="7.968823928838625">
      <ele>1964.7</ele></trkpt>
      <trkpt lat="46.76512684652814" lon="7.968797386612767">
      <ele>1966.0</ele></trkpt>
      <trkpt lat="46.76512105575635" lon="7.968777483626591">
      <ele>1967.3</ele></trkpt>
      <trkpt lat="46.765115054323786" lon="7.968758390219804">
      <ele>1968.7</ele></trkpt>
      <trkpt lat="46.76511174707356" lon="7.968734453426371">
      <ele>1970.0</ele></trkpt>
      <trkpt lat="46.765108016260555" lon="7.968714557610574">
      <ele>1971.3</ele></trkpt>
      <trkpt lat="46.76509145925759" lon="7.9686885007457215">
      <ele>1972.6</ele></trkpt>
      <trkpt lat="46.7650773797473" lon="7.968679093887172">
      <ele>1973.9</ele></trkpt>
      <trkpt lat="46.76506412319051" lon="7.968674564993465">
      <ele>1975.3</ele></trkpt>
      <trkpt lat="46.765064960498144" lon="7.9686356404359096">
      <ele>1976.6</ele></trkpt>
      <trkpt lat="46.765062897347214" lon="7.968607238759841">
      <ele>1977.9</ele></trkpt>
      <trkpt lat="46.76507076281008" lon="7.968581330319931">
      <ele>1979.2</ele></trkpt>
      <trkpt lat="46.76506476944288" lon="7.96854885797778">
      <ele>1980.5</ele></trkpt>
      <trkpt lat="46.76507201275646" lon="7.96852132012458">
      <ele>1981.9</ele></trkpt>
      <trkpt lat="46.765081131672105" lon="7.9684889308205875">
      <ele>1983.2</ele></trkpt>
      <trkpt lat="46.765087139631895" lon="7.968458147322611">
      <ele>1984.5</ele></trkpt>
      <trkpt lat="46.76509687725742" lon="7.9684533338479895">
      <ele>1985.5</ele></trkpt>
      <trkpt lat="46.765098122841835" lon="7.968423341377611">
      <ele>1986.4</ele></trkpt>
      <trkpt lat="46.765098542603454" lon="7.96840266162754">
      <ele>1987.4</ele></trkpt>
      <trkpt lat="46.76509460567291" lon="7.968378705587199">
      <ele>1988.4</ele></trkpt>
      <trkpt lat="46.76509792534105" lon="7.9683320947539595">
      <ele>1989.3</ele></trkpt>
      <trkpt lat="46.765091717258954" lon="7.96829353297307">
      <ele>1990.3</ele></trkpt>
      <trkpt lat="46.76510125011936" lon="7.96826885831917">
      <ele>1991.3</ele></trkpt>
      <trkpt lat="46.76510622410167" lon="7.96822630885823">
      <ele>1992.2</ele></trkpt>
      <trkpt lat="46.765103951545974" lon="7.968210066715983">
      <ele>1993.2</ele></trkpt>
      <trkpt lat="46.765100639063725" lon="7.968202755556748">
      <ele>1994.2</ele></trkpt>
      <trkpt lat="46.765108305186786" lon="7.968192659085503">
      <ele>1995.1</ele></trkpt>
      <trkpt lat="46.76509960908284" lon="7.968180438276635">
      <ele>1996.1</ele></trkpt>
      <trkpt lat="46.76509939813448" lon="7.968173550307875">
      <ele>1997.0</ele></trkpt>
      <trkpt lat="46.765112864300974" lon="7.9681464531320465">
      <ele>1998.0</ele></trkpt>
      <trkpt lat="46.76511762500973" lon="7.968126614552793">
      <ele>1999.0</ele></trkpt>
      <trkpt lat="46.76511617688863" lon="7.968116873673698">
      <ele>1999.9</ele></trkpt>
      <trkpt lat="46.765121157410114" lon="7.96808648585076">
      <ele>2000.9</ele></trkpt>
      <trkpt lat="46.76512343689451" lon="7.968068246195194">
      <ele>2001.9</ele></trkpt>
      <trkpt lat="46.765118465790366" lon="7.968042263992158">
      <ele>2002.8</ele></trkpt>
      <trkpt lat="46.76511577478704" lon="7.968030900712912">
      <ele>2003.8</ele></trkpt>
      <trkpt lat="46.76510583863079" lon="7.968030030795908">
      <ele>2005.7</ele></trkpt>
      <trkpt lat="46.765093620731875" lon="7.9680226584055625">
      <ele>2007.7</ele></trkpt>
      <trkpt lat="46.76510708640689" lon="7.967970426353233">
      <ele>2009.6</ele></trkpt>
      <trkpt lat="46.76511849167613" lon="7.9678930392096605">
      <ele>2011.5</ele></trkpt>
      <trkpt lat="46.765119738569375" lon="7.967837492971689">
      <ele>2013.5</ele></trkpt>
      <trkpt lat="46.765121191837764" lon="7.967793704532172">
      <ele>2015.4</ele></trkpt>
      <trkpt lat="46.765126602368326" lon="7.967691830587872">
      <ele>2017.3</ele></trkpt>
      <trkpt lat="46.765104940511016" lon="7.967670541460162">
      <ele>2019.3</ele></trkpt>
      <trkpt lat="46.765099957469744" lon="7.9676082707710965">
      <ele>2021.2</ele></trkpt>
      <trkpt lat="46.7650681032694" lon="7.967552072607205">
      <ele>2023.2</ele></trkpt>
      <trkpt lat="46.765064864266705" lon="7.967480314973689">
      <ele>2025.1</ele></trkpt>
      <trkpt lat="46.7650906830095" lon="7.967437302233847">
      <ele>2027.0</ele></trkpt>
      <trkpt lat="46.76510733843182" lon="7.96741107398075">
      <ele>2029.0</ele></trkpt>
      <trkpt lat="46.76513894216114" lon="7.967340679016183">
      <ele>2030.9</ele></trkpt>
      <trkpt lat="46.765167509633" lon="7.96734514824504">
      <ele>2032.8</ele></trkpt>
      <trkpt lat="46.76518758889186" lon="7.967315785451998">
      <ele>2034.8</ele></trkpt>
      <trkpt lat="46.76517391888287" lon="7.9672956220859765">
      <ele>2036.7</ele></trkpt>
      <trkpt lat="46.76518207055588" lon="7.967240850382016">
      <ele>2038.6</ele></trkpt>
      <trkpt lat="46.76520836042443" lon="7.967237913863327">
      <ele>2040.6</ele></trkpt>
      <trkpt lat="46.76520786742813" lon="7.967208375543693">
      <ele>2042.5</ele></trkpt>
      <trkpt lat="46.76523477842563" lon="7.967191738723465">
      <ele>2042.3</ele></trkpt>
      <trkpt lat="46.76524117552569" lon="7.967150656120741">
      <ele>2042.1</ele></trkpt>
      <trkpt lat="46.76523905916414" lon="7.9670831246164715">
      <ele>2041.9</ele></trkpt>
      <trkpt lat="46.76520150474404" lon="7.967018440109279">
      <ele>2041.7</ele></trkpt>
      <trkpt lat="46.76508539139938" lon="7.966837038569589">
      <ele>2041.5</ele></trkpt>
      <trkpt lat="46.765051174973706" lon="7.966807209293819">
      <ele>2041.4</ele></trkpt>
      <trkpt lat="46.76500916606155" lon="7.966727282889257">
      <ele>2041.2</ele></trkpt>
      <trkpt lat="46.764988471490376" lon="7.966693253005316">
      <ele>2041.0</ele></trkpt>
      <trkpt lat="46.76497360258898" lon="7.966667763176125">
      <ele>2040.8</ele></trkpt>
      <trkpt lat="46.76495812480712" lon="7.966645553246146">
      <ele>2040.6</ele></trkpt>
      <trkpt lat="46.76494969939901" lon="7.9665844665902625">
      <ele>2040.4</ele></trkpt>
      <trkpt lat="46.764936244570116" lon="7.966519665235154">
      <ele>2040.2</ele></trkpt>
      <trkpt lat="46.76492096605655" lon="7.966483528474811">
      <ele>2040.0</ele></trkpt>
      <trkpt lat="46.76487032045182" lon="7.966411529684415">
      <ele>2039.8</ele></trkpt>
      <trkpt lat="46.76483896955424" lon="7.966365037824563">
      <ele>2039.7</ele></trkpt>
      <trkpt lat="46.76481625506518" lon="7.966314519958461">
      <ele>2039.5</ele></trkpt>
      <trkpt lat="46.764807822541655" lon="7.96629193403842">
      <ele>2039.3</ele></trkpt>
      <trkpt lat="46.764817129377356" lon="7.966257674349551">
      <ele>2039.1</ele></trkpt>
      <trkpt lat="46.76480072725026" lon="7.966192124399632">
      <ele>2038.9</ele></trkpt>
      <trkpt lat="46.76478693576442" lon="7.966170952271126">
      <ele>2038.7</ele></trkpt>
      <trkpt lat="46.764770835279506" lon="7.966149155381512">
      <ele>2039.2</ele></trkpt>
      <trkpt lat="46.76475615093117" lon="7.966142112793766">
      <ele>2039.6</ele></trkpt>
      <trkpt lat="46.76474890432689" lon="7.966133480411618">
      <ele>2040.1</ele></trkpt>
      <trkpt lat="46.76473282097491" lon="7.966131346350334">
      <ele>2040.6</ele></trkpt>
      <trkpt lat="46.76472878340989" lon="7.96611739115752">
      <ele>2041.0</ele></trkpt>
      <trkpt lat="46.76472595874955" lon="7.96609402233479">
      <ele>2041.5</ele></trkpt>
      <trkpt lat="46.76472634737917" lon="7.966070252940865">
      <ele>2042.0</ele></trkpt>
      <trkpt lat="46.76471930016439" lon="7.966063245802938">
      <ele>2042.5</ele></trkpt>
      <trkpt lat="46.76470803975839" lon="7.966062782213986">
      <ele>2042.9</ele></trkpt>
      <trkpt lat="46.76470561802982" lon="7.966055401407847">
      <ele>2043.4</ele></trkpt>
      <trkpt lat="46.76470982168176" lon="7.966027545680299">
      <ele>2043.9</ele></trkpt>
      <trkpt lat="46.76470277582624" lon="7.966014398902841">
      <ele>2044.3</ele></trkpt>
      <trkpt lat="46.76469432572398" lon="7.966005348957193">
      <ele>2044.8</ele></trkpt>
      <trkpt lat="46.76468988996619" lon="7.965986061870224">
      <ele>2045.3</ele></trkpt>
      <trkpt lat="46.76468405047525" lon="7.965976605458639">
      <ele>2045.8</ele></trkpt>
      <trkpt lat="46.764673386533644" lon="7.965963855315528">
      <ele>2046.2</ele></trkpt>
      <trkpt lat="46.7646649298369" lon="7.965944542012336">
      <ele>2046.7</ele></trkpt>
      <trkpt lat="46.76466027850571" lon="7.96590764550496">
      <ele>2047.2</ele></trkpt>
      <trkpt lat="46.76465725457823" lon="7.9658982035453185">
      <ele>2047.6</ele></trkpt>
      <trkpt lat="46.76465885616994" lon="7.965880585695351">
      <ele>2048.1</ele></trkpt>
      <trkpt lat="46.76465401698704" lon="7.965862944146849">
      <ele>2048.8</ele></trkpt>
      <trkpt lat="46.76464756670245" lon="7.965841595203546">
      <ele>2049.6</ele></trkpt>
      <trkpt lat="46.76464090746645" lon="7.965805097998764">
      <ele>2050.3</ele></trkpt>
      <trkpt lat="46.76464311412093" lon="7.965792814081238">
      <ele>2051.0</ele></trkpt>
      <trkpt lat="46.76463466074537" lon="7.965782520508853">
      <ele>2051.8</ele></trkpt>
      <trkpt lat="46.76462479784803" lon="7.965767722968418">
      <ele>2052.5</ele></trkpt>
      <trkpt lat="46.76461311498705" lon="7.965741845800587">
      <ele>2053.2</ele></trkpt>
      <trkpt lat="46.764606261239805" lon="7.965714353295242">
      <ele>2054.0</ele></trkpt>
      <trkpt lat="46.76459456237468" lon="7.9656860934415255">
      <ele>2054.7</ele></trkpt>
      <trkpt lat="46.764535359471125" lon="7.965596967839976">
      <ele>2055.4</ele></trkpt>
      <trkpt lat="46.764471635839016" lon="7.965483540821237">
      <ele>2056.2</ele></trkpt>
      <trkpt lat="46.764435747228454" lon="7.965387103027492">
      <ele>2056.9</ele></trkpt>
      <trkpt lat="46.76441554928508" lon="7.965342828707331">
      <ele>2057.7</ele></trkpt>
      <trkpt lat="46.76440140476273" lon="7.965304543711832">
      <ele>2058.4</ele></trkpt>
      <trkpt lat="46.7644036005638" lon="7.965300454618369">
      <ele>2059.1</ele></trkpt>
      <trkpt lat="46.76441633811763" lon="7.9652927113927126">
      <ele>2059.9</ele></trkpt>
      <trkpt lat="46.764410958409" lon="7.96527912287412">
      <ele>2060.6</ele></trkpt>
      <trkpt lat="46.76442728748199" lon="7.965276742709914">
      <ele>2061.3</ele></trkpt>
      <trkpt lat="46.76442230307246" lon="7.965257411149009">
      <ele>2062.1</ele></trkpt>
      <trkpt lat="46.76443902847635" lon="7.965252966486621">
      <ele>2062.8</ele></trkpt>
      <trkpt lat="46.76445018087315" lon="7.965245639764752">
      <ele>2062.9</ele></trkpt>
      <trkpt lat="46.764445199360864" lon="7.965229580951178">
      <ele>2063.1</ele></trkpt>
      <trkpt lat="46.76443205370461" lon="7.965197065711365">
      <ele>2063.2</ele></trkpt>
      <trkpt lat="46.764454354343854" lon="7.965193068195033">
      <ele>2063.4</ele></trkpt>
      <trkpt lat="46.764450173819206" lon="7.965174975025897">
      <ele>2063.5</ele></trkpt>
      <trkpt lat="46.76443503123712" lon="7.965158044646249">
      <ele>2063.6</ele></trkpt>
      <trkpt lat="46.76441312827132" lon="7.965138220639691">
      <ele>2063.8</ele></trkpt>
      <trkpt lat="46.7643880300425" lon="7.965110982195849">
      <ele>2063.9</ele></trkpt>
      <trkpt lat="46.76437608503956" lon="7.965091203076491">
      <ele>2064.1</ele></trkpt>
      <trkpt lat="46.76436811746405" lon="7.96508088822639">
      <ele>2064.2</ele></trkpt>
      <trkpt lat="46.76434839280076" lon="7.9650471044872875">
      <ele>2064.3</ele></trkpt>
      <trkpt lat="46.76433424820496" lon="7.96501662177589">
      <ele>2064.5</ele></trkpt>
      <trkpt lat="46.76432947538707" lon="7.965007974487149">
      <ele>2064.6</ele></trkpt>
      <trkpt lat="46.76430676516917" lon="7.964985681619106">
      <ele>2064.8</ele></trkpt>
      <trkpt lat="46.764295611754214" lon="7.964973712436448">
      <ele>2064.9</ele></trkpt>
      <trkpt lat="46.76427271265962" lon="7.9649436025129665">
      <ele>2065.0</ele></trkpt>
      <trkpt lat="46.76424462790413" lon="7.964916348175862">
      <ele>2065.2</ele></trkpt>
      <trkpt lat="46.76422869838997" lon="7.964894488096626">
      <ele>2065.3</ele></trkpt>
      <trkpt lat="46.76421136647618" lon="7.964876332143863">
      <ele>2065.5</ele></trkpt>
      <trkpt lat="46.76419683080334" lon="7.964856527861716">
      <ele>2065.6</ele></trkpt>
      <trkpt lat="46.76418746508467" lon="7.964847037251301">
      <ele>2065.0</ele></trkpt>
      <trkpt lat="46.764172933184" lon="7.9648342235262755">
      <ele>2064.3</ele></trkpt>
      <trkpt lat="46.76415839366148" lon="7.964830874401885">
      <ele>2063.7</ele></trkpt>
      <trkpt lat="46.764150422774506" lon="7.964827131194148">
      <ele>2063.1</ele></trkpt>
      <trkpt lat="46.7641402650206" lon="7.964811872906818">
      <ele>2062.5</ele></trkpt>
      <trkpt lat="46.76412871672133" lon="7.964803604646453">
      <ele>2061.8</ele></trkpt>
      <trkpt lat="46.764104825314256" lon="7.964793618879469">
      <ele>2061.2</ele></trkpt>
      <trkpt lat="46.76409704942502" lon="7.964778789665502">
      <ele>2060.6</ele></trkpt>
      <trkpt lat="46.76408610380433" lon="7.964770527298885">
      <ele>2060.0</ele></trkpt>
      <trkpt lat="46.76407475158831" lon="7.964762653692978">
      <ele>2059.3</ele></trkpt>
      <trkpt lat="46.764058415740095" lon="7.964739166504618">
      <ele>2058.7</ele></trkpt>
      <trkpt lat="46.764046467861334" lon="7.964723903887056">
      <ele>2058.1</ele></trkpt>
      <trkpt lat="46.76403331887367" lon="7.964713564789504">
      <ele>2057.5</ele></trkpt>
      <trkpt lat="46.764020173683434" lon="7.964702401013996">
      <ele>2056.8</ele></trkpt>
      <trkpt lat="46.76399149560462" lon="7.9646652837807705">
      <ele>2056.2</ele></trkpt>
      <trkpt lat="46.763979947304456" lon="7.964649200376854">
      <ele>2055.6</ele></trkpt>
      <trkpt lat="46.76393512800988" lon="7.964595156486506">
      <ele>2055.0</ele></trkpt>
      <trkpt lat="46.76392058942232" lon="7.96457988175981">
      <ele>2054.3</ele></trkpt>
      <trkpt lat="46.76389371093404" lon="7.964556331149989">
      <ele>2053.7</ele></trkpt>
      <trkpt lat="46.763868812328646" lon="7.96452868937399">
      <ele>2053.1</ele></trkpt>
      <trkpt lat="46.76386104452588" lon="7.964517957748503">
      <ele>2052.6</ele></trkpt>
      <trkpt lat="46.76384351938758" lon="7.964502680122">
      <ele>2052.1</ele></trkpt>
      <trkpt lat="46.76382360064006" lon="7.964491476568335">
      <ele>2051.6</ele></trkpt>
      <trkpt lat="46.763813451371405" lon="7.9644860889401805">
      <ele>2051.1</ele></trkpt>
      <trkpt lat="46.763808070166924" lon="7.964478666379672">
      <ele>2050.6</ele></trkpt>
      <trkpt lat="46.763792932615466" lon="7.9644547590837895">
      <ele>2050.1</ele></trkpt>
      <trkpt lat="46.76378018172771" lon="7.964441962924152">
      <ele>2049.6</ele></trkpt>
      <trkpt lat="46.76376962673432" lon="7.964432866676464">
      <ele>2049.1</ele></trkpt>
      <trkpt lat="46.76376524492917" lon="7.964421343381913">
      <ele>2048.6</ele></trkpt>
      <trkpt lat="46.763755092326264" lon="7.964414725211745">
      <ele>2048.2</ele></trkpt>
      <trkpt lat="46.76373876273793" lon="7.964411358773905">
      <ele>2047.7</ele></trkpt>
      <trkpt lat="46.76372641389298" lon="7.964403069765426">
      <ele>2047.2</ele></trkpt>
      <trkpt lat="46.76370789166199" lon="7.964381616765724">
      <ele>2046.7</ele></trkpt>
      <trkpt lat="46.76368518690217" lon="7.9643424767267765">
      <ele>2046.2</ele></trkpt>
      <trkpt lat="46.76366088291774" lon="7.964310717380842">
      <ele>2045.7</ele></trkpt>
      <trkpt lat="46.76365092533488" lon="7.964300815378891">
      <ele>2045.2</ele></trkpt>
      <trkpt lat="46.7636373833116" lon="7.964285956338041">
      <ele>2044.7</ele></trkpt>
      <trkpt lat="46.76362562945528" lon="7.964263705399522">
      <ele>2044.2</ele></trkpt>
      <trkpt lat="46.7636150734448" lon="7.964250917627156">
      <ele>2043.7</ele></trkpt>
      <trkpt lat="46.76360093347182" lon="7.9642389327329335">
      <ele>2043.2</ele></trkpt>
      <trkpt lat="46.76358599942732" lon="7.964213797055483">
      <ele>2042.9</ele></trkpt>
      <trkpt lat="46.763573651349354" lon="7.964193608691119">
      <ele>2042.6</ele></trkpt>
      <trkpt lat="46.763564885444076" lon="7.964180825299522">
      <ele>2042.3</ele></trkpt>
      <trkpt lat="46.76354615906913" lon="7.9641548541676075">
      <ele>2042.0</ele></trkpt>
      <trkpt lat="46.76352803545524" lon="7.964136690968729">
      <ele>2041.7</ele></trkpt>
      <trkpt lat="46.76351966866819" lon="7.96412514200953">
      <ele>2041.3</ele></trkpt>
      <trkpt lat="46.76349597454821" lon="7.964109411776731">
      <ele>2041.0</ele></trkpt>
      <trkpt lat="46.76347625589452" lon="7.964087947312535">
      <ele>2040.7</ele></trkpt>
      <trkpt lat="46.76345653769588" lon="7.964064427635555">
      <ele>2040.4</ele></trkpt>
      <trkpt lat="46.76343005302382" lon="7.964041287133382">
      <ele>2040.1</ele></trkpt>
      <trkpt lat="46.763414519164435" lon="7.964027246614667">
      <ele>2039.8</ele></trkpt>
      <trkpt lat="46.76339301093443" lon="7.964011524660538">
      <ele>2039.5</ele></trkpt>
      <trkpt lat="46.76336871078189" lon="7.963994558091206">
      <ele>2039.2</ele></trkpt>
      <trkpt lat="46.76335258463963" lon="7.963982161251587">
      <ele>2038.9</ele></trkpt>
      <trkpt lat="46.76333724539263" lon="7.963966879056414">
      <ele>2038.5</ele></trkpt>
      <trkpt lat="46.763324698559366" lon="7.9639586013737516">
      <ele>2038.2</ele></trkpt>
      <trkpt lat="46.763310957583" lon="7.963940049016178">
      <ele>2037.9</ele></trkpt>
      <trkpt lat="46.76329342869393" lon="7.963925570225164">
      <ele>2037.6</ele></trkpt>
      <trkpt lat="46.76327331415445" lon="7.963904115143718">
      <ele>2037.3</ele></trkpt>
      <trkpt lat="46.763264952546336" lon="7.96389339103428">
      <ele>2037.0</ele></trkpt>
      <trkpt lat="46.76325817219053" lon="7.963875273045393">
      <ele>2035.8</ele></trkpt>
      <trkpt lat="46.76324005510058" lon="7.9638517691353155">
      <ele>2034.6</ele></trkpt>
      <trkpt lat="46.76321714732029" lon="7.963835222055104">
      <ele>2033.4</ele></trkpt>
      <trkpt lat="46.76318509028707" lon="7.963822735604536">
      <ele>2032.2</ele></trkpt>
      <trkpt lat="46.763150232680715" lon="7.9637991472636855">
      <ele>2031.0</ele></trkpt>
      <trkpt lat="46.76311697526436" lon="7.963771869903557">
      <ele>2029.8</ele></trkpt>
      <trkpt lat="46.76308909236576" lon="7.963741738804477">
      <ele>2028.6</ele></trkpt>
      <trkpt lat="46.76303884413324" lon="7.963706206114013">
      <ele>2027.4</ele></trkpt>
      <trkpt lat="46.76294930687736" lon="7.96363262951574">
      <ele>2026.2</ele></trkpt>
      <trkpt lat="46.7628585917445" lon="7.963570666070224">
      <ele>2025.0</ele></trkpt>
      <trkpt lat="46.762820993015154" lon="7.963524980769964">
      <ele>2023.8</ele></trkpt>
      <trkpt lat="46.76276680560244" lon="7.963483362315486">
      <ele>2022.6</ele></trkpt>
      <trkpt lat="46.76268425138085" lon="7.9633602808103">
      <ele>2021.4</ele></trkpt>
      <trkpt lat="46.762657541672006" lon="7.963299935706626">
      <ele>2020.2</ele></trkpt>
      <trkpt lat="46.76265540087399" lon="7.963245065849067">
      <ele>2019.0</ele></trkpt>
      <trkpt lat="46.762667504469825" lon="7.9632029668471995">
      <ele>2017.8</ele></trkpt>
      <trkpt lat="46.762653446978184" lon="7.963114233874904">
      <ele>2016.6</ele></trkpt>
      <trkpt lat="46.76259309066376" lon="7.96302510310925">
      <ele>2015.4</ele></trkpt>
      <trkpt lat="46.762533788114" lon="7.962972910893732">
      <ele>2014.2</ele></trkpt>
      <trkpt lat="46.76251103973113" lon="7.962929452040399">
      <ele>2013.0</ele></trkpt>
      <trkpt lat="46.76248591374669" lon="7.9629218640396555">
      <ele>2011.8</ele></trkpt>
      <trkpt lat="46.76244317569999" lon="7.962870854115909">
      <ele>2010.6</ele></trkpt>
      <trkpt lat="46.76239648519842" lon="7.962802932333416">
      <ele>2009.3</ele></trkpt>
      <trkpt lat="46.762369214770494" lon="7.962737293863531">
      <ele>2008.1</ele></trkpt>
      <trkpt lat="46.76233731734048" lon="7.962695880068357">
      <ele>2006.9</ele></trkpt>
      <trkpt lat="46.76232238333367" lon="7.962676544448864">
      <ele>2005.7</ele></trkpt>
      <trkpt lat="46.76232161656446" lon="7.962661325977657">
      <ele>2004.5</ele></trkpt>
      <trkpt lat="46.76231555938278" lon="7.962656122601534">
      <ele>2003.2</ele></trkpt>
      <trkpt lat="46.76229113668775" lon="7.962630529238449">
      <ele>2002.0</ele></trkpt>
      <trkpt lat="46.762274370515314" lon="7.962630156884844">
      <ele>2000.8</ele></trkpt>
      <trkpt lat="46.76226791253532" lon="7.962620158548613">
      <ele>1999.6</ele></trkpt>
      <trkpt lat="46.76226169639514" lon="7.962602543972533">
      <ele>1998.4</ele></trkpt>
      <trkpt lat="46.76224984584345" lon="7.9625797301467935">
      <ele>1997.1</ele></trkpt>
      <trkpt lat="46.762243684627485" lon="7.96255210198965">
      <ele>1995.9</ele></trkpt>
      <trkpt lat="46.76223677350815" lon="7.962501650059767">
      <ele>1994.7</ele></trkpt>
      <trkpt lat="46.762236470087615" lon="7.962475623480572">
      <ele>1993.5</ele></trkpt>
      <trkpt lat="46.762232745157284" lon="7.962464015422539">
      <ele>1992.3</ele></trkpt>
      <trkpt lat="46.762205914627614" lon="7.962463257374885">
      <ele>1991.0</ele></trkpt>
      <trkpt lat="46.762198812257516" lon="7.962456459947851">
      <ele>1989.8</ele></trkpt>
      <trkpt lat="46.762192014150344" lon="7.962428432934868">
      <ele>1988.6</ele></trkpt>
      <trkpt lat="46.76218119583755" lon="7.962410027558379">
      <ele>1987.8</ele></trkpt>
      <trkpt lat="46.76217012657091" lon="7.962401228062886">
      <ele>1987.0</ele></trkpt>
      <trkpt lat="46.76215836533658" lon="7.962404046071608">
      <ele>1986.2</ele></trkpt>
      <trkpt lat="46.76215484896142" lon="7.962394037082155">
      <ele>1985.5</ele></trkpt>
      <trkpt lat="46.7621565809028" lon="7.9623812253711055">
      <ele>1984.7</ele></trkpt>
      <trkpt lat="46.76216444356715" lon="7.962357582034962">
      <ele>1983.9</ele></trkpt>
      <trkpt lat="46.76216153848815" lon="7.962351584627823">
      <ele>1983.1</ele></trkpt>
      <trkpt lat="46.76215272434183" lon="7.962353200775256">
      <ele>1982.3</ele></trkpt>
      <trkpt lat="46.76214057867849" lon="7.962349613886598">
      <ele>1981.5</ele></trkpt>
      <trkpt lat="46.76212136556993" lon="7.962331611364972">
      <ele>1980.8</ele></trkpt>
      <trkpt lat="46.76210605283655" lon="7.962334041459162">
      <ele>1980.0</ele></trkpt>
      <trkpt lat="46.76209508391767" lon="7.962348478290319">
      <ele>1979.2</ele></trkpt>
      <trkpt lat="46.76208841350038" lon="7.962339682267942">
      <ele>1978.4</ele></trkpt>
      <trkpt lat="46.76206635514224" lon="7.9623497177766485">
      <ele>1977.6</ele></trkpt>
      <trkpt lat="46.762044772987934" lon="7.9623461439779355">
      <ele>1976.8</ele></trkpt>
      <trkpt lat="46.76200561739219" lon="7.962335802013229">
      <ele>1976.0</ele></trkpt>
      <trkpt lat="46.76199225644844" lon="7.96232259505775">
      <ele>1975.3</ele></trkpt>
      <trkpt lat="46.761964494776215" lon="7.962293409018362">
      <ele>1974.5</ele></trkpt>
      <trkpt lat="46.761953074320466" lon="7.962268989457467">
      <ele>1973.7</ele></trkpt>
      <trkpt lat="46.76194013428506" lon="7.962256192417076">
      <ele>1972.9</ele></trkpt>
      <trkpt lat="46.76193452021106" lon="7.962244592276644">
      <ele>1971.7</ele></trkpt>
      <trkpt lat="46.76192437396652" lon="7.962214975178607">
      <ele>1970.5</ele></trkpt>
      <trkpt lat="46.761919221308005" lon="7.962194949384762">
      <ele>1969.3</ele></trkpt>
      <trkpt lat="46.76191431219769" lon="7.962166927798413">
      <ele>1968.1</ele></trkpt>
      <trkpt lat="46.761890286304336" lon="7.9621489441491775">
      <ele>1966.9</ele></trkpt>
      <trkpt lat="46.76187183063902" lon="7.962150165650578">
      <ele>1965.6</ele></trkpt>
      <trkpt lat="46.761859965297205" lon="7.96213055906174">
      <ele>1964.4</ele></trkpt>
      <trkpt lat="46.76183627863762" lon="7.962081738086198">
      <ele>1963.2</ele></trkpt>
      <trkpt lat="46.76183427273451" lon="7.9620601196876795">
      <ele>1962.0</ele></trkpt>
      <trkpt lat="46.76182699464325" lon="7.962046513721161">
      <ele>1960.8</ele></trkpt>
      <trkpt lat="46.76181810042335" lon="7.962018492791744">
      <ele>1959.6</ele></trkpt>
      <trkpt lat="46.7618291851263" lon="7.961976816263609">
      <ele>1958.4</ele></trkpt>
      <trkpt lat="46.76182780509052" lon="7.961957992170344">
      <ele>1957.2</ele></trkpt>
      <trkpt lat="46.7617952161162" lon="7.961930016231552">
      <ele>1956.0</ele></trkpt>
      <trkpt lat="46.76177088991711" lon="7.961930447787905">
      <ele>1954.8</ele></trkpt>
      <trkpt lat="46.76175355092917" lon="7.961917660549736">
      <ele>1953.5</ele></trkpt>
      <trkpt lat="46.76173402315987" lon="7.961876040474211">
      <ele>1952.3</ele></trkpt>
      <trkpt lat="46.7617075006187" lon="7.961851252054051">
      <ele>1951.1</ele></trkpt>
      <trkpt lat="46.76168351155116" lon="7.961823254951597">
      <ele>1949.9</ele></trkpt>
      <trkpt lat="46.76164878426139" lon="7.9618064767398415">
      <ele>1948.7</ele></trkpt>
      <trkpt lat="46.76161553968232" lon="7.961786113126345">
      <ele>1946.6</ele></trkpt>
      <trkpt lat="46.761592588651" lon="7.961759304287952">
      <ele>1944.5</ele></trkpt>
      <trkpt lat="46.761565329644576" lon="7.9617617495412425">
      <ele>1942.3</ele></trkpt>
      <trkpt lat="46.76154609252082" lon="7.961748970174714">
      <ele>1940.2</ele></trkpt>
      <trkpt lat="46.761509344562725" lon="7.961713780750101">
      <ele>1938.1</ele></trkpt>
      <trkpt lat="46.76150103760878" lon="7.961696970930096">
      <ele>1936.0</ele></trkpt>
      <trkpt lat="46.761489754198834" lon="7.961687776910312">
      <ele>1933.8</ele></trkpt>
      <trkpt lat="46.761478935765844" lon="7.961669371922046">
      <ele>1931.7</ele></trkpt>
      <trkpt lat="46.76145884738774" lon="7.961659791444627">
      <ele>1929.6</ele></trkpt>
      <trkpt lat="46.761444316761796" lon="7.961626977471001">
      <ele>1927.5</ele></trkpt>
      <trkpt lat="46.76139850554369" lon="7.961602617497685">
      <ele>1925.3</ele></trkpt>
      <trkpt lat="46.76138706294368" lon="7.961583002211474">
      <ele>1923.2</ele></trkpt>
      <trkpt lat="46.76134651835244" lon="7.961551834134969">
      <ele>1921.1</ele></trkpt>
      <trkpt lat="46.761286067035506" lon="7.961520525456417">
      <ele>1919.0</ele></trkpt>
      <trkpt lat="46.761259650181614" lon="7.96149031913289">
      <ele>1916.8</ele></trkpt>
      <trkpt lat="46.76116442488747" lon="7.961407216286984">
      <ele>1914.7</ele></trkpt>
      <trkpt lat="46.761074870984814" lon="7.961338921216574">
      <ele>1912.6</ele></trkpt>
      <trkpt lat="46.76096143578027" lon="7.961222969699108">
      <ele>1910.5</ele></trkpt>
      <trkpt lat="46.76083874568514" lon="7.961145963441071">
      <ele>1908.3</ele></trkpt>
      <trkpt lat="46.76068580768734" lon="7.961058140172363">
      <ele>1906.2</ele></trkpt>
      <trkpt lat="46.76066282839621" lon="7.961104334621309">
      <ele>1905.0</ele></trkpt>
      <trkpt lat="46.76061204050849" lon="7.961076471485076">
      <ele>1903.8</ele></trkpt>
      <trkpt lat="46.760577844476664" lon="7.961033990565773">
      <ele>1902.6</ele></trkpt>
      <trkpt lat="46.76053499643797" lon="7.961030447020453">
      <ele>1901.4</ele></trkpt>
      <trkpt lat="46.760509548813694" lon="7.961012516017926">
      <ele>1900.2</ele></trkpt>
      <trkpt lat="46.76049722183837" lon="7.960995458242489">
      <ele>1899.0</ele></trkpt>
      <trkpt lat="46.76047753799267" lon="7.960983957889604">
      <ele>1897.8</ele></trkpt>
      <trkpt lat="46.760441096742284" lon="7.960952464013859">
      <ele>1896.6</ele></trkpt>
      <trkpt lat="46.76041756145256" lon="7.960929446533033">
      <ele>1895.4</ele></trkpt>
      <trkpt lat="46.76035623538473" lon="7.960898575678702">
      <ele>1894.2</ele></trkpt>
      <trkpt lat="46.76028784435058" lon="7.960850737442603">
      <ele>1893.1</ele></trkpt>
      <trkpt lat="46.76026042005331" lon="7.960836217015316">
      <ele>1891.9</ele></trkpt>
      <trkpt lat="46.760237235720105" lon="7.960805296778702">
      <ele>1890.7</ele></trkpt>
      <trkpt lat="46.76017511094643" lon="7.9607425184579945">
      <ele>1889.5</ele></trkpt>
      <trkpt lat="46.76012888327836" lon="7.960710825466781">
      <ele>1888.3</ele></trkpt>
      <trkpt lat="46.7600343112478" lon="7.960661804873376">
      <ele>1887.1</ele></trkpt>
      <trkpt lat="46.760007495100346" lon="7.960661833281481">
      <ele>1885.9</ele></trkpt>
      <trkpt lat="46.75996711349784" lon="7.960653994307514">
      <ele>1884.7</ele></trkpt>
      <trkpt lat="46.75994581866835" lon="7.960640685297103">
      <ele>1883.5</ele></trkpt>
      <trkpt lat="46.759892631659824" lon="7.960588583643106">
      <ele>1882.3</ele></trkpt>
      <trkpt lat="46.75981850893839" lon="7.960513477116101">
      <ele>1883.1</ele></trkpt>
      <trkpt lat="46.75976961058503" lon="7.960497296231018">
      <ele>1884.0</ele></trkpt>
      <trkpt lat="46.759716198324114" lon="7.960468885146459">
      <ele>1884.8</ele></trkpt>
      <trkpt lat="46.75967756280975" lon="7.9604470572381985">
      <ele>1885.6</ele></trkpt>
      <trkpt lat="46.75964354291825" lon="7.9603915679725725">
      <ele>1886.5</ele></trkpt>
      <trkpt lat="46.75961398686631" lon="7.9603769880607125">
      <ele>1887.3</ele></trkpt>
      <trkpt lat="46.759577692691124" lon="7.960325076575894">
      <ele>1888.1</ele></trkpt>
      <trkpt lat="46.7595179126667" lon="7.960255044386516">
      <ele>1888.9</ele></trkpt>
      <trkpt lat="46.759495303682186" lon="7.960186746236523">
      <ele>1889.8</ele></trkpt>
      <trkpt lat="46.75943336244571" lon="7.9600600543874815">
      <ele>1890.6</ele></trkpt>
      <trkpt lat="46.759394757168806" lon="7.960021734201174">
      <ele>1891.4</ele></trkpt>
      <trkpt lat="46.75939030049148" lon="7.959977251705524">
      <ele>1892.3</ele></trkpt>
      <trkpt lat="46.759370274477035" lon="7.959944124536373">
      <ele>1893.1</ele></trkpt>
      <trkpt lat="46.7592862371804" lon="7.959865284885756">
      <ele>1893.9</ele></trkpt>
      <trkpt lat="46.759259346998846" lon="7.959849998104082">
      <ele>1894.8</ele></trkpt>
      <trkpt lat="46.75924270652769" lon="7.9598240507170255">
      <ele>1895.6</ele></trkpt>
      <trkpt lat="46.75923670498056" lon="7.959788886339677">
      <ele>1896.4</ele></trkpt>
      <trkpt lat="46.75924281770891" lon="7.959768145988846">
      <ele>1897.2</ele></trkpt>
      <trkpt lat="46.75920278942698" lon="7.959686799912201">
      <ele>1898.1</ele></trkpt>
      <trkpt lat="46.75915819549877" lon="7.959610449352569">
      <ele>1898.9</ele></trkpt>
      <trkpt lat="46.75910373293587" lon="7.959536150297361">
      <ele>1900.4</ele></trkpt>
      <trkpt lat="46.75907646649962" lon="7.9595165667132965">
      <ele>1901.9</ele></trkpt>
      <trkpt lat="46.75904094388749" lon="7.959461077235239">
      <ele>1903.4</ele></trkpt>
      <trkpt lat="46.759023931190626" lon="7.959427966482254">
      <ele>1904.9</ele></trkpt>
      <trkpt lat="46.758997414674226" lon="7.9594155502172645">
      <ele>1906.4</ele></trkpt>
      <trkpt lat="46.75896903032434" lon="7.959386636170803">
      <ele>1907.8</ele></trkpt>
      <trkpt lat="46.758961566384365" lon="7.95932493845475">
      <ele>1909.3</ele></trkpt>
      <trkpt lat="46.7589399866682" lon="7.959308970288889">
      <ele>1910.8</ele></trkpt>
      <trkpt lat="46.75890524076389" lon="7.95923699575901">
      <ele>1912.3</ele></trkpt>
      <trkpt lat="46.75888218398356" lon="7.959201680136833">
      <ele>1913.8</ele></trkpt>
      <trkpt lat="46.75886560697697" lon="7.959149934269671">
      <ele>1915.3</ele></trkpt>
      <trkpt lat="46.7588550593999" lon="7.959115433177926">
      <ele>1916.8</ele></trkpt>
      <trkpt lat="46.7588445476313" lon="7.959057279663126">
      <ele>1918.3</ele></trkpt>
      <trkpt lat="46.75886239589828" lon="7.959053132344682">
      <ele>1919.8</ele></trkpt>
      <trkpt lat="46.758843500640914" lon="7.959018563818258">
      <ele>1921.2</ele></trkpt>
      <trkpt lat="46.758829961510116" lon="7.958965407506371">
      <ele>1922.7</ele></trkpt>
      <trkpt lat="46.75882215053795" lon="7.958885054088804">
      <ele>1924.2</ele></trkpt>
      <trkpt lat="46.75883502860178" lon="7.958893765046039">
      <ele>1925.7</ele></trkpt>
      <trkpt lat="46.758855709530096" lon="7.958795033852667">
      <ele>1927.2</ele></trkpt>
      <trkpt lat="46.75884322643432" lon="7.958780580421273">
      <ele>1928.7</ele></trkpt>
      <trkpt lat="46.758836890729505" lon="7.958723907105585">
      <ele>1929.2</ele></trkpt>
      <trkpt lat="46.75881659401765" lon="7.958635566524413">
      <ele>1929.7</ele></trkpt>
      <trkpt lat="46.75878649369534" lon="7.958519185385597">
      <ele>1930.3</ele></trkpt>
      <trkpt lat="46.7587851182388" lon="7.958451800389052">
      <ele>1930.8</ele></trkpt>
      <trkpt lat="46.75874775726754" lon="7.958363308643724">
      <ele>1931.3</ele></trkpt>
      <trkpt lat="46.75874289194767" lon="7.958327435781914">
      <ele>1931.8</ele></trkpt>
      <trkpt lat="46.75871304077153" lon="7.958274855590769">
      <ele>1932.3</ele></trkpt>
      <trkpt lat="46.758680520558556" lon="7.958231569461333">
      <ele>1932.9</ele></trkpt>
      <trkpt lat="46.75865258106957" lon="7.95816610156969">
      <ele>1933.4</ele></trkpt>
      <trkpt lat="46.758629941563385" lon="7.958112151177117">
      <ele>1933.9</ele></trkpt>
      <trkpt lat="46.758637692660116" lon="7.958029775204109">
      <ele>1934.4</ele></trkpt>
      <trkpt lat="46.75863138598564" lon="7.957966636273706">
      <ele>1934.9</ele></trkpt>
      <trkpt lat="46.75861333514737" lon="7.957884771052777">
      <ele>1935.5</ele></trkpt>
      <trkpt lat="46.758610591514056" lon="7.957744268416903">
      <ele>1936.0</ele></trkpt>
      <trkpt lat="46.75862623927392" lon="7.957697794314658">
      <ele>1936.5</ele></trkpt>
      <trkpt lat="46.758614177544395" lon="7.95766185234003">
      <ele>1937.0</ele></trkpt>
      <trkpt lat="46.75858622236598" lon="7.957605704376452">
      <ele>1937.5</ele></trkpt>
      <trkpt lat="46.75859006532329" lon="7.957583528529456">
      <ele>1938.1</ele></trkpt>
      <trkpt lat="46.758586685267595" lon="7.957569163039976">
      <ele>1938.6</ele></trkpt>
      <trkpt lat="46.75856393598172" lon="7.957561090471369">
      <ele>1939.1</ele></trkpt>
      <trkpt lat="46.75854428969711" lon="7.957529368939122">
      <ele>1940.2</ele></trkpt>
      <trkpt lat="46.75854548464271" lon="7.957499994605966">
      <ele>1941.3</ele></trkpt>
      <trkpt lat="46.75853684507313" lon="7.9574612190605665">
      <ele>1942.5</ele></trkpt>
      <trkpt lat="46.75852255848181" lon="7.95740016332035">
      <ele>1943.6</ele></trkpt>
      <trkpt lat="46.75853554665831" lon="7.957352969874703">
      <ele>1944.7</ele></trkpt>
      <trkpt lat="46.7585226830636" lon="7.9573370864550315">
      <ele>1945.8</ele></trkpt>
      <trkpt lat="46.75851023291755" lon="7.957305434234696">
      <ele>1947.0</ele></trkpt>
      <trkpt lat="46.758484249095766" lon="7.957211319963501">
      <ele>1948.1</ele></trkpt>
      <trkpt lat="46.75846685488048" lon="7.957186806360365">
      <ele>1949.2</ele></trkpt>
      <trkpt lat="46.75845519190225" lon="7.957142255593748">
      <ele>1950.3</ele></trkpt>
      <trkpt lat="46.758447426656964" lon="7.957047583611695">
      <ele>1951.5</ele></trkpt>
      <trkpt lat="46.75845855786509" lon="7.956977426521007">
      <ele>1952.6</ele></trkpt>
      <trkpt lat="46.75847621708836" lon="7.956872200079299">
      <ele>1953.7</ele></trkpt>
      <trkpt lat="46.75848431443765" lon="7.956808479951426">
      <ele>1954.8</ele></trkpt>
      <trkpt lat="46.7585022401381" lon="7.956763454323703">
      <ele>1956.0</ele></trkpt>
      <trkpt lat="46.75852625988274" lon="7.956697714247806">
      <ele>1957.1</ele></trkpt>
      <trkpt lat="46.758509235343425" lon="7.956678937520867">
      <ele>1958.2</ele></trkpt>
      <trkpt lat="46.75851764660433" lon="7.956643166314101">
      <ele>1959.3</ele></trkpt>
      <trkpt lat="46.75852947456864" lon="7.9566117212507095">
      <ele>1960.5</ele></trkpt>
      <trkpt lat="46.75851661333615" lon="7.956597277872692">
      <ele>1961.6</ele></trkpt>
      <trkpt lat="46.75852918783434" lon="7.956565853058638">
      <ele>1965.1</ele></trkpt>
      <trkpt lat="46.75851783459302" lon="7.956552131003154">
      <ele>1968.6</ele></trkpt>
      <trkpt lat="46.75852170321216" lon="7.956516316151048">
      <ele>1972.1</ele></trkpt>
      <trkpt lat="46.75851421271864" lon="7.9564660854603675">
      <ele>1975.7</ele></trkpt>
      <trkpt lat="46.75851881764314" lon="7.956442463950798">
      <ele>1979.2</ele></trkpt>
      <trkpt lat="46.758505631590545" lon="7.956396485023053">
      <ele>1982.7</ele></trkpt>
      <trkpt lat="46.7585307485358" lon="7.956356554622839">
      <ele>1986.2</ele></trkpt>
      <trkpt lat="46.75851865013433" lon="7.956338532119184">
      <ele>1989.7</ele></trkpt>
      <trkpt lat="46.7585099939142" lon="7.956303343131505">
      <ele>1993.2</ele></trkpt>
      <trkpt lat="46.758556821517004" lon="7.956214849737496">
      <ele>1996.8</ele></trkpt>
      <trkpt lat="46.75857230814967" lon="7.9560608568608995">
      <ele>2000.3</ele></trkpt>
      <trkpt lat="46.758601933178724" lon="7.956042462410585">
      <ele>2003.8</ele></trkpt>
      <trkpt lat="46.758666703288306" lon="7.955893196107066">
      <ele>2007.3</ele></trkpt>
      <trkpt lat="46.75866414052593" lon="7.955847292888229">
      <ele>2010.8</ele></trkpt>
      <trkpt lat="46.75868093534635" lon="7.9557936692465">
      <ele>2014.3</ele></trkpt>
      <trkpt lat="46.75868107123634" lon="7.955729885476911">
      <ele>2017.8</ele></trkpt>
      <trkpt lat="46.75869757719536" lon="7.955626793825069">
      <ele>2021.4</ele></trkpt>
      <trkpt lat="46.75874398310785" lon="7.955559801551942">
      <ele>2024.9</ele></trkpt>
      <trkpt lat="46.75875209595542" lon="7.955492494541989">
      <ele>2028.4</ele></trkpt>
      <trkpt lat="46.75870794163937" lon="7.9554774111587285">
      <ele>2031.9</ele></trkpt>
      <trkpt lat="46.758654001900645" lon="7.955491737717016">
      <ele>2029.8</ele></trkpt>
      <trkpt lat="46.75865864213367" lon="7.955422499559489">
      <ele>2027.7</ele></trkpt>
      <trkpt lat="46.758686215225154" lon="7.95537844276112">
      <ele>2025.5</ele></trkpt>
      <trkpt lat="46.758707504318096" lon="7.955279821063316">
      <ele>2023.4</ele></trkpt>
      <trkpt lat="46.75870869673112" lon="7.955223037173097">
      <ele>2021.3</ele></trkpt>
      <trkpt lat="46.75868293390492" lon="7.955159240944383">
      <ele>2019.2</ele></trkpt>
      <trkpt lat="46.758604991451264" lon="7.9550428097495285">
      <ele>2017.1</ele></trkpt>
      <trkpt lat="46.758553973583616" lon="7.95498789529221">
      <ele>2014.9</ele></trkpt>
      <trkpt lat="46.758433569483536" lon="7.954901765981919">
      <ele>2012.8</ele></trkpt>
      <trkpt lat="46.758358445469376" lon="7.954860286445656">
      <ele>2010.7</ele></trkpt>
      <trkpt lat="46.75820138978745" lon="7.954685296657175">
      <ele>2008.6</ele></trkpt>
      <trkpt lat="46.75809193472976" lon="7.954531117124686">
      <ele>2006.5</ele></trkpt>
      <trkpt lat="46.75795262037112" lon="7.954399414995543">
      <ele>2004.3</ele></trkpt>
      <trkpt lat="46.75785001727163" lon="7.954297554686415">
      <ele>2002.2</ele></trkpt>
      <trkpt lat="46.75780990509676" lon="7.954227955085806">
      <ele>2000.1</ele></trkpt>
      <trkpt lat="46.75775576664919" lon="7.954154818310674">
      <ele>1998.0</ele></trkpt>
      <trkpt lat="46.75765671795088" lon="7.954012795761906">
      <ele>1995.9</ele></trkpt>
      <trkpt lat="46.75759127121187" lon="7.953877992761154">
      <ele>1993.7</ele></trkpt>
      <trkpt lat="46.75750502545526" lon="7.953711485738101">
      <ele>1991.6</ele></trkpt>
      <trkpt lat="46.75742146529318" lon="7.953543839952644">
      <ele>1989.5</ele></trkpt>
      <trkpt lat="46.757338508858716" lon="7.95338389687646">
      <ele>1989.0</ele></trkpt>
      <trkpt lat="46.757252942462365" lon="7.953236154647519">
      <ele>1988.5</ele></trkpt>
      <trkpt lat="46.75718344923676" lon="7.95313674725944">
      <ele>1988.0</ele></trkpt>
      <trkpt lat="46.75713606502907" lon="7.953097734721884">
      <ele>1987.5</ele></trkpt>
      <trkpt lat="46.75708638040447" lon="7.953042194959663">
      <ele>1987.0</ele></trkpt>
      <trkpt lat="46.7570047933808" lon="7.952917594132805">
      <ele>1986.5</ele></trkpt>
      <trkpt lat="46.756971784550686" lon="7.95284852249885">
      <ele>1986.0</ele></trkpt>
      <trkpt lat="46.75692026287616" lon="7.952765413159148">
      <ele>1985.5</ele></trkpt>
      <trkpt lat="46.75682967699358" lon="7.9526674420964305">
      <ele>1985.0</ele></trkpt>
      <trkpt lat="46.756788837359736" lon="7.952565377320983">
      <ele>1984.5</ele></trkpt>
      <trkpt lat="46.75673250866765" lon="7.952488963578525">
      <ele>1984.0</ele></trkpt>
      <trkpt lat="46.75665402028077" lon="7.952417299631667">
      <ele>1983.5</ele></trkpt>
      <trkpt lat="46.75661156300654" lon="7.952384827177004">
      <ele>1983.0</ele></trkpt>
      <trkpt lat="46.7564886726035" lon="7.952379036194112">
      <ele>1982.5</ele></trkpt>
      <trkpt lat="46.756426002066135" lon="7.952322575657486">
      <ele>1982.0</ele></trkpt>
      <trkpt lat="46.75638176287695" lon="7.952270269811249">
      <ele>1981.5</ele></trkpt>
      <trkpt lat="46.75631323495577" lon="7.952226070401496">
      <ele>1981.0</ele></trkpt>
      <trkpt lat="46.75626612139584" lon="7.952152808228956">
      <ele>1980.5</ele></trkpt>
      <trkpt lat="46.75614015686975" lon="7.95209846811414">
      <ele>1980.0</ele></trkpt>
      <trkpt lat="46.75605845461667" lon="7.952031290585296">
      <ele>1979.5</ele></trkpt>
      <trkpt lat="46.75594955612957" lon="7.951944626942441">
      <ele>1977.4</ele></trkpt>
      <trkpt lat="46.75588926616517" lon="7.951916867704136">
      <ele>1975.2</ele></trkpt>
      <trkpt lat="46.7558391274147" lon="7.951870174022357">
      <ele>1973.1</ele></trkpt>
      <trkpt lat="46.75581556578323" lon="7.951764532719395">
      <ele>1970.9</ele></trkpt>
      <trkpt lat="46.75576537582611" lon="7.951711202747394">
      <ele>1968.8</ele></trkpt>
      <trkpt lat="46.75571123975222" lon="7.951639183854066">
      <ele>1966.7</ele></trkpt>
      <trkpt lat="46.75561098887043" lon="7.951481728286287">
      <ele>1964.5</ele></trkpt>
      <trkpt lat="46.75551584780211" lon="7.951356219074731">
      <ele>1962.4</ele></trkpt>
      <trkpt lat="46.755460819806466" lon="7.951308498113343">
      <ele>1960.2</ele></trkpt>
      <trkpt lat="46.755370210667024" lon="7.951209419402081">
      <ele>1958.1</ele></trkpt>
      <trkpt lat="46.75530022706742" lon="7.951116662493547">
      <ele>1956.0</ele></trkpt>
      <trkpt lat="46.75527418652082" lon="7.951108234654569">
      <ele>1953.8</ele></trkpt>
      <trkpt lat="46.755183152858464" lon="7.951023536999482">
      <ele>1951.7</ele></trkpt>
      <trkpt lat="46.75512059306998" lon="7.950980339233291">
      <ele>1949.5</ele></trkpt>
      <trkpt lat="46.755038572491465" lon="7.950941864946927">
      <ele>1947.4</ele></trkpt>
      <trkpt lat="46.75492598931267" lon="7.950800080363602">
      <ele>1945.3</ele></trkpt>
      <trkpt lat="46.7548643974737" lon="7.950743620458525">
      <ele>1943.1</ele></trkpt>
      <trkpt lat="46.754819839892264" lon="7.9507200306734696">
      <ele>1941.0</ele></trkpt>
      <trkpt lat="46.754766044963134" lon="7.950692164899634">
      <ele>1938.8</ele></trkpt>
      <trkpt lat="46.75467977436401" lon="7.9506626035012955">
      <ele>1936.7</ele></trkpt>
      <trkpt lat="46.75460629750504" lon="7.950608531099854">
      <ele>1936.2</ele></trkpt>
      <trkpt lat="46.75453497158307" lon="7.950552228043059">
      <ele>1935.7</ele></trkpt>
      <trkpt lat="46.75447795797059" lon="7.950387479082669">
      <ele>1935.2</ele></trkpt>
      <trkpt lat="46.75442964798098" lon="7.950299903994903">
      <ele>1934.7</ele></trkpt>
      <trkpt lat="46.75436999275578" lon="7.950214708260465">
      <ele>1934.2</ele></trkpt>
      <trkpt lat="46.754322162261964" lon="7.95018674273155">
      <ele>1933.7</ele></trkpt>
      <trkpt lat="46.754282938917335" lon="7.95015312615514">
      <ele>1933.2</ele></trkpt>
      <trkpt lat="46.75426759617632" lon="7.950130180639426">
      <ele>1932.7</ele></trkpt>
      <trkpt lat="46.75421636862828" lon="7.949804134036378">
      <ele>1932.2</ele></trkpt>
      <trkpt lat="46.75419221541772" lon="7.94962120427643">
      <ele>1931.8</ele></trkpt>
      <trkpt lat="46.75416226588672" lon="7.949320241098167">
      <ele>1931.3</ele></trkpt>
      <trkpt lat="46.75415057877106" lon="7.949209991717631">
      <ele>1930.8</ele></trkpt>
      <trkpt lat="46.754131950981915" lon="7.94911090652543">
      <ele>1930.3</ele></trkpt>
      <trkpt lat="46.75408093303558" lon="7.949021161036141">
      <ele>1929.8</ele></trkpt>
      <trkpt lat="46.75404743336833" lon="7.948958739794571">
      <ele>1929.3</ele></trkpt>
      <trkpt lat="46.7540450729158" lon="7.9488649263104">
      <ele>1928.8</ele></trkpt>
      <trkpt lat="46.75403742961505" lon="7.948856202605571">
      <ele>1928.3</ele></trkpt>
      <trkpt lat="46.75402141480154" lon="7.948814495604343">
      <ele>1927.8</ele></trkpt>
      <trkpt lat="46.75404228031183" lon="7.948714789560627">
      <ele>1927.3</ele></trkpt>
      <trkpt lat="46.754039628620625" lon="7.94865190112294">
      <ele>1926.8</ele></trkpt>
      <trkpt lat="46.754037778226326" lon="7.948484090944315">
      <ele>1926.0</ele></trkpt>
      <trkpt lat="46.75400031546798" lon="7.94839854479411">
      <ele>1925.1</ele></trkpt>
      <trkpt lat="46.753930706208735" lon="7.948285903191728">
      <ele>1924.3</ele></trkpt>
      <trkpt lat="46.75389027383593" lon="7.948236845698476">
      <ele>1923.5</ele></trkpt>
      <trkpt lat="46.75380167221793" lon="7.948185226002598">
      <ele>1922.7</ele></trkpt>
      <trkpt lat="46.75371212720833" lon="7.9481535048287">
      <ele>1921.8</ele></trkpt>
      <trkpt lat="46.753582326007525" lon="7.948093708786384">
      <ele>1921.0</ele></trkpt>
      <trkpt lat="46.753476363221935" lon="7.948037946838103">
      <ele>1920.2</ele></trkpt>
      <trkpt lat="46.75329381207564" lon="7.948014326266859">
      <ele>1919.4</ele></trkpt>
      <trkpt lat="46.75322227885211" lon="7.948002198585915">
      <ele>1918.5</ele></trkpt>
      <trkpt lat="46.75318932291279" lon="7.948009347607293">
      <ele>1917.7</ele></trkpt>
      <trkpt lat="46.75311395985006" lon="7.947990652813628">
      <ele>1916.9</ele></trkpt>
      <trkpt lat="46.75301594077796" lon="7.947981141390621">
      <ele>1916.1</ele></trkpt>
      <trkpt lat="46.75294806687597" lon="7.947951287835993">
      <ele>1915.2</ele></trkpt>
      <trkpt lat="46.75289094198766" lon="7.947913539036064">
      <ele>1914.4</ele></trkpt>
      <trkpt lat="46.752830994148376" lon="7.947859272709773">
      <ele>1913.6</ele></trkpt>
      <trkpt lat="46.75277714304636" lon="7.947823675257983">
      <ele>1912.8</ele></trkpt>
      <trkpt lat="46.7526664969352" lon="7.947722729889707">
      <ele>1912.0</ele></trkpt>
      <trkpt lat="46.752587513091626" lon="7.947656609858182">
      <ele>1911.1</ele></trkpt>
      <trkpt lat="46.752464262512575" lon="7.947533780969912">
      <ele>1910.3</ele></trkpt>
      <trkpt lat="46.75239950716826" lon="7.947488409216479">
      <ele>1912.0</ele></trkpt>
      <trkpt lat="46.75235201804671" lon="7.947436172220502">
      <ele>1913.8</ele></trkpt>
      <trkpt lat="46.752295085728406" lon="7.947353141968626">
      <ele>1915.5</ele></trkpt>
      <trkpt lat="46.752256041159896" lon="7.947273146825479">
      <ele>1917.3</ele></trkpt>
      <trkpt lat="46.75217699249351" lon="7.947199305485985">
      <ele>1919.0</ele></trkpt>
      <trkpt lat="46.752143500818654" lon="7.947136887664278">
      <ele>1920.7</ele></trkpt>
      <trkpt lat="46.7521163501889" lon="7.947125166718787">
      <ele>1922.5</ele></trkpt>
      <trkpt lat="46.75206609757734" lon="7.947065221688138">
      <ele>1924.2</ele></trkpt>
      <trkpt lat="46.752020372797354" lon="7.946962155676808">
      <ele>1926.0</ele></trkpt>
      <trkpt lat="46.75202033330422" lon="7.946888169624376">
      <ele>1927.7</ele></trkpt>
      <trkpt lat="46.75197451443947" lon="7.9467718449736235">
      <ele>1929.4</ele></trkpt>
      <trkpt lat="46.751944663613585" lon="7.946691714833705">
      <ele>1931.2</ele></trkpt>
      <trkpt lat="46.75191295356707" lon="7.946651367379865">
      <ele>1932.9</ele></trkpt>
      <trkpt lat="46.75190455486189" lon="7.946545486237048">
      <ele>1934.7</ele></trkpt>
      <trkpt lat="46.75186476934794" lon="7.946508583488842">
      <ele>1936.4</ele></trkpt>
      <trkpt lat="46.75185098008481" lon="7.946407206280352">
      <ele>1938.1</ele></trkpt>
      <trkpt lat="46.75184303087988" lon="7.946289197123038">
      <ele>1939.9</ele></trkpt>
      <trkpt lat="46.75180907576615" lon="7.946237835095379">
      <ele>1941.6</ele></trkpt>
      <trkpt lat="46.75177827832596" lon="7.946174278838408">
      <ele>1943.4</ele></trkpt>
      <trkpt lat="46.75174821362796" lon="7.946136106781615">
      <ele>1945.1</ele></trkpt>
      <trkpt lat="46.75174212642415" lon="7.945981613552486">
      <ele>1945.9</ele></trkpt>
      <trkpt lat="46.751697444468135" lon="7.945870379031111">
      <ele>1946.6</ele></trkpt>
      <trkpt lat="46.75168731483121" lon="7.9458522749897345">
      <ele>1947.4</ele></trkpt>
      <trkpt lat="46.751641774824506" lon="7.945826862207094">
      <ele>1948.1</ele></trkpt>
      <trkpt lat="46.751615118972865" lon="7.945815107420363">
      <ele>1948.9</ele></trkpt>
      <trkpt lat="46.751581990595355" lon="7.9457942743247845">
      <ele>1949.7</ele></trkpt>
      <trkpt lat="46.751569150837526" lon="7.9457645621966355">
      <ele>1950.4</ele></trkpt>
      <trkpt lat="46.75155319856878" lon="7.945692311819919">
      <ele>1951.2</ele></trkpt>
      <trkpt lat="46.75155210300919" lon="7.945631103219155">
      <ele>1951.9</ele></trkpt>
      <trkpt lat="46.751522212170165" lon="7.9455091455559295">
      <ele>1952.7</ele></trkpt>
      <trkpt lat="46.75149298579184" lon="7.945423918446829">
      <ele>1953.5</ele></trkpt>
      <trkpt lat="46.751465102815786" lon="7.945325825729153">
      <ele>1954.2</ele></trkpt>
      <trkpt lat="46.751449703328404" lon="7.945303287980902">
      <ele>1955.0</ele></trkpt>
      <trkpt lat="46.751438486374504" lon="7.9452686833918005">
      <ele>1955.7</ele></trkpt>
      <trkpt lat="46.75141791973518" lon="7.9452003294068">
      <ele>1956.5</ele></trkpt>
      <trkpt lat="46.75140642730692" lon="7.945175093073639">
      <ele>1957.3</ele></trkpt>
      <trkpt lat="46.751381598086034" lon="7.945092224140568">
      <ele>1958.0</ele></trkpt>
      <trkpt lat="46.75137444755947" lon="7.945071714010595">
      <ele>1958.8</ele></trkpt>
      <trkpt lat="46.751354587305784" lon="7.945022553379183">
      <ele>1959.5</ele></trkpt>
      <trkpt lat="46.75132729966384" lon="7.944960536388387">
      <ele>1960.3</ele></trkpt>
      <trkpt lat="46.7513171889602" lon="7.944917841054369">
      <ele>1959.5</ele></trkpt>
      <trkpt lat="46.75129942691389" lon="7.944866135038278">
      <ele>1958.7</ele></trkpt>
      <trkpt lat="46.75129238056921" lon="7.944803850065256">
      <ele>1958.0</ele></trkpt>
      <trkpt lat="46.75128206860042" lon="7.944759870307657">
      <ele>1957.2</ele></trkpt>
      <trkpt lat="46.751272968824445" lon="7.9446920300162525">
      <ele>1956.4</ele></trkpt>
      <trkpt lat="46.75127049097378" lon="7.9446604654678925">
      <ele>1955.6</ele></trkpt>
      <trkpt lat="46.7512590136475" lon="7.944605402652225">
      <ele>1954.8</ele></trkpt>
      <trkpt lat="46.75126085364743" lon="7.94458196679913">
      <ele>1954.1</ele></trkpt>
      <trkpt lat="46.751251498097275" lon="7.9445495001445625">
      <ele>1953.3</ele></trkpt>
      <trkpt lat="46.751248019271465" lon="7.944512390142969">
      <ele>1952.5</ele></trkpt>
      <trkpt lat="46.75124148171933" lon="7.94449360037491">
      <ele>1951.7</ele></trkpt>
      <trkpt lat="46.75123848087894" lon="7.944476518999789">
      <ele>1950.9</ele></trkpt>
      <trkpt lat="46.751228917048294" lon="7.944415925028652">
      <ele>1950.2</ele></trkpt>
      <trkpt lat="46.75122026205548" lon="7.944345105046619">
      <ele>1949.4</ele></trkpt>
      <trkpt lat="46.75121100037043" lon="7.944327991165928">
      <ele>1948.6</ele></trkpt>
      <trkpt lat="46.751191804629805" lon="7.944242453501967">
      <ele>1947.8</ele></trkpt>
      <trkpt lat="46.75117124593692" lon="7.9441863896067115">
      <ele>1947.0</ele></trkpt>
      <trkpt lat="46.751142559549415" lon="7.944129333451209">
      <ele>1946.3</ele></trkpt>
      <trkpt lat="46.75111141859868" lon="7.944088247449792">
      <ele>1945.5</ele></trkpt>
      <trkpt lat="46.75110095481096" lon="7.944070376388808">
      <ele>1944.7</ele></trkpt>
      <trkpt lat="46.751093590173646" lon="7.9440412920966805">
      <ele>1944.0</ele></trkpt>
      <trkpt lat="46.751077493376926" lon="7.9440177144167485">
      <ele>1943.3</ele></trkpt>
      <trkpt lat="46.75106091846882" lon="7.943972079622785">
      <ele>1942.5</ele></trkpt>
      <trkpt lat="46.751059425414994" lon="7.943957800123905">
      <ele>1941.8</ele></trkpt>
      <trkpt lat="46.751058330450135" lon="7.943934873435207">
      <ele>1941.1</ele></trkpt>
      <trkpt lat="46.75105036079857" lon="7.943914434436176">
      <ele>1940.4</ele></trkpt>
      <trkpt lat="46.75104446038143" lon="7.9438858088873054">
      <ele>1939.7</ele></trkpt>
      <trkpt lat="46.751032104116376" lon="7.943860564920612">
      <ele>1938.9</ele></trkpt>
      <trkpt lat="46.751018918428215" lon="7.943835732000912">
      <ele>1938.2</ele></trkpt>
      <trkpt lat="46.75100341030115" lon="7.943797017562354">
      <ele>1937.5</ele></trkpt>
      <trkpt lat="46.75099062397251" lon="7.943765278154406">
      <ele>1936.8</ele></trkpt>
      <trkpt lat="46.75098497352423" lon="7.943757411938789">
      <ele>1936.1</ele></trkpt>
      <trkpt lat="46.750982810365265" lon="7.943725824375908">
      <ele>1935.3</ele></trkpt>
      <trkpt lat="46.75097994371973" lon="7.9436600715785675">
      <ele>1934.6</ele></trkpt>
      <trkpt lat="46.750986763192806" lon="7.943552084143994">
      <ele>1933.9</ele></trkpt>
      <trkpt lat="46.75098995687773" lon="7.9434950651572835">
      <ele>1933.2</ele></trkpt>
      <trkpt lat="46.75099240072141" lon="7.943471320934252">
      <ele>1932.5</ele></trkpt>
      <trkpt lat="46.750990040394896" lon="7.943443618553459">
      <ele>1931.7</ele></trkpt>
      <trkpt lat="46.750985546221926" lon="7.943395989956844">
      <ele>1931.0</ele></trkpt>
      <trkpt lat="46.75098380383171" lon="7.943364838237226">
      <ele>1930.3</ele></trkpt>
      <trkpt lat="46.75097852062366" lon="7.943334935974852">
      <ele>1929.8</ele></trkpt>
      <trkpt lat="46.75095741588883" lon="7.943308694182112">
      <ele>1929.2</ele></trkpt>
      <trkpt lat="46.750942767726784" lon="7.943282970881474">
      <ele>1928.7</ele></trkpt>
      <trkpt lat="46.75093165055822" lon="7.943252111028666">
      <ele>1928.2</ele></trkpt>
      <trkpt lat="46.75092617487128" lon="7.9432291172544796">
      <ele>1927.7</ele></trkpt>
      <trkpt lat="46.750916068435" lon="7.9431853101634475">
      <ele>1927.1</ele></trkpt>
      <trkpt lat="46.75089719291603" lon="7.943137049817955">
      <ele>1926.6</ele></trkpt>
      <trkpt lat="46.75088774359084" lon="7.9431053549271775">
      <ele>1926.1</ele></trkpt>
      <trkpt lat="46.75088560315353" lon="7.9430828373557505">
      <ele>1925.6</ele></trkpt>
      <trkpt lat="46.75087156170525" lon="7.9430480501330045">
      <ele>1925.0</ele></trkpt>
      <trkpt lat="46.75086546612527" lon="7.943028937619309">
      <ele>1924.5</ele></trkpt>
      <trkpt lat="46.750859585063594" lon="7.943008099555887">
      <ele>1924.0</ele></trkpt>
      <trkpt lat="46.750859740192666" lon="7.942985197749325">
      <ele>1923.5</ele></trkpt>
      <trkpt lat="46.75084880179966" lon="7.942944393122336">
      <ele>1923.0</ele></trkpt>
      <trkpt lat="46.75084019492947" lon="7.942917470045866">
      <ele>1922.4</ele></trkpt>
      <trkpt lat="46.750835752804846" lon="7.942890598999306">
      <ele>1921.9</ele></trkpt>
      <trkpt lat="46.75082108299628" lon="7.942857533544254">
      <ele>1921.4</ele></trkpt>
      <trkpt lat="46.750819375111135" lon="7.942838907061155">
      <ele>1920.8</ele></trkpt>
      <trkpt lat="46.75080888498777" lon="7.942810657657542">
      <ele>1920.3</ele></trkpt>
      <trkpt lat="46.750796296046445" lon="7.942772860905054">
      <ele>1919.8</ele></trkpt>
      <trkpt lat="46.750780381043384" lon="7.942740647648151">
      <ele>1919.3</ele></trkpt>
      <trkpt lat="46.750764665058796" lon="7.942704104290422">
      <ele>1918.8</ele></trkpt>
      <trkpt lat="46.75074577354699" lon="7.942647193232416">
      <ele>1918.4</ele></trkpt>
      <trkpt lat="46.75072776570248" lon="7.942610183535892">
      <ele>1917.9</ele></trkpt>
      <trkpt lat="46.75071497058283" lon="7.942576285048348">
      <ele>1917.4</ele></trkpt>
      <trkpt lat="46.75070715768963" lon="7.942532499679185">
      <ele>1917.0</ele></trkpt>
      <trkpt lat="46.75069122491205" lon="7.94249206740967">
      <ele>1916.5</ele></trkpt>
      <trkpt lat="46.75067905048859" lon="7.9424581616834">
      <ele>1916.0</ele></trkpt>
      <trkpt lat="46.750655756378784" lon="7.942387794972439">
      <ele>1915.5</ele></trkpt>
      <trkpt lat="46.75064144646626" lon="7.942332248764242">
      <ele>1915.0</ele></trkpt>
      <trkpt lat="46.75062883445941" lon="7.94228536928886">
      <ele>1914.6</ele></trkpt>
      <trkpt lat="46.75061438364282" lon="7.942253601835527">
      <ele>1914.1</ele></trkpt>
      <trkpt lat="46.75060384230492" lon="7.942206336020608">
      <ele>1913.6</ele></trkpt>
      <trkpt lat="46.75058351628641" lon="7.942158481561155">
      <ele>1913.1</ele></trkpt>
      <trkpt lat="46.75056876817881" lon="7.942092121120982">
      <ele>1912.7</ele></trkpt>
      <trkpt lat="46.750550947345026" lon="7.942047339503527">
      <ele>1912.2</ele></trkpt>
      <trkpt lat="46.750539219019615" lon="7.94202036141585">
      <ele>1911.7</ele></trkpt>
      <trkpt lat="46.750524751185296" lon="7.941984275055432">
      <ele>1911.2</ele></trkpt>
      <trkpt lat="46.75050024395509" lon="7.941929877256249">
      <ele>1910.8</ele></trkpt>
      <trkpt lat="46.75049333514398" lon="7.941917667606987">
      <ele>1910.3</ele></trkpt>
      <trkpt lat="46.75048049774498" lon="7.941864739839324">
      <ele>1910.1</ele></trkpt>
      <trkpt lat="46.75046605799359" lon="7.941838600306219">
      <ele>1909.9</ele></trkpt>
      <trkpt lat="46.75045037780945" lon="7.941816323108562">
      <ele>1909.7</ele></trkpt>
      <trkpt lat="46.75043339481107" lon="7.941773277042635">
      <ele>1909.5</ele></trkpt>
      <trkpt lat="46.750417658333504" lon="7.9417311064028775">
      <ele>1909.3</ele></trkpt>
      <trkpt lat="46.75040905775147" lon="7.941706775114604">
      <ele>1909.1</ele></trkpt>
      <trkpt lat="46.750398354456145" lon="7.941673760324481">
      <ele>1908.9</ele></trkpt>
      <trkpt lat="46.75039350806236" lon="7.941650785896662">
      <ele>1908.7</ele></trkpt>
      <trkpt lat="46.750391400161455" lon="7.941641238568623">
      <ele>1908.5</ele></trkpt>
      <trkpt lat="46.7503824030308" lon="7.941627281963371">
      <ele>1908.2</ele></trkpt>
      <trkpt lat="46.750357050647814" lon="7.941570704074406">
      <ele>1908.0</ele></trkpt>
      <trkpt lat="46.75034470944353" lon="7.941548052419947">
      <ele>1907.8</ele></trkpt>
      <trkpt lat="46.75032607676445" lon="7.941511901315088">
      <ele>1907.6</ele></trkpt>
      <trkpt lat="46.750314759621375" lon="7.941487531691534">
      <ele>1907.4</ele></trkpt>
      <trkpt lat="46.75028628776918" lon="7.94143047988976">
      <ele>1907.2</ele></trkpt>
      <trkpt lat="46.75026475842813" lon="7.941402507684831">
      <ele>1907.0</ele></trkpt>
      <trkpt lat="46.750243424766126" lon="7.94136890973361">
      <ele>1906.8</ele></trkpt>
      <trkpt lat="46.75023587223959" lon="7.941347611544434">
      <ele>1906.6</ele></trkpt>
      <trkpt lat="46.750231597193086" lon="7.941305181544845">
      <ele>1906.4</ele></trkpt>
      <trkpt lat="46.75022382927821" lon="7.9412817219381004">
      <ele>1906.2</ele></trkpt>
      <trkpt lat="46.7502166975546" lon="7.94126087266231">
      <ele>1905.8</ele></trkpt>
      <trkpt lat="46.750205421711534" lon="7.941251632577718">
      <ele>1905.4</ele></trkpt>
      <trkpt lat="46.75019707585833" lon="7.941245024192938">
      <ele>1905.0</ele></trkpt>
      <trkpt lat="46.750186601804" lon="7.941223253846739">
      <ele>1904.6</ele></trkpt>
      <trkpt lat="46.750184437943815" lon="7.941191666853036">
      <ele>1904.2</ele></trkpt>
      <trkpt lat="46.75018459415891" lon="7.941170479792131">
      <ele>1903.9</ele></trkpt>
      <trkpt lat="46.750175801075805" lon="7.941153070144763">
      <ele>1903.5</ele></trkpt>
      <trkpt lat="46.7501703578457" lon="7.94114304683178">
      <ele>1903.1</ele></trkpt>
      <trkpt lat="46.75016273013448" lon="7.941089762386921">
      <ele>1902.7</ele></trkpt>
      <trkpt lat="46.75015787379694" lon="7.941062887974283">
      <ele>1902.3</ele></trkpt>
      <trkpt lat="46.750155327158495" lon="7.94104468585188">
      <ele>1901.9</ele></trkpt>
      <trkpt lat="46.750137076602314" lon="7.940997296533289">
      <ele>1901.5</ele></trkpt>
      <trkpt lat="46.75012887557174" lon="7.940963899645556">
      <ele>1901.1</ele></trkpt>
      <trkpt lat="46.75012590854314" lon="7.9409431023187595">
      <ele>1900.7</ele></trkpt>
      <trkpt lat="46.75012212746252" lon="7.94093353948568">
      <ele>1900.4</ele></trkpt>
      <trkpt lat="46.750116820599715" lon="7.940894555074113">
      <ele>1900.0</ele></trkpt>
      <trkpt lat="46.750109700092636" lon="7.940879320486827">
      <ele>1899.6</ele></trkpt>
      <trkpt lat="46.75010216770047" lon="7.940863650184756">
      <ele>1899.2</ele></trkpt>
      <trkpt lat="46.750094841193715" lon="7.9408523006418825">
      <ele>1898.8</ele></trkpt>
      <trkpt lat="46.75009126336266" lon="7.940835384601745">
      <ele>1898.4</ele></trkpt>
      <trkpt lat="46.75008953620247" lon="7.940812884391966">
      <ele>1898.0</ele></trkpt>
      <trkpt lat="46.750091959759764" lon="7.9407813532650176">
      <ele>1897.6</ele></trkpt>
      <trkpt lat="46.75008942151393" lon="7.940765323762769">
      <ele>1897.2</ele></trkpt>
      <trkpt lat="46.75007830696221" lon="7.940735760598849">
      <ele>1896.8</ele></trkpt>
      <trkpt lat="46.7500728194726" lon="7.940707152851857">
      <ele>1896.4</ele></trkpt>
      <trkpt lat="46.750063367074766" lon="7.940678050150093">
      <ele>1896.0</ele></trkpt>
      <trkpt lat="46.750056640526196" lon="7.9406550453706535">
      <ele>1895.6</ele></trkpt>
      <trkpt lat="46.75004991592911" lon="7.940631595644435">
      <ele>1895.2</ele></trkpt>
      <trkpt lat="46.75004464240138" lon="7.940603421797813">
      <ele>1894.8</ele></trkpt>
      <trkpt lat="46.75003727492425" lon="7.940574783501173">
      <ele>1894.5</ele></trkpt>
      <trkpt lat="46.75002557729804" lon="7.9405612077468835">
      <ele>1894.1</ele></trkpt>
      <trkpt lat="46.75002325905683" lon="7.940550376007948">
      <ele>1893.7</ele></trkpt>
      <trkpt lat="46.75001923865685" lon="7.94052566890832">
      <ele>1893.3</ele></trkpt>
      <trkpt lat="46.75001357387427" lon="7.940508733496833">
      <ele>1892.9</ele></trkpt>
      <trkpt lat="46.750007440267524" lon="7.940473615375707">
      <ele>1892.5</ele></trkpt>
      <trkpt lat="46.75000357446673" lon="7.940426006838631">
      <ele>1892.1</ele></trkpt>
      <trkpt lat="46.749999154318886" lon="7.940410378669573">
      <ele>1891.7</ele></trkpt>
      <trkpt lat="46.74998429200657" lon="7.940382063329819">
      <ele>1891.3</ele></trkpt>
      <trkpt lat="46.74997040248958" lon="7.940324794733253">
      <ele>1890.9</ele></trkpt>
      <trkpt lat="46.749961366165365" lon="7.940293104727955">
      <ele>1890.5</ele></trkpt>
      <trkpt lat="46.749956489818175" lon="7.9402584564151715">
      <ele>1890.2</ele></trkpt>
      <trkpt lat="46.749952892992006" lon="7.940237653338283">
      <ele>1890.0</ele></trkpt>
      <trkpt lat="46.74994344757268" lon="7.940208982732063">
      <ele>1889.7</ele></trkpt>
      <trkpt lat="46.74992670856045" lon="7.940181932587908">
      <ele>1889.4</ele></trkpt>
      <trkpt lat="46.74991455419947" lon="7.940151496202521">
      <ele>1889.1</ele></trkpt>
      <trkpt lat="46.74990325237126" lon="7.940129718488803">
      <ele>1888.8</ele></trkpt>
      <trkpt lat="46.74989194344017" lon="7.940107508836082">
      <ele>1888.6</ele></trkpt>
      <trkpt lat="46.749879760286554" lon="7.9400692852555546">
      <ele>1888.3</ele></trkpt>
      <trkpt lat="46.74986615527375" lon="7.9400414267296275">
      <ele>1888.0</ele></trkpt>
      <trkpt lat="46.74984943080023" lon="7.940021300007792">
      <ele>1887.8</ele></trkpt>
      <trkpt lat="46.74983813556035" lon="7.940002113699332">
      <ele>1887.5</ele></trkpt>
      <trkpt lat="46.7498134233152" lon="7.939951170648754">
      <ele>1887.2</ele></trkpt>
      <trkpt lat="46.7498067130997" lon="7.939934657528844">
      <ele>1886.9</ele></trkpt>
      <trkpt lat="46.74979704753934" lon="7.939900789344571">
      <ele>1886.7</ele></trkpt>
      <trkpt lat="46.74978700397682" lon="7.939883355323778">
      <ele>1886.4</ele></trkpt>
      <trkpt lat="46.749777799796874" lon="7.939869384158872">
      <ele>1886.1</ele></trkpt>
      <trkpt lat="46.7497683726652" lon="7.939846773304274">
      <ele>1885.8</ele></trkpt>
      <trkpt lat="46.74975873815529" lon="7.939826319936147">
      <ele>1885.5</ele></trkpt>
      <trkpt lat="46.74974471980735" lon="7.939804490940308">
      <ele>1885.3</ele></trkpt>
      <trkpt lat="46.74973320771232" lon="7.939781415772425">
      <ele>1885.0</ele></trkpt>
      <trkpt lat="46.74972481029604" lon="7.9397557913526935">
      <ele>1884.7</ele></trkpt>
      <trkpt lat="46.7497172536778" lon="7.9397353573204725">
      <ele>1884.4</ele></trkpt>
      <trkpt lat="46.749705135011304" lon="7.939721359125124">
      <ele>1884.1</ele></trkpt>
      <trkpt lat="46.7496856723499" lon="7.939685620169055">
      <ele>1883.8</ele></trkpt>
      <trkpt lat="46.74966976026374" lon="7.93965254476093">
      <ele>1883.5</ele></trkpt>
      <trkpt lat="46.749647771880205" lon="7.939608131705076">
      <ele>1883.1</ele></trkpt>
      <trkpt lat="46.7496320544135" lon="7.93957374942327">
      <ele>1882.8</ele></trkpt>
      <trkpt lat="46.74961237156679" lon="7.939532825966085">
      <ele>1882.5</ele></trkpt>
      <trkpt lat="46.749598762634015" lon="7.939505831437935">
      <ele>1882.2</ele></trkpt>
      <trkpt lat="46.749580313066495" lon="7.9394606006854">
      <ele>1881.9</ele></trkpt>
      <trkpt lat="46.749570883959606" lon="7.939438421846993">
      <ele>1881.6</ele></trkpt>
      <trkpt lat="46.74955708278564" lon="7.939418335649884">
      <ele>1881.3</ele></trkpt>
      <trkpt lat="46.7495415863557" lon="7.939384819292207">
      <ele>1881.0</ele></trkpt>
      <trkpt lat="46.74952486034576" lon="7.939362965365207">
      <ele>1880.7</ele></trkpt>
      <trkpt lat="46.74950415385737" lon="7.939329806387666">
      <ele>1880.3</ele></trkpt>
      <trkpt lat="46.74948656008154" lon="7.939294543106554">
      <ele>1880.0</ele></trkpt>
      <trkpt lat="46.74947399265054" lon="7.939267990246934">
      <ele>1879.7</ele></trkpt>
      <trkpt lat="46.749462054882486" lon="7.939241443243328">
      <ele>1879.4</ele></trkpt>
      <trkpt lat="46.74945034383526" lon="7.939222685257016">
      <ele>1879.1</ele></trkpt>
      <trkpt lat="46.74943858452816" lon="7.939186206726256">
      <ele>1878.8</ele></trkpt>
      <trkpt lat="46.74942810818732" lon="7.939164868946829">
      <ele>1879.1</ele></trkpt>
      <trkpt lat="46.749404073447344" lon="7.939131666137139">
      <ele>1879.5</ele></trkpt>
      <trkpt lat="46.74939651671716" lon="7.939111232313817">
      <ele>1879.8</ele></trkpt>
      <trkpt lat="46.74938104661858" lon="7.9390881076360005">
      <ele>1880.2</ele></trkpt>
      <trkpt lat="46.749365758407436" lon="7.939056320926732">
      <ele>1880.5</ele></trkpt>
      <trkpt lat="46.74935112581565" lon="7.939037090947153">
      <ele>1880.9</ele></trkpt>
      <trkpt lat="46.74930993034861" lon="7.938988835830027">
      <ele>1881.2</ele></trkpt>
      <trkpt lat="46.749219491471116" lon="7.9388423105284875">
      <ele>1881.6</ele></trkpt>
      <trkpt lat="46.74919239165595" lon="7.93880852991013">
      <ele>1881.9</ele></trkpt>
      <trkpt lat="46.7491558129287" lon="7.938776231898249">
      <ele>1882.2</ele></trkpt>
      <trkpt lat="46.74913407163009" lon="7.938749267090624">
      <ele>1882.6</ele></trkpt>
      <trkpt lat="46.749126759858356" lon="7.93874272116142">
      <ele>1882.9</ele></trkpt>
      <trkpt lat="46.74910523933599" lon="7.938735179752151">
      <ele>1883.3</ele></trkpt>
      <trkpt lat="46.74909340325442" lon="7.9387100343160375">
      <ele>1883.6</ele></trkpt>
      <trkpt lat="46.749082212164645" lon="7.938706043687735">
      <ele>1884.0</ele></trkpt>
      <trkpt lat="46.74907188319102" lon="7.938700333551138">
      <ele>1884.3</ele></trkpt>
      <trkpt lat="46.74906283855492" lon="7.938678655931265">
      <ele>1884.7</ele></trkpt>
      <trkpt lat="46.7490451963158" lon="7.938664685465145">
      <ele>1885.0</ele></trkpt>
      <trkpt lat="46.74903787452332" lon="7.938646046958368">
      <ele>1885.4</ele></trkpt>
      <trkpt lat="46.74902023120414" lon="7.938611778369315">
      <ele>1885.7</ele></trkpt>
      <trkpt lat="46.74900214624571" lon="7.938581811372154">
      <ele>1885.6</ele></trkpt>
      <trkpt lat="46.7489840726801" lon="7.938565677581966">
      <ele>1885.6</ele></trkpt>
      <trkpt lat="46.74896319734184" lon="7.938544322254021">
      <ele>1885.5</ele></trkpt>
      <trkpt lat="46.74894038514987" lon="7.938519493997955">
      <ele>1885.4</ele></trkpt>
      <trkpt lat="46.748909178474555" lon="7.938503238546411">
      <ele>1885.4</ele></trkpt>
      <trkpt lat="46.74888529492183" lon="7.93848271914542">
      <ele>1885.3</ele></trkpt>
      <trkpt lat="46.74886807439561" lon="7.938456660228439">
      <ele>1885.2</ele></trkpt>
      <trkpt lat="46.74884590267296" lon="7.938423200513553">
      <ele>1885.2</ele></trkpt>
      <trkpt lat="46.748838375258885" lon="7.938398095186121">
      <ele>1885.1</ele></trkpt>
      <trkpt lat="46.74883019554657" lon="7.938378153218563">
      <ele>1885.1</ele></trkpt>
      <trkpt lat="46.74881792670348" lon="7.938357322715444">
      <ele>1885.0</ele></trkpt>
      <trkpt lat="46.74880802706896" lon="7.938346002296961">
      <ele>1884.9</ele></trkpt>
      <trkpt lat="46.74880005938067" lon="7.938318720465984">
      <ele>1884.9</ele></trkpt>
      <trkpt lat="46.74879381728503" lon="7.938289740220814">
      <ele>1884.8</ele></trkpt>
      <trkpt lat="46.74878348858907" lon="7.938265459649699">
      <ele>1884.7</ele></trkpt>
      <trkpt lat="46.748771437501524" lon="7.938244199334168">
      <ele>1884.7</ele></trkpt>
      <trkpt lat="46.74876497397027" lon="7.9382247051824315">
      <ele>1884.6</ele></trkpt>
      <trkpt lat="46.74874711500541" lon="7.938180069958964">
      <ele>1884.5</ele></trkpt>
      <trkpt lat="46.74872774041296" lon="7.938122032675535">
      <ele>1884.5</ele></trkpt>
      <trkpt lat="46.74871654759507" lon="7.938091697948345">
      <ele>1884.4</ele></trkpt>
      <trkpt lat="46.74870729409715" lon="7.938078669179313">
      <ele>1883.9</ele></trkpt>
      <trkpt lat="46.74867780856215" lon="7.938039095795062">
      <ele>1883.5</ele></trkpt>
      <trkpt lat="46.74866402781045" lon="7.9380039996480285">
      <ele>1883.0</ele></trkpt>
      <trkpt lat="46.748652840023084" lon="7.937966336288593">
      <ele>1882.5</ele></trkpt>
      <trkpt lat="46.74864486548208" lon="7.937928257727667">
      <ele>1882.1</ele></trkpt>
      <trkpt lat="46.7486448632278" lon="7.9379040859575225">
      <ele>1881.6</ele></trkpt>
      <trkpt lat="46.74864228604301" lon="7.937882468501417">
      <ele>1881.1</ele></trkpt>
      <trkpt lat="46.748630015773124" lon="7.937868116250609">
      <ele>1880.7</ele></trkpt>
      <trkpt lat="46.74859730440937" lon="7.937846219926017">
      <ele>1880.2</ele></trkpt>
      <trkpt lat="46.748591706244476" lon="7.93782630202209">
      <ele>1879.8</ele></trkpt>
      <trkpt lat="46.7485871850088" lon="7.937800792843981">
      <ele>1879.3</ele></trkpt>
      <trkpt lat="46.748580726289624" lon="7.937792527517725">
      <ele>1878.8</ele></trkpt>
      <trkpt lat="46.748571693589334" lon="7.937790716447888">
      <ele>1878.4</ele></trkpt>
      <trkpt lat="46.74856501942659" lon="7.9377802897745005">
      <ele>1877.9</ele></trkpt>
      <trkpt lat="46.74855189158979" lon="7.937754269106741">
      <ele>1877.4</ele></trkpt>
      <trkpt lat="46.74854113112247" lon="7.937738190306758">
      <ele>1877.0</ele></trkpt>
      <trkpt lat="46.74852864444526" lon="7.937717776830657">
      <ele>1876.5</ele></trkpt>
      <trkpt lat="46.74851336527799" lon="7.937690008808435">
      <ele>1876.0</ele></trkpt>
      <trkpt lat="46.74850196003295" lon="7.937677379035255">
      <ele>1875.6</ele></trkpt>
      <trkpt lat="46.74849098334736" lon="7.937671663165418">
      <ele>1875.1</ele></trkpt>
      <trkpt lat="46.748481080573725" lon="7.937648695489541">
      <ele>1874.7</ele></trkpt>
      <trkpt lat="46.74847462027412" lon="7.937630497157045">
      <ele>1874.4</ele></trkpt>
      <trkpt lat="46.74846278847015" lon="7.937618727201031">
      <ele>1874.0</ele></trkpt>
      <trkpt lat="46.748444987039434" lon="7.937562929765453">
      <ele>1873.7</ele></trkpt>
      <trkpt lat="46.74842116442586" lon="7.937507835726832">
      <ele>1873.3</ele></trkpt>
      <trkpt lat="46.748403178430216" lon="7.937486036621952">
      <ele>1872.9</ele></trkpt>
      <trkpt lat="46.74838540004355" lon="7.937455837617296">
      <ele>1872.6</ele></trkpt>
      <trkpt lat="46.74837693498418" lon="7.937433223581779">
      <ele>1872.2</ele></trkpt>
      <trkpt lat="46.74836523667617" lon="7.937417659705245">
      <ele>1871.9</ele></trkpt>
      <trkpt lat="46.74835439230421" lon="7.937398125294845">
      <ele>1871.5</ele></trkpt>
      <trkpt lat="46.748350268121925" lon="7.937376428242312">
      <ele>1871.1</ele></trkpt>
      <trkpt lat="46.748345714005524" lon="7.937366662525297">
      <ele>1870.8</ele></trkpt>
      <trkpt lat="46.74832317698013" lon="7.937342622815105">
      <ele>1870.4</ele></trkpt>
      <trkpt lat="46.74831362862647" lon="7.937314698593521">
      <ele>1870.1</ele></trkpt>
      <trkpt lat="46.74830019165418" lon="7.9372955852123495">
      <ele>1869.7</ele></trkpt>
      <trkpt lat="46.748282410757845" lon="7.937255649619066">
      <ele>1869.3</ele></trkpt>
      <trkpt lat="46.748271353738346" lon="7.937231244963787">
      <ele>1869.0</ele></trkpt>
      <trkpt lat="46.748248377197044" lon="7.937208968017616">
      <ele>1868.6</ele></trkpt>
      <trkpt lat="46.748243606559505" lon="7.9371952219040764">
      <ele>1868.3</ele></trkpt>
      <trkpt lat="46.748234284333485" lon="7.937169066575767">
      <ele>1867.9</ele></trkpt>
      <trkpt lat="46.748221711543614" lon="7.937147749554588">
      <ele>1867.7</ele></trkpt>
      <trkpt lat="46.7482108664653" lon="7.937130426934861">
      <ele>1867.5</ele></trkpt>
      <trkpt lat="46.7481957004266" lon="7.937111742613764">
      <ele>1867.3</ele></trkpt>
      <trkpt lat="46.74818464077469" lon="7.9370899946479785">
      <ele>1867.2</ele></trkpt>
      <trkpt lat="46.74817357792695" lon="7.937060734771027">
      <ele>1867.0</ele></trkpt>
      <trkpt lat="46.74815949325209" lon="7.9370416155187025">
      <ele>1866.8</ele></trkpt>
      <trkpt lat="46.748144748091775" lon="7.9370233669971">
      <ele>1866.6</ele></trkpt>
      <trkpt lat="46.74813434702015" lon="7.937001180199747">
      <ele>1866.4</ele></trkpt>
      <trkpt lat="46.74810746265801" lon="7.936967377007568">
      <ele>1866.2</ele></trkpt>
      <trkpt lat="46.74808557009194" lon="7.936929628457548">
      <ele>1866.1</ele></trkpt>
      <trkpt lat="46.74807712092536" lon="7.936919839934041">
      <ele>1865.9</ele></trkpt>
      <trkpt lat="46.74806648663655" lon="7.936889249246245">
      <ele>1865.7</ele></trkpt>
      <trkpt lat="46.74806171782091" lon="7.936881261456161">
      <ele>1865.5</ele></trkpt>
      <trkpt lat="46.74805283499255" lon="7.936871900806411">
      <ele>1865.3</ele></trkpt>
      <trkpt lat="46.74803484182088" lon="7.936849657043276">
      <ele>1865.1</ele></trkpt>
      <trkpt lat="46.74802443554559" lon="7.936826593455834">
      <ele>1864.9</ele></trkpt>
      <trkpt lat="46.748011642961735" lon="7.936793784289435">
      <ele>1864.8</ele></trkpt>
      <trkpt lat="46.74799451016719" lon="7.936764023562221">
      <ele>1864.6</ele></trkpt>
      <trkpt lat="46.74797955543694" lon="7.936742252869525">
      <ele>1864.4</ele></trkpt>
      <trkpt lat="46.74795288568096" lon="7.9366942918994345">
      <ele>1864.2</ele></trkpt>
      <trkpt lat="46.7479299052011" lon="7.936648144849408">
      <ele>1864.2</ele></trkpt>
      <trkpt lat="46.74791732784954" lon="7.936623726444109">
      <ele>1864.3</ele></trkpt>
      <trkpt lat="46.74788416463053" lon="7.9365774985465105">
      <ele>1864.3</ele></trkpt>
      <trkpt lat="46.74785815850469" lon="7.936542368972111">
      <ele>1864.4</ele></trkpt>
      <trkpt lat="46.747841459300645" lon="7.936512180546326">
      <ele>1864.4</ele></trkpt>
      <trkpt lat="46.74782086901355" lon="7.936481066323826">
      <ele>1864.5</ele></trkpt>
      <trkpt lat="46.747808511334284" lon="7.936461963286671">
      <ele>1864.5</ele></trkpt>
      <trkpt lat="46.74779637147813" lon="7.9364300371797345">
      <ele>1864.6</ele></trkpt>
      <trkpt lat="46.747782922774505" lon="7.936407390653489">
      <ele>1864.6</ele></trkpt>
      <trkpt lat="46.747762312445815" lon="7.936339593972395">
      <ele>1864.7</ele></trkpt>
      <trkpt lat="46.74774235172384" lon="7.936265155235773">
      <ele>1864.7</ele></trkpt>
      <trkpt lat="46.74772348389568" lon="7.936212398387939">
      <ele>1864.7</ele></trkpt>
      <trkpt lat="46.7477078601316" lon="7.936170729846367">
      <ele>1864.8</ele></trkpt>
      <trkpt lat="46.747696373044874" lon="7.9361458767579585">
      <ele>1864.8</ele></trkpt>
      <trkpt lat="46.74767491004104" lon="7.936108577744051">
      <ele>1864.9</ele></trkpt>
      <trkpt lat="46.747643899637566" lon="7.936038931787575">
      <ele>1864.9</ele></trkpt>
      <trkpt lat="46.74763002229777" lon="7.936011413187521">
      <ele>1865.0</ele></trkpt>
      <trkpt lat="46.74761678680451" lon="7.935972842189364">
      <ele>1865.0</ele></trkpt>
      <trkpt lat="46.74760725485775" lon="7.935955532107877">
      <ele>1865.1</ele></trkpt>
      <trkpt lat="46.747594891943294" lon="7.93592934927366">
      <ele>1865.1</ele></trkpt>
      <trkpt lat="46.747586212631944" lon="7.935906288886539">
      <ele>1865.6</ele></trkpt>
      <trkpt lat="46.74757276891401" lon="7.935878342484017">
      <ele>1866.0</ele></trkpt>
      <trkpt lat="46.747561716172456" lon="7.935863216992555">
      <ele>1866.5</ele></trkpt>
      <trkpt lat="46.74755282866118" lon="7.935850781164997">
      <ele>1866.9</ele></trkpt>
      <trkpt lat="46.74754588605732" lon="7.935825525152588">
      <ele>1867.4</ele></trkpt>
      <trkpt lat="46.74752723655484" lon="7.935782494126776">
      <ele>1867.8</ele></trkpt>
      <trkpt lat="46.747517471894945" lon="7.935748378567583">
      <ele>1868.3</ele></trkpt>
      <trkpt lat="46.74750512128397" lon="7.935742087804005">
      <ele>1868.7</ele></trkpt>
      <trkpt lat="46.74749817675789" lon="7.935723466793738">
      <ele>1869.2</ele></trkpt>
      <trkpt lat="46.74749318483644" lon="7.935702652119899">
      <ele>1869.7</ele></trkpt>
      <trkpt lat="46.747476713574734" lon="7.935679978053358">
      <ele>1870.1</ele></trkpt>
      <trkpt lat="46.74745091324474" lon="7.935628505736726">
      <ele>1870.6</ele></trkpt>
      <trkpt lat="46.74745069084165" lon="7.9356134670228835">
      <ele>1871.0</ele></trkpt>
      <trkpt lat="46.74744808854936" lon="7.935603719600555">
      <ele>1871.5</ele></trkpt>
      <trkpt lat="46.74743703639044" lon="7.935592585660852">
      <ele>1871.9</ele></trkpt>
      <trkpt lat="46.7474287875246" lon="7.935573952677838">
      <ele>1872.4</ele></trkpt>
      <trkpt lat="46.74742467073157" lon="7.935556679524489">
      <ele>1872.8</ele></trkpt>
      <trkpt lat="46.74739648481825" lon="7.935517997249622">
      <ele>1873.3</ele></trkpt>
      <trkpt lat="46.74738282517529" lon="7.935490035967551">
      <ele>1873.7</ele></trkpt>
      <trkpt lat="46.747359410551695" lon="7.935450520890528">
      <ele>1874.2</ele></trkpt>
      <trkpt lat="46.74733383647779" lon="7.93541318452893">
      <ele>1875.3</ele></trkpt>
      <trkpt lat="46.747300009560426" lon="7.9353519151461755">
      <ele>1876.4</ele></trkpt>
      <trkpt lat="46.74727898712569" lon="7.93532081078953">
      <ele>1877.5</ele></trkpt>
      <trkpt lat="46.74727117573302" lon="7.935294657080362">
      <ele>1878.5</ele></trkpt>
      <trkpt lat="46.74725384278451" lon="7.935277733443993">
      <ele>1879.6</ele></trkpt>
      <trkpt lat="46.747245583301854" lon="7.93523257375384">
      <ele>1880.7</ele></trkpt>
      <trkpt lat="46.74723692010311" lon="7.935228528735747">
      <ele>1881.8</ele></trkpt>
      <trkpt lat="46.74721829401445" lon="7.935229705197784">
      <ele>1882.9</ele></trkpt>
      <trkpt lat="46.74720463831323" lon="7.935219437309826">
      <ele>1884.0</ele></trkpt>
      <trkpt lat="46.74720354837259" lon="7.935199090575474">
      <ele>1885.1</ele></trkpt>
      <trkpt lat="46.74719877106543" lon="7.935188891336755">
      <ele>1886.1</ele></trkpt>
      <trkpt lat="46.74718534618306" lon="7.9351896707417575">
      <ele>1887.2</ele></trkpt>
      <trkpt lat="46.74718273810674" lon="7.935181245089093">
      <ele>1888.3</ele></trkpt>
      <trkpt lat="46.74718273984781" lon="7.935168433250324">
      <ele>1889.4</ele></trkpt>
      <trkpt lat="46.74715846708624" lon="7.935154534260373">
      <ele>1890.5</ele></trkpt>
      <trkpt lat="46.747146983039485" lon="7.935137206504624">
      <ele>1891.6</ele></trkpt>
      <trkpt lat="46.747138750367895" lon="7.935137588764334">
      <ele>1892.6</ele></trkpt>
      <trkpt lat="46.74713539050147" lon="7.935130347088533">
      <ele>1893.7</ele></trkpt>
      <trkpt lat="46.74712230056802" lon="7.935049953036532">
      <ele>1894.8</ele></trkpt>
      <trkpt lat="46.74706258652274" lon="7.934957064153792">
      <ele>1895.9</ele></trkpt>
      <trkpt lat="46.74706123288406" lon="7.934922869382005">
      <ele>1896.8</ele></trkpt>
      <trkpt lat="46.7470458613187" lon="7.93489550774908">
      <ele>1897.7</ele></trkpt>
      <trkpt lat="46.74699215611341" lon="7.9347819452187816">
      <ele>1898.5</ele></trkpt>
      <trkpt lat="46.74698405258489" lon="7.93477537972079">
      <ele>1899.4</ele></trkpt>
      <trkpt lat="46.74696741429881" lon="7.934768330044037">
      <ele>1900.3</ele></trkpt>
      <trkpt lat="46.74695614993965" lon="7.934719060014528">
      <ele>1901.2</ele></trkpt>
      <trkpt lat="46.746947432759924" lon="7.9346880954323655">
      <ele>1902.1</ele></trkpt>
      <trkpt lat="46.74694810874669" lon="7.934656733026267">
      <ele>1902.9</ele></trkpt>
      <trkpt lat="46.74693324599693" lon="7.934574346994195">
      <ele>1903.8</ele></trkpt>
      <trkpt lat="46.74693457567375" lon="7.9345312388250555">
      <ele>1904.7</ele></trkpt>
      <trkpt lat="46.746939087916765" lon="7.934505133247778">
      <ele>1905.6</ele></trkpt>
      <trkpt lat="46.74694017389446" lon="7.9344829221573825">
      <ele>1906.5</ele></trkpt>
      <trkpt lat="46.74692846354631" lon="7.934457609701989">
      <ele>1907.3</ele></trkpt>
      <trkpt lat="46.7469272096848" lon="7.934431477299294">
      <ele>1908.2</ele></trkpt>
      <trkpt lat="46.74693044874735" lon="7.934394040096166">
      <ele>1909.1</ele></trkpt>
      <trkpt lat="46.74691851306141" lon="7.934370897971255">
      <ele>1910.0</ele></trkpt>
      <trkpt lat="46.74692131480079" lon="7.934351306889143">
      <ele>1910.9</ele></trkpt>
      <trkpt lat="46.746925167564605" lon="7.934338268768686">
      <ele>1911.7</ele></trkpt>
      <trkpt lat="46.74692030546321" lon="7.93429163575703">
      <ele>1912.6</ele></trkpt>
      <trkpt lat="46.746910500278226" lon="7.934275043451472">
      <ele>1913.5</ele></trkpt>
      <trkpt lat="46.7469034977349" lon="7.934234502239066">
      <ele>1914.3</ele></trkpt>
      <trkpt lat="46.74691057030595" lon="7.934207098426266">
      <ele>1915.2</ele></trkpt>
      <trkpt lat="46.74691656254511" lon="7.934192326346903">
      <ele>1916.0</ele></trkpt>
      <trkpt lat="46.746914236830925" lon="7.934172714328456">
      <ele>1916.9</ele></trkpt>
      <trkpt lat="46.74689909780308" lon="7.934153913761238">
      <ele>1917.8</ele></trkpt>
      <trkpt lat="46.74689506113879" lon="7.934143001713498">
      <ele>1918.6</ele></trkpt>
      <trkpt lat="46.7468984797998" lon="7.934132563831759">
      <ele>1919.5</ele></trkpt>
      <trkpt lat="46.74690575696842" lon="7.934116049944338">
      <ele>1920.3</ele></trkpt>
      <trkpt lat="46.74690748623837" lon="7.934096907035">
      <ele>1921.2</ele></trkpt>
      <trkpt lat="46.7469034565572" lon="7.93406987235532">
      <ele>1922.0</ele></trkpt>
      <trkpt lat="46.74691095426771" lon="7.9340481389268875">
      <ele>1922.8</ele></trkpt>
      <trkpt lat="46.7469077631496" lon="7.934037234649894">
      <ele>1923.7</ele></trkpt>
      <trkpt lat="46.746893466436916" lon="7.9340254039314555">
      <ele>1924.5</ele></trkpt>
      <trkpt lat="46.74688153967148" lon="7.934002261986584">
      <ele>1925.4</ele></trkpt>
      <trkpt lat="46.746886033520546" lon="7.933994883150065">
      <ele>1926.2</ele></trkpt>
      <trkpt lat="46.74689393899591" lon="7.933984905232679">
      <ele>1927.1</ele></trkpt>
      <trkpt lat="46.746888189351914" lon="7.933974867358525">
      <ele>1928.0</ele></trkpt>
      <trkpt lat="46.74687412121473" lon="7.933953891227148">
      <ele>1928.8</ele></trkpt>
      <trkpt lat="46.74686559058122" lon="7.933942087308048">
      <ele>1929.7</ele></trkpt>
      <trkpt lat="46.74687030267091" lon="7.9339320931529285">
      <ele>1930.5</ele></trkpt>
      <trkpt lat="46.74687307605933" lon="7.933927315835417">
      <ele>1931.5</ele></trkpt>
      <trkpt lat="46.74687352331003" lon="7.933913382714337">
      <ele>1932.4</ele></trkpt>
      <trkpt lat="46.74687717331112" lon="7.933889009717865">
      <ele>1933.4</ele></trkpt>
      <trkpt lat="46.746867158876434" lon="7.93387501981111">
      <ele>1934.3</ele></trkpt>
      <trkpt lat="46.74685754794444" lon="7.933875847639048">
      <ele>1935.3</ele></trkpt>
      <trkpt lat="46.74684114839667" lon="7.9338448519875255">
      <ele>1936.3</ele></trkpt>
      <trkpt lat="46.7468298550666" lon="7.933820839118651">
      <ele>1937.2</ele></trkpt>
      <trkpt lat="46.74682345743624" lon="7.9338212384218405">
      <ele>1938.2</ele></trkpt>
      <trkpt lat="46.746804491864225" lon="7.933792836569515">
      <ele>1939.1</ele></trkpt>
      <trkpt lat="46.746785943930526" lon="7.93377184557328">
      <ele>1940.1</ele></trkpt>
      <trkpt lat="46.74678126229102" lon="7.933756151057249">
      <ele>1941.1</ele></trkpt>
      <trkpt lat="46.74678087875412" lon="7.933713904069768">
      <ele>1942.0</ele></trkpt>
      <trkpt lat="46.74676873416635" lon="7.93369119210058">
      <ele>1943.0</ele></trkpt>
      <trkpt lat="46.746759357345674" lon="7.933673295225582">
      <ele>1943.9</ele></trkpt>
      <trkpt lat="46.74675277749352" lon="7.933641028797079">
      <ele>1944.9</ele></trkpt>
      <trkpt lat="46.746744680473114" lon="7.93362879707642">
      <ele>1945.9</ele></trkpt>
      <trkpt lat="46.7467357475322" lon="7.933595658445087">
      <ele>1946.8</ele></trkpt>
      <trkpt lat="46.74671572267789" lon="7.933556358982159">
      <ele>1947.8</ele></trkpt>
      <trkpt lat="46.746703159921005" lon="7.933528421703589">
      <ele>1948.7</ele></trkpt>
      <trkpt lat="46.74669335233342" lon="7.933514433806901">
      <ele>1949.7</ele></trkpt>
      <trkpt lat="46.746675763615436" lon="7.933467213216239">
      <ele>1950.4</ele></trkpt>
      <trkpt lat="46.746666783210785" lon="7.933451243770076">
      <ele>1951.1</ele></trkpt>
      <trkpt lat="46.7466475832653" lon="7.933429160781884">
      <ele>1951.7</ele></trkpt>
      <trkpt lat="46.74660751924523" lon="7.933395357211514">
      <ele>1952.4</ele></trkpt>
      <trkpt lat="46.74658790134642" lon="7.933376306509173">
      <ele>1953.1</ele></trkpt>
      <trkpt lat="46.746584399755164" lon="7.933358149553971">
      <ele>1953.8</ele></trkpt>
      <trkpt lat="46.74656706070319" lon="7.933321806300853">
      <ele>1954.5</ele></trkpt>
      <trkpt lat="46.74654725608145" lon="7.933279407577824">
      <ele>1955.1</ele></trkpt>
      <trkpt lat="46.74654602734609" lon="7.933247412859791">
      <ele>1955.8</ele></trkpt>
      <trkpt lat="46.74653405902122" lon="7.933229675587376">
      <ele>1956.5</ele></trkpt>
      <trkpt lat="46.74651445605894" lon="7.933186401976948">
      <ele>1957.2</ele></trkpt>
      <trkpt lat="46.74649526007038" lon="7.933150931686443">
      <ele>1957.9</ele></trkpt>
      <trkpt lat="46.746492591997445" lon="7.9331189368953385">
      <ele>1958.5</ele></trkpt>
      <trkpt lat="46.74648158359577" lon="7.933070638397733">
      <ele>1959.2</ele></trkpt>
      <trkpt lat="46.74643667378283" lon="7.933002909860161">
      <ele>1959.9</ele></trkpt>
      <trkpt lat="46.74640023139787" lon="7.93294082077843">
      <ele>1960.6</ele></trkpt>
      <trkpt lat="46.74638157799537" lon="7.932904675125744">
      <ele>1961.3</ele></trkpt>
      <trkpt lat="46.74637196685623" lon="7.932893084051528">
      <ele>1961.9</ele></trkpt>
      <trkpt lat="46.746361520637926" lon="7.932899845652528">
      <ele>1962.6</ele></trkpt>
      <trkpt lat="46.746347653359436" lon="7.93289061041198">
      <ele>1963.3</ele></trkpt>
      <trkpt lat="46.7463251234886" lon="7.932885483477834">
      <ele>1964.1</ele></trkpt>
      <trkpt lat="46.746281887840915" lon="7.93283620944232">
      <ele>1965.0</ele></trkpt>
      <trkpt lat="46.74625756359432" lon="7.932786336619301">
      <ele>1965.8</ele></trkpt>
      <trkpt lat="46.74625720123308" lon="7.932761979420388">
      <ele>1966.7</ele></trkpt>
      <trkpt lat="46.746259449401244" lon="7.93272889129866">
      <ele>1967.5</ele></trkpt>
      <trkpt lat="46.74625713520432" lon="7.932723190584135">
      <ele>1968.4</ele></trkpt>
      <trkpt lat="46.74623737085738" lon="7.9327130115180715">
      <ele>1969.2</ele></trkpt>
      <trkpt lat="46.74622088865471" lon="7.932703124248527">
      <ele>1970.1</ele></trkpt>
      <trkpt lat="46.74621422490515" lon="7.932688105419165">
      <ele>1970.9</ele></trkpt>
      <trkpt lat="46.74621065000383" lon="7.9326348894006635">
      <ele>1971.8</ele></trkpt>
      <trkpt lat="46.74619529482234" lon="7.9326015354200745">
      <ele>1972.6</ele></trkpt>
      <trkpt lat="46.746191110502686" lon="7.9325768946134065">
      <ele>1973.4</ele></trkpt>
      <trkpt lat="46.746171715014384" lon="7.932516794272157">
      <ele>1974.3</ele></trkpt>
      <trkpt lat="46.74616687212089" lon="7.932480107942226">
      <ele>1975.1</ele></trkpt>
      <trkpt lat="46.74616859385975" lon="7.932435603682496">
      <ele>1976.0</ele></trkpt>
      <trkpt lat="46.746165782338245" lon="7.93240553151389">
      <ele>1976.8</ele></trkpt>
      <trkpt lat="46.746155368962235" lon="7.932358940138067">
      <ele>1977.7</ele></trkpt>
      <trkpt lat="46.74613236572794" lon="7.932330135783429">
      <ele>1978.5</ele></trkpt>
      <trkpt lat="46.746118543053136" lon="7.932281445599697">
      <ele>1979.4</ele></trkpt>
      <trkpt lat="46.74609089393453" lon="7.9322577548308795">
      <ele>1980.2</ele></trkpt>
      <trkpt lat="46.74605590635337" lon="7.932219039186005">
      <ele>1980.3</ele></trkpt>
      <trkpt lat="46.74603698315289" lon="7.932193229798494">
      <ele>1980.4</ele></trkpt>
      <trkpt lat="46.74601917846509" lon="7.932158387966987">
      <ele>1980.5</ele></trkpt>
      <trkpt lat="46.746010142954475" lon="7.932105174572367">
      <ele>1980.6</ele></trkpt>
      <trkpt lat="46.745982225351" lon="7.932079073592011">
      <ele>1980.7</ele></trkpt>
      <trkpt lat="46.74597529155122" lon="7.932066159343805">
      <ele>1980.8</ele></trkpt>
      <trkpt lat="46.74595474287603" lon="7.932035545568791">
      <ele>1980.9</ele></trkpt>
      <trkpt lat="46.74594140425644" lon="7.932020531280163">
      <ele>1981.0</ele></trkpt>
      <trkpt lat="46.74592959824312" lon="7.931988086887753">
      <ele>1981.1</ele></trkpt>
      <trkpt lat="46.74591150932975" lon="7.931956553444585">
      <ele>1981.2</ele></trkpt>
      <trkpt lat="46.745887395301004" lon="7.931937056721689">
      <ele>1981.2</ele></trkpt>
      <trkpt lat="46.74587322877551" lon="7.931926274884423">
      <ele>1981.3</ele></trkpt>
      <trkpt lat="46.745859492118285" lon="7.9319034444547425">
      <ele>1981.4</ele></trkpt>
      <trkpt lat="46.74584180817855" lon="7.9318510420617905">
      <ele>1981.5</ele></trkpt>
      <trkpt lat="46.74580302939565" lon="7.9317903202417295">
      <ele>1981.6</ele></trkpt>
      <trkpt lat="46.74577073646262" lon="7.9317420898062085">
      <ele>1981.7</ele></trkpt>
      <trkpt lat="46.74574956773623" lon="7.931730053183666">
      <ele>1981.8</ele></trkpt>
      <trkpt lat="46.74571402916517" lon="7.931679319854573">
      <ele>1981.9</ele></trkpt>
      <trkpt lat="46.74569350270403" lon="7.931653954189422">
      <ele>1982.0</ele></trkpt>
      <trkpt lat="46.74566202116492" lon="7.931607380222807">
      <ele>1982.1</ele></trkpt>
      <trkpt lat="46.74562788050005" lon="7.931568306632191">
      <ele>1983.9</ele></trkpt>
      <trkpt lat="46.74558046219262" lon="7.931525081200324">
      <ele>1985.6</ele></trkpt>
      <trkpt lat="46.74548914433645" lon="7.931440363923236">
      <ele>1987.4</ele></trkpt>
      <trkpt lat="46.745447655832166" lon="7.931394654147978">
      <ele>1989.2</ele></trkpt>
      <trkpt lat="46.74535923654788" lon="7.931301117482603">
      <ele>1990.9</ele></trkpt>
      <trkpt lat="46.74525087925509" lon="7.9312167557085225">
      <ele>1992.7</ele></trkpt>
      <trkpt lat="46.745190875291506" lon="7.931156992814199">
      <ele>1994.5</ele></trkpt>
      <trkpt lat="46.7451493475803" lon="7.931105747699759">
      <ele>1996.2</ele></trkpt>
      <trkpt lat="46.745099455838826" lon="7.931024851584417">
      <ele>1998.0</ele></trkpt>
      <trkpt lat="46.745048084433975" lon="7.93096164768053">
      <ele>1999.8</ele></trkpt>
      <trkpt lat="46.744994253982725" lon="7.930930482500347">
      <ele>2001.5</ele></trkpt>
      <trkpt lat="46.744941468593375" lon="7.930892692252446">
      <ele>2003.3</ele></trkpt>
      <trkpt lat="46.74495267999915" lon="7.930841954943004">
      <ele>2005.0</ele></trkpt>
      <trkpt lat="46.74495243013404" lon="7.930812273321919">
      <ele>2006.8</ele></trkpt>
      <trkpt lat="46.744937999323625" lon="7.930781389267512">
      <ele>2008.6</ele></trkpt>
      <trkpt lat="46.7449339542433" lon="7.930770268417059">
      <ele>2010.3</ele></trkpt>
      <trkpt lat="46.744915122146175" lon="7.9307795971414015">
      <ele>2012.1</ele></trkpt>
      <trkpt lat="46.74491312077276" lon="7.930765995490922">
      <ele>2013.9</ele></trkpt>
      <trkpt lat="46.744895474088345" lon="7.9307549206873">
      <ele>2015.6</ele></trkpt>
      <trkpt lat="46.744860721893204" lon="7.930757482608357">
      <ele>2017.4</ele></trkpt>
      <trkpt lat="46.7448349560735" lon="7.930753845175619">
      <ele>2019.2</ele></trkpt>
      <trkpt lat="46.744850617657" lon="7.930737106971226">
      <ele>2021.0</ele></trkpt>
      <trkpt lat="46.7448465718951" lon="7.930730317636206">
      <ele>2022.8</ele></trkpt>
      <trkpt lat="46.74483614320256" lon="7.930730955328217">
      <ele>2024.7</ele></trkpt>
      <trkpt lat="46.74483529524985" lon="7.930721067587162">
      <ele>2026.5</ele></trkpt>
      <trkpt lat="46.7448408366235" lon="7.93068765697099">
      <ele>2028.3</ele></trkpt>
      <trkpt lat="46.74484666183689" lon="7.93066352698417">
      <ele>2030.1</ele></trkpt>
      <trkpt lat="46.74487570736409" lon="7.930599133427108">
      <ele>2031.9</ele></trkpt>
      <trkpt lat="46.744883566277096" lon="7.930570664285317">
      <ele>2033.7</ele></trkpt>
      <trkpt lat="46.74489025273881" lon="7.93055333381344">
      <ele>2035.5</ele></trkpt>
      <trkpt lat="46.74489551151342" lon="7.9305186904748695">
      <ele>2037.4</ele></trkpt>
      <trkpt lat="46.74487414017761" lon="7.930484746533446">
      <ele>2039.2</ele></trkpt>
      <trkpt lat="46.74484753398629" lon="7.930513306469089">
      <ele>2041.0</ele></trkpt>
      <trkpt lat="46.744798911420645" lon="7.930524012484391">
      <ele>2042.8</ele></trkpt>
      <trkpt lat="46.74474876806826" lon="7.930478460643426">
      <ele>2044.6</ele></trkpt>
      <trkpt lat="46.74468367581071" lon="7.930459625210272">
      <ele>2046.4</ele></trkpt>
      <trkpt lat="46.74461159662396" lon="7.930446431642385">
      <ele>2048.3</ele></trkpt>
      <trkpt lat="46.74455415812802" lon="7.930436302850767">
      <ele>2050.1</ele></trkpt>
      <trkpt lat="46.74452964367007" lon="7.930415730595958">
      <ele>2051.9</ele></trkpt>
      <trkpt lat="46.74450744573125" lon="7.930414965540128">
      <ele>2053.7</ele></trkpt>
      <trkpt lat="46.74447439019093" lon="7.930409992499037">
      <ele>2055.6</ele></trkpt>
      <trkpt lat="46.74442981095551" lon="7.930384199274869">
      <ele>2057.6</ele></trkpt>
      <trkpt lat="46.74441224842958" lon="7.930353574982131">
      <ele>2059.5</ele></trkpt>
      <trkpt lat="46.744379632621104" lon="7.93033422449265">
      <ele>2061.5</ele></trkpt>
      <trkpt lat="46.74436118284821" lon="7.930327892833276">
      <ele>2063.4</ele></trkpt>
      <trkpt lat="46.74431808298479" lon="7.930284434062015">
      <ele>2065.4</ele></trkpt>
      <trkpt lat="46.744311948421355" lon="7.930261346841203">
      <ele>2067.3</ele></trkpt>
      <trkpt lat="46.74428340611545" lon="7.930211006738156">
      <ele>2069.3</ele></trkpt>
      <trkpt lat="46.74427453081966" lon="7.930252002706549">
      <ele>2071.2</ele></trkpt>
      <trkpt lat="46.74423738439239" lon="7.930275781608807">
      <ele>2073.1</ele></trkpt>
      <trkpt lat="46.74424417892776" lon="7.930245876688685">
      <ele>2075.1</ele></trkpt>
      <trkpt lat="46.74422135378091" lon="7.930234087620131">
      <ele>2077.0</ele></trkpt>
      <trkpt lat="46.744236724398476" lon="7.930192980756199">
      <ele>2079.0</ele></trkpt>
      <trkpt lat="46.744197625967104" lon="7.930177052222264">
      <ele>2080.9</ele></trkpt>
      <trkpt lat="46.744195204608346" lon="7.9301439750630225">
      <ele>2082.9</ele></trkpt>
      <trkpt lat="46.74416749065223" lon="7.930128974710787">
      <ele>2084.8</ele></trkpt>
      <trkpt lat="46.744158534342695" lon="7.930092671242177">
      <ele>2086.8</ele></trkpt>
      <trkpt lat="46.7441457268297" lon="7.930081693241765">
      <ele>2088.7</ele></trkpt>
      <trkpt lat="46.74412941123078" lon="7.9300894746833865">
      <ele>2090.7</ele></trkpt>
      <trkpt lat="46.74412306385965" lon="7.930084470378824">
      <ele>2092.6</ele></trkpt>
      <trkpt lat="46.74412226587284" lon="7.930069231090089">
      <ele>2093.3</ele></trkpt>
      <trkpt lat="46.74410541116274" lon="7.930064327361508">
      <ele>2094.0</ele></trkpt>
      <trkpt lat="46.74409879315951" lon="7.930057410052356">
      <ele>2094.7</ele></trkpt>
      <trkpt lat="46.74409332605024" lon="7.930027629040288">
      <ele>2095.4</ele></trkpt>
      <trkpt lat="46.74406406184838" lon="7.930013321295236">
      <ele>2096.1</ele></trkpt>
      <trkpt lat="46.74403421301369" lon="7.930013625197436">
      <ele>2096.8</ele></trkpt>
      <trkpt lat="46.7440176363817" lon="7.93000681348543">
      <ele>2097.5</ele></trkpt>
      <trkpt lat="46.74400412504674" lon="7.9299942457299295">
      <ele>2098.2</ele></trkpt>
      <trkpt lat="46.74398584522582" lon="7.9300090364118905">
      <ele>2098.9</ele></trkpt>
      <trkpt lat="46.7439737406237" lon="7.929983133867141">
      <ele>2099.6</ele></trkpt>
      <trkpt lat="46.743948630197615" lon="7.929963066962094">
      <ele>2100.3</ele></trkpt>
      <trkpt lat="46.743927906073466" lon="7.9299626426705805">
      <ele>2101.0</ele></trkpt>
      <trkpt lat="46.74392352517353" lon="7.929941743880582">
      <ele>2101.7</ele></trkpt>
      <trkpt lat="46.743901256701264" lon="7.929884198781494">
      <ele>2102.4</ele></trkpt>
      <trkpt lat="46.74388304119963" lon="7.929873590386546">
      <ele>2103.1</ele></trkpt>
      <trkpt lat="46.743869011781015" lon="7.929841349922624">
      <ele>2103.8</ele></trkpt>
      <trkpt lat="46.74383270643" lon="7.929755372421261">
      <ele>2104.5</ele></trkpt>
      <trkpt lat="46.74379437462582" lon="7.929713868471854">
      <ele>2105.2</ele></trkpt>
      <trkpt lat="46.743754443963326" lon="7.929642527404947">
      <ele>2105.9</ele></trkpt>
      <trkpt lat="46.74372327507546" lon="7.929613009975498">
      <ele>2106.6</ele></trkpt>
      <trkpt lat="46.74370397245126" lon="7.929591622179547">
      <ele>2106.4</ele></trkpt>
      <trkpt lat="46.74367507568923" lon="7.929531596270045">
      <ele>2106.1</ele></trkpt>
      <trkpt lat="46.74363905699226" lon="7.929491880232263">
      <ele>2105.9</ele></trkpt>
      <trkpt lat="46.743606894353874" lon="7.92944450487879">
      <ele>2105.6</ele></trkpt>
      <trkpt lat="46.74358034847645" lon="7.9294193349285536">
      <ele>2105.4</ele></trkpt>
      <trkpt lat="46.743540590647044" lon="7.9293663422074685">
      <ele>2105.2</ele></trkpt>
      <trkpt lat="46.74352548355957" lon="7.9293357410876375">
      <ele>2104.9</ele></trkpt>
      <trkpt lat="46.74347245124416" lon="7.929271557192688">
      <ele>2104.7</ele></trkpt>
      <trkpt lat="46.74343824161998" lon="7.929254627153051">
      <ele>2104.4</ele></trkpt>
      <trkpt lat="46.743423167337305" lon="7.929218478060346">
      <ele>2104.2</ele></trkpt>
      <trkpt lat="46.74338908572156" lon="7.929173846704649">
      <ele>2104.0</ele></trkpt>
      <trkpt lat="46.743356887253746" lon="7.929134780881008">
      <ele>2103.7</ele></trkpt>
      <trkpt lat="46.74334366332687" lon="7.929109732318453">
      <ele>2103.5</ele></trkpt>
      <trkpt lat="46.74331709359798" lon="7.929090097703697">
      <ele>2103.2</ele></trkpt>
      <trkpt lat="46.743289617916865" lon="7.929059384349803">
      <ele>2103.0</ele></trkpt>
      <trkpt lat="46.7432580433554" lon="7.929027940225129">
      <ele>2102.8</ele></trkpt>
      <trkpt lat="46.743203469786444" lon="7.928985360525819">
      <ele>2102.5</ele></trkpt>
      <trkpt lat="46.743183009356784" lon="7.9289675219483495">
      <ele>2102.3</ele></trkpt>
      <trkpt lat="46.74316043452189" lon="7.928947688227816">
      <ele>2102.0</ele></trkpt>
      <trkpt lat="46.743112210040664" lon="7.928939045214095">
      <ele>2101.8</ele></trkpt>
      <trkpt lat="46.743047194050185" lon="7.9289275277921645">
      <ele>2103.5</ele></trkpt>
      <trkpt lat="46.74301939807422" lon="7.92891273701074">
      <ele>2105.3</ele></trkpt>
      <trkpt lat="46.7429805816844" lon="7.928896027189899">
      <ele>2107.0</ele></trkpt>
      <trkpt lat="46.74292502644316" lon="7.928891413437408">
      <ele>2108.7</ele></trkpt>
      <trkpt lat="46.74285374119168" lon="7.928883921855264">
      <ele>2110.5</ele></trkpt>
      <trkpt lat="46.742794486099484" lon="7.928867353519566">
      <ele>2112.2</ele></trkpt>
      <trkpt lat="46.742746252215824" lon="7.928856708455307">
      <ele>2113.9</ele></trkpt>
      <trkpt lat="46.74270059945318" lon="7.9288210672329065">
      <ele>2115.6</ele></trkpt>
      <trkpt lat="46.74265021703137" lon="7.9287744697353775">
      <ele>2117.4</ele></trkpt>
      <trkpt lat="46.74261296379478" lon="7.928747763876678">
      <ele>2119.1</ele></trkpt>
      <trkpt lat="46.742572049301245" lon="7.928721064051615">
      <ele>2120.8</ele></trkpt>
      <trkpt lat="46.74255575739272" lon="7.9286981995440255">
      <ele>2122.6</ele></trkpt>
      <trkpt lat="46.742529029679275" lon="7.928694397486753">
      <ele>2124.3</ele></trkpt>
      <trkpt lat="46.74249544804521" lon="7.9286736528392465">
      <ele>2126.0</ele></trkpt>
      <trkpt lat="46.74245034905124" lon="7.928661976555058">
      <ele>2127.8</ele></trkpt>
      <trkpt lat="46.74240840249653" lon="7.9286472799999785">
      <ele>2129.5</ele></trkpt>
      <trkpt lat="46.74236593923111" lon="7.928635601525081">
      <ele>2131.2</ele></trkpt>
      <trkpt lat="46.74233446772631" lon="7.928617846548409">
      <ele>2132.9</ele></trkpt>
      <trkpt lat="46.742297246909246" lon="7.928617115932509">
      <ele>2134.7</ele></trkpt>
      <trkpt lat="46.7422663220326" lon="7.928610331582102">
      <ele>2136.4</ele></trkpt>
      <trkpt lat="46.7422573690079" lon="7.928596209556389">
      <ele>2135.6</ele></trkpt>
    </trkseg>
    <trkseg>
      <trkpt lat="46.7422573690079" lon="7.928596209556389">
      <ele>2134.8</ele></trkpt>
      <trkpt lat="46.74225371453033" lon="7.928590444929845">
      <ele>2134.0</ele></trkpt>
      <trkpt lat="46.742234741992235" lon="7.928525630414536">
      <ele>2133.3</ele></trkpt>
      <trkpt lat="46.74222203743891" lon="7.928450783961574">
      <ele>2132.5</ele></trkpt>
      <trkpt lat="46.74221296426404" lon="7.928340940726981">
      <ele>2131.7</ele></trkpt>
      <trkpt lat="46.742176571300405" lon="7.92819332051979">
      <ele>2130.9</ele></trkpt>
      <trkpt lat="46.74212858276114" lon="7.9280058286656265">
      <ele>2130.1</ele></trkpt>
      <trkpt lat="46.74208010955436" lon="7.927845301823201">
      <ele>2129.3</ele></trkpt>
      <trkpt lat="46.74204694861176" lon="7.927753625623844">
      <ele>2128.6</ele></trkpt>
      <trkpt lat="46.742021093171715" lon="7.927644886950846">
      <ele>2127.8</ele></trkpt>
      <trkpt lat="46.74199955892045" lon="7.927613077409522">
      <ele>2127.0</ele></trkpt>
      <trkpt lat="46.74199637340038" lon="7.927588120833215">
      <ele>2126.2</ele></trkpt>
      <trkpt lat="46.74196324927179" lon="7.927521412214298">
      <ele>2125.4</ele></trkpt>
      <trkpt lat="46.74195691989354" lon="7.927497474004301">
      <ele>2124.6</ele></trkpt>
      <trkpt lat="46.74192169447943" lon="7.927427789153912">
      <ele>2123.8</ele></trkpt>
      <trkpt lat="46.74185969058344" lon="7.927328315033648">
      <ele>2123.1</ele></trkpt>
      <trkpt lat="46.74181294781964" lon="7.9272676989472695">
      <ele>2122.3</ele></trkpt>
      <trkpt lat="46.74175679327506" lon="7.9272181333656055">
      <ele>2121.5</ele></trkpt>
      <trkpt lat="46.74169275036452" lon="7.927153657685707">
      <ele>2120.7</ele></trkpt>
      <trkpt lat="46.741684313153854" lon="7.927117753645214">
      <ele>2120.1</ele></trkpt>
      <trkpt lat="46.74165179924692" lon="7.927105996506594">
      <ele>2119.4</ele></trkpt>
      <trkpt lat="46.74159928395732" lon="7.9270384195438375">
      <ele>2118.8</ele></trkpt>
      <trkpt lat="46.741566638540505" lon="7.926941737658179">
      <ele>2118.2</ele></trkpt>
      <trkpt lat="46.741534626563165" lon="7.9269219900784424">
      <ele>2117.6</ele></trkpt>
      <trkpt lat="46.74152145993868" lon="7.926877119208637">
      <ele>2116.9</ele></trkpt>
      <trkpt lat="46.74149152108327" lon="7.9268353679090024">
      <ele>2116.3</ele></trkpt>
      <trkpt lat="46.74147783443926" lon="7.9267985005839465">
      <ele>2115.7</ele></trkpt>
      <trkpt lat="46.741455315206196" lon="7.926807652792625">
      <ele>2115.1</ele></trkpt>
      <trkpt lat="46.741401295018974" lon="7.9267890408945885">
      <ele>2114.4</ele></trkpt>
      <trkpt lat="46.74136245955377" lon="7.926749368312086">
      <ele>2113.8</ele></trkpt>
      <trkpt lat="46.7413093656574" lon="7.926718189967896">
      <ele>2113.2</ele></trkpt>
      <trkpt lat="46.74128799805804" lon="7.926704152476723">
      <ele>2112.6</ele></trkpt>
      <trkpt lat="46.74127027720048" lon="7.926674563475597">
      <ele>2111.9</ele></trkpt>
      <trkpt lat="46.741241879969785" lon="7.926636215501164">
      <ele>2111.3</ele></trkpt>
      <trkpt lat="46.74122651164855" lon="7.926611842658947">
      <ele>2110.7</ele></trkpt>
      <trkpt lat="46.74119330404763" lon="7.926585581235179">
      <ele>2110.1</ele></trkpt>
      <trkpt lat="46.74113982168665" lon="7.926569513043185">
      <ele>2109.4</ele></trkpt>
      <trkpt lat="46.74107322891907" lon="7.926558534217768">
      <ele>2108.8</ele></trkpt>
      <trkpt lat="46.741042270356175" lon="7.926561708717047">
      <ele>2108.2</ele></trkpt>
      <trkpt lat="46.74101008739466" lon="7.926573534520764">
      <ele>2107.9</ele></trkpt>
      <trkpt lat="46.74098751181163" lon="7.9265664082913">
      <ele>2107.6</ele></trkpt>
      <trkpt lat="46.740978074599724" lon="7.926545543705149">
      <ele>2107.3</ele></trkpt>
      <trkpt lat="46.74096517874762" lon="7.926500427222076">
      <ele>2107.0</ele></trkpt>
      <trkpt lat="46.740940396923605" lon="7.926451735722545">
      <ele>2106.7</ele></trkpt>
      <trkpt lat="46.74092337322208" lon="7.926397919605882">
      <ele>2106.4</ele></trkpt>
      <trkpt lat="46.74091157597995" lon="7.926373579260152">
      <ele>2106.1</ele></trkpt>
      <trkpt lat="46.74089405312409" lon="7.926295511920429">
      <ele>2105.8</ele></trkpt>
      <trkpt lat="46.7408727979702" lon="7.926257242051662">
      <ele>2105.5</ele></trkpt>
      <trkpt lat="46.740857429567434" lon="7.926232869484151">
      <ele>2105.2</ele></trkpt>
      <trkpt lat="46.74085159454894" lon="7.9262068558505625">
      <ele>2105.0</ele></trkpt>
      <trkpt lat="46.74083029505536" lon="7.926178962150169">
      <ele>2104.7</ele></trkpt>
      <trkpt lat="46.74082222237481" lon="7.926158738109688">
      <ele>2104.4</ele></trkpt>
      <trkpt lat="46.74079465940892" lon="7.926135642425089">
      <ele>2104.1</ele></trkpt>
      <trkpt lat="46.740779020060785" lon="7.926117836205811">
      <ele>2103.8</ele></trkpt>
      <trkpt lat="46.740740563788755" lon="7.926094642136523">
      <ele>2103.5</ele></trkpt>
      <trkpt lat="46.740717062774905" lon="7.92608092597816">
      <ele>2103.2</ele></trkpt>
      <trkpt lat="46.740694312273874" lon="7.9260578738571565">
      <ele>2102.9</ele></trkpt>
      <trkpt lat="46.74066442397559" lon="7.9260337104648455">
      <ele>2102.6</ele></trkpt>
      <trkpt lat="46.740634571085366" lon="7.92600125148047">
      <ele>2102.3</ele></trkpt>
      <trkpt lat="46.74059257918104" lon="7.925969703516478">
      <ele>2102.3</ele></trkpt>
      <trkpt lat="46.740551928772874" lon="7.925958959873771">
      <ele>2102.3</ele></trkpt>
      <trkpt lat="46.740539061208466" lon="7.925961957887243">
      <ele>2102.3</ele></trkpt>
      <trkpt lat="46.74050065371554" lon="7.92592732814434">
      <ele>2102.2</ele></trkpt>
      <trkpt lat="46.740479986429186" lon="7.925917798756449">
      <ele>2102.2</ele></trkpt>
      <trkpt lat="46.740461424559065" lon="7.925916597388611">
      <ele>2102.2</ele></trkpt>
      <trkpt lat="46.740437252652065" lon="7.925891452089382">
      <ele>2102.2</ele></trkpt>
      <trkpt lat="46.74043027010285" lon="7.9258560725382585">
      <ele>2102.2</ele></trkpt>
      <trkpt lat="46.740389072928984" lon="7.925804812862852">
      <ele>2102.2</ele></trkpt>
      <trkpt lat="46.74034779600797" lon="7.925772237935986">
      <ele>2102.2</ele></trkpt>
      <trkpt lat="46.740320031995594" lon="7.9257498605124805">
      <ele>2102.1</ele></trkpt>
      <trkpt lat="46.74029270747892" lon="7.925732001402853">
      <ele>2102.1</ele></trkpt>
      <trkpt lat="46.74023773583151" lon="7.925725512171447">
      <ele>2102.1</ele></trkpt>
      <trkpt lat="46.740197851307336" lon="7.9257060349377575">
      <ele>2102.1</ele></trkpt>
      <trkpt lat="46.74016742137027" lon="7.925667539039008">
      <ele>2102.1</ele></trkpt>
      <trkpt lat="46.740150948881805" lon="7.9256573410886695">
      <ele>2102.1</ele></trkpt>
      <trkpt lat="46.74011476929333" lon="7.9255896531680365">
      <ele>2102.0</ele></trkpt>
      <trkpt lat="46.74006513859812" lon="7.9255056971344295">
      <ele>2102.0</ele></trkpt>
      <trkpt lat="46.74002464084427" lon="7.925438048970729">
      <ele>2102.0</ele></trkpt>
      <trkpt lat="46.73997857528461" lon="7.925385045039641">
      <ele>2102.0</ele></trkpt>
      <trkpt lat="46.73993166535809" lon="7.925338078808709">
      <ele>2101.2</ele></trkpt>
      <trkpt lat="46.73987395302913" lon="7.92529289944372">
      <ele>2100.4</ele></trkpt>
      <trkpt lat="46.73980322426048" lon="7.9252392153701265">
      <ele>2099.6</ele></trkpt>
      <trkpt lat="46.73976194040184" lon="7.925191344962211">
      <ele>2098.8</ele></trkpt>
      <trkpt lat="46.739732770283176" lon="7.925144264275758">
      <ele>2098.1</ele></trkpt>
      <trkpt lat="46.739681020520685" lon="7.925074094655064">
      <ele>2097.3</ele></trkpt>
      <trkpt lat="46.73966925548378" lon="7.925052686456858">
      <ele>2096.5</ele></trkpt>
      <trkpt lat="46.739640193071985" lon="7.92503309813544">
      <ele>2095.7</ele></trkpt>
      <trkpt lat="46.73962881920135" lon="7.925002220070514">
      <ele>2094.9</ele></trkpt>
      <trkpt lat="46.73960183479233" lon="7.924959398788548">
      <ele>2094.1</ele></trkpt>
      <trkpt lat="46.739581461682256" lon="7.924948367828264">
      <ele>2093.3</ele></trkpt>
      <trkpt lat="46.73951881898079" lon="7.9248610901737715">
      <ele>2092.5</ele></trkpt>
      <trkpt lat="46.73950365950054" lon="7.924855183155895">
      <ele>2091.7</ele></trkpt>
      <trkpt lat="46.739471436731165" lon="7.924800355341601">
      <ele>2090.9</ele></trkpt>
      <trkpt lat="46.739416270927286" lon="7.924742272121222">
      <ele>2090.1</ele></trkpt>
      <trkpt lat="46.73938065706023" lon="7.924706386831854">
      <ele>2089.4</ele></trkpt>
      <trkpt lat="46.73934337386337" lon="7.924688608947431">
      <ele>2088.6</ele></trkpt>
      <trkpt lat="46.739307742212446" lon="7.924648444867527">
      <ele>2087.8</ele></trkpt>
      <trkpt lat="46.73928175737278" lon="7.924639156144821">
      <ele>2087.0</ele></trkpt>
      <trkpt lat="46.73924059131725" lon="7.924624836988711">
      <ele>2086.2</ele></trkpt>
      <trkpt lat="46.73920981384919" lon="7.924608727228744">
      <ele>2085.6</ele></trkpt>
      <trkpt lat="46.73918158151301" lon="7.924577972437207">
      <ele>2084.9</ele></trkpt>
      <trkpt lat="46.73915505877266" lon="7.924542888949158">
      <ele>2084.3</ele></trkpt>
      <trkpt lat="46.739109068538916" lon="7.924512249080326">
      <ele>2083.6</ele></trkpt>
      <trkpt lat="46.73908434527717" lon="7.924496102351537">
      <ele>2083.0</ele></trkpt>
      <trkpt lat="46.73906136364785" lon="7.924480782572094">
      <ele>2082.4</ele></trkpt>
      <trkpt lat="46.7390530566451" lon="7.924458476875561">
      <ele>2081.7</ele></trkpt>
      <trkpt lat="46.73902834412806" lon="7.92444403129417">
      <ele>2081.1</ele></trkpt>
      <trkpt lat="46.73901958762428" lon="7.924417429793487">
      <ele>2080.4</ele></trkpt>
      <trkpt lat="46.73899652457078" lon="7.924383188888663">
      <ele>2079.8</ele></trkpt>
      <trkpt lat="46.73898131036466" lon="7.924362652904047">
      <ele>2079.2</ele></trkpt>
      <trkpt lat="46.73897256251366" lon="7.9243403563749375">
      <ele>2078.5</ele></trkpt>
      <trkpt lat="46.73895083920228" lon="7.924314711134642">
      <ele>2077.9</ele></trkpt>
      <trkpt lat="46.738932087167285" lon="7.924277852936249">
      <ele>2077.2</ele></trkpt>
      <trkpt lat="46.73889953475274" lon="7.9242497026932375">
      <ele>2076.6</ele></trkpt>
      <trkpt lat="46.73887124727981" lon="7.924208623984269">
      <ele>2076.0</ele></trkpt>
      <trkpt lat="46.73883602790872" lon="7.924162432266103">
      <ele>2075.3</ele></trkpt>
      <trkpt lat="46.738794334818735" lon="7.924119728290407">
      <ele>2074.7</ele></trkpt>
      <trkpt lat="46.7387508453916" lon="7.92406155528438">
      <ele>2074.0</ele></trkpt>
      <trkpt lat="46.73873818492999" lon="7.924030666360565">
      <ele>2073.4</ele></trkpt>
      <trkpt lat="46.73870169812623" lon="7.923994813394909">
      <ele>2072.9</ele></trkpt>
      <trkpt lat="46.73866083486657" lon="7.92394522153805">
      <ele>2072.3</ele></trkpt>
      <trkpt lat="46.73863645151941" lon="7.923904112863531">
      <ele>2071.8</ele></trkpt>
      <trkpt lat="46.738600401830205" lon="7.923869114480444">
      <ele>2071.2</ele></trkpt>
      <trkpt lat="46.738568621120166" lon="7.923815993147187">
      <ele>2070.7</ele></trkpt>
      <trkpt lat="46.7385174702558" lon="7.923788866828463">
      <ele>2070.2</ele></trkpt>
      <trkpt lat="46.73845938202241" lon="7.923760029529926">
      <ele>2069.6</ele></trkpt>
      <trkpt lat="46.73842086003405" lon="7.923754305409777">
      <ele>2069.1</ele></trkpt>
      <trkpt lat="46.73838750209064" lon="7.923744218243395">
      <ele>2068.5</ele></trkpt>
      <trkpt lat="46.73836190451814" lon="7.923726337065495">
      <ele>2068.0</ele></trkpt>
      <trkpt lat="46.73831288633713" lon="7.923690568163242">
      <ele>2067.5</ele></trkpt>
      <trkpt lat="46.738251299114296" lon="7.92365318161778">
      <ele>2066.9</ele></trkpt>
      <trkpt lat="46.73821050322129" lon="7.923617342835864">
      <ele>2066.4</ele></trkpt>
      <trkpt lat="46.738165050734125" lon="7.923612524798206">
      <ele>2065.8</ele></trkpt>
      <trkpt lat="46.73812423879103" lon="7.923574108320464">
      <ele>2065.3</ele></trkpt>
      <trkpt lat="46.738061857109216" lon="7.923552206888171">
      <ele>2064.8</ele></trkpt>
      <trkpt lat="46.73803323319622" lon="7.923535214621722">
      <ele>2064.2</ele></trkpt>
      <trkpt lat="46.73799361230446" lon="7.923468402694478">
      <ele>2063.7</ele></trkpt>
      <trkpt lat="46.73793271503397" lon="7.923387150767533">
      <ele>2063.1</ele></trkpt>
      <trkpt lat="46.73789806219327" lon="7.92334304590301">
      <ele>2062.6</ele></trkpt>
      <trkpt lat="46.73785657567779" lon="7.9233045845071315">
      <ele>2062.5</ele></trkpt>
      <trkpt lat="46.737837694272656" lon="7.923266339302343">
      <ele>2062.4</ele></trkpt>
      <trkpt lat="46.73780447122773" lon="7.923243535734013">
      <ele>2062.3</ele></trkpt>
      <trkpt lat="46.73776774313447" lon="7.9232051303025015">
      <ele>2062.3</ele></trkpt>
      <trkpt lat="46.737728748831685" lon="7.923139004962118">
      <ele>2062.2</ele></trkpt>
      <trkpt lat="46.73769685433808" lon="7.923085059583831">
      <ele>2062.1</ele></trkpt>
      <trkpt lat="46.73765542480467" lon="7.923031028664135">
      <ele>2062.0</ele></trkpt>
      <trkpt lat="46.73758315756391" lon="7.922955943076698">
      <ele>2061.9</ele></trkpt>
      <trkpt lat="46.73752213697324" lon="7.922893074710702">
      <ele>2061.8</ele></trkpt>
      <trkpt lat="46.73748299564985" lon="7.922861569661486">
      <ele>2061.8</ele></trkpt>
      <trkpt lat="46.73744387634822" lon="7.922824870388644">
      <ele>2061.7</ele></trkpt>
      <trkpt lat="46.73740713346385" lon="7.92278991962014">
      <ele>2061.6</ele></trkpt>
      <trkpt lat="46.73739296068976" lon="7.922765560341061">
      <ele>2061.5</ele></trkpt>
      <trkpt lat="46.73735979624344" lon="7.922728914628288">
      <ele>2061.4</ele></trkpt>
      <trkpt lat="46.737325384038215" lon="7.922704373801044">
      <ele>2061.3</ele></trkpt>
      <trkpt lat="46.7373041130273" lon="7.922669561993321">
      <ele>2061.2</ele></trkpt>
      <trkpt lat="46.73726735539506" lon="7.9226380786173065">
      <ele>2061.2</ele></trkpt>
      <trkpt lat="46.7372091929767" lon="7.922601208838186">
      <ele>2061.1</ele></trkpt>
      <trkpt lat="46.73717599181589" lon="7.922573211701479">
      <ele>2061.0</ele></trkpt>
      <trkpt lat="46.73713802475962" lon="7.922546912056437">
      <ele>2060.9</ele></trkpt>
      <trkpt lat="46.737104779551636" lon="7.922529303463616">
      <ele>2061.1</ele></trkpt>
      <trkpt lat="46.73706678152916" lon="7.922508184952942">
      <ele>2061.4</ele></trkpt>
      <trkpt lat="46.73703117619628" lon="7.922487101013378">
      <ele>2061.6</ele></trkpt>
      <trkpt lat="46.736994389179344" lon="7.922462539194642">
      <ele>2061.9</ele></trkpt>
      <trkpt lat="46.736955167057594" lon="7.922450071525564">
      <ele>2062.1</ele></trkpt>
      <trkpt lat="46.73691840941896" lon="7.922418575419057">
      <ele>2062.3</ele></trkpt>
      <trkpt lat="46.73688168836301" lon="7.9223784441359975">
      <ele>2062.6</ele></trkpt>
      <trkpt lat="46.73684139621509" lon="7.922338267808659">
      <ele>2062.8</ele></trkpt>
      <trkpt lat="46.736814104183004" lon="7.922318985702461">
      <ele>2063.1</ele></trkpt>
      <trkpt lat="46.736758268445044" lon="7.922297707552455">
      <ele>2063.3</ele></trkpt>
      <trkpt lat="46.73673689297515" lon="7.922285400035444">
      <ele>2063.5</ele></trkpt>
      <trkpt lat="46.73671444908842" lon="7.922247124052571">
      <ele>2063.8</ele></trkpt>
      <trkpt lat="46.73669547937044" lon="7.922229643733805">
      <ele>2064.0</ele></trkpt>
      <trkpt lat="46.736649160640326" lon="7.922208451019994">
      <ele>2064.3</ele></trkpt>
      <trkpt lat="46.736588572003534" lon="7.922183676253198">
      <ele>2064.5</ele></trkpt>
      <trkpt lat="46.7365635976962" lon="7.922179998232512">
      <ele>2064.7</ele></trkpt>
      <trkpt lat="46.73655055922963" lon="7.92216602533819">
      <ele>2065.0</ele></trkpt>
      <trkpt lat="46.73653629100662" lon="7.9221641703713725">
      <ele>2065.2</ele></trkpt>
      <trkpt lat="46.73651132406892" lon="7.922158752247668">
      <ele>2065.5</ele></trkpt>
      <trkpt lat="46.73647565836044" lon="7.922149784058839">
      <ele>2065.7</ele></trkpt>
      <trkpt lat="46.73644236909047" lon="7.9221425642732015">
      <ele>2065.9</ele></trkpt>
      <trkpt lat="46.73641378707461" lon="7.922147489424485">
      <ele>2066.2</ele></trkpt>
      <trkpt lat="46.736384105565975" lon="7.922131653426823">
      <ele>2066.4</ele></trkpt>
      <trkpt lat="46.736361579380116" lon="7.922110674117513">
      <ele>2066.7</ele></trkpt>
      <trkpt lat="46.73634017620326" lon="7.922107028145762">
      <ele>2066.9</ele></trkpt>
      <trkpt lat="46.73631170412055" lon="7.922085995587188">
      <ele>2067.2</ele></trkpt>
      <trkpt lat="46.736277269777446" lon="7.922066649804021">
      <ele>2067.4</ele></trkpt>
      <trkpt lat="46.736252361452" lon="7.922047389394111">
      <ele>2067.7</ele></trkpt>
      <trkpt lat="46.73624766161039" lon="7.922033491320458">
      <ele>2067.9</ele></trkpt>
      <trkpt lat="46.736201372092346" lon="7.922005390862263">
      <ele>2068.2</ele></trkpt>
      <trkpt lat="46.73618719015379" lon="7.921981032253086">
      <ele>2068.4</ele></trkpt>
      <trkpt lat="46.73616823507327" lon="7.921960085072977">
      <ele>2068.7</ele></trkpt>
      <trkpt lat="46.73613852423557" lon="7.921951170414663">
      <ele>2068.9</ele></trkpt>
      <trkpt lat="46.7361029171679" lon="7.921928347022385">
      <ele>2069.2</ele></trkpt>
      <trkpt lat="46.73605662031223" lon="7.921901973747323">
      <ele>2069.4</ele></trkpt>
      <trkpt lat="46.73603528314738" lon="7.921882732393312">
      <ele>2069.7</ele></trkpt>
      <trkpt lat="46.735987789906105" lon="7.9218563484758056">
      <ele>2069.9</ele></trkpt>
      <trkpt lat="46.73595221211409" lon="7.921826604069576">
      <ele>2070.2</ele></trkpt>
      <trkpt lat="46.735940355303406" lon="7.921816109243788">
      <ele>2070.4</ele></trkpt>
      <trkpt lat="46.73592619693804" lon="7.921788296855954">
      <ele>2070.7</ele></trkpt>
      <trkpt lat="46.735913167417976" lon="7.921774324301917">
      <ele>2071.1</ele></trkpt>
      <trkpt lat="46.73590254925461" lon="7.921751724871957">
      <ele>2071.6</ele></trkpt>
      <trkpt lat="46.735864640580864" lon="7.921711584167452">
      <ele>2072.0</ele></trkpt>
      <trkpt lat="46.73581364210033" lon="7.921669586174291">
      <ele>2072.4</ele></trkpt>
      <trkpt lat="46.735769749281474" lon="7.921636300320966">
      <ele>2072.8</ele></trkpt>
      <trkpt lat="46.73574959939534" lon="7.921617082886523">
      <ele>2073.3</ele></trkpt>
      <trkpt lat="46.7357140305354" lon="7.921587338849853">
      <ele>2073.7</ele></trkpt>
      <trkpt lat="46.73568558763407" lon="7.921559385703385">
      <ele>2074.1</ele></trkpt>
      <trkpt lat="46.735653632145336" lon="7.92151755842092">
      <ele>2074.6</ele></trkpt>
      <trkpt lat="46.73562996234966" lon="7.921486193918885">
      <ele>2075.0</ele></trkpt>
      <trkpt lat="46.73561696936993" lon="7.921463573413519">
      <ele>2075.4</ele></trkpt>
      <trkpt lat="46.735589706458185" lon="7.921437371093321">
      <ele>2075.9</ele></trkpt>
      <trkpt lat="46.735569549234434" lon="7.92141988079931">
      <ele>2076.3</ele></trkpt>
      <trkpt lat="46.73555651961345" lon="7.92140592150998">
      <ele>2076.7</ele></trkpt>
      <trkpt lat="46.735548219290706" lon="7.92139891280833">
      <ele>2077.2</ele></trkpt>
      <trkpt lat="46.73552814256016" lon="7.921362386284376">
      <ele>2077.6</ele></trkpt>
      <trkpt lat="46.73551390925458" lon="7.921350143316592">
      <ele>2078.0</ele></trkpt>
      <trkpt lat="46.73550081373562" lon="7.9213517663069855">
      <ele>2078.4</ele></trkpt>
      <trkpt lat="46.73547935935807" lon="7.9213602227717494">
      <ele>2078.9</ele></trkpt>
      <trkpt lat="46.73546023580992" lon="7.9213790886341116">
      <ele>2079.3</ele></trkpt>
      <trkpt lat="46.73544471996469" lon="7.921389338361861">
      <ele>2079.4</ele></trkpt>
      <trkpt lat="46.73544243306443" lon="7.921368540805659">
      <ele>2079.6</ele></trkpt>
      <trkpt lat="46.73544252086414" lon="7.921347777580184">
      <ele>2079.7</ele></trkpt>
      <trkpt lat="46.73543429367251" lon="7.921323472758614">
      <ele>2079.8</ele></trkpt>
      <trkpt lat="46.735420053060494" lon="7.921312956819632">
      <ele>2080.0</ele></trkpt>
      <trkpt lat="46.73541052137378" lon="7.9213163387597865">
      <ele>2080.1</ele></trkpt>
      <trkpt lat="46.73539156616976" lon="7.921295392114784">
      <ele>2080.2</ele></trkpt>
      <trkpt lat="46.73537138696365" lon="7.9212830960084455">
      <ele>2080.3</ele></trkpt>
      <trkpt lat="46.73535125897654" lon="7.921258684779293">
      <ele>2080.5</ele></trkpt>
      <trkpt lat="46.735329972863504" lon="7.921227341887293">
      <ele>2080.6</ele></trkpt>
      <trkpt lat="46.735312199361516" lon="7.9212098730758544">
      <ele>2080.7</ele></trkpt>
      <trkpt lat="46.7352896436919" lon="7.921195828707151">
      <ele>2080.9</ele></trkpt>
      <trkpt lat="46.73527307952005" lon="7.921173176477159">
      <ele>2081.0</ele></trkpt>
      <trkpt lat="46.73526007182309" lon="7.921154023264383">
      <ele>2081.1</ele></trkpt>
      <trkpt lat="46.73523877838183" lon="7.921124407458115">
      <ele>2081.2</ele></trkpt>
      <trkpt lat="46.73522689955293" lon="7.921119106981964">
      <ele>2081.4</ele></trkpt>
      <trkpt lat="46.73520557515551" lon="7.921094685181806">
      <ele>2081.5</ele></trkpt>
      <trkpt lat="46.735190163436464" lon="7.921082431821322">
      <ele>2081.6</ele></trkpt>
      <trkpt lat="46.73516654477248" lon="7.921038939605688">
      <ele>2081.8</ele></trkpt>
      <trkpt lat="46.73513927446441" lon="7.921014464707148">
      <ele>2081.9</ele></trkpt>
      <trkpt lat="46.735106109448196" lon="7.920977821601468">
      <ele>2081.5</ele></trkpt>
      <trkpt lat="46.735068149368125" lon="7.9209497840187595">
      <ele>2081.0</ele></trkpt>
      <trkpt lat="46.735030194878085" lon="7.920918292425518">
      <ele>2080.6</ele></trkpt>
      <trkpt lat="46.735014774144474" lon="7.920906039074849">
      <ele>2080.1</ele></trkpt>
      <trkpt lat="46.7349851875227" lon="7.920867701053895">
      <ele>2079.7</ele></trkpt>
      <trkpt lat="46.73495081319456" lon="7.920836228478669">
      <ele>2079.2</ele></trkpt>
      <trkpt lat="46.734934219661746" lon="7.920820510594857">
      <ele>2078.8</ele></trkpt>
      <trkpt lat="46.73494614068279" lon="7.920813695854665">
      <ele>2078.3</ele></trkpt>
      <trkpt lat="46.73497586060832" lon="7.920822609770036">
      <ele>2077.9</ele></trkpt>
      <trkpt lat="46.734987805269135" lon="7.920812328055301">
      <ele>2077.4</ele></trkpt>
      <trkpt lat="46.73498427795698" lon="7.920801921158731">
      <ele>2077.0</ele></trkpt>
      <trkpt lat="46.73495232953734" lon="7.920758354803059">
      <ele>2076.6</ele></trkpt>
      <trkpt lat="46.734945274957425" lon="7.920737527948845">
      <ele>2076.1</ele></trkpt>
      <trkpt lat="46.734967889143" lon="7.920737730007101">
      <ele>2075.7</ele></trkpt>
      <trkpt lat="46.73500485926232" lon="7.920719023543971">
      <ele>2075.2</ele></trkpt>
      <trkpt lat="46.735015585604486" lon="7.9207139251481395">
      <ele>2074.8</ele></trkpt>
      <trkpt lat="46.73501920790012" lon="7.920701841996798">
      <ele>2074.3</ele></trkpt>
      <trkpt lat="46.73503945297192" lon="7.92069855568948">
      <ele>2073.9</ele></trkpt>
      <trkpt lat="46.73503833868499" lon="7.920681235980256">
      <ele>2073.4</ele></trkpt>
      <trkpt lat="46.73500625862939" lon="7.9206688338654105">
      <ele>2073.0</ele></trkpt>
      <trkpt lat="46.73498849233342" lon="7.920649638359205">
      <ele>2072.0</ele></trkpt>
      <trkpt lat="46.734971891483106" lon="7.920635647504792">
      <ele>2071.0</ele></trkpt>
      <trkpt lat="46.73496247511124" lon="7.920609592251117">
      <ele>2070.0</ele></trkpt>
      <trkpt lat="46.73494948924801" lon="7.920585245254377">
      <ele>2069.0</ele></trkpt>
      <trkpt lat="46.73493055578127" lon="7.920559118100194">
      <ele>2068.0</ele></trkpt>
      <trkpt lat="46.734916375237134" lon="7.920536487506439">
      <ele>2067.0</ele></trkpt>
      <trkpt lat="46.734892661374964" lon="7.9205154988294755">
      <ele>2066.0</ele></trkpt>
      <trkpt lat="46.73487846618744" lon="7.920496335306369">
      <ele>2065.0</ele></trkpt>
      <trkpt lat="46.7348523758525" lon="7.9204735983952945">
      <ele>2064.0</ele></trkpt>
      <trkpt lat="46.73483337659197" lon="7.920463053384129">
      <ele>2063.1</ele></trkpt>
      <trkpt lat="46.73479888525155" lon="7.920459278210852">
      <ele>2062.1</ele></trkpt>
      <trkpt lat="46.734779900622826" lon="7.920445266178212">
      <ele>2061.1</ele></trkpt>
      <trkpt lat="46.73476442141625" lon="7.920446854997039">
      <ele>2060.1</ele></trkpt>
      <trkpt lat="46.73475141359674" lon="7.920427702139894">
      <ele>2059.1</ele></trkpt>
      <trkpt lat="46.73475151585735" lon="7.920403472143718">
      <ele>2058.1</ele></trkpt>
      <trkpt lat="46.73477061003788" lon="7.920391527172836">
      <ele>2057.1</ele></trkpt>
      <trkpt lat="46.7347872766786" lon="7.920389935856445">
      <ele>2056.1</ele></trkpt>
      <trkpt lat="46.73479684483396" lon="7.92037790582137">
      <ele>2055.1</ele></trkpt>
      <trkpt lat="46.734792137445424" lon="7.920365748328539">
      <ele>2054.1</ele></trkpt>
      <trkpt lat="46.734765975695126" lon="7.920362060670872">
      <ele>2053.1</ele></trkpt>
      <trkpt lat="46.7347529532864" lon="7.9203463617857075">
      <ele>2052.1</ele></trkpt>
      <trkpt lat="46.734741081708194" lon="7.920339334552894">
      <ele>2051.2</ele></trkpt>
      <trkpt lat="46.73473283972717" lon="7.920318484151894">
      <ele>2050.2</ele></trkpt>
      <trkpt lat="46.734737700478846" lon="7.920294296642003">
      <ele>2049.2</ele></trkpt>
      <trkpt lat="46.73473415854618" lon="7.920287343778442">
      <ele>2048.2</ele></trkpt>
      <trkpt lat="46.734712784563904" lon="7.920276764574648">
      <ele>2047.2</ele></trkpt>
      <trkpt lat="46.73469388751124" lon="7.920241989689377">
      <ele>2046.3</ele></trkpt>
      <trkpt lat="46.73467021007728" lon="7.920212353278306">
      <ele>2045.3</ele></trkpt>
      <trkpt lat="46.73463700103677" lon="7.920186085901431">
      <ele>2044.3</ele></trkpt>
      <trkpt lat="46.734613323588185" lon="7.9201564495460905">
      <ele>2043.3</ele></trkpt>
      <trkpt lat="46.73461578035356" lon="7.920139161853208">
      <ele>2042.4</ele></trkpt>
      <trkpt lat="46.734611094847125" lon="7.92012181042434">
      <ele>2041.4</ele></trkpt>
      <trkpt lat="46.73458510657258" lon="7.920074856968068">
      <ele>2040.4</ele></trkpt>
      <trkpt lat="46.73455680200041" lon="7.920014014279207">
      <ele>2039.4</ele></trkpt>
      <trkpt lat="46.73453199549286" lon="7.919970525532618">
      <ele>2038.5</ele></trkpt>
      <trkpt lat="46.73452142071444" lon="7.91993755214104">
      <ele>2037.5</ele></trkpt>
      <trkpt lat="46.73451199856103" lon="7.9199149643267805">
      <ele>2036.5</ele></trkpt>
      <trkpt lat="46.73452155210492" lon="7.919906388206248">
      <ele>2035.5</ele></trkpt>
      <trkpt lat="46.734531078129244" lon="7.9199064731740485">
      <ele>2034.6</ele></trkpt>
      <trkpt lat="46.73453829893717" lon="7.9198857739197575">
      <ele>2033.6</ele></trkpt>
      <trkpt lat="46.734533569599726" lon="7.91987881051843">
      <ele>2032.7</ele></trkpt>
      <trkpt lat="46.73452288708723" lon="7.919873521056137">
      <ele>2031.8</ele></trkpt>
      <trkpt lat="46.73451115413046" lon="7.919833603060123">
      <ele>2030.9</ele></trkpt>
      <trkpt lat="46.73449223510461" lon="7.919804009363318">
      <ele>2030.1</ele></trkpt>
      <trkpt lat="46.73447217975284" lon="7.919762290163359">
      <ele>2029.2</ele></trkpt>
      <trkpt lat="46.73445565174156" lon="7.919730990800655">
      <ele>2028.3</ele></trkpt>
      <trkpt lat="46.734434408983184" lon="7.919689261069987">
      <ele>2027.4</ele></trkpt>
      <trkpt lat="46.73440258406123" lon="7.919616285081435">
      <ele>2026.5</ele></trkpt>
      <trkpt lat="46.73438722156157" lon="7.919590177280909">
      <ele>2025.6</ele></trkpt>
      <trkpt lat="46.73436710048612" lon="7.919564040164876">
      <ele>2024.8</ele></trkpt>
      <trkpt lat="46.73435301454141" lon="7.91951890721343">
      <ele>2023.9</ele></trkpt>
      <trkpt lat="46.734336501067276" lon="7.919484140985726">
      <ele>2023.0</ele></trkpt>
      <trkpt lat="46.734322355013234" lon="7.919451135986311">
      <ele>2022.1</ele></trkpt>
      <trkpt lat="46.73431291088732" lon="7.9194337423096295">
      <ele>2021.2</ele></trkpt>
      <trkpt lat="46.73430109027707" lon="7.919414600437089">
      <ele>2020.3</ele></trkpt>
      <trkpt lat="46.734295193738824" lon="7.919400692435551">
      <ele>2019.4</ele></trkpt>
      <trkpt lat="46.73427509449315" lon="7.91936936146909">
      <ele>2018.6</ele></trkpt>
      <trkpt lat="46.73426095740115" lon="7.919336356617474">
      <ele>2017.7</ele></trkpt>
      <trkpt lat="46.73424332037701" lon="7.919284270999668">
      <ele>2016.8</ele></trkpt>
      <trkpt lat="46.73421140218325" lon="7.9192355253445434">
      <ele>2015.9</ele></trkpt>
      <trkpt lat="46.734188853593736" lon="7.919219742046603">
      <ele>2015.0</ele></trkpt>
      <trkpt lat="46.734162706400625" lon="7.919212587988252">
      <ele>2014.1</ele></trkpt>
      <trkpt lat="46.73413070574364" lon="7.91920479304586">
      <ele>2013.2</ele></trkpt>
      <trkpt lat="46.73412305355478" lon="7.919184824902538">
      <ele>2012.3</ele></trkpt>
      <trkpt lat="46.73413029418692" lon="7.919161522270869">
      <ele>2011.4</ele></trkpt>
      <trkpt lat="46.7341399059395" lon="7.919139104259086">
      <ele>2010.5</ele></trkpt>
      <trkpt lat="46.734123913185655" lon="7.919121652381173">
      <ele>2009.6</ele></trkpt>
      <trkpt lat="46.73409667695392" lon="7.919091121578556">
      <ele>2008.7</ele></trkpt>
      <trkpt lat="46.73405462633261" lon="7.919043149466619">
      <ele>2007.8</ele></trkpt>
      <trkpt lat="46.73402151529351" lon="7.918993529997421">
      <ele>2006.8</ele></trkpt>
      <trkpt lat="46.73399545187395" lon="7.918966463791411">
      <ele>2005.9</ele></trkpt>
      <trkpt lat="46.733987788743775" lon="7.918949086159476">
      <ele>2005.0</ele></trkpt>
      <trkpt lat="46.73399259823295" lon="7.918937013689332">
      <ele>2004.1</ele></trkpt>
      <trkpt lat="46.733976601759906" lon="7.918920438477588">
      <ele>2003.2</ele></trkpt>
      <trkpt lat="46.733966585714725" lon="7.918897845784796">
      <ele>2002.3</ele></trkpt>
      <trkpt lat="46.73397086342865" lon="7.918871049696652">
      <ele>2001.4</ele></trkpt>
      <trkpt lat="46.733935233887486" lon="7.918853423187102">
      <ele>2000.5</ele></trkpt>
      <trkpt lat="46.73391741822307" lon="7.918843752967803">
      <ele>1999.6</ele></trkpt>
      <trkpt lat="46.73390498566215" lon="7.918828923454059">
      <ele>1998.7</ele></trkpt>
      <trkpt lat="46.73389132565503" lon="7.91882360776392">
      <ele>1997.8</ele></trkpt>
      <trkpt lat="46.73387526367632" lon="7.918822601316088">
      <ele>1996.8</ele></trkpt>
      <trkpt lat="46.73386229564563" lon="7.9187939247877965">
      <ele>1995.8</ele></trkpt>
      <trkpt lat="46.73386355214268" lon="7.918777503184425">
      <ele>1994.8</ele></trkpt>
      <trkpt lat="46.73389653550752" lon="7.918716343791808">
      <ele>1993.8</ele></trkpt>
      <trkpt lat="46.73386684625254" lon="7.918702237368385">
      <ele>1992.8</ele></trkpt>
      <trkpt lat="46.733860924098565" lon="7.91869440003948">
      <ele>1991.8</ele></trkpt>
      <trkpt lat="46.7338645934955" lon="7.918671065684521">
      <ele>1990.8</ele></trkpt>
      <trkpt lat="46.73387238408664" lon="7.918658143148456">
      <ele>1989.8</ele></trkpt>
      <trkpt lat="46.73389144166697" lon="7.918654858663858">
      <ele>1988.8</ele></trkpt>
      <trkpt lat="46.733909419333465" lon="7.91862386693099">
      <ele>1987.8</ele></trkpt>
      <trkpt lat="46.73388388763116" lon="7.91861152455133">
      <ele>1986.8</ele></trkpt>
      <trkpt lat="46.73388695969068" lon="7.918589048374195">
      <ele>1985.8</ele></trkpt>
      <trkpt lat="46.73391144956232" lon="7.918566762697599">
      <ele>1984.8</ele></trkpt>
      <trkpt lat="46.73390145717757" lon="7.918536385664189">
      <ele>1983.8</ele></trkpt>
      <trkpt lat="46.733896184997015" lon="7.918517302375283">
      <ele>1982.8</ele></trkpt>
      <trkpt lat="46.73390217456088" lon="7.918506967396109">
      <ele>1981.8</ele></trkpt>
      <trkpt lat="46.73392174580434" lon="7.9185227238315115">
      <ele>1980.8</ele></trkpt>
      <trkpt lat="46.73393895881066" lon="7.918532388585309">
      <ele>1979.8</ele></trkpt>
      <trkpt lat="46.73395318147538" lon="7.9185472339613625">
      <ele>1978.8</ele></trkpt>
      <trkpt lat="46.73397756584664" lon="7.918550041366402">
      <ele>1977.8</ele></trkpt>
      <trkpt lat="46.73399722805907" lon="7.918544158606546">
      <ele>1976.9</ele></trkpt>
      <trkpt lat="46.734012151855985" lon="7.918531312546526">
      <ele>1976.0</ele></trkpt>
      <trkpt lat="46.734016999390455" lon="7.918512319219859">
      <ele>1975.2</ele></trkpt>
      <trkpt lat="46.734000385706445" lon="7.9184991795880775">
      <ele>1974.3</ele></trkpt>
      <trkpt lat="46.733987446631005" lon="7.918463595263948">
      <ele>1973.4</ele></trkpt>
      <trkpt lat="46.733960148414205" lon="7.918447770119371">
      <ele>1972.5</ele></trkpt>
      <trkpt lat="46.73392806085374" lon="7.918437096530198">
      <ele>1971.6</ele></trkpt>
      <trkpt lat="46.733913899980045" lon="7.918407545954057">
      <ele>1970.8</ele></trkpt>
      <trkpt lat="46.733913979983335" lon="7.918388510261394">
      <ele>1969.9</ele></trkpt>
      <trkpt lat="46.733899170865534" lon="7.918371932710496">
      <ele>1969.0</ele></trkpt>
      <trkpt lat="46.73389220852218" lon="7.918331194412472">
      <ele>1968.1</ele></trkpt>
      <trkpt lat="46.733882168796576" lon="7.918312068764253">
      <ele>1967.2</ele></trkpt>
      <trkpt lat="46.73386674052483" lon="7.918301543367172">
      <ele>1966.4</ele></trkpt>
      <trkpt lat="46.733853113202024" lon="7.918288443467645">
      <ele>1965.5</ele></trkpt>
      <trkpt lat="46.733849611165866" lon="7.918271966473181">
      <ele>1964.6</ele></trkpt>
      <trkpt lat="46.73382770508953" lon="7.918246677751218">
      <ele>1963.7</ele></trkpt>
      <trkpt lat="46.73380456630011" lon="7.918230026228867">
      <ele>1962.8</ele></trkpt>
      <trkpt lat="46.73377600621183" lon="7.918229772376849">
      <ele>1962.0</ele></trkpt>
      <trkpt lat="46.73376126610428" lon="7.918196762772627">
      <ele>1961.1</ele></trkpt>
      <trkpt lat="46.733772077670444" lon="7.918173491902375">
      <ele>1960.2</ele></trkpt>
      <trkpt lat="46.73376682361986" lon="7.918150078249874">
      <ele>1959.3</ele></trkpt>
      <trkpt lat="46.73374247561901" lon="7.918138610150878">
      <ele>1958.4</ele></trkpt>
      <trkpt lat="46.73372225606252" lon="7.918135839955117">
      <ele>1957.5</ele></trkpt>
      <trkpt lat="46.73370983429011" lon="7.918118420243744">
      <ele>1956.6</ele></trkpt>
      <trkpt lat="46.733699208147094" lon="7.918097549398768">
      <ele>1955.7</ele></trkpt>
      <trkpt lat="46.73368023416114" lon="7.918080934986869">
      <ele>1954.8</ele></trkpt>
      <trkpt lat="46.73365946816823" lon="7.918066908256246">
      <ele>1953.9</ele></trkpt>
      <trkpt lat="46.733645822631104" lon="7.918058138901439">
      <ele>1953.0</ele></trkpt>
      <trkpt lat="46.73363521828955" lon="7.918032074188529">
      <ele>1952.1</ele></trkpt>
      <trkpt lat="46.73361213933859" lon="7.9180033081529535">
      <ele>1951.2</ele></trkpt>
      <trkpt lat="46.73358345721137" lon="7.917978561290365">
      <ele>1950.3</ele></trkpt>
      <trkpt lat="46.73354926109503" lon="7.917940878372249">
      <ele>1949.4</ele></trkpt>
      <trkpt lat="46.733517910989434" lon="7.917921668294105">
      <ele>1948.5</ele></trkpt>
      <trkpt lat="46.73350910146422" lon="7.917903050949233">
      <ele>1947.6</ele></trkpt>
      <trkpt lat="46.73349462547338" lon="7.9178885306992965">
      <ele>1946.7</ele></trkpt>
      <trkpt lat="46.73347957636922" lon="7.917862675200354">
      <ele>1945.8</ele></trkpt>
      <trkpt lat="46.73343109776991" lon="7.917822222757995">
      <ele>1944.9</ele></trkpt>
      <trkpt lat="46.7333946667465" lon="7.917787620944888">
      <ele>1944.0</ele></trkpt>
      <trkpt lat="46.73337282228221" lon="7.917747627543433">
      <ele>1943.1</ele></trkpt>
      <trkpt lat="46.73335092164381" lon="7.917718872232123">
      <ele>1942.2</ele></trkpt>
      <trkpt lat="46.73333738868905" lon="7.917683270169753">
      <ele>1941.2</ele></trkpt>
      <trkpt lat="46.733312537755744" lon="7.917650158142148">
      <ele>1940.2</ele></trkpt>
      <trkpt lat="46.73329838030058" lon="7.91761974464475">
      <ele>1939.2</ele></trkpt>
      <trkpt lat="46.73327876341598" lon="7.917616980016258">
      <ele>1938.2</ele></trkpt>
      <trkpt lat="46.733269921874005" lon="7.917595261781975">
      <ele>1937.2</ele></trkpt>
      <trkpt lat="46.73326353477491" lon="7.917558859733398">
      <ele>1936.2</ele></trkpt>
      <trkpt lat="46.73322797039774" lon="7.917525652724736">
      <ele>1935.2</ele></trkpt>
      <trkpt lat="46.7331880583358" lon="7.917484531052228">
      <ele>1934.2</ele></trkpt>
      <trkpt lat="46.73316337922026" lon="7.917461913504533">
      <ele>1933.2</ele></trkpt>
      <trkpt lat="46.733132493487396" lon="7.917447784263975">
      <ele>1932.2</ele></trkpt>
      <trkpt lat="46.73311117361875" lon="7.917424241487311">
      <ele>1931.3</ele></trkpt>
      <trkpt lat="46.733095832399194" lon="7.917392941082917">
      <ele>1930.3</ele></trkpt>
      <trkpt lat="46.7330757289788" lon="7.917362475022202">
      <ele>1929.3</ele></trkpt>
      <trkpt lat="46.73305742285778" lon="7.917330297942758">
      <ele>1928.3</ele></trkpt>
      <trkpt lat="46.73303431295397" lon="7.917306726282681">
      <ele>1927.3</ele></trkpt>
      <trkpt lat="46.73302127196463" lon="7.917295359024063">
      <ele>1926.3</ele></trkpt>
      <trkpt lat="46.73301062389226" lon="7.917279682452234">
      <ele>1925.3</ele></trkpt>
      <trkpt lat="46.732988094886124" lon="7.91726131002279">
      <ele>1924.3</ele></trkpt>
      <trkpt lat="46.73297568021985" lon="7.917242163830228">
      <ele>1923.3</ele></trkpt>
      <trkpt lat="46.732956163209" lon="7.917213430078107">
      <ele>1922.3</ele></trkpt>
      <trkpt lat="46.7329276829201" lon="7.917194141421771">
      <ele>1920.5</ele></trkpt>
      <trkpt lat="46.73291649916914" lon="7.917164618125057">
      <ele>1918.6</ele></trkpt>
      <trkpt lat="46.73291362329119" lon="7.917140362542723">
      <ele>1916.8</ele></trkpt>
      <trkpt lat="46.73290064030457" lon="7.9171151538469235">
      <ele>1915.0</ele></trkpt>
      <trkpt lat="46.73288591254259" lon="7.917081268621437">
      <ele>1913.2</ele></trkpt>
      <trkpt lat="46.73286113221474" lon="7.917029121745291">
      <ele>1911.3</ele></trkpt>
      <trkpt lat="46.732825656445215" lon="7.916976880102472">
      <ele>1909.5</ele></trkpt>
      <trkpt lat="46.73278601406574" lon="7.916922874618111">
      <ele>1907.7</ele></trkpt>
      <trkpt lat="46.73276593589727" lon="7.916886351629689">
      <ele>1905.8</ele></trkpt>
      <trkpt lat="46.732750641609385" lon="7.916843813565172">
      <ele>1904.0</ele></trkpt>
      <trkpt lat="46.73272052519507" lon="7.916789892668381">
      <ele>1902.2</ele></trkpt>
      <trkpt lat="46.73269154177851" lon="7.916748960346829">
      <ele>1900.3</ele></trkpt>
      <trkpt lat="46.73264297782581" lon="7.916685835680279">
      <ele>1898.5</ele></trkpt>
      <trkpt lat="46.73259583121782" lon="7.916625798215687">
      <ele>1896.7</ele></trkpt>
      <trkpt lat="46.732530130163454" lon="7.916545566285316">
      <ele>1894.8</ele></trkpt>
      <trkpt lat="46.73245291464698" lon="7.916452437330323">
      <ele>1893.0</ele></trkpt>
      <trkpt lat="46.73240879000099" lon="7.916398955491873">
      <ele>1891.2</ele></trkpt>
      <trkpt lat="46.732327109563734" lon="7.916319433055246">
      <ele>1889.4</ele></trkpt>
      <trkpt lat="46.73226070103597" lon="7.916268488555264">
      <ele>1887.5</ele></trkpt>
      <trkpt lat="46.73218417057437" lon="7.916211527986866">
      <ele>1885.7</ele></trkpt>
      <trkpt lat="46.732125566341246" lon="7.916152907682993">
      <ele>1884.9</ele></trkpt>
      <trkpt lat="46.73207168207852" lon="7.916109989610472">
      <ele>1884.0</ele></trkpt>
      <trkpt lat="46.73202084372963" lon="7.916048573077485">
      <ele>1883.2</ele></trkpt>
      <trkpt lat="46.731944586143854" lon="7.915956448494978">
      <ele>1882.3</ele></trkpt>
      <trkpt lat="46.73189316393062" lon="7.915907717546172">
      <ele>1881.5</ele></trkpt>
      <trkpt lat="46.73183425519444" lon="7.915859496127977">
      <ele>1880.6</ele></trkpt>
      <trkpt lat="46.731782773142015" lon="7.915814310313642">
      <ele>1879.8</ele></trkpt>
      <trkpt lat="46.731710539825286" lon="7.915734284486886">
      <ele>1878.9</ele></trkpt>
      <trkpt lat="46.7316281231334" lon="7.915652167170293">
      <ele>1878.0</ele></trkpt>
      <trkpt lat="46.73154271137181" lon="7.915580686164613">
      <ele>1877.2</ele></trkpt>
      <trkpt lat="46.731472297657454" lon="7.915517253052219">
      <ele>1876.4</ele></trkpt>
      <trkpt lat="46.731365122496896" lon="7.915435689547826">
      <ele>1875.5</ele></trkpt>
      <trkpt lat="46.731269451605044" lon="7.915373773699449">
      <ele>1874.7</ele></trkpt>
      <trkpt lat="46.73119646084695" lon="7.91533072754654">
      <ele>1873.8</ele></trkpt>
      <trkpt lat="46.73114631977513" lon="7.915283186637568">
      <ele>1873.0</ele></trkpt>
      <trkpt lat="46.731079668688025" lon="7.915236363455378">
      <ele>1872.1</ele></trkpt>
      <trkpt lat="46.73104066515455" lon="7.9151928982516075">
      <ele>1871.2</ele></trkpt>
      <trkpt lat="46.730970846929665" lon="7.915113903056445">
      <ele>1870.4</ele></trkpt>
      <trkpt lat="46.73088261817445" lon="7.915029734851576">
      <ele>1869.5</ele></trkpt>
      <trkpt lat="46.73081322611493" lon="7.914958528058526">
      <ele>1868.7</ele></trkpt>
      <trkpt lat="46.730787754484254" lon="7.91492307156396">
      <ele>1867.9</ele></trkpt>
      <trkpt lat="46.73076746053619" lon="7.914910084501653">
      <ele>1867.0</ele></trkpt>
      <trkpt lat="46.7307332245018" lon="7.914877415812027">
      <ele>1866.2</ele></trkpt>
      <trkpt lat="46.73064432423884" lon="7.91482048050273">
      <ele>1865.3</ele></trkpt>
      <trkpt lat="46.73058027383352" lon="7.914751820207264">
      <ele>1864.5</ele></trkpt>
      <trkpt lat="46.730552221910614" lon="7.914713842418326">
      <ele>1863.6</ele></trkpt>
      <trkpt lat="46.73051971880099" lon="7.914647423049484">
      <ele>1862.8</ele></trkpt>
      <trkpt lat="46.73047676397127" lon="7.914582860882689">
      <ele>1861.9</ele></trkpt>
      <trkpt lat="46.73045216322437" lon="7.914528364208847">
      <ele>1861.1</ele></trkpt>
      <trkpt lat="46.73044181102193" lon="7.914508518194854">
      <ele>1860.2</ele></trkpt>
      <trkpt lat="46.730421824873936" lon="7.91450152591202">
      <ele>1859.4</ele></trkpt>
      <trkpt lat="46.73041015254713" lon="7.914474669089799">
      <ele>1858.6</ele></trkpt>
      <trkpt lat="46.73039334993782" lon="7.914452790753343">
      <ele>1857.7</ele></trkpt>
      <trkpt lat="46.73035972409484" lon="7.914413979152211">
      <ele>1856.9</ele></trkpt>
      <trkpt lat="46.73031121776484" lon="7.9143690969253795">
      <ele>1856.0</ele></trkpt>
      <trkpt lat="46.73028753165548" lon="7.914330386142002">
      <ele>1855.2</ele></trkpt>
      <trkpt lat="46.73027161159277" lon="7.914334170564323">
      <ele>1854.3</ele></trkpt>
      <trkpt lat="46.730260257496916" lon="7.914317285561073">
      <ele>1853.5</ele></trkpt>
      <trkpt lat="46.73024639937733" lon="7.914303335147474">
      <ele>1852.6</ele></trkpt>
      <trkpt lat="46.73022398704653" lon="7.914312975653376">
      <ele>1851.8</ele></trkpt>
      <trkpt lat="46.73020666088004" lon="7.914298000407006">
      <ele>1850.6</ele></trkpt>
      <trkpt lat="46.73019292273989" lon="7.9142574150332194">
      <ele>1849.4</ele></trkpt>
      <trkpt lat="46.73019856599077" lon="7.914219996396052">
      <ele>1848.2</ele></trkpt>
      <trkpt lat="46.73017929708687" lon="7.9141941455656735">
      <ele>1847.0</ele></trkpt>
      <trkpt lat="46.73017648069305" lon="7.914157620490046">
      <ele>1845.8</ele></trkpt>
      <trkpt lat="46.73015416369612" lon="7.914146539167259">
      <ele>1844.6</ele></trkpt>
      <trkpt lat="46.730131409449115" lon="7.91412165194449">
      <ele>1843.4</ele></trkpt>
      <trkpt lat="46.730116677675284" lon="7.914082039106546">
      <ele>1842.2</ele></trkpt>
      <trkpt lat="46.730099783770925" lon="7.914079901715143">
      <ele>1841.0</ele></trkpt>
      <trkpt lat="46.730084004193074" lon="7.914052119348666">
      <ele>1839.8</ele></trkpt>
      <trkpt lat="46.73004431499295" lon="7.914034945584433">
      <ele>1838.5</ele></trkpt>
      <trkpt lat="46.730029043227574" lon="7.914006186546375">
      <ele>1837.3</ele></trkpt>
      <trkpt lat="46.72998407130682" lon="7.91394851526371">
      <ele>1836.1</ele></trkpt>
      <trkpt lat="46.729948378499536" lon="7.913926457798144">
      <ele>1834.9</ele></trkpt>
      <trkpt lat="46.72990964177818" lon="7.9139181755515615">
      <ele>1833.7</ele></trkpt>
      <trkpt lat="46.72989432405794" lon="7.913898286121732">
      <ele>1832.5</ele></trkpt>
      <trkpt lat="46.72986758974414" lon="7.913874345255686">
      <ele>1831.3</ele></trkpt>
      <trkpt lat="46.72984175046671" lon="7.913873097259004">
      <ele>1830.1</ele></trkpt>
      <trkpt lat="46.72979012528774" lon="7.9138577809532995">
      <ele>1828.9</ele></trkpt>
      <trkpt lat="46.7297428960969" lon="7.913858280791961">
      <ele>1827.7</ele></trkpt>
      <trkpt lat="46.72971160003375" lon="7.913854015041595">
      <ele>1827.4</ele></trkpt>
      <trkpt lat="46.729659421825" lon="7.9138505334956015">
      <ele>1827.2</ele></trkpt>
      <trkpt lat="46.72960515221494" lon="7.913869718402527">
      <ele>1826.9</ele></trkpt>
      <trkpt lat="46.7295649148678" lon="7.913865360830235">
      <ele>1826.6</ele></trkpt>
      <trkpt lat="46.7295191500848" lon="7.913872794130033">
      <ele>1826.3</ele></trkpt>
      <trkpt lat="46.72945844656594" lon="7.913885982910937">
      <ele>1826.1</ele></trkpt>
      <trkpt lat="46.729397313992266" lon="7.9138833905819315">
      <ele>1825.8</ele></trkpt>
      <trkpt lat="46.72937054683135" lon="7.91386733830134">
      <ele>1825.5</ele></trkpt>
      <trkpt lat="46.72933148039238" lon="7.913821572425617">
      <ele>1825.3</ele></trkpt>
      <trkpt lat="46.72926702425309" lon="7.913785407871844">
      <ele>1825.0</ele></trkpt>
      <trkpt lat="46.729210944889616" lon="7.913766088659305">
      <ele>1824.7</ele></trkpt>
      <trkpt lat="46.72918010245046" lon="7.913771704125008">
      <ele>1824.5</ele></trkpt>
      <trkpt lat="46.729145989851624" lon="7.913730914113478">
      <ele>1824.2</ele></trkpt>
      <trkpt lat="46.729087147283906" lon="7.913662250538875">
      <ele>1823.9</ele></trkpt>
      <trkpt lat="46.72906405575521" lon="7.9136038181340655">
      <ele>1823.7</ele></trkpt>
      <trkpt lat="46.72902243186404" lon="7.9135738073933375">
      <ele>1823.4</ele></trkpt>
      <trkpt lat="46.72896696310227" lon="7.913513664207904">
      <ele>1823.1</ele></trkpt>
      <trkpt lat="46.72891179598003" lon="7.913502098088173">
      <ele>1822.8</ele></trkpt>
      <trkpt lat="46.728864273447726" lon="7.913482292059066">
      <ele>1822.6</ele></trkpt>
      <trkpt lat="46.72882252950464" lon="7.913448695944393">
      <ele>1822.3</ele></trkpt>
      <trkpt lat="46.72878027845452" lon="7.913376973920437">
      <ele>1822.0</ele></trkpt>
      <trkpt lat="46.72873275738997" lon="7.913296244361143">
      <ele>1821.6</ele></trkpt>
      <trkpt lat="46.72868266212102" lon="7.913248302376559">
      <ele>1821.3</ele></trkpt>
      <trkpt lat="46.728638586461855" lon="7.9131805154619554">
      <ele>1820.9</ele></trkpt>
      <trkpt lat="46.728588019686214" lon="7.9131226401768275">
      <ele>1820.6</ele></trkpt>
      <trkpt lat="46.728550815876034" lon="7.913089660045035">
      <ele>1820.3</ele></trkpt>
      <trkpt lat="46.72851962334275" lon="7.91303883645948">
      <ele>1819.9</ele></trkpt>
      <trkpt lat="46.72851228077496" lon="7.91299605877418">
      <ele>1819.6</ele></trkpt>
      <trkpt lat="46.728491484594294" lon="7.912963170668623">
      <ele>1819.2</ele></trkpt>
      <trkpt lat="46.728431151296434" lon="7.912839655486124">
      <ele>1818.9</ele></trkpt>
      <trkpt lat="46.728401000408404" lon="7.9127719261602385">
      <ele>1818.6</ele></trkpt>
      <trkpt lat="46.72835840529908" lon="7.91270713571342">
      <ele>1818.2</ele></trkpt>
      <trkpt lat="46.728322789202366" lon="7.912638390474317">
      <ele>1817.9</ele></trkpt>
      <trkpt lat="46.728299121651695" lon="7.912564739831396">
      <ele>1817.5</ele></trkpt>
      <trkpt lat="46.728276364056654" lon="7.912518909716752">
      <ele>1817.2</ele></trkpt>
      <trkpt lat="46.72821836368833" lon="7.912453055530804">
      <ele>1816.9</ele></trkpt>
      <trkpt lat="46.728162873497034" lon="7.912376260775541">
      <ele>1816.5</ele></trkpt>
      <trkpt lat="46.728128731280165" lon="7.9123164770515695">
      <ele>1816.2</ele></trkpt>
      <trkpt lat="46.728081110850525" lon="7.912272522090051">
      <ele>1815.8</ele></trkpt>
      <trkpt lat="46.72804347421834" lon="7.91221371517097">
      <ele>1815.5</ele></trkpt>
      <trkpt lat="46.72801080382334" lon="7.91215691421218">
      <ele>1815.6</ele></trkpt>
      <trkpt lat="46.72793744799731" lon="7.91206712989006">
      <ele>1815.7</ele></trkpt>
      <trkpt lat="46.72789134880711" lon="7.912014240580946">
      <ele>1815.8</ele></trkpt>
      <trkpt lat="46.72785568437252" lon="7.911961390559835">
      <ele>1815.9</ele></trkpt>
      <trkpt lat="46.72783346169508" lon="7.911903648105838">
      <ele>1816.0</ele></trkpt>
      <trkpt lat="46.72778593203855" lon="7.911826911188094">
      <ele>1816.2</ele></trkpt>
      <trkpt lat="46.727758766292624" lon="7.9117572078784315">
      <ele>1816.3</ele></trkpt>
      <trkpt lat="46.727721770440034" lon="7.911645739435577">
      <ele>1816.4</ele></trkpt>
      <trkpt lat="46.727706042665396" lon="7.911577091524364">
      <ele>1816.5</ele></trkpt>
      <trkpt lat="46.72770115910926" lon="7.911544265418417">
      <ele>1816.6</ele></trkpt>
      <trkpt lat="46.727700369673464" lon="7.911467742317324">
      <ele>1816.7</ele></trkpt>
      <trkpt lat="46.72766073642486" lon="7.911410907337141">
      <ele>1816.8</ele></trkpt>
      <trkpt lat="46.727622137109776" lon="7.911341169656151">
      <ele>1816.9</ele></trkpt>
      <trkpt lat="46.72760091676896" lon="7.911282429182912">
      <ele>1817.0</ele></trkpt>
      <trkpt lat="46.72756822273529" lon="7.911235571289757">
      <ele>1817.2</ele></trkpt>
      <trkpt lat="46.727528047525055" lon="7.911196627891204">
      <ele>1817.3</ele></trkpt>
      <trkpt lat="46.727497294429995" lon="7.911167656951382">
      <ele>1817.4</ele></trkpt>
      <trkpt lat="46.727466969157426" lon="7.911163545341078">
      <ele>1817.5</ele></trkpt>
      <trkpt lat="46.72744165803159" lon="7.911145532375138">
      <ele>1817.6</ele></trkpt>
      <trkpt lat="46.727405031641744" lon="7.911083753126011">
      <ele>1817.7</ele></trkpt>
      <trkpt lat="46.72736392884614" lon="7.911018965197485">
      <ele>1817.2</ele></trkpt>
      <trkpt lat="46.72731287374075" lon="7.910957099082087">
      <ele>1816.8</ele></trkpt>
      <trkpt lat="46.72727617144786" lon="7.910920161825258">
      <ele>1816.4</ele></trkpt>
      <trkpt lat="46.72724450299975" lon="7.9108623770129025">
      <ele>1815.9</ele></trkpt>
      <trkpt lat="46.727221800703525" lon="7.910798666169048">
      <ele>1815.5</ele></trkpt>
      <trkpt lat="46.72720299935986" lon="7.910761807204827">
      <ele>1815.0</ele></trkpt>
      <trkpt lat="46.72721252370971" lon="7.910734026283974">
      <ele>1814.5</ele></trkpt>
      <trkpt lat="46.7271551267574" lon="7.910626423520136">
      <ele>1814.1</ele></trkpt>
      <trkpt lat="46.7271081544243" lon="7.910527820835382">
      <ele>1813.7</ele></trkpt>
      <trkpt lat="46.72704957089718" lon="7.9104917784731725">
      <ele>1813.2</ele></trkpt>
      <trkpt lat="46.727029760196736" lon="7.91046187040679">
      <ele>1812.8</ele></trkpt>
      <trkpt lat="46.72699623204509" lon="7.910353391157248">
      <ele>1812.3</ele></trkpt>
      <trkpt lat="46.72697003256887" lon="7.910295628616108">
      <ele>1811.9</ele></trkpt>
      <trkpt lat="46.72693781805167" lon="7.91025671667875">
      <ele>1811.4</ele></trkpt>
      <trkpt lat="46.72683512145274" lon="7.910122294107964">
      <ele>1811.0</ele></trkpt>
      <trkpt lat="46.72679339936785" lon="7.910083168494676">
      <ele>1810.5</ele></trkpt>
      <trkpt lat="46.726759321613564" lon="7.910035802841956">
      <ele>1810.0</ele></trkpt>
      <trkpt lat="46.72674051626141" lon="7.909980250689559">
      <ele>1809.6</ele></trkpt>
      <trkpt lat="46.72674460953589" lon="7.909908297888503">
      <ele>1809.2</ele></trkpt>
      <trkpt lat="46.72672964097979" lon="7.909847245744591">
      <ele>1808.7</ele></trkpt>
      <trkpt lat="46.7267050368861" lon="7.909808269880226">
      <ele>1808.4</ele></trkpt>
      <trkpt lat="46.726661405288134" lon="7.909771888167015">
      <ele>1808.0</ele></trkpt>
      <trkpt lat="46.72662154680885" lon="7.909741086075949">
      <ele>1807.7</ele></trkpt>
      <trkpt lat="46.72656665594455" lon="7.90966031172624">
      <ele>1807.4</ele></trkpt>
      <trkpt lat="46.726523200516766" lon="7.909576864029229">
      <ele>1807.0</ele></trkpt>
      <trkpt lat="46.72649877428026" lon="7.909499116031891">
      <ele>1806.7</ele></trkpt>
      <trkpt lat="46.72648381033849" lon="7.9094325307928806">
      <ele>1806.4</ele></trkpt>
      <trkpt lat="46.72647264893453" lon="7.909368752064882">
      <ele>1806.0</ele></trkpt>
      <trkpt lat="46.726450097750586" lon="7.909296554114391">
      <ele>1805.7</ele></trkpt>
      <trkpt lat="46.72643692407575" lon="7.9092604516905585">
      <ele>1805.3</ele></trkpt>
      <trkpt lat="46.72644851937269" lon="7.909219018669071">
      <ele>1805.0</ele></trkpt>
      <trkpt lat="46.726427957452245" lon="7.909124677902868">
      <ele>1804.7</ele></trkpt>
      <trkpt lat="46.7264093113484" lon="7.909030380071954">
      <ele>1804.3</ele></trkpt>
      <trkpt lat="46.72639246049491" lon="7.9089610184116514">
      <ele>1804.0</ele></trkpt>
      <trkpt lat="46.72637930956708" lon="7.90891936970785">
      <ele>1803.7</ele></trkpt>
      <trkpt lat="46.72637194395381" lon="7.908855611204661">
      <ele>1803.3</ele></trkpt>
      <trkpt lat="46.726347437370045" lon="7.908797249979642">
      <ele>1803.0</ele></trkpt>
      <trkpt lat="46.726296519477174" lon="7.908677750885104">
      <ele>1802.7</ele></trkpt>
      <trkpt lat="46.72623415467836" lon="7.908563672760408">
      <ele>1802.3</ele></trkpt>
      <trkpt lat="46.72617368777705" lon="7.908449611423235">
      <ele>1802.0</ele></trkpt>
      <trkpt lat="46.726135897835896" lon="7.908377307779296">
      <ele>1801.2</ele></trkpt>
      <trkpt lat="46.726098000576826" lon="7.908335444032553">
      <ele>1800.5</ele></trkpt>
      <trkpt lat="46.72605640801287" lon="7.9082603211142235">
      <ele>1799.7</ele></trkpt>
      <trkpt lat="46.72603376496211" lon="7.908210283482575">
      <ele>1799.0</ele></trkpt>
      <trkpt lat="46.7260131860301" lon="7.90812425044603">
      <ele>1798.2</ele></trkpt>
      <trkpt lat="46.72600972501503" lon="7.908038392533559">
      <ele>1797.4</ele></trkpt>
      <trkpt lat="46.72599659655815" lon="7.907991197988555">
      <ele>1796.7</ele></trkpt>
      <trkpt lat="46.72595878362889" lon="7.907924415098459">
      <ele>1795.9</ele></trkpt>
      <trkpt lat="46.7259304397512" lon="7.907871567935124">
      <ele>1795.2</ele></trkpt>
      <trkpt lat="46.72589830463366" lon="7.907813141316388">
      <ele>1794.4</ele></trkpt>
      <trkpt lat="46.725881396210134" lon="7.907757607324332">
      <ele>1793.6</ele></trkpt>
      <trkpt lat="46.72585894630318" lon="7.907660517679716">
      <ele>1792.9</ele></trkpt>
      <trkpt lat="46.725828840914545" lon="7.907574402354361">
      <ele>1792.1</ele></trkpt>
      <trkpt lat="46.72579117556546" lon="7.907471634155265">
      <ele>1791.4</ele></trkpt>
      <trkpt lat="46.725768657294715" lon="7.907391131482901">
      <ele>1790.6</ele></trkpt>
      <trkpt lat="46.72575372144674" lon="7.907321787798267">
      <ele>1789.8</ele></trkpt>
      <trkpt lat="46.72574075655685" lon="7.907230301297332">
      <ele>1789.1</ele></trkpt>
      <trkpt lat="46.725698787808085" lon="7.907099815831363">
      <ele>1788.3</ele></trkpt>
      <trkpt lat="46.72564318414196" lon="7.907051991482381">
      <ele>1787.6</ele></trkpt>
      <trkpt lat="46.725621197434236" lon="7.907017252618486">
      <ele>1786.8</ele></trkpt>
      <trkpt lat="46.7256030199529" lon="7.9069245176952485">
      <ele>1786.7</ele></trkpt>
      <trkpt lat="46.72555959659482" lon="7.906832767296939">
      <ele>1786.5</ele></trkpt>
      <trkpt lat="46.725504721603436" lon="7.906752010732152">
      <ele>1786.4</ele></trkpt>
      <trkpt lat="46.72544427562926" lon="7.906632406661519">
      <ele>1786.2</ele></trkpt>
      <trkpt lat="46.725389405242716" lon="7.906546104017459">
      <ele>1786.1</ele></trkpt>
      <trkpt lat="46.7253117388238" lon="7.9064512711200035">
      <ele>1785.9</ele></trkpt>
      <trkpt lat="46.725271958894815" lon="7.9064010864069605">
      <ele>1785.8</ele></trkpt>
      <trkpt lat="46.72522861449393" lon="7.906289964243912">
      <ele>1785.6</ele></trkpt>
      <trkpt lat="46.72520026985737" lon="7.906237118654141">
      <ele>1785.5</ele></trkpt>
      <trkpt lat="46.72518521334481" lon="7.906192668713983">
      <ele>1785.3</ele></trkpt>
      <trkpt lat="46.72510833201324" lon="7.906116929091937">
      <ele>1785.2</ele></trkpt>
      <trkpt lat="46.72505259639872" lon="7.906030933969715">
      <ele>1785.1</ele></trkpt>
      <trkpt lat="46.72502424034017" lon="7.905980848738746">
      <ele>1784.9</ele></trkpt>
      <trkpt lat="46.72499959624789" lon="7.905955715512836">
      <ele>1784.8</ele></trkpt>
      <trkpt lat="46.724984437495266" lon="7.905936210898141">
      <ele>1784.6</ele></trkpt>
      <trkpt lat="46.724976929477634" lon="7.90591122608573">
      <ele>1784.5</ele></trkpt>
      <trkpt lat="46.724960008828546" lon="7.9058584536849725">
      <ele>1784.3</ele></trkpt>
      <trkpt lat="46.724937387317006" lon="7.905802897985873">
      <ele>1784.2</ele></trkpt>
      <trkpt lat="46.724878849651674" lon="7.905680552618899">
      <ele>1784.0</ele></trkpt>
      <trkpt lat="46.72484316656083" lon="7.905561191558617">
      <ele>1783.9</ele></trkpt>
      <trkpt lat="46.72480582781644" lon="7.905378123886426">
      <ele>1783.7</ele></trkpt>
      <trkpt lat="46.72475325741307" lon="7.905197684922131">
      <ele>1783.5</ele></trkpt>
      <trkpt lat="46.724711986288895" lon="7.905047810062679">
      <ele>1783.4</ele></trkpt>
      <trkpt lat="46.7246820644432" lon="7.904911886466844">
      <ele>1783.2</ele></trkpt>
      <trkpt lat="46.724618284028985" lon="7.904678752168317">
      <ele>1783.0</ele></trkpt>
      <trkpt lat="46.72457494932252" lon="7.904564846545695">
      <ele>1782.8</ele></trkpt>
      <trkpt lat="46.72454475114979" lon="7.904500893689879">
      <ele>1782.6</ele></trkpt>
      <trkpt lat="46.72452789754049" lon="7.904431535840723">
      <ele>1782.5</ele></trkpt>
      <trkpt lat="46.72449966509342" lon="7.904350987028922">
      <ele>1782.3</ele></trkpt>
      <trkpt lat="46.72447331923533" lon="7.904273240861642">
      <ele>1782.1</ele></trkpt>
      <trkpt lat="46.72442239659628" lon="7.904153750186034">
      <ele>1781.9</ele></trkpt>
      <trkpt lat="46.72436782464227" lon="7.90399821596972">
      <ele>1781.7</ele></trkpt>
      <trkpt lat="46.7243335133642" lon="7.903921461061178">
      <ele>1781.6</ele></trkpt>
      <trkpt lat="46.724291018379965" lon="7.903786738794725">
      <ele>1781.4</ele></trkpt>
      <trkpt lat="46.7242579837841" lon="7.903696874806561">
      <ele>1781.2</ele></trkpt>
      <trkpt lat="46.72417361374073" lon="7.903476045790364">
      <ele>1781.0</ele></trkpt>
      <trkpt lat="46.7241125969675" lon="7.903341138628047">
      <ele>1780.8</ele></trkpt>
      <trkpt lat="46.724061175619696" lon="7.903226799273785">
      <ele>1780.7</ele></trkpt>
      <trkpt lat="46.72400975001514" lon="7.903086952107824">
      <ele>1780.5</ele></trkpt>
      <trkpt lat="46.72397358988732" lon="7.90294709265546">
      <ele>1780.3</ele></trkpt>
      <trkpt lat="46.723901163095555" lon="7.902801846039201">
      <ele>1779.6</ele></trkpt>
      <trkpt lat="46.72388289199206" lon="7.902755630721812">
      <ele>1779.0</ele></trkpt>
      <trkpt lat="46.72386287868889" lon="7.902704259626826">
      <ele>1778.3</ele></trkpt>
      <trkpt lat="46.72381738107743" lon="7.90263731238985">
      <ele>1777.7</ele></trkpt>
      <trkpt lat="46.72376441252715" lon="7.902480735691717">
      <ele>1777.0</ele></trkpt>
      <trkpt lat="46.72369709805031" lon="7.902370080973687">
      <ele>1776.3</ele></trkpt>
      <trkpt lat="46.72365502997591" lon="7.9022892586560225">
      <ele>1775.7</ele></trkpt>
      <trkpt lat="46.72359849447885" lon="7.902144791235939">
      <ele>1775.0</ele></trkpt>
      <trkpt lat="46.72353605563049" lon="7.902047351617733">
      <ele>1774.4</ele></trkpt>
      <trkpt lat="46.723452776789976" lon="7.901924801145851">
      <ele>1773.7</ele></trkpt>
      <trkpt lat="46.72340553312687" lon="7.901835798817808">
      <ele>1773.0</ele></trkpt>
      <trkpt lat="46.7233582556901" lon="7.901755102704552">
      <ele>1772.4</ele></trkpt>
      <trkpt lat="46.72332057169335" lon="7.901657863277661">
      <ele>1771.7</ele></trkpt>
      <trkpt lat="46.72328466205701" lon="7.901591104496008">
      <ele>1771.1</ele></trkpt>
      <trkpt lat="46.72324058612915" lon="7.901517251352808">
      <ele>1770.4</ele></trkpt>
      <trkpt lat="46.72318371432919" lon="7.901413333519912">
      <ele>1769.7</ele></trkpt>
      <trkpt lat="46.7231412961491" lon="7.901287786430765">
      <ele>1769.1</ele></trkpt>
      <trkpt lat="46.72309697138184" lon="7.901186501163847">
      <ele>1768.4</ele></trkpt>
      <trkpt lat="46.723052541784575" lon="7.901104404682694">
      <ele>1767.8</ele></trkpt>
      <trkpt lat="46.72303848120016" lon="7.901046781062945">
      <ele>1767.1</ele></trkpt>
      <trkpt lat="46.722973485325355" lon="7.900851948583993">
      <ele>1766.4</ele></trkpt>
      <trkpt lat="46.72290583779508" lon="7.900629859749744">
      <ele>1765.6</ele></trkpt>
      <trkpt lat="46.72286832085411" lon="7.900491105082439">
      <ele>1764.9</ele></trkpt>
      <trkpt lat="46.722836577685115" lon="7.900352661620279">
      <ele>1764.2</ele></trkpt>
      <trkpt lat="46.722810063638256" lon="7.900275794794554">
      <ele>1763.4</ele></trkpt>
      <trkpt lat="46.72277258269544" lon="7.900152502341939">
      <ele>1762.7</ele></trkpt>
      <trkpt lat="46.72274686292647" lon="7.899999290373616">
      <ele>1762.0</ele></trkpt>
      <trkpt lat="46.72271248625258" lon="7.899880184454503">
      <ele>1761.2</ele></trkpt>
      <trkpt lat="46.72266820335838" lon="7.899757095999992">
      <ele>1760.5</ele></trkpt>
      <trkpt lat="46.722637362736236" lon="7.899688956809184">
      <ele>1759.8</ele></trkpt>
      <trkpt lat="46.72260339250377" lon="7.899613910527726">
      <ele>1759.0</ele></trkpt>
      <trkpt lat="46.72257706360764" lon="7.89953339647514">
      <ele>1758.3</ele></trkpt>
      <trkpt lat="46.722532752518404" lon="7.899379320290818">
      <ele>1757.5</ele></trkpt>
      <trkpt lat="46.72249145141506" lon="7.899234988972909">
      <ele>1756.8</ele></trkpt>
      <trkpt lat="46.722421616673" lon="7.899079335137368">
      <ele>1756.1</ele></trkpt>
      <trkpt lat="46.72237263809101" lon="7.898951564339114">
      <ele>1755.3</ele></trkpt>
      <trkpt lat="46.72231402608251" lon="7.898845844018944">
      <ele>1754.6</ele></trkpt>
      <trkpt lat="46.72223673480145" lon="7.898654142942204">
      <ele>1753.9</ele></trkpt>
      <trkpt lat="46.722163114357805" lon="7.898495698342218">
      <ele>1753.1</ele></trkpt>
      <trkpt lat="46.72205522149497" lon="7.898336962251223">
      <ele>1752.4</ele></trkpt>
      <trkpt lat="46.721898094652715" lon="7.898111358608885">
      <ele>1751.4</ele></trkpt>
      <trkpt lat="46.7217883387773" lon="7.897941542129731">
      <ele>1750.5</ele></trkpt>
      <trkpt lat="46.72168256373183" lon="7.897730229770295">
      <ele>1749.5</ele></trkpt>
      <trkpt lat="46.72162227528656" lon="7.897569115304361">
      <ele>1748.5</ele></trkpt>
      <trkpt lat="46.72154295239252" lon="7.8974078655590745">
      <ele>1747.5</ele></trkpt>
      <trkpt lat="46.72150321294919" lon="7.897346625368706">
      <ele>1746.6</ele></trkpt>
      <trkpt lat="46.72146550290324" lon="7.89725493826303">
      <ele>1745.6</ele></trkpt>
      <trkpt lat="46.72144666004164" lon="7.897204941836272">
      <ele>1744.6</ele></trkpt>
      <trkpt lat="46.72144308861479" lon="7.897146769136771">
      <ele>1743.6</ele></trkpt>
      <trkpt lat="46.72139425457586" lon="7.8969802334011945">
      <ele>1742.7</ele></trkpt>
      <trkpt lat="46.72132655508099" lon="7.896769221531901">
      <ele>1741.7</ele></trkpt>
      <trkpt lat="46.72131419719862" lon="7.8967037017354285">
      <ele>1740.7</ele></trkpt>
      <trkpt lat="46.72129707175398" lon="7.896638141510932">
      <ele>1739.7</ele></trkpt>
      <trkpt lat="46.721279931386704" lon="7.896578532763019">
      <ele>1738.8</ele></trkpt>
      <trkpt lat="46.72125581858839" lon="7.896474273991043">
      <ele>1737.8</ele></trkpt>
      <trkpt lat="46.72122340861571" lon="7.896402187982703">
      <ele>1736.8</ele></trkpt>
      <trkpt lat="46.72121031628101" lon="7.896351521432049">
      <ele>1735.8</ele></trkpt>
      <trkpt lat="46.72117910569005" lon="7.896229321905411">
      <ele>1734.9</ele></trkpt>
      <trkpt lat="46.721166144422696" lon="7.896145942653429">
      <ele>1733.9</ele></trkpt>
      <trkpt lat="46.72115325169623" lon="7.8960476916953235">
      <ele>1732.9</ele></trkpt>
      <trkpt lat="46.72115244073319" lon="7.8959941601403205">
      <ele>1732.2</ele></trkpt>
      <trkpt lat="46.721161153692364" lon="7.895860409169973">
      <ele>1731.4</ele></trkpt>
      <trkpt lat="46.72116879051015" lon="7.895741508294863">
      <ele>1730.7</ele></trkpt>
      <trkpt lat="46.721181655595814" lon="7.895592920067173">
      <ele>1730.0</ele></trkpt>
      <trkpt lat="46.721197474806665" lon="7.8954726102943305">
      <ele>1729.2</ele></trkpt>
      <trkpt lat="46.72120594625067" lon="7.895401302610856">
      <ele>1728.5</ele></trkpt>
      <trkpt lat="46.72120431489366" lon="7.895298686656677">
      <ele>1727.8</ele></trkpt>
      <trkpt lat="46.7212066483314" lon="7.895225848932171">
      <ele>1727.1</ele></trkpt>
      <trkpt lat="46.7211753175661" lon="7.895133393723908">
      <ele>1726.3</ele></trkpt>
      <trkpt lat="46.72115108758609" lon="7.895055857917405">
      <ele>1725.6</ele></trkpt>
      <trkpt lat="46.72111368420675" lon="7.894945510013078">
      <ele>1724.9</ele></trkpt>
      <trkpt lat="46.72108139619056" lon="7.894838174730623">
      <ele>1724.1</ele></trkpt>
      <trkpt lat="46.72106219803991" lon="7.894780027482757">
      <ele>1723.4</ele></trkpt>
      <trkpt lat="46.721039061544424" lon="7.894683168564735">
      <ele>1722.7</ele></trkpt>
      <trkpt lat="46.721012762450265" lon="7.894610089136306">
      <ele>1722.0</ele></trkpt>
      <trkpt lat="46.72098849052292" lon="7.89454296535135">
      <ele>1721.2</ele></trkpt>
      <trkpt lat="46.720941887463226" lon="7.894434031596333">
      <ele>1720.5</ele></trkpt>
      <trkpt lat="46.72090743521758" lon="7.894354932058452">
      <ele>1719.8</ele></trkpt>
      <trkpt lat="46.720873977067555" lon="7.894243127299587">
      <ele>1719.0</ele></trkpt>
      <trkpt lat="46.72082495293921" lon="7.894120910238726">
      <ele>1718.3</ele></trkpt>
      <trkpt lat="46.72078730658217" lon="7.894012615203262">
      <ele>1718.1</ele></trkpt>
      <trkpt lat="46.720753432014305" lon="7.893912658078943">
      <ele>1717.9</ele></trkpt>
      <trkpt lat="46.72070614901529" lon="7.893831959792769">
      <ele>1717.7</ele></trkpt>
      <trkpt lat="46.720670232781174" lon="7.893767969358837">
      <ele>1717.4</ele></trkpt>
      <trkpt lat="46.72064847453796" lon="7.893704255348792">
      <ele>1717.2</ele></trkpt>
      <trkpt lat="46.72064015450315" lon="7.893640850884615">
      <ele>1717.0</ele></trkpt>
      <trkpt lat="46.720642473363554" lon="7.893596227721064">
      <ele>1716.8</ele></trkpt>
      <trkpt lat="46.72065123627769" lon="7.893548545782584">
      <ele>1716.6</ele></trkpt>
      <trkpt lat="46.72066132117305" lon="7.893525779674205">
      <ele>1716.4</ele></trkpt>
      <trkpt lat="46.72067065398724" lon="7.89351340598091">
      <ele>1716.2</ele></trkpt>
      <trkpt lat="46.72067503507618" lon="7.893488525115201">
      <ele>1715.9</ele></trkpt>
      <trkpt lat="46.72068603401175" lon="7.893416977514513">
      <ele>1715.7</ele></trkpt>
      <trkpt lat="46.72069270491923" lon="7.893354732690373">
      <ele>1715.5</ele></trkpt>
      <trkpt lat="46.72070957706997" lon="7.8932427512558165">
      <ele>1715.3</ele></trkpt>
      <trkpt lat="46.72072063301402" lon="7.893154592166858">
      <ele>1715.1</ele></trkpt>
      <trkpt lat="46.720733053716664" lon="7.893085136165786">
      <ele>1714.9</ele></trkpt>
      <trkpt lat="46.72074115053485" lon="7.8930239496704235">
      <ele>1714.6</ele></trkpt>
      <trkpt lat="46.720742837097504" lon="7.892959583022793">
      <ele>1714.4</ele></trkpt>
      <trkpt lat="46.72074537054889" lon="7.89286097947992">
      <ele>1714.2</ele></trkpt>
      <trkpt lat="46.720744303881716" lon="7.892769605158812">
      <ele>1714.0</ele></trkpt>
      <trkpt lat="46.72075020182324" lon="7.892722932232094">
      <ele>1713.4</ele></trkpt>
      <trkpt lat="46.72076333289443" lon="7.892653482071633">
      <ele>1712.8</ele></trkpt>
      <trkpt lat="46.72076572160706" lon="7.892591201049522">
      <ele>1712.1</ele></trkpt>
      <trkpt lat="46.72076019951275" lon="7.892543398702401">
      <ele>1711.5</ele></trkpt>
      <trkpt lat="46.72075111452186" lon="7.892493486648265">
      <ele>1710.9</ele></trkpt>
      <trkpt lat="46.72074779932823" lon="7.892429090999624">
      <ele>1710.3</ele></trkpt>
      <trkpt lat="46.72073514314022" lon="7.8923791489529975">
      <ele>1709.7</ele></trkpt>
      <trkpt lat="46.7207253598215" lon="7.892326117988598">
      <ele>1709.0</ele></trkpt>
      <trkpt lat="46.72071419634996" lon="7.8922898835171615">
      <ele>1708.4</ele></trkpt>
      <trkpt lat="46.720648120097785" lon="7.892148127384719">
      <ele>1707.8</ele></trkpt>
      <trkpt lat="46.72062358494438" lon="7.8920925527699195">
      <ele>1707.2</ele></trkpt>
      <trkpt lat="46.72058579366822" lon="7.892020255012822">
      <ele>1706.6</ele></trkpt>
      <trkpt lat="46.72052512322745" lon="7.891953298102518">
      <ele>1705.9</ele></trkpt>
      <trkpt lat="46.72045868373225" lon="7.891902904686203">
      <ele>1705.3</ele></trkpt>
      <trkpt lat="46.72037326705917" lon="7.891835740270748">
      <ele>1704.7</ele></trkpt>
      <trkpt lat="46.7203353897103" lon="7.891782813966619">
      <ele>1704.1</ele></trkpt>
      <trkpt lat="46.720305074429135" lon="7.891746562965303">
      <ele>1703.5</ele></trkpt>
      <trkpt lat="46.72025388590535" lon="7.891690765150411">
      <ele>1702.8</ele></trkpt>
      <trkpt lat="46.720231202609185" lon="7.8916490454357024">
      <ele>1702.2</ele></trkpt>
      <trkpt lat="46.72020663424666" lon="7.891601777057344">
      <ele>1701.6</ele></trkpt>
      <trkpt lat="46.720202283171574" lon="7.89157160401626">
      <ele>1702.0</ele></trkpt>
      <trkpt lat="46.720193875426695" lon="7.891530004183102">
      <ele>1702.4</ele></trkpt>
      <trkpt lat="46.72017192815085" lon="7.891484144372774">
      <ele>1702.8</ele></trkpt>
      <trkpt lat="46.72016706271935" lon="7.891449833740249">
      <ele>1703.2</ele></trkpt>
      <trkpt lat="46.72017224123935" lon="7.891405234870675">
      <ele>1703.6</ele></trkpt>
      <trkpt lat="46.720171624562354" lon="7.891379278816942">
      <ele>1704.0</ele></trkpt>
      <trkpt lat="46.720162576903746" lon="7.891322095296839">
      <ele>1704.4</ele></trkpt>
      <trkpt lat="46.7201606287764" lon="7.891271210533132">
      <ele>1704.8</ele></trkpt>
      <trkpt lat="46.72015171280745" lon="7.891180804754877">
      <ele>1705.2</ele></trkpt>
      <trkpt lat="46.72014401555147" lon="7.8911392109795395">
      <ele>1705.6</ele></trkpt>
      <trkpt lat="46.72013554254022" lon="7.891116302135472">
      <ele>1706.0</ele></trkpt>
      <trkpt lat="46.72011919116384" lon="7.891097473633811">
      <ele>1706.4</ele></trkpt>
      <trkpt lat="46.72010428648014" lon="7.891074510890836">
      <ele>1706.8</ele></trkpt>
      <trkpt lat="46.72006670650509" lon="7.891007749182036">
      <ele>1707.2</ele></trkpt>
      <trkpt lat="46.72003543472381" lon="7.890972184024733">
      <ele>1707.6</ele></trkpt>
      <trkpt lat="46.71999992150567" lon="7.89092413116717">
      <ele>1708.0</ele></trkpt>
      <trkpt lat="46.71997508470312" lon="7.8908855069762565">
      <ele>1708.4</ele></trkpt>
      <trkpt lat="46.71995524519903" lon="7.890847958013861">
      <ele>1708.8</ele></trkpt>
      <trkpt lat="46.719932528686286" lon="7.890814544422721">
      <ele>1709.2</ele></trkpt>
      <trkpt lat="46.71990687350111" lon="7.8908008309056425">
      <ele>1709.6</ele></trkpt>
      <trkpt lat="46.7198891295693" lon="7.890774731507169">
      <ele>1710.1</ele></trkpt>
      <trkpt lat="46.71986497701446" lon="7.890738219077322">
      <ele>1710.7</ele></trkpt>
      <trkpt lat="46.71984266812339" lon="7.890690460242316">
      <ele>1711.2</ele></trkpt>
      <trkpt lat="46.71981104822557" lon="7.890672354292199">
      <ele>1711.7</ele></trkpt>
      <trkpt lat="46.71979576694243" lon="7.890655876319012">
      <ele>1712.3</ele></trkpt>
      <trkpt lat="46.71979391346017" lon="7.8906082757974225">
      <ele>1712.8</ele></trkpt>
      <trkpt lat="46.7197848525377" lon="7.890572517716573">
      <ele>1713.3</ele></trkpt>
      <trkpt lat="46.71977498395939" lon="7.8904817384731825">
      <ele>1713.9</ele></trkpt>
      <trkpt lat="46.71975789924551" lon="7.890407261917809">
      <ele>1714.4</ele></trkpt>
      <trkpt lat="46.71973565498086" lon="7.8903431408086675">
      <ele>1714.9</ele></trkpt>
      <trkpt lat="46.719716410578265" lon="7.8902983770507165">
      <ele>1715.5</ele></trkpt>
      <trkpt lat="46.719678793906915" lon="7.8902430479442245">
      <ele>1716.0</ele></trkpt>
      <trkpt lat="46.71965545349193" lon="7.890196758884961">
      <ele>1716.6</ele></trkpt>
      <trkpt lat="46.71964435049925" lon="7.8901609838822635">
      <ele>1717.1</ele></trkpt>
      <trkpt lat="46.71963238667136" lon="7.890083581295768">
      <ele>1717.6</ele></trkpt>
      <trkpt lat="46.71961154990433" lon="7.889922824537539">
      <ele>1718.2</ele></trkpt>
      <trkpt lat="46.71960211001117" lon="7.889821323740604">
      <ele>1718.7</ele></trkpt>
      <trkpt lat="46.71960368046226" lon="7.8897631180485">
      <ele>1719.2</ele></trkpt>
      <trkpt lat="46.71960052734944" lon="7.889725604582598">
      <ele>1719.8</ele></trkpt>
      <trkpt lat="46.71957739536365" lon="7.889651561935393">
      <ele>1720.3</ele></trkpt>
      <trkpt lat="46.71955689460222" lon="7.889562708695329">
      <ele>1720.1</ele></trkpt>
      <trkpt lat="46.7195374408615" lon="7.889479776395512">
      <ele>1719.9</ele></trkpt>
      <trkpt lat="46.71953324021825" lon="7.889443261397626">
      <ele>1719.7</ele></trkpt>
      <trkpt lat="46.719529558291654" lon="7.889387013133436">
      <ele>1719.6</ele></trkpt>
      <trkpt lat="46.71953270821012" lon="7.889352482280685">
      <ele>1719.4</ele></trkpt>
      <trkpt lat="46.71950064607022" lon="7.889245848654237">
      <ele>1719.2</ele></trkpt>
      <trkpt lat="46.71945963491037" lon="7.889097755635406">
      <ele>1719.0</ele></trkpt>
      <trkpt lat="46.71942389137334" lon="7.8889437423600715">
      <ele>1718.8</ele></trkpt>
      <trkpt lat="46.71940180897854" lon="7.888865745842899">
      <ele>1718.6</ele></trkpt>
      <trkpt lat="46.71938131166129" lon="7.888805512016647">
      <ele>1718.4</ele></trkpt>
      <trkpt lat="46.71937657183961" lon="7.8887482741429915">
      <ele>1718.3</ele></trkpt>
      <trkpt lat="46.7193734251733" lon="7.888699917726255">
      <ele>1718.1</ele></trkpt>
      <trkpt lat="46.71935817825832" lon="7.888613057893987">
      <ele>1717.9</ele></trkpt>
      <trkpt lat="46.71933451511586" lon="7.888532092380542">
      <ele>1717.7</ele></trkpt>
      <trkpt lat="46.71929771929566" lon="7.8884234843702234">
      <ele>1717.5</ele></trkpt>
      <trkpt lat="46.7192745875655" lon="7.888394816741999">
      <ele>1717.3</ele></trkpt>
      <trkpt lat="46.71926039371044" lon="7.888360259199195">
      <ele>1717.2</ele></trkpt>
      <trkpt lat="46.7192498781053" lon="7.8883168118603795">
      <ele>1717.0</ele></trkpt>
      <trkpt lat="46.71922885125706" lon="7.888288161839564">
      <ele>1716.8</ele></trkpt>
      <trkpt lat="46.719219912015284" lon="7.888255583945236">
      <ele>1716.6</ele></trkpt>
      <trkpt lat="46.71921413358968" lon="7.888199318630756">
      <ele>1716.3</ele></trkpt>
      <trkpt lat="46.71921465710681" lon="7.888144060642698">
      <ele>1716.0</ele></trkpt>
      <trkpt lat="46.719210974905316" lon="7.88811741249122">
      <ele>1715.8</ele></trkpt>
      <trkpt lat="46.719198353772725" lon="7.888087786179826">
      <ele>1715.5</ele></trkpt>
      <trkpt lat="46.71917785503419" lon="7.888018671658551">
      <ele>1715.2</ele></trkpt>
      <trkpt lat="46.71916786651942" lon="7.88796241060438">
      <ele>1714.9</ele></trkpt>
      <trkpt lat="46.71916155039785" lon="7.887873598277191">
      <ele>1714.7</ele></trkpt>
      <trkpt lat="46.71915103558376" lon="7.8877956203694515">
      <ele>1714.4</ele></trkpt>
      <trkpt lat="46.71912528059985" lon="7.8877294575651495">
      <ele>1714.1</ele></trkpt>
      <trkpt lat="46.71911738998113" lon="7.887690963392662">
      <ele>1713.8</ele></trkpt>
      <trkpt lat="46.71911792016526" lon="7.887617943158081">
      <ele>1713.6</ele></trkpt>
      <trkpt lat="46.7191189643149" lon="7.887546889170571">
      <ele>1713.3</ele></trkpt>
      <trkpt lat="46.719107921305394" lon="7.887459057893515">
      <ele>1713.0</ele></trkpt>
      <trkpt lat="46.71909898027416" lon="7.887387986294921">
      <ele>1712.8</ele></trkpt>
      <trkpt lat="46.719073221856235" lon="7.887295180147877">
      <ele>1712.5</ele></trkpt>
      <trkpt lat="46.71905692784654" lon="7.887261599634639">
      <ele>1712.2</ele></trkpt>
      <trkpt lat="46.71904167819729" lon="7.887243815144213">
      <ele>1711.9</ele></trkpt>
      <trkpt lat="46.71901486879782" lon="7.887246718382609">
      <ele>1711.6</ele></trkpt>
      <trkpt lat="46.71900278277217" lon="7.887238809289152">
      <ele>1711.4</ele></trkpt>
      <trkpt lat="46.71899962583696" lon="7.887218077737781">
      <ele>1711.1</ele></trkpt>
      <trkpt lat="46.7189997376536" lon="7.887189630117683">
      <ele>1710.3</ele></trkpt>
      <trkpt lat="46.718980823244486" lon="7.887159010098184">
      <ele>1709.5</ele></trkpt>
      <trkpt lat="46.718960319067286" lon="7.887118606291801">
      <ele>1708.8</ele></trkpt>
      <trkpt lat="46.718937723882256" lon="7.887054039873187">
      <ele>1708.0</ele></trkpt>
      <trkpt lat="46.718917980956476" lon="7.886991589966324">
      <ele>1707.2</ele></trkpt>
      <trkpt lat="46.71889742866033" lon="7.886951970657494">
      <ele>1706.4</ele></trkpt>
      <trkpt lat="46.7188726272446" lon="7.886903997359056">
      <ele>1705.6</ele></trkpt>
      <trkpt lat="46.71885775022705" lon="7.886873777275576">
      <ele>1704.9</ele></trkpt>
      <trkpt lat="46.71883577174054" lon="7.8868330998327">
      <ele>1704.1</ele></trkpt>
      <trkpt lat="46.718823853118785" lon="7.886777974351588">
      <ele>1703.3</ele></trkpt>
      <trkpt lat="46.718817752503384" lon="7.886695900596148">
      <ele>1702.5</ele></trkpt>
      <trkpt lat="46.718817248899775" lon="7.886640869915149">
      <ele>1701.7</ele></trkpt>
      <trkpt lat="46.71882820683774" lon="7.886578675099203">
      <ele>1701.0</ele></trkpt>
      <trkpt lat="46.71884132601072" lon="7.886511305530437">
      <ele>1700.2</ele></trkpt>
      <trkpt lat="46.71884288580994" lon="7.886476016217417">
      <ele>1699.4</ele></trkpt>
      <trkpt lat="46.718832368740244" lon="7.88642817477919">
      <ele>1698.6</ele></trkpt>
      <trkpt lat="46.71883331158436" lon="7.8863689967249435">
      <ele>1697.8</ele></trkpt>
      <trkpt lat="46.71883797212658" lon="7.886272480651398">
      <ele>1697.1</ele></trkpt>
      <trkpt lat="46.718836791099505" lon="7.886211218375657">
      <ele>1696.3</ele></trkpt>
      <trkpt lat="46.71882926792094" lon="7.8861270662728">
      <ele>1695.5</ele></trkpt>
      <trkpt lat="46.71882239024051" lon="7.886059517745949">
      <ele>1696.5</ele></trkpt>
      <trkpt lat="46.71882544522534" lon="7.886007642625142">
      <ele>1697.6</ele></trkpt>
      <trkpt lat="46.718826421249226" lon="7.885942238887107">
      <ele>1698.6</ele></trkpt>
      <trkpt lat="46.71881830840729" lon="7.885873071344349">
      <ele>1699.6</ele></trkpt>
      <trkpt lat="46.718811069080296" lon="7.885776103520347">
      <ele>1700.7</ele></trkpt>
      <trkpt lat="46.71879992703671" lon="7.885704020308263">
      <ele>1701.7</ele></trkpt>
      <trkpt lat="46.71877167044545" lon="7.885626275737713">
      <ele>1702.7</ele></trkpt>
      <trkpt lat="46.718733918449516" lon="7.885542906820067">
      <ele>1703.7</ele></trkpt>
      <trkpt lat="46.71869989557739" lon="7.885478939954794">
      <ele>1704.8</ele></trkpt>
      <trkpt lat="46.718650751906026" lon="7.88538717134433">
      <ele>1705.8</ele></trkpt>
      <trkpt lat="46.71860926152501" lon="7.885284400813985">
      <ele>1706.8</ele></trkpt>
      <trkpt lat="46.71856006359926" lon="7.8852064573135765">
      <ele>1707.9</ele></trkpt>
      <trkpt lat="46.7184993457533" lon="7.885150601777209">
      <ele>1708.9</ele></trkpt>
      <trkpt lat="46.71846716649017" lon="7.885100502050621">
      <ele>1709.9</ele></trkpt>
      <trkpt lat="46.7184444482913" lon="7.885067091800041">
      <ele>1710.9</ele></trkpt>
      <trkpt lat="46.718427377147464" lon="7.885050339440923">
      <ele>1712.0</ele></trkpt>
      <trkpt lat="46.71839889281685" lon="7.885030706732977">
      <ele>1713.0</ele></trkpt>
      <trkpt lat="46.71841234115888" lon="7.885003141423446">
      <ele>1714.0</ele></trkpt>
      <trkpt lat="46.7183991417991" lon="7.88496705015905">
      <ele>1715.1</ele></trkpt>
      <trkpt lat="46.718403161601934" lon="7.884914463984403">
      <ele>1716.1</ele></trkpt>
      <trkpt lat="46.718416700143415" lon="7.8848592228517465">
      <ele>1715.7</ele></trkpt>
      <trkpt lat="46.71842495961637" lon="7.8848059261594745">
      <ele>1715.3</ele></trkpt>
      <trkpt lat="46.718432088713236" lon="7.884717318124667">
      <ele>1715.0</ele></trkpt>
      <trkpt lat="46.71843531959828" lon="7.8845880524513285">
      <ele>1714.6</ele></trkpt>
      <trkpt lat="46.71843383393176" lon="7.884473292378938">
      <ele>1714.2</ele></trkpt>
      <trkpt lat="46.71842600613967" lon="7.884425343115909">
      <ele>1713.8</ele></trkpt>
      <trkpt lat="46.718387571220234" lon="7.884304706040691">
      <ele>1713.5</ele></trkpt>
      <trkpt lat="46.718349915636836" lon="7.884210221757123">
      <ele>1713.1</ele></trkpt>
      <trkpt lat="46.718273004189115" lon="7.884053220037545">
      <ele>1712.7</ele></trkpt>
      <trkpt lat="46.7182368832238" lon="7.8839964965332365">
      <ele>1712.3</ele></trkpt>
      <trkpt lat="46.71822983743023" lon="7.883960181735123">
      <ele>1712.0</ele></trkpt>
      <trkpt lat="46.718184166222706" lon="7.883946450648673">
      <ele>1711.6</ele></trkpt>
      <trkpt lat="46.71816182630619" lon="7.883912834909227">
      <ele>1711.2</ele></trkpt>
      <trkpt lat="46.718124908169884" lon="7.883857517634935">
      <ele>1710.8</ele></trkpt>
      <trkpt lat="46.718111718289855" lon="7.883825821661158">
      <ele>1710.5</ele></trkpt>
      <trkpt lat="46.71809368547855" lon="7.883778821901718">
      <ele>1710.1</ele></trkpt>
      <trkpt lat="46.718075688457894" lon="7.883722640613998">
      <ele>1709.7</ele></trkpt>
      <trkpt lat="46.71806243891176" lon="7.883706234218802">
      <ele>1709.3</ele></trkpt>
      <trkpt lat="46.71802535885371" lon="7.883694719277642">
      <ele>1709.0</ele></trkpt>
      <trkpt lat="46.717991146765264" lon="7.88366286314883">
      <ele>1708.6</ele></trkpt>
      <trkpt lat="46.717954771278414" lon="7.883648293450479">
      <ele>1708.1</ele></trkpt>
      <trkpt lat="46.71788891638595" lon="7.883647750480009">
      <ele>1707.7</ele></trkpt>
      <trkpt lat="46.71787072065985" lon="7.883642512525646">
      <ele>1707.2</ele></trkpt>
      <trkpt lat="46.71785605987269" lon="7.883628134981404">
      <ele>1706.8</ele></trkpt>
      <trkpt lat="46.71784344551661" lon="7.883631078507122">
      <ele>1706.3</ele></trkpt>
      <trkpt lat="46.71781335483029" lon="7.883619621287622">
      <ele>1705.9</ele></trkpt>
      <trkpt lat="46.71777349993645" lon="7.883599948138717">
      <ele>1705.4</ele></trkpt>
      <trkpt lat="46.7177574965233" lon="7.883572310041982">
      <ele>1705.0</ele></trkpt>
      <trkpt lat="46.717764754102404" lon="7.883508188812284">
      <ele>1704.5</ele></trkpt>
      <trkpt lat="46.717770461444445" lon="7.883481749883994">
      <ele>1704.1</ele></trkpt>
      <trkpt lat="46.71775326148189" lon="7.883375664278436">
      <ele>1703.6</ele></trkpt>
      <trkpt lat="46.717741212271186" lon="7.8833051450516125">
      <ele>1703.2</ele></trkpt>
      <trkpt lat="46.7177095807494" lon="7.883241239720811">
      <ele>1702.8</ele></trkpt>
      <trkpt lat="46.717687477573705" lon="7.883174509299983">
      <ele>1702.3</ele></trkpt>
      <trkpt lat="46.71767171686875" lon="7.883109936957957">
      <ele>1701.8</ele></trkpt>
      <trkpt lat="46.71768502068964" lon="7.883056996182587">
      <ele>1701.4</ele></trkpt>
      <trkpt lat="46.717709513250014" lon="7.882949069824068">
      <ele>1700.9</ele></trkpt>
      <trkpt lat="46.71770691131266" lon="7.88292190849334">
      <ele>1700.5</ele></trkpt>
      <trkpt lat="46.71767687441511" lon="7.882855021355549">
      <ele>1700.0</ele></trkpt>
      <trkpt lat="46.71766213789704" lon="7.882811541645874">
      <ele>1699.6</ele></trkpt>
      <trkpt lat="46.71764055730583" lon="7.882746843077811">
      <ele>1699.6</ele></trkpt>
      <trkpt lat="46.71761740017692" lon="7.882678103119929">
      <ele>1699.6</ele></trkpt>
      <trkpt lat="46.7175984176533" lon="7.882641559925121">
      <ele>1699.6</ele></trkpt>
      <trkpt lat="46.71756781640332" lon="7.88260176903999">
      <ele>1699.6</ele></trkpt>
      <trkpt lat="46.71751604581265" lon="7.882569586347411">
      <ele>1699.6</ele></trkpt>
      <trkpt lat="46.71747538670829" lon="7.8825346045493">
      <ele>1699.6</ele></trkpt>
      <trkpt lat="46.71744742327677" lon="7.882498890125768">
      <ele>1699.6</ele></trkpt>
      <trkpt lat="46.71743903857085" lon="7.882450518911804">
      <ele>1699.6</ele></trkpt>
      <trkpt lat="46.71743546539359" lon="7.8823631059977926">
      <ele>1699.6</ele></trkpt>
      <trkpt lat="46.71742813811424" lon="7.882315763702136">
      <ele>1699.5</ele></trkpt>
      <trkpt lat="46.7173970472398" lon="7.882246854359916">
      <ele>1699.5</ele></trkpt>
      <trkpt lat="46.71736333828699" lon="7.882161822852116">
      <ele>1699.5</ele></trkpt>
      <trkpt lat="46.717342269395985" lon="7.882111189449603">
      <ele>1699.5</ele></trkpt>
      <trkpt lat="46.717310596040406" lon="7.882076399649545">
      <ele>1699.5</ele></trkpt>
      <trkpt lat="46.71727468307424" lon="7.882051554620869">
      <ele>1699.5</ele></trkpt>
      <trkpt lat="46.717239262615315" lon="7.882045809538667">
      <ele>1699.5</ele></trkpt>
      <trkpt lat="46.717219194458785" lon="7.882029321638758">
      <ele>1699.5</ele></trkpt>
      <trkpt lat="46.717194387729876" lon="7.882000709506171">
      <ele>1699.5</ele></trkpt>
      <trkpt lat="46.717126805261536" lon="7.881940067902605">
      <ele>1699.5</ele></trkpt>
      <trkpt lat="46.71706868148681" lon="7.881910737542218">
      <ele>1699.5</ele></trkpt>
      <trkpt lat="46.716997857321005" lon="7.88189724661842">
      <ele>1698.4</ele></trkpt>
      <trkpt lat="46.71692492751637" lon="7.881874661414504">
      <ele>1697.4</ele></trkpt>
      <trkpt lat="46.71686096653815" lon="7.8818612923287175">
      <ele>1696.3</ele></trkpt>
      <trkpt lat="46.71682659426897" lon="7.881863599768364">
      <ele>1695.2</ele></trkpt>
      <trkpt lat="46.71677212707511" lon="7.881872517240873">
      <ele>1694.2</ele></trkpt>
      <trkpt lat="46.71671819363803" lon="7.88187139422629">
      <ele>1693.1</ele></trkpt>
      <trkpt lat="46.71668067256307" lon="7.88185757526885">
      <ele>1692.0</ele></trkpt>
      <trkpt lat="46.71667330817186" lon="7.881831317109866">
      <ele>1690.9</ele></trkpt>
      <trkpt lat="46.7166797497704" lon="7.881773219765959">
      <ele>1689.9</ele></trkpt>
      <trkpt lat="46.71668931675355" lon="7.881737278117863">
      <ele>1688.8</ele></trkpt>
      <trkpt lat="46.71668830005827" lon="7.881714158776453">
      <ele>1687.7</ele></trkpt>
      <trkpt lat="46.71667137671953" lon="7.881714817686598">
      <ele>1686.7</ele></trkpt>
      <trkpt lat="46.71658194332553" lon="7.881763169778401">
      <ele>1685.6</ele></trkpt>
      <trkpt lat="46.71653379658696" lon="7.881782249416576">
      <ele>1684.5</ele></trkpt>
      <trkpt lat="46.716505207103985" lon="7.881805766488902">
      <ele>1683.4</ele></trkpt>
      <trkpt lat="46.71641317118133" lon="7.88183398116134">
      <ele>1682.4</ele></trkpt>
      <trkpt lat="46.71641956537789" lon="7.881801989716739">
      <ele>1681.3</ele></trkpt>
      <trkpt lat="46.716431233032694" lon="7.881774109179789">
      <ele>1680.2</ele></trkpt>
      <trkpt lat="46.71645664842909" lon="7.88175255409917">
      <ele>1679.2</ele></trkpt>
      <trkpt lat="46.71646409232276" lon="7.8817235925253515">
      <ele>1678.1</ele></trkpt>
      <trkpt lat="46.71651598605018" lon="7.881675468587799">
      <ele>1677.7</ele></trkpt>
      <trkpt lat="46.716542529070374" lon="7.881606746036504">
      <ele>1677.4</ele></trkpt>
      <trkpt lat="46.716584391314214" lon="7.881547369959713">
      <ele>1677.0</ele></trkpt>
      <trkpt lat="46.716634712652116" lon="7.881487160729866">
      <ele>1676.7</ele></trkpt>
      <trkpt lat="46.71667128973258" lon="7.881426668605657">
      <ele>1676.3</ele></trkpt>
      <trkpt lat="46.71668934174838" lon="7.881380869371254">
      <ele>1675.9</ele></trkpt>
      <trkpt lat="46.7166925711019" lon="7.881343790090477">
      <ele>1675.6</ele></trkpt>
      <trkpt lat="46.716685250286524" lon="7.881285396695081">
      <ele>1675.2</ele></trkpt>
      <trkpt lat="46.71666784618263" lon="7.881256937448395">
      <ele>1674.9</ele></trkpt>
      <trkpt lat="46.716630356483336" lon="7.881228051935562">
      <ele>1674.5</ele></trkpt>
      <trkpt lat="46.71661452773438" lon="7.881201619851617">
      <ele>1674.1</ele></trkpt>
      <trkpt lat="46.71660142897713" lon="7.881123037213907">
      <ele>1673.8</ele></trkpt>
      <trkpt lat="46.71658934284855" lon="7.881075604496892">
      <ele>1673.4</ele></trkpt>
      <trkpt lat="46.716561367296144" lon="7.881042899535054">
      <ele>1673.1</ele></trkpt>
      <trkpt lat="46.716494816722914" lon="7.88100136390568">
      <ele>1672.7</ele></trkpt>
      <trkpt lat="46.71646211570422" lon="7.880948478389426">
      <ele>1672.3</ele></trkpt>
      <trkpt lat="46.71643842557422" lon="7.8808777221542385">
      <ele>1672.0</ele></trkpt>
      <trkpt lat="46.71642849133387" lon="7.8808042274132095">
      <ele>1671.6</ele></trkpt>
      <trkpt lat="46.71645877136453" lon="7.880713483675971">
      <ele>1671.3</ele></trkpt>
      <trkpt lat="46.71647579453105" lon="7.880647573267971">
      <ele>1670.9</ele></trkpt>
      <trkpt lat="46.71649179314219" lon="7.880553534195361">
      <ele>1670.3</ele></trkpt>
      <trkpt lat="46.71648776366674" lon="7.8804883407408095">
      <ele>1669.6</ele></trkpt>
      <trkpt lat="46.71646483781806" lon="7.880436189514585">
      <ele>1669.0</ele></trkpt>
      <trkpt lat="46.71642448083553" lon="7.880362498162707">
      <ele>1668.3</ele></trkpt>
      <trkpt lat="46.71640358996759" lon="7.880330741030416">
      <ele>1667.7</ele></trkpt>
      <trkpt lat="46.71634709746738" lon="7.880260998515411">
      <ele>1667.0</ele></trkpt>
      <trkpt lat="46.71629758071929" lon="7.8801994745909205">
      <ele>1666.4</ele></trkpt>
      <trkpt lat="46.7162633755941" lon="7.880165568340161">
      <ele>1665.7</ele></trkpt>
      <trkpt lat="46.716239741169424" lon="7.880117492358053">
      <ele>1665.1</ele></trkpt>
      <trkpt lat="46.7162187196641" lon="7.880021816740505">
      <ele>1664.5</ele></trkpt>
      <trkpt lat="46.71617451593096" lon="7.879884373203607">
      <ele>1663.8</ele></trkpt>
      <trkpt lat="46.716135426207124" lon="7.879820188442271">
      <ele>1663.2</ele></trkpt>
      <trkpt lat="46.71603988254253" lon="7.879638942506123">
      <ele>1662.5</ele></trkpt>
      <trkpt lat="46.715966396065184" lon="7.879439017364628">
      <ele>1661.9</ele></trkpt>
      <trkpt lat="46.7159280930492" lon="7.879385355148218">
      <ele>1661.2</ele></trkpt>
      <trkpt lat="46.71588494518514" lon="7.87930042072664">
      <ele>1660.6</ele></trkpt>
      <trkpt lat="46.71583853710491" lon="7.879216453835322">
      <ele>1659.9</ele></trkpt>
      <trkpt lat="46.71582403541655" lon="7.879163051555088">
      <ele>1659.3</ele></trkpt>
      <trkpt lat="46.715782414438806" lon="7.8791183086405745">
      <ele>1658.6</ele></trkpt>
      <trkpt lat="46.71573318595517" lon="7.879084490073613">
      <ele>1658.0</ele></trkpt>
      <trkpt lat="46.715716473658034" lon="7.879049118902575">
      <ele>1657.5</ele></trkpt>
      <trkpt lat="46.71566834003928" lon="7.879011307205734">
      <ele>1657.0</ele></trkpt>
      <trkpt lat="46.71562725222438" lon="7.878970584130373">
      <ele>1656.5</ele></trkpt>
      <trkpt lat="46.71559162735284" lon="7.878912863795613">
      <ele>1656.0</ele></trkpt>
      <trkpt lat="46.71553766841822" lon="7.8788157440918">
      <ele>1655.5</ele></trkpt>
      <trkpt lat="46.71548692432366" lon="7.8787317166488755">
      <ele>1655.0</ele></trkpt>
      <trkpt lat="46.71542744668402" lon="7.878677686604224">
      <ele>1654.5</ele></trkpt>
      <trkpt lat="46.715392851914686" lon="7.878642065354569">
      <ele>1654.0</ele></trkpt>
      <trkpt lat="46.71536106162509" lon="7.878567334932814">
      <ele>1653.5</ele></trkpt>
      <trkpt lat="46.71533144554511" lon="7.8784886332540776">
      <ele>1653.0</ele></trkpt>
      <trkpt lat="46.71532025412539" lon="7.878407165183933">
      <ele>1652.4</ele></trkpt>
      <trkpt lat="46.71530704461597" lon="7.87826343827343">
      <ele>1651.9</ele></trkpt>
      <trkpt lat="46.71529639016507" lon="7.878184982804839">
      <ele>1651.4</ele></trkpt>
      <trkpt lat="46.71527275703718" lon="7.878094310653008">
      <ele>1650.9</ele></trkpt>
      <trkpt lat="46.715246879838325" lon="7.878039744166549">
      <ele>1650.4</ele></trkpt>
      <trkpt lat="46.71521333711351" lon="7.878018204870609">
      <ele>1649.9</ele></trkpt>
      <trkpt lat="46.71517282738594" lon="7.877960419694732">
      <ele>1649.4</ele></trkpt>
      <trkpt lat="46.715128255729084" lon="7.877920257991515">
      <ele>1648.9</ele></trkpt>
      <trkpt lat="46.71508710565939" lon="7.877872237660339">
      <ele>1648.4</ele></trkpt>
      <trkpt lat="46.71502810739749" lon="7.877798725422775">
      <ele>1647.9</ele></trkpt>
      <trkpt lat="46.71499297812281" lon="7.877733621009434">
      <ele>1648.0</ele></trkpt>
      <trkpt lat="46.71496177073904" lon="7.8776241329578705">
      <ele>1648.0</ele></trkpt>
      <trkpt lat="46.71493056057601" lon="7.87751767929228">
      <ele>1648.1</ele></trkpt>
      <trkpt lat="46.714897556097654" lon="7.877470771972282">
      <ele>1648.2</ele></trkpt>
      <trkpt lat="46.714879176041634" lon="7.877436199179375">
      <ele>1648.2</ele></trkpt>
      <trkpt lat="46.7148825620306" lon="7.877390804082073">
      <ele>1648.3</ele></trkpt>
      <trkpt lat="46.714889776427505" lon="7.877332335150238">
      <ele>1648.4</ele></trkpt>
      <trkpt lat="46.71486581277371" lon="7.877154282034553">
      <ele>1648.5</ele></trkpt>
      <trkpt lat="46.71485088073863" lon="7.877051086875442">
      <ele>1648.5</ele></trkpt>
      <trkpt lat="46.71482081944547" lon="7.8769194010663455">
      <ele>1648.6</ele></trkpt>
      <trkpt lat="46.71477162682592" lon="7.876833911229219">
      <ele>1648.7</ele></trkpt>
      <trkpt lat="46.71472668422769" lon="7.876784828041057">
      <ele>1648.7</ele></trkpt>
      <trkpt lat="46.71466983762803" lon="7.876715376280166">
      <ele>1648.8</ele></trkpt>
      <trkpt lat="46.71460972168667" lon="7.876653967705794">
      <ele>1648.9</ele></trkpt>
      <trkpt lat="46.71455007427698" lon="7.876615790849276">
      <ele>1649.0</ele></trkpt>
      <trkpt lat="46.714516519327226" lon="7.876573928325139">
      <ele>1649.0</ele></trkpt>
      <trkpt lat="46.714495463846" lon="7.876526190294279">
      <ele>1649.1</ele></trkpt>
      <trkpt lat="46.7144718018239" lon="7.876438018019521">
      <ele>1649.2</ele></trkpt>
      <trkpt lat="46.7144570664845" lon="7.876372492015733">
      <ele>1649.2</ele></trkpt>
      <trkpt lat="46.71439793543075" lon="7.876277061360146">
      <ele>1649.3</ele></trkpt>
      <trkpt lat="46.71435179034619" lon="7.876210731560186">
      <ele>1648.6</ele></trkpt>
      <trkpt lat="46.71430996208627" lon="7.8761564038244245">
      <ele>1647.9</ele></trkpt>
      <trkpt lat="46.71426701721501" lon="7.8761070631622125">
      <ele>1647.2</ele></trkpt>
      <trkpt lat="46.71424156294094" lon="7.8760569095783195">
      <ele>1646.5</ele></trkpt>
      <trkpt lat="46.71417206770285" lon="7.875959381575091">
      <ele>1645.8</ele></trkpt>
      <trkpt lat="46.71411725685307" lon="7.8758749990534405">
      <ele>1645.0</ele></trkpt>
      <trkpt lat="46.71404566489304" lon="7.875756489563727">
      <ele>1644.3</ele></trkpt>
      <trkpt lat="46.713995708001455" lon="7.875687121709311">
      <ele>1643.6</ele></trkpt>
      <trkpt lat="46.71394960216759" lon="7.8756128022295036">
      <ele>1642.9</ele></trkpt>
      <trkpt lat="46.713886745703746" lon="7.875496378252098">
      <ele>1642.2</ele></trkpt>
      <trkpt lat="46.71383737309689" lon="7.875420031636581">
      <ele>1641.5</ele></trkpt>
      <trkpt lat="46.71382291417593" lon="7.875354992827563">
      <ele>1640.8</ele></trkpt>
      <trkpt lat="46.71377953505478" lon="7.875282696941316">
      <ele>1640.1</ele></trkpt>
      <trkpt lat="46.713729730895096" lon="7.875180386352325">
      <ele>1639.4</ele></trkpt>
      <trkpt lat="46.71367568882904" lon="7.875050079872872">
      <ele>1638.6</ele></trkpt>
      <trkpt lat="46.71360428459405" lon="7.8748916584690045">
      <ele>1637.9</ele></trkpt>
      <trkpt lat="46.71354325307637" lon="7.874735335371024">
      <ele>1637.2</ele></trkpt>
      <trkpt lat="46.71349556428615" lon="7.874649011609374">
      <ele>1636.5</ele></trkpt>
      <trkpt lat="46.71344719675489" lon="7.874589637174738">
      <ele>1635.8</ele></trkpt>
      <trkpt lat="46.71338897304142" lon="7.87453417217339">
      <ele>1635.1</ele></trkpt>
      <trkpt lat="46.71332200212299" lon="7.87447960446574">
      <ele>1634.9</ele></trkpt>
      <trkpt lat="46.71326751236999" lon="7.8744451214413225">
      <ele>1634.6</ele></trkpt>
      <trkpt lat="46.713246178303486" lon="7.874448898868599">
      <ele>1634.4</ele></trkpt>
      <trkpt lat="46.71320748589711" lon="7.874423567538431">
      <ele>1634.2</ele></trkpt>
      <trkpt lat="46.71312673016783" lon="7.8743958172151105">
      <ele>1633.9</ele></trkpt>
      <trkpt lat="46.713012123449765" lon="7.874358756594741">
      <ele>1633.7</ele></trkpt>
      <trkpt lat="46.71295161961333" lon="7.874323218317973">
      <ele>1633.5</ele></trkpt>
      <trkpt lat="46.71293260890725" lon="7.874298072223068">
      <ele>1633.2</ele></trkpt>
      <trkpt lat="46.71290369501171" lon="7.874286800772181">
      <ele>1633.0</ele></trkpt>
      <trkpt lat="46.71286825016506" lon="7.874268492815684">
      <ele>1632.8</ele></trkpt>
      <trkpt lat="46.712838902154076" lon="7.874234265495722">
      <ele>1632.5</ele></trkpt>
      <trkpt lat="46.71280585062188" lon="7.874171053017643">
      <ele>1632.3</ele></trkpt>
      <trkpt lat="46.71278358464079" lon="7.874140884879864">
      <ele>1632.0</ele></trkpt>
      <trkpt lat="46.71273291396412" lon="7.874107440378292">
      <ele>1631.8</ele></trkpt>
      <trkpt lat="46.71270517120644" lon="7.874079216022135">
      <ele>1631.6</ele></trkpt>
      <trkpt lat="46.71268025716887" lon="7.874031057104351">
      <ele>1631.3</ele></trkpt>
      <trkpt lat="46.71263459782811" lon="7.873950244575585">
      <ele>1631.1</ele></trkpt>
      <trkpt lat="46.71256556418189" lon="7.873865660285306">
      <ele>1630.9</ele></trkpt>
      <trkpt lat="46.71246093493277" lon="7.8737456481527675">
      <ele>1630.6</ele></trkpt>
      <trkpt lat="46.712393997050846" lon="7.873661081287395">
      <ele>1630.4</ele></trkpt>
      <trkpt lat="46.71234250765354" lon="7.873660666330808">
      <ele>1630.2</ele></trkpt>
      <trkpt lat="46.712320450558586" lon="7.873655898136693">
      <ele>1630.0</ele></trkpt>
      <trkpt lat="46.71227758728424" lon="7.87359902893376">
      <ele>1629.8</ele></trkpt>
      <trkpt lat="46.712198002869165" lon="7.873523528424105">
      <ele>1629.7</ele></trkpt>
      <trkpt lat="46.71216450054863" lon="7.8734911647974">
      <ele>1629.5</ele></trkpt>
      <trkpt lat="46.712114608957535" lon="7.873442073067125">
      <ele>1629.3</ele></trkpt>
      <trkpt lat="46.712078863633025" lon="7.873375099893248">
      <ele>1629.1</ele></trkpt>
      <trkpt lat="46.71203414194624" lon="7.873303058695289">
      <ele>1628.9</ele></trkpt>
      <trkpt lat="46.712016615164885" lon="7.873200006091513">
      <ele>1628.7</ele></trkpt>
      <trkpt lat="46.711995857951926" lon="7.873125542399511">
      <ele>1628.6</ele></trkpt>
      <trkpt lat="46.71197118704337" lon="7.8731032026376635">
      <ele>1628.4</ele></trkpt>
      <trkpt lat="46.71194654779736" lon="7.873072545498287">
      <ele>1628.2</ele></trkpt>
      <trkpt lat="46.711920073701855" lon="7.873025277557711">
      <ele>1628.0</ele></trkpt>
      <trkpt lat="46.71188426315666" lon="7.872928107148856">
      <ele>1627.8</ele></trkpt>
      <trkpt lat="46.711820259379806" lon="7.872736587443267">
      <ele>1627.6</ele></trkpt>
      <trkpt lat="46.71177125435522" lon="7.872603320591387">
      <ele>1627.4</ele></trkpt>
      <trkpt lat="46.71171315244405" lon="7.872465887453702">
      <ele>1627.3</ele></trkpt>
      <trkpt lat="46.711659949931146" lon="7.872360025035208">
      <ele>1627.1</ele></trkpt>
      <trkpt lat="46.71160363959721" lon="7.872243440068345">
      <ele>1626.9</ele></trkpt>
      <trkpt lat="46.711545209472455" lon="7.872128355367453">
      <ele>1626.7</ele></trkpt>
      <trkpt lat="46.71147635967529" lon="7.8719902746850625">
      <ele>1625.3</ele></trkpt>
      <trkpt lat="46.71142815830953" lon="7.871891515432214">
      <ele>1623.9</ele></trkpt>
      <trkpt lat="46.71140332355023" lon="7.871841188369533">
      <ele>1622.5</ele></trkpt>
      <trkpt lat="46.711322108246314" lon="7.871668915083262">
      <ele>1621.2</ele></trkpt>
      <trkpt lat="46.711225623097725" lon="7.871504811256638">
      <ele>1619.8</ele></trkpt>
      <trkpt lat="46.711110271450586" lon="7.871296275131657">
      <ele>1618.4</ele></trkpt>
      <trkpt lat="46.71102519930721" lon="7.871135049641741">
      <ele>1617.0</ele></trkpt>
      <trkpt lat="46.71096846697422" lon="7.871032169521153">
      <ele>1615.6</ele></trkpt>
      <trkpt lat="46.71091759339334" lon="7.870890586957687">
      <ele>1614.2</ele></trkpt>
      <trkpt lat="46.71085526408685" lon="7.8707572173660925">
      <ele>1612.8</ele></trkpt>
      <trkpt lat="46.710791175799116" lon="7.870582312029646">
      <ele>1611.5</ele></trkpt>
      <trkpt lat="46.71075716545278" lon="7.870512832274326">
      <ele>1610.1</ele></trkpt>
      <trkpt lat="46.710700390642785" lon="7.870421029851116">
      <ele>1608.7</ele></trkpt>
      <trkpt lat="46.71063218116756" lon="7.870331908660581">
      <ele>1607.3</ele></trkpt>
      <trkpt lat="46.71054862588048" lon="7.870275869353195">
      <ele>1605.9</ele></trkpt>
      <trkpt lat="46.710451740888665" lon="7.87021696425223">
      <ele>1604.5</ele></trkpt>
      <trkpt lat="46.7103567852902" lon="7.870149770457863">
      <ele>1603.2</ele></trkpt>
      <trkpt lat="46.71027891343946" lon="7.870096562687236">
      <ele>1601.8</ele></trkpt>
      <trkpt lat="46.710204981224884" lon="7.8700101562570985">
      <ele>1600.4</ele></trkpt>
      <trkpt lat="46.710112129837206" lon="7.8698931542029085">
      <ele>1599.0</ele></trkpt>
      <trkpt lat="46.71003263182906" lon="7.869767954923956">
      <ele>1597.9</ele></trkpt>
      <trkpt lat="46.709987385098046" lon="7.869648561308019">
      <ele>1596.8</ele></trkpt>
      <trkpt lat="46.709908231728406" lon="7.8694320185820885">
      <ele>1595.8</ele></trkpt>
      <trkpt lat="46.70983084015542" lon="7.869251479976679">
      <ele>1594.7</ele></trkpt>
      <trkpt lat="46.70973637337679" lon="7.8690569566340764">
      <ele>1593.6</ele></trkpt>
      <trkpt lat="46.70966444128995" lon="7.86894566886086">
      <ele>1592.5</ele></trkpt>
      <trkpt lat="46.709586746334224" lon="7.868845399020103">
      <ele>1591.5</ele></trkpt>
      <trkpt lat="46.70950333783165" lon="7.868747843292777">
      <ele>1590.4</ele></trkpt>
      <trkpt lat="46.709433199178285" lon="7.86866424260003">
      <ele>1589.3</ele></trkpt>
      <trkpt lat="46.70938211403369" lon="7.868578034535899">
      <ele>1588.2</ele></trkpt>
      <trkpt lat="46.70929711114251" lon="7.868476216734909">
      <ele>1587.2</ele></trkpt>
      <trkpt lat="46.70922490133689" lon="7.868393136401336">
      <ele>1586.1</ele></trkpt>
      <trkpt lat="46.709145382543824" lon="7.868299300812031">
      <ele>1585.0</ele></trkpt>
      <trkpt lat="46.709062706302085" lon="7.86820544037438">
      <ele>1584.0</ele></trkpt>
      <trkpt lat="46.70899043628086" lon="7.868140694730615">
      <ele>1582.9</ele></trkpt>
      <trkpt lat="46.70891083352468" lon="7.868066723719402">
      <ele>1581.8</ele></trkpt>
      <trkpt lat="46.70880918808418" lon="7.867986470507848">
      <ele>1580.7</ele></trkpt>
      <trkpt lat="46.70870960730482" lon="7.867916918155942">
      <ele>1579.7</ele></trkpt>
      <trkpt lat="46.708633487560995" lon="7.867863977637573">
      <ele>1578.6</ele></trkpt>
      <trkpt lat="46.70860058476222" lon="7.867841602385457">
      <ele>1577.5</ele></trkpt>
      <trkpt lat="46.708572238917036" lon="7.867820244183308">
      <ele>1577.6</ele></trkpt>
      <trkpt lat="46.70854509148944" lon="7.867788786823231">
      <ele>1577.8</ele></trkpt>
      <trkpt lat="46.708533316850776" lon="7.8677455644851575">
      <ele>1577.9</ele></trkpt>
      <trkpt lat="46.70852414918166" lon="7.867700414378315">
      <ele>1578.0</ele></trkpt>
      <trkpt lat="46.70851008528304" lon="7.867639205765169">
      <ele>1578.2</ele></trkpt>
      <trkpt lat="46.708491426383006" lon="7.867599054242537">
      <ele>1578.3</ele></trkpt>
      <trkpt lat="46.70840695107742" lon="7.867502631670984">
      <ele>1578.4</ele></trkpt>
      <trkpt lat="46.70833694430702" lon="7.867405238912712">
      <ele>1578.6</ele></trkpt>
      <trkpt lat="46.70826145418991" lon="7.867294791079293">
      <ele>1578.7</ele></trkpt>
      <trkpt lat="46.70820742675156" lon="7.86722047612414">
      <ele>1578.8</ele></trkpt>
      <trkpt lat="46.70816641634652" lon="7.867196350125648">
      <ele>1579.0</ele></trkpt>
      <trkpt lat="46.70814668766132" lon="7.867151181974729">
      <ele>1579.1</ele></trkpt>
      <trkpt lat="46.70812734678625" lon="7.867132092751665">
      <ele>1579.3</ele></trkpt>
      <trkpt lat="46.70810881700442" lon="7.867071882389772">
      <ele>1579.4</ele></trkpt>
      <trkpt lat="46.70807845383171" lon="7.867036725485406">
      <ele>1579.5</ele></trkpt>
      <trkpt lat="46.70805597326577" lon="7.866986540170398">
      <ele>1579.7</ele></trkpt>
      <trkpt lat="46.70802589645202" lon="7.866906243419771">
      <ele>1579.8</ele></trkpt>
      <trkpt lat="46.70799802882048" lon="7.866853295437821">
      <ele>1579.9</ele></trkpt>
      <trkpt lat="46.70798427252948" lon="7.8668010871332825">
      <ele>1580.1</ele></trkpt>
      <trkpt lat="46.70797707762689" lon="7.86675031706268">
      <ele>1580.2</ele></trkpt>
      <trkpt lat="46.707965996186296" lon="7.8667092455502745">
      <ele>1580.7</ele></trkpt>
      <trkpt lat="46.70794866936373" lon="7.866690394830602">
      <ele>1581.2</ele></trkpt>
      <trkpt lat="46.70791669091812" lon="7.866658952409322">
      <ele>1581.6</ele></trkpt>
      <trkpt lat="46.70789268034706" lon="7.8666041259866875">
      <ele>1582.1</ele></trkpt>
      <trkpt lat="46.70785484985794" lon="7.866518812026383">
      <ele>1582.6</ele></trkpt>
      <trkpt lat="46.70779838924575" lon="7.866390340103566">
      <ele>1583.1</ele></trkpt>
      <trkpt lat="46.707748389240315" lon="7.866294965325243">
      <ele>1583.6</ele></trkpt>
      <trkpt lat="46.707680162046245" lon="7.866178510036387">
      <ele>1584.0</ele></trkpt>
      <trkpt lat="46.707614263219384" lon="7.866048015687351">
      <ele>1584.5</ele></trkpt>
      <trkpt lat="46.70755509449849" lon="7.865907505636169">
      <ele>1585.0</ele></trkpt>
      <trkpt lat="46.70746519790132" lon="7.865701747114516">
      <ele>1585.5</ele></trkpt>
      <trkpt lat="46.70740914856339" lon="7.865595341072312">
      <ele>1586.0</ele></trkpt>
      <trkpt lat="46.707334774436085" lon="7.865493903445103">
      <ele>1586.4</ele></trkpt>
      <trkpt lat="46.70722384920398" lon="7.865376105623296">
      <ele>1586.9</ele></trkpt>
      <trkpt lat="46.70712162218323" lon="7.86521752480718">
      <ele>1587.4</ele></trkpt>
      <trkpt lat="46.70702685751942" lon="7.865103281824127">
      <ele>1587.9</ele></trkpt>
      <trkpt lat="46.70694524163329" lon="7.8650306882440635">
      <ele>1588.4</ele></trkpt>
      <trkpt lat="46.70685406595579" lon="7.864971841598633">
      <ele>1588.8</ele></trkpt>
      <trkpt lat="46.70671715247218" lon="7.864923696968303">
      <ele>1589.3</ele></trkpt>
      <trkpt lat="46.70659550813136" lon="7.864867369392475">
      <ele>1589.8</ele></trkpt>
      <trkpt lat="46.70656483149275" lon="7.86484851896294">
      <ele>1588.1</ele></trkpt>
      <trkpt lat="46.706534996223894" lon="7.864818756109274">
      <ele>1586.5</ele></trkpt>
      <trkpt lat="46.706521249358936" lon="7.86477822735638">
      <ele>1584.8</ele></trkpt>
      <trkpt lat="46.70650652753973" lon="7.864709706694855">
      <ele>1583.1</ele></trkpt>
      <trkpt lat="46.70648651785997" lon="7.864628708364304">
      <ele>1581.5</ele></trkpt>
      <trkpt lat="46.70646002739319" lon="7.86456320720115">
      <ele>1579.8</ele></trkpt>
      <trkpt lat="46.706403736373815" lon="7.8644586070117555">
      <ele>1578.1</ele></trkpt>
      <trkpt lat="46.706346406980956" lon="7.864347787417728">
      <ele>1576.4</ele></trkpt>
      <trkpt lat="46.70631366761341" lon="7.864235605790395">
      <ele>1574.8</ele></trkpt>
      <trkpt lat="46.70629588805554" lon="7.864128197508235">
      <ele>1573.1</ele></trkpt>
      <trkpt lat="46.70628776819622" lon="7.8640115417311165">
      <ele>1571.4</ele></trkpt>
      <trkpt lat="46.706268854226465" lon="7.863921228945831">
      <ele>1569.8</ele></trkpt>
      <trkpt lat="46.70624520246362" lon="7.863834945756977">
      <ele>1568.1</ele></trkpt>
      <trkpt lat="46.70620947554991" lon="7.863715653574638">
      <ele>1566.4</ele></trkpt>
      <trkpt lat="46.70616606896133" lon="7.863610123130253">
      <ele>1564.8</ele></trkpt>
      <trkpt lat="46.706097843813524" lon="7.8635237901989115">
      <ele>1563.1</ele></trkpt>
      <trkpt lat="46.70599910883434" lon="7.863451039400995">
      <ele>1561.4</ele></trkpt>
      <trkpt lat="46.70590224082073" lon="7.863386633350662">
      <ele>1559.7</ele></trkpt>
      <trkpt lat="46.70584534699258" lon="7.863325274997438">
      <ele>1558.1</ele></trkpt>
      <trkpt lat="46.70579601157391" lon="7.863277850466711">
      <ele>1556.4</ele></trkpt>
      <trkpt lat="46.70574301542205" lon="7.863191612158843">
      <ele>1555.4</ele></trkpt>
      <trkpt lat="46.70570907255942" lon="7.863102790828937">
      <ele>1554.4</ele></trkpt>
      <trkpt lat="46.70566944855266" lon="7.863005595196398">
      <ele>1553.4</ele></trkpt>
      <trkpt lat="46.70560127443905" lon="7.862905416189047">
      <ele>1552.5</ele></trkpt>
      <trkpt lat="46.70554398198131" lon="7.8628544252272565">
      <ele>1551.5</ele></trkpt>
      <trkpt lat="46.70548812822777" lon="7.862808427822872">
      <ele>1550.5</ele></trkpt>
      <trkpt lat="46.70541049009366" lon="7.862747090658622">
      <ele>1549.5</ele></trkpt>
      <trkpt lat="46.70533469357122" lon="7.862700936829086">
      <ele>1548.5</ele></trkpt>
      <trkpt lat="46.70526360036658" lon="7.862667255766073">
      <ele>1547.5</ele></trkpt>
      <trkpt lat="46.705169768102856" lon="7.8626209605311255">
      <ele>1546.6</ele></trkpt>
      <trkpt lat="46.705131898652276" lon="7.86258891360074">
      <ele>1545.6</ele></trkpt>
      <trkpt lat="46.705090310056704" lon="7.862536137570605">
      <ele>1544.6</ele></trkpt>
      <trkpt lat="46.70503461511012" lon="7.862447356193793">
      <ele>1543.6</ele></trkpt>
      <trkpt lat="46.7049581353666" lon="7.8623308076570835">
      <ele>1542.6</ele></trkpt>
      <trkpt lat="46.70490113913572" lon="7.8622411534609125">
      <ele>1541.6</ele></trkpt>
      <trkpt lat="46.704867020926585" lon="7.862199368358767">
      <ele>1540.6</ele></trkpt>
      <trkpt lat="46.70483293352431" lon="7.862149280077036">
      <ele>1539.7</ele></trkpt>
      <trkpt lat="46.704802774408115" lon="7.862066008793548">
      <ele>1538.7</ele></trkpt>
      <trkpt lat="46.70478021373395" lon="7.861988341548961">
      <ele>1537.7</ele></trkpt>
      <trkpt lat="46.70470244978099" lon="7.861907456308927">
      <ele>1536.7</ele></trkpt>
      <trkpt lat="46.70463042852898" lon="7.861818339027374">
      <ele>1535.8</ele></trkpt>
      <trkpt lat="46.7045564444628" lon="7.861700569570859">
      <ele>1535.0</ele></trkpt>
      <trkpt lat="46.70449954736799" lon="7.86161558571116">
      <ele>1534.1</ele></trkpt>
      <trkpt lat="46.704432583673935" lon="7.861547705356592">
      <ele>1533.2</ele></trkpt>
      <trkpt lat="46.70436189770494" lon="7.861503568589636">
      <ele>1532.3</ele></trkpt>
      <trkpt lat="46.704293825533426" lon="7.861487187042128">
      <ele>1531.5</ele></trkpt>
      <trkpt lat="46.70421117684683" lon="7.861483911396214">
      <ele>1530.6</ele></trkpt>
      <trkpt lat="46.704115809552704" lon="7.8614778816845705">
      <ele>1529.7</ele></trkpt>
      <trkpt lat="46.704044112987944" lon="7.861458843553284">
      <ele>1528.9</ele></trkpt>
      <trkpt lat="46.703982502515174" lon="7.861417419668756">
      <ele>1528.0</ele></trkpt>
      <trkpt lat="46.703958118215894" lon="7.861380236358495">
      <ele>1527.1</ele></trkpt>
      <trkpt lat="46.70392947832942" lon="7.861270381928928">
      <ele>1526.3</ele></trkpt>
      <trkpt lat="46.70389340451846" lon="7.86120274449667">
      <ele>1525.4</ele></trkpt>
      <trkpt lat="46.70385099954866" lon="7.861129761789126">
      <ele>1524.5</ele></trkpt>
      <trkpt lat="46.703786751378274" lon="7.8610645454709935">
      <ele>1523.7</ele></trkpt>
      <trkpt lat="46.703714272600166" lon="7.8610137924269265">
      <ele>1522.8</ele></trkpt>
      <trkpt lat="46.7036699290119" lon="7.860971170621154">
      <ele>1521.9</ele></trkpt>
      <trkpt lat="46.70362498813392" lon="7.860849303390125">
      <ele>1521.0</ele></trkpt>
      <trkpt lat="46.703561080322146" lon="7.860696912463562">
      <ele>1520.2</ele></trkpt>
      <trkpt lat="46.70351550261348" lon="7.86050635241627">
      <ele>1519.3</ele></trkpt>
      <trkpt lat="46.7034930759097" lon="7.860433526854513">
      <ele>1517.4</ele></trkpt>
      <trkpt lat="46.7034318785444" lon="7.8602851069159705">
      <ele>1515.5</ele></trkpt>
      <trkpt lat="46.70338244794383" lon="7.860148678326437">
      <ele>1513.6</ele></trkpt>
      <trkpt lat="46.70333572814366" lon="7.8600162331652115">
      <ele>1511.7</ele></trkpt>
      <trkpt lat="46.70327627415768" lon="7.859887637815285">
      <ele>1509.8</ele></trkpt>
      <trkpt lat="46.7032248171004" lon="7.8598053547466815">
      <ele>1507.9</ele></trkpt>
      <trkpt lat="46.70318242661052" lon="7.859725770813195">
      <ele>1506.0</ele></trkpt>
      <trkpt lat="46.70309625281678" lon="7.859619785282509">
      <ele>1504.1</ele></trkpt>
      <trkpt lat="46.70294823957506" lon="7.859483021205169">
      <ele>1502.2</ele></trkpt>
      <trkpt lat="46.70281342465372" lon="7.859382332377852">
      <ele>1500.3</ele></trkpt>
      <trkpt lat="46.70277256027356" lon="7.859349873511974">
      <ele>1498.5</ele></trkpt>
      <trkpt lat="46.702681117197066" lon="7.859292006558825">
      <ele>1496.6</ele></trkpt>
      <trkpt lat="46.702599413155966" lon="7.85924476783807">
      <ele>1494.7</ele></trkpt>
      <trkpt lat="46.70254456386445" lon="7.859206525374784">
      <ele>1492.8</ele></trkpt>
      <trkpt lat="46.70250624132343" lon="7.859160474725422">
      <ele>1490.9</ele></trkpt>
      <trkpt lat="46.702481493433545" lon="7.859080179828386">
      <ele>1489.0</ele></trkpt>
      <trkpt lat="46.70247446969036" lon="7.858999120778141">
      <ele>1487.1</ele></trkpt>
      <trkpt lat="46.70248029274714" lon="7.858912879146483">
      <ele>1485.2</ele></trkpt>
      <trkpt lat="46.702454580209896" lon="7.8589259116571935">
      <ele>1483.3</ele></trkpt>
      <trkpt lat="46.702407501866205" lon="7.85896124195855">
      <ele>1481.4</ele></trkpt>
      <trkpt lat="46.70233682459836" lon="7.859024344369116">
      <ele>1480.5</ele></trkpt>
      <trkpt lat="46.70231389473857" lon="7.859046316103993">
      <ele>1479.6</ele></trkpt>
      <trkpt lat="46.7023006044103" lon="7.859035137478511">
      <ele>1478.7</ele></trkpt>
      <trkpt lat="46.70232957261041" lon="7.8589246508544015">
      <ele>1477.8</ele></trkpt>
      <trkpt lat="46.702348901231844" lon="7.858847314528497">
      <ele>1476.9</ele></trkpt>
      <trkpt lat="46.70236831257888" lon="7.858745056436256">
      <ele>1476.0</ele></trkpt>
      <trkpt lat="46.702404756895845" lon="7.858673384189528">
      <ele>1475.1</ele></trkpt>
      <trkpt lat="46.702427839512914" lon="7.858609897937155">
      <ele>1474.2</ele></trkpt>
      <trkpt lat="46.70242800248209" lon="7.858565624710232">
      <ele>1473.3</ele></trkpt>
      <trkpt lat="46.70240713258355" lon="7.85854608412881">
      <ele>1472.4</ele></trkpt>
      <trkpt lat="46.70236719907801" lon="7.858531939412899">
      <ele>1471.5</ele></trkpt>
      <trkpt lat="46.70231967709724" lon="7.858509419540621">
      <ele>1470.6</ele></trkpt>
      <trkpt lat="46.70227592834371" lon="7.858498017256447">
      <ele>1469.7</ele></trkpt>
      <trkpt lat="46.702241584714585" lon="7.85851711529801">
      <ele>1468.8</ele></trkpt>
      <trkpt lat="46.70219946915275" lon="7.858577681280868">
      <ele>1467.9</ele></trkpt>
      <trkpt lat="46.7021708579298" lon="7.8585912928177875">
      <ele>1467.0</ele></trkpt>
      <trkpt lat="46.702148030047695" lon="7.85858558423926">
      <ele>1466.1</ele></trkpt>
      <trkpt lat="46.702138624988244" lon="7.8585550708976415">
      <ele>1465.2</ele></trkpt>
      <trkpt lat="46.70215020190319" lon="7.858513645642469">
      <ele>1464.3</ele></trkpt>
      <trkpt lat="46.70217893538562" lon="7.858466809689363">
      <ele>1463.4</ele></trkpt>
      <trkpt lat="46.70217917979775" lon="7.858400387079109">
      <ele>1462.4</ele></trkpt>
      <trkpt lat="46.70217550830043" lon="7.858361615263732">
      <ele>1461.4</ele></trkpt>
      <trkpt lat="46.70215840266522" lon="7.858353179221434">
      <ele>1460.4</ele></trkpt>
      <trkpt lat="46.70213175957964" lon="7.858350200054498">
      <ele>1459.4</ele></trkpt>
      <trkpt lat="46.702109033514844" lon="7.858316811171696">
      <ele>1458.5</ele></trkpt>
      <trkpt lat="46.702097680627254" lon="7.85829735785312">
      <ele>1457.5</ele></trkpt>
      <trkpt lat="46.70209023463962" lon="7.85825024064162">
      <ele>1456.5</ele></trkpt>
      <trkpt lat="46.70209614006434" lon="7.8581977092666415">
      <ele>1455.5</ele></trkpt>
      <trkpt lat="46.702101994643954" lon="7.858158998470817">
      <ele>1454.5</ele></trkpt>
      <trkpt lat="46.70208684688026" lon="7.858136743660174">
      <ele>1453.5</ele></trkpt>
      <trkpt lat="46.702056379558954" lon="7.858136506930206">
      <ele>1452.5</ele></trkpt>
      <trkpt lat="46.70202779891883" lon="7.858141815861653">
      <ele>1451.5</ele></trkpt>
      <trkpt lat="46.702003466188664" lon="7.85809031795128">
      <ele>1450.5</ele></trkpt>
      <trkpt lat="46.70198379115433" lon="7.858054050166879">
      <ele>1449.5</ele></trkpt>
      <trkpt lat="46.70193129848806" lon="7.858015762279948">
      <ele>1448.5</ele></trkpt>
      <trkpt lat="46.70190851716497" lon="7.857958222553837">
      <ele>1447.6</ele></trkpt>
      <trkpt lat="46.70189160472526" lon="7.857897211109705">
      <ele>1446.6</ele></trkpt>
      <trkpt lat="46.701880333158634" lon="7.857855608492435">
      <ele>1445.6</ele></trkpt>
      <trkpt lat="46.701851884750745" lon="7.857824934499586">
      <ele>1444.6</ele></trkpt>
      <trkpt lat="46.701798761212586" lon="7.8577747040105175">
      <ele>1443.6</ele></trkpt>
      <trkpt lat="46.701730521487555" lon="7.8576911443065915">
      <ele>1440.6</ele></trkpt>
      <trkpt lat="46.70154216062512" lon="7.8574833111324365">
      <ele>1437.6</ele></trkpt>
      <trkpt lat="46.70144051809407" lon="7.857329173016486">
      <ele>1434.6</ele></trkpt>
      <trkpt lat="46.70137189620487" lon="7.85716089534082">
      <ele>1431.6</ele></trkpt>
      <trkpt lat="46.701273865279745" lon="7.857081486471031">
      <ele>1428.6</ele></trkpt>
      <trkpt lat="46.701180939667125" lon="7.856981131356097">
      <ele>1425.6</ele></trkpt>
      <trkpt lat="46.70103868605498" lon="7.856830577139978">
      <ele>1422.6</ele></trkpt>
      <trkpt lat="46.70090776509129" lon="7.856705020067379">
      <ele>1419.6</ele></trkpt>
      <trkpt lat="46.700826222693514" lon="7.856615829237062">
      <ele>1416.6</ele></trkpt>
      <trkpt lat="46.70075423905368" lon="7.856512865871358">
      <ele>1413.7</ele></trkpt>
      <trkpt lat="46.70065756985608" lon="7.856393106112301">
      <ele>1410.7</ele></trkpt>
      <trkpt lat="46.70058369809022" lon="7.856287369872193">
      <ele>1407.7</ele></trkpt>
      <trkpt lat="46.700506123636664" lon="7.856151152951213">
      <ele>1404.7</ele></trkpt>
      <trkpt lat="46.70043240352649" lon="7.856003904543641">
      <ele>1401.7</ele></trkpt>
      <trkpt lat="46.70034917511574" lon="7.855856583064481">
      <ele>1398.7</ele></trkpt>
      <trkpt lat="46.70026778610756" lon="7.855720337890888">
      <ele>1395.7</ele></trkpt>
      <trkpt lat="46.70011625757233" lon="7.855500524034109">
      <ele>1392.7</ele></trkpt>
      <trkpt lat="46.700006315689066" lon="7.8553668315426854">
      <ele>1389.7</ele></trkpt>
      <trkpt lat="46.69989248884828" lon="7.855252486970447">
      <ele>1386.7</ele></trkpt>
      <trkpt lat="46.69980141920547" lon="7.855163226521412">
      <ele>1383.7</ele></trkpt>
      <trkpt lat="46.699697005930595" lon="7.855015653168981">
      <ele>1382.5</ele></trkpt>
      <trkpt lat="46.69962525156079" lon="7.854881511828497">
      <ele>1381.4</ele></trkpt>
      <trkpt lat="46.69955824769697" lon="7.854784096056083">
      <ele>1380.2</ele></trkpt>
      <trkpt lat="46.699502217270805" lon="7.854662327835336">
      <ele>1379.1</ele></trkpt>
      <trkpt lat="46.6994335804861" lon="7.854494595582191">
      <ele>1378.0</ele></trkpt>
      <trkpt lat="46.69936582328341" lon="7.85445322738906">
      <ele>1376.8</ele></trkpt>
      <trkpt lat="46.6993313768135" lon="7.854419280910481">
      <ele>1375.7</ele></trkpt>
      <trkpt lat="46.6992425498196" lon="7.854321685156039">
      <ele>1374.5</ele></trkpt>
      <trkpt lat="46.69915858029197" lon="7.854224114036721">
      <ele>1373.4</ele></trkpt>
      <trkpt lat="46.69898632774689" lon="7.8540523959205615">
      <ele>1372.2</ele></trkpt>
      <trkpt lat="46.69885197432025" lon="7.853929883502685">
      <ele>1371.0</ele></trkpt>
      <trkpt lat="46.69879893970991" lon="7.853854752709943">
      <ele>1369.9</ele></trkpt>
      <trkpt lat="46.698766807077476" lon="7.85378808531242">
      <ele>1368.8</ele></trkpt>
      <trkpt lat="46.69875374678385" lon="7.85371602087755">
      <ele>1367.6</ele></trkpt>
      <trkpt lat="46.69874833677147" lon="7.853632953951894">
      <ele>1366.5</ele></trkpt>
      <trkpt lat="46.69874468376966" lon="7.853588654415428">
      <ele>1365.3</ele></trkpt>
      <trkpt lat="46.69873139181573" lon="7.8535802497326115">
      <ele>1364.2</ele></trkpt>
      <trkpt lat="46.69871228924526" lon="7.853593949190948">
      <ele>1363.0</ele></trkpt>
      <trkpt lat="46.69868165982482" lon="7.853640743992443">
      <ele>1361.9</ele></trkpt>
      <trkpt lat="46.698645378636904" lon="7.853670916409706">
      <ele>1360.7</ele></trkpt>
      <trkpt lat="46.69862633646599" lon="7.853668011248912">
      <ele>1360.0</ele></trkpt>
      <trkpt lat="46.69861886735782" lon="7.8536292000559165">
      <ele>1359.2</ele></trkpt>
      <trkpt lat="46.69861531507668" lon="7.853557208923434">
      <ele>1358.5</ele></trkpt>
      <trkpt lat="46.698615566662596" lon="7.85348803196445">
      <ele>1357.7</ele></trkpt>
      <trkpt lat="46.69861591025131" lon="7.8534405468445">
      <ele>1357.0</ele></trkpt>
      <trkpt lat="46.698601745316864" lon="7.8534124579072415">
      <ele>1356.2</ele></trkpt>
      <trkpt lat="46.69857898580683" lon="7.853397770025292">
      <ele>1355.5</ele></trkpt>
      <trkpt lat="46.69854754590116" lon="7.853415140279204">
      <ele>1354.7</ele></trkpt>
      <trkpt lat="46.698514560307316" lon="7.853466715387975">
      <ele>1354.0</ele></trkpt>
      <trkpt lat="46.698498137668814" lon="7.853470733923724">
      <ele>1353.2</ele></trkpt>
      <trkpt lat="46.69848681068949" lon="7.853448877368804">
      <ele>1352.5</ele></trkpt>
      <trkpt lat="46.69848997496597" lon="7.85336288261423">
      <ele>1351.8</ele></trkpt>
      <trkpt lat="46.698484501694224" lon="7.853299623955457">
      <ele>1351.0</ele></trkpt>
      <trkpt lat="46.698468866507895" lon="7.853284990864888">
      <ele>1350.3</ele></trkpt>
      <trkpt lat="46.69842946207586" lon="7.853335470695179">
      <ele>1349.5</ele></trkpt>
      <trkpt lat="46.698397198465585" lon="7.853383939489983">
      <ele>1348.8</ele></trkpt>
      <trkpt lat="46.69836076182681" lon="7.853397505778539">
      <ele>1348.0</ele></trkpt>
      <trkpt lat="46.69834938907156" lon="7.853380813472937">
      <ele>1347.3</ele></trkpt>
      <trkpt lat="46.69834203149406" lon="7.853308819642098">
      <ele>1346.5</ele></trkpt>
      <trkpt lat="46.69833841763168" lon="7.85325619214262">
      <ele>1345.8</ele></trkpt>
      <trkpt lat="46.698319505138286" lon="7.853220078270989">
      <ele>1344.9</ele></trkpt>
      <trkpt lat="46.698277773515485" lon="7.853178245536258">
      <ele>1344.0</ele></trkpt>
      <trkpt lat="46.698203687656914" lon="7.853130620806825">
      <ele>1343.2</ele></trkpt>
      <trkpt lat="46.698135404231145" lon="7.853058159578985">
      <ele>1342.3</ele></trkpt>
      <trkpt lat="46.69807474096319" lon="7.852982972102279">
      <ele>1341.4</ele></trkpt>
      <trkpt lat="46.69797816853572" lon="7.852835546303982">
      <ele>1340.5</ele></trkpt>
      <trkpt lat="46.697911872340875" lon="7.8527409525336225">
      <ele>1339.7</ele></trkpt>
      <trkpt lat="46.69783220477469" lon="7.852657317608729">
      <ele>1338.8</ele></trkpt>
      <trkpt lat="46.69776776632135" lon="7.8525737996822">
      <ele>1337.9</ele></trkpt>
      <trkpt lat="46.69773752893576" lon="7.852512666338768">
      <ele>1337.0</ele></trkpt>
      <trkpt lat="46.69773009056341" lon="7.8524627950644055">
      <ele>1336.2</ele></trkpt>
      <trkpt lat="46.69773640039076" lon="7.852402203383922">
      <ele>1335.3</ele></trkpt>
      <trkpt lat="46.697738944109744" lon="7.852358122215768">
      <ele>1334.4</ele></trkpt>
      <trkpt lat="46.69773132728451" lon="7.852325194287419">
      <ele>1333.5</ele></trkpt>
      <trkpt lat="46.69772068238095" lon="7.8523086779497255">
      <ele>1332.7</ele></trkpt>
      <trkpt lat="46.69767436967628" lon="7.852279794364652">
      <ele>1331.8</ele></trkpt>
      <trkpt lat="46.69764460001093" lon="7.852285619837888">
      <ele>1330.9</ele></trkpt>
      <trkpt lat="46.69762963698233" lon="7.852308856413686">
      <ele>1330.0</ele></trkpt>
      <trkpt lat="46.69761891366019" lon="7.852313964867027">
      <ele>1329.2</ele></trkpt>
      <trkpt lat="46.69761005966581" lon="7.852292271678481">
      <ele>1328.3</ele></trkpt>
      <trkpt lat="46.69760365172164" lon="7.852255901410249">
      <ele>1327.2</ele></trkpt>
      <trkpt lat="46.69759237278408" lon="7.852248022562579">
      <ele>1326.2</ele></trkpt>
      <trkpt lat="46.69758158713844" lon="7.852267839440793">
      <ele>1325.1</ele></trkpt>
      <trkpt lat="46.69756361496732" lon="7.85231963394667">
      <ele>1324.0</ele></trkpt>
    </trkseg>
  </trk>
</gpx>