<?xml version='1.0' encoding='utf-8'?>
<gpx xmlns="http://www.topografix.com/GPX/1/1" xmlns:xsi="http://www.w3.org/2001/XMLSchema-instance" xsi:schemaLocation="http://www.topografix.com/GPX/1/1 http://www.topografix.com/GPX/1/1/gpx.xsd" version="1.1" creator="gpx.py -- https://github.com/tkrajina/gpxpy">
  <trk>
    <name>hohganthuette</name>
    <trkseg>
      <trkpt lat="46.80250221073134" lon="7.935053967571902">
      <ele>976.8</ele></trkpt>
      <trkpt lat="46.80247715559848" lon="7.935131158380734">
      <ele>977.0</ele></trkpt>
      <trkpt lat="46.8024634392477" lon="7.9352197589890965">
      <ele>977.1</ele></trkpt>
      <trkpt lat="46.80243379496768" lon="7.935469042601227">
      <ele>977.3</ele></trkpt>
      <trkpt lat="46.80242943548324" lon="7.935596558011456">
      <ele>977.4</ele></trkpt>
      <trkpt lat="46.80242500356006" lon="7.935740696750774">
      <ele>977.6</ele></trkpt>
      <trkpt lat="46.802422590031235" lon="7.935857134298903">
      <ele>977.8</ele></trkpt>
      <trkpt lat="46.802429798818835" lon="7.935951482183635">
      <ele>977.9</ele></trkpt>
      <trkpt lat="46.802429231744846" lon="7.936081796677462">
      <ele>978.1</ele></trkpt>
      <trkpt lat="46.80242286804318" lon="7.936231471983654">
      <ele>978.2</ele></trkpt>
      <trkpt lat="46.80239713522523" lon="7.936455835343908">
      <ele>978.4</ele></trkpt>
      <trkpt lat="46.802363912788636" lon="7.936652409509514">
      <ele>978.6</ele></trkpt>
      <trkpt lat="46.80232693956029" lon="7.936832311671302">
      <ele>978.7</ele></trkpt>
      <trkpt lat="46.80228048231955" lon="7.937006571454248">
      <ele>978.9</ele></trkpt>
      <trkpt lat="46.80221682852502" lon="7.937194518593794">
      <ele>979.0</ele></trkpt>
      <trkpt lat="46.80214181090999" lon="7.937368513393344">
      <ele>979.2</ele></trkpt>
      <trkpt lat="46.80203238807053" lon="7.937572699083865">
      <ele>979.4</ele></trkpt>
      <trkpt lat="46.80196141384856" lon="7.937694055191017">
      <ele>979.5</ele></trkpt>
      <trkpt lat="46.8018481765665" lon="7.937898178003268">
      <ele>979.7</ele></trkpt>
      <trkpt lat="46.80173692748273" lon="7.938085707680731">
      <ele>979.8</ele></trkpt>
      <trkpt lat="46.8016618721455" lon="7.938268017795216">
      <ele>980.0</ele></trkpt>
      <trkpt lat="46.80161745619417" lon="7.93840901940029">
      <ele>980.6</ele></trkpt>
      <trkpt lat="46.80159807065243" lon="7.938489259866419">
      <ele>981.2</ele></trkpt>
      <trkpt lat="46.80158437283919" lon="7.938575081194068">
      <ele>981.8</ele></trkpt>
      <trkpt lat="46.80156631507245" lon="7.938785638441179">
      <ele>982.4</ele></trkpt>
      <trkpt lat="46.8015518950227" lon="7.939032293304848">
      <ele>983.0</ele></trkpt>
      <trkpt lat="46.80154168294149" lon="7.939193012615917">
      <ele>983.6</ele></trkpt>
      <trkpt lat="46.80153923574491" lon="7.939248559577077">
      <ele>984.2</ele></trkpt>
      <trkpt lat="46.80153533938117" lon="7.93933715716546">
      <ele>984.8</ele></trkpt>
      <trkpt lat="46.80153324964546" lon="7.939382961125858">
      <ele>985.4</ele></trkpt>
      <trkpt lat="46.80152901997686" lon="7.939475747559048">
      <ele>986.0</ele></trkpt>
      <trkpt lat="46.801539957899664" lon="7.939586752804298">
      <ele>986.5</ele></trkpt>
      <trkpt lat="46.80161044946036" lon="7.940008884208128">
      <ele>987.1</ele></trkpt>
      <trkpt lat="46.80166620649176" lon="7.940319949472063">
      <ele>987.7</ele></trkpt>
      <trkpt lat="46.801696049385754" lon="7.940464405009422">
      <ele>988.3</ele></trkpt>
      <trkpt lat="46.80174283946985" lon="7.940647846765251">
      <ele>988.9</ele></trkpt>
      <trkpt lat="46.8017972206553" lon="7.940839678048716">
      <ele>989.5</ele></trkpt>
      <trkpt lat="46.80181591331288" lon="7.940917508747756">
      <ele>990.1</ele></trkpt>
      <trkpt lat="46.80181761637822" lon="7.940961881051294">
      <ele>990.7</ele></trkpt>
      <trkpt lat="46.80181168506049" lon="7.94101173656645">
      <ele>991.3</ele></trkpt>
      <trkpt lat="46.80179818033164" lon="7.941053202996713">
      <ele>991.9</ele></trkpt>
      <trkpt lat="46.80178277175712" lon="7.941091887567451">
      <ele>993.3</ele></trkpt>
      <trkpt lat="46.80175785534025" lon="7.941130457260152">
      <ele>994.6</ele></trkpt>
      <trkpt lat="46.80172535957527" lon="7.941157899899169">
      <ele>996.0</ele></trkpt>
      <trkpt lat="46.80163370000028" lon="7.9412180383311135">
      <ele>997.3</ele></trkpt>
      <trkpt lat="46.80158785798858" lon="7.941250884534032">
      <ele>998.7</ele></trkpt>
      <trkpt lat="46.801553439893" lon="7.941283837235907">
      <ele>1000.1</ele></trkpt>
      <trkpt lat="46.801518985204225" lon="7.941325107976741">
      <ele>1001.4</ele></trkpt>
      <trkpt lat="46.80149021803359" lon="7.941371986068148">
      <ele>1002.8</ele></trkpt>
      <trkpt lat="46.8014595285358" lon="7.941424374317023">
      <ele>1004.1</ele></trkpt>
      <trkpt lat="46.801346199092364" lon="7.941647913648077">
      <ele>1005.5</ele></trkpt>
      <trkpt lat="46.80121174204433" lon="7.941915610684139">
      <ele>1006.9</ele></trkpt>
      <trkpt lat="46.80110203009363" lon="7.942183563806877">
      <ele>1008.2</ele></trkpt>
      <trkpt lat="46.80090942528217" lon="7.942683627900586">
      <ele>1009.6</ele></trkpt>
      <trkpt lat="46.800793657022865" lon="7.9430291501378">
      <ele>1010.9</ele></trkpt>
      <trkpt lat="46.800695084864245" lon="7.943360959398309">
      <ele>1012.3</ele></trkpt>
      <trkpt lat="46.80058285327891" lon="7.943764726827807">
      <ele>1013.7</ele></trkpt>
      <trkpt lat="46.80054603398872" lon="7.943911333516971">
      <ele>1015.0</ele></trkpt>
      <trkpt lat="46.80050547404476" lon="7.944041281489528">
      <ele>1016.4</ele></trkpt>
      <trkpt lat="46.800447692257386" lon="7.944190468251851">
      <ele>1017.7</ele></trkpt>
      <trkpt lat="46.800403416198414" lon="7.944298190171251">
      <ele>1019.1</ele></trkpt>
      <trkpt lat="46.80033989759119" lon="7.944452863662256">
      <ele>1019.3</ele></trkpt>
      <trkpt lat="46.80027055634115" lon="7.9446324368184476">
      <ele>1019.5</ele></trkpt>
      <trkpt lat="46.80024339115763" lon="7.944745872935384">
      <ele>1019.7</ele></trkpt>
      <trkpt lat="46.80020472170201" lon="7.9448813784324885">
      <ele>1020.0</ele></trkpt>
      <trkpt lat="46.80014702482495" lon="7.945011150739355">
      <ele>1020.2</ele></trkpt>
      <trkpt lat="46.80004128599166" lon="7.94523752560225">
      <ele>1020.4</ele></trkpt>
      <trkpt lat="46.79992585439091" lon="7.945505386220606">
      <ele>1020.6</ele></trkpt>
      <trkpt lat="46.79986240788538" lon="7.945643434372116">
      <ele>1020.8</ele></trkpt>
      <trkpt lat="46.79984694199905" lon="7.945698738951041">
      <ele>1021.0</ele></trkpt>
      <trkpt lat="46.79982757031055" lon="7.9457706430732475">
      <ele>1021.2</ele></trkpt>
      <trkpt lat="46.79980619551211" lon="7.94587025986149">
      <ele>1021.5</ele></trkpt>
      <trkpt lat="46.799804408130086" lon="7.945885857601496">
      <ele>1021.7</ele></trkpt>
      <trkpt lat="46.79979628807642" lon="7.945956125292546">
      <ele>1021.9</ele></trkpt>
      <trkpt lat="46.7997741441105" lon="7.946224874918905">
      <ele>1022.1</ele></trkpt>
      <trkpt lat="46.799752079140866" lon="7.946479752753338">
      <ele>1022.3</ele></trkpt>
      <trkpt lat="46.799745714163066" lon="7.946626642427966">
      <ele>1022.5</ele></trkpt>
      <trkpt lat="46.79975612733776" lon="7.946854107823621">
      <ele>1022.8</ele></trkpt>
      <trkpt lat="46.799766971755815" lon="7.9469845234967345">
      <ele>1023.0</ele></trkpt>
      <trkpt lat="46.79976665106514" lon="7.94705661988741">
      <ele>1023.2</ele></trkpt>
      <trkpt lat="46.7997567304412" lon="7.947145248906474">
      <ele>1023.4</ele></trkpt>
      <trkpt lat="46.79973735111882" lon="7.947222706492141">
      <ele>1024.5</ele></trkpt>
      <trkpt lat="46.799688999066184" lon="7.947388613060634">
      <ele>1025.5</ele></trkpt>
      <trkpt lat="46.79964084994107" lon="7.947512930566841">
      <ele>1026.6</ele></trkpt>
      <trkpt lat="46.79958871379578" lon="7.947676036861891">
      <ele>1027.7</ele></trkpt>
      <trkpt lat="46.7995538739574" lon="7.947803243603013">
      <ele>1028.8</ele></trkpt>
      <trkpt lat="46.79951690115519" lon="7.947983128902321">
      <ele>1029.8</ele></trkpt>
      <trkpt lat="46.79944280077092" lon="7.948373379563088">
      <ele>1030.9</ele></trkpt>
      <trkpt lat="46.79940553028961" lon="7.948619779901991">
      <ele>1032.0</ele></trkpt>
      <trkpt lat="46.79938403598332" lon="7.94874158399951">
      <ele>1033.0</ele></trkpt>
      <trkpt lat="46.79936841448747" lon="7.948827381056422">
      <ele>1034.1</ele></trkpt>
      <trkpt lat="46.79933369712111" lon="7.948926869470657">
      <ele>1035.2</ele></trkpt>
      <trkpt lat="46.799306743723086" lon="7.948995949104045">
      <ele>1036.2</ele></trkpt>
      <trkpt lat="46.7992740727922" lon="7.9490621843565314">
      <ele>1037.3</ele></trkpt>
      <trkpt lat="46.799222281300146" lon="7.949147638513598">
      <ele>1038.4</ele></trkpt>
      <trkpt lat="46.7990595442078" lon="7.949348494034069">
      <ele>1039.5</ele></trkpt>
      <trkpt lat="46.79887390362525" lon="7.949557475431657">
      <ele>1040.5</ele></trkpt>
      <trkpt lat="46.79877050580031" lon="7.949686793104998">
      <ele>1041.6</ele></trkpt>
      <trkpt lat="46.79869963028828" lon="7.949783172990497">
      <ele>1042.7</ele></trkpt>
      <trkpt lat="46.79863442944864" lon="7.949887924438103">
      <ele>1043.7</ele></trkpt>
      <trkpt lat="46.798588287234075" lon="7.949987302419872">
      <ele>1044.8</ele></trkpt>
      <trkpt lat="46.7985228449913" lon="7.950141932711661">
      <ele>1045.9</ele></trkpt>
      <trkpt lat="46.79849595632067" lon="7.950194375395835">
      <ele>1047.1</ele></trkpt>
      <trkpt lat="46.79845759409854" lon="7.950257790982907">
      <ele>1048.2</ele></trkpt>
      <trkpt lat="46.79826997946713" lon="7.950483357837573">
      <ele>1049.3</ele></trkpt>
      <trkpt lat="46.79806325597847" lon="7.950725377350957">
      <ele>1050.5</ele></trkpt>
      <trkpt lat="46.797804912989534" lon="7.951014047544864">
      <ele>1051.6</ele></trkpt>
      <trkpt lat="46.797563817073495" lon="7.951277925586213">
      <ele>1052.7</ele></trkpt>
      <trkpt lat="46.797393631345095" lon="7.951439898748254">
      <ele>1053.8</ele></trkpt>
      <trkpt lat="46.79717953568681" lon="7.951626406230703">
      <ele>1055.0</ele></trkpt>
      <trkpt lat="46.79693104008152" lon="7.951843065526685">
      <ele>1056.1</ele></trkpt>
      <trkpt lat="46.79685069910153" lon="7.951925477571233">
      <ele>1057.2</ele></trkpt>
      <trkpt lat="46.79678369238863" lon="7.9520052525528495">
      <ele>1058.4</ele></trkpt>
      <trkpt lat="46.79656529247241" lon="7.952302608142424">
      <ele>1059.5</ele></trkpt>
      <trkpt lat="46.79639094229712" lon="7.952542157937556">
      <ele>1060.6</ele></trkpt>
      <trkpt lat="46.79632759960999" lon="7.9526552107370385">
      <ele>1061.8</ele></trkpt>
      <trkpt lat="46.79626228386793" lon="7.95278490588457">
      <ele>1062.9</ele></trkpt>
      <trkpt lat="46.79622775016093" lon="7.952842799732736">
      <ele>1064.0</ele></trkpt>
      <trkpt lat="46.79618553506048" lon="7.952914491622035">
      <ele>1065.1</ele></trkpt>
      <trkpt lat="46.79615491855498" lon="7.952947469881339">
      <ele>1066.3</ele></trkpt>
      <trkpt lat="46.79610334874221" lon="7.952983011935448">
      <ele>1067.4</ele></trkpt>
      <trkpt lat="46.79601942657473" lon="7.953015481351176">
      <ele>1068.5</ele></trkpt>
      <trkpt lat="46.79592404303719" lon="7.953056158837601">
      <ele>1069.6</ele></trkpt>
      <trkpt lat="46.79584587369334" lon="7.953077601604018">
      <ele>1070.8</ele></trkpt>
      <trkpt lat="46.79571823767191" lon="7.9530930183640685">
      <ele>1071.9</ele></trkpt>
      <trkpt lat="46.79565155468375" lon="7.953100699368796">
      <ele>1073.0</ele></trkpt>
      <trkpt lat="46.795479983682156" lon="7.953146189748976">
      <ele>1074.1</ele></trkpt>
      <trkpt lat="46.79512925660888" lon="7.953231556621453">
      <ele>1075.2</ele></trkpt>
      <trkpt lat="46.794978726260794" lon="7.953255071633401">
      <ele>1076.4</ele></trkpt>
      <trkpt lat="46.7948683418939" lon="7.953242936506887">
      <ele>1077.5</ele></trkpt>
      <trkpt lat="46.79474091809407" lon="7.953211214045584">
      <ele>1078.6</ele></trkpt>
      <trkpt lat="46.794664896395695" lon="7.953177218739463">
      <ele>1079.7</ele></trkpt>
      <trkpt lat="46.794606078449014" lon="7.953132306674202">
      <ele>1080.8</ele></trkpt>
      <trkpt lat="46.7945606323974" lon="7.953076415071319">
      <ele>1082.0</ele></trkpt>
      <trkpt lat="46.79452852067256" lon="7.9530178871063875">
      <ele>1083.1</ele></trkpt>
      <trkpt lat="46.79450039753895" lon="7.952920587353867">
      <ele>1084.2</ele></trkpt>
      <trkpt lat="46.794472735876084" lon="7.952720694083173">
      <ele>1085.3</ele></trkpt>
      <trkpt lat="46.79443016549261" lon="7.952451369570243">
      <ele>1086.4</ele></trkpt>
      <trkpt lat="46.79438903848221" lon="7.9522790772862555">
      <ele>1087.6</ele></trkpt>
      <trkpt lat="46.79435515290412" lon="7.952192817402111">
      <ele>1088.7</ele></trkpt>
      <trkpt lat="46.794309818500956" lon="7.9521119759688">
      <ele>1089.8</ele></trkpt>
      <trkpt lat="46.79426819833649" lon="7.952053358278919">
      <ele>1090.6</ele></trkpt>
      <trkpt lat="46.794234088426684" lon="7.952017000426555">
      <ele>1091.5</ele></trkpt>
      <trkpt lat="46.79419230636333" lon="7.951994414246877">
      <ele>1092.3</ele></trkpt>
      <trkpt lat="46.79416568189882" lon="7.95198584335905">
      <ele>1093.2</ele></trkpt>
      <trkpt lat="46.79413522409234" lon="7.9519855532590435">
      <ele>1094.0</ele></trkpt>
      <trkpt lat="46.79403620473738" lon="7.9519846101364084">
      <ele>1094.9</ele></trkpt>
      <trkpt lat="46.79397910993305" lon="7.951978538951329">
      <ele>1095.7</ele></trkpt>
      <trkpt lat="46.79392776456737" lon="7.951964179084811">
      <ele>1096.6</ele></trkpt>
      <trkpt lat="46.79387263563074" lon="7.951947019526756">
      <ele>1097.4</ele></trkpt>
      <trkpt lat="46.79380995345641" lon="7.951913153590648">
      <ele>1098.2</ele></trkpt>
      <trkpt lat="46.79371312395459" lon="7.951851247211629">
      <ele>1099.1</ele></trkpt>
      <trkpt lat="46.79363524119812" lon="7.951808919543345">
      <ele>1099.9</ele></trkpt>
      <trkpt lat="46.793574419627426" lon="7.951783388834894">
      <ele>1100.8</ele></trkpt>
      <trkpt lat="46.793517349862235" lon="7.951771738429285">
      <ele>1101.6</ele></trkpt>
      <trkpt lat="46.7934640192627" lon="7.951776784214818">
      <ele>1102.5</ele></trkpt>
      <trkpt lat="46.793298260278185" lon="7.9518001575676145">
      <ele>1103.3</ele></trkpt>
      <trkpt lat="46.79324875059503" lon="7.951799686183421">
      <ele>1104.2</ele></trkpt>
      <trkpt lat="46.79308509431469" lon="7.951781493754321">
      <ele>1105.0</ele></trkpt>
      <trkpt lat="46.79290230588469" lon="7.9517769898562545">
      <ele>1105.9</ele></trkpt>
      <trkpt lat="46.79277663026493" lon="7.951778556984992">
      <ele>1106.7</ele></trkpt>
      <trkpt lat="46.792671817291144" lon="7.951799746677133">
      <ele>1107.8</ele></trkpt>
      <trkpt lat="46.792629873384186" lon="7.95181319163087">
      <ele>1108.8</ele></trkpt>
      <trkpt lat="46.79252488060094" lon="7.9518704112667065">
      <ele>1109.9</ele></trkpt>
      <trkpt lat="46.79248102616437" lon="7.9518866277443685">
      <ele>1110.9</ele></trkpt>
      <trkpt lat="46.79241051672821" lon="7.951897063146286">
      <ele>1112.0</ele></trkpt>
      <trkpt lat="46.7923476477664" lon="7.951904781478709">
      <ele>1113.0</ele></trkpt>
      <trkpt lat="46.79230574119989" lon="7.951909909617926">
      <ele>1114.1</ele></trkpt>
      <trkpt lat="46.79226758073057" lon="7.951926180222423">
      <ele>1115.1</ele></trkpt>
      <trkpt lat="46.792139708126825" lon="7.951994288113607">
      <ele>1116.2</ele></trkpt>
      <trkpt lat="46.79203731622063" lon="7.951899036474525">
      <ele>1117.2</ele></trkpt>
      <trkpt lat="46.79198432176506" lon="7.95182923257504">
      <ele>1118.3</ele></trkpt>
      <trkpt lat="46.791931284458805" lon="7.951764955574991">
      <ele>1119.4</ele></trkpt>
      <trkpt lat="46.79184774501929" lon="7.951714258646173">
      <ele>1120.4</ele></trkpt>
      <trkpt lat="46.7916766474359" lon="7.951654411565057">
      <ele>1121.5</ele></trkpt>
      <trkpt lat="46.79163484717977" lon="7.951631852760651">
      <ele>1122.5</ele></trkpt>
      <trkpt lat="46.791577964043505" lon="7.951578620235755">
      <ele>1123.6</ele></trkpt>
      <trkpt lat="46.791534445599964" lon="7.951519987868333">
      <ele>1124.6</ele></trkpt>
      <trkpt lat="46.791369420540995" lon="7.951379820652605">
      <ele>1125.7</ele></trkpt>
      <trkpt lat="46.7912405029933" lon="7.951253841631364">
      <ele>1126.7</ele></trkpt>
      <trkpt lat="46.79110984900709" lon="7.951091789676557">
      <ele>1127.8</ele></trkpt>
      <trkpt lat="46.79091438149337" lon="7.950945782269097">
      <ele>1130.2</ele></trkpt>
      <trkpt lat="46.79078717167846" lon="7.9508641689703365">
      <ele>1132.6</ele></trkpt>
      <trkpt lat="46.79072271537724" lon="7.950802575566147">
      <ele>1135.1</ele></trkpt>
      <trkpt lat="46.790624177088304" lon="7.95069628505049">
      <ele>1137.5</ele></trkpt>
      <trkpt lat="46.79051612163657" lon="7.950589930723751">
      <ele>1139.9</ele></trkpt>
      <trkpt lat="46.79042686069972" lon="7.950539182614339">
      <ele>1142.3</ele></trkpt>
      <trkpt lat="46.79036803280801" lon="7.950494250680478">
      <ele>1144.7</ele></trkpt>
      <trkpt lat="46.79033391000889" lon="7.950460659830701">
      <ele>1147.2</ele></trkpt>
      <trkpt lat="46.79030184316721" lon="7.950393821755719">
      <ele>1149.6</ele></trkpt>
      <trkpt lat="46.79025860401588" lon="7.9502686608659365">
      <ele>1152.0</ele></trkpt>
      <trkpt lat="46.79022133376845" lon="7.950088129720173">
      <ele>1154.4</ele></trkpt>
      <trkpt lat="46.79021066662692" lon="7.949918905152722">
      <ele>1156.8</ele></trkpt>
      <trkpt lat="46.790197844215186" lon="7.949805113487638">
      <ele>1159.3</ele></trkpt>
      <trkpt lat="46.790169705913826" lon="7.949710599703104">
      <ele>1161.7</ele></trkpt>
      <trkpt lat="46.790118942778534" lon="7.949565971524127">
      <ele>1164.1</ele></trkpt>
      <trkpt lat="46.79006302677278" lon="7.949473264089665">
      <ele>1166.5</ele></trkpt>
      <trkpt lat="46.78989004212737" lon="7.949112752128708">
      <ele>1168.9</ele></trkpt>
      <trkpt lat="46.78980685453123" lon="7.949007187978989">
      <ele>1171.4</ele></trkpt>
      <trkpt lat="46.789711465309175" lon="7.948813758640709">
      <ele>1173.8</ele></trkpt>
      <trkpt lat="46.78965659905796" lon="7.948663082197708">
      <ele>1176.2</ele></trkpt>
      <trkpt lat="46.789634471220126" lon="7.948602312305425">
      <ele>1178.5</ele></trkpt>
      <trkpt lat="46.78949373175052" lon="7.948355045997242">
      <ele>1180.8</ele></trkpt>
      <trkpt lat="46.78943265195371" lon="7.94822991642722">
      <ele>1183.2</ele></trkpt>
      <trkpt lat="46.78929807554927" lon="7.947955992557378">
      <ele>1185.5</ele></trkpt>
      <trkpt lat="46.78922972762203" lon="7.947826656618509">
      <ele>1187.8</ele></trkpt>
      <trkpt lat="46.7891842683078" lon="7.947708551655477">
      <ele>1190.1</ele></trkpt>
      <trkpt lat="46.78916787649019" lon="7.947632225375364">
      <ele>1192.4</ele></trkpt>
      <trkpt lat="46.78916812121372" lon="7.947571222407374">
      <ele>1194.8</ele></trkpt>
      <trkpt lat="46.789175679520945" lon="7.947506136772478">
      <ele>1197.1</ele></trkpt>
      <trkpt lat="46.789178125463046" lon="7.947417441565971">
      <ele>1199.4</ele></trkpt>
      <trkpt lat="46.789161649977615" lon="7.947361886248081">
      <ele>1201.7</ele></trkpt>
      <trkpt lat="46.78911920562311" lon="7.947275688061642">
      <ele>1204.0</ele></trkpt>
      <trkpt lat="46.78906436977857" lon="7.947156133277995">
      <ele>1206.4</ele></trkpt>
      <trkpt lat="46.78897445462823" lon="7.94693262571678">
      <ele>1208.7</ele></trkpt>
      <trkpt lat="46.788701886078314" lon="7.946249023468258">
      <ele>1211.0</ele></trkpt>
      <trkpt lat="46.78858506208584" lon="7.945967037542827">
      <ele>1213.3</ele></trkpt>
      <trkpt lat="46.78854913838524" lon="7.945911260969631">
      <ele>1215.6</ele></trkpt>
      <trkpt lat="46.78845639357356" lon="7.945785642012508">
      <ele>1218.0</ele></trkpt>
      <trkpt lat="46.788428104388615" lon="7.945724384515395">
      <ele>1220.3</ele></trkpt>
      <trkpt lat="46.788392479071696" lon="7.945599303380444">
      <ele>1222.6</ele></trkpt>
      <trkpt lat="46.78836443569027" lon="7.9454826100986695">
      <ele>1224.3</ele></trkpt>
      <trkpt lat="46.7883349366879" lon="7.945266106572124">
      <ele>1226.0</ele></trkpt>
      <trkpt lat="46.788310833085795" lon="7.945118961561379">
      <ele>1227.8</ele></trkpt>
      <trkpt lat="46.78828656964701" lon="7.945007844109434">
      <ele>1229.5</ele></trkpt>
      <trkpt lat="46.788260260726766" lon="7.944929973061156">
      <ele>1231.2</ele></trkpt>
      <trkpt lat="46.788226308194965" lon="7.944857583286163">
      <ele>1232.9</ele></trkpt>
      <trkpt lat="46.7880541715679" lon="7.944600936433073">
      <ele>1234.6</ele></trkpt>
      <trkpt lat="46.78796945509381" lon="7.944476064163431">
      <ele>1236.4</ele></trkpt>
      <trkpt lat="46.787909953199964" lon="7.944369475926509">
      <ele>1238.1</ele></trkpt>
      <trkpt lat="46.787837716844216" lon="7.944233654830133">
      <ele>1239.8</ele></trkpt>
      <trkpt lat="46.78780526154932" lon="7.944146035725634">
      <ele>1241.5</ele></trkpt>
      <trkpt lat="46.78774607199545" lon="7.943968756023462">
      <ele>1243.2</ele></trkpt>
      <trkpt lat="46.78768833097042" lon="7.943785256345087">
      <ele>1245.0</ele></trkpt>
      <trkpt lat="46.787637777814545" lon="7.943591425772283">
      <ele>1246.7</ele></trkpt>
      <trkpt lat="46.787578771215465" lon="7.9433704983442635">
      <ele>1248.4</ele></trkpt>
      <trkpt lat="46.787526566591225" lon="7.943228633027963">
      <ele>1250.1</ele></trkpt>
      <trkpt lat="46.78749416582471" lon="7.943126452276356">
      <ele>1251.8</ele></trkpt>
      <trkpt lat="46.78744537207504" lon="7.942857793228102">
      <ele>1253.6</ele></trkpt>
      <trkpt lat="46.787420241375145" lon="7.942728662866023">
      <ele>1255.3</ele></trkpt>
      <trkpt lat="46.78741072472827" lon="7.942618380337253">
      <ele>1257.0</ele></trkpt>
      <trkpt lat="46.78739009548877" lon="7.942439394793507">
      <ele>1258.8</ele></trkpt>
      <trkpt lat="46.787358087968286" lon="7.942249878318086">
      <ele>1260.5</ele></trkpt>
      <trkpt lat="46.78733147140472" lon="7.942133202378154">
      <ele>1262.3</ele></trkpt>
      <trkpt lat="46.78728063151146" lon="7.942003832555694">
      <ele>1264.0</ele></trkpt>
      <trkpt lat="46.78719275990775" lon="7.941851237852554">
      <ele>1265.8</ele></trkpt>
      <trkpt lat="46.78708493730268" lon="7.941690141260285">
      <ele>1267.5</ele></trkpt>
      <trkpt lat="46.78702263635901" lon="7.941568981706055">
      <ele>1269.3</ele></trkpt>
      <trkpt lat="46.78687810163815" lon="7.941313983666946">
      <ele>1271.0</ele></trkpt>
      <trkpt lat="46.78680157991042" lon="7.941178129347898">
      <ele>1272.8</ele></trkpt>
      <trkpt lat="46.7867225942514" lon="7.941015444363883">
      <ele>1274.5</ele></trkpt>
      <trkpt lat="46.78656674894453" lon="7.940656464482022">
      <ele>1276.3</ele></trkpt>
      <trkpt lat="46.78626653615608" lon="7.939987073544527">
      <ele>1278.1</ele></trkpt>
      <trkpt lat="46.78592167031064" lon="7.939242627672069">
      <ele>1279.8</ele></trkpt>
      <trkpt lat="46.785356312101875" lon="7.937993301724758">
      <ele>1281.6</ele></trkpt>
      <trkpt lat="46.785215290651145" lon="7.937648843205017">
      <ele>1283.3</ele></trkpt>
      <trkpt lat="46.78515813046081" lon="7.937503067470548">
      <ele>1285.1</ele></trkpt>
      <trkpt lat="46.785178351717995" lon="7.937499142492431">
      <ele>1286.8</ele></trkpt>
      <trkpt lat="46.78520152133528" lon="7.937481297654305">
      <ele>1288.6</ele></trkpt>
      <trkpt lat="46.78522377751037" lon="7.937452208054672">
      <ele>1290.3</ele></trkpt>
      <trkpt lat="46.78524824496984" lon="7.937435855029378">
      <ele>1292.1</ele></trkpt>
      <trkpt lat="46.78529832838189" lon="7.937412064794011">
      <ele>1293.1</ele></trkpt>
      <trkpt lat="46.785332918736295" lon="7.937395058920572">
      <ele>1294.1</ele></trkpt>
      <trkpt lat="46.78536275675931" lon="7.937374538630402">
      <ele>1295.1</ele></trkpt>
      <trkpt lat="46.78539981255793" lon="7.937336772240195">
      <ele>1296.1</ele></trkpt>
      <trkpt lat="46.78542379681201" lon="7.93729715621114">
      <ele>1297.1</ele></trkpt>
      <trkpt lat="46.78545256842544" lon="7.937248901802292">
      <ele>1298.1</ele></trkpt>
      <trkpt lat="46.78545990576222" lon="7.937202190864454">
      <ele>1299.1</ele></trkpt>
      <trkpt lat="46.78545650846526" lon="7.937162321504262">
      <ele>1300.1</ele></trkpt>
      <trkpt lat="46.7854745000474" lon="7.937131306378698">
      <ele>1301.1</ele></trkpt>
      <trkpt lat="46.785483041300516" lon="7.937082864773769">
      <ele>1302.0</ele></trkpt>
      <trkpt lat="46.78551884159762" lon="7.937060683808891">
      <ele>1303.0</ele></trkpt>
      <trkpt lat="46.78554040286326" lon="7.937027959851274">
      <ele>1304.0</ele></trkpt>
      <trkpt lat="46.78556567121817" lon="7.936964088573664">
      <ele>1305.0</ele></trkpt>
      <trkpt lat="46.78556832690928" lon="7.93690174998935">
      <ele>1306.0</ele></trkpt>
      <trkpt lat="46.78558064926034" lon="7.936803093861859">
      <ele>1307.0</ele></trkpt>
      <trkpt lat="46.78555510745441" lon="7.9366573351447585">
      <ele>1308.0</ele></trkpt>
      <trkpt lat="46.785528264879574" lon="7.936537546990176">
      <ele>1309.0</ele></trkpt>
      <trkpt lat="46.785499984306526" lon="7.936473180957348">
      <ele>1310.0</ele></trkpt>
      <trkpt lat="46.78550273492184" lon="7.936384860879786">
      <ele>1311.0</ele></trkpt>
      <trkpt lat="46.785498468392134" lon="7.936273937831844">
      <ele>1312.0</ele></trkpt>
      <trkpt lat="46.785503361255444" lon="7.936241059707569">
      <ele>1313.2</ele></trkpt>
      <trkpt lat="46.78550018382917" lon="7.936152684902144">
      <ele>1314.4</ele></trkpt>
      <trkpt lat="46.78550038755051" lon="7.9361058948493195">
      <ele>1315.6</ele></trkpt>
      <trkpt lat="46.78550556082741" lon="7.936010656239083">
      <ele>1316.8</ele></trkpt>
      <trkpt lat="46.7855342714788" lon="7.935976282259247">
      <ele>1318.0</ele></trkpt>
      <trkpt lat="46.7855144031024" lon="7.935892939464433">
      <ele>1319.2</ele></trkpt>
      <trkpt lat="46.7855444759646" lon="7.9358204555563026">
      <ele>1320.4</ele></trkpt>
      <trkpt lat="46.78557698995965" lon="7.935730654979301">
      <ele>1321.6</ele></trkpt>
      <trkpt lat="46.78557856920053" lon="7.935640582175346">
      <ele>1322.8</ele></trkpt>
      <trkpt lat="46.78559918371686" lon="7.935552426606533">
      <ele>1324.0</ele></trkpt>
      <trkpt lat="46.785627030861704" lon="7.935443528072985">
      <ele>1325.1</ele></trkpt>
      <trkpt lat="46.785652320932094" lon="7.9353744570403615">
      <ele>1326.3</ele></trkpt>
      <trkpt lat="46.78568832429036" lon="7.935305484652259">
      <ele>1327.5</ele></trkpt>
      <trkpt lat="46.785725371890436" lon="7.935269445218673">
      <ele>1328.7</ele></trkpt>
      <trkpt lat="46.78574231109647" lon="7.9352072379527625">
      <ele>1329.9</ele></trkpt>
      <trkpt lat="46.78576997570992" lon="7.935138201629864">
      <ele>1331.1</ele></trkpt>
      <trkpt lat="46.78579052219108" lon="7.935065616134441">
      <ele>1332.3</ele></trkpt>
      <trkpt lat="46.785773080569456" lon="7.934970168693308">
      <ele>1333.5</ele></trkpt>
      <trkpt lat="46.78578297521861" lon="7.934885371225473">
      <ele>1334.7</ele></trkpt>
      <trkpt lat="46.78580110915033" lon="7.934821432996736">
      <ele>1335.9</ele></trkpt>
      <trkpt lat="46.78576913463693" lon="7.934783029195229">
      <ele>1337.3</ele></trkpt>
      <trkpt lat="46.78573009609287" lon="7.934730691727749">
      <ele>1338.7</ele></trkpt>
      <trkpt lat="46.785698499141944" lon="7.934607376875642">
      <ele>1340.2</ele></trkpt>
      <trkpt lat="46.78567142736035" lon="7.934537836759178">
      <ele>1341.6</ele></trkpt>
      <trkpt lat="46.785646867073886" lon="7.934438866881272">
      <ele>1343.0</ele></trkpt>
      <trkpt lat="46.785622344367525" lon="7.934331214787438">
      <ele>1344.4</ele></trkpt>
      <trkpt lat="46.785621540264216" lon="7.934242848637478">
      <ele>1345.8</ele></trkpt>
      <trkpt lat="46.785584649231076" lon="7.934240793887063">
      <ele>1347.3</ele></trkpt>
      <trkpt lat="46.78554309146736" lon="7.934219615380529">
      <ele>1348.7</ele></trkpt>
      <trkpt lat="46.785574290612026" lon="7.934160983329672">
      <ele>1350.1</ele></trkpt>
      <trkpt lat="46.785556585268345" lon="7.934126181679391">
      <ele>1351.5</ele></trkpt>
      <trkpt lat="46.78556182451469" lon="7.934015346075321">
      <ele>1352.9</ele></trkpt>
      <trkpt lat="46.785539393679215" lon="7.93397703062204">
      <ele>1354.4</ele></trkpt>
      <trkpt lat="46.78551002791135" lon="7.933886673539828">
      <ele>1355.8</ele></trkpt>
      <trkpt lat="46.78545532794589" lon="7.933875772796374">
      <ele>1357.2</ele></trkpt>
      <trkpt lat="46.78540670298011" lon="7.933837203751357">
      <ele>1358.6</ele></trkpt>
      <trkpt lat="46.7853711810578" lon="7.9337952978069035">
      <ele>1360.0</ele></trkpt>
      <trkpt lat="46.78535003361373" lon="7.933732740688409">
      <ele>1361.5</ele></trkpt>
      <trkpt lat="46.78532993847342" lon="7.933701361608271">
      <ele>1362.9</ele></trkpt>
      <trkpt lat="46.78530399499568" lon="7.933647416943265">
      <ele>1364.3</ele></trkpt>
      <trkpt lat="46.78526836772665" lon="7.933604894728854">
      <ele>1365.1</ele></trkpt>
      <trkpt lat="46.7852248179152" lon="7.933520235771045">
      <ele>1366.0</ele></trkpt>
      <trkpt lat="46.78519300804875" lon="7.933443712498216">
      <ele>1366.8</ele></trkpt>
      <trkpt lat="46.78516244102854" lon="7.933358531240722">
      <ele>1367.7</ele></trkpt>
      <trkpt lat="46.785140180975375" lon="7.933278638467998">
      <ele>1368.5</ele></trkpt>
      <trkpt lat="46.78514429801576" lon="7.933150467488691">
      <ele>1369.3</ele></trkpt>
      <trkpt lat="46.78512438258404" lon="7.933077524058153">
      <ele>1370.2</ele></trkpt>
      <trkpt lat="46.78513056835368" lon="7.933022132814795">
      <ele>1371.0</ele></trkpt>
      <trkpt lat="46.78515814471571" lon="7.932977348949838">
      <ele>1371.9</ele></trkpt>
      <trkpt lat="46.785161976608386" lon="7.932915021445477">
      <ele>1372.7</ele></trkpt>
      <trkpt lat="46.785161006642426" lon="7.932864750513779">
      <ele>1373.5</ele></trkpt>
      <trkpt lat="46.78520769922284" lon="7.932801100346544">
      <ele>1374.4</ele></trkpt>
      <trkpt lat="46.78520919381989" lon="7.932730068764771">
      <ele>1375.2</ele></trkpt>
      <trkpt lat="46.78523181381105" lon="7.932726818775633">
      <ele>1376.1</ele></trkpt>
      <trkpt lat="46.78525218792863" lon="7.932695824146456">
      <ele>1376.9</ele></trkpt>
      <trkpt lat="46.7852559823007" lon="7.932642139475425">
      <ele>1377.7</ele></trkpt>
      <trkpt lat="46.78528468446654" lon="7.932609492453955">
      <ele>1378.6</ele></trkpt>
      <trkpt lat="46.7852932911651" lon="7.932545466769877">
      <ele>1379.4</ele></trkpt>
      <trkpt lat="46.78531509219053" lon="7.932459050038168">
      <ele>1380.3</ele></trkpt>
      <trkpt lat="46.785341455555425" lon="7.9324159701904655">
      <ele>1381.1</ele></trkpt>
      <trkpt lat="46.785368000028015" lon="7.932333054101505">
      <ele>1382.0</ele></trkpt>
      <trkpt lat="46.78538488224944" lon="7.9322795022390595">
      <ele>1382.9</ele></trkpt>
      <trkpt lat="46.785368464061406" lon="7.932225645427909">
      <ele>1383.8</ele></trkpt>
      <trkpt lat="46.78538411400537" lon="7.932182467335293">
      <ele>1384.7</ele></trkpt>
      <trkpt lat="46.78539503678634" lon="7.932134073041183">
      <ele>1385.6</ele></trkpt>
      <trkpt lat="46.78537514321341" lon="7.932055917667098">
      <ele>1386.5</ele></trkpt>
      <trkpt lat="46.78537786955631" lon="7.931974512036977">
      <ele>1387.4</ele></trkpt>
      <trkpt lat="46.785385355800706" lon="7.931894891714762">
      <ele>1388.3</ele></trkpt>
      <trkpt lat="46.7854047277726" lon="7.9318188374433385">
      <ele>1389.2</ele></trkpt>
      <trkpt lat="46.78541216157612" lon="7.931751343433579">
      <ele>1390.0</ele></trkpt>
      <trkpt lat="46.78541487272792" lon="7.931673408022899">
      <ele>1390.9</ele></trkpt>
      <trkpt lat="46.78539723545647" lon="7.931624739312018">
      <ele>1391.8</ele></trkpt>
      <trkpt lat="46.785403413007856" lon="7.931571089314336">
      <ele>1392.7</ele></trkpt>
      <trkpt lat="46.78542979100735" lon="7.931524538670091">
      <ele>1393.6</ele></trkpt>
      <trkpt lat="46.78542761052066" lon="7.93147948173862">
      <ele>1394.5</ele></trkpt>
      <trkpt lat="46.785416008707486" lon="7.931410071881">
      <ele>1395.4</ele></trkpt>
      <trkpt lat="46.78539360533018" lon="7.931363101452943">
      <ele>1396.3</ele></trkpt>
      <trkpt lat="46.78538691132437" lon="7.931259084644383">
      <ele>1397.2</ele></trkpt>
      <trkpt lat="46.78538836753572" lon="7.9311967350543995">
      <ele>1398.1</ele></trkpt>
      <trkpt lat="46.78533399742969" lon="7.931111337317036">
      <ele>1399.0</ele></trkpt>
      <trkpt lat="46.7853270418519" lon="7.93106796552649">
      <ele>1400.6</ele></trkpt>
      <trkpt lat="46.785330792142446" lon="7.931026420200059">
      <ele>1402.3</ele></trkpt>
      <trkpt lat="46.785354912967996" lon="7.930950422165249">
      <ele>1403.9</ele></trkpt>
      <trkpt lat="46.785342004026575" lon="7.930908724676296">
      <ele>1405.5</ele></trkpt>
      <trkpt lat="46.78537563589987" lon="7.93083625764889">
      <ele>1407.2</ele></trkpt>
      <trkpt lat="46.78541150966712" lon="7.930796734221271">
      <ele>1408.8</ele></trkpt>
      <trkpt lat="46.785447525208404" lon="7.930724288790894">
      <ele>1410.4</ele></trkpt>
      <trkpt lat="46.78547641331125" lon="7.9306483339702725">
      <ele>1412.1</ele></trkpt>
      <trkpt lat="46.78552441149603" lon="7.930556943057645">
      <ele>1413.7</ele></trkpt>
      <trkpt lat="46.78551033736301" lon="7.9305100488947495">
      <ele>1415.3</ele></trkpt>
      <trkpt lat="46.78551176340427" lon="7.930454613545409">
      <ele>1417.0</ele></trkpt>
      <trkpt lat="46.78553800663561" lon="7.930439268761264">
      <ele>1418.6</ele></trkpt>
      <trkpt lat="46.78554289931923" lon="7.930408131862872">
      <ele>1420.3</ele></trkpt>
      <trkpt lat="46.78554436256124" lon="7.930344040372033">
      <ele>1421.9</ele></trkpt>
      <trkpt lat="46.78553390430516" lon="7.930286754826813">
      <ele>1423.5</ele></trkpt>
      <trkpt lat="46.78553775110578" lon="7.930222711272516">
      <ele>1425.2</ele></trkpt>
      <trkpt lat="46.78554272419538" lon="7.930170778667364">
      <ele>1426.8</ele></trkpt>
      <trkpt lat="46.78553104868294" lon="7.930120409833628">
      <ele>1428.4</ele></trkpt>
      <trkpt lat="46.785524167243516" lon="7.930059712712376">
      <ele>1430.1</ele></trkpt>
      <trkpt lat="46.78550404380238" lon="7.9300242225158035">
      <ele>1431.7</ele></trkpt>
      <trkpt lat="46.785488437449196" lon="7.930000978962917">
      <ele>1432.7</ele></trkpt>
      <trkpt lat="46.785480926403395" lon="7.929921417973635">
      <ele>1433.6</ele></trkpt>
      <trkpt lat="46.7854864260034" lon="7.9298641601352795">
      <ele>1434.5</ele></trkpt>
      <trkpt lat="46.78548129807473" lon="7.929839152491496">
      <ele>1435.5</ele></trkpt>
      <trkpt lat="46.78547820365279" lon="7.929799378034708">
      <ele>1436.5</ele></trkpt>
      <trkpt lat="46.78545212467357" lon="7.929772346080767">
      <ele>1437.4</ele></trkpt>
      <trkpt lat="46.785426770884726" lon="7.929731465240185">
      <ele>1438.4</ele></trkpt>
      <trkpt lat="46.78542628110632" lon="7.929692631273948">
      <ele>1439.3</ele></trkpt>
      <trkpt lat="46.78544171065039" lon="7.92961050302212">
      <ele>1440.2</ele></trkpt>
      <trkpt lat="46.78543949227449" lon="7.929521744610696">
      <ele>1441.2</ele></trkpt>
      <trkpt lat="46.78543588009084" lon="7.929449605381517">
      <ele>1442.2</ele></trkpt>
      <trkpt lat="46.785453027223745" lon="7.929422024262158">
      <ele>1443.1</ele></trkpt>
      <trkpt lat="46.78545725297417" lon="7.929355509059651">
      <ele>1444.0</ele></trkpt>
      <trkpt lat="46.78543989589711" lon="7.929283257809747">
      <ele>1445.0</ele></trkpt>
      <trkpt lat="46.78542377561483" lon="7.929226733006053">
      <ele>1446.0</ele></trkpt>
      <trkpt lat="46.785431243813" lon="7.92916763344903">
      <ele>1446.9</ele></trkpt>
      <trkpt lat="46.78542494228862" lon="7.929112127840353">
      <ele>1447.9</ele></trkpt>
      <trkpt lat="46.78539452367199" lon="7.929031441961915">
      <ele>1448.8</ele></trkpt>
      <trkpt lat="46.78537512894008" lon="7.928974900593183">
      <ele>1449.8</ele></trkpt>
      <trkpt lat="46.785351174419766" lon="7.928911835305537">
      <ele>1450.7</ele></trkpt>
      <trkpt lat="46.78531394016697" lon="7.9288828296774945">
      <ele>1451.7</ele></trkpt>
      <trkpt lat="46.785269480941324" lon="7.928839496934521">
      <ele>1452.7</ele></trkpt>
      <trkpt lat="46.7852481500525" lon="7.928833750292916">
      <ele>1453.8</ele></trkpt>
      <trkpt lat="46.7852376361281" lon="7.928797654034511">
      <ele>1454.8</ele></trkpt>
      <trkpt lat="46.78519492372422" lon="7.928795864395099">
      <ele>1455.8</ele></trkpt>
      <trkpt lat="46.78514557737432" lon="7.928759402013274">
      <ele>1456.8</ele></trkpt>
      <trkpt lat="46.785120580340795" lon="7.928706568590899">
      <ele>1457.8</ele></trkpt>
      <trkpt lat="46.78508799256663" lon="7.92861351427637">
      <ele>1458.9</ele></trkpt>
      <trkpt lat="46.78507871133906" lon="7.928520684974085">
      <ele>1459.9</ele></trkpt>
      <trkpt lat="46.78506835462932" lon="7.928449991041841">
      <ele>1460.9</ele></trkpt>
      <trkpt lat="46.785042445295375" lon="7.928383307227808">
      <ele>1461.9</ele></trkpt>
      <trkpt lat="46.78500363662252" lon="7.928377402004606">
      <ele>1462.9</ele></trkpt>
      <trkpt lat="46.7849950299434" lon="7.928349626094031">
      <ele>1464.0</ele></trkpt>
      <trkpt lat="46.78498652994286" lon="7.92829695595838">
      <ele>1465.0</ele></trkpt>
      <trkpt lat="46.784975124510005" lon="7.928244246354912">
      <ele>1466.0</ele></trkpt>
      <trkpt lat="46.78498156155424" lon="7.92810865806193">
      <ele>1467.0</ele></trkpt>
      <trkpt lat="46.78497601462556" lon="7.92804907399278">
      <ele>1468.0</ele></trkpt>
      <trkpt lat="46.784981002464924" lon="7.928018671439149">
      <ele>1469.1</ele></trkpt>
      <trkpt lat="46.78499965038651" lon="7.9279745505716965">
      <ele>1470.1</ele></trkpt>
      <trkpt lat="46.78500657239716" lon="7.927948316939141">
      <ele>1471.1</ele></trkpt>
      <trkpt lat="46.785035065468556" lon="7.927873850611636">
      <ele>1471.8</ele></trkpt>
      <trkpt lat="46.78504908126885" lon="7.92778124602609">
      <ele>1472.4</ele></trkpt>
      <trkpt lat="46.78506494213141" lon="7.927709415076937">
      <ele>1473.1</ele></trkpt>
      <trkpt lat="46.785057466677245" lon="7.9276442870098895">
      <ele>1473.8</ele></trkpt>
      <trkpt lat="46.78505183345809" lon="7.927602708933049">
      <ele>1474.4</ele></trkpt>
      <trkpt lat="46.78502577253241" lon="7.92756923526373">
      <ele>1475.1</ele></trkpt>
      <trkpt lat="46.78501323230673" lon="7.927552502887551">
      <ele>1475.8</ele></trkpt>
      <trkpt lat="46.78499209984359" lon="7.927502468430167">
      <ele>1476.4</ele></trkpt>
      <trkpt lat="46.78499228055808" lon="7.927462331299704">
      <ele>1477.1</ele></trkpt>
      <trkpt lat="46.78498468654164" lon="7.927424886896367">
      <ele>1477.8</ele></trkpt>
      <trkpt lat="46.784992547222366" lon="7.927404201255467">
      <ele>1478.4</ele></trkpt>
      <trkpt lat="46.78500421976024" lon="7.927398767545993">
      <ele>1479.1</ele></trkpt>
      <trkpt lat="46.78500530084477" lon="7.927375257202369">
      <ele>1479.7</ele></trkpt>
      <trkpt lat="46.78499578163768" lon="7.927333630869837">
      <ele>1480.4</ele></trkpt>
      <trkpt lat="46.7850065685787" lon="7.927310208514655">
      <ele>1481.1</ele></trkpt>
      <trkpt lat="46.7850162862659" lon="7.92730753338305">
      <ele>1481.7</ele></trkpt>
      <trkpt lat="46.78501739701309" lon="7.927277082499687">
      <ele>1482.4</ele></trkpt>
      <trkpt lat="46.78500009706603" lon="7.927239550131601">
      <ele>1483.1</ele></trkpt>
      <trkpt lat="46.78497424032761" lon="7.927160400225578">
      <ele>1483.7</ele></trkpt>
      <trkpt lat="46.78495021404075" lon="7.927107576515875">
      <ele>1484.4</ele></trkpt>
      <trkpt lat="46.784924419436436" lon="7.927015973176337">
      <ele>1485.3</ele></trkpt>
      <trkpt lat="46.784885918540326" lon="7.92694224848745">
      <ele>1486.2</ele></trkpt>
      <trkpt lat="46.78484075352349" lon="7.926840765911297">
      <ele>1487.0</ele></trkpt>
      <trkpt lat="46.78481176012248" lon="7.926811430652275">
      <ele>1487.9</ele></trkpt>
      <trkpt lat="46.78478084746152" lon="7.926776525428481">
      <ele>1488.8</ele></trkpt>
      <trkpt lat="46.784760591549194" lon="7.926748644410499">
      <ele>1489.7</ele></trkpt>
      <trkpt lat="46.78471891560051" lon="7.926731648500231">
      <ele>1490.6</ele></trkpt>
      <trkpt lat="46.78468602754391" lon="7.926706416368292">
      <ele>1491.4</ele></trkpt>
      <trkpt lat="46.784649371776396" lon="7.926653465714782">
      <ele>1492.3</ele></trkpt>
      <trkpt lat="46.78462130255403" lon="7.926635204940532">
      <ele>1493.2</ele></trkpt>
      <trkpt lat="46.78458062485423" lon="7.92661405375146">
      <ele>1494.1</ele></trkpt>
      <trkpt lat="46.784555466961926" lon="7.9265944443215455">
      <ele>1495.0</ele></trkpt>
      <trkpt lat="46.78453822002463" lon="7.926544445836173">
      <ele>1495.8</ele></trkpt>
      <trkpt lat="46.784512081959335" lon="7.926528965833427">
      <ele>1496.7</ele></trkpt>
      <trkpt lat="46.78447826062185" lon="7.926492659592224">
      <ele>1497.6</ele></trkpt>
      <trkpt lat="46.78445792469425" lon="7.9264813965770236">
      <ele>1498.5</ele></trkpt>
      <trkpt lat="46.78444515949945" lon="7.926513103636204">
      <ele>1499.4</ele></trkpt>
      <trkpt lat="46.78441213234319" lon="7.926518331116002">
      <ele>1500.2</ele></trkpt>
      <trkpt lat="46.784385001938354" lon="7.926505618469234">
      <ele>1501.1</ele></trkpt>
      <trkpt lat="46.78434615884108" lon="7.9264698299983865">
      <ele>1502.0</ele></trkpt>
      <trkpt lat="46.784325332423606" lon="7.926436496354376">
      <ele>1503.7</ele></trkpt>
      <trkpt lat="46.784309837263194" lon="7.926382821002118">
      <ele>1505.5</ele></trkpt>
      <trkpt lat="46.78428206315161" lon="7.926341776683774">
      <ele>1507.2</ele></trkpt>
      <trkpt lat="46.7842647249489" lon="7.926311028340872">
      <ele>1508.9</ele></trkpt>
      <trkpt lat="46.784245589127394" lon="7.926290465278624">
      <ele>1510.6</ele></trkpt>
      <trkpt lat="46.784223026574715" lon="7.926257116062254">
      <ele>1512.3</ele></trkpt>
      <trkpt lat="46.78420327390969" lon="7.926176621745714">
      <ele>1514.1</ele></trkpt>
      <trkpt lat="46.784200944593984" lon="7.9261090271108605">
      <ele>1515.8</ele></trkpt>
      <trkpt lat="46.78418365526557" lon="7.926066807543497">
      <ele>1517.5</ele></trkpt>
      <trkpt lat="46.78414889904837" lon="7.926021876431097">
      <ele>1519.2</ele></trkpt>
      <trkpt lat="46.7841483745344" lon="7.925940272757019">
      <ele>1521.0</ele></trkpt>
      <trkpt lat="46.784138329978525" lon="7.925838193134145">
      <ele>1522.7</ele></trkpt>
      <trkpt lat="46.78412404335097" lon="7.925762620068694">
      <ele>1524.4</ele></trkpt>
      <trkpt lat="46.784133883705515" lon="7.9256847375729125">
      <ele>1526.2</ele></trkpt>
      <trkpt lat="46.78410948695753" lon="7.925556153784432">
      <ele>1527.9</ele></trkpt>
      <trkpt lat="46.7840832244064" lon="7.925502303083929">
      <ele>1529.6</ele></trkpt>
      <trkpt lat="46.784065536370214" lon="7.925439598656414">
      <ele>1531.3</ele></trkpt>
      <trkpt lat="46.78404535180328" lon="7.925358996215331">
      <ele>1533.0</ele></trkpt>
      <trkpt lat="46.78403287986791" lon="7.925273356171729">
      <ele>1534.8</ele></trkpt>
      <trkpt lat="46.78402547725985" lon="7.9251992467718155">
      <ele>1536.5</ele></trkpt>
      <trkpt lat="46.784017113037585" lon="7.925154489065591">
      <ele>1537.5</ele></trkpt>
      <trkpt lat="46.784029172862745" lon="7.9251277911929146">
      <ele>1538.5</ele></trkpt>
      <trkpt lat="46.784035234561706" lon="7.925104863099147">
      <ele>1539.6</ele></trkpt>
      <trkpt lat="46.78406094193369" lon="7.925082099182289">
      <ele>1540.6</ele></trkpt>
      <trkpt lat="46.78409174397953" lon="7.925067042155354">
      <ele>1541.6</ele></trkpt>
      <trkpt lat="46.784109791087225" lon="7.925039114877712">
      <ele>1542.7</ele></trkpt>
      <trkpt lat="46.7841168559017" lon="7.92497917444128">
      <ele>1543.7</ele></trkpt>
      <trkpt lat="46.78414777577051" lon="7.924932204331692">
      <ele>1544.7</ele></trkpt>
      <trkpt lat="46.78417618630844" lon="7.924872443279603">
      <ele>1545.7</ele></trkpt>
      <trkpt lat="46.78421220982256" lon="7.924833180044972">
      <ele>1546.8</ele></trkpt>
      <trkpt lat="46.78424910606641" lon="7.924787533945088">
      <ele>1547.8</ele></trkpt>
      <trkpt lat="46.78427827143451" lon="7.924753316068303">
      <ele>1548.8</ele></trkpt>
      <trkpt lat="46.784275845425185" lon="7.9247188263891895">
      <ele>1549.8</ele></trkpt>
      <trkpt lat="46.78426995235711" lon="7.924695790353671">
      <ele>1550.8</ele></trkpt>
      <trkpt lat="46.7842896324344" lon="7.924685753176693">
      <ele>1551.9</ele></trkpt>
      <trkpt lat="46.78430156358223" lon="7.924693508627722">
      <ele>1552.9</ele></trkpt>
      <trkpt lat="46.78434338780652" lon="7.92469897996127">
      <ele>1553.9</ele></trkpt>
      <trkpt lat="46.784398055775334" lon="7.924694339371785">
      <ele>1555.0</ele></trkpt>
      <trkpt lat="46.78443746670247" lon="7.9246602137239925">
      <ele>1556.0</ele></trkpt>
      <trkpt lat="46.784455448596574" lon="7.924647594432595">
      <ele>1557.0</ele></trkpt>
      <trkpt lat="46.78447511780769" lon="7.924640110770497">
      <ele>1558.0</ele></trkpt>
      <trkpt lat="46.78449138327785" lon="7.924631313035852">
      <ele>1559.1</ele></trkpt>
      <trkpt lat="46.78449243345796" lon="7.924578978902902">
      <ele>1560.1</ele></trkpt>
      <trkpt lat="46.78447889094303" lon="7.9245482259381435">
      <ele>1561.2</ele></trkpt>
      <trkpt lat="46.78447735199624" lon="7.924506083140618">
      <ele>1562.2</ele></trkpt>
      <trkpt lat="46.784469910919334" lon="7.924440904171383">
      <ele>1563.2</ele></trkpt>
      <trkpt lat="46.78446500801858" lon="7.9243859627490405">
      <ele>1564.3</ele></trkpt>
      <trkpt lat="46.78446601280748" lon="7.924346396551385">
      <ele>1565.3</ele></trkpt>
      <trkpt lat="46.78447489860422" lon="7.924255828057956">
      <ele>1566.4</ele></trkpt>
      <trkpt lat="46.78449044883657" lon="7.924210002160984">
      <ele>1567.4</ele></trkpt>
      <trkpt lat="46.78451364113033" lon="7.924175743116184">
      <ele>1568.4</ele></trkpt>
      <trkpt lat="46.78451296390258" lon="7.924129771016368">
      <ele>1569.5</ele></trkpt>
      <trkpt lat="46.784532077018035" lon="7.924045672122645">
      <ele>1570.5</ele></trkpt>
      <trkpt lat="46.78453923929729" lon="7.923973251735379">
      <ele>1571.6</ele></trkpt>
      <trkpt lat="46.78453445036658" lon="7.923872358391193">
      <ele>1572.6</ele></trkpt>
      <trkpt lat="46.78454975776873" lon="7.923765045672521">
      <ele>1573.6</ele></trkpt>
      <trkpt lat="46.78456829966311" lon="7.9237094901667895">
      <ele>1574.7</ele></trkpt>
      <trkpt lat="46.78456675114797" lon="7.923652575246369">
      <ele>1575.7</ele></trkpt>
      <trkpt lat="46.784534274024246" lon="7.923574874173015">
      <ele>1576.8</ele></trkpt>
      <trkpt lat="46.78446176642017" lon="7.923427222522469">
      <ele>1577.8</ele></trkpt>
      <trkpt lat="46.78440599183708" lon="7.923283480172578">
      <ele>1578.9</ele></trkpt>
      <trkpt lat="46.78439170388095" lon="7.923239638283974">
      <ele>1580.0</ele></trkpt>
      <trkpt lat="46.78437291621977" lon="7.923208969524511">
      <ele>1581.1</ele></trkpt>
      <trkpt lat="46.78433928401361" lon="7.923140543458603">
      <ele>1582.3</ele></trkpt>
      <trkpt lat="46.784329678196556" lon="7.92309776520393">
      <ele>1583.4</ele></trkpt>
      <trkpt lat="46.78429722093507" lon="7.923059849642889">
      <ele>1584.5</ele></trkpt>
      <trkpt lat="46.78426351536328" lon="7.923008709385152">
      <ele>1585.6</ele></trkpt>
      <trkpt lat="46.78423894855019" lon="7.922955621470401">
      <ele>1586.7</ele></trkpt>
      <trkpt lat="46.78422357221925" lon="7.922888381188648">
      <ele>1587.8</ele></trkpt>
      <trkpt lat="46.78422262506477" lon="7.922801967551122">
      <ele>1588.9</ele></trkpt>
      <trkpt lat="46.784219523476494" lon="7.922763307515609">
      <ele>1590.1</ele></trkpt>
      <trkpt lat="46.784199534339216" lon="7.922706201212345">
      <ele>1591.2</ele></trkpt>
      <trkpt lat="46.78419377672078" lon="7.922678701033689">
      <ele>1592.3</ele></trkpt>
      <trkpt lat="46.784199105911654" lon="7.922652321866331">
      <ele>1593.4</ele></trkpt>
      <trkpt lat="46.78421545267683" lon="7.922641284951632">
      <ele>1594.5</ele></trkpt>
      <trkpt lat="46.7842175036594" lon="7.922617927625497">
      <ele>1595.6</ele></trkpt>
      <trkpt lat="46.78419803372902" lon="7.922595385455907">
      <ele>1596.8</ele></trkpt>
      <trkpt lat="46.78418259257641" lon="7.922543401173911">
      <ele>1597.9</ele></trkpt>
      <trkpt lat="46.784178739527405" lon="7.922527101796998">
      <ele>1599.0</ele></trkpt>
      <trkpt lat="46.78417305073949" lon="7.922483337478582">
      <ele>1600.1</ele></trkpt>
      <trkpt lat="46.78415568772951" lon="7.922424211978342">
      <ele>1600.8</ele></trkpt>
      <trkpt lat="46.78413623460207" lon="7.92239556749068">
      <ele>1601.5</ele></trkpt>
      <trkpt lat="46.784114812256384" lon="7.922370978093454">
      <ele>1602.2</ele></trkpt>
      <trkpt lat="46.784090198208176" lon="7.9223311036771475">
      <ele>1602.9</ele></trkpt>
      <trkpt lat="46.78407988815171" lon="7.922299490012112">
      <ele>1603.6</ele></trkpt>
      <trkpt lat="46.78409569043417" lon="7.9222640640796635">
      <ele>1604.4</ele></trkpt>
      <trkpt lat="46.78410877188628" lon="7.922252997774716">
      <ele>1605.1</ele></trkpt>
      <trkpt lat="46.784114032141865" lon="7.922242882758868">
      <ele>1605.8</ele></trkpt>
      <trkpt lat="46.784125869875055" lon="7.922219613255797">
      <ele>1606.5</ele></trkpt>
      <trkpt lat="46.7841148777142" lon="7.9221961258577505">
      <ele>1607.2</ele></trkpt>
      <trkpt lat="46.78409080369886" lon="7.922181674967683">
      <ele>1607.9</ele></trkpt>
      <trkpt lat="46.784079785706346" lon="7.92216428991956">
      <ele>1608.6</ele></trkpt>
      <trkpt lat="46.78405905437551" lon="7.922131574461886">
      <ele>1609.3</ele></trkpt>
      <trkpt lat="46.78404486141679" lon="7.922092815113682">
      <ele>1610.0</ele></trkpt>
      <trkpt lat="46.7840235895919" lon="7.9220326333733375">
      <ele>1610.8</ele></trkpt>
      <trkpt lat="46.78398530106488" lon="7.921984504203782">
      <ele>1611.5</ele></trkpt>
      <trkpt lat="46.78396253174279" lon="7.921972094957626">
      <ele>1612.2</ele></trkpt>
      <trkpt lat="46.783945678483185" lon="7.921945516957375">
      <ele>1612.9</ele></trkpt>
      <trkpt lat="46.78391723269051" lon="7.921884249620975">
      <ele>1613.6</ele></trkpt>
      <trkpt lat="46.78388614379727" lon="7.921831104104391">
      <ele>1614.3</ele></trkpt>
      <trkpt lat="46.78386280806709" lon="7.921797344096427">
      <ele>1614.7</ele></trkpt>
      <trkpt lat="46.78382056395241" lon="7.921761371751387">
      <ele>1615.1</ele></trkpt>
      <trkpt lat="46.7838025137969" lon="7.921709364696117">
      <ele>1615.5</ele></trkpt>
      <trkpt lat="46.7837836827633" lon="7.92168885856459">
      <ele>1615.9</ele></trkpt>
      <trkpt lat="46.783766945466205" lon="7.921634833523287">
      <ele>1616.3</ele></trkpt>
      <trkpt lat="46.783742871434185" lon="7.921620369882152">
      <ele>1616.7</ele></trkpt>
      <trkpt lat="46.783685700506915" lon="7.921565969584638">
      <ele>1617.1</ele></trkpt>
      <trkpt lat="46.78363886567436" lon="7.921537067279841">
      <ele>1617.5</ele></trkpt>
      <trkpt lat="46.78359530427086" lon="7.9215041347414195">
      <ele>1617.9</ele></trkpt>
      <trkpt lat="46.78357782476978" lon="7.921472457312269">
      <ele>1618.3</ele></trkpt>
      <trkpt lat="46.783543423573136" lon="7.921432496053023">
      <ele>1618.7</ele></trkpt>
      <trkpt lat="46.7834933444781" lon="7.921396454043639">
      <ele>1619.1</ele></trkpt>
      <trkpt lat="46.78345892610403" lon="7.921360552336902">
      <ele>1619.5</ele></trkpt>
      <trkpt lat="46.783420830510465" lon="7.921266683443349">
      <ele>1619.9</ele></trkpt>
      <trkpt lat="46.78341063602952" lon="7.921207636432139">
      <ele>1620.3</ele></trkpt>
      <trkpt lat="46.783395850897385" lon="7.921155659184614">
      <ele>1620.7</ele></trkpt>
      <trkpt lat="46.783399325677834" lon="7.921101815593747">
      <ele>1621.1</ele></trkpt>
      <trkpt lat="46.78340549103054" lon="7.921030710073978">
      <ele>1621.5</ele></trkpt>
      <trkpt lat="46.78342936254458" lon="7.920933349415541">
      <ele>1621.9</ele></trkpt>
      <trkpt lat="46.78343422305204" lon="7.920860202369097">
      <ele>1622.3</ele></trkpt>
      <trkpt lat="46.783432716341515" lon="7.9207504096448424">
      <ele>1623.1</ele></trkpt>
      <trkpt lat="46.78342914182109" lon="7.92066803342674">
      <ele>1624.0</ele></trkpt>
      <trkpt lat="46.78343135492499" lon="7.9206040164159015">
      <ele>1624.8</ele></trkpt>
      <trkpt lat="46.78345134749127" lon="7.920498475472992">
      <ele>1625.6</ele></trkpt>
      <trkpt lat="46.783469830294216" lon="7.9204437575719275">
      <ele>1626.4</ele></trkpt>
      <trkpt lat="46.783521019356925" lon="7.920365969576898">
      <ele>1627.2</ele></trkpt>
      <trkpt lat="46.7835485765755" lon="7.920324545989193">
      <ele>1628.1</ele></trkpt>
      <trkpt lat="46.783591922631516" lon="7.920250734208007">
      <ele>1628.9</ele></trkpt>
      <trkpt lat="46.78363541808457" lon="7.9201393264362">
      <ele>1629.7</ele></trkpt>
      <trkpt lat="46.783657315516564" lon="7.920047015309761">
      <ele>1630.5</ele></trkpt>
      <trkpt lat="46.78367336887244" lon="7.91994755415896">
      <ele>1631.4</ele></trkpt>
      <trkpt lat="46.78368928564372" lon="7.919882637717404">
      <ele>1632.2</ele></trkpt>
      <trkpt lat="46.78370846290571" lon="7.919816741985463">
      <ele>1633.0</ele></trkpt>
      <trkpt lat="46.78373792524992" lon="7.91978854837193">
      <ele>1633.8</ele></trkpt>
      <trkpt lat="46.783770900642935" lon="7.919699400144037">
      <ele>1634.7</ele></trkpt>
      <trkpt lat="46.783778910035394" lon="7.919653741980515">
      <ele>1635.5</ele></trkpt>
      <trkpt lat="46.78378183914024" lon="7.919575496049313">
      <ele>1636.3</ele></trkpt>
      <trkpt lat="46.783792482844575" lon="7.91952374573814">
      <ele>1637.1</ele></trkpt>
      <trkpt lat="46.78377777353238" lon="7.919451431889128">
      <ele>1638.0</ele></trkpt>
      <trkpt lat="46.78378515230363" lon="7.9194016953453">
      <ele>1638.8</ele></trkpt>
      <trkpt lat="46.78378141853042" lon="7.919356940764104">
      <ele>1639.3</ele></trkpt>
      <trkpt lat="46.78376787704146" lon="7.9193191965201875">
      <ele>1639.8</ele></trkpt>
      <trkpt lat="46.78374058872652" lon="7.919292513313376">
      <ele>1640.3</ele></trkpt>
      <trkpt lat="46.78372043197626" lon="7.919279120201403">
      <ele>1640.7</ele></trkpt>
      <trkpt lat="46.78370288774208" lon="7.919262686039299">
      <ele>1641.2</ele></trkpt>
      <trkpt lat="46.7836855183102" lon="7.919202553694796">
      <ele>1641.7</ele></trkpt>
      <trkpt lat="46.78366222413498" lon="7.919156590308154">
      <ele>1642.2</ele></trkpt>
      <trkpt lat="46.78364928361436" lon="7.919132078021692">
      <ele>1642.7</ele></trkpt>
      <trkpt lat="46.78364490207727" lon="7.919087317799697">
      <ele>1643.2</ele></trkpt>
      <trkpt lat="46.7836274347352" lon="7.919052589986595">
      <ele>1643.7</ele></trkpt>
      <trkpt lat="46.783625030792074" lon="7.919001744906266">
      <ele>1644.1</ele></trkpt>
      <trkpt lat="46.78361858190359" lon="7.9189844013759165">
      <ele>1644.6</ele></trkpt>
      <trkpt lat="46.78360099061351" lon="7.918979150478574">
      <ele>1645.1</ele></trkpt>
      <trkpt lat="46.78357234276994" lon="7.918967711662798">
      <ele>1645.6</ele></trkpt>
      <trkpt lat="46.783565855397335" lon="7.9189595215588655">
      <ele>1646.1</ele></trkpt>
      <trkpt lat="46.783542441510306" lon="7.918942013803232">
      <ele>1646.6</ele></trkpt>
      <trkpt lat="46.783538068430154" lon="7.9188952239613855">
      <ele>1647.0</ele></trkpt>
      <trkpt lat="46.78352443278231" lon="7.918879846247737">
      <ele>1647.5</ele></trkpt>
      <trkpt lat="46.78351409658766" lon="7.918856365642431">
      <ele>1648.0</ele></trkpt>
      <trkpt lat="46.78351027759897" lon="7.91883397764233">
      <ele>1648.5</ele></trkpt>
      <trkpt lat="46.78349934409468" lon="7.918794227152016">
      <ele>1648.9</ele></trkpt>
      <trkpt lat="46.78348899929807" lon="7.918772789391245">
      <ele>1649.4</ele></trkpt>
      <trkpt lat="46.783475444795215" lon="7.918738096628871">
      <ele>1649.8</ele></trkpt>
      <trkpt lat="46.783467776479455" lon="7.918698388356635">
      <ele>1650.3</ele></trkpt>
      <trkpt lat="46.78346924309105" lon="7.918659769788659">
      <ele>1650.7</ele></trkpt>
      <trkpt lat="46.78346350160671" lon="7.918628197877313">
      <ele>1651.1</ele></trkpt>
      <trkpt lat="46.783446008436236" lon="7.918599585681638">
      <ele>1651.6</ele></trkpt>
      <trkpt lat="46.78342517748432" lon="7.918588203600461">
      <ele>1652.0</ele></trkpt>
      <trkpt lat="46.783418063768195" lon="7.918574926952027">
      <ele>1652.5</ele></trkpt>
      <trkpt lat="46.78341298267886" lon="7.9185403228137075">
      <ele>1652.9</ele></trkpt>
      <trkpt lat="46.78340789781493" lon="7.918508756793362">
      <ele>1653.3</ele></trkpt>
      <trkpt lat="46.783396231133466" lon="7.9184893371523515">
      <ele>1653.8</ele></trkpt>
      <trkpt lat="46.78340093256466" lon="7.918455841552673">
      <ele>1654.2</ele></trkpt>
      <trkpt lat="46.78339982843382" lon="7.9184060166327175">
      <ele>1654.7</ele></trkpt>
      <trkpt lat="46.78339213062064" lon="7.918375448824869">
      <ele>1655.1</ele></trkpt>
      <trkpt lat="46.78338969223555" lon="7.91833273596587">
      <ele>1655.5</ele></trkpt>
      <trkpt lat="46.78340098774328" lon="7.918282013035384">
      <ele>1656.0</ele></trkpt>
      <trkpt lat="46.78339747681572" lon="7.918244070470901">
      <ele>1656.4</ele></trkpt>
      <trkpt lat="46.783400625019105" lon="7.918209840782167">
      <ele>1656.9</ele></trkpt>
      <trkpt lat="46.783403395300724" lon="7.918169204052357">
      <ele>1657.3</ele></trkpt>
      <trkpt lat="46.78342119097297" lon="7.918123619927327">
      <ele>1658.1</ele></trkpt>
      <trkpt lat="46.78344346188456" lon="7.91809841282385">
      <ele>1658.8</ele></trkpt>
      <trkpt lat="46.783461824564526" lon="7.918074192387536">
      <ele>1659.6</ele></trkpt>
      <trkpt lat="46.783476304193684" lon="7.918042813467271">
      <ele>1660.4</ele></trkpt>
      <trkpt lat="46.78347703717817" lon="7.918022482723158">
      <ele>1661.1</ele></trkpt>
      <trkpt lat="46.783465485563866" lon="7.917975616090404">
      <ele>1661.9</ele></trkpt>
      <trkpt lat="46.78345196487668" lon="7.917932804659843">
      <ele>1662.7</ele></trkpt>
      <trkpt lat="46.78343449718331" lon="7.917898077345105">
      <ele>1663.4</ele></trkpt>
      <trkpt lat="46.78343210552305" lon="7.917844181370488">
      <ele>1664.2</ele></trkpt>
      <trkpt lat="46.78342510591732" lon="7.917799385071821">
      <ele>1664.9</ele></trkpt>
      <trkpt lat="46.78342536972666" lon="7.91773432919286">
      <ele>1665.7</ele></trkpt>
      <trkpt lat="46.78342947396359" lon="7.917686593442751">
      <ele>1666.5</ele></trkpt>
      <trkpt lat="46.78343230795993" lon="7.917630714119862">
      <ele>1667.2</ele></trkpt>
      <trkpt lat="46.78342593126807" lon="7.917596098552835">
      <ele>1668.0</ele></trkpt>
      <trkpt lat="46.78344239682202" lon="7.917556604889132">
      <ele>1668.8</ele></trkpt>
      <trkpt lat="46.78345560564694" lon="7.917515039378734">
      <ele>1669.5</ele></trkpt>
      <trkpt lat="46.783468264210164" lon="7.917448076852168">
      <ele>1670.3</ele></trkpt>
      <trkpt lat="46.78347829336697" lon="7.917388188687058">
      <ele>1671.1</ele></trkpt>
      <trkpt lat="46.783489575180624" lon="7.917338486804179">
      <ele>1671.8</ele></trkpt>
      <trkpt lat="46.78350145876627" lon="7.917304033375241">
      <ele>1672.6</ele></trkpt>
      <trkpt lat="46.78351745219756" lon="7.9172290466319915">
      <ele>1673.2</ele></trkpt>
      <trkpt lat="46.783522349946914" lon="7.917189397718179">
      <ele>1673.7</ele></trkpt>
      <trkpt lat="46.783528965776085" lon="7.917149764047845">
      <ele>1674.3</ele></trkpt>
      <trkpt lat="46.78352745645152" lon="7.917097748499899">
      <ele>1674.9</ele></trkpt>
      <trkpt lat="46.783538849977916" lon="7.917049265383287">
      <ele>1675.4</ele></trkpt>
      <trkpt lat="46.7835623580422" lon="7.916990635980385">
      <ele>1676.0</ele></trkpt>
      <trkpt lat="46.783574106389146" lon="7.916962676592756">
      <ele>1676.6</ele></trkpt>
      <trkpt lat="46.78358584897346" lon="7.916936092168715">
      <ele>1677.2</ele></trkpt>
      <trkpt lat="46.783607484259754" lon="7.916914388454367">
      <ele>1677.7</ele></trkpt>
      <trkpt lat="46.78362479935931" lon="7.916895383355244">
      <ele>1678.3</ele></trkpt>
      <trkpt lat="46.783636107305554" lon="7.916869476002148">
      <ele>1678.9</ele></trkpt>
      <trkpt lat="46.7836500087291" lon="7.9168429106781275">
      <ele>1679.4</ele></trkpt>
      <trkpt lat="46.783662957818585" lon="7.916837551623099">
      <ele>1680.0</ele></trkpt>
      <trkpt lat="46.78367904916092" lon="7.916801432880283">
      <ele>1680.6</ele></trkpt>
      <trkpt lat="46.783690308423914" lon="7.916787153870721">
      <ele>1681.2</ele></trkpt>
      <trkpt lat="46.78369598934199" lon="7.916766683578853">
      <ele>1681.7</ele></trkpt>
      <trkpt lat="46.78369565779231" lon="7.916742728931557">
      <ele>1682.3</ele></trkpt>
      <trkpt lat="46.78370523040553" lon="7.916720918116983">
      <ele>1682.9</ele></trkpt>
      <trkpt lat="46.783712575445705" lon="7.91671550932786">
      <ele>1683.4</ele></trkpt>
      <trkpt lat="46.78372168483216" lon="7.916701211225995">
      <ele>1684.0</ele></trkpt>
      <trkpt lat="46.783724983865206" lon="7.916682422209697">
      <ele>1684.5</ele></trkpt>
      <trkpt lat="46.783719894308646" lon="7.916671206592422">
      <ele>1685.0</ele></trkpt>
      <trkpt lat="46.78370258020025" lon="7.916659882576799">
      <ele>1685.5</ele></trkpt>
      <trkpt lat="46.78368213176611" lon="7.916632279239189">
      <ele>1685.9</ele></trkpt>
      <trkpt lat="46.78367782295672" lon="7.916595704544128">
      <ele>1686.4</ele></trkpt>
      <trkpt lat="46.78367348821516" lon="7.916563176139117">
      <ele>1686.9</ele></trkpt>
      <trkpt lat="46.783656916151806" lon="7.916533590509179">
      <ele>1687.4</ele></trkpt>
      <trkpt lat="46.783653271946804" lon="7.916492962122717">
      <ele>1687.9</ele></trkpt>
      <trkpt lat="46.783649061746345" lon="7.916437098648491">
      <ele>1688.4</ele></trkpt>
      <trkpt lat="46.783640820779915" lon="7.916413676318012">
      <ele>1688.8</ele></trkpt>
      <trkpt lat="46.78363968925923" lon="7.9163852490406805">
      <ele>1689.3</ele></trkpt>
      <trkpt lat="46.78363083934883" lon="7.916354710467098">
      <ele>1689.8</ele></trkpt>
      <trkpt lat="46.78362449789209" lon="7.91633739439817">
      <ele>1690.3</ele></trkpt>
      <trkpt lat="46.783628605996846" lon="7.91629074533169">
      <ele>1690.8</ele></trkpt>
      <trkpt lat="46.783631324925196" lon="7.916264381981995">
      <ele>1691.3</ele></trkpt>
      <trkpt lat="46.78363533865312" lon="7.916236000297813">
      <ele>1691.8</ele></trkpt>
      <trkpt lat="46.783647134925644" lon="7.916196530182565">
      <ele>1692.2</ele></trkpt>
      <trkpt lat="46.783647310852466" lon="7.916163046527162">
      <ele>1692.7</ele></trkpt>
      <trkpt lat="46.78364373966709" lon="7.9161092185498125">
      <ele>1693.2</ele></trkpt>
      <trkpt lat="46.78365098635253" lon="7.916077827323169">
      <ele>1693.7</ele></trkpt>
      <trkpt lat="46.783651364191776" lon="7.916006774438671">
      <ele>1694.2</ele></trkpt>
      <trkpt lat="46.783665694327084" lon="7.915974437561654">
      <ele>1694.7</ele></trkpt>
      <trkpt lat="46.78367294097546" lon="7.915943046304109">
      <ele>1695.1</ele></trkpt>
      <trkpt lat="46.783679600393896" lon="7.915901487719045">
      <ele>1695.6</ele></trkpt>
      <trkpt lat="46.78368749468055" lon="7.915870102177134">
      <ele>1696.1</ele></trkpt>
      <trkpt lat="46.78368758896909" lon="7.915851834765026">
      <ele>1696.5</ele></trkpt>
      <trkpt lat="46.78369874218005" lon="7.915813380287024">
      <ele>1697.0</ele></trkpt>
      <trkpt lat="46.78370855721632" lon="7.915783020077403">
      <ele>1697.5</ele></trkpt>
      <trkpt lat="46.783714461906236" lon="7.91576277427881">
      <ele>1698.0</ele></trkpt>
      <trkpt lat="46.78371336412458" lon="7.915726228051777">
      <ele>1698.5</ele></trkpt>
      <trkpt lat="46.78370067675346" lon="7.915692617425667">
      <ele>1698.9</ele></trkpt>
      <trkpt lat="46.78369253836469" lon="7.915648898042054">
      <ele>1699.4</ele></trkpt>
      <trkpt lat="46.783685034935296" lon="7.9156082224496735">
      <ele>1699.9</ele></trkpt>
      <trkpt lat="46.78368259095229" lon="7.915583843165828">
      <ele>1700.4</ele></trkpt>
      <trkpt lat="46.78370519231467" lon="7.915569847585648">
      <ele>1700.8</ele></trkpt>
      <trkpt lat="46.78372456911052" lon="7.915556844917144">
      <ele>1701.3</ele></trkpt>
      <trkpt lat="46.78372791385235" lon="7.9155335251835135">
      <ele>1701.8</ele></trkpt>
      <trkpt lat="46.783728672688206" lon="7.915511204022899">
      <ele>1702.2</ele></trkpt>
      <trkpt lat="46.78374690931292" lon="7.9154717906504475">
      <ele>1702.7</ele></trkpt>
      <trkpt lat="46.783748997334136" lon="7.915441362008074">
      <ele>1703.2</ele></trkpt>
      <trkpt lat="46.78373365995837" lon="7.915421936638473">
      <ele>1703.4</ele></trkpt>
      <trkpt lat="46.78371637113471" lon="7.915404523827252">
      <ele>1703.7</ele></trkpt>
      <trkpt lat="46.783708078615796" lon="7.91539125020088">
      <ele>1703.9</ele></trkpt>
      <trkpt lat="46.783697976519356" lon="7.9153546112640605">
      <ele>1704.1</ele></trkpt>
      <trkpt lat="46.7837083871746" lon="7.91533238855841">
      <ele>1704.3</ele></trkpt>
      <trkpt lat="46.78372136258279" lon="7.915314235040027">
      <ele>1704.6</ele></trkpt>
      <trkpt lat="46.78373005835749" lon="7.91525240937528">
      <ele>1704.8</ele></trkpt>
      <trkpt lat="46.783734102022045" lon="7.9152189467658">
      <ele>1705.0</ele></trkpt>
      <trkpt lat="46.78372971551036" lon="7.915196580112395">
      <ele>1705.3</ele></trkpt>
      <trkpt lat="46.7837137473653" lon="7.9151730896315975">
      <ele>1705.5</ele></trkpt>
      <trkpt lat="46.78371382040706" lon="7.915159889989964">
      <ele>1705.7</ele></trkpt>
      <trkpt lat="46.783710068341875" lon="7.91513853731308">
      <ele>1706.0</ele></trkpt>
      <trkpt lat="46.78371932171999" lon="7.915093976463036">
      <ele>1706.2</ele></trkpt>
      <trkpt lat="46.78372209168427" lon="7.915057464430266">
      <ele>1706.4</ele></trkpt>
      <trkpt lat="46.783738916963486" lon="7.915039357959774">
      <ele>1706.7</ele></trkpt>
      <trkpt lat="46.78376605080263" lon="7.9150213425752405">
      <ele>1706.9</ele></trkpt>
      <trkpt lat="46.783789929954985" lon="7.915009387838676">
      <ele>1707.1</ele></trkpt>
      <trkpt lat="46.78380545623903" lon="7.914994308018363">
      <ele>1707.3</ele></trkpt>
      <trkpt lat="46.78383553049895" lon="7.914983036589643">
      <ele>1707.6</ele></trkpt>
      <trkpt lat="46.783857428864465" lon="7.914975818005691">
      <ele>1707.8</ele></trkpt>
      <trkpt lat="46.78387870752109" lon="7.914942468291959">
      <ele>1708.4</ele></trkpt>
      <trkpt lat="46.783894775456545" lon="7.914920452562914">
      <ele>1709.1</ele></trkpt>
      <trkpt lat="46.783895571824026" lon="7.9148912564845695">
      <ele>1709.7</ele></trkpt>
      <trkpt lat="46.78391296384031" lon="7.914860190295452">
      <ele>1710.4</ele></trkpt>
      <trkpt lat="46.78393088714397" lon="7.914846257792236">
      <ele>1711.0</ele></trkpt>
      <trkpt lat="46.7839538988482" lon="7.9148373858361065">
      <ele>1711.7</ele></trkpt>
      <trkpt lat="46.783969927761646" lon="7.914820411500699">
      <ele>1712.3</ele></trkpt>
      <trkpt lat="46.78398026925202" lon="7.914795333131685">
      <ele>1713.0</ele></trkpt>
      <trkpt lat="46.78397726000274" lon="7.914764086672605">
      <ele>1713.6</ele></trkpt>
      <trkpt lat="46.78398058518151" lon="7.914738946322444">
      <ele>1714.2</ele></trkpt>
      <trkpt lat="46.78399863682551" lon="7.9147028440580165">
      <ele>1714.9</ele></trkpt>
      <trkpt lat="46.78402872411678" lon="7.9146819603719045">
      <ele>1715.5</ele></trkpt>
      <trkpt lat="46.78404477040396" lon="7.914662969397501">
      <ele>1716.2</ele></trkpt>
      <trkpt lat="46.78406135286052" lon="7.914662107466327">
      <ele>1716.8</ele></trkpt>
      <trkpt lat="46.78407606666935" lon="7.9146541835951565">
      <ele>1717.5</ele></trkpt>
      <trkpt lat="46.784088971176736" lon="7.91462711105171">
      <ele>1718.1</ele></trkpt>
      <trkpt lat="46.7840935904528" lon="7.9145979486179305">
      <ele>1718.8</ele></trkpt>
      <trkpt lat="46.784109845932065" lon="7.914541689311887">
      <ele>1719.4</ele></trkpt>
      <trkpt lat="46.784126475125994" lon="7.914531765584052">
      <ele>1720.1</ele></trkpt>
      <trkpt lat="46.784128612795186" lon="7.914491515414091">
      <ele>1720.7</ele></trkpt>
      <trkpt lat="46.78413763440745" lon="7.9144744659724">
      <ele>1721.2</ele></trkpt>
      <trkpt lat="46.784157061495584" lon="7.914421272762258">
      <ele>1721.8</ele></trkpt>
      <trkpt lat="46.784186526865795" lon="7.914396349912955">
      <ele>1722.3</ele></trkpt>
      <trkpt lat="46.78419365401012" lon="7.914376271721171">
      <ele>1722.8</ele></trkpt>
      <trkpt lat="46.78420838459181" lon="7.91436431444288">
      <ele>1723.3</ele></trkpt>
      <trkpt lat="46.78421985414132" lon="7.914366432390277">
      <ele>1723.9</ele></trkpt>
      <trkpt lat="46.78423143872897" lon="7.914347401882235">
      <ele>1724.4</ele></trkpt>
      <trkpt lat="46.784239315360715" lon="7.914307189171396">
      <ele>1724.9</ele></trkpt>
      <trkpt lat="46.78425983162697" lon="7.914286220721944">
      <ele>1725.5</ele></trkpt>
      <trkpt lat="46.78426385107508" lon="7.914252024143216">
      <ele>1726.0</ele></trkpt>
      <trkpt lat="46.784283017506525" lon="7.914244139414872">
      <ele>1726.5</ele></trkpt>
      <trkpt lat="46.784296398904864" lon="7.914247269477792">
      <ele>1727.1</ele></trkpt>
      <trkpt lat="46.78429902540052" lon="7.914232193349842">
      <ele>1727.6</ele></trkpt>
      <trkpt lat="46.78429213730638" lon="7.91420997471844">
      <ele>1728.1</ele></trkpt>
      <trkpt lat="46.78429605011863" lon="7.914194909937494">
      <ele>1728.7</ele></trkpt>
      <trkpt lat="46.78430061837837" lon="7.914175817471733">
      <ele>1729.2</ele></trkpt>
      <trkpt lat="46.78428861257538" lon="7.914155570435432">
      <ele>1729.7</ele></trkpt>
      <trkpt lat="46.78427526595037" lon="7.914148407239638">
      <ele>1730.2</ele></trkpt>
      <trkpt lat="46.78426198701232" lon="7.914127140623738">
      <ele>1730.8</ele></trkpt>
      <trkpt lat="46.78425310203226" lon="7.914120016792067">
      <ele>1731.3</ele></trkpt>
      <trkpt lat="46.78424164566956" lon="7.914116890647031">
      <ele>1731.4</ele></trkpt>
      <trkpt lat="46.784226369861344" lon="7.914110718816051">
      <ele>1731.5</ele></trkpt>
      <trkpt lat="46.78421313402685" lon="7.914083415517455">
      <ele>1731.6</ele></trkpt>
      <trkpt lat="46.784202925015435" lon="7.91408534220548">
      <ele>1731.7</ele></trkpt>
      <trkpt lat="46.784187092017056" lon="7.914066069836711">
      <ele>1731.8</ele></trkpt>
      <trkpt lat="46.784178236347095" lon="7.914051900831969">
      <ele>1732.0</ele></trkpt>
      <trkpt lat="46.784160508934605" lon="7.914029586684827">
      <ele>1732.1</ele></trkpt>
      <trkpt lat="46.78414274315679" lon="7.914014330756617">
      <ele>1732.2</ele></trkpt>
      <trkpt lat="46.784121775671025" lon="7.914001063330929">
      <ele>1732.3</ele></trkpt>
      <trkpt lat="46.78409949260656" lon="7.913994816660487">
      <ele>1732.4</ele></trkpt>
      <trkpt lat="46.78408107916552" lon="7.913979555050095">
      <ele>1732.5</ele></trkpt>
      <trkpt lat="46.78406075872816" lon="7.91396427663518">
      <ele>1732.6</ele></trkpt>
      <trkpt lat="46.78404163900881" lon="7.913963099686013">
      <ele>1732.7</ele></trkpt>
      <trkpt lat="46.78401678865092" lon="7.9139598685820225">
      <ele>1732.8</ele></trkpt>
      <trkpt lat="46.78399392674787" lon="7.913943559423962">
      <ele>1733.0</ele></trkpt>
      <trkpt lat="46.78396998366317" lon="7.913910360539339">
      <ele>1733.1</ele></trkpt>
      <trkpt lat="46.7839578613866" lon="7.913881338620552">
      <ele>1733.2</ele></trkpt>
      <trkpt lat="46.78395751814682" lon="7.913866537588065">
      <ele>1733.3</ele></trkpt>
      <trkpt lat="46.783959276962975" lon="7.913852436056475">
      <ele>1733.4</ele></trkpt>
      <trkpt lat="46.783950429416976" lon="7.913844959059558">
      <ele>1733.5</ele></trkpt>
      <trkpt lat="46.78393780275556" lon="7.913833389123171">
      <ele>1733.8</ele></trkpt>
      <trkpt lat="46.78392007977692" lon="7.913825139831041">
      <ele>1734.2</ele></trkpt>
      <trkpt lat="46.783904904624045" lon="7.913814228411269">
      <ele>1734.5</ele></trkpt>
      <trkpt lat="46.78389242507594" lon="7.913773770972008">
      <ele>1734.9</ele></trkpt>
      <trkpt lat="46.78388108628699" lon="7.913757511108868">
      <ele>1735.2</ele></trkpt>
      <trkpt lat="46.78387482631982" lon="7.913739973362226">
      <ele>1735.6</ele></trkpt>
      <trkpt lat="46.78388177205744" lon="7.913705082520944">
      <ele>1736.0</ele></trkpt>
      <trkpt lat="46.783894261916416" lon="7.913660851005201">
      <ele>1736.3</ele></trkpt>
      <trkpt lat="46.78391396411761" lon="7.913610632863776">
      <ele>1736.7</ele></trkpt>
      <trkpt lat="46.78392525050387" lon="7.91355294154402">
      <ele>1737.0</ele></trkpt>
      <trkpt lat="46.783933538400106" lon="7.913504613314525">
      <ele>1737.3</ele></trkpt>
      <trkpt lat="46.78393286785912" lon="7.913468987444838">
      <ele>1737.7</ele></trkpt>
      <trkpt lat="46.783922459613194" lon="7.913436602085428">
      <ele>1738.0</ele></trkpt>
      <trkpt lat="46.783919624327204" lon="7.913411027653522">
      <ele>1738.4</ele></trkpt>
      <trkpt lat="46.783940840751" lon="7.913312434577959">
      <ele>1738.8</ele></trkpt>
      <trkpt lat="46.78395771369515" lon="7.913237309754324">
      <ele>1739.1</ele></trkpt>
      <trkpt lat="46.7839702828211" lon="7.913178280758045">
      <ele>1739.5</ele></trkpt>
      <trkpt lat="46.78397470842012" lon="7.9131393472567675">
      <ele>1739.8</ele></trkpt>
      <trkpt lat="46.78398332771303" lon="7.913106487725262">
      <ele>1740.2</ele></trkpt>
      <trkpt lat="46.783987654387275" lon="7.913087039572509">
      <ele>1740.5</ele></trkpt>
      <trkpt lat="46.78397809713326" lon="7.913053325994472">
      <ele>1740.8</ele></trkpt>
      <trkpt lat="46.78396636397895" lon="7.913032361473403">
      <ele>1741.1</ele></trkpt>
      <trkpt lat="46.78395388630363" lon="7.912989219594198">
      <ele>1741.4</ele></trkpt>
      <trkpt lat="46.78394984803418" lon="7.912952202147094">
      <ele>1741.7</ele></trkpt>
      <trkpt lat="46.78394036392979" lon="7.912903023385439">
      <ele>1742.0</ele></trkpt>
      <trkpt lat="46.78392738470101" lon="7.912876678765021">
      <ele>1742.4</ele></trkpt>
      <trkpt lat="46.78390298442481" lon="7.912849526528073">
      <ele>1742.7</ele></trkpt>
      <trkpt lat="46.78389384705177" lon="7.9128164977083815">
      <ele>1743.0</ele></trkpt>
      <trkpt lat="46.78388491029952" lon="7.912771972760954">
      <ele>1743.3</ele></trkpt>
      <trkpt lat="46.783879667863765" lon="7.912728135096176">
      <ele>1743.6</ele></trkpt>
      <trkpt lat="46.78387095653659" lon="7.912705154351853">
      <ele>1743.9</ele></trkpt>
      <trkpt lat="46.783861340399824" lon="7.912694279048149">
      <ele>1744.2</ele></trkpt>
      <trkpt lat="46.783843819364066" lon="7.912669858911902">
      <ele>1744.5</ele></trkpt>
      <trkpt lat="46.78382926429535" lon="7.912637384917758">
      <ele>1744.8</ele></trkpt>
      <trkpt lat="46.78382056476983" lon="7.912613723345138">
      <ele>1745.2</ele></trkpt>
      <trkpt lat="46.78382489251184" lon="7.912587491728096">
      <ele>1745.5</ele></trkpt>
      <trkpt lat="46.783836753831245" lon="7.91256673480009">
      <ele>1745.8</ele></trkpt>
      <trkpt lat="46.7838435415751" lon="7.912554667993605">
      <ele>1746.1</ele></trkpt>
      <trkpt lat="46.78385495219457" lon="7.91254063820428">
      <ele>1746.4</ele></trkpt>
      <trkpt lat="46.78387354760606" lon="7.912518578513389">
      <ele>1746.7</ele></trkpt>
      <trkpt lat="46.78389095409424" lon="7.912481697274182">
      <ele>1746.9</ele></trkpt>
      <trkpt lat="46.78391471370548" lon="7.9124334263232">
      <ele>1747.1</ele></trkpt>
      <trkpt lat="46.78393511247287" lon="7.9123864746383">
      <ele>1747.3</ele></trkpt>
      <trkpt lat="46.78394628432992" lon="7.912336731053764">
      <ele>1747.5</ele></trkpt>
      <trkpt lat="46.78396408217521" lon="7.912305248524689">
      <ele>1747.7</ele></trkpt>
      <trkpt lat="46.783968395895435" lon="7.912282382255051">
      <ele>1747.9</ele></trkpt>
      <trkpt lat="46.783966494553134" lon="7.912241939489113">
      <ele>1748.1</ele></trkpt>
      <trkpt lat="46.783965920089116" lon="7.91218737825029">
      <ele>1748.3</ele></trkpt>
      <trkpt lat="46.78396441295834" lon="7.912151653361651">
      <ele>1748.5</ele></trkpt>
      <trkpt lat="46.78396667818091" lon="7.912117323548878">
      <ele>1748.7</ele></trkpt>
      <trkpt lat="46.78398160834115" lon="7.912072340393158">
      <ele>1748.8</ele></trkpt>
      <trkpt lat="46.78399906556512" lon="7.9120253495879025">
      <ele>1749.0</ele></trkpt>
      <trkpt lat="46.784021216681815" lon="7.911963588850292">
      <ele>1749.2</ele></trkpt>
      <trkpt lat="46.78404038103367" lon="7.911910562796597">
      <ele>1749.4</ele></trkpt>
      <trkpt lat="46.784061196187984" lon="7.911862933490102">
      <ele>1749.6</ele></trkpt>
      <trkpt lat="46.78406893044027" lon="7.911828651610757">
      <ele>1749.8</ele></trkpt>
      <trkpt lat="46.784075430453555" lon="7.911788295622169">
      <ele>1750.0</ele></trkpt>
      <trkpt lat="46.78408739892408" lon="7.91174597089316">
      <ele>1750.2</ele></trkpt>
      <trkpt lat="46.784099367378914" lon="7.911703646145422">
      <ele>1750.4</ele></trkpt>
      <trkpt lat="46.78411358760865" lon="7.911632373633785">
      <ele>1750.6</ele></trkpt>
      <trkpt lat="46.78412856495148" lon="7.911575945064696">
      <ele>1750.6</ele></trkpt>
      <trkpt lat="46.78413330406696" lon="7.911552414523481">
      <ele>1750.5</ele></trkpt>
      <trkpt lat="46.784143919899" lon="7.911528254558091">
      <ele>1750.5</ele></trkpt>
      <trkpt lat="46.78415158088949" lon="7.911509477157218">
      <ele>1750.5</ele></trkpt>
      <trkpt lat="46.78415308251676" lon="7.911459635280955">
      <ele>1750.4</ele></trkpt>
      <trkpt lat="46.78415284002144" lon="7.911422585628135">
      <ele>1750.4</ele></trkpt>
      <trkpt lat="46.784164242157175" lon="7.9114105721723105">
      <ele>1750.4</ele></trkpt>
      <trkpt lat="46.784168082748664" lon="7.911399828151606">
      <ele>1750.3</ele></trkpt>
      <trkpt lat="46.78418129090713" lon="7.911362228563734">
      <ele>1750.3</ele></trkpt>
      <trkpt lat="46.78418942481388" lon="7.911331328715633">
      <ele>1750.2</ele></trkpt>
      <trkpt lat="46.784205901178545" lon="7.9113126154715365">
      <ele>1750.2</ele></trkpt>
      <trkpt lat="46.784208915708206" lon="7.911297149762439">
      <ele>1750.2</ele></trkpt>
      <trkpt lat="46.78421831727512" lon="7.911264244274182">
      <ele>1750.1</ele></trkpt>
      <trkpt lat="46.78423111718579" lon="7.9112252921880355">
      <ele>1750.1</ele></trkpt>
      <trkpt lat="46.78425140832058" lon="7.911199894270613">
      <ele>1750.1</ele></trkpt>
      <trkpt lat="46.78426872956282" lon="7.911179171640439">
      <ele>1750.0</ele></trkpt>
      <trkpt lat="46.784278939819536" lon="7.9111530043510925">
      <ele>1750.0</ele></trkpt>
      <trkpt lat="46.78428716968986" lon="7.911103234413513">
      <ele>1750.0</ele></trkpt>
      <trkpt lat="46.78429369175396" lon="7.91105748295772">
      <ele>1749.9</ele></trkpt>
      <trkpt lat="46.784304682830474" lon="7.91104479791256">
      <ele>1749.9</ele></trkpt>
      <trkpt lat="46.78433081166299" lon="7.911028198954767">
      <ele>1749.8</ele></trkpt>
      <trkpt lat="46.78435994935173" lon="7.910997496112543">
      <ele>1749.8</ele></trkpt>
      <trkpt lat="46.784394809944025" lon="7.911001193360814">
      <ele>1749.7</ele></trkpt>
      <trkpt lat="46.784420862862625" lon="7.9110007799626">
      <ele>1749.7</ele></trkpt>
      <trkpt lat="46.78443653877542" lon="7.910973311600022">
      <ele>1749.6</ele></trkpt>
      <trkpt lat="46.78445978526865" lon="7.910944560694475">
      <ele>1749.5</ele></trkpt>
      <trkpt lat="46.78447823149443" lon="7.910954164314693">
      <ele>1749.5</ele></trkpt>
      <trkpt lat="46.78449378915705" lon="7.910950948125154">
      <ele>1749.4</ele></trkpt>
      <trkpt lat="46.784503613455186" lon="7.910918033011364">
      <ele>1749.4</ele></trkpt>
      <trkpt lat="46.784510211832405" lon="7.910858151745156">
      <ele>1749.3</ele></trkpt>
      <trkpt lat="46.7845075291116" lon="7.910804226296032">
      <ele>1749.2</ele></trkpt>
      <trkpt lat="46.78450392841305" lon="7.9107678148736635">
      <ele>1749.2</ele></trkpt>
      <trkpt lat="46.78449392330896" lon="7.910750886165729">
      <ele>1749.1</ele></trkpt>
      <trkpt lat="46.78448471861794" lon="7.910742712405321">
      <ele>1749.1</ele></trkpt>
      <trkpt lat="46.78448439174432" lon="7.9107238517262495">
      <ele>1749.0</ele></trkpt>
      <trkpt lat="46.78447911447933" lon="7.910686076786307">
      <ele>1748.9</ele></trkpt>
      <trkpt lat="46.784481170598234" lon="7.910608620600758">
      <ele>1748.9</ele></trkpt>
      <trkpt lat="46.78449619261292" lon="7.910543430728978">
      <ele>1748.8</ele></trkpt>
      <trkpt lat="46.784518382530045" lon="7.910474256985505">
      <ele>1748.8</ele></trkpt>
      <trkpt lat="46.78453589816015" lon="7.9104151390768305">
      <ele>1748.7</ele></trkpt>
      <trkpt lat="46.78454192140532" lon="7.910385556177484">
      <ele>1748.8</ele></trkpt>
      <trkpt lat="46.78454928311372" lon="7.9103411737233005">
      <ele>1748.8</ele></trkpt>
      <trkpt lat="46.78455879418297" lon="7.910286032282735">
      <ele>1748.9</ele></trkpt>
      <trkpt lat="46.78458563809704" lon="7.910209486884593">
      <ele>1749.0</ele></trkpt>
      <trkpt lat="46.784606599007034" lon="7.910132903050741">
      <ele>1749.0</ele></trkpt>
      <trkpt lat="46.78461986577715" lon="7.91008317670935">
      <ele>1749.1</ele></trkpt>
      <trkpt lat="46.7846445907268" lon="7.910009991298105">
      <ele>1749.2</ele></trkpt>
      <trkpt lat="46.784653535869076" lon="7.909985148311482">
      <ele>1749.3</ele></trkpt>
      <trkpt lat="46.78465027298492" lon="7.909964913046521">
      <ele>1749.3</ele></trkpt>
      <trkpt lat="46.78464999605507" lon="7.90993391299622">
      <ele>1749.4</ele></trkpt>
      <trkpt lat="46.784652706264225" lon="7.9098962209429216">
      <ele>1749.5</ele></trkpt>
      <trkpt lat="46.78464457128444" lon="7.909840230999789">
      <ele>1749.5</ele></trkpt>
      <trkpt lat="46.78463579486787" lon="7.909830712254788">
      <ele>1749.6</ele></trkpt>
      <trkpt lat="46.78461118998532" lon="7.909794104136686">
      <ele>1749.7</ele></trkpt>
      <trkpt lat="46.78460703644793" lon="7.909782609066072">
      <ele>1749.8</ele></trkpt>
      <trkpt lat="46.78461218128656" lon="7.909763128289741">
      <ele>1749.8</ele></trkpt>
      <trkpt lat="46.78461850915436" lon="7.909757801244969">
      <ele>1749.9</ele></trkpt>
      <trkpt lat="46.78462065572804" lon="7.9097477100953535">
      <ele>1750.0</ele></trkpt>
      <trkpt lat="46.78461651118121" lon="7.909736215104908">
      <ele>1750.0</ele></trkpt>
      <trkpt lat="46.78460099518067" lon="7.909729335205891">
      <ele>1750.1</ele></trkpt>
      <trkpt lat="46.784589268990885" lon="7.909721807451602">
      <ele>1750.3</ele></trkpt>
      <trkpt lat="46.78457793709221" lon="7.9097190107038005">
      <ele>1750.4</ele></trkpt>
      <trkpt lat="46.78456914398286" lon="7.909713538423619">
      <ele>1750.6</ele></trkpt>
      <trkpt lat="46.78455290108275" lon="7.909684415650184">
      <ele>1750.7</ele></trkpt>
      <trkpt lat="46.78452659673129" lon="7.909649809546628">
      <ele>1750.9</ele></trkpt>
      <trkpt lat="46.78449766129644" lon="7.9096380848826096">
      <ele>1751.0</ele></trkpt>
      <trkpt lat="46.78447879842523" lon="7.909629145950908">
      <ele>1751.2</ele></trkpt>
      <trkpt lat="46.784453255013425" lon="7.909610706660164">
      <ele>1751.3</ele></trkpt>
      <trkpt lat="46.78443075151436" lon="7.9095727682687915">
      <ele>1751.5</ele></trkpt>
      <trkpt lat="46.78439106723647" lon="7.909525905721946">
      <ele>1751.7</ele></trkpt>
      <trkpt lat="46.784363100834945" lon="7.909488587573721">
      <ele>1751.8</ele></trkpt>
      <trkpt lat="46.78434468015529" lon="7.909474938137531">
      <ele>1752.0</ele></trkpt>
      <trkpt lat="46.78431531080882" lon="7.909465907523985">
      <ele>1752.1</ele></trkpt>
      <trkpt lat="46.78430617885462" lon="7.9094422424789865">
      <ele>1752.3</ele></trkpt>
      <trkpt lat="46.78429322728663" lon="7.909428640836921">
      <ele>1752.4</ele></trkpt>
      <trkpt lat="46.78428230916226" lon="7.909425847779848">
      <ele>1752.6</ele></trkpt>
      <trkpt lat="46.784269740835576" lon="7.909419661633858">
      <ele>1752.7</ele></trkpt>
      <trkpt lat="46.7842533938136" lon="7.909411425761241">
      <ele>1752.9</ele></trkpt>
      <trkpt lat="46.784237464064844" lon="7.909404529293378">
      <ele>1753.0</ele></trkpt>
      <trkpt lat="46.78423459268534" lon="7.909389679949088">
      <ele>1753.2</ele></trkpt>
      <trkpt lat="46.78423262575713" lon="7.909362725034381">
      <ele>1753.5</ele></trkpt>
      <trkpt lat="46.78423184751616" lon="7.9093485618485175">
      <ele>1753.9</ele></trkpt>
      <trkpt lat="46.78421590384531" lon="7.909345043955341">
      <ele>1754.2</ele></trkpt>
      <trkpt lat="46.784197973180966" lon="7.909317255598661">
      <ele>1754.6</ele></trkpt>
      <trkpt lat="46.78417961973261" lon="7.9092894635693085">
      <ele>1755.0</ele></trkpt>
      <trkpt lat="46.78418650210279" lon="7.909256522665228">
      <ele>1755.3</ele></trkpt>
      <trkpt lat="46.78418872143259" lon="7.909230940078858">
      <ele>1755.7</ele></trkpt>
      <trkpt lat="46.78419131909407" lon="7.9092161515946104">
      <ele>1756.0</ele></trkpt>
      <trkpt lat="46.784193485671125" lon="7.909203376073577">
      <ele>1756.4</ele></trkpt>
      <trkpt lat="46.78416838713151" lon="7.909179558663144">
      <ele>1756.7</ele></trkpt>
      <trkpt lat="46.784163487116274" lon="7.909150535271284">
      <ele>1757.0</ele></trkpt>
      <trkpt lat="46.784165247571046" lon="7.909133709661002">
      <ele>1757.4</ele></trkpt>
      <trkpt lat="46.78415439180758" lon="7.909120139515982">
      <ele>1757.8</ele></trkpt>
      <trkpt lat="46.78415026105485" lon="7.909105279219067">
      <ele>1758.1</ele></trkpt>
      <trkpt lat="46.784138342373396" lon="7.90909642732629">
      <ele>1758.5</ele></trkpt>
      <trkpt lat="46.78412462811686" lon="7.909080160743894">
      <ele>1758.8</ele></trkpt>
      <trkpt lat="46.78411778825901" lon="7.909070017429623">
      <ele>1759.2</ele></trkpt>
      <trkpt lat="46.78411166593891" lon="7.909040721496909">
      <ele>1759.5</ele></trkpt>
      <trkpt lat="46.784107474125115" lon="7.909001358794141">
      <ele>1759.9</ele></trkpt>
      <trkpt lat="46.784111415400396" lon="7.908966100505244">
      <ele>1760.2</ele></trkpt>
      <trkpt lat="46.78411797494144" lon="7.908906664356887">
      <ele>1760.5</ele></trkpt>
      <trkpt lat="46.78412511017496" lon="7.9088603419281105">
      <ele>1760.9</ele></trkpt>
      <trkpt lat="46.78412276026764" lon="7.908828053832361">
      <ele>1761.2</ele></trkpt>
      <trkpt lat="46.78413001718096" lon="7.908756523386406">
      <ele>1761.5</ele></trkpt>
      <trkpt lat="46.78413589231863" lon="7.908708173214553">
      <ele>1761.8</ele></trkpt>
      <trkpt lat="46.78413859145836" lon="7.908670887330394">
      <ele>1762.2</ele></trkpt>
      <trkpt lat="46.78413563741532" lon="7.908634560517397">
      <ele>1762.5</ele></trkpt>
      <trkpt lat="46.784134005606944" lon="7.908585136521503">
      <ele>1762.8</ele></trkpt>
      <trkpt lat="46.784128000677605" lon="7.908531640959178">
      <ele>1763.1</ele></trkpt>
      <trkpt lat="46.78412883218966" lon="7.908491313706325">
      <ele>1763.5</ele></trkpt>
      <trkpt lat="46.78414401119889" lon="7.908464220210336">
      <ele>1763.8</ele></trkpt>
      <trkpt lat="46.78415294608459" lon="7.908433038829942">
      <ele>1764.1</ele></trkpt>
      <trkpt lat="46.78415815405391" lon="7.908393771152987">
      <ele>1764.4</ele></trkpt>
      <trkpt lat="46.784152019178414" lon="7.908367487160421">
      <ele>1764.8</ele></trkpt>
      <trkpt lat="46.784151050081334" lon="7.9083100020293005">
      <ele>1765.1</ele></trkpt>
      <trkpt lat="46.784151931954376" lon="7.908259591565784">
      <ele>1765.4</ele></trkpt>
      <trkpt lat="46.78414082807522" lon="7.908223193774313">
      <ele>1765.7</ele></trkpt>
      <trkpt lat="46.78413281724114" lon="7.908195898202511">
      <ele>1766.0</ele></trkpt>
      <trkpt lat="46.784126103028456" lon="7.908159538670402">
      <ele>1766.4</ele></trkpt>
      <trkpt lat="46.78412687983919" lon="7.90813030292498">
      <ele>1766.7</ele></trkpt>
      <trkpt lat="46.78411760964656" lon="7.90810299640679">
      <ele>1767.0</ele></trkpt>
      <trkpt lat="46.784110958253194" lon="7.908053528735776">
      <ele>1767.2</ele></trkpt>
      <trkpt lat="46.7841161454349" lon="7.90801928958849">
      <ele>1767.5</ele></trkpt>
      <trkpt lat="46.784113820852845" lon="7.907982968308565">
      <ele>1767.7</ele></trkpt>
      <trkpt lat="46.78412458106284" lon="7.907962894744608">
      <ele>1768.0</ele></trkpt>
      <trkpt lat="46.78413783366838" lon="7.907944859596274">
      <ele>1768.2</ele></trkpt>
      <trkpt lat="46.78414544624306" lon="7.907926775339836">
      <ele>1768.5</ele></trkpt>
      <trkpt lat="46.78414495951668" lon="7.907898536944852">
      <ele>1768.7</ele></trkpt>
      <trkpt lat="46.78414440995542" lon="7.907883406719408">
      <ele>1769.0</ele></trkpt>
      <trkpt lat="46.78413695274598" lon="7.907870233092617">
      <ele>1769.2</ele></trkpt>
      <trkpt lat="46.784135828056066" lon="7.90784400587512">
      <ele>1769.5</ele></trkpt>
      <trkpt lat="46.78412960876146" lon="7.907833868117797">
      <ele>1769.7</ele></trkpt>
      <trkpt lat="46.78411775357836" lon="7.907822672948182">
      <ele>1770.0</ele></trkpt>
      <trkpt lat="46.78410780815443" lon="7.907806439498752">
      <ele>1770.2</ele></trkpt>
      <trkpt lat="46.78409596124914" lon="7.907793227688068">
      <ele>1770.5</ele></trkpt>
      <trkpt lat="46.784077375158255" lon="7.907749706388557">
      <ele>1770.7</ele></trkpt>
      <trkpt lat="46.784066858673015" lon="7.907721380755539">
      <ele>1771.0</ele></trkpt>
      <trkpt lat="46.78405138226288" lon="7.907682915270897">
      <ele>1771.2</ele></trkpt>
      <trkpt lat="46.784037160266095" lon="7.907643465457023">
      <ele>1771.5</ele></trkpt>
      <trkpt lat="46.784022220957844" lon="7.907623168272575">
      <ele>1771.7</ele></trkpt>
      <trkpt lat="46.7840097781898" lon="7.907603901178195">
      <ele>1771.8</ele></trkpt>
      <trkpt lat="46.783994267915254" lon="7.907571485633389">
      <ele>1771.9</ele></trkpt>
      <trkpt lat="46.783983730695496" lon="7.907548201697476">
      <ele>1772.0</ele></trkpt>
      <trkpt lat="46.78395875337905" lon="7.907529833966982">
      <ele>1772.1</ele></trkpt>
      <trkpt lat="46.78393320509267" lon="7.907499347886359">
      <ele>1772.2</ele></trkpt>
      <trkpt lat="46.78391324640328" lon="7.907479007126907">
      <ele>1772.3</ele></trkpt>
      <trkpt lat="46.78390707744464" lon="7.907458786308687">
      <ele>1772.4</ele></trkpt>
      <trkpt lat="46.78390662855686" lon="7.907423489864873">
      <ele>1772.5</ele></trkpt>
      <trkpt lat="46.78390669133202" lon="7.907410381753065">
      <ele>1772.6</ele></trkpt>
      <trkpt lat="46.78389425271829" lon="7.907390093331953">
      <ele>1772.8</ele></trkpt>
      <trkpt lat="46.7838868292662" lon="7.907370869981033">
      <ele>1772.9</ele></trkpt>
      <trkpt lat="46.783876287869106" lon="7.907348594452549">
      <ele>1773.0</ele></trkpt>
      <trkpt lat="46.78385855692615" lon="7.907344367570768">
      <ele>1773.1</ele></trkpt>
      <trkpt lat="46.78383279058752" lon="7.907307816502503">
      <ele>1773.2</ele></trkpt>
      <trkpt lat="46.7838255724648" lon="7.907271426714138">
      <ele>1773.3</ele></trkpt>
      <trkpt lat="46.78381179208365" lon="7.907247093265961">
      <ele>1773.4</ele></trkpt>
      <trkpt lat="46.78378884528441" lon="7.907202997565818">
      <ele>1773.5</ele></trkpt>
      <trkpt lat="46.78375369096986" lon="7.90718754048228">
      <ele>1773.6</ele></trkpt>
      <trkpt lat="46.78371108170524" lon="7.907178081847984">
      <ele>1773.7</ele></trkpt>
      <trkpt lat="46.783679587173204" lon="7.907171744892685">
      <ele>1773.8</ele></trkpt>
      <trkpt lat="46.783654516791756" lon="7.907176058039012">
      <ele>1774.6</ele></trkpt>
      <trkpt lat="46.78363695033235" lon="7.907166817085959">
      <ele>1775.3</ele></trkpt>
      <trkpt lat="46.783616595341265" lon="7.907157551903372">
      <ele>1776.1</ele></trkpt>
      <trkpt lat="46.78360287018905" lon="7.90712413079017">
      <ele>1776.9</ele></trkpt>
      <trkpt lat="46.783567755891376" lon="7.907101104972136">
      <ele>1777.7</ele></trkpt>
      <trkpt lat="46.78354941673839" lon="7.907063112776147">
      <ele>1778.5</ele></trkpt>
      <trkpt lat="46.783537643201086" lon="7.9070100392869405">
      <ele>1779.2</ele></trkpt>
      <trkpt lat="46.78351472392982" lon="7.906961400025029">
      <ele>1780.0</ele></trkpt>
      <trkpt lat="46.78345106976522" lon="7.906900293666047">
      <ele>1780.8</ele></trkpt>
      <trkpt lat="46.78341321589899" lon="7.906869675098136">
      <ele>1781.5</ele></trkpt>
      <trkpt lat="46.78338000070131" lon="7.906837603981553">
      <ele>1782.3</ele></trkpt>
      <trkpt lat="46.783368959807284" lon="7.9068208507014965">
      <ele>1783.1</ele></trkpt>
      <trkpt lat="46.78335049442069" lon="7.906807057993512">
      <ele>1783.9</ele></trkpt>
      <trkpt lat="46.78333107830597" lon="7.906794776107483">
      <ele>1784.6</ele></trkpt>
      <trkpt lat="46.78332101903554" lon="7.90676896934587">
      <ele>1785.4</ele></trkpt>
      <trkpt lat="46.78331669406242" lon="7.906711416711969">
      <ele>1786.2</ele></trkpt>
      <trkpt lat="46.78331032226063" lon="7.90669017300287">
      <ele>1787.0</ele></trkpt>
      <trkpt lat="46.78329176163946" lon="7.906693036892062">
      <ele>1787.8</ele></trkpt>
      <trkpt lat="46.78326210493869" lon="7.906688222197941">
      <ele>1788.5</ele></trkpt>
      <trkpt lat="46.783226796772354" lon="7.906701521756119">
      <ele>1789.3</ele></trkpt>
      <trkpt lat="46.7832137338331" lon="7.906715027544438">
      <ele>1789.8</ele></trkpt>
      <trkpt lat="46.783206346575184" lon="7.9067089002357465">
      <ele>1790.3</ele></trkpt>
      <trkpt lat="46.78319624111566" lon="7.906692168253402">
      <ele>1790.8</ele></trkpt>
      <trkpt lat="46.78318232549924" lon="7.906692034336609">
      <ele>1791.3</ele></trkpt>
      <trkpt lat="46.78315367802959" lon="7.906673622317096">
      <ele>1791.8</ele></trkpt>
      <trkpt lat="46.783148260340354" lon="7.906647842864236">
      <ele>1792.4</ele></trkpt>
      <trkpt lat="46.78316418274733" lon="7.906619236735164">
      <ele>1792.9</ele></trkpt>
      <trkpt lat="46.78316530918008" lon="7.906581413957568">
      <ele>1793.4</ele></trkpt>
      <trkpt lat="46.78315985769874" lon="7.90656168428079">
      <ele>1793.9</ele></trkpt>
      <trkpt lat="46.78316556429493" lon="7.906534495421186">
      <ele>1794.4</ele></trkpt>
      <trkpt lat="46.783176780355625" lon="7.906519467602645">
      <ele>1794.9</ele></trkpt>
      <trkpt lat="46.78317968879954" lon="7.906496798544213">
      <ele>1795.4</ele></trkpt>
      <trkpt lat="46.78319466949539" lon="7.906469690151419">
      <ele>1795.9</ele></trkpt>
      <trkpt lat="46.78319385050108" lon="7.906450013771174">
      <ele>1796.4</ele></trkpt>
      <trkpt lat="46.78317811562578" lon="7.906443814061985">
      <ele>1797.0</ele></trkpt>
      <trkpt lat="46.783150253349206" lon="7.906451128310855">
      <ele>1797.5</ele></trkpt>
      <trkpt lat="46.78313638049316" lon="7.90644494476466">
      <ele>1798.0</ele></trkpt>
      <trkpt lat="46.78314110818202" lon="7.906428341568969">
      <ele>1798.5</ele></trkpt>
      <trkpt lat="46.78314122191142" lon="7.906407154238845">
      <ele>1799.0</ele></trkpt>
      <trkpt lat="46.78313124251295" lon="7.9063662100834255">
      <ele>1799.5</ele></trkpt>
      <trkpt lat="46.78312874554434" lon="7.906314736701976">
      <ele>1799.8</ele></trkpt>
      <trkpt lat="46.7831206068098" lon="7.906276820475635">
      <ele>1800.1</ele></trkpt>
      <trkpt lat="46.78309845102033" lon="7.906256959042809">
      <ele>1800.4</ele></trkpt>
      <trkpt lat="46.78306880329579" lon="7.906252144683888">
      <ele>1800.7</ele></trkpt>
      <trkpt lat="46.783029813891666" lon="7.906259362495977">
      <ele>1800.9</ele></trkpt>
      <trkpt lat="46.78300083596787" lon="7.906246945558855">
      <ele>1801.2</ele></trkpt>
      <trkpt lat="46.782972378301025" lon="7.9062546737714285">
      <ele>1801.5</ele></trkpt>
      <trkpt lat="46.78295203741162" lon="7.906248538954094">
      <ele>1801.8</ele></trkpt>
      <trkpt lat="46.78293175348881" lon="7.906228484306059">
      <ele>1802.1</ele></trkpt>
      <trkpt lat="46.78292386655672" lon="7.906201570486035">
      <ele>1802.4</ele></trkpt>
      <trkpt lat="46.78289812780651" lon="7.906162585111476">
      <ele>1802.7</ele></trkpt>
      <trkpt lat="46.782883936503744" lon="7.906159476305293">
      <ele>1803.0</ele></trkpt>
      <trkpt lat="46.78286300338738" lon="7.90614638278986">
      <ele>1803.3</ele></trkpt>
      <trkpt lat="46.7828383023428" lon="7.906146181671393">
      <ele>1803.5</ele></trkpt>
      <trkpt lat="46.782805585668115" lon="7.906143920555061">
      <ele>1803.8</ele></trkpt>
      <trkpt lat="46.782763612016836" lon="7.906139588680527">
      <ele>1804.1</ele></trkpt>
      <trkpt lat="46.78274000192914" lon="7.906134381535231">
      <ele>1804.4</ele></trkpt>
      <trkpt lat="46.78266392576532" lon="7.906138907525009">
      <ele>1804.7</ele></trkpt>
    </trkseg>
  </trk>
</gpx>