<?xml version='1.0' encoding='utf-8'?>
<gpx xmlns="http://www.topografix.com/GPX/1/1" xmlns:xsi="http://www.w3.org/2001/XMLSchema-instance" xsi:schemaLocation="http://www.topografix.com/GPX/1/1 http://www.topografix.com/GPX/1/1/gpx.xsd" version="1.1" creator="gpx.py -- https://github.com/tkrajina/gpxpy">
  <trk>
    <name>monte-bigorio</name>
    <trkseg>
      <trkpt lat="46.1030641302196" lon="8.934852553198736">
      <ele>436.8</ele></trkpt>
    <trkpt lat="46.10310251095255" lon="8.93498896189589">
      <ele>437.5</ele></trkpt>
      <trkpt lat="46.103103044268984" lon="8.935065417761848">
      <ele>438.2</ele></trkpt>
      <trkpt lat="46.10310408835544" lon="8.935148807442893">
      <ele>439.0</ele></trkpt>
      <trkpt lat="46.10310318862719" lon="8.935255283154332">
      <ele>439.7</ele></trkpt>
      <trkpt lat="46.103105343934466" lon="8.935306445362711">
      <ele>440.5</ele></trkpt>
      <trkpt lat="46.10312018439604" lon="8.93535223848674">
      <ele>441.2</ele></trkpt>
      <trkpt lat="46.103158017777524" lon="8.935403732361333">
      <ele>442.0</ele></trkpt>
      <trkpt lat="46.103220315037625" lon="8.935482968560946">
      <ele>442.8</ele></trkpt>
      <trkpt lat="46.10328122091767" lon="8.93553755287914">
      <ele>443.6</ele></trkpt>
      <trkpt lat="46.10332202731672" lon="8.935559586689706">
      <ele>444.3</ele></trkpt>
      <trkpt lat="46.10338687309048" lon="8.935574907272713">
      <ele>445.1</ele></trkpt>
      <trkpt lat="46.10344504688791" lon="8.935577731453728">
      <ele>445.9</ele></trkpt>
      <trkpt lat="46.10346205518916" lon="8.935585583398781">
      <ele>446.7</ele></trkpt>
      <trkpt lat="46.10347278137549" lon="8.935616648291884">
      <ele>447.4</ele></trkpt>
      <trkpt lat="46.103507180987435" lon="8.935862464256068">
      <ele>448.2</ele></trkpt>
      <trkpt lat="46.10351534217065" lon="8.93589223011024">
      <ele>449.0</ele></trkpt>
      <trkpt lat="46.10356697090484" lon="8.935936717667794">
      <ele>449.8</ele></trkpt>
      <trkpt lat="46.10362971599798" lon="8.935981510261332">
      <ele>450.6</ele></trkpt>
      <trkpt lat="46.10368506533786" lon="8.93600394350522">
      <ele>451.3</ele></trkpt>
      <trkpt lat="46.103716462244265" lon="8.936024503864454">
      <ele>452.1</ele></trkpt>
      <trkpt lat="46.103744261968785" lon="8.936058494920102">
      <ele>452.9</ele></trkpt>
      <trkpt lat="46.10376339255937" lon="8.93609963370636">
      <ele>453.6</ele></trkpt>
      <trkpt lat="46.10378654588312" lon="8.936156960330315">
      <ele>454.4</ele></trkpt>
      <trkpt lat="46.103710184259846" lon="8.936246660491065">
      <ele>455.2</ele></trkpt>
      <trkpt lat="46.10365106789263" lon="8.936316190368144">
      <ele>455.7</ele></trkpt>
      <trkpt lat="46.10362222030946" lon="8.936359776572873">
      <ele>456.3</ele></trkpt>
      <trkpt lat="46.103606564905945" lon="8.936389626295023">
      <ele>456.8</ele></trkpt>
      <trkpt lat="46.10360028474233" lon="8.936432331313158">
      <ele>457.4</ele></trkpt>
      <trkpt lat="46.10359425079187" lon="8.936509344952501">
      <ele>457.9</ele></trkpt>
      <trkpt lat="46.103637659617725" lon="8.936541358753168">
      <ele>458.5</ele></trkpt>
      <trkpt lat="46.10368969452989" lon="8.936620962044321">
      <ele>459.0</ele></trkpt>
      <trkpt lat="46.10374831658671" lon="8.936719436456457">
      <ele>459.6</ele></trkpt>
      <trkpt lat="46.10372735272143" lon="8.936739129241117">
      <ele>460.1</ele></trkpt>
      <trkpt lat="46.10371534067937" lon="8.936762909219283">
      <ele>460.6</ele></trkpt>
      <trkpt lat="46.10370670940827" lon="8.936782785260583">
      <ele>461.2</ele></trkpt>
      <trkpt lat="46.103688011523964" lon="8.93679783209342">
      <ele>461.7</ele></trkpt>
      <trkpt lat="46.10365820348531" lon="8.93680533072511">
      <ele>462.3</ele></trkpt>
      <trkpt lat="46.10363639536512" lon="8.936822879037557">
      <ele>462.8</ele></trkpt>
      <trkpt lat="46.10362853759638" lon="8.936846837658551">
      <ele>463.4</ele></trkpt>
      <trkpt lat="46.103622209415214" lon="8.936933789737342">
      <ele>463.9</ele></trkpt>
      <trkpt lat="46.10363040294472" lon="8.936961099182922">
      <ele>464.5</ele></trkpt>
      <trkpt lat="46.10365833324861" lon="8.936985238272923">
      <ele>465.0</ele></trkpt>
      <trkpt lat="46.10378358541205" lon="8.937066942570667">
      <ele>465.6</ele></trkpt>
      <trkpt lat="46.10381193251232" lon="8.937085440895101">
      <ele>466.1</ele></trkpt>
      <trkpt lat="46.1038771699027" lon="8.937155253924647">
      <ele>466.9</ele></trkpt>
      <trkpt lat="46.103954489181845" lon="8.937275273997825">
      <ele>467.7</ele></trkpt>
      <trkpt lat="46.10406496015443" lon="8.93738532684347">
      <ele>468.6</ele></trkpt>
      <trkpt lat="46.10425440719129" lon="8.937582088780466">
      <ele>469.4</ele></trkpt>
      <trkpt lat="46.10428088076722" lon="8.937606835188104">
      <ele>470.2</ele></trkpt>
      <trkpt lat="46.10433356100178" lon="8.937654070138779">
      <ele>471.0</ele></trkpt>
      <trkpt lat="46.104400650348765" lon="8.937697561870234">
      <ele>471.8</ele></trkpt>
      <trkpt lat="46.10441365680608" lon="8.93769984633305">
      <ele>472.7</ele></trkpt>
      <trkpt lat="46.10440503710616" lon="8.93771748512746">
      <ele>473.5</ele></trkpt>
      <trkpt lat="46.104395005141406" lon="8.937734425466811">
      <ele>474.3</ele></trkpt>
      <trkpt lat="46.10439516958213" lon="8.93774574770156">
      <ele>475.1</ele></trkpt>
      <trkpt lat="46.10441357945341" lon="8.937776080385104">
      <ele>475.9</ele></trkpt>
      <trkpt lat="46.10443871122756" lon="8.93781919596444">
      <ele>476.8</ele></trkpt>
      <trkpt lat="46.10447654035169" lon="8.937880406559033">
      <ele>477.6</ele></trkpt>
      <trkpt lat="46.10452757004066" lon="8.937948925709428">
      <ele>478.4</ele></trkpt>
      <trkpt lat="46.10456364019214" lon="8.937992872255439">
      <ele>479.2</ele></trkpt>
      <trkpt lat="46.104580965468735" lon="8.938028310351665">
      <ele>480.0</ele></trkpt>
      <trkpt lat="46.10459088096561" lon="8.938062781773665">
      <ele>480.9</ele></trkpt>
      <trkpt lat="46.104593500838675" lon="8.938124926810461">
      <ele>481.7</ele></trkpt>
      <trkpt lat="46.104596170800306" lon="8.938188715922413">
      <ele>482.5</ele></trkpt>
      <trkpt lat="46.10460832496835" lon="8.938311967225005">
      <ele>483.6</ele></trkpt>
      <trkpt lat="46.10462708400855" lon="8.938404680419264">
      <ele>484.6</ele></trkpt>
      <trkpt lat="46.10464751361339" lon="8.938476627818254">
      <ele>485.7</ele></trkpt>
      <trkpt lat="46.1046838340794" lon="8.938545041033786">
      <ele>486.7</ele></trkpt>
      <trkpt lat="46.10473064110396" lon="8.93861984766747">
      <ele>487.8</ele></trkpt>
      <trkpt lat="46.1047601805531" lon="8.938654211875914">
      <ele>488.9</ele></trkpt>
      <trkpt lat="46.10477810996221" lon="8.938683445362193">
      <ele>489.9</ele></trkpt>
      <trkpt lat="46.10482341783815" lon="8.938768817448146">
      <ele>491.0</ele></trkpt>
      <trkpt lat="46.10485930696388" lon="8.938841914505367">
      <ele>492.0</ele></trkpt>
      <trkpt lat="46.10488878391957" lon="8.938889768045154">
      <ele>493.1</ele></trkpt>
      <trkpt lat="46.10494101879216" lon="8.938966393035125">
      <ele>494.2</ele></trkpt>
      <trkpt lat="46.10497987095851" lon="8.93902437358944">
      <ele>495.2</ele></trkpt>
      <trkpt lat="46.10501330818892" lon="8.939087663806562">
      <ele>496.3</ele></trkpt>
      <trkpt lat="46.10502271020504" lon="8.939115395548843">
      <ele>497.3</ele></trkpt>
      <trkpt lat="46.104993904861885" lon="8.939139489992128">
      <ele>498.4</ele></trkpt>
      <trkpt lat="46.10496790521916" lon="8.939142720304439">
      <ele>499.5</ele></trkpt>
      <trkpt lat="46.104950690316876" lon="8.939139595436188">
      <ele>500.5</ele></trkpt>
      <trkpt lat="46.104929050229345" lon="8.939135689248298">
      <ele>501.6</ele></trkpt>
      <trkpt lat="46.104880301859694" lon="8.93911013542562">
      <ele>502.6</ele></trkpt>
      <trkpt lat="46.104839106513495" lon="8.939079511948094">
      <ele>503.7</ele></trkpt>
      <trkpt lat="46.10480246329518" lon="8.939074624231749">
      <ele>504.8</ele></trkpt>
      <trkpt lat="46.10478756106952" lon="8.939083643916444">
      <ele>505.9</ele></trkpt>
      <trkpt lat="46.10477937782495" lon="8.93910295024957">
      <ele>507.1</ele></trkpt>
      <trkpt lat="46.104783818595074" lon="8.939133675666639">
      <ele>508.2</ele></trkpt>
      <trkpt lat="46.10481018034445" lon="8.939193860910226">
      <ele>509.3</ele></trkpt>
      <trkpt lat="46.10484184734643" lon="8.939279298219022">
      <ele>510.4</ele></trkpt>
      <trkpt lat="46.1048578258366" lon="8.939330053315109">
      <ele>511.6</ele></trkpt>
      <trkpt lat="46.10487878221507" lon="8.939383325288341">
      <ele>512.7</ele></trkpt>
      <trkpt lat="46.10491982731066" lon="8.939429970937836">
      <ele>513.8</ele></trkpt>
      <trkpt lat="46.10497947057093" lon="8.939455565950993">
      <ele>515.0</ele></trkpt>
      <trkpt lat="46.105002377337456" lon="8.939487342540527">
      <ele>516.1</ele></trkpt>
      <trkpt lat="46.105023292650976" lon="8.93954301944035">
      <ele>517.2</ele></trkpt>
      <trkpt lat="46.105064233036686" lon="8.939596854148911">
      <ele>518.3</ele></trkpt>
      <trkpt lat="46.10512350298451" lon="8.939651180080794">
      <ele>519.5</ele></trkpt>
      <trkpt lat="46.1051446188404" lon="8.939694484158677">
      <ele>520.6</ele></trkpt>
      <trkpt lat="46.10515599179598" lon="8.939725542765682">
      <ele>521.7</ele></trkpt>
      <trkpt lat="46.105165171484835" lon="8.939754419770361">
      <ele>522.8</ele></trkpt>
      <trkpt lat="46.10519145537216" lon="8.939794063250575">
      <ele>524.0</ele></trkpt>
      <trkpt lat="46.10521230639796" lon="8.93983022018139">
      <ele>525.1</ele></trkpt>
      <trkpt lat="46.10522555197963" lon="8.939872001521339">
      <ele>526.2</ele></trkpt>
      <trkpt lat="46.105224787134524" lon="8.939929475396314">
      <ele>527.0</ele></trkpt>
      <trkpt lat="46.105235998807814" lon="8.939998337911936">
      <ele>527.8</ele></trkpt>
      <trkpt lat="46.10524880419368" lon="8.940066429408612">
      <ele>528.6</ele></trkpt>
      <trkpt lat="46.10525869542565" lon="8.940109437904864">
      <ele>529.4</ele></trkpt>
      <trkpt lat="46.10528094317459" lon="8.940156239924136">
      <ele>530.2</ele></trkpt>
      <trkpt lat="46.105307763408064" lon="8.940195458659343">
      <ele>531.1</ele></trkpt>
      <trkpt lat="46.105332825735935" lon="8.940230205381086">
      <ele>531.9</ele></trkpt>
      <trkpt lat="46.10534739119223" lon="8.940269475077665">
      <ele>532.7</ele></trkpt>
      <trkpt lat="46.105355062064284" lon="8.940301518590259">
      <ele>533.5</ele></trkpt>
      <trkpt lat="46.1053649500974" lon="8.940395451328364">
      <ele>534.3</ele></trkpt>
      <trkpt lat="46.10536801256673" lon="8.940458721961004">
      <ele>535.1</ele></trkpt>
      <trkpt lat="46.105368471100775" lon="8.940513487476784">
      <ele>535.9</ele></trkpt>
      <trkpt lat="46.10536776514671" lon="8.94056651355994">
      <ele>536.7</ele></trkpt>
      <trkpt lat="46.10535884467893" lon="8.940610763705719">
      <ele>537.5</ele></trkpt>
      <trkpt lat="46.105336974871854" lon="8.94064438727588">
      <ele>538.4</ele></trkpt>
      <trkpt lat="46.10531393177332" lon="8.940676258207416">
      <ele>539.2</ele></trkpt>
      <trkpt lat="46.10527874816366" lon="8.94072662800381">
      <ele>540.0</ele></trkpt>
      <trkpt lat="46.10525799715636" lon="8.940765417365022">
      <ele>540.8</ele></trkpt>
      <trkpt lat="46.105241958414446" lon="8.940807751160536">
      <ele>541.6</ele></trkpt>
      <trkpt lat="46.10523631242401" lon="8.940874326114926">
      <ele>542.4</ele></trkpt>
      <trkpt lat="46.10523441012196" lon="8.940927319140732">
      <ele>543.5</ele></trkpt>
      <trkpt lat="46.10525499053674" lon="8.940991201195219">
      <ele>544.6</ele></trkpt>
      <trkpt lat="46.10527679473929" lon="8.94105168927571">
      <ele>545.7</ele></trkpt>
      <trkpt lat="46.10529471825282" lon="8.941136038686743">
      <ele>546.7</ele></trkpt>
      <trkpt lat="46.10531048635842" lon="8.94120320319171">
      <ele>547.8</ele></trkpt>
      <trkpt lat="46.10533226771367" lon="8.941265398181796">
      <ele>548.9</ele></trkpt>
      <trkpt lat="46.10536227228919" lon="8.94133638244229">
      <ele>550.0</ele></trkpt>
      <trkpt lat="46.10539961388679" lon="8.941392176399795">
      <ele>551.1</ele></trkpt>
      <trkpt lat="46.10543085121276" lon="8.94145976704268">
      <ele>552.2</ele></trkpt>
      <trkpt lat="46.105475641344796" lon="8.941582496899876">
      <ele>553.2</ele></trkpt>
      <trkpt lat="46.10550554559651" lon="8.941660321278484">
      <ele>554.3</ele></trkpt>
      <trkpt lat="46.1055262167313" lon="8.941717363918983">
      <ele>555.4</ele></trkpt>
      <trkpt lat="46.10554934452215" lon="8.941767618804647">
      <ele>556.5</ele></trkpt>
      <trkpt lat="46.10556674139117" lon="8.94180232345789">
      <ele>557.6</ele></trkpt>
      <trkpt lat="46.10558177762939" lon="8.941835255721882">
      <ele>558.7</ele></trkpt>
      <trkpt lat="46.105583924228796" lon="8.941852414685693">
      <ele>559.8</ele></trkpt>
      <trkpt lat="46.10557781959764" lon="8.941864237141202">
      <ele>560.8</ele></trkpt>
      <trkpt lat="46.10556123144235" lon="8.941858645152198">
      <ele>561.9</ele></trkpt>
      <trkpt lat="46.10553907685952" lon="8.941823809452707">
      <ele>563.0</ele></trkpt>
      <trkpt lat="46.10546590220753" lon="8.941777298449653">
      <ele>564.1</ele></trkpt>
      <trkpt lat="46.10539828482208" lon="8.941760043879883">
      <ele>565.2</ele></trkpt>
      <trkpt lat="46.105324608814" lon="8.94175115944991">
      <ele>566.2</ele></trkpt>
      <trkpt lat="46.1052791916904" lon="8.94176531398705">
      <ele>567.3</ele></trkpt>
      <trkpt lat="46.10524114358921" lon="8.941762558771272">
      <ele>568.4</ele></trkpt>
      <trkpt lat="46.10521638668355" lon="8.941744764314393">
      <ele>569.4</ele></trkpt>
      <trkpt lat="46.10517183577474" lon="8.94169390685577">
      <ele>570.5</ele></trkpt>
      <trkpt lat="46.10510012164501" lon="8.941626909170289">
      <ele>571.6</ele></trkpt>
      <trkpt lat="46.105049935626155" lon="8.941551954616406">
      <ele>572.6</ele></trkpt>
      <trkpt lat="46.10499152156525" lon="8.941469918264994">
      <ele>573.7</ele></trkpt>
      <trkpt lat="46.10493289331331" lon="8.941403281389917">
      <ele>574.8</ele></trkpt>
      <trkpt lat="46.10489678437715" lon="8.941344107088364">
      <ele>575.8</ele></trkpt>
      <trkpt lat="46.1048519573436" lon="8.941224805404186">
      <ele>576.9</ele></trkpt>
      <trkpt lat="46.104811958824776" lon="8.941189479198322">
      <ele>577.9</ele></trkpt>
      <trkpt lat="46.10477913785944" lon="8.94115093588524">
      <ele>579.0</ele></trkpt>
      <trkpt lat="46.104768549215834" lon="8.941142081672734">
      <ele>580.1</ele></trkpt>
      <trkpt lat="46.10470282531094" lon="8.941071822434473">
      <ele>581.1</ele></trkpt>
      <trkpt lat="46.104654771743554" lon="8.94101574749577">
      <ele>582.2</ele></trkpt>
      <trkpt lat="46.10462090924868" lon="8.940966905661039">
      <ele>583.3</ele></trkpt>
      <trkpt lat="46.104572445654235" lon="8.940941616865823">
      <ele>584.3</ele></trkpt>
      <trkpt lat="46.104507371125386" lon="8.940912443261277">
      <ele>585.4</ele></trkpt>
      <trkpt lat="46.10446050466414" lon="8.940856401338316">
      <ele>586.2</ele></trkpt>
      <trkpt lat="46.10442744206556" lon="8.940836671600245">
      <ele>586.9</ele></trkpt>
      <trkpt lat="46.104388161306005" lon="8.940837297870793">
      <ele>587.7</ele></trkpt>
      <trkpt lat="46.10435108648605" lon="8.940849962231022">
      <ele>588.5</ele></trkpt>
      <trkpt lat="46.104295126269264" lon="8.940851849725256">
      <ele>589.2</ele></trkpt>
      <trkpt lat="46.104268899799386" lon="8.940854542623898">
      <ele>590.0</ele></trkpt>
      <trkpt lat="46.1042398431996" lon="8.940891395269647">
      <ele>590.8</ele></trkpt>
      <trkpt lat="46.10422975832196" lon="8.940933892112554">
      <ele>591.6</ele></trkpt>
      <trkpt lat="46.10422914326041" lon="8.940980077236805">
      <ele>592.3</ele></trkpt>
      <trkpt lat="46.104243952092325" lon="8.941030101621275">
      <ele>593.1</ele></trkpt>
      <trkpt lat="46.10427557674682" lon="8.941068624486427">
      <ele>593.9</ele></trkpt>
      <trkpt lat="46.104312941376705" lon="8.94112269748657">
      <ele>594.6</ele></trkpt>
      <trkpt lat="46.10434174986099" lon="8.941193647412005">
      <ele>595.4</ele></trkpt>
      <trkpt lat="46.10436500071522" lon="8.941235354635456">
      <ele>596.2</ele></trkpt>
      <trkpt lat="46.1044013832034" lon="8.941273995756221">
      <ele>596.9</ele></trkpt>
      <trkpt lat="46.10443410384925" lon="8.941319391429355">
      <ele>597.7</ele></trkpt>
      <trkpt lat="46.10445737739237" lon="8.941359392040972">
      <ele>598.5</ele></trkpt>
      <trkpt lat="46.10447332759658" lon="8.941412875826792">
      <ele>599.3</ele></trkpt>
      <trkpt lat="46.10446697256886" lon="8.941443498050441">
      <ele>600.0</ele></trkpt>
      <trkpt lat="46.104446791111464" lon="8.941439514731105">
      <ele>600.8</ele></trkpt>
      <trkpt lat="46.10440676975345" lon="8.941405908295106">
      <ele>601.8</ele></trkpt>
      <trkpt lat="46.10436121373513" lon="8.941341339459832">
      <ele>602.7</ele></trkpt>
      <trkpt lat="46.10432480853589" lon="8.941304405054641">
      <ele>603.7</ele></trkpt>
      <trkpt lat="46.10426670672034" lon="8.94128740046823">
      <ele>604.6</ele></trkpt>
      <trkpt lat="46.104227334678086" lon="8.941294879187673">
      <ele>605.6</ele></trkpt>
      <trkpt lat="46.104194935422505" lon="8.941314514271857">
      <ele>606.5</ele></trkpt>
      <trkpt lat="46.10415305717717" lon="8.941330473660864">
      <ele>607.5</ele></trkpt>
      <trkpt lat="46.104130296218386" lon="8.9413418243597">
      <ele>608.4</ele></trkpt>
      <trkpt lat="46.10410794771431" lon="8.941411365685994">
      <ele>609.4</ele></trkpt>
      <trkpt lat="46.104090448018205" lon="8.941474198125535">
      <ele>610.3</ele></trkpt>
      <trkpt lat="46.104082577781924" lon="8.9415287330501">
      <ele>611.3</ele></trkpt>
      <trkpt lat="46.10407718200767" lon="8.94157649376026">
      <ele>612.3</ele></trkpt>
      <trkpt lat="46.104057321596756" lon="8.941637553758015">
      <ele>613.2</ele></trkpt>
      <trkpt lat="46.10401609252111" lon="8.941694597636948">
      <ele>614.2</ele></trkpt>
      <trkpt lat="46.103988200091045" lon="8.941733189078416">
      <ele>615.1</ele></trkpt>
      <trkpt lat="46.10397189656615" lon="8.941796041288885">
      <ele>616.1</ele></trkpt>
      <trkpt lat="46.103978116907214" lon="8.941864661694668">
      <ele>617.0</ele></trkpt>
      <trkpt lat="46.10398148417875" lon="8.941969135438756">
      <ele>618.0</ele></trkpt>
      <trkpt lat="46.10397133230841" lon="8.942105741086017">
      <ele>618.9</ele></trkpt>
      <trkpt lat="46.10396679039605" lon="8.942179200045151">
      <ele>619.9</ele></trkpt>
      <trkpt lat="46.10397095547509" lon="8.942223796344443">
      <ele>620.9</ele></trkpt>
      <trkpt lat="46.10398006042888" lon="8.942254857021549">
      <ele>621.9</ele></trkpt>
      <trkpt lat="46.10400806861967" lon="8.942296695488936">
      <ele>623.0</ele></trkpt>
      <trkpt lat="46.1040421902963" lon="8.942326725108273">
      <ele>624.0</ele></trkpt>
      <trkpt lat="46.104057057960546" lon="8.942371616338908">
      <ele>625.0</ele></trkpt>
      <trkpt lat="46.1040717975765" lon="8.94242678697217">
      <ele>626.0</ele></trkpt>
      <trkpt lat="46.10409257343205" lon="8.942475268674077">
      <ele>627.0</ele></trkpt>
      <trkpt lat="46.1041276086968" lon="8.942525850653702">
      <ele>628.1</ele></trkpt>
      <trkpt lat="46.10417197685185" lon="8.942590387488274">
      <ele>629.1</ele></trkpt>
      <trkpt lat="46.10419021864259" lon="8.942650776865166">
      <ele>630.1</ele></trkpt>
      <trkpt lat="46.10422156916109" lon="8.942709820157312">
      <ele>631.1</ele></trkpt>
      <trkpt lat="46.10423257842606" lon="8.942776865611597">
      <ele>632.1</ele></trkpt>
      <trkpt lat="46.10423751995588" lon="8.942852280652794">
      <ele>633.2</ele></trkpt>
      <trkpt lat="46.10425596677803" lon="8.942897283768337">
      <ele>634.2</ele></trkpt>
      <trkpt lat="46.10427692484879" lon="8.942932086115658">
      <ele>635.2</ele></trkpt>
      <trkpt lat="46.10430237599922" lon="8.942987539421273">
      <ele>636.2</ele></trkpt>
      <trkpt lat="46.104319603829374" lon="8.943034216397622">
      <ele>637.2</ele></trkpt>
      <trkpt lat="46.10434436052925" lon="8.943052011146031">
      <ele>638.3</ele></trkpt>
      <trkpt lat="46.1043825225714" lon="8.943046220620166">
      <ele>639.3</ele></trkpt>
      <trkpt lat="46.1044396790027" lon="8.943044368344182">
      <ele>640.3</ele></trkpt>
      <trkpt lat="46.10445153212885" lon="8.943048122706962">
      <ele>641.3</ele></trkpt>
      <trkpt lat="46.10447619761041" lon="8.943072757378221">
      <ele>642.2</ele></trkpt>
      <trkpt lat="46.10448674957345" lon="8.943085025638045">
      <ele>643.2</ele></trkpt>
      <trkpt lat="46.10449172265349" lon="8.943158734569757">
      <ele>644.2</ele></trkpt>
      <trkpt lat="46.10448611180877" lon="8.943221894642438">
      <ele>645.1</ele></trkpt>
      <trkpt lat="46.104466967594306" lon="8.943318906496513">
      <ele>646.1</ele></trkpt>
      <trkpt lat="46.10446141135762" lon="8.943378640371417">
      <ele>647.1</ele></trkpt>
      <trkpt lat="46.1044632836664" lon="8.943416344516214">
      <ele>648.0</ele></trkpt>
      <trkpt lat="46.10448282637957" lon="8.943468207683237">
      <ele>649.0</ele></trkpt>
      <trkpt lat="46.104516628308346" lon="8.943522184333652">
      <ele>650.0</ele></trkpt>
      <trkpt lat="46.104564628832804" lon="8.943580795087946">
      <ele>650.9</ele></trkpt>
      <trkpt lat="46.10460658919075" lon="8.943626822178366">
      <ele>651.9</ele></trkpt>
      <trkpt lat="46.104622736571955" lon="8.943701188693522">
      <ele>652.8</ele></trkpt>
      <trkpt lat="46.10469472884799" lon="8.943764781479883">
      <ele>653.8</ele></trkpt>
      <trkpt lat="46.104782786213974" lon="8.943908895853504">
      <ele>654.8</ele></trkpt>
      <trkpt lat="46.10481528605621" lon="8.944042230070464">
      <ele>655.7</ele></trkpt>
      <trkpt lat="46.10483583742146" lon="8.94410748312695">
      <ele>656.7</ele></trkpt>
      <trkpt lat="46.104924067800525" lon="8.94423927646104">
      <ele>657.7</ele></trkpt>
      <trkpt lat="46.10498287903187" lon="8.944327134362508">
      <ele>658.6</ele></trkpt>
      <trkpt lat="46.10503308683552" lon="8.9444178464981">
      <ele>659.6</ele></trkpt>
      <trkpt lat="46.10505322703336" lon="8.944513886165929">
      <ele>660.6</ele></trkpt>
      <trkpt lat="46.105158713400186" lon="8.944636921427133">
      <ele>661.7</ele></trkpt>
      <trkpt lat="46.1052596218155" lon="8.944781393088109">
      <ele>662.7</ele></trkpt>
      <trkpt lat="46.1053265514134" lon="8.944903365281228">
      <ele>663.7</ele></trkpt>
      <trkpt lat="46.10535760845906" lon="8.944984301620856">
      <ele>664.8</ele></trkpt>
      <trkpt lat="46.105384457584066" lon="8.945058964954068">
      <ele>665.8</ele></trkpt>
      <trkpt lat="46.105441095550056" lon="8.94514984299598">
      <ele>666.8</ele></trkpt>
      <trkpt lat="46.10549978260787" lon="8.945246947699415">
      <ele>667.9</ele></trkpt>
      <trkpt lat="46.10553643844644" lon="8.945389647640695">
      <ele>668.9</ele></trkpt>
      <trkpt lat="46.105576230663715" lon="8.945458511770203">
      <ele>670.0</ele></trkpt>
      <trkpt lat="46.105624050392436" lon="8.945567630990876">
      <ele>671.0</ele></trkpt>
      <trkpt lat="46.10565317197972" lon="8.94563312224313">
      <ele>672.0</ele></trkpt>
      <trkpt lat="46.10569509558225" lon="8.945702045553489">
      <ele>673.1</ele></trkpt>
      <trkpt lat="46.105713587858844" lon="8.945761073521389">
      <ele>674.1</ele></trkpt>
      <trkpt lat="46.10578310936623" lon="8.94584924306411">
      <ele>675.1</ele></trkpt>
      <trkpt lat="46.10582722364746" lon="8.945915135765432">
      <ele>676.2</ele></trkpt>
      <trkpt lat="46.105854328033374" lon="8.945971323285589">
      <ele>677.2</ele></trkpt>
      <trkpt lat="46.105866471660235" lon="8.94602403210131">
      <ele>678.2</ele></trkpt>
      <trkpt lat="46.1058764839019" lon="8.946076669139508">
      <ele>679.3</ele></trkpt>
      <trkpt lat="46.10587911919059" lon="8.94619994695929">
      <ele>680.3</ele></trkpt>
      <trkpt lat="46.10587315110885" lon="8.946326065647904">
      <ele>681.5</ele></trkpt>
      <trkpt lat="46.105878790903446" lon="8.946384738983141">
      <ele>682.7</ele></trkpt>
      <trkpt lat="46.10590375452851" lon="8.946440867655832">
      <ele>683.8</ele></trkpt>
      <trkpt lat="46.10593946171989" lon="8.946494227612602">
      <ele>685.0</ele></trkpt>
      <trkpt lat="46.106000791102" lon="8.946554439619682">
      <ele>686.2</ele></trkpt>
      <trkpt lat="46.10606458123987" lon="8.946590078657689">
      <ele>687.4</ele></trkpt>
      <trkpt lat="46.106089956295875" lon="8.946615420838246">
      <ele>688.6</ele></trkpt>
      <trkpt lat="46.1061063896695" lon="8.946668248558499">
      <ele>689.7</ele></trkpt>
      <trkpt lat="46.10614654270657" lon="8.94670939174038">
      <ele>690.9</ele></trkpt>
      <trkpt lat="46.106178215726835" lon="8.946744156549729">
      <ele>692.1</ele></trkpt>
      <trkpt lat="46.10620112092795" lon="8.946794071765266">
      <ele>693.3</ele></trkpt>
      <trkpt lat="46.10621743096492" lon="8.946856118891908">
      <ele>694.5</ele></trkpt>
      <trkpt lat="46.10624337314214" lon="8.94699852576151">
      <ele>695.6</ele></trkpt>
      <trkpt lat="46.106227063054476" lon="8.947096639692196">
      <ele>696.8</ele></trkpt>
      <trkpt lat="46.10623238206417" lon="8.947179945804542">
      <ele>698.0</ele></trkpt>
      <trkpt lat="46.10625284931078" lon="8.947251356523042">
      <ele>699.2</ele></trkpt>
      <trkpt lat="46.10628196992196" lon="8.94731684942799">
      <ele>700.4</ele></trkpt>
      <trkpt lat="46.10630091353667" lon="8.947502175635872">
      <ele>701.5</ele></trkpt>
      <trkpt lat="46.106294037868714" lon="8.94769603664459">
      <ele>702.7</ele></trkpt>
      <trkpt lat="46.10633608242088" lon="8.947915891603095">
      <ele>703.9</ele></trkpt>
      <trkpt lat="46.10635980937777" lon="8.948064395132883">
      <ele>705.9</ele></trkpt>
      <trkpt lat="46.10636244249374" lon="8.948187674137053">
      <ele>707.9</ele></trkpt>
      <trkpt lat="46.10638880397598" lon="8.948299295332001">
      <ele>709.9</ele></trkpt>
      <trkpt lat="46.106408982227876" lon="8.948392248483271">
      <ele>711.8</ele></trkpt>
      <trkpt lat="46.10643596165084" lon="8.948457682970428">
      <ele>713.8</ele></trkpt>
      <trkpt lat="46.10644592257603" lon="8.948513398157498">
      <ele>715.8</ele></trkpt>
      <trkpt lat="46.10643624769086" lon="8.948596302890483">
      <ele>717.8</ele></trkpt>
      <trkpt lat="46.106396584792165" lon="8.948838539611266">
      <ele>719.8</ele></trkpt>
      <trkpt lat="46.10636556605463" lon="8.949074845202723">
      <ele>721.8</ele></trkpt>
      <trkpt lat="46.10637923950668" lon="8.949173788604979">
      <ele>723.8</ele></trkpt>
      <trkpt lat="46.10637590329744" lon="8.949263025649858">
      <ele>725.7</ele></trkpt>
      <trkpt lat="46.106350525438906" lon="8.949397843591203">
      <ele>727.7</ele></trkpt>
      <trkpt lat="46.106321040222234" lon="8.949520233563424">
      <ele>729.7</ele></trkpt>
      <trkpt lat="46.10631567787116" lon="8.949600178798807">
      <ele>731.7</ele></trkpt>
      <trkpt lat="46.10631819464072" lon="8.949732690208517">
      <ele>733.7</ele></trkpt>
      <trkpt lat="46.10630636934044" lon="8.949815535013936">
      <ele>735.7</ele></trkpt>
      <trkpt lat="46.10629928784149" lon="8.94986462137848">
      <ele>737.6</ele></trkpt>
      <trkpt lat="46.10631711796978" lon="8.949972915586265">
      <ele>739.6</ele></trkpt>
      <trkpt lat="46.10632456638626" lon="8.950056281139476">
      <ele>741.6</ele></trkpt>
      <trkpt lat="46.10631513792916" lon="8.950120708114433">
      <ele>743.6</ele></trkpt>
      <trkpt lat="46.10627110401355" lon="8.950208817892008">
      <ele>744.9</ele></trkpt>
      <trkpt lat="46.10624207186508" lon="8.950297330092086">
      <ele>746.2</ele></trkpt>
      <trkpt lat="46.10622592386194" lon="8.95038313347104">
      <ele>747.5</ele></trkpt>
      <trkpt lat="46.10622933854098" lon="8.950447903089382">
      <ele>748.7</ele></trkpt>
      <trkpt lat="46.10624955609095" lon="8.950537792299956">
      <ele>750.0</ele></trkpt>
      <trkpt lat="46.106279252553016" lon="8.950560177600838">
      <ele>751.3</ele></trkpt>
      <trkpt lat="46.10631965163495" lon="8.95058285940889">
      <ele>752.6</ele></trkpt>
      <trkpt lat="46.1063665225252" lon="8.950602641995136">
      <ele>753.9</ele></trkpt>
      <trkpt lat="46.10638089634468" lon="8.950649231225457">
      <ele>755.2</ele></trkpt>
      <trkpt lat="46.106397410496385" lon="8.950695892711625">
      <ele>756.5</ele></trkpt>
      <trkpt lat="46.106390039701154" lon="8.95076653376156">
      <ele>757.7</ele></trkpt>
      <trkpt lat="46.10638311379446" lon="8.95080331023636">
      <ele>759.0</ele></trkpt>
      <trkpt lat="46.1063989262548" lon="8.950902313410149">
      <ele>760.3</ele></trkpt>
      <trkpt lat="46.106369480661314" lon="8.951021625277562">
      <ele>761.6</ele></trkpt>
      <trkpt lat="46.106342331681354" lon="8.951128673573677">
      <ele>762.9</ele></trkpt>
      <trkpt lat="46.10634232559904" lon="8.951288835030011">
      <ele>764.2</ele></trkpt>
      <trkpt lat="46.10637827825681" lon="8.951323721272429">
      <ele>765.4</ele></trkpt>
      <trkpt lat="46.106403198159086" lon="8.95138293011391">
      <ele>766.7</ele></trkpt>
      <trkpt lat="46.10640887641686" lon="8.951438540068681">
      <ele>768.0</ele></trkpt>
      <trkpt lat="46.10640553858916" lon="8.95152776408984">
      <ele>769.3</ele></trkpt>
      <trkpt lat="46.10644095447547" lon="8.951602669667423">
      <ele>770.1</ele></trkpt>
      <trkpt lat="46.106452856824745" lon="8.951673844955154">
      <ele>771.0</ele></trkpt>
      <trkpt lat="46.106452154814754" lon="8.951726186634119">
      <ele>771.8</ele></trkpt>
      <trkpt lat="46.10643650139336" lon="8.951775035256752">
      <ele>772.7</ele></trkpt>
      <trkpt lat="46.106405896565235" lon="8.951820390786008">
      <ele>773.5</ele></trkpt>
      <trkpt lat="46.106370928112746" lon="8.951871782363078">
      <ele>774.4</ele></trkpt>
      <trkpt lat="46.10636409357275" lon="8.951902391211265">
      <ele>775.2</ele></trkpt>
      <trkpt lat="46.106363639142714" lon="8.951936268426717">
      <ele>776.1</ele></trkpt>
      <trkpt lat="46.10638270644892" lon="8.95195218980868">
      <ele>776.9</ele></trkpt>
      <trkpt lat="46.10644485890543" lon="8.951950834568962">
      <ele>777.8</ele></trkpt>
      <trkpt lat="46.106493870080335" lon="8.951970677727187">
      <ele>778.6</ele></trkpt>
      <trkpt lat="46.10653188048633" lon="8.952011778679044">
      <ele>779.4</ele></trkpt>
      <trkpt lat="46.10655259255441" lon="8.952064714228335">
      <ele>780.3</ele></trkpt>
      <trkpt lat="46.106568651801325" lon="8.952145240699576">
      <ele>781.1</ele></trkpt>
      <trkpt lat="46.106591513324666" lon="8.952198235944826">
      <ele>782.0</ele></trkpt>
      <trkpt lat="46.10659089364977" lon="8.952244422932734">
      <ele>782.8</ele></trkpt>
      <trkpt lat="46.10657334739463" lon="8.952274734791635">
      <ele>783.7</ele></trkpt>
      <trkpt lat="46.10657902521273" lon="8.952330345011877">
      <ele>784.5</ele></trkpt>
      <trkpt lat="46.10659562142807" lon="8.952370839427855">
      <ele>785.4</ele></trkpt>
      <trkpt lat="46.10661859773342" lon="8.952414602314622">
      <ele>786.2</ele></trkpt>
      <trkpt lat="46.10662873087831" lon="8.952458009015011">
      <ele>787.3</ele></trkpt>
      <trkpt lat="46.10661954000765" lon="8.952503958292537">
      <ele>788.5</ele></trkpt>
      <trkpt lat="46.10659104310601" lon="8.952552450596016">
      <ele>789.6</ele></trkpt>
      <trkpt lat="46.106597051524176" lon="8.952583415734338">
      <ele>790.8</ele></trkpt>
      <trkpt lat="46.10662641701266" lon="8.952630434502762">
      <ele>791.9</ele></trkpt>
      <trkpt lat="46.10663452463268" lon="8.952664536458844">
      <ele>793.0</ele></trkpt>
      <trkpt lat="46.106631433651785" lon="8.952735296310292">
      <ele>794.2</ele></trkpt>
      <trkpt lat="46.10666928755798" lon="8.952788707797632">
      <ele>795.3</ele></trkpt>
      <trkpt lat="46.10669193308347" lon="8.952857103159026">
      <ele>796.5</ele></trkpt>
      <trkpt lat="46.10670177673306" lon="8.952922064829249">
      <ele>797.6</ele></trkpt>
      <trkpt lat="46.106697156054466" lon="8.952946578043607">
      <ele>798.7</ele></trkpt>
      <trkpt lat="46.10663950034001" lon="8.952932651200014">
      <ele>799.9</ele></trkpt>
      <trkpt lat="46.10659032392996" lon="8.95292512968624">
      <ele>801.0</ele></trkpt>
      <trkpt lat="46.106528419479666" lon="8.952908006462508">
      <ele>802.2</ele></trkpt>
      <trkpt lat="46.10649016138845" lon="8.952885382233166">
      <ele>803.3</ele></trkpt>
      <trkpt lat="46.10646236689365" lon="8.952881532550656">
      <ele>804.4</ele></trkpt>
      <trkpt lat="46.106425785609844" lon="8.95289284474934">
      <ele>805.6</ele></trkpt>
      <trkpt lat="46.106438017786076" lon="8.952939388173078">
      <ele>806.7</ele></trkpt>
      <trkpt lat="46.10647141631492" lon="8.953004990184446">
      <ele>807.9</ele></trkpt>
      <trkpt lat="46.10650255017314" lon="8.953079778020372">
      <ele>809.0</ele></trkpt>
      <trkpt lat="46.10646766377309" lon="8.953125014078335">
      <ele>809.9</ele></trkpt>
      <trkpt lat="46.10648340918623" lon="8.953167205416626">
      <ele>810.7</ele></trkpt>
      <trkpt lat="46.106484498085294" lon="8.953203376236125">
      <ele>811.6</ele></trkpt>
      <trkpt lat="46.10647529433159" lon="8.953244901121487">
      <ele>812.4</ele></trkpt>
      <trkpt lat="46.10647157948861" lon="8.953287716605503">
      <ele>813.3</ele></trkpt>
      <trkpt lat="46.106471922553716" lon="8.953320464797589">
      <ele>814.2</ele></trkpt>
      <trkpt lat="46.1064706852375" lon="8.953354320351943">
      <ele>815.0</ele></trkpt>
      <trkpt lat="46.10645674746383" lon="8.953397964519121">
      <ele>815.9</ele></trkpt>
      <trkpt lat="46.106450021199954" lon="8.953430529435376">
      <ele>816.7</ele></trkpt>
      <trkpt lat="46.10645288099108" lon="8.953452068087008">
      <ele>817.6</ele></trkpt>
      <trkpt lat="46.10646904819253" lon="8.953476239725804">
      <ele>818.5</ele></trkpt>
      <trkpt lat="46.10648449369825" lon="8.953495864071039">
      <ele>819.3</ele></trkpt>
      <trkpt lat="46.106502859572984" lon="8.953532514441571">
      <ele>820.2</ele></trkpt>
      <trkpt lat="46.1065078849296" lon="8.953567656260251">
      <ele>821.0</ele></trkpt>
      <trkpt lat="46.106497944075244" lon="8.953605771654175">
      <ele>821.9</ele></trkpt>
      <trkpt lat="46.1064752416153" lon="8.953658227042286">
      <ele>822.8</ele></trkpt>
      <trkpt lat="46.106436905736814" lon="8.953705721141047">
      <ele>823.6</ele></trkpt>
      <trkpt lat="46.10640784984694" lon="8.953763639743844">
      <ele>824.5</ele></trkpt>
      <trkpt lat="46.10639480452865" lon="8.953817190919223">
      <ele>825.3</ele></trkpt>
      <trkpt lat="46.10639496814346" lon="8.95391151789779">
      <ele>826.2</ele></trkpt>
      <trkpt lat="46.10639949618168" lon="8.954053334240683">
      <ele>827.0</ele></trkpt>
      <trkpt lat="46.106409537022294" lon="8.954102895613609">
      <ele>827.9</ele></trkpt>
      <trkpt lat="46.106446769803185" lon="8.954202494673403">
      <ele>828.7</ele></trkpt>
      <trkpt lat="46.106483062792435" lon="8.954293685841902">
      <ele>829.5</ele></trkpt>
      <trkpt lat="46.10648761640487" lon="8.954343832251858">
      <ele>830.3</ele></trkpt>
      <trkpt lat="46.106488589857996" lon="8.95448164376769">
      <ele>831.2</ele></trkpt>
      <trkpt lat="46.10651468322149" lon="8.954571245457563">
      <ele>832.0</ele></trkpt>
      <trkpt lat="46.106528619109156" lon="8.95463892087226">
      <ele>832.8</ele></trkpt>
      <trkpt lat="46.10654871626286" lon="8.954683962893748">
      <ele>833.6</ele></trkpt>
      <trkpt lat="46.106599834174254" lon="8.954735803860737">
      <ele>834.5</ele></trkpt>
      <trkpt lat="46.10666143980581" lon="8.954807946901258">
      <ele>835.3</ele></trkpt>
      <trkpt lat="46.10670915079976" lon="8.954866924187478">
      <ele>836.1</ele></trkpt>
      <trkpt lat="46.10679286047764" lon="8.954977361724234">
      <ele>836.9</ele></trkpt>
      <trkpt lat="46.10684300708094" lon="8.955050583916666">
      <ele>837.8</ele></trkpt>
      <trkpt lat="46.1068664237928" lon="8.955085603282775">
      <ele>838.6</ele></trkpt>
      <trkpt lat="46.106880668265006" lon="8.955116914132745">
      <ele>839.4</ele></trkpt>
      <trkpt lat="46.10690055950489" lon="8.95518127606493">
      <ele>840.2</ele></trkpt>
      <trkpt lat="46.1069408866318" lon="8.95529557953524">
      <ele>841.1</ele></trkpt>
      <trkpt lat="46.10697261107973" lon="8.95537183451696">
      <ele>841.9</ele></trkpt>
      <trkpt lat="46.106999872111224" lon="8.95542071106643">
      <ele>842.7</ele></trkpt>
      <trkpt lat="46.10703072249478" lon="8.955454902472152">
      <ele>843.4</ele></trkpt>
      <trkpt lat="46.10705174070214" lon="8.955496995715983">
      <ele>844.0</ele></trkpt>
      <trkpt lat="46.10708223179314" lon="8.955586009631494">
      <ele>844.7</ele></trkpt>
      <trkpt lat="46.10711666298422" lon="8.955691793747238">
      <ele>845.3</ele></trkpt>
      <trkpt lat="46.10715219189114" lon="8.955813622343511">
      <ele>846.0</ele></trkpt>
      <trkpt lat="46.107171948584586" lon="8.955926759938407">
      <ele>846.7</ele></trkpt>
      <trkpt lat="46.10720329368479" lon="8.956109449291077">
      <ele>847.3</ele></trkpt>
      <trkpt lat="46.10721417232989" lon="8.956215717393299">
      <ele>848.0</ele></trkpt>
      <trkpt lat="46.107228107736624" lon="8.956348898275223">
      <ele>848.6</ele></trkpt>
      <trkpt lat="46.10722733409118" lon="8.956380322383325">
      <ele>849.3</ele></trkpt>
      <trkpt lat="46.10720332375482" lon="8.956413532123602">
      <ele>850.0</ele></trkpt>
      <trkpt lat="46.107140756859" lon="8.956445682516858">
      <ele>850.6</ele></trkpt>
      <trkpt lat="46.10708713402248" lon="8.956450348443816">
      <ele>851.3</ele></trkpt>
      <trkpt lat="46.10705064435482" lon="8.95645549083481">
      <ele>851.9</ele></trkpt>
      <trkpt lat="46.10702679062221" lon="8.956476390465939">
      <ele>852.6</ele></trkpt>
      <trkpt lat="46.10702807010001" lon="8.956541115059398">
      <ele>853.3</ele></trkpt>
      <trkpt lat="46.10698538455742" lon="8.956687777305806">
      <ele>853.9</ele></trkpt>
      <trkpt lat="46.106966566725134" lon="8.956653363676134">
      <ele>854.6</ele></trkpt>
      <trkpt lat="46.1069353522466" lon="8.956584740947228">
      <ele>855.2</ele></trkpt>
      <trkpt lat="46.106874285991836" lon="8.956506026502096">
      <ele>855.9</ele></trkpt>
      <trkpt lat="46.106875763667816" lon="8.956555350629637">
      <ele>856.8</ele></trkpt>
      <trkpt lat="46.106881232332725" lon="8.956626348706415">
      <ele>857.6</ele></trkpt>
      <trkpt lat="46.10687616398634" lon="8.956684739427615">
      <ele>858.5</ele></trkpt>
      <trkpt lat="46.10688402173752" lon="8.956737319598828">
      <ele>859.4</ele></trkpt>
      <trkpt lat="46.10687282200806" lon="8.956773963884096">
      <ele>860.2</ele></trkpt>
      <trkpt lat="46.10683295370064" lon="8.956711257641365">
      <ele>861.1</ele></trkpt>
      <trkpt lat="46.106804096166016" lon="8.956627281887465">
      <ele>862.0</ele></trkpt>
      <trkpt lat="46.106772508832826" lon="8.95658636904521">
      <ele>862.9</ele></trkpt>
      <trkpt lat="46.10671270405246" lon="8.956572378553233">
      <ele>863.7</ele></trkpt>
      <trkpt lat="46.106652908090545" lon="8.95655840127251">
      <ele>864.6</ele></trkpt>
      <trkpt lat="46.10661045535963" lon="8.956539318391643">
      <ele>865.5</ele></trkpt>
      <trkpt lat="46.106618047481" lon="8.956633710133188">
      <ele>866.3</ele></trkpt>
      <trkpt lat="46.1066256396974" lon="8.956728088970594">
      <ele>867.2</ele></trkpt>
      <trkpt lat="46.106605240358235" lon="8.956702220482297">
      <ele>868.1</ele></trkpt>
      <trkpt lat="46.10659956193975" lon="8.956687601083722">
      <ele>868.9</ele></trkpt>
      <trkpt lat="46.10657814807918" lon="8.956582670891407">
      <ele>869.8</ele></trkpt>
      <trkpt lat="46.10655916972721" lon="8.956526082323533">
      <ele>870.7</ele></trkpt>
      <trkpt lat="46.10653953032174" lon="8.95656610060341">
      <ele>871.6</ele></trkpt>
      <trkpt lat="46.10652905141179" lon="8.956652150939561">
      <ele>872.4</ele></trkpt>
      <trkpt lat="46.10653188237764" lon="8.956760030784931">
      <ele>873.3</ele></trkpt>
      <trkpt lat="46.10650836006475" lon="8.956756297953078">
      <ele>874.5</ele></trkpt>
      <trkpt lat="46.106485219625625" lon="8.956724855854867">
      <ele>875.6</ele></trkpt>
      <trkpt lat="46.106450304395956" lon="8.95661299227301">
      <ele>876.8</ele></trkpt>
      <trkpt lat="46.10639717862598" lon="8.95658071631964">
      <ele>878.0</ele></trkpt>
      <trkpt lat="46.10637440197451" lon="8.956521564644833">
      <ele>879.1</ele></trkpt>
      <trkpt lat="46.10629574671768" lon="8.956476251751546">
      <ele>880.3</ele></trkpt>
      <trkpt lat="46.106244885815904" lon="8.956434790462744">
      <ele>881.5</ele></trkpt>
      <trkpt lat="46.106226191941104" lon="8.956391158164557">
      <ele>882.6</ele></trkpt>
      <trkpt lat="46.10618821554003" lon="8.95634697676202">
      <ele>883.8</ele></trkpt>
      <trkpt lat="46.10613286637293" lon="8.956320796460433">
      <ele>885.0</ele></trkpt>
      <trkpt lat="46.10611404825623" lon="8.956286396425789">
      <ele>886.1</ele></trkpt>
      <trkpt lat="46.10609074209199" lon="8.956267264262195">
      <ele>887.3</ele></trkpt>
      <trkpt lat="46.10606915329041" lon="8.956278978071417">
      <ele>888.4</ele></trkpt>
      <trkpt lat="46.10607500390397" lon="8.956322266006385">
      <ele>889.6</ele></trkpt>
      <trkpt lat="46.10608710146515" lon="8.956378041777052">
      <ele>890.8</ele></trkpt>
      <trkpt lat="46.10607993412966" lon="8.956433294769315">
      <ele>891.9</ele></trkpt>
      <trkpt lat="46.10605999762707" lon="8.95648202264836">
      <ele>893.1</ele></trkpt>
      <trkpt lat="46.106057360068085" lon="8.956518904549775">
      <ele>894.3</ele></trkpt>
      <trkpt lat="46.106075763694335" lon="8.956584104248009">
      <ele>895.4</ele></trkpt>
      <trkpt lat="46.10606876224149" lon="8.956627021839488">
      <ele>896.6</ele></trkpt>
      <trkpt lat="46.106057470561396" lon="8.956669833029569">
      <ele>897.8</ele></trkpt>
      <trkpt lat="46.10606528673367" lon="8.956725502714505">
      <ele>899.0</ele></trkpt>
      <trkpt lat="46.106081798544636" lon="8.956772152835242">
      <ele>900.1</ele></trkpt>
      <trkpt lat="46.10604980596602" lon="8.956762027374928">
      <ele>901.3</ele></trkpt>
      <trkpt lat="46.10601830168044" lon="8.956714947346107">
      <ele>902.5</ele></trkpt>
      <trkpt lat="46.10598288919141" lon="8.956640039036468">
      <ele>903.7</ele></trkpt>
      <trkpt lat="46.10594734343746" lon="8.956574362679877">
      <ele>904.9</ele></trkpt>
      <trkpt lat="46.10592202102081" lon="8.956545938819797">
      <ele>906.0</ele></trkpt>
      <trkpt lat="46.1058920771375" lon="8.956542027532626">
      <ele>907.2</ele></trkpt>
      <trkpt lat="46.10589726476972" lon="8.956634579068135">
      <ele>908.4</ele></trkpt>
      <trkpt lat="46.10590030281073" lon="8.956727070833693">
      <ele>909.6</ele></trkpt>
      <trkpt lat="46.10590543988329" lon="8.9568226995164">
      <ele>910.8</ele></trkpt>
      <trkpt lat="46.105887353650395" lon="8.956893041125058">
      <ele>911.9</ele></trkpt>
      <trkpt lat="46.1058759880289" lon="8.956942007096377">
      <ele>913.1</ele></trkpt>
      <trkpt lat="46.105877341257795" lon="8.957000562425607">
      <ele>914.3</ele></trkpt>
      <trkpt lat="46.10584546413614" lon="8.956981191601608">
      <ele>915.5</ele></trkpt>
      <trkpt lat="46.105826812064635" lon="8.956934469144672">
      <ele>916.7</ele></trkpt>
      <trkpt lat="46.10581231659459" lon="8.956897110818897">
      <ele>917.8</ele></trkpt>
      <trkpt lat="46.10580239240659" lon="8.956838304215815">
      <ele>919.0</ele></trkpt>
      <trkpt lat="46.105794161808205" lon="8.956813434241639">
      <ele>920.2</ele></trkpt>
      <trkpt lat="46.105772738606476" lon="8.956812838336747">
      <ele>921.3</ele></trkpt>
      <trkpt lat="46.105767835999195" lon="8.956858905490783">
      <ele>922.3</ele></trkpt>
      <trkpt lat="46.105765239559034" lon="8.956892722748186">
      <ele>923.4</ele></trkpt>
      <trkpt lat="46.105741104824496" lon="8.956935163443589">
      <ele>924.4</ele></trkpt>
      <trkpt lat="46.10572314277855" lon="8.956996272736104">
      <ele>925.5</ele></trkpt>
      <trkpt lat="46.10572256255897" lon="8.957039381574837">
      <ele>926.5</ele></trkpt>
      <trkpt lat="46.10570715553829" lon="8.957069750957018">
      <ele>927.6</ele></trkpt>
      <trkpt lat="46.10568379909383" lon="8.957053695705195">
      <ele>928.6</ele></trkpt>
      <trkpt lat="46.10566852532634" lon="8.95707483325452">
      <ele>929.7</ele></trkpt>
      <trkpt lat="46.10563317251048" lon="8.957153929598363">
      <ele>930.8</ele></trkpt>
      <trkpt lat="46.10561435464888" lon="8.957119529592159">
      <ele>931.8</ele></trkpt>
      <trkpt lat="46.10561287721964" lon="8.957070206590585">
      <ele>932.9</ele></trkpt>
      <trkpt lat="46.1055988377557" lon="8.956998971680711">
      <ele>933.9</ele></trkpt>
      <trkpt lat="46.105571333507555" lon="8.95697356560635">
      <ele>935.0</ele></trkpt>
      <trkpt lat="46.10554130680386" lon="8.956975808800753">
      <ele>936.0</ele></trkpt>
      <trkpt lat="46.105529890733415" lon="8.957027851538763">
      <ele>937.1</ele></trkpt>
      <trkpt lat="46.10552066557507" lon="8.957076876711664">
      <ele>938.1</ele></trkpt>
      <trkpt lat="46.10549047301049" lon="8.957091442146986">
      <ele>939.2</ele></trkpt>
      <trkpt lat="46.1054564968053" lon="8.957068934516865">
      <ele>940.2</ele></trkpt>
      <trkpt lat="46.10541004142677" lon="8.957018360398154">
      <ele>941.3</ele></trkpt>
      <trkpt lat="46.105379283110764" lon="8.9569158628616">
      <ele>943.1</ele></trkpt>
      <trkpt lat="46.10532316093369" lon="8.95678801911537">
      <ele>944.8</ele></trkpt>
      <trkpt lat="46.105216716434455" lon="8.956578683839671">
      <ele>946.6</ele></trkpt>
      <trkpt lat="46.10515778153941" lon="8.956500044092326">
      <ele>948.4</ele></trkpt>
      <trkpt lat="46.10509860698951" lon="8.956439881620184">
      <ele>950.2</ele></trkpt>
      <trkpt lat="46.10503946498994" lon="8.95637662878107">
      <ele>951.9</ele></trkpt>
      <trkpt lat="46.10500359652818" lon="8.956335598367666">
      <ele>953.7</ele></trkpt>
      <trkpt lat="46.10497155351945" lon="8.956328550428347">
      <ele>955.5</ele></trkpt>
      <trkpt lat="46.1049413198261" lon="8.956346180514196">
      <ele>957.3</ele></trkpt>
      <trkpt lat="46.10492360668971" lon="8.956388812309685">
      <ele>959.0</ele></trkpt>
      <trkpt lat="46.10491746141807" lon="8.956527249823951">
      <ele>960.8</ele></trkpt>
      <trkpt lat="46.10491962960161" lon="8.956684389304785">
      <ele>962.6</ele></trkpt>
      <trkpt lat="46.104952721617195" lon="8.956931716183448">
      <ele>964.4</ele></trkpt>
      <trkpt lat="46.10496707808326" lon="8.957138489129381">
      <ele>966.1</ele></trkpt>
      <trkpt lat="46.10498913488631" lon="8.957410150128032">
      <ele>967.9</ele></trkpt>
      <trkpt lat="46.10502392502076" lon="8.957531243167525">
      <ele>969.7</ele></trkpt>
      <trkpt lat="46.10502349529088" lon="8.957722186820085">
      <ele>971.5</ele></trkpt>
      <trkpt lat="46.105020095127415" lon="8.957974668910554">
      <ele>973.2</ele></trkpt>
      <trkpt lat="46.105021929519054" lon="8.958156440191988">
      <ele>975.0</ele></trkpt>
      <trkpt lat="46.10501430516243" lon="8.958245555261378">
      <ele>976.8</ele></trkpt>
      <trkpt lat="46.10499420206172" lon="8.95830659077908">
      <ele>977.9</ele></trkpt>
      <trkpt lat="46.10494617108843" lon="8.958373018495847">
      <ele>979.0</ele></trkpt>
      <trkpt lat="46.10486383230489" lon="8.958441569249421">
      <ele>980.1</ele></trkpt>
      <trkpt lat="46.10477523793342" lon="8.958497618844923">
      <ele>981.2</ele></trkpt>
      <trkpt lat="46.104669551840374" lon="8.958550113853404">
      <ele>982.3</ele></trkpt>
      <trkpt lat="46.10457700807538" lon="8.95858142553717">
      <ele>983.4</ele></trkpt>
      <trkpt lat="46.10446526473335" lon="8.958606032631605">
      <ele>984.5</ele></trkpt>
      <trkpt lat="46.10436205099803" lon="8.958633955594154">
      <ele>985.6</ele></trkpt>
      <trkpt lat="46.104299368088306" lon="8.95867533384261">
      <ele>986.7</ele></trkpt>
      <trkpt lat="46.10423412081422" lon="8.958747437764378">
      <ele>987.8</ele></trkpt>
      <trkpt lat="46.10416794542855" lon="8.958834998314227">
      <ele>989.0</ele></trkpt>
      <trkpt lat="46.10400875968015" lon="8.959053232200297">
      <ele>990.1</ele></trkpt>
      <trkpt lat="46.10394562457728" lon="8.959156850816388">
      <ele>991.2</ele></trkpt>
      <trkpt lat="46.1039145153426" lon="8.95924140351737">
      <ele>992.3</ele></trkpt>
      <trkpt lat="46.10388809187314" lon="8.959372133418258">
      <ele>993.4</ele></trkpt>
      <trkpt lat="46.10388162281717" lon="8.959416189091971">
      <ele>994.5</ele></trkpt>
      <trkpt lat="46.1038664504247" lon="8.95948249530182">
      <ele>995.6</ele></trkpt>
      <trkpt lat="46.1038664504247" lon="8.95948249530182">
      <ele>996.7</ele></trkpt>
      <trkpt lat="46.1038396558329" lon="8.959505263565957">
      <ele>997.8</ele></trkpt>
      <trkpt lat="46.10380507814703" lon="8.959539417145553">
      <ele>998.9</ele></trkpt>
      <trkpt lat="46.10376061884267" lon="8.959585117413644">
      <ele>999.5</ele></trkpt>
      <trkpt lat="46.103732718153296" lon="8.959599835406728">
      <ele>1000.1</ele></trkpt>
      <trkpt lat="46.10370440101404" lon="8.959606069724353">
      <ele>1000.7</ele></trkpt>
      <trkpt lat="46.10365090515799" lon="8.959702065762604">
      <ele>1001.3</ele></trkpt>
      <trkpt lat="46.103594022669895" lon="8.959825685673051">
      <ele>1001.9</ele></trkpt>
      <trkpt lat="46.10358500258707" lon="8.959876758016982">
      <ele>1002.5</ele></trkpt>
      <trkpt lat="46.10357476294372" lon="8.95992952956378">
      <ele>1003.1</ele></trkpt>
      <trkpt lat="46.10356434778429" lon="8.959995980798732">
      <ele>1003.7</ele></trkpt>
      <trkpt lat="46.10354934713915" lon="8.960137582405066">
      <ele>1004.3</ele></trkpt>
      <trkpt lat="46.10352300811368" lon="8.960414045209587">
      <ele>1005.0</ele></trkpt>
      <trkpt lat="46.10351492097701" lon="8.960483975886035">
      <ele>1005.6</ele></trkpt>
      <trkpt lat="46.10350463499888" lon="8.960540160645834">
      <ele>1006.2</ele></trkpt>
      <trkpt lat="46.1034896236537" lon="8.960594480414967">
      <ele>1006.8</ele></trkpt>
      <trkpt lat="46.103468865818904" lon="8.960633260932486">
      <ele>1007.4</ele></trkpt>
      <trkpt lat="46.10342024107253" lon="8.960708916298668">
      <ele>1008.0</ele></trkpt>
      <trkpt lat="46.103380180715774" lon="8.96076596500343">
      <ele>1008.6</ele></trkpt>
      <trkpt lat="46.10334850344572" lon="8.960819845678092">
      <ele>1009.2</ele></trkpt>
      <trkpt lat="46.10333381491321" lon="8.960850232735769">
      <ele>1009.8</ele></trkpt>
      <trkpt lat="46.103134664344054" lon="8.960403793575047">
      <ele>1010.4</ele></trkpt>
      <trkpt lat="46.102935512011214" lon="8.959957357672312">
      <ele>1011.0</ele></trkpt>
      <trkpt lat="46.10273635791469" lon="8.959510925027555">
      <ele>1016.0</ele></trkpt>
      <trkpt lat="46.10253720205449" lon="8.95906449564076">
      <ele>1021.0</ele></trkpt>
      <trkpt lat="46.10233804443064" lon="8.95861806951192">
      <ele>1026.0</ele></trkpt>
      <trkpt lat="46.10220440116727" lon="8.958229305216824">
      <ele>1031.0</ele></trkpt>
      <trkpt lat="46.10207075656527" lon="8.95784054282481">
      <ele>1036.0</ele></trkpt>
      <trkpt lat="46.10193711062465" lon="8.957451782335875">
      <ele>1041.0</ele></trkpt>
      <trkpt lat="46.101852717917545" lon="8.956867595955242">
      <ele>1046.0</ele></trkpt>
      <trkpt lat="46.10176832218473" lon="8.956283411376806">
      <ele>1051.0</ele></trkpt>
      <trkpt lat="46.101638033844935" lon="8.955810969580108">
      <ele>1056.0</ele></trkpt>
      <trkpt lat="46.10150774352734" lon="8.955338530037144">
      <ele>1061.0</ele></trkpt>
      <trkpt lat="46.10137745123197" lon="8.954866092747915">
      <ele>1065.9</ele></trkpt>
      <trkpt lat="46.10124715695887" lon="8.954393657712462">
      <ele>1070.9</ele></trkpt>
      <trkpt lat="46.10104682647087" lon="8.954069133691398">
      <ele>1075.9</ele></trkpt>
      <trkpt lat="46.10084649505275" lon="8.95374461205358">
      <ele>1080.9</ele></trkpt>
      <trkpt lat="46.100646162704535" lon="8.953420092798984">
      <ele>1085.9</ele></trkpt>
      <trkpt lat="46.10034511632022" lon="8.953631509231597">
      <ele>1090.9</ele></trkpt>
      <trkpt lat="46.100044069549206" lon="8.953842923332905">
      <ele>1095.9</ele></trkpt>
      <trkpt lat="46.09997921394903" lon="8.953398894452032">
      <ele>1100.9</ele></trkpt>
      <trkpt lat="46.09991435660077" lon="8.95295486662384">
      <ele>1105.9</ele></trkpt>
      <trkpt lat="46.099596765269546" lon="8.952966020139018">
      <ele>1110.9</ele></trkpt>
      <trkpt lat="46.09927917394764" lon="8.952977173527676">
      <ele>1110.5</ele></trkpt>
      <trkpt lat="46.09896158263506" lon="8.952988326789814">
      <ele>1110.1</ele></trkpt>
      <trkpt lat="46.0986106347442" lon="8.952860946823632">
      <ele>1109.6</ele></trkpt>
      <trkpt lat="46.098259686721946" lon="8.952733568500257">
      <ele>1109.2</ele></trkpt>
      <trkpt lat="46.0979087385683" lon="8.95260619181967">
      <ele>1108.8</ele></trkpt>
      <trkpt lat="46.097557790283325" lon="8.952478816781838">
      <ele>1108.4</ele></trkpt>
      <trkpt lat="46.09718580250044" lon="8.952699504811743">
      <ele>1107.9</ele></trkpt>
      <trkpt lat="46.096813814300496" lon="8.952920189835728">
      <ele>1107.5</ele></trkpt>
      <trkpt lat="46.09644182568351" lon="8.953140871853838">
      <ele>1107.1</ele></trkpt>
      <trkpt lat="46.09612460926755" lon="8.952873348674286">
      <ele>1106.7</ele></trkpt>
      <trkpt lat="46.09580739222693" lon="8.952605828608093">
      <ele>1106.2</ele></trkpt>
      <trkpt lat="46.095490174561704" lon="8.952338311655197">
      <ele>1105.8</ele></trkpt>
      <trkpt lat="46.09517295627185" lon="8.95207079781555">
      <ele>1105.4</ele></trkpt>
      <trkpt lat="46.095182474328446" lon="8.951958213624684">
      <ele>1105.0</ele></trkpt>
      <trkpt lat="46.09519512328778" lon="8.951911348090986">
      <ele>1104.5</ele></trkpt>
      <trkpt lat="46.09521492095022" lon="8.951868133644673">
      <ele>1104.1</ele></trkpt>
      <trkpt lat="46.095257896803595" lon="8.951830165575151">
      <ele>1103.7</ele></trkpt>
      <trkpt lat="46.09530158030561" lon="8.951799135905864">
      <ele>1103.2</ele></trkpt>
      <trkpt lat="46.09534858941586" lon="8.951758964609208">
      <ele>1102.8</ele></trkpt>
      <trkpt lat="46.09536659429511" lon="8.951730676058208">
      <ele>1102.4</ele></trkpt>
      <trkpt lat="46.09536792868494" lon="8.951691566559491">
      <ele>1101.1</ele></trkpt>
      <trkpt lat="46.09535332008514" lon="8.95164508340587">
      <ele>1099.7</ele></trkpt>
      <trkpt lat="46.095288928926735" lon="8.951547728215465">
      <ele>1098.4</ele></trkpt>
      <trkpt lat="46.09517156244426" lon="8.951389338633446">
      <ele>1097.0</ele></trkpt>
      <trkpt lat="46.09513617266879" lon="8.951343353276666">
      <ele>1095.7</ele></trkpt>
      <trkpt lat="46.095089752733294" lon="8.951257760876919">
      <ele>1094.4</ele></trkpt>
      <trkpt lat="46.095054034244406" lon="8.951202067297952">
      <ele>1093.0</ele></trkpt>
      <trkpt lat="46.09501338342061" lon="8.951159932495814">
      <ele>1091.7</ele></trkpt>
      <trkpt lat="46.09493972167463" lon="8.95109635955828">
      <ele>1090.3</ele></trkpt>
      <trkpt lat="46.09485331763172" lon="8.951036985955218">
      <ele>1089.0</ele></trkpt>
      <trkpt lat="46.09475433282996" lon="8.950970435769442">
      <ele>1087.7</ele></trkpt>
      <trkpt lat="46.09466624495619" lon="8.950917870026679">
      <ele>1086.3</ele></trkpt>
      <trkpt lat="46.09457808370372" lon="8.950872117715704">
      <ele>1085.0</ele></trkpt>
      <trkpt lat="46.09450415573395" lon="8.95082906175186">
      <ele>1083.6</ele></trkpt>
      <trkpt lat="46.09441941697713" lon="8.950762906971518">
      <ele>1082.3</ele></trkpt>
      <trkpt lat="46.094333143764445" lon="8.950694433832222">
      <ele>1081.0</ele></trkpt>
      <trkpt lat="46.09429029886143" lon="8.950668973439914">
      <ele>1079.6</ele></trkpt>
      <trkpt lat="46.09422919904566" lon="8.950653560135756">
      <ele>1078.3</ele></trkpt>
      <trkpt lat="46.09419219124131" lon="8.950655768181857">
      <ele>1076.9</ele></trkpt>
      <trkpt lat="46.09415002095986" lon="8.950665889967247">
      <ele>1075.6</ele></trkpt>
      <trkpt lat="46.09411667535188" lon="8.950694244756068">
      <ele>1081.0</ele></trkpt>
      <trkpt lat="46.09409020413048" lon="8.95072188466722">
      <ele>1086.3</ele></trkpt>
      <trkpt lat="46.094069180794015" lon="8.950753205919389">
      <ele>1091.7</ele></trkpt>
      <trkpt lat="46.0940429936697" lon="8.950814011601322">
      <ele>1097.1</ele></trkpt>
      <trkpt lat="46.0937240755324" lon="8.95052058488481">
      <ele>1102.4</ele></trkpt>
      <trkpt lat="46.09340515664166" lon="8.950227161600829">
      <ele>1107.8</ele></trkpt>
      <trkpt lat="46.09308623699755" lon="8.949933741749325">
      <ele>1113.2</ele></trkpt>
      <trkpt lat="46.09278235532235" lon="8.949643591734224">
      <ele>1118.5</ele></trkpt>
      <trkpt lat="46.092478472909754" lon="8.949353444953072">
      <ele>1123.9</ele></trkpt>
      <trkpt lat="46.0921745897598" lon="8.949063301405804">
      <ele>1129.2</ele></trkpt>
      <trkpt lat="46.091847710819074" lon="8.94904250242899">
      <ele>1134.6</ele></trkpt>
      <trkpt lat="46.09152083188577" lon="8.949021703704993">
      <ele>1140.0</ele></trkpt>
      <trkpt lat="46.0914386962309" lon="8.949389622020982">
      <ele>1145.3</ele></trkpt>
      <trkpt lat="46.09135655937638" lon="8.949757539227098">
      <ele>1150.7</ele></trkpt>
      <trkpt lat="46.0911451394471" lon="8.949934005707798">
      <ele>1156.1</ele></trkpt>
      <trkpt lat="46.09093371924655" lon="8.950110470821818">
      <ele>1161.4</ele></trkpt>
      <trkpt lat="46.09049976587809" lon="8.95014547830307">
      <ele>1166.8</ele></trkpt>
      <trkpt lat="46.09006581251884" lon="8.950180485233766">
      <ele>1172.2</ele></trkpt>
      <trkpt lat="46.08972918265342" lon="8.950276961840352">
      <ele>1177.5</ele></trkpt>
      <trkpt lat="46.08939255271767" lon="8.950373437260101">
      <ele>1182.9</ele></trkpt>
      <trkpt lat="46.08905592271161" lon="8.950469911493045">
      <ele>1181.0</ele></trkpt>
      <trkpt lat="46.088719292635254" lon="8.950566384539206">
      <ele>1179.1</ele></trkpt>
      <trkpt lat="46.08827192279078" lon="8.950585342323256">
      <ele>1177.2</ele></trkpt>
      <trkpt lat="46.08782455296451" lon="8.9506042998032">
      <ele>1175.3</ele></trkpt>
      <trkpt lat="46.08737718315651" lon="8.95062325697904">
      <ele>1173.4</ele></trkpt>
      <trkpt lat="46.08705063039636" lon="8.950688310065354">
      <ele>1171.4</ele></trkpt>
      <trkpt lat="46.08672407761021" lon="8.950753362376553">
      <ele>1169.5</ele></trkpt>
      <trkpt lat="46.086671498915045" lon="8.950668776878123">
      <ele>1167.6</ele></trkpt>
      <trkpt lat="46.08662905461906" lon="8.950610087225451">
      <ele>1165.7</ele></trkpt>
      <trkpt lat="46.08656804970289" lon="8.950537940431488">
      <ele>1163.8</ele></trkpt>
      <trkpt lat="46.08652358928967" lon="8.950474604899481">
      <ele>1161.9</ele></trkpt>
      <trkpt lat="46.086495203456224" lon="8.950441712909715">
      <ele>1160.0</ele></trkpt>
      <trkpt lat="46.08641553963879" lon="8.95041108630894">
      <ele>1158.1</ele></trkpt>
      <trkpt lat="46.08640846317245" lon="8.950407412122546">
      <ele>1156.2</ele></trkpt>
      <trkpt lat="46.08634199166729" lon="8.950398744470299">
      <ele>1154.2</ele></trkpt>
      <trkpt lat="46.086294542187474" lon="8.950390590582787">
      <ele>1152.3</ele></trkpt>
      <trkpt lat="46.086131958425966" lon="8.950408471296047">
      <ele>1150.4</ele></trkpt>
      <trkpt lat="46.085810621008825" lon="8.950417585939142">
      <ele>1148.5</ele></trkpt>
      <trkpt lat="46.08571236477948" lon="8.950415473160392">
      <ele>1146.6</ele></trkpt>
      <trkpt lat="46.085618712758475" lon="8.95042427159062">
      <ele>1144.7</ele></trkpt>
      <trkpt lat="46.085589357051305" lon="8.950423458795049">
      <ele>1143.2</ele></trkpt>
      <trkpt lat="46.08549667611981" lon="8.950420892667905">
      <ele>1141.7</ele></trkpt>
      <trkpt lat="46.085401401531385" lon="8.950431934751713">
      <ele>1140.2</ele></trkpt>
      <trkpt lat="46.085309231760974" lon="8.950447614140526">
      <ele>1138.7</ele></trkpt>
      <trkpt lat="46.085243894366606" lon="8.950473139164059">
      <ele>1137.2</ele></trkpt>
      <trkpt lat="46.08514496547954" lon="8.950520529620599">
      <ele>1135.7</ele></trkpt>
      <trkpt lat="46.08506355819363" lon="8.950561565117292">
      <ele>1134.2</ele></trkpt>
      <trkpt lat="46.08494618533963" lon="8.950625718959323">
      <ele>1132.7</ele></trkpt>
      <trkpt lat="46.08486933941816" lon="8.950673474735629">
      <ele>1131.2</ele></trkpt>
      <trkpt lat="46.08478856613154" lon="8.950714863534214">
      <ele>1129.8</ele></trkpt>
      <trkpt lat="46.08472259993504" lon="8.950748361267722">
      <ele>1128.3</ele></trkpt>
      <trkpt lat="46.08466193838847" lon="8.950786156323609">
      <ele>1126.8</ele></trkpt>
      <trkpt lat="46.084590295530084" lon="8.95084443841828">
      <ele>1125.3</ele></trkpt>
      <trkpt lat="46.08452369714723" lon="8.950925745931222">
      <ele>1123.8</ele></trkpt>
      <trkpt lat="46.08446456426715" lon="8.95104678657706">
      <ele>1122.3</ele></trkpt>
      <trkpt lat="46.084425701878224" lon="8.951195321332424">
      <ele>1120.8</ele></trkpt>
      <trkpt lat="46.08440590839058" lon="8.951279153140206">
      <ele>1119.3</ele></trkpt>
      <trkpt lat="46.08437947647085" lon="8.951328666222288">
      <ele>1117.8</ele></trkpt>
      <trkpt lat="46.084335636168845" lon="8.951404927165886">
      <ele>1116.3</ele></trkpt>
      <trkpt lat="46.084288853140876" lon="8.951465138140875">
      <ele>1114.8</ele></trkpt>
      <trkpt lat="46.08425804818688" lon="8.951516689141778">
      <ele>1113.3</ele></trkpt>
      <trkpt lat="46.084242919316424" lon="8.951580078521744">
      <ele>1111.8</ele></trkpt>
      <trkpt lat="46.0842356620549" lon="8.951648224344346">
      <ele>1110.3</ele></trkpt>
      <trkpt lat="46.08421580255639" lon="8.951711469645069">
      <ele>1108.9</ele></trkpt>
      <trkpt lat="46.08417866958534" lon="8.951760556509509">
      <ele>1107.4</ele></trkpt>
      <trkpt lat="46.08413505217823" lon="8.951820854739214">
      <ele>1105.9</ele></trkpt>
      <trkpt lat="46.08410128610889" lon="8.95185638093348">
      <ele>1104.4</ele></trkpt>
      <trkpt lat="46.08407269662081" lon="8.951860152830669">
      <ele>1102.9</ele></trkpt>
      <trkpt lat="46.084045974277366" lon="8.95184345695068">
      <ele>1101.4</ele></trkpt>
      <trkpt lat="46.084040367114184" lon="8.951788621639471">
      <ele>1099.9</ele></trkpt>
      <trkpt lat="46.0840459803371" lon="8.951724994722433">
      <ele>1098.5</ele></trkpt>
      <trkpt lat="46.08404183393554" lon="8.951679302447468">
      <ele>1097.0</ele></trkpt>
      <trkpt lat="46.08402494507288" lon="8.951637821298078">
      <ele>1095.5</ele></trkpt>
      <trkpt lat="46.08400789088909" lon="8.95161000233265">
      <ele>1094.0</ele></trkpt>
      <trkpt lat="46.083993587068825" lon="8.951611894556386">
      <ele>1092.5</ele></trkpt>
      <trkpt lat="46.08393571460334" lon="8.95167179769368">
      <ele>1091.0</ele></trkpt>
      <trkpt lat="46.083863507761606" lon="8.951735867674424">
      <ele>1089.6</ele></trkpt>
      <trkpt lat="46.08377893406174" lon="8.951776825592002">
      <ele>1088.1</ele></trkpt>
      <trkpt lat="46.08369773135332" lon="8.951801908658304">
      <ele>1086.6</ele></trkpt>
      <trkpt lat="46.08362407262936" lon="8.951856835477724">
      <ele>1085.1</ele></trkpt>
      <trkpt lat="46.083568272050194" lon="8.951880333789084">
      <ele>1083.6</ele></trkpt>
      <trkpt lat="46.083520058327586" lon="8.951929138722724">
      <ele>1082.1</ele></trkpt>
      <trkpt lat="46.08347348889085" lon="8.951973412057718">
      <ele>1080.6</ele></trkpt>
      <trkpt lat="46.08341588217262" lon="8.95201282818919">
      <ele>1079.1</ele></trkpt>
      <trkpt lat="46.08336129742492" lon="8.95206371896629">
      <ele>1077.6</ele></trkpt>
      <trkpt lat="46.08329558397709" lon="8.95211656385751">
      <ele>1076.2</ele></trkpt>
      <trkpt lat="46.083244317649026" lon="8.952156168385374">
      <ele>1074.7</ele></trkpt>
      <trkpt lat="46.08320085286974" lon="8.952205078566804">
      <ele>1073.2</ele></trkpt>
      <trkpt lat="46.083142949387394" lon="8.952267267883101">
      <ele>1071.7</ele></trkpt>
      <trkpt lat="46.08310248852983" lon="8.95232765207555">
      <ele>1070.2</ele></trkpt>
      <trkpt lat="46.083068599989474" lon="8.952372289207752">
      <ele>1068.7</ele></trkpt>
      <trkpt lat="46.08301538388228" lon="8.9524391722652">
      <ele>1067.2</ele></trkpt>
      <trkpt lat="46.08296222915903" lon="8.952501479852762">
      <ele>1065.7</ele></trkpt>
      <trkpt lat="46.08290115071205" lon="8.952563580559437">
      <ele>1064.2</ele></trkpt>
      <trkpt lat="46.08286896731781" lon="8.952599149379672">
      <ele>1062.8</ele></trkpt>
      <trkpt lat="46.082827543710714" lon="8.952613955822079">
      <ele>1061.3</ele></trkpt>
      <trkpt lat="46.08279243934" lon="8.952631200109048">
      <ele>1059.8</ele></trkpt>
      <trkpt lat="46.082733280033324" lon="8.952668296429671">
      <ele>1058.3</ele></trkpt>
      <trkpt lat="46.082688354473085" lon="8.95270804999565">
      <ele>1056.8</ele></trkpt>
      <trkpt lat="46.082629409115505" lon="8.95272921012066">
      <ele>1055.3</ele></trkpt>
      <trkpt lat="46.0825637869923" lon="8.952775229317915">
      <ele>1053.1</ele></trkpt>
      <trkpt lat="46.082496621311314" lon="8.9528189429591">
      <ele>1050.9</ele></trkpt>
      <trkpt lat="46.082426210900415" lon="8.952867104723842">
      <ele>1048.7</ele></trkpt>
      <trkpt lat="46.0823512044885" lon="8.952903761077778">
      <ele>1046.5</ele></trkpt>
      <trkpt lat="46.08227470714894" lon="8.952933523436407">
      <ele>1044.3</ele></trkpt>
      <trkpt lat="46.08221570065713" lon="8.952959232585478">
      <ele>1042.1</ele></trkpt>
      <trkpt lat="46.082149992536785" lon="8.952982169962127">
      <ele>1039.9</ele></trkpt>
      <trkpt lat="46.08204357415939" lon="8.953031776213535">
      <ele>1037.7</ele></trkpt>
      <trkpt lat="46.08192339304554" lon="8.953030253248148">
      <ele>1035.5</ele></trkpt>
      <trkpt lat="46.08185740053921" lon="8.953118578616891">
      <ele>1033.3</ele></trkpt>
      <trkpt lat="46.081666209312694" lon="8.953272822152458">
      <ele>1031.1</ele></trkpt>
      <trkpt lat="46.081609789410564" lon="8.953345082801691">
      <ele>1028.9</ele></trkpt>
      <trkpt lat="46.081570703219306" lon="8.95344842749742">
      <ele>1026.7</ele></trkpt>
      <trkpt lat="46.081529643322234" lon="8.95347499564512">
      <ele>1024.5</ele></trkpt>
      <trkpt lat="46.08151184867004" lon="8.953523762084016">
      <ele>1022.3</ele></trkpt>
      <trkpt lat="46.081517350990424" lon="8.953751739446739">
      <ele>1020.1</ele></trkpt>
      <trkpt lat="46.081515358356214" lon="8.953808973262241">
      <ele>1017.9</ele></trkpt>
      <trkpt lat="46.081457507131546" lon="8.953870552761767">
      <ele>1015.7</ele></trkpt>
      <trkpt lat="46.08136077094298" lon="8.953956187295006">
      <ele>1013.5</ele></trkpt>
      <trkpt lat="46.08127841322403" lon="8.954006924101925">
      <ele>1011.3</ele></trkpt>
      <trkpt lat="46.08116208133042" lon="8.954069116887945">
      <ele>1010.0</ele></trkpt>
      <trkpt lat="46.08114438744367" lon="8.954078232143498">
      <ele>1008.8</ele></trkpt>
      <trkpt lat="46.08112268453647" lon="8.954091088994497">
      <ele>1007.5</ele></trkpt>
      <trkpt lat="46.081027574383015" lon="8.954118651690004">
      <ele>1006.3</ele></trkpt>
      <trkpt lat="46.08096223164544" lon="8.954093630622186">
      <ele>1005.0</ele></trkpt>
      <trkpt lat="46.08090159508516" lon="8.954053160758324">
      <ele>1003.8</ele></trkpt>
      <trkpt lat="46.08070006895033" lon="8.953985509022262">
      <ele>1002.5</ele></trkpt>
      <trkpt lat="46.08066303215955" lon="8.95398317540985">
      <ele>1001.3</ele></trkpt>
      <trkpt lat="46.080567516298466" lon="8.953982683942616">
      <ele>1000.0</ele></trkpt>
      <trkpt lat="46.08048701986044" lon="8.953982622199756">
      <ele>998.8</ele></trkpt>
      <trkpt lat="46.080426983705415" lon="8.953980490739633">
      <ele>997.5</ele></trkpt>
      <trkpt lat="46.08039715975423" lon="8.954036614900676">
      <ele>996.2</ele></trkpt>
      <trkpt lat="46.08036647276006" lon="8.954058543999153">
      <ele>995.0</ele></trkpt>
      <trkpt lat="46.080340092585026" lon="8.954055911361081">
      <ele>993.7</ele></trkpt>
      <trkpt lat="46.08031388196858" lon="8.95403999254725">
      <ele>992.5</ele></trkpt>
      <trkpt lat="46.08028332246271" lon="8.954052435359271">
      <ele>991.2</ele></trkpt>
      <trkpt lat="46.08022615316041" lon="8.954079331095217">
      <ele>990.0</ele></trkpt>
      <trkpt lat="46.08017949164426" lon="8.954110306542594">
      <ele>988.7</ele></trkpt>
      <trkpt lat="46.08012905125041" lon="8.954127899151807">
      <ele>987.5</ele></trkpt>
      <trkpt lat="46.08000720646422" lon="8.954151086318841">
      <ele>986.2</ele></trkpt>
      <trkpt lat="46.07990738343808" lon="8.954177858183169">
      <ele>985.7</ele></trkpt>
      <trkpt lat="46.07990738343808" lon="8.954177858183169">
      <ele>985.2</ele></trkpt>
      <trkpt lat="46.07971419254841" lon="8.954191592205534">
      <ele>984.7</ele></trkpt>
      <trkpt lat="46.07963583265089" lon="8.954206612621403">
      <ele>984.1</ele></trkpt>
      <trkpt lat="46.07955372374032" lon="8.954221425514056">
      <ele>983.6</ele></trkpt>
      <trkpt lat="46.07945453904643" lon="8.954228149446376">
      <ele>983.1</ele></trkpt>
      <trkpt lat="46.07934092366387" lon="8.954228797165491">
      <ele>982.6</ele></trkpt>
      <trkpt lat="46.07921695208722" lon="8.954212078753383">
      <ele>982.1</ele></trkpt>
      <trkpt lat="46.079095344314105" lon="8.954216292761043">
      <ele>981.6</ele></trkpt>
      <trkpt lat="46.07900652301964" lon="8.954238508266226">
      <ele>981.0</ele></trkpt>
      <trkpt lat="46.078901787088945" lon="8.954265983482756">
      <ele>980.5</ele></trkpt>
      <trkpt lat="46.078829000552574" lon="8.95427534042253">
      <ele>980.0</ele></trkpt>
      <trkpt lat="46.07876837515905" lon="8.954264168254127">
      <ele>979.5</ele></trkpt>
      <trkpt lat="46.078711757920324" lon="8.954249319304857">
      <ele>979.0</ele></trkpt>
      <trkpt lat="46.07864373064722" lon="8.95422321621907">
      <ele>978.5</ele></trkpt>
      <trkpt lat="46.07858258943472" lon="8.954186159971634">
      <ele>978.0</ele></trkpt>
      <trkpt lat="46.07852252076443" lon="8.954118169932652">
      <ele>977.4</ele></trkpt>
      <trkpt lat="46.078462110886484" lon="8.9540762343041">
      <ele>976.9</ele></trkpt>
      <trkpt lat="46.07835032474835" lon="8.954051903692301">
      <ele>976.4</ele></trkpt>
      <trkpt lat="46.07827648059258" lon="8.954030836823314">
      <ele>975.9</ele></trkpt>
      <trkpt lat="46.07823599807746" lon="8.953977612051567">
      <ele>974.2</ele></trkpt>
      <trkpt lat="46.07818502637109" lon="8.953845944306018">
      <ele>972.5</ele></trkpt>
      <trkpt lat="46.07812293104421" lon="8.95372186742066">
      <ele>970.8</ele></trkpt>
      <trkpt lat="46.078085293320775" lon="8.953653104513398">
      <ele>969.1</ele></trkpt>
      <trkpt lat="46.0780307707246" lon="8.953565385771242">
      <ele>967.4</ele></trkpt>
      <trkpt lat="46.07799963727615" lon="8.953490636708345">
      <ele>965.6</ele></trkpt>
      <trkpt lat="46.077970437516655" lon="8.953431338996833">
      <ele>963.9</ele></trkpt>
      <trkpt lat="46.077932427739476" lon="8.95339025860519">
      <ele>962.2</ele></trkpt>
      <trkpt lat="46.07787073014258" lon="8.953357764965988">
      <ele>960.5</ele></trkpt>
      <trkpt lat="46.07782423191325" lon="8.953310295397259">
      <ele>958.8</ele></trkpt>
      <trkpt lat="46.07779042031919" lon="8.95327549842835">
      <ele>957.1</ele></trkpt>
      <trkpt lat="46.077782437027075" lon="8.953232174141807">
      <ele>955.4</ele></trkpt>
      <trkpt lat="46.07777460998216" lon="8.953176546487576">
      <ele>953.7</ele></trkpt>
      <trkpt lat="46.07773701341325" lon="8.953104695691046">
      <ele>952.0</ele></trkpt>
      <trkpt lat="46.07771259954839" lon="8.9530085822418">
      <ele>950.2</ele></trkpt>
      <trkpt lat="46.077684070693685" lon="8.952899310172349">
      <ele>948.5</ele></trkpt>
      <trkpt lat="46.07762584389723" lon="8.952790585180939">
      <ele>946.8</ele></trkpt>
      <trkpt lat="46.07751285433871" lon="8.9526005750942">
      <ele>945.1</ele></trkpt>
      <trkpt lat="46.077360701602316" lon="8.952389001984917">
      <ele>943.4</ele></trkpt>
      <trkpt lat="46.07730650339286" lon="8.952317260963001">
      <ele>941.7</ele></trkpt>
      <trkpt lat="46.077284934254216" lon="8.952274594900272">
      <ele>940.9</ele></trkpt>
      <trkpt lat="46.077269864517255" lon="8.952226976537107">
      <ele>940.2</ele></trkpt>
      <trkpt lat="46.077254895922636" lon="8.952171151631836">
      <ele>939.4</ele></trkpt>
      <trkpt lat="46.077239074522076" lon="8.952126576462119">
      <ele>938.6</ele></trkpt>
      <trkpt lat="46.07720710558963" lon="8.952061049791295">
      <ele>937.8</ele></trkpt>
      <trkpt lat="46.07717706173193" lon="8.95201096101615">
      <ele>937.1</ele></trkpt>
      <trkpt lat="46.07713703476614" lon="8.951960595650549">
      <ele>936.3</ele></trkpt>
      <trkpt lat="46.07710188918378" lon="8.951918574973579">
      <ele>935.5</ele></trkpt>
      <trkpt lat="46.07705878188888" lon="8.951884543075405">
      <ele>934.7</ele></trkpt>
      <trkpt lat="46.07699998533431" lon="8.951849042245591">
      <ele>934.0</ele></trkpt>
      <trkpt lat="46.07694439270266" lon="8.951787993905395">
      <ele>933.2</ele></trkpt>
      <trkpt lat="46.07691622300974" lon="8.951758474289882">
      <ele>932.4</ele></trkpt>
      <trkpt lat="46.07689436456447" lon="8.951737351816316">
      <ele>931.6</ele></trkpt>
      <trkpt lat="46.076870544741524" lon="8.95170282033785">
      <ele>930.9</ele></trkpt>
      <trkpt lat="46.076845904107124" lon="8.951676488386182">
      <ele>930.1</ele></trkpt>
      <trkpt lat="46.07681983345695" lon="8.951650116839104">
      <ele>929.3</ele></trkpt>
      <trkpt lat="46.076798273234054" lon="8.951607438746285">
      <ele>928.5</ele></trkpt>
      <trkpt lat="46.07678593043089" lon="8.951569127161136">
      <ele>927.8</ele></trkpt>
      <trkpt lat="46.07676045572577" lon="8.95153387772289">
      <ele>927.0</ele></trkpt>
      <trkpt lat="46.07672041460363" lon="8.951501986840997">
      <ele>926.2</ele></trkpt>
      <trkpt lat="46.07667073200466" lon="8.951479227575568">
      <ele>925.4</ele></trkpt>
      <trkpt lat="46.076623856784494" lon="8.95146851744347">
      <ele>924.5</ele></trkpt>
      <trkpt lat="46.07658763557936" lon="8.951462394557463">
      <ele>923.7</ele></trkpt>
      <trkpt lat="46.07653246405997" lon="8.951458461594793">
      <ele>922.8</ele></trkpt>
      <trkpt lat="46.07649402685851" lon="8.95144918755579">
      <ele>922.0</ele></trkpt>
      <trkpt lat="46.07644925534094" lon="8.951432563046353">
      <ele>921.2</ele></trkpt>
      <trkpt lat="46.07642074138275" lon="8.951428696319828">
      <ele>920.3</ele></trkpt>
      <trkpt lat="46.076391296885596" lon="8.951441209374002">
      <ele>919.5</ele></trkpt>
      <trkpt lat="46.07636834260297" lon="8.951448782743407">
      <ele>918.6</ele></trkpt>
      <trkpt lat="46.07634552581916" lon="8.951446108068954">
      <ele>917.8</ele></trkpt>
      <trkpt lat="46.07631287337525" lon="8.951430827698736">
      <ele>917.0</ele></trkpt>
      <trkpt lat="46.076288456637435" lon="8.951441450321095">
      <ele>916.1</ele></trkpt>
      <trkpt lat="46.07626552992419" lon="8.951446968902486">
      <ele>915.3</ele></trkpt>
      <trkpt lat="46.07624742951109" lon="8.951464941468426">
      <ele>914.4</ele></trkpt>
      <trkpt lat="46.07622830213905" lon="8.951506478990822">
      <ele>913.6</ele></trkpt>
      <trkpt lat="46.076210059331835" lon="8.951535733633245">
      <ele>912.8</ele></trkpt>
      <trkpt lat="46.07617543516136" lon="8.951561457595341">
      <ele>911.9</ele></trkpt>
      <trkpt lat="46.07615482791276" lon="8.951553698797973">
      <ele>911.1</ele></trkpt>
      <trkpt lat="46.07613670520814" lon="8.951520359925967">
      <ele>910.2</ele></trkpt>
      <trkpt lat="46.076125572173225" lon="8.951498500740989">
      <ele>909.4</ele></trkpt>
      <trkpt lat="46.076101513493086" lon="8.951482437164834">
      <ele>908.4</ele></trkpt>
      <trkpt lat="46.07607083145038" lon="8.95148056590697">
      <ele>907.5</ele></trkpt>
      <trkpt lat="46.07602715980671" lon="8.951488586600128">
      <ele>906.5</ele></trkpt>
      <trkpt lat="46.0759886997445" lon="8.951480346220466">
      <ele>905.6</ele></trkpt>
      <trkpt lat="46.075954818929226" lon="8.951450669077257">
      <ele>904.6</ele></trkpt>
      <trkpt lat="46.075919888483746" lon="8.951393271490995">
      <ele>903.7</ele></trkpt>
      <trkpt lat="46.075902751566915" lon="8.951339430741449">
      <ele>902.8</ele></trkpt>
      <trkpt lat="46.075900492273405" lon="8.95129524550503">
      <ele>901.8</ele></trkpt>
      <trkpt lat="46.07590397627536" lon="8.951248142527392">
      <ele>900.9</ele></trkpt>
      <trkpt lat="46.07590206980315" lon="8.951230637163006">
      <ele>899.9</ele></trkpt>
      <trkpt lat="46.075887187273146" lon="8.951222015791409">
      <ele>898.9</ele></trkpt>
      <trkpt lat="46.07586345367221" lon="8.951234699939622">
      <ele>898.0</ele></trkpt>
      <trkpt lat="46.07584175049857" lon="8.95125564947276">
      <ele>897.0</ele></trkpt>
      <trkpt lat="46.07582126185074" lon="8.951292029642712">
      <ele>896.1</ele></trkpt>
      <trkpt lat="46.07579027206974" lon="8.951366074921594">
      <ele>895.1</ele></trkpt>
      <trkpt lat="46.0757521501799" lon="8.951439922550083">
      <ele>894.2</ele></trkpt>
      <trkpt lat="46.075721980744206" lon="8.951505794166891">
      <ele>893.2</ele></trkpt>
      <trkpt lat="46.07569284740697" lon="8.951548088301555">
      <ele>892.3</ele></trkpt>
      <trkpt lat="46.07567193251876" lon="8.951563927160418">
      <ele>891.4</ele></trkpt>
      <trkpt lat="46.07565293893735" lon="8.951541850392282">
      <ele>890.4</ele></trkpt>
      <trkpt lat="46.075650390669104" lon="8.951519207923404">
      <ele>889.7</ele></trkpt>
      <trkpt lat="46.075645395403356" lon="8.951465703741317">
      <ele>888.9</ele></trkpt>
      <trkpt lat="46.07563064193021" lon="8.95139448971619">
      <ele>888.2</ele></trkpt>
      <trkpt lat="46.07561198362239" lon="8.951294442103157">
      <ele>887.5</ele></trkpt>
      <trkpt lat="46.07559397607612" lon="8.9511995319732">
      <ele>886.7</ele></trkpt>
      <trkpt lat="46.07558050110569" lon="8.951139639421767">
      <ele>886.0</ele></trkpt>
      <trkpt lat="46.07556186506549" lon="8.951090902813256">
      <ele>885.3</ele></trkpt>
      <trkpt lat="46.07554034588973" lon="8.951045150267106">
      <ele>884.5</ele></trkpt>
      <trkpt lat="46.07552929527408" lon="8.951017140102145">
      <ele>883.8</ele></trkpt>
      <trkpt lat="46.07553265539724" lon="8.950979264401353">
      <ele>883.0</ele></trkpt>
      <trkpt lat="46.07555108575874" lon="8.950936686635444">
      <ele>882.3</ele></trkpt>
      <trkpt lat="46.07557952692346" lon="8.950892317611663">
      <ele>881.6</ele></trkpt>
      <trkpt lat="46.07562222262258" lon="8.950850398766258">
      <ele>880.8</ele></trkpt>
      <trkpt lat="46.07568707936395" lon="8.950807050896891">
      <ele>880.1</ele></trkpt>
      <trkpt lat="46.07574244827322" lon="8.950778824280354">
      <ele>879.4</ele></trkpt>
      <trkpt lat="46.07578793514665" lon="8.950742114839002">
      <ele>878.6</ele></trkpt>
      <trkpt lat="46.07582606085346" lon="8.95072161983188">
      <ele>877.9</ele></trkpt>
      <trkpt lat="46.0758580310428" lon="8.950680437930279">
      <ele>877.2</ele></trkpt>
      <trkpt lat="46.07588634350248" lon="8.950646329649112">
      <ele>876.4</ele></trkpt>
      <trkpt lat="46.07592526218938" lon="8.950619702848376">
      <ele>875.7</ele></trkpt>
      <trkpt lat="46.07595917563603" lon="8.950593958735055">
      <ele>875.0</ele></trkpt>
      <trkpt lat="46.07598819857794" lon="8.950559870016304">
      <ele>874.2</ele></trkpt>
      <trkpt lat="46.07599792499715" lon="8.950526281274147">
      <ele>873.5</ele></trkpt>
      <trkpt lat="46.076013467790354" lon="8.950485665657872">
      <ele>872.7</ele></trkpt>
      <trkpt lat="46.076048242985614" lon="8.95044865925994">
      <ele>872.0</ele></trkpt>
      <trkpt lat="46.07606864871085" lon="8.950418442922393">
      <ele>871.2</ele></trkpt>
      <trkpt lat="46.076075689186446" lon="8.950372459503392">
      <ele>870.5</ele></trkpt>
      <trkpt lat="46.07608196403772" lon="8.950330565939913">
      <ele>869.7</ele></trkpt>
      <trkpt lat="46.0760764456587" lon="8.950316037404988">
      <ele>869.0</ele></trkpt>
      <trkpt lat="46.07605639270875" lon="8.950320614683937">
      <ele>868.2</ele></trkpt>
      <trkpt lat="46.076031284123054" lon="8.950329163071437">
      <ele>867.5</ele></trkpt>
      <trkpt lat="46.076008316228155" lon="8.950337757779867">
      <ele>866.7</ele></trkpt>
      <trkpt lat="46.07599116940162" lon="8.95033830443682">
      <ele>866.0</ele></trkpt>
      <trkpt lat="46.07598151207757" lon="8.9503123882813">
      <ele>865.2</ele></trkpt>
      <trkpt lat="46.075971973759735" lon="8.950278266253552">
      <ele>864.5</ele></trkpt>
      <trkpt lat="46.07596000178235" lon="8.95021226148004">
      <ele>863.7</ele></trkpt>
      <trkpt lat="46.075937148562396" lon="8.950159284160115">
      <ele>863.0</ele></trkpt>
      <trkpt lat="46.07590951461587" lon="8.95008976916627">
      <ele>862.2</ele></trkpt>
      <trkpt lat="46.075878911974044" lon="8.950053784398065">
      <ele>861.5</ele></trkpt>
      <trkpt lat="46.0758557530057" lon="8.950053143455383">
      <ele>860.7</ele></trkpt>
      <trkpt lat="46.07573662628648" lon="8.950067609307082">
      <ele>859.2</ele></trkpt>
      <trkpt lat="46.07545972131781" lon="8.95009989236694">
      <ele>857.7</ele></trkpt>
      <trkpt lat="46.07537000087443" lon="8.950110724753769">
      <ele>856.2</ele></trkpt>
      <trkpt lat="46.07531288141924" lon="8.950109143884932">
      <ele>854.6</ele></trkpt>
      <trkpt lat="46.07526046498707" lon="8.950101035434244">
      <ele>853.1</ele></trkpt>
      <trkpt lat="46.07521582199001" lon="8.950090918581273">
      <ele>851.6</ele></trkpt>
      <trkpt lat="46.07516953385366" lon="8.950087413951337">
      <ele>850.1</ele></trkpt>
      <trkpt lat="46.07512466464029" lon="8.950092829882182">
      <ele>848.6</ele></trkpt>
      <trkpt lat="46.07506154227591" lon="8.950046417978244">
      <ele>847.1</ele></trkpt>
      <trkpt lat="46.074998885814665" lon="8.950139081316728">
      <ele>845.5</ele></trkpt>
      <trkpt lat="46.07496272701837" lon="8.950186016080918">
      <ele>844.0</ele></trkpt>
      <trkpt lat="46.07489786886065" lon="8.95028652983249">
      <ele>842.5</ele></trkpt>
      <trkpt lat="46.07484240658819" lon="8.950355281851879">
      <ele>841.0</ele></trkpt>
      <trkpt lat="46.074797944593676" lon="8.950400111998972">
      <ele>839.5</ele></trkpt>
      <trkpt lat="46.07475983282891" lon="8.9504329918221">
      <ele>838.0</ele></trkpt>
      <trkpt lat="46.074729262253804" lon="8.950448304990495">
      <ele>836.5</ele></trkpt>
      <trkpt lat="46.07471066478292" lon="8.95045102205215">
      <ele>834.9</ele></trkpt>
      <trkpt lat="46.0746823143101" lon="8.950444355215605">
      <ele>833.4</ele></trkpt>
      <trkpt lat="46.07461371511438" lon="8.950423944033169">
      <ele>831.9</ele></trkpt>
      <trkpt lat="46.07458030383442" lon="8.95040620046027">
      <ele>830.4</ele></trkpt>
      <trkpt lat="46.07455174806782" lon="8.950392030030578">
      <ele>829.6</ele></trkpt>
      <trkpt lat="46.07449908180773" lon="8.950344847641055">
      <ele>828.9</ele></trkpt>
      <trkpt lat="46.07450690083755" lon="8.950389095101643">
      <ele>828.1</ele></trkpt>
      <trkpt lat="46.07451758028146" lon="8.950444797949906">
      <ele>827.4</ele></trkpt>
      <trkpt lat="46.07451479343465" lon="8.95049294034498">
      <ele>826.6</ele></trkpt>
      <trkpt lat="46.0744998737961" lon="8.950540759779097">
      <ele>825.9</ele></trkpt>
      <trkpt lat="46.07447564988115" lon="8.950589342871172">
      <ele>825.1</ele></trkpt>
      <trkpt lat="46.07444712634957" lon="8.950639862351236">
      <ele>824.4</ele></trkpt>
      <trkpt lat="46.07442252202509" lon="8.95066380799152">
      <ele>823.6</ele></trkpt>
      <trkpt lat="46.07439032747351" lon="8.950668048849803">
      <ele>822.8</ele></trkpt>
      <trkpt lat="46.07436410530423" lon="8.950652960453034">
      <ele>822.1</ele></trkpt>
      <trkpt lat="46.07433232355005" lon="8.950626419560283">
      <ele>821.3</ele></trkpt>
      <trkpt lat="46.07430116493997" lon="8.950607083607387">
      <ele>820.6</ele></trkpt>
      <trkpt lat="46.07427702817318" lon="8.95059616392316">
      <ele>819.8</ele></trkpt>
      <trkpt lat="46.07425137421231" lon="8.950592376968636">
      <ele>819.1</ele></trkpt>
      <trkpt lat="46.074226174302645" lon="8.950607062947968">
      <ele>818.3</ele></trkpt>
      <trkpt lat="46.07420083192355" lon="8.950633043531967">
      <ele>817.6</ele></trkpt>
      <trkpt lat="46.07417499912091" lon="8.950642592702216">
      <ele>816.8</ele></trkpt>
      <trkpt lat="46.07414493139792" lon="8.950647913701738">
      <ele>816.1</ele></trkpt>
      <trkpt lat="46.07410867590219" lon="8.95063562432559">
      <ele>815.3</ele></trkpt>
      <trkpt lat="46.0740874542661" lon="8.950620674463487">
      <ele>814.6</ele></trkpt>
      <trkpt lat="46.074067053350774" lon="8.950597525517686">
      <ele>813.8</ele></trkpt>
      <trkpt lat="46.07404073482263" lon="8.95058962219977">
      <ele>813.1</ele></trkpt>
      <trkpt lat="46.07400646855485" lon="8.95058867355141">
      <ele>812.4</ele></trkpt>
      <trkpt lat="46.07396000576265" lon="8.950591485222011">
      <ele>811.7</ele></trkpt>
      <trkpt lat="46.07393272926444" lon="8.950602015662428">
      <ele>810.9</ele></trkpt>
      <trkpt lat="46.07392146259792" lon="8.950643782274144">
      <ele>810.2</ele></trkpt>
      <trkpt lat="46.073909032116575" lon="8.950664988018495">
      <ele>809.5</ele></trkpt>
      <trkpt lat="46.07389265990377" lon="8.950661445103261">
      <ele>808.8</ele></trkpt>
      <trkpt lat="46.07387805235812" lon="8.950632316129866">
      <ele>808.0</ele></trkpt>
      <trkpt lat="46.07386052985157" lon="8.950607204437908">
      <ele>807.3</ele></trkpt>
      <trkpt lat="46.07383303794379" lon="8.95058079550642">
      <ele>806.6</ele></trkpt>
      <trkpt lat="46.07380824594726" lon="8.950565733972091">
      <ele>805.9</ele></trkpt>
      <trkpt lat="46.073786877717716" lon="8.950561044452732">
      <ele>805.1</ele></trkpt>
      <trkpt lat="46.07377014783088" lon="8.950584173652851">
      <ele>804.4</ele></trkpt>
      <trkpt lat="46.07374661584664" lon="8.950634830675625">
      <ele>803.7</ele></trkpt>
      <trkpt lat="46.0737268195241" lon="8.950673271360055">
      <ele>803.0</ele></trkpt>
      <trkpt lat="46.07371048836306" lon="8.950718995535253">
      <ele>802.2</ele></trkpt>
      <trkpt lat="46.07370294348115" lon="8.95074957946867">
      <ele>801.5</ele></trkpt>
      <trkpt lat="46.07370092195358" lon="8.950793644369506">
      <ele>800.8</ele></trkpt>
      <trkpt lat="46.073702021793835" lon="8.950818301327487">
      <ele>800.0</ele></trkpt>
      <trkpt lat="46.07369708527684" lon="8.950866383464913">
      <ele>799.3</ele></trkpt>
      <trkpt lat="46.07369162592732" lon="8.950901123073216">
      <ele>798.5</ele></trkpt>
      <trkpt lat="46.07368821558434" lon="8.950942072806647">
      <ele>797.8</ele></trkpt>
      <trkpt lat="46.07367819109603" lon="8.950997201602766">
      <ele>797.0</ele></trkpt>
      <trkpt lat="46.07366100695944" lon="8.951054187547001">
      <ele>796.3</ele></trkpt>
      <trkpt lat="46.07364114167399" lon="8.9510977582454">
      <ele>795.5</ele></trkpt>
      <trkpt lat="46.07361583144788" lon="8.951120662524286">
      <ele>794.8</ele></trkpt>
      <trkpt lat="46.073577242893954" lon="8.95112267053885">
      <ele>794.0</ele></trkpt>
      <trkpt lat="46.07354613932387" lon="8.951099238150507">
      <ele>793.2</ele></trkpt>
      <trkpt lat="46.073513106389036" lon="8.951059334744233">
      <ele>792.5</ele></trkpt>
      <trkpt lat="46.073489451388106" lon="8.951012503531565">
      <ele>791.7</ele></trkpt>
      <trkpt lat="46.07347014151654" lon="8.950961681818017">
      <ele>791.0</ele></trkpt>
      <trkpt lat="46.07346160284635" lon="8.950906039209725">
      <ele>790.2</ele></trkpt>
      <trkpt lat="46.073465183051894" lon="8.950851753432486">
      <ele>789.5</ele></trkpt>
      <trkpt lat="46.07346352401859" lon="8.950815795614234">
      <ele>788.7</ele></trkpt>
      <trkpt lat="46.073454503810176" lon="8.950796051579488">
      <ele>788.0</ele></trkpt>
      <trkpt lat="46.073432434077006" lon="8.950791342577112">
      <ele>787.2</ele></trkpt>
      <trkpt lat="46.0733973658134" lon="8.950796524967808">
      <ele>786.5</ele></trkpt>
      <trkpt lat="46.073359143911475" lon="8.950824190956524">
      <ele>785.7</ele></trkpt>
      <trkpt lat="46.07333232535272" lon="8.95085424100838">
      <ele>785.0</ele></trkpt>
      <trkpt lat="46.07330767973435" lon="8.950881261596566">
      <ele>784.2</ele></trkpt>
      <trkpt lat="46.073283744617385" lon="8.950908301834382">
      <ele>783.5</ele></trkpt>
      <trkpt lat="46.07325964460867" lon="8.95089531488718">
      <ele>782.7</ele></trkpt>
      <trkpt lat="46.07324145290527" lon="8.950867108193123">
      <ele>782.0</ele></trkpt>
      <trkpt lat="46.073222578245066" lon="8.950836827185327">
      <ele>781.2</ele></trkpt>
      <trkpt lat="46.073198006225" lon="8.950805367202072">
      <ele>780.5</ele></trkpt>
      <trkpt lat="46.07318064875273" lon="8.950767953664831">
      <ele>779.7</ele></trkpt>
      <trkpt lat="46.073168493516064" lon="8.95071630916852">
      <ele>779.0</ele></trkpt>
      <trkpt lat="46.073162164042444" lon="8.950655595985044">
      <ele>778.2</ele></trkpt>
      <trkpt lat="46.07316347987782" lon="8.950610477804922">
      <ele>777.5</ele></trkpt>
      <trkpt lat="46.07317475535142" lon="8.950568724937462">
      <ele>776.8</ele></trkpt>
      <trkpt lat="46.07318020090853" lon="8.950535006492412">
      <ele>776.0</ele></trkpt>
      <trkpt lat="46.073179563823864" lon="8.950476506317212">
      <ele>775.3</ele></trkpt>
      <trkpt lat="46.07317306926507" lon="8.950428095251503">
      <ele>774.5</ele></trkpt>
      <trkpt lat="46.07315330985804" lon="8.950410109537534">
      <ele>773.8</ele></trkpt>
      <trkpt lat="46.07313177197391" lon="8.950418743345109">
      <ele>773.0</ele></trkpt>
      <trkpt lat="46.07310723649038" lon="8.950437558331828">
      <ele>772.3</ele></trkpt>
      <trkpt lat="46.073076847508574" lon="8.950467509596526">
      <ele>771.5</ele></trkpt>
      <trkpt lat="46.073052898802224" lon="8.950495570767336">
      <ele>770.8</ele></trkpt>
      <trkpt lat="46.073028083433826" lon="8.950535927485378">
      <ele>770.1</ele></trkpt>
      <trkpt lat="46.07300987313432" lon="8.95056210497407">
      <ele>769.5</ele></trkpt>
      <trkpt lat="46.072996525770435" lon="8.950598681213684">
      <ele>768.8</ele></trkpt>
      <trkpt lat="46.07299090152415" lon="8.950645722463968">
      <ele>768.1</ele></trkpt>
      <trkpt lat="46.072983279041225" lon="8.950681422998521">
      <ele>767.4</ele></trkpt>
      <trkpt lat="46.07296920743959" lon="8.950719000383518">
      <ele>766.8</ele></trkpt>
      <trkpt lat="46.07294755948132" lon="8.950735839714703">
      <ele>766.1</ele></trkpt>
      <trkpt lat="46.072920952232614" lon="8.950749465071507">
      <ele>765.4</ele></trkpt>
      <trkpt lat="46.07289455122286" lon="8.950747712866718">
      <ele>764.8</ele></trkpt>
      <trkpt lat="46.07287345351979" lon="8.950723523846717">
      <ele>764.1</ele></trkpt>
      <trkpt lat="46.0728604183015" lon="8.950683153574065">
      <ele>763.4</ele></trkpt>
      <trkpt lat="46.07286249489428" lon="8.950634980055401">
      <ele>762.8</ele></trkpt>
      <trkpt lat="46.0728667118104" lon="8.950586878713336">
      <ele>762.1</ele></trkpt>
      <trkpt lat="46.072880155518035" lon="8.950543117755203">
      <ele>761.4</ele></trkpt>
      <trkpt lat="46.072893695206716" lon="8.95049219781557">
      <ele>760.8</ele></trkpt>
      <trkpt lat="46.07291027857884" lon="8.950426987157243">
      <ele>760.1</ele></trkpt>
      <trkpt lat="46.07291220379847" lon="8.950390094765591">
      <ele>759.4</ele></trkpt>
      <trkpt lat="46.072929208789645" lon="8.950346445226405">
      <ele>758.7</ele></trkpt>
      <trkpt lat="46.072946974501335" lon="8.950299740061894">
      <ele>758.1</ele></trkpt>
      <trkpt lat="46.07296101841561" lon="8.950264217233773">
      <ele>757.4</ele></trkpt>
      <trkpt lat="46.072966637809714" lon="8.950218197082531">
      <ele>756.6</ele></trkpt>
      <trkpt lat="46.072969397165835" lon="8.950172097766698">
      <ele>755.9</ele></trkpt>
      <trkpt lat="46.07296704126707" lon="8.95013508684524">
      <ele>755.1</ele></trkpt>
      <trkpt lat="46.07296046392863" lon="8.950092839958574">
      <ele>754.4</ele></trkpt>
      <trkpt lat="46.07295089817662" lon="8.95006076158627">
      <ele>753.6</ele></trkpt>
      <trkpt lat="46.07294066782701" lon="8.950024566937495">
      <ele>752.9</ele></trkpt>
      <trkpt lat="46.07292683939605" lon="8.949990328143857">
      <ele>752.1</ele></trkpt>
      <trkpt lat="46.072912130850234" lon="8.949969392863222">
      <ele>751.4</ele></trkpt>
      <trkpt lat="46.07289366384373" lon="8.949961707288775">
      <ele>750.6</ele></trkpt>
      <trkpt lat="46.07287421142766" lon="8.949974509760024">
      <ele>749.9</ele></trkpt>
      <trkpt lat="46.07285752758119" lon="8.949993542134868">
      <ele>749.1</ele></trkpt>
      <trkpt lat="46.07284578935558" lon="8.95001680924921">
      <ele>748.4</ele></trkpt>
      <trkpt lat="46.072841764969546" lon="8.950050566865016">
      <ele>747.6</ele></trkpt>
      <trkpt lat="46.07284212709348" lon="8.950077245480474">
      <ele>746.9</ele></trkpt>
      <trkpt lat="46.07283681022986" lon="8.950100703209133">
      <ele>746.1</ele></trkpt>
      <trkpt lat="46.07281080355983" lon="8.950122554166963">
      <ele>745.4</ele></trkpt>
      <trkpt lat="46.07278542006489" lon="8.95015160980768">
      <ele>744.6</ele></trkpt>
      <trkpt lat="46.07276668712917" lon="8.950164432098878">
      <ele>743.9</ele></trkpt>
      <trkpt lat="46.07273570728334" lon="8.950184102881517">
      <ele>743.1</ele></trkpt>
      <trkpt lat="46.07269843874775" lon="8.950194356743138">
      <ele>742.4</ele></trkpt>
      <trkpt lat="46.072665410013066" lon="8.950207804573413">
      <ele>741.6</ele></trkpt>
      <trkpt lat="46.072631372965304" lon="8.950242773862861">
      <ele>740.9</ele></trkpt>
      <trkpt lat="46.07259489288131" lon="8.950300246094589">
      <ele>740.1</ele></trkpt>
      <trkpt lat="46.072562785097574" lon="8.950351698935274">
      <ele>739.4</ele></trkpt>
      <trkpt lat="46.07252190020753" lon="8.950418278987607">
      <ele>738.6</ele></trkpt>
      <trkpt lat="46.07248617160948" lon="8.950472708090105">
      <ele>737.9</ele></trkpt>
      <trkpt lat="46.07246322176523" lon="8.950533631199058">
      <ele>737.1</ele></trkpt>
      <trkpt lat="46.07244708821386" lon="8.950584750386794">
      <ele>736.4</ele></trkpt>
      <trkpt lat="46.07239963977261" lon="8.950573172810119">
      <ele>735.6</ele></trkpt>
      <trkpt lat="46.07236879270273" lon="8.950565493410458">
      <ele>734.9</ele></trkpt>
      <trkpt lat="46.0723476675996" lon="8.95054267419645">
      <ele>734.1</ele></trkpt>
      <trkpt lat="46.07233883620292" lon="8.950502808537683">
      <ele>733.4</ele></trkpt>
      <trkpt lat="46.07233362039409" lon="8.950465718860377">
      <ele>732.6</ele></trkpt>
      <trkpt lat="46.072338678500415" lon="8.950410570202258">
      <ele>731.9</ele></trkpt>
      <trkpt lat="46.07239250442381" lon="8.950261215107282">
      <ele>731.1</ele></trkpt>
      <trkpt lat="46.07237633429557" lon="8.950246625434824">
      <ele>730.4</ele></trkpt>
      <trkpt lat="46.072342671229364" lon="8.950316106965358">
      <ele>729.6</ele></trkpt>
      <trkpt lat="46.07231150410459" lon="8.95040543576117">
      <ele>728.9</ele></trkpt>
      <trkpt lat="46.07228507876209" lon="8.950478633599321">
      <ele>728.1</ele></trkpt>
      <trkpt lat="46.07225720425083" lon="8.950575357092188">
      <ele>727.4</ele></trkpt>
      <trkpt lat="46.07222706322686" lon="8.95067201773962">
      <ele>726.4</ele></trkpt>
      <trkpt lat="46.072216259579506" lon="8.950718837361357">
      <ele>725.4</ele></trkpt>
      <trkpt lat="46.07221697875948" lon="8.950749739750087">
      <ele>724.5</ele></trkpt>
      <trkpt lat="46.0722268131001" lon="8.950775193727756">
      <ele>723.5</ele></trkpt>
      <trkpt lat="46.07225131949011" lon="8.950803497142294">
      <ele>722.5</ele></trkpt>
      <trkpt lat="46.07228650101664" lon="8.950836155223648">
      <ele>721.5</ele></trkpt>
      <trkpt lat="46.072308773546666" lon="8.950861966573902">
      <ele>720.6</ele></trkpt>
      <trkpt lat="46.07231252385554" lon="8.950877505217782">
      <ele>719.6</ele></trkpt>
      <trkpt lat="46.072307836543494" lon="8.95088956556308">
      <ele>718.6</ele></trkpt>
      <trkpt lat="46.072288682203904" lon="8.950884161729276">
      <ele>717.6</ele></trkpt>
      <trkpt lat="46.07224810534194" lon="8.950874092740941">
      <ele>716.7</ele></trkpt>
      <trkpt lat="46.072191252605386" lon="8.950854640593654">
      <ele>715.7</ele></trkpt>
      <trkpt lat="46.07211810022608" lon="8.950828247865052">
      <ele>714.7</ele></trkpt>
      <trkpt lat="46.072051088374366" lon="8.950806885740583">
      <ele>713.8</ele></trkpt>
      <trkpt lat="46.07198854386538" lon="8.950790533722389">
      <ele>712.8</ele></trkpt>
      <trkpt lat="46.071922686886424" lon="8.950767587810383">
      <ele>711.8</ele></trkpt>
      <trkpt lat="46.07184614383813" lon="8.950741101454595">
      <ele>710.8</ele></trkpt>
      <trkpt lat="46.071798242644704" lon="8.950728399626131">
      <ele>709.9</ele></trkpt>
      <trkpt lat="46.07177455176318" lon="8.950724486157137">
      <ele>708.9</ele></trkpt>
      <trkpt lat="46.07176259281479" lon="8.950730657263586">
      <ele>707.9</ele></trkpt>
      <trkpt lat="46.071790164922035" lon="8.950782610936889">
      <ele>706.2</ele></trkpt>
      <trkpt lat="46.07182884439371" lon="8.950850293942251">
      <ele>704.5</ele></trkpt>
      <trkpt lat="46.071867514657725" lon="8.95091798971653">
      <ele>702.8</ele></trkpt>
      <trkpt lat="46.07191287706677" lon="8.950993187510216">
      <ele>701.1</ele></trkpt>
      <trkpt lat="46.0719540972057" lon="8.95108206370894">
      <ele>699.4</ele></trkpt>
      <trkpt lat="46.07199646123772" lon="8.951170170255368">
      <ele>697.7</ele></trkpt>
      <trkpt lat="46.072031729737795" lon="8.951238586651044">
      <ele>696.0</ele></trkpt>
      <trkpt lat="46.0720515160635" lon="8.951281379783575">
      <ele>694.3</ele></trkpt>
      <trkpt lat="46.072052128138296" lon="8.951319582828113">
      <ele>692.6</ele></trkpt>
      <trkpt lat="46.07203863090834" lon="8.95135658068435">
      <ele>691.0</ele></trkpt>
      <trkpt lat="46.07200793162919" lon="8.951410979958196">
      <ele>689.3</ele></trkpt>
      <trkpt lat="46.07195867910295" lon="8.951498992240328">
      <ele>687.6</ele></trkpt>
      <trkpt lat="46.07192093696216" lon="8.951572689995556">
      <ele>685.9</ele></trkpt>
      <trkpt lat="46.071866112408394" lon="8.951697104812725">
      <ele>684.2</ele></trkpt>
      <trkpt lat="46.07181376122527" lon="8.951806153245776">
      <ele>682.5</ele></trkpt>
      <trkpt lat="46.07176894518786" lon="8.95190077706571">
      <ele>680.8</ele></trkpt>
      <trkpt lat="46.071713139699995" lon="8.952013788422963">
      <ele>679.1</ele></trkpt>
      <trkpt lat="46.07166248996781" lon="8.952122069014735">
      <ele>677.4</ele></trkpt>
      <trkpt lat="46.07162711379894" lon="8.952187713479624">
      <ele>675.7</ele></trkpt>
      <trkpt lat="46.07157006392288" lon="8.952309622187668">
      <ele>674.0</ele></trkpt>
      <trkpt lat="46.071524624267546" lon="8.952409114224382">
      <ele>672.8</ele></trkpt>
      <trkpt lat="46.0714962584337" lon="8.952457876374162">
      <ele>671.5</ele></trkpt>
      <trkpt lat="46.07146712938158" lon="8.952521263354859">
      <ele>670.3</ele></trkpt>
      <trkpt lat="46.071452084631986" lon="8.952546842072538">
      <ele>669.0</ele></trkpt>
      <trkpt lat="46.07143342493853" lon="8.952559548925509">
      <ele>667.8</ele></trkpt>
      <trkpt lat="46.07138847324531" lon="8.952656856489144">
      <ele>666.6</ele></trkpt>
      <trkpt lat="46.07131955721309" lon="8.952796067293056">
      <ele>665.3</ele></trkpt>
      <trkpt lat="46.07126374676466" lon="8.952888613680223">
      <ele>664.1</ele></trkpt>
      <trkpt lat="46.07119238042364" lon="8.952978466388572">
      <ele>662.8</ele></trkpt>
      <trkpt lat="46.071133719942154" lon="8.953050754775179">
      <ele>661.6</ele></trkpt>
      <trkpt lat="46.07110018846338" lon="8.953110308991024">
      <ele>660.4</ele></trkpt>
      <trkpt lat="46.07107413590094" lon="8.95319245954393">
      <ele>659.1</ele></trkpt>
      <trkpt lat="46.07106066032341" lon="8.953382495869105">
      <ele>657.9</ele></trkpt>
      <trkpt lat="46.071044075807535" lon="8.953507256637117">
      <ele>656.6</ele></trkpt>
      <trkpt lat="46.071008215625135" lon="8.953811719209245">
      <ele>655.4</ele></trkpt>
      <trkpt lat="46.07096358469042" lon="8.95419365311915">
      <ele>654.2</ele></trkpt>
      <trkpt lat="46.07093580324013" lon="8.954423080075642">
      <ele>652.9</ele></trkpt>
      <trkpt lat="46.07092334723229" lon="8.954503008890688">
      <ele>651.7</ele></trkpt>
      <trkpt lat="46.07090718856359" lon="8.954545153718753">
      <ele>650.4</ele></trkpt>
      <trkpt lat="46.07083099774078" lon="8.954708655004112">
      <ele>649.2</ele></trkpt>
      <trkpt lat="46.07075914696325" lon="8.954816355791396">
      <ele>648.3</ele></trkpt>
      <trkpt lat="46.07072917466979" lon="8.954849352682002">
      <ele>647.5</ele></trkpt>
      <trkpt lat="46.07069259069672" lon="8.954885604461772">
      <ele>646.6</ele></trkpt>
      <trkpt lat="46.07066102813681" lon="8.954911744811898">
      <ele>645.7</ele></trkpt>
      <trkpt lat="46.07063829187748" lon="8.954925164806435">
      <ele>644.9</ele></trkpt>
      <trkpt lat="46.0706194295785" lon="8.954929501541173">
      <ele>644.0</ele></trkpt>
      <trkpt lat="46.070593907334434" lon="8.954923958445342">
      <ele>643.1</ele></trkpt>
      <trkpt lat="46.0705567517347" lon="8.95495989690503">
      <ele>642.3</ele></trkpt>
      <trkpt lat="46.07054285194475" lon="8.954977233325776">
      <ele>641.4</ele></trkpt>
      <trkpt lat="46.07050550762687" lon="8.955023856737256">
      <ele>640.5</ele></trkpt>
      <trkpt lat="46.070490719735" lon="8.955056383019105">
      <ele>639.7</ele></trkpt>
      <trkpt lat="46.07047731015466" lon="8.955109513690974">
      <ele>638.8</ele></trkpt>
      <trkpt lat="46.07047093689054" lon="8.955158586877504">
      <ele>638.0</ele></trkpt>
      <trkpt lat="46.07046582795974" lon="8.955220014158545">
      <ele>637.1</ele></trkpt>
      <trkpt lat="46.070462557564674" lon="8.955463110448546">
      <ele>636.2</ele></trkpt>
      <trkpt lat="46.070460749956666" lon="8.955597457542781">
      <ele>635.4</ele></trkpt>
      <trkpt lat="46.07044979966986" lon="8.95588033519661">
      <ele>634.5</ele></trkpt>
      <trkpt lat="46.07044181895928" lon="8.956155099836131">
      <ele>633.6</ele></trkpt>
      <trkpt lat="46.07044397981269" lon="8.956206452399847">
      <ele>632.8</ele></trkpt>
      <trkpt lat="46.070451832840035" lon="8.956260031381571">
      <ele>631.9</ele></trkpt>
      <trkpt lat="46.070481223114065" lon="8.956410653859956">
      <ele>631.1</ele></trkpt>
      <trkpt lat="46.07051775440172" lon="8.956561462043522">
      <ele>630.2</ele></trkpt>
      <trkpt lat="46.070560735759756" lon="8.956763768208193">
      <ele>629.4</ele></trkpt>
      <trkpt lat="46.07057553624083" lon="8.956831901935999">
      <ele>628.5</ele></trkpt>
      <trkpt lat="46.070583186472696" lon="8.956899849862756">
      <ele>627.7</ele></trkpt>
      <trkpt lat="46.070603019390965" lon="8.95712406986512">
      <ele>626.8</ele></trkpt>
      <trkpt lat="46.07060230093569" lon="8.957177410828862">
      <ele>626.0</ele></trkpt>
      <trkpt lat="46.07059444158952" lon="8.957230540316422">
      <ele>625.1</ele></trkpt>
      <trkpt lat="46.070574544892224" lon="8.957316336638552">
      <ele>624.3</ele></trkpt>
      <trkpt lat="46.070563341079975" lon="8.957364603174847">
      <ele>623.5</ele></trkpt>
      <trkpt lat="46.07053330954877" lon="8.957515474298416">
      <ele>622.6</ele></trkpt>
      <trkpt lat="46.070523512826334" lon="8.957542102039504">
      <ele>621.8</ele></trkpt>
      <trkpt lat="46.07050834054467" lon="8.957579063715967">
      <ele>620.9</ele></trkpt>
      <trkpt lat="46.070462612961066" lon="8.957682212684507">
      <ele>620.1</ele></trkpt>
      <trkpt lat="46.07042400816074" lon="8.957768212178285">
      <ele>619.2</ele></trkpt>
      <trkpt lat="46.070410790289465" lon="8.957821709427561">
      <ele>618.4</ele></trkpt>
      <trkpt lat="46.07041053153547" lon="8.957884977646659">
      <ele>617.5</ele></trkpt>
      <trkpt lat="46.07040721269007" lon="8.957954998881574">
      <ele>616.7</ele></trkpt>
      <trkpt lat="46.070401916097616" lon="8.957994187000786">
      <ele>615.8</ele></trkpt>
      <trkpt lat="46.070300751948366" lon="8.958002903234595">
      <ele>615.0</ele></trkpt>
      <trkpt lat="46.07027964583758" lon="8.958030857829113">
      <ele>614.6</ele></trkpt>
      <trkpt lat="46.07023351485797" lon="8.958089139821968">
      <ele>614.2</ele></trkpt>
      <trkpt lat="46.07017804908068" lon="8.958103716092289">
      <ele>613.9</ele></trkpt>
      <trkpt lat="46.07017185646342" lon="8.958274793886641">
      <ele>613.5</ele></trkpt>
      <trkpt lat="46.070163350181794" lon="8.958288440256137">
      <ele>613.1</ele></trkpt>
      <trkpt lat="46.070118139075305" lon="8.958300496586272">
      <ele>612.7</ele></trkpt>
      <trkpt lat="46.07014444547045" lon="8.958414050841272">
      <ele>612.3</ele></trkpt>
      <trkpt lat="46.07015610614487" lon="8.958510793941114">
      <ele>612.0</ele></trkpt>
      <trkpt lat="46.070160800068834" lon="8.958557033328992">
      <ele>611.6</ele></trkpt>
      <trkpt lat="46.07017668839161" lon="8.958678532033938">
      <ele>611.2</ele></trkpt>
      <trkpt lat="46.07019477740515" lon="8.958793615892285">
      <ele>610.8</ele></trkpt>
      <trkpt lat="46.07021604756788" lon="8.958848925766954">
      <ele>610.4</ele></trkpt>
      <trkpt lat="46.07021471460636" lon="8.958855700929396">
      <ele>610.1</ele></trkpt>
      <trkpt lat="46.070198215520925" lon="8.95893564448203">
      <ele>609.7</ele></trkpt>
      <trkpt lat="46.07019909148463" lon="8.958958755582834">
      <ele>609.3</ele></trkpt>
      <trkpt lat="46.07021481424489" lon="8.959028453415389">
      <ele>608.9</ele></trkpt>
      <trkpt lat="46.07022085459172" lon="8.959066237674778">
      <ele>608.5</ele></trkpt>
      <trkpt lat="46.07020643742816" lon="8.959120554188326">
      <ele>608.2</ele></trkpt>
      <trkpt lat="46.070179303616264" lon="8.959162469155112">
      <ele>607.8</ele></trkpt>
      <trkpt lat="46.07016002934768" lon="8.959204008275403">
      <ele>607.4</ele></trkpt>
      <trkpt lat="46.070131813362735" lon="8.95929079962436">
      <ele>607.0</ele></trkpt>
      <trkpt lat="46.070111666687545" lon="8.959387006287043">
      <ele>606.6</ele></trkpt>
      <trkpt lat="46.07009431552066" lon="8.959484066311441">
      <ele>606.2</ele></trkpt>
      <trkpt lat="46.07009519457122" lon="8.959512942671948">
      <ele>605.8</ele></trkpt>
      <trkpt lat="46.07010553741611" lon="8.959593258476437">
      <ele>605.4</ele></trkpt>
      <trkpt lat="46.07013148157724" lon="8.95968221710892">
      <ele>605.0</ele></trkpt>
      <trkpt lat="46.070170019598116" lon="8.959789998530503">
      <ele>604.6</ele></trkpt>
      <trkpt lat="46.07018791200946" lon="8.959830219970419">
      <ele>604.2</ele></trkpt>
      <trkpt lat="46.070194967467074" lon="8.959846096317449">
      <ele>603.8</ele></trkpt>
      <trkpt lat="46.07022266442635" lon="8.959910491983">
      <ele>603.4</ele></trkpt>
      <trkpt lat="46.07027187690986" lon="8.96007397413341">
      <ele>603.0</ele></trkpt>
      <trkpt lat="46.070329632466795" lon="8.960239749908235">
      <ele>602.6</ele></trkpt>
      <trkpt lat="46.07036306813493" lon="8.960302237576892">
      <ele>602.2</ele></trkpt>
      <trkpt lat="46.07040229764289" lon="8.960358746640658">
      <ele>601.8</ele></trkpt>
      <trkpt lat="46.07058603648047" lon="8.960608062150325">
      <ele>601.4</ele></trkpt>
      <trkpt lat="46.070620929513524" lon="8.960668548554377">
      <ele>601.0</ele></trkpt>
      <trkpt lat="46.07064714087079" lon="8.960736988557779">
      <ele>600.6</ele></trkpt>
      <trkpt lat="46.07066896020502" lon="8.96081352754648">
      <ele>600.2</ele></trkpt>
      <trkpt lat="46.07068223618988" lon="8.960887773149192">
      <ele>599.8</ele></trkpt>
      <trkpt lat="46.07070322452357" lon="8.961025845648532">
      <ele>599.4</ele></trkpt>
      <trkpt lat="46.07072457268773" lon="8.961137260662381">
      <ele>598.7</ele></trkpt>
      <trkpt lat="46.07075300645337" lon="8.961252971042539">
      <ele>597.9</ele></trkpt>
      <trkpt lat="46.07077191909665" lon="8.961333527101159">
      <ele>597.2</ele></trkpt>
      <trkpt lat="46.07077699292701" lon="8.961380863713153">
      <ele>596.5</ele></trkpt>
      <trkpt lat="46.070776161626796" lon="8.961442410111692">
      <ele>595.8</ele></trkpt>
      <trkpt lat="46.070769951943156" lon="8.961479168374995">
      <ele>595.0</ele></trkpt>
      <trkpt lat="46.070753879618536" lon="8.961505400809209">
      <ele>594.3</ele></trkpt>
      <trkpt lat="46.070713969422016" lon="8.961531963897512">
      <ele>593.6</ele></trkpt>
      <trkpt lat="46.07073527456291" lon="8.961573263910557">
      <ele>592.9</ele></trkpt>
      <trkpt lat="46.07077539827472" lon="8.961645453384223">
      <ele>592.1</ele></trkpt>
      <trkpt lat="46.070773287546295" lon="8.96176040282343">
      <ele>591.4</ele></trkpt>
      <trkpt lat="46.070775510181" lon="8.961807659965405">
      <ele>590.7</ele></trkpt>
      <trkpt lat="46.070824082276914" lon="8.962018335822009">
      <ele>590.0</ele></trkpt>
      <trkpt lat="46.07082915581967" lon="8.962065672542334">
      <ele>589.2</ele></trkpt>
      <trkpt lat="46.07081866473688" lon="8.96210232427735">
      <ele>588.5</ele></trkpt>
      <trkpt lat="46.0707940857524" lon="8.962124208594425">
      <ele>587.8</ele></trkpt>
      <trkpt lat="46.07076407285305" lon="8.962125426741643">
      <ele>587.1</ele></trkpt>
      <trkpt lat="46.07073269447007" lon="8.962122496130062">
      <ele>586.4</ele></trkpt>
      <trkpt lat="46.070667318047384" lon="8.96209810263938">
      <ele>585.6</ele></trkpt>
      <trkpt lat="46.07064027621145" lon="8.962091182349894">
      <ele>584.9</ele></trkpt>
      <trkpt lat="46.07061578034538" lon="8.962106915856562">
      <ele>583.9</ele></trkpt>
      <trkpt lat="46.07059828686377" lon="8.96213310839344">
      <ele>582.8</ele></trkpt>
      <trkpt lat="46.07056474610713" lon="8.962290187433572">
      <ele>581.8</ele></trkpt>
      <trkpt lat="46.070554955219905" lon="8.962380206513254">
      <ele>580.7</ele></trkpt>
      <trkpt lat="46.07055488812252" lon="8.962491011357164">
      <ele>579.7</ele></trkpt>
      <trkpt lat="46.070547624341174" lon="8.962605726049913">
      <ele>578.6</ele></trkpt>
      <trkpt lat="46.07054063766308" lon="8.962699933955982">
      <ele>577.6</ele></trkpt>
      <trkpt lat="46.070528217289265" lon="8.962773462790944">
      <ele>576.5</ele></trkpt>
      <trkpt lat="46.07050243899601" lon="8.962896024187522">
      <ele>575.5</ele></trkpt>
      <trkpt lat="46.070474337462336" lon="8.963061307579377">
      <ele>574.5</ele></trkpt>
      <trkpt lat="46.070492654052046" lon="8.963098685412852">
      <ele>573.4</ele></trkpt>
      <trkpt lat="46.07062016833457" lon="8.963358979925024">
      <ele>572.4</ele></trkpt>
      <trkpt lat="46.07068104282855" lon="8.963478065997034">
      <ele>571.3</ele></trkpt>
      <trkpt lat="46.07071883397496" lon="8.96355432822646">
      <ele>570.3</ele></trkpt>
      <trkpt lat="46.070733490588395" lon="8.963596878273195">
      <ele>569.2</ele></trkpt>
      <trkpt lat="46.070736945594845" lon="8.96363345370538">
      <ele>568.2</ele></trkpt>
      <trkpt lat="46.070731542972766" lon="8.963698957227388">
      <ele>567.1</ele></trkpt>
      <trkpt lat="46.07072216475772" lon="8.963808933675637">
      <ele>566.1</ele></trkpt>
      <trkpt lat="46.07070542422095" lon="8.963961659666904">
      <ele>565.0</ele></trkpt>
      <trkpt lat="46.070693835562594" lon="8.964026188902169">
      <ele>564.0</ele></trkpt>
      <trkpt lat="46.07067964225685" lon="8.964074422450873">
      <ele>562.9</ele></trkpt>
      <trkpt lat="46.07066203441462" lon="8.964124990808438">
      <ele>561.9</ele></trkpt>
      <trkpt lat="46.07063156547405" lon="8.964208447145838">
      <ele>560.8</ele></trkpt>
      <trkpt lat="46.07057975974104" lon="8.964326144558363">
      <ele>559.7</ele></trkpt>
      <trkpt lat="46.070543116001836" lon="8.964407799411637">
      <ele>558.7</ele></trkpt>
      <trkpt lat="46.07048484099741" lon="8.964544783136887">
      <ele>557.6</ele></trkpt>
      <trkpt lat="46.07043261482219" lon="8.964666927841005">
      <ele>556.5</ele></trkpt>
      <trkpt lat="46.07040781320595" lon="8.964705221372553">
      <ele>555.5</ele></trkpt>
      <trkpt lat="46.0703000533942" lon="8.964858169065007">
      <ele>554.4</ele></trkpt>
      <trkpt lat="46.0701893611725" lon="8.964995767999834">
      <ele>553.4</ele></trkpt>
      <trkpt lat="46.070104975692004" lon="8.965025105469024">
      <ele>552.3</ele></trkpt>
      <trkpt lat="46.07010883998143" lon="8.965056004365046">
      <ele>551.2</ele></trkpt>
      <trkpt lat="46.070106910137525" lon="8.965092881412811">
      <ele>550.2</ele></trkpt>
      <trkpt lat="46.07009353042024" lon="8.965131493757221">
      <ele>549.1</ele></trkpt>
      <trkpt lat="46.070061513157945" lon="8.9651757510997">
      <ele>548.0</ele></trkpt>
      <trkpt lat="46.07003335002388" lon="8.965215772820997">
      <ele>547.0</ele></trkpt>
      <trkpt lat="46.07001054402533" lon="8.965248201285895">
      <ele>545.9</ele></trkpt>
      <trkpt lat="46.06987081276922" lon="8.965441294520428">
      <ele>544.8</ele></trkpt>
      <trkpt lat="46.06981846911443" lon="8.9655095951817">
      <ele>543.8</ele></trkpt>
      <trkpt lat="46.06974414650574" lon="8.965618335511849">
      <ele>542.7</ele></trkpt>
      <trkpt lat="46.06960926426373" lon="8.965875173147655">
      <ele>542.2</ele></trkpt>
      <trkpt lat="46.06945394248632" lon="8.966173655319142">
      <ele>541.6</ele></trkpt>
      <trkpt lat="46.069415633439526" lon="8.966153013437642">
      <ele>541.1</ele></trkpt>
      <trkpt lat="46.06937770947896" lon="8.966131839449563">
      <ele>540.5</ele></trkpt>
      <trkpt lat="46.06934200781684" lon="8.966113985071726">
      <ele>540.0</ele></trkpt>
      <trkpt lat="46.06930593559316" lon="8.966095590375708">
      <ele>539.4</ele></trkpt>
      <trkpt lat="46.06927961263368" lon="8.966083440300562">
      <ele>538.9</ele></trkpt>
      <trkpt lat="46.06924345217166" lon="8.966071558027792">
      <ele>538.3</ele></trkpt>
      <trkpt lat="46.06920658216765" lon="8.966056928483022">
      <ele>537.8</ele></trkpt>
      <trkpt lat="46.069174902899846" lon="8.966048984812005">
      <ele>537.2</ele></trkpt>
      <trkpt lat="46.06915153729661" lon="8.966042346523592">
      <ele>536.7</ele></trkpt>
      <trkpt lat="46.069119111723296" lon="8.966034369072432">
      <ele>536.2</ele></trkpt>
      <trkpt lat="46.069070808756265" lon="8.966024874742837">
      <ele>535.6</ele></trkpt>
      <trkpt lat="46.06903154551713" lon="8.966018877708827">
      <ele>535.1</ele></trkpt>
      <trkpt lat="46.06897718423184" lon="8.966010286867197">
      <ele>534.5</ele></trkpt>
      <trkpt lat="46.06892462322479" lon="8.966008274123901">
      <ele>534.0</ele></trkpt>
      <trkpt lat="46.068735412449385" lon="8.965991077964116">
      <ele>533.4</ele></trkpt>
      <trkpt lat="46.068721851937745" lon="8.96598988440906">
      <ele>532.9</ele></trkpt>
      <trkpt lat="46.06864357783234" lon="8.965985162029268">
      <ele>532.3</ele></trkpt>
      <trkpt lat="46.06859509367709" lon="8.965978416026848">
      <ele>531.8</ele></trkpt>
      <trkpt lat="46.068564107821096" lon="8.965972417874442">
      <ele>531.7</ele></trkpt>
      <trkpt lat="46.06850721093469" lon="8.965957732680351">
      <ele>531.6</ele></trkpt>
      <trkpt lat="46.06850416898049" lon="8.965970418617081">
      <ele>531.5</ele></trkpt>
      <trkpt lat="46.068500693048435" lon="8.965977947824053">
      <ele>531.4</ele></trkpt>
      <trkpt lat="46.06849658175544" lon="8.965983895203484">
      <ele>531.3</ele></trkpt>
      <trkpt lat="46.06849214935712" lon="8.965988308321625">
      <ele>531.3</ele></trkpt>
      <trkpt lat="46.06848683036479" lon="8.965991753040424">
      <ele>531.2</ele></trkpt>
      <trkpt lat="46.0684811447736" lon="8.965993701004578">
      <ele>531.1</ele></trkpt>
      <trkpt lat="46.06847505800923" lon="8.965994047838837">
      <ele>531.0</ele></trkpt>
      <trkpt lat="46.06846484769509" lon="8.965990621274862">
      <ele>530.9</ele></trkpt>
      <trkpt lat="46.06846008331461" lon="8.965986997996504">
      <ele>530.8</ele></trkpt>
      <trkpt lat="46.068455511346905" lon="8.965981790188799">
      <ele>530.7</ele></trkpt>
      <trkpt lat="46.06845170178868" lon="8.965975427426596">
      <ele>530.6</ele></trkpt>
      <trkpt lat="46.06844878621973" lon="8.965968158985104">
      <ele>530.5</ele></trkpt>
      <trkpt lat="46.06844678787895" lon="8.965959597731008">
      <ele>530.5</ele></trkpt>
      <trkpt lat="46.06844605509378" lon="8.96595192498905">
      <ele>530.4</ele></trkpt>
      <trkpt lat="46.068446350678315" lon="8.965943389102788">
      <ele>530.3</ele></trkpt>
      <trkpt lat="46.0683843625942" lon="8.965929944698365">
      <ele>530.2</ele></trkpt>
      <trkpt lat="46.06836504736677" lon="8.965932480999045">
      <ele>530.1</ele></trkpt>
      <trkpt lat="46.068344993801375" lon="8.965937051897967">
      <ele>530.0</ele></trkpt>
      <trkpt lat="46.068315285127284" lon="8.965942373967998">
      <ele>529.4</ele></trkpt>
      <trkpt lat="46.06829058180278" lon="8.96594681483797">
      <ele>528.8</ele></trkpt>
      <trkpt lat="46.068261985044984" lon="8.965949091588797">
      <ele>528.2</ele></trkpt>
      <trkpt lat="46.06822414841975" lon="8.965948033563308">
      <ele>527.6</ele></trkpt>
      <trkpt lat="46.068154608431676" lon="8.965941474427824">
      <ele>527.0</ele></trkpt>
      <trkpt lat="46.068096476652585" lon="8.965936255468495">
      <ele>526.3</ele></trkpt>
      <trkpt lat="46.067753191291935" lon="8.965893721064726">
      <ele>525.7</ele></trkpt>
      <trkpt lat="46.06754664890964" lon="8.965862145736848">
      <ele>525.1</ele></trkpt>
      <trkpt lat="46.06745155186681" lon="8.965852648948001">
      <ele>524.5</ele></trkpt>
      <trkpt lat="46.067380191736355" lon="8.965848947451931">
      <ele>523.9</ele></trkpt>
      <trkpt lat="46.06729438764963" lon="8.965856798493549">
      <ele>523.3</ele></trkpt>
      <trkpt lat="46.06725251492278" lon="8.965872741480597">
      <ele>522.7</ele></trkpt>
      <trkpt lat="46.067191444750875" lon="8.96589979380495">
      <ele>522.1</ele></trkpt>
      <trkpt lat="46.06706205468967" lon="8.96598496299476">
      <ele>521.5</ele></trkpt>
      <trkpt lat="46.06698141367066" lon="8.966054665697179">
      <ele>520.8</ele></trkpt>
      <trkpt lat="46.06688962868889" lon="8.966154651754886">
      <ele>520.2</ele></trkpt>
      <trkpt lat="46.06686569388932" lon="8.96618072572037">
      <ele>519.6</ele></trkpt>
      <trkpt lat="46.06670341597741" lon="8.96635907294337">
      <ele>519.0</ele></trkpt>
      <trkpt lat="46.066634998875074" lon="8.966433640541457">
      <ele>518.4</ele></trkpt>
      <trkpt lat="46.06656145071596" lon="8.966495125846002">
      <ele>517.8</ele></trkpt>
      </trkseg>
  </trk>
</gpx>