<?xml version='1.0' encoding='utf-8'?>
<gpx xmlns="http://www.topografix.com/GPX/1/1" xmlns:xsi="http://www.w3.org/2001/XMLSchema-instance" xsi:schemaLocation="http://www.topografix.com/GPX/1/1 http://www.topografix.com/GPX/1/1/gpx.xsd" version="1.1" creator="gpx.py -- https://github.com/tkrajina/gpxpy">
  <trk>
    <name>rochers-de-naye-les-cases</name>
    <trkseg>
      <trkpt lat="46.431804586525935" lon="6.97605346261134">
      <ele>2041.7</ele></trkpt>
      <trkpt lat="46.431820998418026" lon="6.976113951995163">
      <ele>2040.2</ele></trkpt>
      <trkpt lat="46.43181981454982" lon="6.976156779894226">
      <ele>2038.6</ele></trkpt>
      <trkpt lat="46.43182343651735" lon="6.976215582857224">
      <ele>2037.0</ele></trkpt>
      <trkpt lat="46.43184405292762" lon="6.976279159025369">
      <ele>2035.5</ele></trkpt>
      <trkpt lat="46.43187316498871" lon="6.976352472848633">
      <ele>2034.0</ele></trkpt>
      <trkpt lat="46.431908998704614" lon="6.976408568517709">
      <ele>2032.4</ele></trkpt>
      <trkpt lat="46.431946553467796" lon="6.976472000595175">
      <ele>2030.9</ele></trkpt>
      <trkpt lat="46.43198415803161" lon="6.976547675325621">
      <ele>2029.3</ele></trkpt>
      <trkpt lat="46.43204043021302" lon="6.976628122249347">
      <ele>2027.8</ele></trkpt>
      <trkpt lat="46.43210173389286" lon="6.976693811469951">
      <ele>2026.2</ele></trkpt>
      <trkpt lat="46.43217317244869" lon="6.976752050539471">
      <ele>2024.7</ele></trkpt>
      <trkpt lat="46.43220715613158" lon="6.976771368353977">
      <ele>2023.1</ele></trkpt>
      <trkpt lat="46.43228538627689" lon="6.976829562849766">
      <ele>2021.5</ele></trkpt>
      <trkpt lat="46.43232790347993" lon="6.97686351022046">
      <ele>2020.0</ele></trkpt>
      <trkpt lat="46.432333145582334" lon="6.976902718890643">
      <ele>2018.5</ele></trkpt>
      <trkpt lat="46.432323051458624" lon="6.976922411902482">
      <ele>2016.9</ele></trkpt>
      <trkpt lat="46.43226205611861" lon="6.976930281929764">
      <ele>2015.4</ele></trkpt>
      <trkpt lat="46.43220786431336" lon="6.9769454580908">
      <ele>2013.8</ele></trkpt>
      <trkpt lat="46.432028320476796" lon="6.976983766734812">
      <ele>2012.2</ele></trkpt>
      <trkpt lat="46.43197081710491" lon="6.977018577941894">
      <ele>2010.7</ele></trkpt>
      <trkpt lat="46.43196241315814" lon="6.977035810428227">
      <ele>2009.2</ele></trkpt>
      <trkpt lat="46.43198292140297" lon="6.977077321983907">
      <ele>2007.7</ele></trkpt>
      <trkpt lat="46.43203915332944" lon="6.977147959780461">
      <ele>2006.2</ele></trkpt>
      <trkpt lat="46.432202626832904" lon="6.977325570276945">
      <ele>2004.7</ele></trkpt>
      <trkpt lat="46.432355906208805" lon="6.977498350425003">
      <ele>2003.2</ele></trkpt>
      <trkpt lat="46.43246835846446" lon="6.977634697034962">
      <ele>2001.7</ele></trkpt>
      <trkpt lat="46.432582711739485" lon="6.9778249836773005">
      <ele>2000.2</ele></trkpt>
      <trkpt lat="46.43263909149181" lon="6.977929944185906">
      <ele>1998.7</ele></trkpt>
      <trkpt lat="46.432654555849446" lon="6.977978863513042">
      <ele>1997.2</ele></trkpt>
      <trkpt lat="46.4326342279561" lon="6.977983928132345">
      <ele>1995.7</ele></trkpt>
      <trkpt lat="46.432410348327444" lon="6.977961329506061">
      <ele>1994.1</ele></trkpt>
      <trkpt lat="46.432313690076384" lon="6.977957232051363">
      <ele>1992.6</ele></trkpt>
      <trkpt lat="46.43221868135274" lon="6.977938431559938">
      <ele>1991.1</ele></trkpt>
      <trkpt lat="46.43206949056204" lon="6.977937239173472">
      <ele>1989.6</ele></trkpt>
      <trkpt lat="46.43198955559621" lon="6.977942042183927">
      <ele>1988.1</ele></trkpt>
      <trkpt lat="46.43192711316874" lon="6.977945798940901">
      <ele>1986.6</ele></trkpt>
      <trkpt lat="46.43187789328121" lon="6.977931514841804">
      <ele>1985.1</ele></trkpt>
      <trkpt lat="46.43184899218128" lon="6.97791214025573">
      <ele>1983.6</ele></trkpt>
      <trkpt lat="46.43182180114861" lon="6.977895197158689">
      <ele>1982.1</ele></trkpt>
      <trkpt lat="46.43178111563984" lon="6.977898001604409">
      <ele>1980.6</ele></trkpt>
      <trkpt lat="46.431740537676916" lon="6.977922871036039">
      <ele>1979.6</ele></trkpt>
      <trkpt lat="46.43165468623116" lon="6.978021452167574">
      <ele>1978.5</ele></trkpt>
      <trkpt lat="46.431628566187506" lon="6.97791152674324">
      <ele>1977.5</ele></trkpt>
      <trkpt lat="46.43159260029938" lon="6.97780717547848">
      <ele>1976.5</ele></trkpt>
      <trkpt lat="46.431569147471215" lon="6.9777582209205">
      <ele>1975.4</ele></trkpt>
      <trkpt lat="46.43154810690083" lon="6.97770739842226">
      <ele>1974.4</ele></trkpt>
      <trkpt lat="46.4315302595925" lon="6.9776565228153125">
      <ele>1973.4</ele></trkpt>
      <trkpt lat="46.431520511616476" lon="6.97762414441839">
      <ele>1972.4</ele></trkpt>
      <trkpt lat="46.43151716799284" lon="6.977589395750487">
      <ele>1971.3</ele></trkpt>
      <trkpt lat="46.431510707501545" lon="6.977580161142821">
      <ele>1970.3</ele></trkpt>
      <trkpt lat="46.43150272980691" lon="6.9775871895422705">
      <ele>1969.3</ele></trkpt>
      <trkpt lat="46.431498049065986" lon="6.977619690504633">
      <ele>1968.2</ele></trkpt>
      <trkpt lat="46.43148673262051" lon="6.977652976420378">
      <ele>1967.2</ele></trkpt>
      <trkpt lat="46.43148421864889" lon="6.9776785373783925">
      <ele>1966.2</ele></trkpt>
      <trkpt lat="46.431467854109655" lon="6.977684882393603">
      <ele>1965.2</ele></trkpt>
      <trkpt lat="46.43145491397769" lon="6.977659478747231">
      <ele>1964.1</ele></trkpt>
      <trkpt lat="46.43143544628728" lon="6.977601682422305">
      <ele>1963.1</ele></trkpt>
      <trkpt lat="46.431396624636726" lon="6.977518537051912">
      <ele>1962.1</ele></trkpt>
      <trkpt lat="46.431360985974294" lon="6.977428391137856">
      <ele>1961.0</ele></trkpt>
      <trkpt lat="46.431349571180746" lon="6.977382105854762">
      <ele>1960.0</ele></trkpt>
      <trkpt lat="46.431347602491314" lon="6.977291686864145">
      <ele>1958.9</ele></trkpt>
      <trkpt lat="46.43133945607389" lon="6.977261623896343">
      <ele>1957.7</ele></trkpt>
      <trkpt lat="46.43131516566932" lon="6.9771992111020005">
      <ele>1956.6</ele></trkpt>
      <trkpt lat="46.431282785789534" lon="6.977122972003455">
      <ele>1955.4</ele></trkpt>
      <trkpt lat="46.43126322392285" lon="6.977044295092866">
      <ele>1954.3</ele></trkpt>
      <trkpt lat="46.43124535753454" lon="6.976988801425369">
      <ele>1953.2</ele></trkpt>
      <trkpt lat="46.43120014003021" lon="6.97690801404806">
      <ele>1952.0</ele></trkpt>
      <trkpt lat="46.431169454983916" lon="6.976852616563503">
      <ele>1950.9</ele></trkpt>
      <trkpt lat="46.431141135617864" lon="6.976801596527252">
      <ele>1949.7</ele></trkpt>
      <trkpt lat="46.43110675774656" lon="6.97676056806181">
      <ele>1948.6</ele></trkpt>
      <trkpt lat="46.431090281899735" lon="6.976750599214245">
      <ele>1947.5</ele></trkpt>
      <trkpt lat="46.43099853185979" lon="6.976615239551004">
      <ele>1946.3</ele></trkpt>
      <trkpt lat="46.43097260257798" lon="6.976545880840973">
      <ele>1945.2</ele></trkpt>
      <trkpt lat="46.43096437994984" lon="6.9764949371942215">
      <ele>1944.0</ele></trkpt>
      <trkpt lat="46.43096898575224" lon="6.976448529001838">
      <ele>1942.9</ele></trkpt>
      <trkpt lat="46.43097194172995" lon="6.976383569052079">
      <ele>1941.8</ele></trkpt>
      <trkpt lat="46.43095884981362" lon="6.976318758827436">
      <ele>1940.6</ele></trkpt>
      <trkpt lat="46.43094100242594" lon="6.976270226091096">
      <ele>1939.5</ele></trkpt>
      <trkpt lat="46.430903940598085" lon="6.976221831099879">
      <ele>1938.3</ele></trkpt>
      <trkpt lat="46.43086204049147" lon="6.97612522203013">
      <ele>1937.2</ele></trkpt>
      <trkpt lat="46.4308435055268" lon="6.976086791330299">
      <ele>1936.2</ele></trkpt>
      <trkpt lat="46.43081194872993" lon="6.975991967776217">
      <ele>1935.3</ele></trkpt>
      <trkpt lat="46.430794403738595" lon="6.975876416483285">
      <ele>1934.3</ele></trkpt>
      <trkpt lat="46.430777355276426" lon="6.97584957844985">
      <ele>1933.4</ele></trkpt>
      <trkpt lat="46.43076621356529" lon="6.975868226191764">
      <ele>1932.4</ele></trkpt>
      <trkpt lat="46.43074674398435" lon="6.975942590079948">
      <ele>1931.4</ele></trkpt>
      <trkpt lat="46.430744938782254" lon="6.9759764192918245">
      <ele>1930.5</ele></trkpt>
      <trkpt lat="46.430726762603626" lon="6.97602161597024">
      <ele>1929.5</ele></trkpt>
      <trkpt lat="46.43069969529964" lon="6.976068215459635">
      <ele>1928.6</ele></trkpt>
      <trkpt lat="46.43069669177889" lon="6.976119254478264">
      <ele>1927.6</ele></trkpt>
      <trkpt lat="46.430688752409054" lon="6.976137874843421">
      <ele>1926.6</ele></trkpt>
      <trkpt lat="46.43066952997971" lon="6.976142670341712">
      <ele>1925.7</ele></trkpt>
      <trkpt lat="46.43065179541284" lon="6.9761196371414895">
      <ele>1924.7</ele></trkpt>
      <trkpt lat="46.4306308201642" lon="6.976085026398456">
      <ele>1923.8</ele></trkpt>
      <trkpt lat="46.43062098714098" lon="6.976034096869025">
      <ele>1922.8</ele></trkpt>
      <trkpt lat="46.430622379992215" lon="6.975980755817165">
      <ele>1921.8</ele></trkpt>
      <trkpt lat="46.4306094206008" lon="6.975950721471944">
      <ele>1920.9</ele></trkpt>
      <trkpt lat="46.43058691073515" lon="6.9759346765678">
      <ele>1919.9</ele></trkpt>
      <trkpt lat="46.430559654476404" lon="6.975934908972183">
      <ele>1919.0</ele></trkpt>
      <trkpt lat="46.43053247383727" lon="6.9759536933741835">
      <ele>1918.0</ele></trkpt>
      <trkpt lat="46.43051036091245" lon="6.976035039935808">
      <ele>1916.2</ele></trkpt>
      <trkpt lat="46.43049755230697" lon="6.976039793789167">
      <ele>1914.5</ele></trkpt>
      <trkpt lat="46.43048308577874" lon="6.97603064079907">
      <ele>1912.7</ele></trkpt>
      <trkpt lat="46.43047172665498" lon="6.975995948215599">
      <ele>1910.9</ele></trkpt>
      <trkpt lat="46.43048276445444" lon="6.975951801384671">
      <ele>1909.2</ele></trkpt>
      <trkpt lat="46.430471433678655" lon="6.975924069061688">
      <ele>1907.4</ele></trkpt>
      <trkpt lat="46.430452201871795" lon="6.975926561882465">
      <ele>1905.6</ele></trkpt>
      <trkpt lat="46.430410725201085" lon="6.975980231504452">
      <ele>1903.8</ele></trkpt>
      <trkpt lat="46.430394732646185" lon="6.975987328329291">
      <ele>1902.1</ele></trkpt>
      <trkpt lat="46.43038495632047" lon="6.975950319504622">
      <ele>1900.3</ele></trkpt>
      <trkpt lat="46.43037653490705" lon="6.9758506808979694">
      <ele>1898.5</ele></trkpt>
      <trkpt lat="46.430364939850456" lon="6.975760345685501">
      <ele>1896.8</ele></trkpt>
      <trkpt lat="46.43032766081936" lon="6.975660953346927">
      <ele>1895.0</ele></trkpt>
      <trkpt lat="46.430296871599325" lon="6.9755823741439515">
      <ele>1893.2</ele></trkpt>
      <trkpt lat="46.43024020921988" lon="6.9754483712251005">
      <ele>1891.4</ele></trkpt>
      <trkpt lat="46.430204578417495" lon="6.975360557335075">
      <ele>1889.7</ele></trkpt>
      <trkpt lat="46.430172045841566" lon="6.97524721714689">
      <ele>1887.9</ele></trkpt>
      <trkpt lat="46.43013311783753" lon="6.9751362475299254">
      <ele>1886.1</ele></trkpt>
      <trkpt lat="46.43010401420538" lon="6.9750762070012">
      <ele>1884.4</ele></trkpt>
      <trkpt lat="46.430062064039866" lon="6.975011631664958">
      <ele>1882.6</ele></trkpt>
      <trkpt lat="46.43002663181514" lon="6.974972513634291">
      <ele>1880.7</ele></trkpt>
      <trkpt lat="46.42995893181453" lon="6.974884974459275">
      <ele>1878.7</ele></trkpt>
      <trkpt lat="46.42992498703663" lon="6.9748180152179415">
      <ele>1876.8</ele></trkpt>
      <trkpt lat="46.429891079711446" lon="6.974758029161931">
      <ele>1874.8</ele></trkpt>
      <trkpt lat="46.42986676993927" lon="6.974695619308225">
      <ele>1872.9</ele></trkpt>
      <trkpt lat="46.42984381445719" lon="6.974570606317519">
      <ele>1871.0</ele></trkpt>
      <trkpt lat="46.42981305246852" lon="6.974496672799386">
      <ele>1869.0</ele></trkpt>
      <trkpt lat="46.42976777678906" lon="6.974404298126862">
      <ele>1867.1</ele></trkpt>
      <trkpt lat="46.42973059140095" lon="6.974328090960889">
      <ele>1865.1</ele></trkpt>
      <trkpt lat="46.42969024205553" lon="6.974263515955218">
      <ele>1863.2</ele></trkpt>
      <trkpt lat="46.42967227891975" lon="6.974182512893539">
      <ele>1861.3</ele></trkpt>
      <trkpt lat="46.42965925266781" lon="6.974136256526268">
      <ele>1859.3</ele></trkpt>
      <trkpt lat="46.42965096251073" lon="6.974069078493426">
      <ele>1857.4</ele></trkpt>
      <trkpt lat="46.42962985426153" lon="6.974004326020299">
      <ele>1855.4</ele></trkpt>
      <trkpt lat="46.42955710315972" lon="6.97385655644419">
      <ele>1853.5</ele></trkpt>
      <trkpt lat="46.42951667800785" lon="6.973775733119149">
      <ele>1851.6</ele></trkpt>
      <trkpt lat="46.42948826906785" lon="6.973714165872132">
      <ele>1849.6</ele></trkpt>
      <trkpt lat="46.4294544092771" lon="6.973632987266776">
      <ele>1847.7</ele></trkpt>
      <trkpt lat="46.42943474534053" lon="6.973600253456072">
      <ele>1845.7</ele></trkpt>
      <trkpt lat="46.42940904390158" lon="6.973578174561894">
      <ele>1843.8</ele></trkpt>
      <trkpt lat="46.429381142618" lon="6.973565885047818">
      <ele>1842.7</ele></trkpt>
      <trkpt lat="46.42932485742469" lon="6.973522315621532">
      <ele>1841.6</ele></trkpt>
      <trkpt lat="46.42930541659094" lon="6.97347378590503">
      <ele>1840.5</ele></trkpt>
      <trkpt lat="46.429263522564945" lon="6.973423132933128">
      <ele>1839.4</ele></trkpt>
      <trkpt lat="46.429229691481034" lon="6.973386318556001">
      <ele>1838.2</ele></trkpt>
      <trkpt lat="46.42918125953444" lon="6.973303248952814">
      <ele>1837.1</ele></trkpt>
      <trkpt lat="46.42915382269068" lon="6.973259432563364">
      <ele>1836.0</ele></trkpt>
      <trkpt lat="46.42912786337189" lon="6.973185446518636">
      <ele>1834.9</ele></trkpt>
      <trkpt lat="46.42911001364232" lon="6.9731322849242146">
      <ele>1833.8</ele></trkpt>
      <trkpt lat="46.429076124923824" lon="6.973079247953594">
      <ele>1832.7</ele></trkpt>
      <trkpt lat="46.42903748964819" lon="6.973040159371067">
      <ele>1831.6</ele></trkpt>
      <trkpt lat="46.42899081130076" lon="6.972996482312546">
      <ele>1830.5</ele></trkpt>
      <trkpt lat="46.428915247601964" lon="6.972948447705035">
      <ele>1829.4</ele></trkpt>
      <trkpt lat="46.42886227867409" lon="6.972932665934002">
      <ele>1828.3</ele></trkpt>
      <trkpt lat="46.42883654704818" lon="6.9729120319418545">
      <ele>1827.1</ele></trkpt>
      <trkpt lat="46.428813980196466" lon="6.972884397523153">
      <ele>1826.0</ele></trkpt>
      <trkpt lat="46.42876413752069" lon="6.972850036969593">
      <ele>1824.9</ele></trkpt>
      <trkpt lat="46.42872067114817" lon="6.972808687502894">
      <ele>1823.8</ele></trkpt>
      <trkpt lat="46.428664309469895" lon="6.972746555028226">
      <ele>1822.7</ele></trkpt>
      <trkpt lat="46.42864007479597" lon="6.972702711842329">
      <ele>1821.6</ele></trkpt>
      <trkpt lat="46.4285964750117" lon="6.972628878244414">
      <ele>1821.3</ele></trkpt>
      <trkpt lat="46.42854649898816" lon="6.972562059768258">
      <ele>1821.0</ele></trkpt>
      <trkpt lat="46.42852067204605" lon="6.972518230435779">
      <ele>1820.7</ele></trkpt>
      <trkpt lat="46.428485077073155" lon="6.9724396968991735">
      <ele>1820.4</ele></trkpt>
      <trkpt lat="46.42845760174237" lon="6.972386592857504">
      <ele>1820.1</ele></trkpt>
      <trkpt lat="46.42843807475272" lon="6.972317210398983">
      <ele>1819.8</ele></trkpt>
      <trkpt lat="46.4284155071844" lon="6.972287247687729">
      <ele>1819.5</ele></trkpt>
      <trkpt lat="46.42839113138969" lon="6.97222223924228">
      <ele>1819.2</ele></trkpt>
      <trkpt lat="46.42838220494453" lon="6.972182193873883">
      <ele>1818.9</ele></trkpt>
      <trkpt lat="46.42837227270393" lon="6.972133817912182">
      <ele>1818.5</ele></trkpt>
      <trkpt lat="46.428362124650704" lon="6.972037320751992">
      <ele>1818.2</ele></trkpt>
      <trkpt lat="46.42845565650761" lon="6.9720292310798">
      <ele>1817.9</ele></trkpt>
      <trkpt lat="46.428508141685036" lon="6.972012647661783">
      <ele>1817.6</ele></trkpt>
      <trkpt lat="46.42855413458935" lon="6.971963894768979">
      <ele>1817.3</ele></trkpt>
      <trkpt lat="46.42860064395447" lon="6.971942301832754">
      <ele>1817.0</ele></trkpt>
      <trkpt lat="46.42869611170718" lon="6.971945591924895">
      <ele>1816.7</ele></trkpt>
      <trkpt lat="46.42873767428572" lon="6.97193078055819">
      <ele>1816.4</ele></trkpt>
      <trkpt lat="46.42882007673702" lon="6.971876354166187">
      <ele>1816.1</ele></trkpt>
      <trkpt lat="46.428878437448276" lon="6.971822902002333">
      <ele>1815.8</ele></trkpt>
      <trkpt lat="46.42891060825238" lon="6.971777428929173">
      <ele>1815.5</ele></trkpt>
      <trkpt lat="46.42894641842789" lon="6.971761626072981">
      <ele>1814.5</ele></trkpt>
      <trkpt lat="46.428972599229404" lon="6.971744878261035">
      <ele>1813.5</ele></trkpt>
      <trkpt lat="46.42900219208201" lon="6.971772516893008">
      <ele>1812.6</ele></trkpt>
      <trkpt lat="46.429048838488946" lon="6.971821436182861">
      <ele>1811.6</ele></trkpt>
      <trkpt lat="46.429069583264685" lon="6.971801872948983">
      <ele>1810.6</ele></trkpt>
      <trkpt lat="46.42908609747258" lon="6.971770754251734">
      <ele>1809.6</ele></trkpt>
      <trkpt lat="46.42911305855339" lon="6.9717818669623295">
      <ele>1808.6</ele></trkpt>
      <trkpt lat="46.42912656154063" lon="6.9717447635509995">
      <ele>1807.7</ele></trkpt>
      <trkpt lat="46.42912633416104" lon="6.971689486292564">
      <ele>1806.7</ele></trkpt>
      <trkpt lat="46.42912780321165" lon="6.971659537790015">
      <ele>1805.7</ele></trkpt>
      <trkpt lat="46.42913888174492" lon="6.971641007374462">
      <ele>1804.7</ele></trkpt>
      <trkpt lat="46.42915796963741" lon="6.971638540352843">
      <ele>1803.7</ele></trkpt>
      <trkpt lat="46.429199067373716" lon="6.971674744649466">
      <ele>1802.8</ele></trkpt>
      <trkpt lat="46.42923501347175" lon="6.971691985773401">
      <ele>1801.8</ele></trkpt>
      <trkpt lat="46.42929605144412" lon="6.971731739449821">
      <ele>1800.8</ele></trkpt>
      <trkpt lat="46.42934782715676" lon="6.971719832176863">
      <ele>1799.8</ele></trkpt>
      <trkpt lat="46.42937337712678" lon="6.971733428955752">
      <ele>1798.8</ele></trkpt>
      <trkpt lat="46.42938134940371" lon="6.971755789596923">
      <ele>1797.9</ele></trkpt>
      <trkpt lat="46.429368913601415" lon="6.971811774509223">
      <ele>1796.9</ele></trkpt>
      <trkpt lat="46.42937222110112" lon="6.9718416820530145">
      <ele>1795.9</ele></trkpt>
      <trkpt lat="46.42939460612807" lon="6.971862227438663">
      <ele>1794.8</ele></trkpt>
      <trkpt lat="46.42941899120527" lon="6.971865998751794">
      <ele>1793.7</ele></trkpt>
      <trkpt lat="46.42942979070651" lon="6.971845232958014">
      <ele>1792.7</ele></trkpt>
      <trkpt lat="46.429447684690516" lon="6.971836817679294">
      <ele>1791.6</ele></trkpt>
      <trkpt lat="46.42947021229252" lon="6.971861407980595">
      <ele>1790.5</ele></trkpt>
      <trkpt lat="46.42948576075005" lon="6.971899510692378">
      <ele>1789.4</ele></trkpt>
      <trkpt lat="46.42948729813614" lon="6.9719583678171695">
      <ele>1788.3</ele></trkpt>
      <trkpt lat="46.42949946428" lon="6.971959303993279">
      <ele>1787.3</ele></trkpt>
      <trkpt lat="46.429523809416345" lon="6.9719117901612675">
      <ele>1786.2</ele></trkpt>
      <trkpt lat="46.42953163779075" lon="6.971879470962573">
      <ele>1785.1</ele></trkpt>
      <trkpt lat="46.429547550343734" lon="6.971877044328972">
      <ele>1784.0</ele></trkpt>
      <trkpt lat="46.429558666788274" lon="6.971867724596041">
      <ele>1782.9</ele></trkpt>
      <trkpt lat="46.42957140436279" lon="6.971867615034635">
      <ele>1781.9</ele></trkpt>
      <trkpt lat="46.42959553354333" lon="6.971927292737774">
      <ele>1780.8</ele></trkpt>
      <trkpt lat="46.42960640479098" lon="6.971948041341632">
      <ele>1779.7</ele></trkpt>
      <trkpt lat="46.42962564027922" lon="6.971953027898788">
      <ele>1778.6</ele></trkpt>
      <trkpt lat="46.42963638047612" lon="6.9719178343998855">
      <ele>1777.5</ele></trkpt>
      <trkpt lat="46.42963836137382" lon="6.9718854613493635">
      <ele>1776.5</ele></trkpt>
      <trkpt lat="46.429651080064716" lon="6.971880759402886">
      <ele>1775.4</ele></trkpt>
      <trkpt lat="46.4296657725736" lon="6.9719010328105036">
      <ele>1774.3</ele></trkpt>
      <trkpt lat="46.429679357253725" lon="6.971931918962043">
      <ele>1772.8</ele></trkpt>
      <trkpt lat="46.42969669799751" lon="6.971942099823902">
      <ele>1771.3</ele></trkpt>
      <trkpt lat="46.429721296739295" lon="6.971914697210256">
      <ele>1769.8</ele></trkpt>
      <trkpt lat="46.42973877255958" lon="6.971903032985305">
      <ele>1768.3</ele></trkpt>
      <trkpt lat="46.429761052544116" lon="6.971863030492359">
      <ele>1766.8</ele></trkpt>
      <trkpt lat="46.42977202254801" lon="6.971881540561811">
      <ele>1765.4</ele></trkpt>
      <trkpt lat="46.429782366495225" lon="6.971903126405111">
      <ele>1763.9</ele></trkpt>
      <trkpt lat="46.429793920457925" lon="6.971906136444311">
      <ele>1762.4</ele></trkpt>
      <trkpt lat="46.429817478034195" lon="6.97187493076103">
      <ele>1760.9</ele></trkpt>
      <trkpt lat="46.429838638661494" lon="6.971879926773276">
      <ele>1759.4</ele></trkpt>
      <trkpt lat="46.42986753282938" lon="6.971895173291403">
      <ele>1757.9</ele></trkpt>
      <trkpt lat="46.429900868488616" lon="6.971901079389462">
      <ele>1756.4</ele></trkpt>
      <trkpt lat="46.42993473664094" lon="6.9718811558091405">
      <ele>1754.9</ele></trkpt>
      <trkpt lat="46.42996459648086" lon="6.971822782699337">
      <ele>1753.4</ele></trkpt>
      <trkpt lat="46.42998017739948" lon="6.971739722035609">
      <ele>1752.0</ele></trkpt>
      <trkpt lat="46.42998962639129" lon="6.971714309990933">
      <ele>1750.5</ele></trkpt>
      <trkpt lat="46.43000556724954" lon="6.971718765412039">
      <ele>1749.0</ele></trkpt>
      <trkpt lat="46.43002317570831" lon="6.9717393520838895">
      <ele>1747.5</ele></trkpt>
      <trkpt lat="46.43004072775852" lon="6.971748412257554">
      <ele>1746.0</ele></trkpt>
      <trkpt lat="46.43004703971713" lon="6.971734541165635">
      <ele>1744.5</ele></trkpt>
      <trkpt lat="46.430051693119665" lon="6.971704551746355">
      <ele>1743.2</ele></trkpt>
      <trkpt lat="46.43007998948162" lon="6.971699117214231">
      <ele>1741.9</ele></trkpt>
      <trkpt lat="46.43009954384821" lon="6.971722575422286">
      <ele>1740.6</ele></trkpt>
      <trkpt lat="46.43011080240828" lon="6.97174780935483">
      <ele>1739.3</ele></trkpt>
      <trkpt lat="46.430133292103925" lon="6.971795987696">
      <ele>1738.0</ele></trkpt>
      <trkpt lat="46.430157358548534" lon="6.9718141510334">
      <ele>1736.6</ele></trkpt>
      <trkpt lat="46.43019008999624" lon="6.971826255161428">
      <ele>1735.3</ele></trkpt>
      <trkpt lat="46.43023212099724" lon="6.971818165538937">
      <ele>1734.0</ele></trkpt>
      <trkpt lat="46.43024952104521" lon="6.971788079375365">
      <ele>1732.7</ele></trkpt>
      <trkpt lat="46.43024770148989" lon="6.9717328146720385">
      <ele>1731.4</ele></trkpt>
      <trkpt lat="46.43024119056994" lon="6.971698315594309">
      <ele>1730.1</ele></trkpt>
      <trkpt lat="46.43024745515893" lon="6.9716729308223115">
      <ele>1728.8</ele></trkpt>
      <trkpt lat="46.43028294632408" lon="6.971673614192047">
      <ele>1727.5</ele></trkpt>
      <trkpt lat="46.43033613069801" lon="6.971678308582508">
      <ele>1726.2</ele></trkpt>
      <trkpt lat="46.430359970698554" lon="6.971707025181555">
      <ele>1724.8</ele></trkpt>
      <trkpt lat="46.43038635640763" lon="6.9717357199025365">
      <ele>1723.5</ele></trkpt>
      <trkpt lat="46.43044377662412" lon="6.971779499742817">
      <ele>1722.2</ele></trkpt>
      <trkpt lat="46.43046613319781" lon="6.971793124296874">
      <ele>1720.9</ele></trkpt>
      <trkpt lat="46.43048361847609" lon="6.971783762607262">
      <ele>1719.6</ele></trkpt>
      <trkpt lat="46.43048190363364" lon="6.971756143567674">
      <ele>1718.3</ele></trkpt>
      <trkpt lat="46.43045612527809" lon="6.971682649255779">
      <ele>1716.8</ele></trkpt>
      <trkpt lat="46.43043515241938" lon="6.971618337922226">
      <ele>1715.2</ele></trkpt>
      <trkpt lat="46.43041105150171" lon="6.971565567627776">
      <ele>1713.7</ele></trkpt>
      <trkpt lat="46.43039967919169" lon="6.971512700820941">
      <ele>1712.2</ele></trkpt>
      <trkpt lat="46.43040756431188" lon="6.9714941974311655">
      <ele>1710.7</ele></trkpt>
      <trkpt lat="46.43044263011866" lon="6.971500817022133">
      <ele>1709.1</ele></trkpt>
      <trkpt lat="46.4304760367523" lon="6.971488989346558">
      <ele>1707.6</ele></trkpt>
      <trkpt lat="46.430542700038266" lon="6.971435450641104">
      <ele>1706.1</ele></trkpt>
      <trkpt lat="46.43056973841397" lon="6.971425993562873">
      <ele>1704.5</ele></trkpt>
      <trkpt lat="46.430579196330974" lon="6.97140058111">
      <ele>1703.0</ele></trkpt>
      <trkpt lat="46.430569548848084" lon="6.971379938798267">
      <ele>1701.5</ele></trkpt>
      <trkpt lat="46.4305408614072" lon="6.971375593186872">
      <ele>1699.9</ele></trkpt>
      <trkpt lat="46.43051850424621" lon="6.971359652962789">
      <ele>1698.4</ele></trkpt>
      <trkpt lat="46.430515216063206" lon="6.971336653101802">
      <ele>1696.9</ele></trkpt>
      <trkpt lat="46.43052946003055" lon="6.971313502260179">
      <ele>1695.3</ele></trkpt>
      <trkpt lat="46.43055488767003" lon="6.971301743165491">
      <ele>1693.8</ele></trkpt>
      <trkpt lat="46.43058825695257" lon="6.97128303322305">
      <ele>1692.3</ele></trkpt>
      <trkpt lat="46.43061201611057" lon="6.9712505760866215">
      <ele>1690.8</ele></trkpt>
      <trkpt lat="46.43062934963289" lon="6.971204370345317">
      <ele>1689.2</ele></trkpt>
      <trkpt lat="46.430646636207555" lon="6.971148953686169">
      <ele>1687.7</ele></trkpt>
      <trkpt lat="46.430672091846276" lon="6.971141812906385">
      <ele>1687.3</ele></trkpt>
      <trkpt lat="46.43068149269802" lon="6.971124402187006">
      <ele>1686.9</ele></trkpt>
      <trkpt lat="46.430675833449754" lon="6.971095789236191">
      <ele>1686.5</ele></trkpt>
      <trkpt lat="46.43067446901678" lon="6.971074659243043">
      <ele>1686.0</ele></trkpt>
      <trkpt lat="46.430682877195665" lon="6.97105648945636">
      <ele>1685.6</ele></trkpt>
      <trkpt lat="46.430692382512134" lon="6.971042603612818">
      <ele>1685.2</ele></trkpt>
      <trkpt lat="46.43072259581627" lon="6.971030829138019">
      <ele>1684.8</ele></trkpt>
      <trkpt lat="46.430773564538285" lon="6.971032679756003">
      <ele>1684.4</ele></trkpt>
      <trkpt lat="46.43081822149444" lon="6.971048427769268">
      <ele>1684.0</ele></trkpt>
      <trkpt lat="46.430872526424345" lon="6.971087107994197">
      <ele>1683.6</ele></trkpt>
      <trkpt lat="46.43094860675862" lon="6.9711773949877305">
      <ele>1683.1</ele></trkpt>
      <trkpt lat="46.4310139208318" lon="6.971259370249893">
      <ele>1682.7</ele></trkpt>
      <trkpt lat="46.43106230200836" lon="6.9713363003749595">
      <ele>1682.3</ele></trkpt>
      <trkpt lat="46.43109827558986" lon="6.971377688948055">
      <ele>1681.9</ele></trkpt>
      <trkpt lat="46.43113305741919" lon="6.971474863492934">
      <ele>1681.5</ele></trkpt>
      <trkpt lat="46.43120232514095" lon="6.971573289577933">
      <ele>1681.1</ele></trkpt>
      <trkpt lat="46.43122812870621" lon="6.971661642553709">
      <ele>1680.6</ele></trkpt>
      <trkpt lat="46.43124741637489" lon="6.9717099274663">
      <ele>1680.2</ele></trkpt>
      <trkpt lat="46.431271164748225" lon="6.971740427781306">
      <ele>1679.8</ele></trkpt>
      <trkpt lat="46.431294186982804" lon="6.971736547737845">
      <ele>1679.4</ele></trkpt>
      <trkpt lat="46.431307451163335" lon="6.9717157469825635">
      <ele>1680.4</ele></trkpt>
      <trkpt lat="46.43132652154275" lon="6.971715582891073">
      <ele>1681.4</ele></trkpt>
      <trkpt lat="46.43134205727753" lon="6.971744020197739">
      <ele>1682.5</ele></trkpt>
      <trkpt lat="46.43136764888342" lon="6.971783052603118">
      <ele>1683.5</ele></trkpt>
      <trkpt lat="46.43141385024446" lon="6.971885633096647">
      <ele>1684.5</ele></trkpt>
      <trkpt lat="46.431439543580524" lon="6.971951609469119">
      <ele>1685.5</ele></trkpt>
      <trkpt lat="46.43148223364753" lon="6.972027249665978">
      <ele>1686.5</ele></trkpt>
      <trkpt lat="46.43150273144869" lon="6.972061395120653">
      <ele>1687.6</ele></trkpt>
      <trkpt lat="46.43152497191847" lon="6.972110253515631">
      <ele>1688.6</ele></trkpt>
      <trkpt lat="46.43156095991701" lon="6.9722055714276845">
      <ele>1689.6</ele></trkpt>
      <trkpt lat="46.43158994254657" lon="6.97224454904059">
      <ele>1690.6</ele></trkpt>
      <trkpt lat="46.43162221680538" lon="6.972261432542198">
      <ele>1691.6</ele></trkpt>
      <trkpt lat="46.43167650874076" lon="6.972270775880797">
      <ele>1692.7</ele></trkpt>
      <trkpt lat="46.4317037811577" lon="6.972307322324365">
      <ele>1693.7</ele></trkpt>
      <trkpt lat="46.43173117228902" lon="6.972368392688492">
      <ele>1694.7</ele></trkpt>
      <trkpt lat="46.431761937735665" lon="6.972431880110232">
      <ele>1695.7</ele></trkpt>
      <trkpt lat="46.43180125528552" lon="6.972510009100414">
      <ele>1696.7</ele></trkpt>
      <trkpt lat="46.431823485412885" lon="6.972556396024881">
      <ele>1697.8</ele></trkpt>
      <trkpt lat="46.431850757737834" lon="6.972592942710989">
      <ele>1698.8</ele></trkpt>
      <trkpt lat="46.431888213960136" lon="6.972631847968921">
      <ele>1699.8</ele></trkpt>
      <trkpt lat="46.431934122716605" lon="6.97266332970509">
      <ele>1700.6</ele></trkpt>
      <trkpt lat="46.43198174378751" lon="6.972702147791233">
      <ele>1701.3</ele></trkpt>
      <trkpt lat="46.43200228169982" lon="6.972746116490032">
      <ele>1702.1</ele></trkpt>
      <trkpt lat="46.43203474707761" lon="6.972809589848333">
      <ele>1702.8</ele></trkpt>
      <trkpt lat="46.43208751990679" lon="6.972863078951402">
      <ele>1703.6</ele></trkpt>
      <trkpt lat="46.43210459704774" lon="6.972892349445305">
      <ele>1704.3</ele></trkpt>
      <trkpt lat="46.432133629772906" lon="6.97294359643135">
      <ele>1705.1</ele></trkpt>
      <trkpt lat="46.43215574908841" lon="6.972963013668001">
      <ele>1705.8</ele></trkpt>
      <trkpt lat="46.432191404549656" lon="6.972977435761635">
      <ele>1706.6</ele></trkpt>
      <trkpt lat="46.43223230219856" lon="6.973028568057567">
      <ele>1707.3</ele></trkpt>
      <trkpt lat="46.432262955629355" lon="6.973062640236845">
      <ele>1708.1</ele></trkpt>
      <trkpt lat="46.4322901473298" lon="6.973079568039396">
      <ele>1708.9</ele></trkpt>
      <trkpt lat="46.43234287871611" lon="6.973120788916296">
      <ele>1709.6</ele></trkpt>
      <trkpt lat="46.432380284555876" lon="6.973147452240141">
      <ele>1710.4</ele></trkpt>
      <trkpt lat="46.43241939047856" lon="6.973174088006926">
      <ele>1711.1</ele></trkpt>
      <trkpt lat="46.43246024781937" lon="6.973215410918048">
      <ele>1711.9</ele></trkpt>
      <trkpt lat="46.43249594341334" lon="6.9732396300024355">
      <ele>1712.6</ele></trkpt>
      <trkpt lat="46.43252663591042" lon="6.973281053204115">
      <ele>1713.4</ele></trkpt>
      <trkpt lat="46.432547619210034" lon="6.973330587345195">
      <ele>1714.1</ele></trkpt>
      <trkpt lat="46.43257786915283" lon="6.973373783895567">
      <ele>1714.9</ele></trkpt>
      <trkpt lat="46.43263233080638" lon="6.973422367550682">
      <ele>1715.3</ele></trkpt>
      <trkpt lat="46.43266460488977" lon="6.973439252077112">
      <ele>1715.6</ele></trkpt>
      <trkpt lat="46.43271261827829" lon="6.973466306244151">
      <ele>1716.0</ele></trkpt>
      <trkpt lat="46.43275351847408" lon="6.973491769061245">
      <ele>1716.4</ele></trkpt>
      <trkpt lat="46.432830827887926" lon="6.973518038763287">
      <ele>1716.8</ele></trkpt>
      <trkpt lat="46.43288548994587" lon="6.9735321163376005">
      <ele>1717.1</ele></trkpt>
      <trkpt lat="46.43293291491854" lon="6.97354729683738">
      <ele>1717.5</ele></trkpt>
      <trkpt lat="46.43300934713057" lon="6.973583423447786">
      <ele>1717.9</ele></trkpt>
      <trkpt lat="46.433067069408565" lon="6.973600103105125">
      <ele>1718.2</ele></trkpt>
      <trkpt lat="46.43310272468209" lon="6.973614499838633">
      <ele>1718.6</ele></trkpt>
      <trkpt lat="46.433141831518604" lon="6.973643582336297">
      <ele>1719.0</ele></trkpt>
      <trkpt lat="46.43318440789776" lon="6.973687350481258">
      <ele>1719.3</ele></trkpt>
      <trkpt lat="46.43320990943334" lon="6.9737067524275504">
      <ele>1719.7</ele></trkpt>
      <trkpt lat="46.43324725481845" lon="6.973718688735057">
      <ele>1720.1</ele></trkpt>
      <trkpt lat="46.433287981474706" lon="6.973728150034184">
      <ele>1720.5</ele></trkpt>
      <trkpt lat="46.43332704714051" lon="6.973744989770498">
      <ele>1720.8</ele></trkpt>
      <trkpt lat="46.43337284616129" lon="6.973751948576994">
      <ele>1721.2</ele></trkpt>
      <trkpt lat="46.43339999758632" lon="6.973759067153013">
      <ele>1721.6</ele></trkpt>
      <trkpt lat="46.43343399184757" lon="6.973780842515725">
      <ele>1721.9</ele></trkpt>
      <trkpt lat="46.43346118247369" lon="6.973795337999835">
      <ele>1722.3</ele></trkpt>
      <trkpt lat="46.43349703748193" lon="6.9738563255786445">
      <ele>1723.3</ele></trkpt>
      <trkpt lat="46.43353624358742" lon="6.973907474251063">
      <ele>1724.4</ele></trkpt>
      <trkpt lat="46.433568824451505" lon="6.9739443806456665">
      <ele>1725.4</ele></trkpt>
      <trkpt lat="46.43360410478563" lon="6.97397707442443">
      <ele>1726.5</ele></trkpt>
      <trkpt lat="46.43361869826798" lon="6.974015006662123">
      <ele>1727.5</ele></trkpt>
      <trkpt lat="46.433644543399005" lon="6.974043643796885">
      <ele>1728.6</ele></trkpt>
      <trkpt lat="46.43367252161347" lon="6.974068151213267">
      <ele>1729.6</ele></trkpt>
      <trkpt lat="46.433708286182565" lon="6.974107073273283">
      <ele>1730.7</ele></trkpt>
      <trkpt lat="46.433745661658115" lon="6.974126373956868">
      <ele>1731.7</ele></trkpt>
      <trkpt lat="46.43378478742003" lon="6.974157916093285">
      <ele>1732.8</ele></trkpt>
      <trkpt lat="46.43381373930391" lon="6.974189545356758">
      <ele>1733.8</ele></trkpt>
      <trkpt lat="46.433849454703186" lon="6.974218657675281">
      <ele>1734.8</ele></trkpt>
      <trkpt lat="46.43389028164575" lon="6.974252644472493">
      <ele>1735.9</ele></trkpt>
      <trkpt lat="46.433946323693505" lon="6.974274231659986">
      <ele>1736.9</ele></trkpt>
      <trkpt lat="46.43398034898644" lon="6.974305817665139">
      <ele>1738.0</ele></trkpt>
      <trkpt lat="46.434012771301454" lon="6.974354579072609">
      <ele>1739.0</ele></trkpt>
      <trkpt lat="46.434030209516386" lon="6.974421645252075">
      <ele>1740.1</ele></trkpt>
      <trkpt lat="46.43404684680226" lon="6.974499647659823">
      <ele>1741.1</ele></trkpt>
      <trkpt lat="46.43405639483747" lon="6.974533511987389">
      <ele>1742.2</ele></trkpt>
      <trkpt lat="46.43408407426054" lon="6.97454877148969">
      <ele>1743.2</ele></trkpt>
      <trkpt lat="46.43411181366181" lon="6.974530292639872">
      <ele>1744.1</ele></trkpt>
      <trkpt lat="46.434154271449145" lon="6.974549537278944">
      <ele>1745.0</ele></trkpt>
      <trkpt lat="46.434203560910845" lon="6.974578533927881">
      <ele>1745.9</ele></trkpt>
      <trkpt lat="46.43425963400082" lon="6.974609931727732">
      <ele>1746.7</ele></trkpt>
      <trkpt lat="46.434290166716735" lon="6.974614588844718">
      <ele>1747.6</ele></trkpt>
      <trkpt lat="46.43432069827037" lon="6.974616760841961">
      <ele>1748.5</ele></trkpt>
      <trkpt lat="46.43436140591125" lon="6.97462379007201">
      <ele>1749.4</ele></trkpt>
      <trkpt lat="46.434393687755666" lon="6.974638216667164">
      <ele>1750.3</ele></trkpt>
      <trkpt lat="46.43443449552693" lon="6.974669745165934">
      <ele>1751.2</ele></trkpt>
      <trkpt lat="46.434492248688386" lon="6.974696223599195">
      <ele>1752.1</ele></trkpt>
      <trkpt lat="46.43454834078997" lon="6.974730080647749">
      <ele>1752.9</ele></trkpt>
      <trkpt lat="46.43459767134391" lon="6.97477134692284">
      <ele>1753.8</ele></trkpt>
      <trkpt lat="46.434648632853225" lon="6.974797870589203">
      <ele>1754.7</ele></trkpt>
      <trkpt lat="46.4347183111219" lon="6.9748389630797325">
      <ele>1755.6</ele></trkpt>
      <trkpt lat="46.43474723173405" lon="6.974860783011293">
      <ele>1756.5</ele></trkpt>
      <trkpt lat="46.43477942550207" lon="6.974858061725236">
      <ele>1757.4</ele></trkpt>
      <trkpt lat="46.43483722968329" lon="6.974899242861572">
      <ele>1758.2</ele></trkpt>
      <trkpt lat="46.43485938884235" lon="6.974928498067382">
      <ele>1759.1</ele></trkpt>
      <trkpt lat="46.43491035931032" lon="6.974955021932368">
      <ele>1760.0</ele></trkpt>
      <trkpt lat="46.4349342285347" lon="6.974986695705754">
      <ele>1760.9</ele></trkpt>
      <trkpt lat="46.43498181779486" lon="6.975015720705937">
      <ele>1762.3</ele></trkpt>
      <trkpt lat="46.435012411529335" lon="6.975037526542337">
      <ele>1763.7</ele></trkpt>
      <trkpt lat="46.435061900109844" lon="6.975113116053963">
      <ele>1765.1</ele></trkpt>
      <trkpt lat="46.43510456804432" lon="6.975183858674317">
      <ele>1766.5</ele></trkpt>
      <trkpt lat="46.43514209348417" lon="6.97523994246906">
      <ele>1767.9</ele></trkpt>
      <trkpt lat="46.43516932490238" lon="6.975266682499982">
      <ele>1769.3</ele></trkpt>
      <trkpt lat="46.435211922702585" lon="6.97532026395447">
      <ele>1770.7</ele></trkpt>
      <trkpt lat="46.435227328133045" lon="6.975354469482337">
      <ele>1772.1</ele></trkpt>
      <trkpt lat="46.43525459950342" lon="6.975391006856529">
      <ele>1773.5</ele></trkpt>
      <trkpt lat="46.435286942333484" lon="6.975422608683772">
      <ele>1774.8</ele></trkpt>
      <trkpt lat="46.43532942003587" lon="6.975446772582875">
      <ele>1776.2</ele></trkpt>
      <trkpt lat="46.435370175555946" lon="6.975461140602868">
      <ele>1777.6</ele></trkpt>
      <trkpt lat="46.43546686585534" lon="6.975477477343796">
      <ele>1779.0</ele></trkpt>
      <trkpt lat="46.43554659669757" lon="6.97548660742042">
      <ele>1780.4</ele></trkpt>
      <trkpt lat="46.4356313519622" lon="6.975485883973068">
      <ele>1781.8</ele></trkpt>
      <trkpt lat="46.43568892488119" lon="6.975468230369898">
      <ele>1783.2</ele></trkpt>
      <trkpt lat="46.43576175405174" lon="6.975450433484144">
      <ele>1784.6</ele></trkpt>
      <trkpt lat="46.435849819618745" lon="6.9754276271522855">
      <ele>1786.0</ele></trkpt>
      <trkpt lat="46.4359139859686" lon="6.975365768906116">
      <ele>1787.4</ele></trkpt>
      <trkpt lat="46.43594784879885" lon="6.975353209877152">
      <ele>1788.8</ele></trkpt>
      <trkpt lat="46.43601802626344" lon="6.9753403277493025">
      <ele>1790.1</ele></trkpt>
      <trkpt lat="46.43613322680397" lon="6.975267741208976">
      <ele>1791.4</ele></trkpt>
      <trkpt lat="46.43621649174047" lon="6.9752148534945535">
      <ele>1792.8</ele></trkpt>
      <trkpt lat="46.436300294667255" lon="6.975137303941353">
      <ele>1794.1</ele></trkpt>
      <trkpt lat="46.43635866503386" lon="6.975072618775998">
      <ele>1795.4</ele></trkpt>
      <trkpt lat="46.436419498949235" lon="6.975023045005829">
      <ele>1796.7</ele></trkpt>
      <trkpt lat="46.43649121047007" lon="6.974951869834665">
      <ele>1798.0</ele></trkpt>
      <trkpt lat="46.436571317178974" lon="6.974810762809908">
      <ele>1799.4</ele></trkpt>
      <trkpt lat="46.436736749454866" lon="6.974511392405022">
      <ele>1800.7</ele></trkpt>
      <trkpt lat="46.43683584405918" lon="6.974345685491525">
      <ele>1802.0</ele></trkpt>
      <trkpt lat="46.436855232255816" lon="6.974297857415397">
      <ele>1803.3</ele></trkpt>
      <trkpt lat="46.43688301574504" lon="6.974272571947884">
      <ele>1804.6</ele></trkpt>
      <trkpt lat="46.436928808949006" lon="6.974201148598673">
      <ele>1806.0</ele></trkpt>
      <trkpt lat="46.43694393756081" lon="6.974193992727379">
      <ele>1807.3</ele></trkpt>
      <trkpt lat="46.43695654418794" lon="6.974164074759833">
      <ele>1808.6</ele></trkpt>
      <trkpt lat="46.43695277725237" lon="6.9741316555528385">
      <ele>1809.9</ele></trkpt>
      <trkpt lat="46.436971470122394" lon="6.974105185636661">
      <ele>1811.2</ele></trkpt>
      <trkpt lat="46.43697978773979" lon="6.974064764784332">
      <ele>1812.6</ele></trkpt>
      <trkpt lat="46.43701658683188" lon="6.97401795845412">
      <ele>1813.9</ele></trkpt>
      <trkpt lat="46.437040009791545" lon="6.973962509649763">
      <ele>1815.2</ele></trkpt>
      <trkpt lat="46.4370611224017" lon="6.973936018908469">
      <ele>1816.7</ele></trkpt>
      <trkpt lat="46.4370913473682" lon="6.9739138350900705">
      <ele>1818.2</ele></trkpt>
      <trkpt lat="46.43713191445821" lon="6.973875532060167">
      <ele>1819.7</ele></trkpt>
      <trkpt lat="46.43714749999354" lon="6.973863531746541">
      <ele>1821.2</ele></trkpt>
      <trkpt lat="46.43719496576129" lon="6.973849137401867">
      <ele>1822.7</ele></trkpt>
      <trkpt lat="46.43720288450379" lon="6.973807991095409">
      <ele>1824.2</ele></trkpt>
      <trkpt lat="46.43721571696134" lon="6.9737871142114765">
      <ele>1825.7</ele></trkpt>
      <trkpt lat="46.437235821821226" lon="6.973786941966976">
      <ele>1827.2</ele></trkpt>
      <trkpt lat="46.43725143120841" lon="6.973739028607283">
      <ele>1828.7</ele></trkpt>
      <trkpt lat="46.437298648754016" lon="6.973699171978276">
      <ele>1830.2</ele></trkpt>
      <trkpt lat="46.43733167109848" lon="6.973698889011683">
      <ele>1831.8</ele></trkpt>
      <trkpt lat="46.43734741655158" lon="6.973684206780269">
      <ele>1833.3</ele></trkpt>
      <trkpt lat="46.437360291511865" lon="6.973673712949445">
      <ele>1834.8</ele></trkpt>
      <trkpt lat="46.43734432531815" lon="6.973632302760977">
      <ele>1836.3</ele></trkpt>
      <trkpt lat="46.43734564547595" lon="6.97360320984083">
      <ele>1837.8</ele></trkpt>
      <trkpt lat="46.43737136184217" lon="6.973571838919272">
      <ele>1839.3</ele></trkpt>
      <trkpt lat="46.43740424857023" lon="6.973536255702473">
      <ele>1840.8</ele></trkpt>
      <trkpt lat="46.43741394758763" lon="6.973451009541044">
      <ele>1842.3</ele></trkpt>
      <trkpt lat="46.43744836660633" lon="6.973440317916982">
      <ele>1843.8</ele></trkpt>
      <trkpt lat="46.43745802492255" lon="6.973441744493198">
      <ele>1845.3</ele></trkpt>
      <trkpt lat="46.4374618237868" lon="6.9734050703212676">
      <ele>1845.8</ele></trkpt>
      <trkpt lat="46.43748595735101" lon="6.973422117220675">
      <ele>1846.3</ele></trkpt>
      <trkpt lat="46.437495692734366" lon="6.973422593262219">
      <ele>1846.8</ele></trkpt>
      <trkpt lat="46.43750860415595" lon="6.973423198215689">
      <ele>1847.3</ele></trkpt>
      <trkpt lat="46.43751864402138" lon="6.973418948310538">
      <ele>1847.8</ele></trkpt>
      <trkpt lat="46.43751506812836" lon="6.973402466812371">
      <ele>1848.2</ele></trkpt>
      <trkpt lat="46.43751279427673" lon="6.973391998681988">
      <ele>1848.7</ele></trkpt>
      <trkpt lat="46.437521343783615" lon="6.973375296105196">
      <ele>1849.2</ele></trkpt>
      <trkpt lat="46.43755006583238" lon="6.973377131727684">
      <ele>1849.7</ele></trkpt>
      <trkpt lat="46.43758155526363" lon="6.973354012704554">
      <ele>1850.2</ele></trkpt>
      <trkpt lat="46.43759861232844" lon="6.9733081814242155">
      <ele>1850.7</ele></trkpt>
      <trkpt lat="46.43758973925427" lon="6.973245943229707">
      <ele>1851.2</ele></trkpt>
      <trkpt lat="46.43760681226417" lon="6.973208400394532">
      <ele>1851.7</ele></trkpt>
      <trkpt lat="46.43761365901467" lon="6.973125260240599">
      <ele>1852.2</ele></trkpt>
      <trkpt lat="46.43762064955291" lon="6.973081584138745">
      <ele>1852.6</ele></trkpt>
      <trkpt lat="46.437642074428226" lon="6.973052318539012">
      <ele>1853.1</ele></trkpt>
      <trkpt lat="46.437642074428226" lon="6.973052318539012">
      <ele>1853.6</ele></trkpt>
      <trkpt lat="46.43762064955291" lon="6.973081584138745">
      <ele>1854.1</ele></trkpt>
      <trkpt lat="46.43761365901467" lon="6.973125260240599">
      <ele>1854.6</ele></trkpt>
      <trkpt lat="46.43760681226417" lon="6.973208400394532">
      <ele>1855.1</ele></trkpt>
      <trkpt lat="46.43758973925427" lon="6.973245943229707">
      <ele>1854.0</ele></trkpt>
      <trkpt lat="46.43759861232844" lon="6.9733081814242155">
      <ele>1852.9</ele></trkpt>
      <trkpt lat="46.43758155526363" lon="6.973354012704554">
      <ele>1851.8</ele></trkpt>
      <trkpt lat="46.43755006583238" lon="6.973377131727684">
      <ele>1850.7</ele></trkpt>
      <trkpt lat="46.437521343783615" lon="6.973375296105196">
      <ele>1849.6</ele></trkpt>
      <trkpt lat="46.43751279427673" lon="6.973391998681988">
      <ele>1848.5</ele></trkpt>
      <trkpt lat="46.43751506812836" lon="6.973402466812371">
      <ele>1847.4</ele></trkpt>
      <trkpt lat="46.43751864402138" lon="6.973418948310538">
      <ele>1846.3</ele></trkpt>
      <trkpt lat="46.43750860415595" lon="6.973423198215689">
      <ele>1845.2</ele></trkpt>
      <trkpt lat="46.437495692734366" lon="6.973422593262219">
      <ele>1844.1</ele></trkpt>
      <trkpt lat="46.43748595735101" lon="6.973422117220675">
      <ele>1843.0</ele></trkpt>
      <trkpt lat="46.4374618237868" lon="6.9734050703212676">
      <ele>1841.9</ele></trkpt>
      <trkpt lat="46.43745802492255" lon="6.973441744493198">
      <ele>1840.8</ele></trkpt>
      <trkpt lat="46.43744836660633" lon="6.973440317916982">
      <ele>1839.7</ele></trkpt>
      <trkpt lat="46.43741394758763" lon="6.973451009541044">
      <ele>1838.6</ele></trkpt>
      <trkpt lat="46.43740424857023" lon="6.973536255702473">
      <ele>1837.5</ele></trkpt>
      <trkpt lat="46.43737136184217" lon="6.973571838919272">
      <ele>1836.4</ele></trkpt>
      <trkpt lat="46.43734564547595" lon="6.97360320984083">
      <ele>1835.3</ele></trkpt>
      <trkpt lat="46.43734432531815" lon="6.973632302760977">
      <ele>1834.2</ele></trkpt>
      <trkpt lat="46.437360291511865" lon="6.973673712949445">
      <ele>1833.1</ele></trkpt>
      <trkpt lat="46.43734741655158" lon="6.973684206780269">
      <ele>1831.8</ele></trkpt>
      <trkpt lat="46.43733167109848" lon="6.973698889011683">
      <ele>1830.6</ele></trkpt>
      <trkpt lat="46.437298648754016" lon="6.973699171978276">
      <ele>1829.3</ele></trkpt>
      <trkpt lat="46.43725143120841" lon="6.973739028607283">
      <ele>1828.1</ele></trkpt>
      <trkpt lat="46.437235821821226" lon="6.973786941966976">
      <ele>1826.8</ele></trkpt>
      <trkpt lat="46.43721571696134" lon="6.9737871142114765">
      <ele>1825.6</ele></trkpt>
      <trkpt lat="46.43720288450379" lon="6.973807991095409">
      <ele>1824.3</ele></trkpt>
      <trkpt lat="46.43719496576129" lon="6.973849137401867">
      <ele>1823.1</ele></trkpt>
      <trkpt lat="46.43714749999354" lon="6.973863531746541">
      <ele>1821.8</ele></trkpt>
      <trkpt lat="46.43713191445821" lon="6.973875532060167">
      <ele>1820.5</ele></trkpt>
      <trkpt lat="46.4370913473682" lon="6.9739138350900705">
      <ele>1819.3</ele></trkpt>
      <trkpt lat="46.4370611224017" lon="6.973936018908469">
      <ele>1818.0</ele></trkpt>
      <trkpt lat="46.437040009791545" lon="6.973962509649763">
      <ele>1816.8</ele></trkpt>
      <trkpt lat="46.43701658683188" lon="6.97401795845412">
      <ele>1815.5</ele></trkpt>
      <trkpt lat="46.43697978773979" lon="6.974064764784332">
      <ele>1814.3</ele></trkpt>
      <trkpt lat="46.436971470122394" lon="6.974105185636661">
      <ele>1813.0</ele></trkpt>
      <trkpt lat="46.43695277725237" lon="6.9741316555528385">
      <ele>1811.8</ele></trkpt>
      <trkpt lat="46.43695654418794" lon="6.974164074759833">
      <ele>1810.5</ele></trkpt>
      <trkpt lat="46.43694393756081" lon="6.974193992727379">
      <ele>1809.3</ele></trkpt>
      <trkpt lat="46.436928808949006" lon="6.974201148598673">
      <ele>1808.0</ele></trkpt>
      <trkpt lat="46.43688301574504" lon="6.974272571947884">
      <ele>1806.8</ele></trkpt>
      <trkpt lat="46.436855232255816" lon="6.974297857415397">
      <ele>1805.6</ele></trkpt>
      <trkpt lat="46.43683584405918" lon="6.974345685491525">
      <ele>1804.5</ele></trkpt>
      <trkpt lat="46.436736749454866" lon="6.974511392405022">
      <ele>1803.3</ele></trkpt>
      <trkpt lat="46.436571317178974" lon="6.974810762809908">
      <ele>1802.1</ele></trkpt>
      <trkpt lat="46.43655579524842" lon="6.974739279023678">
      <ele>1800.9</ele></trkpt>
      <trkpt lat="46.43654392084158" lon="6.974629223399977">
      <ele>1799.7</ele></trkpt>
      <trkpt lat="46.436529778929156" lon="6.974431045910098">
      <ele>1798.6</ele></trkpt>
      <trkpt lat="46.4365251628665" lon="6.974232786989188">
      <ele>1797.4</ele></trkpt>
      <trkpt lat="46.43652641863657" lon="6.9740757899919155">
      <ele>1796.2</ele></trkpt>
      <trkpt lat="46.43652975932044" lon="6.973960087302798">
      <ele>1795.0</ele></trkpt>
      <trkpt lat="46.43653686214516" lon="6.973836089935531">
      <ele>1793.8</ele></trkpt>
      <trkpt lat="46.43656454303519" lon="6.973621029366895">
      <ele>1792.7</ele></trkpt>
      <trkpt lat="46.43658669193232" lon="6.973450073700396">
      <ele>1791.5</ele></trkpt>
      <trkpt lat="46.436624033764176" lon="6.973267979663967">
      <ele>1790.3</ele></trkpt>
      <trkpt lat="46.43665021310436" lon="6.973152080779283">
      <ele>1789.1</ele></trkpt>
      <trkpt lat="46.436674629819635" lon="6.973069246736536">
      <ele>1787.9</ele></trkpt>
      <trkpt lat="46.43671996533625" lon="6.972980729121708">
      <ele>1786.8</ele></trkpt>
      <trkpt lat="46.43672632834654" lon="6.9729683003334335">
      <ele>1785.6</ele></trkpt>
      <trkpt lat="46.43674829995239" lon="6.972925394152401">
      <ele>1784.4</ele></trkpt>
      <trkpt lat="46.43676712871252" lon="6.972872912230819">
      <ele>1781.4</ele></trkpt>
      <trkpt lat="46.436785891915015" lon="6.972806651370139">
      <ele>1778.4</ele></trkpt>
      <trkpt lat="46.43681109039695" lon="6.972756547880661">
      <ele>1775.4</ele></trkpt>
      <trkpt lat="46.43690180334593" lon="6.972464968304461">
      <ele>1772.4</ele></trkpt>
      <trkpt lat="46.43695222925997" lon="6.972253626616317">
      <ele>1769.4</ele></trkpt>
      <trkpt lat="46.43696985560307" lon="6.972173491478461">
      <ele>1766.4</ele></trkpt>
      <trkpt lat="46.43699883171443" lon="6.972020431525893">
      <ele>1763.4</ele></trkpt>
      <trkpt lat="46.43700068651631" lon="6.971867656770599">
      <ele>1760.4</ele></trkpt>
      <trkpt lat="46.43698996446252" lon="6.971727871935453">
      <ele>1757.4</ele></trkpt>
      <trkpt lat="46.43699008754884" lon="6.971589399078045">
      <ele>1754.4</ele></trkpt>
      <trkpt lat="46.437004253847384" lon="6.971536423106899">
      <ele>1751.4</ele></trkpt>
      <trkpt lat="46.43703573128857" lon="6.971506107805161">
      <ele>1748.4</ele></trkpt>
      <trkpt lat="46.43707865244761" lon="6.971421408532667">
      <ele>1745.4</ele></trkpt>
      <trkpt lat="46.437177973927746" lon="6.971237606445033">
      <ele>1742.4</ele></trkpt>
      <trkpt lat="46.43727016931766" lon="6.9710710017497055">
      <ele>1739.4</ele></trkpt>
      <trkpt lat="46.43731560268566" lon="6.97095201977993">
      <ele>1736.4</ele></trkpt>
      <trkpt lat="46.43734230412332" lon="6.970876073343134">
      <ele>1733.4</ele></trkpt>
      <trkpt lat="46.43738315597601" lon="6.970793602958079">
      <ele>1730.4</ele></trkpt>
      <trkpt lat="46.4374033528174" lon="6.970697882275349">
      <ele>1727.4</ele></trkpt>
      <trkpt lat="46.43742958847005" lon="6.970559183081334">
      <ele>1724.4</ele></trkpt>
      <trkpt lat="46.43746569206795" lon="6.970492406651834">
      <ele>1723.0</ele></trkpt>
      <trkpt lat="46.437496218807794" lon="6.970467212381163">
      <ele>1721.7</ele></trkpt>
      <trkpt lat="46.43755355206858" lon="6.970441799780098">
      <ele>1720.3</ele></trkpt>
      <trkpt lat="46.437587968013396" lon="6.970430429621434">
      <ele>1719.0</ele></trkpt>
      <trkpt lat="46.43763563865004" lon="6.970382927915406">
      <ele>1717.6</ele></trkpt>
      <trkpt lat="46.437662399451895" lon="6.97037162376854">
      <ele>1716.3</ele></trkpt>
      <trkpt lat="46.43770823161957" lon="6.970340767142564">
      <ele>1714.9</ele></trkpt>
      <trkpt lat="46.437771290032195" lon="6.970309748764236">
      <ele>1713.6</ele></trkpt>
      <trkpt lat="46.437828714668946" lon="6.970306494554593">
      <ele>1712.2</ele></trkpt>
      <trkpt lat="46.437874517340575" lon="6.970272853458072">
      <ele>1710.8</ele></trkpt>
      <trkpt lat="46.43797393961077" lon="6.970236003871888">
      <ele>1709.5</ele></trkpt>
      <trkpt lat="46.43805051796626" lon="6.970235342779055">
      <ele>1708.1</ele></trkpt>
      <trkpt lat="46.43812142327815" lon="6.97024856251478">
      <ele>1706.8</ele></trkpt>
      <trkpt lat="46.438186503049884" lon="6.970245242134504">
      <ele>1705.4</ele></trkpt>
      <trkpt lat="46.438222482982574" lon="6.970246649128204">
      <ele>1704.1</ele></trkpt>
      <trkpt lat="46.43825304148932" lon="6.970268414852724">
      <ele>1702.7</ele></trkpt>
      <trkpt lat="46.43829133516179" lon="6.970320419093058">
      <ele>1701.4</ele></trkpt>
      <trkpt lat="46.43832976274057" lon="6.970402714520801">
      <ele>1700.0</ele></trkpt>
      <trkpt lat="46.438358675388" lon="6.9704878377265835">
      <ele>1698.7</ele></trkpt>
      <trkpt lat="46.438381872216084" lon="6.970587401775671">
      <ele>1697.3</ele></trkpt>
      <trkpt lat="46.438391071456586" lon="6.970636755606651">
      <ele>1696.7</ele></trkpt>
      <trkpt lat="46.438424324705196" lon="6.970808177318276">
      <ele>1696.0</ele></trkpt>
      <trkpt lat="46.43846320031693" lon="6.970949089275888">
      <ele>1695.4</ele></trkpt>
      <trkpt lat="46.43848101974402" lon="6.9710929414618095">
      <ele>1694.8</ele></trkpt>
      <trkpt lat="46.43849862903116" lon="6.971181428711617">
      <ele>1694.2</ele></trkpt>
      <trkpt lat="46.438566163010016" lon="6.971310994886618">
      <ele>1693.5</ele></trkpt>
      <trkpt lat="46.43862034591687" lon="6.971449017174083">
      <ele>1692.9</ele></trkpt>
      <trkpt lat="46.4386897908643" lon="6.9715730373229965">
      <ele>1692.3</ele></trkpt>
      <trkpt lat="46.43879598029384" lon="6.971788165658402">
      <ele>1691.7</ele></trkpt>
      <trkpt lat="46.438852021632854" lon="6.9719123019393425">
      <ele>1691.0</ele></trkpt>
      <trkpt lat="46.438879215132985" lon="6.972006224829878">
      <ele>1690.4</ele></trkpt>
      <trkpt lat="46.43890058089064" lon="6.972080835654031">
      <ele>1689.8</ele></trkpt>
      <trkpt lat="46.43894873263863" lon="6.972152431609544">
      <ele>1689.2</ele></trkpt>
      <trkpt lat="46.43899965457037" lon="6.972254569776358">
      <ele>1688.5</ele></trkpt>
      <trkpt lat="46.43900137540934" lon="6.972323103794889">
      <ele>1687.9</ele></trkpt>
      <trkpt lat="46.43900160574026" lon="6.972379184839941">
      <ele>1687.3</ele></trkpt>
      <trkpt lat="46.4389887645463" lon="6.97240006282138">
      <ele>1686.7</ele></trkpt>
      <trkpt lat="46.43897880189639" lon="6.972420916058288">
      <ele>1686.0</ele></trkpt>
      <trkpt lat="46.438997612491804" lon="6.97245606980976">
      <ele>1685.4</ele></trkpt>
      <trkpt lat="46.4390323726449" lon="6.972528483933824">
      <ele>1684.8</ele></trkpt>
      <trkpt lat="46.43907852445151" lon="6.9726147885469585">
      <ele>1685.5</ele></trkpt>
      <trkpt lat="46.43910629530738" lon="6.972696098273492">
      <ele>1686.2</ele></trkpt>
      <trkpt lat="46.43912663031202" lon="6.972752006794382">
      <ele>1686.8</ele></trkpt>
      <trkpt lat="46.4391612117147" lon="6.972778710460961">
      <ele>1687.5</ele></trkpt>
      <trkpt lat="46.43919298228619" lon="6.9728241370388675">
      <ele>1688.2</ele></trkpt>
      <trkpt lat="46.43921760897235" lon="6.972875844901982">
      <ele>1688.9</ele></trkpt>
      <trkpt lat="46.43929842893369" lon="6.972972795957488">
      <ele>1689.6</ele></trkpt>
      <trkpt lat="46.43935896401251" lon="6.9730304287664024">
      <ele>1690.2</ele></trkpt>
      <trkpt lat="46.43939937815276" lon="6.973079932442715">
      <ele>1690.9</ele></trkpt>
      <trkpt lat="46.439426925438354" lon="6.973144094455076">
      <ele>1691.6</ele></trkpt>
      <trkpt lat="46.43944311318054" lon="6.973239505682402">
      <ele>1692.3</ele></trkpt>
      <trkpt lat="46.43945784455671" lon="6.973330778496647">
      <ele>1693.0</ele></trkpt>
      <trkpt lat="46.439508604855654" lon="6.973450812186839">
      <ele>1693.6</ele></trkpt>
      <trkpt lat="46.43954485466199" lon="6.973535667752085">
      <ele>1694.3</ele></trkpt>
      <trkpt lat="46.43958397395748" lon="6.9736204988365404">
      <ele>1695.0</ele></trkpt>
      <trkpt lat="46.4396029628062" lon="6.973699269583104">
      <ele>1695.7</ele></trkpt>
      <trkpt lat="46.439617498172936" lon="6.973742762754392">
      <ele>1696.4</ele></trkpt>
      <trkpt lat="46.43964926888304" lon="6.973786121293814">
      <ele>1697.0</ele></trkpt>
      <trkpt lat="46.43978866297634" lon="6.973976210604705">
      <ele>1697.7</ele></trkpt>
      <trkpt lat="46.43982115262523" lon="6.974006225450129">
      <ele>1698.4</ele></trkpt>
      <trkpt lat="46.43984780618197" lon="6.974005997197271">
      <ele>1698.7</ele></trkpt>
      <trkpt lat="46.439880237245575" lon="6.974019499717361">
      <ele>1699.0</ele></trkpt>
      <trkpt lat="46.43990893309035" lon="6.974052305779225">
      <ele>1699.3</ele></trkpt>
      <trkpt lat="46.43993193932797" lon="6.974090664889296">
      <ele>1699.7</ele></trkpt>
      <trkpt lat="46.43996252190837" lon="6.974120696209857">
      <ele>1700.0</ele></trkpt>
      <trkpt lat="46.440044804245524" lon="6.974219147380174">
      <ele>1700.3</ele></trkpt>
      <trkpt lat="46.44007728259992" lon="6.974246416958978">
      <ele>1700.6</ele></trkpt>
      <trkpt lat="46.44009264481551" lon="6.974276578714757">
      <ele>1700.9</ele></trkpt>
      <trkpt lat="46.44011179187972" lon="6.974303962444365">
      <ele>1701.2</ele></trkpt>
      <trkpt lat="46.44014425664623" lon="6.974325714891987">
      <ele>1701.6</ele></trkpt>
      <trkpt lat="46.44016337890436" lon="6.974344835889248">
      <ele>1701.9</ele></trkpt>
      <trkpt lat="46.4402035777471" lon="6.974396828520519">
      <ele>1702.2</ele></trkpt>
      <trkpt lat="46.44025705378555" lon="6.974437685960532">
      <ele>1702.5</ele></trkpt>
      <trkpt lat="46.44029339116944" lon="6.974475931429691">
      <ele>1702.8</ele></trkpt>
      <trkpt lat="46.44031258095915" lon="6.974511577975662">
      <ele>1703.1</ele></trkpt>
      <trkpt lat="46.44032407275196" lon="6.974528005694277">
      <ele>1703.4</ele></trkpt>
      <trkpt lat="46.44036980348175" lon="6.974535877525596">
      <ele>1703.8</ele></trkpt>
      <trkpt lat="46.440390778696056" lon="6.974543961125728">
      <ele>1704.1</ele></trkpt>
      <trkpt lat="46.440413728496544" lon="6.974568553893949">
      <ele>1704.4</ele></trkpt>
      <trkpt lat="46.44043224935076" lon="6.9745703994243895">
      <ele>1704.7</ele></trkpt>
      <trkpt lat="46.440467429371886" lon="6.974556591382847">
      <ele>1705.2</ele></trkpt>
      <trkpt lat="46.440489513586016" lon="6.974545484862595">
      <ele>1705.6</ele></trkpt>
      <trkpt lat="46.440512606461176" lon="6.9745346559836605">
      <ele>1706.1</ele></trkpt>
      <trkpt lat="46.4405525912954" lon="6.974534313950749">
      <ele>1706.5</ele></trkpt>
      <trkpt lat="46.44060028761743" lon="6.97455869511572">
      <ele>1707.0</ele></trkpt>
      <trkpt lat="46.44065373882118" lon="6.974591290163369">
      <ele>1707.5</ele></trkpt>
      <trkpt lat="46.44068612699492" lon="6.974596517519956">
      <ele>1707.9</ele></trkpt>
      <trkpt lat="46.440712890860425" lon="6.9746210778243665">
      <ele>1708.4</ele></trkpt>
      <trkpt lat="46.44074162029835" lon="6.974662147494955">
      <ele>1708.8</ele></trkpt>
      <trkpt lat="46.44076026864414" lon="6.974723811462499">
      <ele>1709.3</ele></trkpt>
      <trkpt lat="46.44080684963576" lon="6.97478346693072">
      <ele>1709.8</ele></trkpt>
      <trkpt lat="46.440839658862174" lon="6.974823499899685">
      <ele>1710.2</ele></trkpt>
      <trkpt lat="46.440877063710566" lon="6.974841215805054">
      <ele>1710.7</ele></trkpt>
      <trkpt lat="46.44092740619942" lon="6.974861553822024">
      <ele>1711.1</ele></trkpt>
      <trkpt lat="46.44095334350092" lon="6.974884182528603">
      <ele>1711.6</ele></trkpt>
      <trkpt lat="46.440999203555926" lon="6.9748818776522405">
      <ele>1712.1</ele></trkpt>
      <trkpt lat="46.4410423801069" lon="6.974885503516552">
      <ele>1712.5</ele></trkpt>
      <trkpt lat="46.44109416191506" lon="6.974905842346953">
      <ele>1713.0</ele></trkpt>
      <trkpt lat="46.441153189912356" lon="6.974942723636955">
      <ele>1713.4</ele></trkpt>
      <trkpt lat="46.441216644994796" lon="6.975010732904688">
      <ele>1713.9</ele></trkpt>
      <trkpt lat="46.44130022234039" lon="6.9750806394467695">
      <ele>1714.7</ele></trkpt>
      <trkpt lat="46.44137794136708" lon="6.975123607558157">
      <ele>1715.6</ele></trkpt>
      <trkpt lat="46.44142696374922" lon="6.97517095903169">
      <ele>1716.4</ele></trkpt>
      <trkpt lat="46.4414572522015" lon="6.975203935211528">
      <ele>1717.2</ele></trkpt>
      <trkpt lat="46.44154374141214" lon="6.975284214805991">
      <ele>1718.0</ele></trkpt>
      <trkpt lat="46.441601380828764" lon="6.975333562037998">
      <ele>1718.9</ele></trkpt>
      <trkpt lat="46.44166332971079" lon="6.97538082954655">
      <ele>1719.7</ele></trkpt>
      <trkpt lat="46.44172239142434" lon="6.975426013714617">
      <ele>1720.5</ele></trkpt>
      <trkpt lat="46.44178714941585" lon="6.975462860091211">
      <ele>1721.3</ele></trkpt>
      <trkpt lat="46.44182888313406" lon="6.975483272516346">
      <ele>1722.2</ele></trkpt>
      <trkpt lat="46.44188799570684" lon="6.975540935958664">
      <ele>1723.0</ele></trkpt>
      <trkpt lat="46.441935510868774" lon="6.975571683511558">
      <ele>1723.8</ele></trkpt>
      <trkpt lat="46.44198438853155" lon="6.975585801869673">
      <ele>1724.6</ele></trkpt>
      <trkpt lat="46.44207798809164" lon="6.9756494045257815">
      <ele>1725.5</ele></trkpt>
      <trkpt lat="46.44214276400135" lon="6.975686251257007">
      <ele>1726.3</ele></trkpt>
      <trkpt lat="46.442201765771564" lon="6.975718970148952">
      <ele>1727.1</ele></trkpt>
      <trkpt lat="46.44230539677554" lon="6.975776254436266">
      <ele>1727.9</ele></trkpt>
      <trkpt lat="46.44239034468052" lon="6.975831616218924">
      <ele>1728.8</ele></trkpt>
      <trkpt lat="46.442495414338836" lon="6.9758909577379615">
      <ele>1729.6</ele></trkpt>
      <trkpt lat="46.44261493440686" lon="6.975970958275075">
      <ele>1730.4</ele></trkpt>
      <trkpt lat="46.442688352698696" lon="6.97601603446914">
      <ele>1731.2</ele></trkpt>
      <trkpt lat="46.44276051995125" lon="6.97604550561083">
      <ele>1732.0</ele></trkpt>
      <trkpt lat="46.44281844767533" lon="6.976079587796707">
      <ele>1732.9</ele></trkpt>
      <trkpt lat="46.44286901214891" lon="6.97611693408323">
      <ele>1733.7</ele></trkpt>
      <trkpt lat="46.44291294322394" lon="6.976135754083423">
      <ele>1734.5</ele></trkpt>
      <trkpt lat="46.44304362420059" lon="6.97622172482731">
      <ele>1735.3</ele></trkpt>
      <trkpt lat="46.44310615370716" lon="6.976276914744478">
      <ele>1736.1</ele></trkpt>
      <trkpt lat="46.443146831337096" lon="6.976300902933037">
      <ele>1737.0</ele></trkpt>
      <trkpt lat="46.44323256034204" lon="6.976320603258109">
      <ele>1737.8</ele></trkpt>
      <trkpt lat="46.44327269398439" lon="6.976341342839757">
      <ele>1738.6</ele></trkpt>
      <trkpt lat="46.44334039839907" lon="6.976392702154301">
      <ele>1739.4</ele></trkpt>
      <trkpt lat="46.443393627061" lon="6.97641716920113">
      <ele>1740.2</ele></trkpt>
      <trkpt lat="46.4434526038723" lon="6.976441600338628">
      <ele>1741.1</ele></trkpt>
      <trkpt lat="46.443500126744006" lon="6.97647651378007">
      <ele>1741.9</ele></trkpt>
      <trkpt lat="46.44353320883194" lon="6.9764886987854835">
      <ele>1742.7</ele></trkpt>
      <trkpt lat="46.44357352003922" lon="6.976513289058635">
      <ele>1743.5</ele></trkpt>
      <trkpt lat="46.44361819865046" lon="6.976554447274417">
      <ele>1744.3</ele></trkpt>
      <trkpt lat="46.44368728303997" lon="6.976591246422264">
      <ele>1745.2</ele></trkpt>
      <trkpt lat="46.44374917162223" lon="6.976626037806636">
      <ele>1746.0</ele></trkpt>
      <trkpt lat="46.443789499690155" lon="6.976654779425465">
      <ele>1746.8</ele></trkpt>
      <trkpt lat="46.443815546491614" lon="6.976704412163105">
      <ele>1747.9</ele></trkpt>
      <trkpt lat="46.44382867578439" lon="6.976754154923814">
      <ele>1749.0</ele></trkpt>
      <trkpt lat="46.443825464750624" lon="6.976811766802382">
      <ele>1750.1</ele></trkpt>
      <trkpt lat="46.443878137669266" lon="6.976792513955874">
      <ele>1751.2</ele></trkpt>
      <trkpt lat="46.44391395350763" lon="6.97677350868992">
      <ele>1752.3</ele></trkpt>
      <trkpt lat="46.44398859950252" lon="6.97676663973833">
      <ele>1753.5</ele></trkpt>
      <trkpt lat="46.44400999944357" lon="6.976733221071741">
      <ele>1754.6</ele></trkpt>
      <trkpt lat="46.444041532381036" lon="6.976718416509221">
      <ele>1755.7</ele></trkpt>
      <trkpt lat="46.44406868040962" lon="6.976684948845929">
      <ele>1756.8</ele></trkpt>
      <trkpt lat="46.444095938816815" lon="6.97667640110089">
      <ele>1757.9</ele></trkpt>
      <trkpt lat="46.444117422765174" lon="6.976665846381623">
      <ele>1759.0</ele></trkpt>
      <trkpt lat="46.44413749379493" lon="6.976657359823547">
      <ele>1760.1</ele></trkpt>
      <trkpt lat="46.44416603877116" lon="6.976613482357297">
      <ele>1761.2</ele></trkpt>
      <trkpt lat="46.444190325635674" lon="6.976582108086159">
      <ele>1762.3</ele></trkpt>
      <trkpt lat="46.44420595262736" lon="6.976540435750276">
      <ele>1763.5</ele></trkpt>
      <trkpt lat="46.444257649038875" lon="6.976542077585708">
      <ele>1764.6</ele></trkpt>
      <trkpt lat="46.44429074006197" lon="6.976554249711388">
      <ele>1765.7</ele></trkpt>
      <trkpt lat="46.444330948743335" lon="6.976558071580654">
      <ele>1766.8</ele></trkpt>
      <trkpt lat="46.44434521302781" lon="6.976533016066137">
      <ele>1767.9</ele></trkpt>
      <trkpt lat="46.444343605212715" lon="6.97648940824076">
      <ele>1769.0</ele></trkpt>
      <trkpt lat="46.44435645505958" lon="6.976472680431625">
      <ele>1770.1</ele></trkpt>
      <trkpt lat="46.44438239261288" lon="6.976493242172999">
      <ele>1771.3</ele></trkpt>
      <trkpt lat="46.44440816836888" lon="6.976478473400093">
      <ele>1772.4</ele></trkpt>
      <trkpt lat="46.44439501410031" lon="6.976420414700968">
      <ele>1773.5</ele></trkpt>
      <trkpt lat="46.444410818611374" lon="6.976422362223073">
      <ele>1774.7</ele></trkpt>
      <trkpt lat="46.44442956874493" lon="6.976442972180731">
      <ele>1775.8</ele></trkpt>
      <trkpt lat="46.44444689649771" lon="6.976467745610113">
      <ele>1776.9</ele></trkpt>
      <trkpt lat="46.44445980665579" lon="6.976461415123009">
      <ele>1778.1</ele></trkpt>
      <trkpt lat="46.44445968826416" lon="6.97643233071764">
      <ele>1779.2</ele></trkpt>
      <trkpt lat="46.444479581751146" lon="6.976380236915542">
      <ele>1780.3</ele></trkpt>
      <trkpt lat="46.44447808324511" lon="6.976365700465043">
      <ele>1781.5</ele></trkpt>
      <trkpt lat="46.44447511165972" lon="6.976342873883427">
      <ele>1782.6</ele></trkpt>
      <trkpt lat="46.4444994323079" lon="6.9763198147255565">
      <ele>1783.8</ele></trkpt>
      <trkpt lat="46.44453253131431" lon="6.9763361510622275">
      <ele>1784.9</ele></trkpt>
      <trkpt lat="46.44456845707286" lon="6.976344160632838">
      <ele>1786.0</ele></trkpt>
      <trkpt lat="46.44459723877138" lon="6.976358451610641">
      <ele>1787.2</ele></trkpt>
      <trkpt lat="46.44463445204726" lon="6.976326966820487">
      <ele>1788.3</ele></trkpt>
      <trkpt lat="46.444671800125526" lon="6.976330799908824">
      <ele>1789.4</ele></trkpt>
      <trkpt lat="46.44467169017853" lon="6.97630379750333">
      <ele>1790.6</ele></trkpt>
      <trkpt lat="46.44466286951582" lon="6.976254017354424">
      <ele>1791.7</ele></trkpt>
      <trkpt lat="46.444661252651144" lon="6.976210422371841">
      <ele>1793.5</ele></trkpt>
      <trkpt lat="46.4446654430225" lon="6.976181301129029">
      <ele>1795.3</ele></trkpt>
      <trkpt lat="46.444655276625795" lon="6.976152302271859">
      <ele>1797.0</ele></trkpt>
      <trkpt lat="46.44465371939481" lon="6.976121147843683">
      <ele>1798.8</ele></trkpt>
      <trkpt lat="46.44465935636625" lon="6.9760982347917695">
      <ele>1800.6</ele></trkpt>
      <trkpt lat="46.44467221571719" lon="6.976079437539277">
      <ele>1802.4</ele></trkpt>
      <trkpt lat="46.4446749667807" lon="6.976050328552862">
      <ele>1804.2</ele></trkpt>
      <trkpt lat="46.444660389474784" lon="6.975998528360841">
      <ele>1805.9</ele></trkpt>
      <trkpt lat="46.44464288376248" lon="6.975930108710454">
      <ele>1807.7</ele></trkpt>
      <trkpt lat="46.44463986133579" lon="6.9758948284515725">
      <ele>1809.5</ele></trkpt>
      <trkpt lat="46.44464113126189" lon="6.975853265028434">
      <ele>1811.3</ele></trkpt>
      <trkpt lat="46.444661126062826" lon="6.975826091126195">
      <ele>1813.1</ele></trkpt>
      <trkpt lat="46.444699879590914" lon="6.9758216091629475">
      <ele>1814.8</ele></trkpt>
      <trkpt lat="46.44473140392204" lon="6.975804721766856">
      <ele>1816.6</ele></trkpt>
      <trkpt lat="46.444742797979444" lon="6.975781772544328">
      <ele>1818.4</ele></trkpt>
      <trkpt lat="46.444738353663205" lon="6.975748573534912">
      <ele>1820.2</ele></trkpt>
      <trkpt lat="46.444713754207484" lon="6.975701010245115">
      <ele>1822.0</ele></trkpt>
      <trkpt lat="46.44469777975884" lon="6.975659593923786">
      <ele>1823.7</ele></trkpt>
      <trkpt lat="46.44470628730638" lon="6.975632517959417">
      <ele>1825.5</ele></trkpt>
      <trkpt lat="46.4447292114414" lon="6.975617786039994">
      <ele>1827.3</ele></trkpt>
      <trkpt lat="46.444744956079255" lon="6.975607253734887">
      <ele>1829.2</ele></trkpt>
      <trkpt lat="46.444741925564614" lon="6.975567809119324">
      <ele>1831.0</ele></trkpt>
      <trkpt lat="46.44475769622988" lon="6.975561453966417">
      <ele>1832.9</ele></trkpt>
      <trkpt lat="46.44478642713061" lon="6.9755632648870725">
      <ele>1834.8</ele></trkpt>
      <trkpt lat="46.44479342709869" lon="6.975521665441712">
      <ele>1836.7</ele></trkpt>
      <trkpt lat="46.44477171458953" lon="6.975476159748035">
      <ele>1838.5</ele></trkpt>
      <trkpt lat="46.444770148177525" lon="6.97544500534931">
      <ele>1840.4</ele></trkpt>
      <trkpt lat="46.44478866118756" lon="6.975407445946755">
      <ele>1842.3</ele></trkpt>
      <trkpt lat="46.44480721660763" lon="6.975380284096477">
      <ele>1844.2</ele></trkpt>
      <trkpt lat="46.44483291647169" lon="6.975344745463017">
      <ele>1846.0</ele></trkpt>
      <trkpt lat="46.44482123433225" lon="6.975297071949101">
      <ele>1847.9</ele></trkpt>
      <trkpt lat="46.44482816737801" lon="6.975234690138532">
      <ele>1849.8</ele></trkpt>
      <trkpt lat="46.444830756573914" lon="6.975168181037799">
      <ele>1851.7</ele></trkpt>
      <trkpt lat="46.44484366665949" lon="6.975161850196619">
      <ele>1853.5</ele></trkpt>
      <trkpt lat="46.444856660475146" lon="6.975180439881171">
      <ele>1855.4</ele></trkpt>
      <trkpt lat="46.4448710002371" lon="6.975176152992048">
      <ele>1857.3</ele></trkpt>
      <trkpt lat="46.44490398074437" lon="6.975163417115283">
      <ele>1859.2</ele></trkpt>
      <trkpt lat="46.444890774413416" lon="6.975094973700944">
      <ele>1861.0</ele></trkpt>
      <trkpt lat="46.44487756858829" lon="6.9750244611354155">
      <ele>1862.9</ele></trkpt>
      <trkpt lat="46.44487600205234" lon="6.974993306688981">
      <ele>1864.8</ele></trkpt>
      <trkpt lat="46.444864133062275" lon="6.9748999176578135">
      <ele>1864.8</ele></trkpt>
      <trkpt lat="46.44486972791599" lon="6.974864550629706">
      <ele>1864.8</ele></trkpt>
      <trkpt lat="46.44487826924036" lon="6.974845789925133">
      <ele>1864.8</ele></trkpt>
      <trkpt lat="46.44487382465046" lon="6.974812590909513">
      <ele>1864.8</ele></trkpt>
      <trkpt lat="46.44487801466322" lon="6.974783469444709">
      <ele>1864.8</ele></trkpt>
      <trkpt lat="46.44487069199576" lon="6.974748212850788">
      <ele>1864.8</ele></trkpt>
      <trkpt lat="46.444883448761544" lon="6.974706564003334">
      <ele>1864.8</ele></trkpt>
      <trkpt lat="46.44490787041412" lon="6.974710506534855">
      <ele>1864.8</ele></trkpt>
      <trkpt lat="46.44491228652424" lon="6.974713389048693">
      <ele>1864.8</ele></trkpt>
      <trkpt lat="46.44495547954273" lon="6.974788642460921">
      <ele>1864.8</ele></trkpt>
      <trkpt lat="46.44495547954273" lon="6.974788642460921">
      <ele>1864.8</ele></trkpt>
      <trkpt lat="46.44491228652424" lon="6.974713389048693">
      <ele>1864.8</ele></trkpt>
      <trkpt lat="46.44490787041412" lon="6.974710506534855">
      <ele>1864.8</ele></trkpt>
      <trkpt lat="46.444883448761544" lon="6.974706564003334">
      <ele>1864.8</ele></trkpt>
      <trkpt lat="46.44487069199576" lon="6.974748212850788">
      <ele>1864.8</ele></trkpt>
      <trkpt lat="46.44487801466322" lon="6.974783469444709">
      <ele>1864.8</ele></trkpt>
      <trkpt lat="46.44487382465046" lon="6.974812590909513">
      <ele>1864.8</ele></trkpt>
      <trkpt lat="46.44487826924036" lon="6.974845789925133">
      <ele>1864.8</ele></trkpt>
      <trkpt lat="46.44486972791599" lon="6.974864550629706">
      <ele>1864.8</ele></trkpt>
      <trkpt lat="46.444864133062275" lon="6.9748999176578135">
      <ele>1864.8</ele></trkpt>
      <trkpt lat="46.44487600205234" lon="6.974993306688981">
      <ele>1863.0</ele></trkpt>
      <trkpt lat="46.44487756858829" lon="6.9750244611354155">
      <ele>1861.2</ele></trkpt>
      <trkpt lat="46.444890774413416" lon="6.975094973700944">
      <ele>1859.4</ele></trkpt>
      <trkpt lat="46.44490398074437" lon="6.975163417115283">
      <ele>1857.6</ele></trkpt>
      <trkpt lat="46.4448710002371" lon="6.975176152992048">
      <ele>1855.8</ele></trkpt>
      <trkpt lat="46.444856660475146" lon="6.975180439881171">
      <ele>1854.0</ele></trkpt>
      <trkpt lat="46.44484366665949" lon="6.975161850196619">
      <ele>1852.2</ele></trkpt>
      <trkpt lat="46.444830756573914" lon="6.975168181037799">
      <ele>1850.4</ele></trkpt>
      <trkpt lat="46.44482816737801" lon="6.975234690138532">
      <ele>1848.6</ele></trkpt>
      <trkpt lat="46.44482123433225" lon="6.975297071949101">
      <ele>1846.8</ele></trkpt>
      <trkpt lat="46.44483291647169" lon="6.975344745463017">
      <ele>1844.9</ele></trkpt>
      <trkpt lat="46.44480721660763" lon="6.975380284096477">
      <ele>1843.1</ele></trkpt>
      <trkpt lat="46.44478866118756" lon="6.975407445946755">
      <ele>1841.3</ele></trkpt>
      <trkpt lat="46.444770148177525" lon="6.97544500534931">
      <ele>1839.5</ele></trkpt>
      <trkpt lat="46.44477171458953" lon="6.975476159748035">
      <ele>1837.7</ele></trkpt>
      <trkpt lat="46.44479342709869" lon="6.975521665441712">
      <ele>1835.9</ele></trkpt>
      <trkpt lat="46.44478642713061" lon="6.9755632648870725">
      <ele>1834.1</ele></trkpt>
      <trkpt lat="46.44475769622988" lon="6.975561453966417">
      <ele>1832.3</ele></trkpt>
      <trkpt lat="46.444741925564614" lon="6.975567809119324">
      <ele>1830.5</ele></trkpt>
      <trkpt lat="46.444744956079255" lon="6.975607253734887">
      <ele>1828.7</ele></trkpt>
      <trkpt lat="46.4447292114414" lon="6.975617786039994">
      <ele>1827.0</ele></trkpt>
      <trkpt lat="46.44470628730638" lon="6.975632517959417">
      <ele>1825.2</ele></trkpt>
      <trkpt lat="46.44469777975884" lon="6.975659593923786">
      <ele>1823.5</ele></trkpt>
      <trkpt lat="46.444713754207484" lon="6.975701010245115">
      <ele>1821.7</ele></trkpt>
      <trkpt lat="46.444738353663205" lon="6.975748573534912">
      <ele>1820.0</ele></trkpt>
      <trkpt lat="46.444742797979444" lon="6.975781772544328">
      <ele>1818.2</ele></trkpt>
      <trkpt lat="46.44473140392204" lon="6.975804721766856">
      <ele>1816.5</ele></trkpt>
      <trkpt lat="46.444699879590914" lon="6.9758216091629475">
      <ele>1814.7</ele></trkpt>
      <trkpt lat="46.444661126062826" lon="6.975826091126195">
      <ele>1813.0</ele></trkpt>
      <trkpt lat="46.44464113126189" lon="6.975853265028434">
      <ele>1811.2</ele></trkpt>
      <trkpt lat="46.44463986133579" lon="6.9758948284515725">
      <ele>1809.5</ele></trkpt>
      <trkpt lat="46.44464288376248" lon="6.975930108710454">
      <ele>1807.8</ele></trkpt>
      <trkpt lat="46.444660389474784" lon="6.975998528360841">
      <ele>1806.0</ele></trkpt>
      <trkpt lat="46.4446749667807" lon="6.976050328552862">
      <ele>1804.3</ele></trkpt>
      <trkpt lat="46.44467221571719" lon="6.976079437539277">
      <ele>1802.5</ele></trkpt>
      <trkpt lat="46.44465935636625" lon="6.9760982347917695">
      <ele>1800.8</ele></trkpt>
      <trkpt lat="46.44465371939481" lon="6.976121147843683">
      <ele>1799.0</ele></trkpt>
      <trkpt lat="46.444655276625795" lon="6.976152302271859">
      <ele>1797.3</ele></trkpt>
      <trkpt lat="46.4446654430225" lon="6.976181301129029">
      <ele>1795.5</ele></trkpt>
      <trkpt lat="46.444661252651144" lon="6.976210422371841">
      <ele>1793.8</ele></trkpt>
      <trkpt lat="46.44466286951582" lon="6.976254017354424">
      <ele>1792.4</ele></trkpt>
      <trkpt lat="46.44467169017853" lon="6.97630379750333">
      <ele>1791.0</ele></trkpt>
      <trkpt lat="46.444671800125526" lon="6.976330799908824">
      <ele>1789.6</ele></trkpt>
      <trkpt lat="46.44467341704997" lon="6.976374420929896">
      <ele>1788.2</ele></trkpt>
      <trkpt lat="46.44466352080236" lon="6.976413975675586">
      <ele>1786.8</ele></trkpt>
      <trkpt lat="46.44464502435709" lon="6.976455685859275">
      <ele>1785.3</ele></trkpt>
      <trkpt lat="46.44465803537839" lon="6.976476344808545">
      <ele>1783.9</ele></trkpt>
      <trkpt lat="46.444661014316374" lon="6.976505404952928">
      <ele>1782.5</ele></trkpt>
      <trkpt lat="46.44464394863814" lon="6.976545020732149">
      <ele>1781.1</ele></trkpt>
      <trkpt lat="46.44466126794836" lon="6.9765677251923535">
      <ele>1779.7</ele></trkpt>
      <trkpt lat="46.444642796757975" lon="6.976615655631905">
      <ele>1778.3</ele></trkpt>
      <trkpt lat="46.444663104470095" lon="6.976665338002459">
      <ele>1776.9</ele></trkpt>
      <trkpt lat="46.4446560872474" lon="6.976702799001469">
      <ele>1775.5</ele></trkpt>
      <trkpt lat="46.4446776899423" lon="6.976719220489812">
      <ele>1774.1</ele></trkpt>
      <trkpt lat="46.44466778515776" lon="6.976756706075874">
      <ele>1772.6</ele></trkpt>
      <trkpt lat="46.44467657183017" lon="6.97679818388367">
      <ele>1771.2</ele></trkpt>
      <trkpt lat="46.44469116570731" lon="6.976854148534173">
      <ele>1769.8</ele></trkpt>
      <trkpt lat="46.444717136427755" lon="6.9768850952099974">
      <ele>1768.4</ele></trkpt>
      <trkpt lat="46.444754755317426" lon="6.9769533180638055">
      <ele>1767.0</ele></trkpt>
      <trkpt lat="46.44476348223515" lon="6.976982329372017">
      <ele>1765.6</ele></trkpt>
      <trkpt lat="46.44478665934001" lon="6.977031987574188">
      <ele>1764.4</ele></trkpt>
      <trkpt lat="46.444796859847" lon="6.977067219931104">
      <ele>1763.1</ele></trkpt>
      <trkpt lat="46.44482285579395" lon="6.977104387100121">
      <ele>1761.9</ele></trkpt>
      <trkpt lat="46.444845923094185" lon="6.977127042914822">
      <ele>1760.6</ele></trkpt>
      <trkpt lat="46.44485781606457" lon="6.977224570540315">
      <ele>1759.4</ele></trkpt>
      <trkpt lat="46.44487525381359" lon="6.97733623599898">
      <ele>1758.1</ele></trkpt>
      <trkpt lat="46.44489850473346" lon="6.977328815683106">
      <ele>1756.9</ele></trkpt>
      <trkpt lat="46.44491499078479" lon="6.97729260147593">
      <ele>1755.6</ele></trkpt>
      <trkpt lat="46.44494274707591" lon="6.9771696980837286">
      <ele>1754.4</ele></trkpt>
      <trkpt lat="46.44499351869911" lon="6.976979252657807">
      <ele>1753.2</ele></trkpt>
      <trkpt lat="46.44502978211265" lon="6.976904388324891">
      <ele>1751.9</ele></trkpt>
      <trkpt lat="46.44508082724073" lon="6.976781286203768">
      <ele>1750.7</ele></trkpt>
      <trkpt lat="46.44511882936207" lon="6.976713707534945">
      <ele>1749.4</ele></trkpt>
      <trkpt lat="46.44515117211842" lon="6.976683474440986">
      <ele>1748.2</ele></trkpt>
      <trkpt lat="46.44520318263964" lon="6.97662744967983">
      <ele>1746.9</ele></trkpt>
      <trkpt lat="46.44522170988977" lon="6.976568977101249">
      <ele>1745.7</ele></trkpt>
      <trkpt lat="46.44524993222749" lon="6.976450259109701">
      <ele>1744.4</ele></trkpt>
      <trkpt lat="46.445268678217836" lon="6.976365991199722">
      <ele>1743.2</ele></trkpt>
      <trkpt lat="46.445306311537976" lon="6.976218952815134">
      <ele>1741.9</ele></trkpt>
      <trkpt lat="46.44536717512945" lon="6.9760572838187755">
      <ele>1740.7</ele></trkpt>
      <trkpt lat="46.445426453582336" lon="6.9759172830090455">
      <ele>1740.2</ele></trkpt>
      <trkpt lat="46.445475951896974" lon="6.975825451520341">
      <ele>1739.8</ele></trkpt>
      <trkpt lat="46.44553354545069" lon="6.975678241856696">
      <ele>1739.3</ele></trkpt>
      <trkpt lat="46.445568221456966" lon="6.975620216390472">
      <ele>1738.8</ele></trkpt>
      <trkpt lat="46.445613329816126" lon="6.97551300040937">
      <ele>1738.4</ele></trkpt>
      <trkpt lat="46.44564748609143" lon="6.975429029484432">
      <ele>1737.9</ele></trkpt>
      <trkpt lat="46.44565815096298" lon="6.975375099933522">
      <ele>1737.4</ele></trkpt>
      <trkpt lat="46.4456873779711" lon="6.975282438622845">
      <ele>1737.0</ele></trkpt>
      <trkpt lat="46.445731201490226" lon="6.975221966065237">
      <ele>1736.5</ele></trkpt>
      <trkpt lat="46.44575098737335" lon="6.975183314891053">
      <ele>1736.1</ele></trkpt>
      <trkpt lat="46.4457728525417" lon="6.975116327624672">
      <ele>1735.6</ele></trkpt>
      <trkpt lat="46.44582698493646" lon="6.975062416866197">
      <ele>1735.1</ele></trkpt>
      <trkpt lat="46.4458567466807" lon="6.975023667298393">
      <ele>1734.7</ele></trkpt>
      <trkpt lat="46.44589799061867" lon="6.974943942722911">
      <ele>1734.2</ele></trkpt>
      <trkpt lat="46.4459144472488" lon="6.974902912204194">
      <ele>1733.7</ele></trkpt>
      <trkpt lat="46.445929053019796" lon="6.974816192448622">
      <ele>1733.3</ele></trkpt>
      <trkpt lat="46.44597345891447" lon="6.974697958251678">
      <ele>1732.8</ele></trkpt>
      <trkpt lat="46.445988338937404" lon="6.974676188755905">
      <ele>1732.3</ele></trkpt>
      <trkpt lat="46.44599669987778" lon="6.974688142166347">
      <ele>1731.9</ele></trkpt>
      <trkpt lat="46.445997171518805" lon="6.974803585135798">
      <ele>1731.4</ele></trkpt>
      <trkpt lat="46.446008968888606" lon="6.974841979624845">
      <ele>1730.1</ele></trkpt>
      <trkpt lat="46.44601898497671" lon="6.974853918915319">
      <ele>1728.8</ele></trkpt>
      <trkpt lat="46.44606005101875" lon="6.974728477333084">
      <ele>1727.5</ele></trkpt>
      <trkpt lat="46.44606644401547" lon="6.974668298006566">
      <ele>1726.2</ele></trkpt>
      <trkpt lat="46.446078044900446" lon="6.974658594459501">
      <ele>1724.9</ele></trkpt>
      <trkpt lat="46.446088099408975" lon="6.974677730145072">
      <ele>1723.6</ele></trkpt>
      <trkpt lat="46.44608853182722" lon="6.974783569312107">
      <ele>1722.3</ele></trkpt>
      <trkpt lat="46.44610023085912" lon="6.974797888796508">
      <ele>1721.0</ele></trkpt>
      <trkpt lat="46.44610682859875" lon="6.974783412867794">
      <ele>1719.7</ele></trkpt>
      <trkpt lat="46.44612625074347" lon="6.974655774578355">
      <ele>1718.5</ele></trkpt>
      <trkpt lat="46.44615099855644" lon="6.9746074501014865">
      <ele>1717.2</ele></trkpt>
      <trkpt lat="46.44615240710483" lon="6.974544892693027">
      <ele>1715.9</ele></trkpt>
      <trkpt lat="46.44615385667541" lon="6.974496780488077">
      <ele>1714.6</ele></trkpt>
      <trkpt lat="46.44617218296964" lon="6.974503846475731">
      <ele>1713.3</ele></trkpt>
      <trkpt lat="46.44618191311071" lon="6.974443625428562">
      <ele>1712.0</ele></trkpt>
      <trkpt lat="46.44614658867408" lon="6.974342899891717">
      <ele>1710.7</ele></trkpt>
      <trkpt lat="46.44613812940828" lon="6.974306910461293">
      <ele>1709.4</ele></trkpt>
      <trkpt lat="46.44611789305937" lon="6.974239736176795">
      <ele>1708.1</ele></trkpt>
      <trkpt lat="46.44612775991365" lon="6.974210773623654">
      <ele>1706.8</ele></trkpt>
      <trkpt lat="46.44614103556603" lon="6.974205857800581">
      <ele>1705.5</ele></trkpt>
      <trkpt lat="46.44616272053891" lon="6.974222512294907">
      <ele>1704.4</ele></trkpt>
      <trkpt lat="46.44617925558249" lon="6.9742007154090935">
      <ele>1703.3</ele></trkpt>
      <trkpt lat="46.446187596878545" lon="6.974207853767817">
      <ele>1702.2</ele></trkpt>
      <trkpt lat="46.44620265474924" lon="6.97423178779553">
      <ele>1701.1</ele></trkpt>
      <trkpt lat="46.44621593934474" lon="6.9742268588802">
      <ele>1700.0</ele></trkpt>
      <trkpt lat="46.44621566387972" lon="6.974159513625791">
      <ele>1699.0</ele></trkpt>
      <trkpt lat="46.44626078736818" lon="6.974216857574053">
      <ele>1697.9</ele></trkpt>
      <trkpt lat="46.44626270726844" lon="6.9742793736129896">
      <ele>1696.8</ele></trkpt>
      <trkpt lat="46.4462811130823" lon="6.97430808122098">
      <ele>1695.7</ele></trkpt>
      <trkpt lat="46.44628932569235" lon="6.974281553366234">
      <ele>1694.6</ele></trkpt>
      <trkpt lat="46.44632733015703" lon="6.974225905299469">
      <ele>1693.5</ele></trkpt>
      <trkpt lat="46.446366929071054" lon="6.974151008711153">
      <ele>1692.4</ele></trkpt>
      <trkpt lat="46.44638833940579" lon="6.974102725380559">
      <ele>1691.3</ele></trkpt>
      <trkpt lat="46.446479601088825" lon="6.9740586330000935">
      <ele>1690.2</ele></trkpt>
      <trkpt lat="46.446537605781" lon="6.974012443722824">
      <ele>1689.2</ele></trkpt>
      <trkpt lat="46.44665701224222" lon="6.973936850036433">
      <ele>1688.1</ele></trkpt>
      <trkpt lat="46.44674651131816" lon="6.973868735106122">
      <ele>1687.0</ele></trkpt>
      <trkpt lat="46.446769585693254" lon="6.973820437067397">
      <ele>1685.9</ele></trkpt>
      <trkpt lat="46.44680928366188" lon="6.973771996537471">
      <ele>1684.8</ele></trkpt>
      <trkpt lat="46.44683903343742" lon="6.973726035802315">
      <ele>1683.7</ele></trkpt>
      <trkpt lat="46.44687886927282" lon="6.973711274685598">
      <ele>1681.1</ele></trkpt>
      <trkpt lat="46.44688063184852" lon="6.973735296791386">
      <ele>1678.5</ele></trkpt>
      <trkpt lat="46.44686260013213" lon="6.973797997502869">
      <ele>1675.8</ele></trkpt>
      <trkpt lat="46.44678541057445" lon="6.974029569303073">
      <ele>1673.2</ele></trkpt>
      <trkpt lat="46.44675742322787" lon="6.974099564903117">
      <ele>1670.6</ele></trkpt>
      <trkpt lat="46.44685359869204" lon="6.974036195171093">
      <ele>1668.0</ele></trkpt>
      <trkpt lat="46.44689501991716" lon="6.97400215969245">
      <ele>1665.3</ele></trkpt>
      <trkpt lat="46.446967620934515" lon="6.973917674287931">
      <ele>1662.7</ele></trkpt>
      <trkpt lat="46.44702925444212" lon="6.97386356673298">
      <ele>1660.1</ele></trkpt>
      <trkpt lat="46.44710663042935" lon="6.973846792178218">
      <ele>1657.5</ele></trkpt>
      <trkpt lat="46.44710272626538" lon="6.97393031200692">
      <ele>1654.8</ele></trkpt>
      <trkpt lat="46.447152437878124" lon="6.973899771174102">
      <ele>1652.2</ele></trkpt>
      <trkpt lat="46.447160504732615" lon="6.973800299160845">
      <ele>1649.6</ele></trkpt>
      <trkpt lat="46.44718090248011" lon="6.973753012745695">
      <ele>1647.0</ele></trkpt>
      <trkpt lat="46.44720358241818" lon="6.973775372116601">
      <ele>1644.3</ele></trkpt>
      <trkpt lat="46.44723619082021" lon="6.973713535161703">
      <ele>1641.7</ele></trkpt>
      <trkpt lat="46.44730321810497" lon="6.973638779248788">
      <ele>1639.1</ele></trkpt>
      <trkpt lat="46.44737016250835" lon="6.973517445649309">
      <ele>1636.5</ele></trkpt>
      <trkpt lat="46.447396706032265" lon="6.973490356519969">
      <ele>1633.8</ele></trkpt>
      <trkpt lat="46.44747626827421" lon="6.973431942730219">
      <ele>1631.2</ele></trkpt>
      <trkpt lat="46.447524445416235" lon="6.973424319638104">
      <ele>1628.6</ele></trkpt>
      <trkpt lat="46.44760269733256" lon="6.973450093764243">
      <ele>1626.1</ele></trkpt>
      <trkpt lat="46.4476609973619" lon="6.97347605206133">
      <ele>1623.5</ele></trkpt>
      <trkpt lat="46.44769435302281" lon="6.973502237308003">
      <ele>1620.9</ele></trkpt>
      <trkpt lat="46.447699563112444" lon="6.97355751679898">
      <ele>1618.4</ele></trkpt>
      <trkpt lat="46.44767646999396" lon="6.973603408278552">
      <ele>1615.8</ele></trkpt>
      <trkpt lat="46.44765497124516" lon="6.973630050803121">
      <ele>1613.2</ele></trkpt>
      <trkpt lat="46.44767170234009" lon="6.9736539579624175">
      <ele>1610.7</ele></trkpt>
      <trkpt lat="46.44770662358694" lon="6.973656066298369">
      <ele>1608.1</ele></trkpt>
      <trkpt lat="46.447739811766425" lon="6.973641361875686">
      <ele>1605.6</ele></trkpt>
      <trkpt lat="46.447784472505184" lon="6.973585641792613">
      <ele>1603.0</ele></trkpt>
      <trkpt lat="46.44786563983865" lon="6.973512780962984">
      <ele>1600.4</ele></trkpt>
      <trkpt lat="46.44798508541912" lon="6.973446814684945">
      <ele>1597.9</ele></trkpt>
      <trkpt lat="46.44810453269965" lon="6.973385663461063">
      <ele>1595.3</ele></trkpt>
      <trkpt lat="46.44825570909725" lon="6.973355500688035">
      <ele>1592.7</ele></trkpt>
      <trkpt lat="46.44831552549109" lon="6.973345369896908">
      <ele>1590.2</ele></trkpt>
      <trkpt lat="46.448345493670345" lon="6.9733571382901225">
      <ele>1587.6</ele></trkpt>
      <trkpt lat="46.44836889301408" lon="6.97338819853914">
      <ele>1585.0</ele></trkpt>
      <trkpt lat="46.44840741764005" lon="6.9734552184712095">
      <ele>1582.5</ele></trkpt>
      <trkpt lat="46.44843072835195" lon="6.973464649353158">
      <ele>1579.9</ele></trkpt>
      <trkpt lat="46.44852877454676" lon="6.9734517701055605">
      <ele>1578.7</ele></trkpt>
      <trkpt lat="46.448623453992774" lon="6.973431735618585">
      <ele>1577.5</ele></trkpt>
      <trkpt lat="46.4486998150935" lon="6.973402201307268">
      <ele>1576.2</ele></trkpt>
      <trkpt lat="46.448761227521395" lon="6.973377623557273">
      <ele>1575.0</ele></trkpt>
      <trkpt lat="46.44887768067279" lon="6.973395873466279">
      <ele>1573.8</ele></trkpt>
      <trkpt lat="46.44893764487404" lon="6.973421818043105">
      <ele>1572.6</ele></trkpt>
      <trkpt lat="46.44898268988385" lon="6.973459916195415">
      <ele>1571.3</ele></trkpt>
      <trkpt lat="46.44903771979007" lon="6.973497915780158">
      <ele>1570.1</ele></trkpt>
      <trkpt lat="46.44910429222005" lon="6.973514186004733">
      <ele>1568.9</ele></trkpt>
      <trkpt lat="46.44920086325697" lon="6.9735518556027785">
      <ele>1567.7</ele></trkpt>
      <trkpt lat="46.44928920851551" lon="6.973604016218105">
      <ele>1566.4</ele></trkpt>
      <trkpt lat="46.44940762118376" lon="6.973694391016439">
      <ele>1565.2</ele></trkpt>
      <trkpt lat="46.44954622214206" lon="6.97384235302749">
      <ele>1564.0</ele></trkpt>
      <trkpt lat="46.44962640481779" lon="6.973935477037113">
      <ele>1562.8</ele></trkpt>
      <trkpt lat="46.44971665193522" lon="6.974050158851977">
      <ele>1561.5</ele></trkpt>
      <trkpt lat="46.449785341023606" lon="6.974177051391955">
      <ele>1560.3</ele></trkpt>
      <trkpt lat="46.44981905457233" lon="6.974266591542731">
      <ele>1559.1</ele></trkpt>
      <trkpt lat="46.449880656631734" lon="6.974431353561426">
      <ele>1557.9</ele></trkpt>
      <trkpt lat="46.4499096788613" lon="6.974544048657354">
      <ele>1556.6</ele></trkpt>
      <trkpt lat="46.44992725430103" lon="6.9746513494843425">
      <ele>1555.4</ele></trkpt>
      <trkpt lat="46.44994689414601" lon="6.974797182937332">
      <ele>1553.9</ele></trkpt>
      <trkpt lat="46.449968544348934" lon="6.974970551918853">
      <ele>1552.4</ele></trkpt>
      <trkpt lat="46.449988217517536" lon="6.975124649794439">
      <ele>1550.9</ele></trkpt>
      <trkpt lat="46.45000589719811" lon="6.975215746469795">
      <ele>1549.5</ele></trkpt>
      <trkpt lat="46.45001544445202" lon="6.975264913448017">
      <ele>1548.0</ele></trkpt>
      <trkpt lat="46.45002523141678" lon="6.975330945763795">
      <ele>1546.5</ele></trkpt>
      <trkpt lat="46.45003324394764" lon="6.975427305065911">
      <ele>1545.0</ele></trkpt>
      <trkpt lat="46.45005421909622" lon="6.975435390449964">
      <ele>1543.5</ele></trkpt>
      <trkpt lat="46.45008274598007" lon="6.975426882360427">
      <ele>1542.0</ele></trkpt>
      <trkpt lat="46.45009993850381" lon="6.975440505380596">
      <ele>1540.6</ele></trkpt>
      <trkpt lat="46.450115379068755" lon="6.975489960554737">
      <ele>1539.1</ele></trkpt>
      <trkpt lat="46.45016894456481" lon="6.9755528601278805">
      <ele>1537.6</ele></trkpt>
      <trkpt lat="46.450209075452285" lon="6.975588334783722">
      <ele>1536.1</ele></trkpt>
      <trkpt lat="46.4502472970359" lon="6.975621066609474">
      <ele>1534.6</ele></trkpt>
      <trkpt lat="46.45028754017843" lon="6.975684080163445">
      <ele>1533.1</ele></trkpt>
      <trkpt lat="46.450329703822526" lon="6.975752595789623">
      <ele>1531.6</ele></trkpt>
      <trkpt lat="46.4503869710048" lon="6.975787924481493">
      <ele>1530.2</ele></trkpt>
      <trkpt lat="46.45042899761173" lon="6.975820624090428">
      <ele>1528.7</ele></trkpt>
      <trkpt lat="46.450474930328085" lon="6.975878084099074">
      <ele>1527.2</ele></trkpt>
      <trkpt lat="46.45052274756857" lon="6.975930009743324">
      <ele>1525.7</ele></trkpt>
      <trkpt lat="46.4505342953118" lon="6.975960223330033">
      <ele>1525.0</ele></trkpt>
      <trkpt lat="46.450542208501254" lon="6.9760345369474495">
      <ele>1524.2</ele></trkpt>
      <trkpt lat="46.45057666072999" lon="6.976078312184725">
      <ele>1523.5</ele></trkpt>
      <trkpt lat="46.4506531619265" lon="6.976160305688924">
      <ele>1522.7</ele></trkpt>
      <trkpt lat="46.4506856285746" lon="6.976184822656082">
      <ele>1522.0</ele></trkpt>
      <trkpt lat="46.45072565830117" lon="6.976195505190526">
      <ele>1521.2</ele></trkpt>
      <trkpt lat="46.450779097793735" lon="6.9762253488228545">
      <ele>1520.5</ele></trkpt>
      <trkpt lat="46.45081540097363" lon="6.9762553515991685">
      <ele>1519.7</ele></trkpt>
      <trkpt lat="46.450855475524556" lon="6.976277044639721">
      <ele>1519.0</ele></trkpt>
      <trkpt lat="46.45090128465762" lon="6.976304207260359">
      <ele>1518.2</ele></trkpt>
      <trkpt lat="46.45094141525701" lon="6.976339669936238">
      <ele>1517.5</ele></trkpt>
      <trkpt lat="46.450972017466185" lon="6.9763724676627845">
      <ele>1516.8</ele></trkpt>
      <trkpt lat="46.45098940053678" lon="6.976432931194896">
      <ele>1516.0</ele></trkpt>
      <trkpt lat="46.45101911098618" lon="6.976542812506805">
      <ele>1515.3</ele></trkpt>
      <trkpt lat="46.4510313580266" lon="6.976568061757061">
      <ele>1514.5</ele></trkpt>
      <trkpt lat="46.45104581417872" lon="6.976590155541498">
      <ele>1513.8</ele></trkpt>
      <trkpt lat="46.45126898387144" lon="6.976889336183197">
      <ele>1513.0</ele></trkpt>
      <trkpt lat="46.45136859915466" lon="6.977014488999194">
      <ele>1512.3</ele></trkpt>
      <trkpt lat="46.45145939834035" lon="6.97712855016337">
      <ele>1511.5</ele></trkpt>
      <trkpt lat="46.451494145749464" lon="6.977160948953073">
      <ele>1510.8</ele></trkpt>
      <trkpt lat="46.451544298282236" lon="6.977203277567806">
      <ele>1510.3</ele></trkpt>
      <trkpt lat="46.45150140724226" lon="6.977258827284671">
      <ele>1509.8</ele></trkpt>
      <trkpt lat="46.45143849146956" lon="6.977283349585428">
      <ele>1509.3</ele></trkpt>
      <trkpt lat="46.45139708833587" lon="6.9772932939803916">
      <ele>1508.7</ele></trkpt>
      <trkpt lat="46.451309183141426" lon="6.9772892389822125">
      <ele>1508.2</ele></trkpt>
      <trkpt lat="46.45125784159167" lon="6.977304083511671">
      <ele>1507.7</ele></trkpt>
      <trkpt lat="46.4511949932256" lon="6.977342986897984">
      <ele>1507.2</ele></trkpt>
      <trkpt lat="46.45113394628194" lon="6.977417887957678">
      <ele>1506.7</ele></trkpt>
      <trkpt lat="46.4510978017033" lon="6.977502169349586">
      <ele>1506.2</ele></trkpt>
      <trkpt lat="46.45108815395698" lon="6.977574225406724">
      <ele>1505.7</ele></trkpt>
      <trkpt lat="46.451108617502285" lon="6.977715591794815">
      <ele>1505.1</ele></trkpt>
      <trkpt lat="46.45112067922932" lon="6.977828240024547">
      <ele>1504.6</ele></trkpt>
      <trkpt lat="46.451119305662" lon="6.977895436178523">
      <ele>1504.1</ele></trkpt>
      <trkpt lat="46.45110463521391" lon="6.977957929629203">
      <ele>1503.6</ele></trkpt>
      <trkpt lat="46.4510782931986" lon="6.978006127349918">
      <ele>1503.1</ele></trkpt>
      <trkpt lat="46.45103693939276" lon="6.978030465501757">
      <ele>1502.6</ele></trkpt>
      <trkpt lat="46.450949073183274" lon="6.978036014195464">
      <ele>1502.0</ele></trkpt>
      <trkpt lat="46.45074681159725" lon="6.9780425211944905">
      <ele>1501.5</ele></trkpt>
      <trkpt lat="46.450624064840824" lon="6.978031576546706">
      <ele>1501.0</ele></trkpt>
      <trkpt lat="46.450471412743454" lon="6.978006491242725">
      <ele>1500.5</ele></trkpt>
      <trkpt lat="46.450403395055744" lon="6.977997463731411">
      <ele>1500.0</ele></trkpt>
      <trkpt lat="46.45033532946152" lon="6.977978844582616">
      <ele>1499.5</ele></trkpt>
      <trkpt lat="46.4502804738315" lon="6.9779457317165665">
      <ele>1498.9</ele></trkpt>
      <trkpt lat="46.450175649371786" lon="6.9778578598133585">
      <ele>1498.4</ele></trkpt>
      <trkpt lat="46.44996107296194" lon="6.977689356150176">
      <ele>1497.9</ele></trkpt>
      <trkpt lat="46.4498462116573" lon="6.97757997884365">
      <ele>1497.4</ele></trkpt>
      <trkpt lat="46.44970304154453" lon="6.977442053783147">
      <ele>1496.9</ele></trkpt>
      <trkpt lat="46.44966151174761" lon="6.977420815222504">
      <ele>1496.3</ele></trkpt>
      <trkpt lat="46.4496266805261" lon="6.977418703622274">
      <ele>1495.8</ele></trkpt>
      <trkpt lat="46.449570296955734" lon="6.977419183015543">
      <ele>1495.3</ele></trkpt>
      <trkpt lat="46.449532252928314" lon="6.977441111086853">
      <ele>1494.8</ele></trkpt>
      <trkpt lat="46.44947609267879" lon="6.9774943636141025">
      <ele>1494.3</ele></trkpt>
      <trkpt lat="46.44944975007856" lon="6.977540152380536">
      <ele>1493.7</ele></trkpt>
      <trkpt lat="46.449428459996454" lon="6.977605121017827">
      <ele>1493.2</ele></trkpt>
      <trkpt lat="46.44941885184548" lon="6.977689161129737">
      <ele>1492.7</ele></trkpt>
      <trkpt lat="46.44941093777834" lon="6.9777827917371615">
      <ele>1492.2</ele></trkpt>
      <trkpt lat="46.44938478077886" lon="6.977876564255253">
      <ele>1491.7</ele></trkpt>
      <trkpt lat="46.44935195446594" lon="6.977958419721294">
      <ele>1491.1</ele></trkpt>
      <trkpt lat="46.44932904783272" lon="6.978032980675904">
      <ele>1490.6</ele></trkpt>
      <trkpt lat="46.449330994903434" lon="6.97810493585006">
      <ele>1490.1</ele></trkpt>
      <trkpt lat="46.449334635220296" lon="6.978184060812456">
      <ele>1489.7</ele></trkpt>
      <trkpt lat="46.44933165629849" lon="6.978268044412896">
      <ele>1489.3</ele></trkpt>
      <trkpt lat="46.44931374418432" lon="6.978349773010285">
      <ele>1488.9</ele></trkpt>
      <trkpt lat="46.44925630750593" lon="6.978496598295418">
      <ele>1488.5</ele></trkpt>
      <trkpt lat="46.4492103193102" lon="6.978604945703093">
      <ele>1488.1</ele></trkpt>
      <trkpt lat="46.44918414152901" lon="6.978691533512423">
      <ele>1487.7</ele></trkpt>
      <trkpt lat="46.44914639902354" lon="6.978790192826237">
      <ele>1487.3</ele></trkpt>
      <trkpt lat="46.449087161678925" lon="6.9789034544797275">
      <ele>1486.9</ele></trkpt>
      <trkpt lat="46.44903942078901" lon="6.978987816936975">
      <ele>1486.5</ele></trkpt>
      <trkpt lat="46.44900502595819" lon="6.979073510811513">
      <ele>1486.1</ele></trkpt>
      <trkpt lat="46.448964997426145" lon="6.9791586406050286">
      <ele>1485.7</ele></trkpt>
      <trkpt lat="46.448934185479" lon="6.979209424571219">
      <ele>1485.3</ele></trkpt>
      <trkpt lat="46.44889645082793" lon="6.9793056883005695">
      <ele>1484.9</ele></trkpt>
      <trkpt lat="46.448872914978445" lon="6.979396157299272">
      <ele>1484.5</ele></trkpt>
      <trkpt lat="46.44886579425587" lon="6.979486109854027">
      <ele>1484.1</ele></trkpt>
      <trkpt lat="46.44886818670818" lon="6.97955942722868">
      <ele>1483.7</ele></trkpt>
      <trkpt lat="46.44888201743877" lon="6.979587174582213">
      <ele>1483.3</ele></trkpt>
      <trkpt lat="46.44890408248656" lon="6.979617936750172">
      <ele>1482.9</ele></trkpt>
      <trkpt lat="46.449068816362804" lon="6.979827979806649">
      <ele>1482.5</ele></trkpt>
      <trkpt lat="46.44921927648974" lon="6.979998658065042">
      <ele>1482.1</ele></trkpt>
      <trkpt lat="46.44925095301323" lon="6.980041573202438">
      <ele>1481.9</ele></trkpt>
      <trkpt lat="46.44928101308717" lon="6.980094093932983">
      <ele>1481.6</ele></trkpt>
      <trkpt lat="46.449299556885194" lon="6.980170711285249">
      <ele>1481.4</ele></trkpt>
      <trkpt lat="46.44929493032372" lon="6.980254708632826">
      <ele>1481.1</ele></trkpt>
      <trkpt lat="46.449272013909116" lon="6.980331676340004">
      <ele>1480.9</ele></trkpt>
      <trkpt lat="46.44922589808203" lon="6.980408826936538">
      <ele>1480.6</ele></trkpt>
      <trkpt lat="46.44914505690972" lon="6.980507875131686">
      <ele>1480.4</ele></trkpt>
      <trkpt lat="46.44906091630533" lon="6.980614135008391">
      <ele>1480.1</ele></trkpt>
      <trkpt lat="46.44899991554076" lon="6.980701015564211">
      <ele>1479.9</ele></trkpt>
      <trkpt lat="46.44892768770309" lon="6.980881540171817">
      <ele>1479.7</ele></trkpt>
      <trkpt lat="46.44888171718873" lon="6.980997068828068">
      <ele>1479.4</ele></trkpt>
      <trkpt lat="46.44886867125037" lon="6.981052361051821">
      <ele>1479.2</ele></trkpt>
      <trkpt lat="46.44886748904444" lon="6.981167524745441">
      <ele>1478.9</ele></trkpt>
      <trkpt lat="46.44886799152342" lon="6.981292266034746">
      <ele>1478.7</ele></trkpt>
      <trkpt lat="46.448856765447466" lon="6.98139071245276">
      <ele>1478.4</ele></trkpt>
      <trkpt lat="46.44883722424903" lon="6.981477255421255">
      <ele>1478.2</ele></trkpt>
      <trkpt lat="46.448804269714955" lon="6.981527899821002">
      <ele>1477.9</ele></trkpt>
      <trkpt lat="46.44874311377782" lon="6.9815764000934255">
      <ele>1477.7</ele></trkpt>
      <trkpt lat="46.4486704411498" lon="6.981648970198397">
      <ele>1477.4</ele></trkpt>
      <trkpt lat="46.44861269200799" lon="6.981721427424381">
      <ele>1477.2</ele></trkpt>
      <trkpt lat="46.44855345110139" lon="6.981832290084706">
      <ele>1476.5</ele></trkpt>
      <trkpt lat="46.4485191120818" lon="6.981952521587081">
      <ele>1475.9</ele></trkpt>
      <trkpt lat="46.4484867447214" lon="6.9820731788372665">
      <ele>1475.2</ele></trkpt>
      <trkpt lat="46.44852182990419" lon="6.982118343465419">
      <ele>1474.5</ele></trkpt>
      <trkpt lat="46.4485463731929" lon="6.982145897025855">
      <ele>1473.8</ele></trkpt>
      <trkpt lat="46.44858140644852" lon="6.982175913202893">
      <ele>1473.2</ele></trkpt>
      <trkpt lat="46.44866708758549" lon="6.982213064759225">
      <ele>1472.5</ele></trkpt>
      <trkpt lat="46.44870905171977" lon="6.98223292338818">
      <ele>1471.8</ele></trkpt>
      <trkpt lat="46.44881925584914" lon="6.9822925923909995">
      <ele>1471.1</ele></trkpt>
      <trkpt lat="46.44885767894456" lon="6.982299843691814">
      <ele>1470.5</ele></trkpt>
      <trkpt lat="46.44888386590188" lon="6.982302148245158">
      <ele>1469.8</ele></trkpt>
      <trkpt lat="46.448904745372836" lon="6.982284311696783">
      <ele>1469.1</ele></trkpt>
      <trkpt lat="46.448925553705266" lon="6.982248775776492">
      <ele>1468.4</ele></trkpt>
      <trkpt lat="46.44894109737227" lon="6.982208234430052">
      <ele>1467.8</ele></trkpt>
      <trkpt lat="46.44895822380178" lon="6.982127295183842">
      <ele>1467.1</ele></trkpt>
      <trkpt lat="46.448984004607055" lon="6.98202858306669">
      <ele>1466.4</ele></trkpt>
      <trkpt lat="46.449021918877804" lon="6.981907071069878">
      <ele>1465.7</ele></trkpt>
      <trkpt lat="46.44908062198836" lon="6.981747484982967">
      <ele>1465.0</ele></trkpt>
      <trkpt lat="46.44918108465188" lon="6.981554723542669">
      <ele>1464.4</ele></trkpt>
      <trkpt lat="46.44926936281675" lon="6.981372163547861">
      <ele>1463.7</ele></trkpt>
      <trkpt lat="46.449307500052136" lon="6.981306182575945">
      <ele>1462.9</ele></trkpt>
      <trkpt lat="46.44937515286668" lon="6.981204591474512">
      <ele>1462.1</ele></trkpt>
      <trkpt lat="46.44943427101563" lon="6.981146020934114">
      <ele>1461.3</ele></trkpt>
      <trkpt lat="46.44948921430475" lon="6.981102882000095">
      <ele>1460.5</ele></trkpt>
      <trkpt lat="46.44952563800902" lon="6.9810604197881165">
      <ele>1459.7</ele></trkpt>
      <trkpt lat="46.44954275138769" lon="6.981034480053562">
      <ele>1458.9</ele></trkpt>
      <trkpt lat="46.44957604718708" lon="6.980968122882225">
      <ele>1458.1</ele></trkpt>
      <trkpt lat="46.449610673810724" lon="6.9809105654458525">
      <ele>1457.3</ele></trkpt>
      <trkpt lat="46.44963465486102" lon="6.980878906212715">
      <ele>1456.5</ele></trkpt>
      <trkpt lat="46.44965999330759" lon="6.980853703877379">
      <ele>1455.7</ele></trkpt>
      <trkpt lat="46.449733042884276" lon="6.9807899652930905">
      <ele>1454.8</ele></trkpt>
      <trkpt lat="46.44987055758938" lon="6.980695357637158">
      <ele>1454.0</ele></trkpt>
      <trkpt lat="46.44994892395678" lon="6.980651785873151">
      <ele>1453.2</ele></trkpt>
      <trkpt lat="46.450049955159535" lon="6.9806004088665485">
      <ele>1452.4</ele></trkpt>
      <trkpt lat="46.450140486354904" lon="6.980544096560845">
      <ele>1451.6</ele></trkpt>
      <trkpt lat="46.450175255106124" lon="6.9805084412562675">
      <ele>1450.8</ele></trkpt>
      <trkpt lat="46.45022732229209" lon="6.98043477920051">
      <ele>1450.0</ele></trkpt>
      <trkpt lat="46.450284532979026" lon="6.980338323326355">
      <ele>1449.2</ele></trkpt>
      <trkpt lat="46.450334947852014" lon="6.980289924047188">
      <ele>1448.4</ele></trkpt>
      <trkpt lat="46.45042019251699" lon="6.9802210180018704">
      <ele>1447.6</ele></trkpt>
      <trkpt lat="46.45049841473511" lon="6.980139559507415">
      <ele>1447.0</ele></trkpt>
      <trkpt lat="46.45061489688289" lon="6.980024927267873">
      <ele>1446.3</ele></trkpt>
      <trkpt lat="46.450653218151544" lon="6.980006928788391">
      <ele>1445.7</ele></trkpt>
      <trkpt lat="46.45068463931412" lon="6.980006663128163">
      <ele>1445.1</ele></trkpt>
      <trkpt lat="46.45071434594806" lon="6.98001398675493">
      <ele>1444.4</ele></trkpt>
      <trkpt lat="46.45073712428568" lon="6.9800365185543">
      <ele>1443.8</ele></trkpt>
      <trkpt lat="46.450758249314354" lon="6.980081801756638">
      <ele>1443.2</ele></trkpt>
      <trkpt lat="46.450781374347294" lon="6.980190204441822">
      <ele>1442.5</ele></trkpt>
      <trkpt lat="46.450800773329426" lon="6.980238014245905">
      <ele>1441.9</ele></trkpt>
      <trkpt lat="46.450820102148064" lon="6.9802706750650865">
      <ele>1441.2</ele></trkpt>
      <trkpt lat="46.450851657043565" lon="6.980305770556593">
      <ele>1440.6</ele></trkpt>
      <trkpt lat="46.450933960686825" lon="6.980370736614764">
      <ele>1440.0</ele></trkpt>
      <trkpt lat="46.4510039668929" lon="6.980415594180033">
      <ele>1439.3</ele></trkpt>
      <trkpt lat="46.45107569901893" lon="6.980457912335711">
      <ele>1438.7</ele></trkpt>
      <trkpt lat="46.451159658401906" lon="6.980505190251524">
      <ele>1438.1</ele></trkpt>
      <trkpt lat="46.45124198230028" lon="6.980575206718862">
      <ele>1437.4</ele></trkpt>
      <trkpt lat="46.45130149971167" lon="6.980620153365343">
      <ele>1436.8</ele></trkpt>
      <trkpt lat="46.451378496483436" lon="6.980667477496816">
      <ele>1436.2</ele></trkpt>
      <trkpt lat="46.45141705086283" lon="6.980705026436712">
      <ele>1435.5</ele></trkpt>
      <trkpt lat="46.45145220672035" lon="6.980765354830329">
      <ele>1434.9</ele></trkpt>
      <trkpt lat="46.45146636228723" lon="6.980815734649462">
      <ele>1434.0</ele></trkpt>
      <trkpt lat="46.451468360744194" lon="6.980876329966552">
      <ele>1433.2</ele></trkpt>
      <trkpt lat="46.45145462373547" lon="6.980932008131094">
      <ele>1432.3</ele></trkpt>
      <trkpt lat="46.45142939990754" lon="6.980970030343489">
      <ele>1431.4</ele></trkpt>
      <trkpt lat="46.45140198828274" lon="6.980989745478405">
      <ele>1430.6</ele></trkpt>
      <trkpt lat="46.451371092342576" lon="6.980997568008725">
      <ele>1429.7</ele></trkpt>
      <trkpt lat="46.45134100539231" lon="6.980994073448753">
      <ele>1428.8</ele></trkpt>
      <trkpt lat="46.45131149417809" lon="6.980979419968036">
      <ele>1428.0</ele></trkpt>
      <trkpt lat="46.451271431460924" lon="6.980953740515626">
      <ele>1427.1</ele></trkpt>
      <trkpt lat="46.45119968934263" lon="6.980908896684593">
      <ele>1426.2</ele></trkpt>
      <trkpt lat="46.45116122663144" lon="6.9808940715367775">
      <ele>1425.4</ele></trkpt>
      <trkpt lat="46.451042459023924" lon="6.9808748741953774">
      <ele>1424.5</ele></trkpt>
      <trkpt lat="46.450904483725935" lon="6.980850789157302">
      <ele>1423.7</ele></trkpt>
      <trkpt lat="46.45078572623723" lon="6.9808341038343755">
      <ele>1422.8</ele></trkpt>
      <trkpt lat="46.450747385715886" lon="6.980849590018158">
      <ele>1421.9</ele></trkpt>
      <trkpt lat="46.45071434151765" lon="6.980880155035797">
      <ele>1421.1</ele></trkpt>
      <trkpt lat="46.4506935528391" lon="6.9809182304351785">
      <ele>1420.2</ele></trkpt>
      <trkpt lat="46.450617501370026" lon="6.981103204751528">
      <ele>1419.3</ele></trkpt>
      <trkpt lat="46.450569056266794" lon="6.981209673166026">
      <ele>1418.5</ele></trkpt>
      <trkpt lat="46.45050144524194" lon="6.981323877731534">
      <ele>1417.6</ele></trkpt>
      <trkpt lat="46.450465032836505" lon="6.981384808782267">
      <ele>1416.8</ele></trkpt>
      <trkpt lat="46.45043738544026" lon="6.981453227613977">
      <ele>1415.9</ele></trkpt>
      <trkpt lat="46.45043065907004" lon="6.981516407228307">
      <ele>1415.1</ele></trkpt>
      <trkpt lat="46.450424074984866" lon="6.98161494747551">
      <ele>1414.3</ele></trkpt>
      <trkpt lat="46.45043306482277" lon="6.981680532592798">
      <ele>1413.4</ele></trkpt>
      <trkpt lat="46.45048070122608" lon="6.981808915202846">
      <ele>1412.6</ele></trkpt>
      <trkpt lat="46.45050714215836" lon="6.981874353475311">
      <ele>1411.8</ele></trkpt>
      <trkpt lat="46.45051258962104" lon="6.981924806019478">
      <ele>1410.9</ele></trkpt>
      <trkpt lat="46.450497117130816" lon="6.981983022463075">
      <ele>1410.1</ele></trkpt>
      <trkpt lat="46.45046938815719" lon="6.982031242364831">
      <ele>1409.2</ele></trkpt>
      <trkpt lat="46.45040329922071" lon="6.982092396638971">
      <ele>1408.4</ele></trkpt>
      <trkpt lat="46.45035466935162" lon="6.982150891944181">
      <ele>1407.6</ele></trkpt>
      <trkpt lat="46.45030953079429" lon="6.982211869663978">
      <ele>1406.7</ele></trkpt>
      <trkpt lat="46.450276628395244" lon="6.98227780717379">
      <ele>1405.9</ele></trkpt>
      <trkpt lat="46.45023874306435" lon="6.982404384306508">
      <ele>1405.1</ele></trkpt>
      <trkpt lat="46.4501646484685" lon="6.982644912442413">
      <ele>1404.2</ele></trkpt>
      <trkpt lat="46.45014572596889" lon="6.9827132699303895">
      <ele>1403.4</ele></trkpt>
      <trkpt lat="46.45014075415406" lon="6.982778959201516">
      <ele>1402.6</ele></trkpt>
      <trkpt lat="46.45015496854772" lon="6.982841975360868">
      <ele>1401.7</ele></trkpt>
      <trkpt lat="46.45017781612167" lon="6.982879656958772">
      <ele>1400.9</ele></trkpt>
      <trkpt lat="46.45021462470157" lon="6.982917234315675">
      <ele>1400.1</ele></trkpt>
      <trkpt lat="46.45027926509767" lon="6.982934365632854">
      <ele>1399.4</ele></trkpt>
      <trkpt lat="46.45037870431108" lon="6.982920905692816">
      <ele>1398.6</ele></trkpt>
      <trkpt lat="46.450481583099396" lon="6.982894792211095">
      <ele>1397.8</ele></trkpt>
      <trkpt lat="46.45057891197166" lon="6.982862074560069">
      <ele>1397.1</ele></trkpt>
      <trkpt lat="46.45069362199068" lon="6.982834169493663">
      <ele>1396.3</ele></trkpt>
      <trkpt lat="46.45074602185483" lon="6.9828318029568">
      <ele>1395.5</ele></trkpt>
      <trkpt lat="46.45078601237262" lon="6.982839601376223">
      <ele>1394.7</ele></trkpt>
      <trkpt lat="46.45081916561276" lon="6.9828562424684115">
      <ele>1394.0</ele></trkpt>
      <trkpt lat="46.45084506139611" lon="6.982882380530181">
      <ele>1393.2</ele></trkpt>
      <trkpt lat="46.45086109780377" lon="6.9829130005655555">
      <ele>1392.4</ele></trkpt>
      <trkpt lat="46.450871116235106" lon="6.982943671174209">
      <ele>1391.7</ele></trkpt>
      <trkpt lat="46.45087642951849" lon="6.9829899474270425">
      <ele>1390.9</ele></trkpt>
      <trkpt lat="46.45087313180838" lon="6.98303796195059">
      <ele>1390.1</ele></trkpt>
      <trkpt lat="46.45079351694558" lon="6.983207827209722">
      <ele>1389.3</ele></trkpt>
      <trkpt lat="46.45063948016943" lon="6.983534875012748">
      <ele>1388.6</ele></trkpt>
      <trkpt lat="46.45059610515509" lon="6.983598375040647">
      <ele>1387.8</ele></trkpt>
      <trkpt lat="46.45055433354333" lon="6.983626499590831">
      <ele>1387.0</ele></trkpt>
      <trkpt lat="46.45041137867601" lon="6.98367063528358">
      <ele>1386.3</ele></trkpt>
      <trkpt lat="46.45036435257282" lon="6.983696278836583">
      <ele>1385.5</ele></trkpt>
      <trkpt lat="46.450320815586316" lon="6.983719368172921">
      <ele>1385.2</ele></trkpt>
      <trkpt lat="46.4502895349501" lon="6.983752467346717">
      <ele>1384.9</ele></trkpt>
      <trkpt lat="46.45027230623702" lon="6.983808159823031">
      <ele>1384.7</ele></trkpt>
      <trkpt lat="46.45027250858657" lon="6.983858682339609">
      <ele>1384.4</ele></trkpt>
      <trkpt lat="46.45028315231812" lon="6.98390404147895">
      <ele>1384.1</ele></trkpt>
      <trkpt lat="46.4503130002428" lon="6.983946714753991">
      <ele>1383.8</ele></trkpt>
      <trkpt lat="46.450358504808634" lon="6.9839791571996015">
      <ele>1383.5</ele></trkpt>
      <trkpt lat="46.45041785802427" lon="6.983981184644076">
      <ele>1383.3</ele></trkpt>
      <trkpt lat="46.45052082804014" lon="6.983977796678052">
      <ele>1383.0</ele></trkpt>
      <trkpt lat="46.45057675171898" lon="6.983995015426756">
      <ele>1382.7</ele></trkpt>
      <trkpt lat="46.45063795113857" lon="6.9840222766845566">
      <ele>1382.4</ele></trkpt>
      <trkpt lat="46.45073061220502" lon="6.984059387082878">
      <ele>1382.1</ele></trkpt>
      <trkpt lat="46.45078130151578" lon="6.9840791487476475">
      <ele>1381.9</ele></trkpt>
      <trkpt lat="46.45080748732505" lon="6.984078929316848">
      <ele>1381.6</ele></trkpt>
      <trkpt lat="46.4508301526239" lon="6.984071177596812">
      <ele>1381.3</ele></trkpt>
      <trkpt lat="46.450845757587416" lon="6.9840457844554065">
      <ele>1381.0</ele></trkpt>
      <trkpt lat="46.45086640695746" lon="6.983974900160878">
      <ele>1380.7</ele></trkpt>
      <trkpt lat="46.45088883961638" lon="6.983909050738444">
      <ele>1380.5</ele></trkpt>
      <trkpt lat="46.450921643008314" lon="6.983820402872409">
      <ele>1380.2</ele></trkpt>
      <trkpt lat="46.45096152678641" lon="6.983754406977198">
      <ele>1379.9</ele></trkpt>
      <trkpt lat="46.45100158253341" lon="6.983731346590558">
      <ele>1379.2</ele></trkpt>
      <trkpt lat="46.451046915217404" lon="6.9837208666402155">
      <ele>1378.4</ele></trkpt>
      <trkpt lat="46.45114472061246" lon="6.983735183086639">
      <ele>1377.7</ele></trkpt>
      <trkpt lat="46.4512180449653" lon="6.983739631098033">
      <ele>1376.9</ele></trkpt>
      <trkpt lat="46.451307055124886" lon="6.983738884650028">
      <ele>1376.2</ele></trkpt>
      <trkpt lat="46.451364621646356" lon="6.983728302050083">
      <ele>1375.4</ele></trkpt>
      <trkpt lat="46.45142043405046" lon="6.983717734138607">
      <ele>1374.7</ele></trkpt>
      <trkpt lat="46.45146409124484" lon="6.983722404920378">
      <ele>1373.9</ele></trkpt>
      <trkpt lat="46.451500819751146" lon="6.983742309644823">
      <ele>1373.2</ele></trkpt>
      <trkpt lat="46.451528922615324" lon="6.983784998422028">
      <ele>1372.5</ele></trkpt>
      <trkpt lat="46.4515378504753" lon="6.9838354229205715">
      <ele>1371.7</ele></trkpt>
      <trkpt lat="46.45153283878768" lon="6.983893565230926">
      <ele>1371.0</ele></trkpt>
      <trkpt lat="46.4515086497414" lon="6.98395436721531">
      <ele>1370.2</ele></trkpt>
      <trkpt lat="46.45142184973397" lon="6.984071256082945">
      <ele>1369.5</ele></trkpt>
      <trkpt lat="46.45136714414858" lon="6.984151589154265">
      <ele>1368.7</ele></trkpt>
      <trkpt lat="46.45133165999626" lon="6.984190841100285">
      <ele>1368.0</ele></trkpt>
      <trkpt lat="46.451303719423244" lon="6.9842111446846005">
      <ele>1367.2</ele></trkpt>
      <trkpt lat="46.45120265617586" lon="6.984254915521367">
      <ele>1366.5</ele></trkpt>
      <trkpt lat="46.45116261942042" lon="6.984280500397437">
      <ele>1365.7</ele></trkpt>
      <trkpt lat="46.45112960475974" lon="6.984318677196523">
      <ele>1365.0</ele></trkpt>
      <trkpt lat="46.451096620283714" lon="6.984364402508171">
      <ele>1364.3</ele></trkpt>
      <trkpt lat="46.450968362214866" lon="6.984590235442074">
      <ele>1363.5</ele></trkpt>
      <trkpt lat="46.4509058807648" lon="6.984678779872385">
      <ele>1362.8</ele></trkpt>
      <trkpt lat="46.45085902636552" lon="6.98474518475114">
      <ele>1362.0</ele></trkpt>
      <trkpt lat="46.45081912177839" lon="6.984806117078512">
      <ele>1361.3</ele></trkpt>
      <trkpt lat="46.450791402789626" lon="6.984859385596356">
      <ele>1360.6</ele></trkpt>
      <trkpt lat="46.45077942803246" lon="6.984917572233788">
      <ele>1359.8</ele></trkpt>
      <trkpt lat="46.450777895841895" lon="6.984973133564207">
      <ele>1359.1</ele></trkpt>
      <trkpt lat="46.450788627823144" lon="6.985036193164269">
      <ele>1358.3</ele></trkpt>
      <trkpt lat="46.45082041312806" lon="6.985129349946091">
      <ele>1357.6</ele></trkpt>
      <trkpt lat="46.45088033209419" lon="6.985275321387324">
      <ele>1356.9</ele></trkpt>
      <trkpt lat="46.450943719827244" lon="6.985413676332337">
      <ele>1356.1</ele></trkpt>
      <trkpt lat="46.4509779890098" lon="6.985477867126789">
      <ele>1355.4</ele></trkpt>
      <trkpt lat="46.45101008792851" lon="6.985527967684451">
      <ele>1354.6</ele></trkpt>
      <trkpt lat="46.451066640876114" lon="6.985596996378456">
      <ele>1353.9</ele></trkpt>
      <trkpt lat="46.45115777900922" lon="6.9856922093402085">
      <ele>1353.2</ele></trkpt>
      <trkpt lat="46.45122268877507" lon="6.9857724788508415">
      <ele>1352.4</ele></trkpt>
      <trkpt lat="46.45128600543821" lon="6.985893161146513">
      <ele>1351.7</ele></trkpt>
      <trkpt lat="46.45131404924044" lon="6.985925751526343">
      <ele>1350.9</ele></trkpt>
      <trkpt lat="46.45134383606713" lon="6.985953290491837">
      <ele>1350.2</ele></trkpt>
      <trkpt lat="46.45138053286682" lon="6.985963084087539">
      <ele>1349.6</ele></trkpt>
      <trkpt lat="46.45141717034604" lon="6.985960253381227">
      <ele>1349.0</ele></trkpt>
      <trkpt lat="46.45146415664534" lon="6.985924498757176">
      <ele>1348.4</ele></trkpt>
      <trkpt lat="46.45150237818412" lon="6.985881255343366">
      <ele>1347.8</ele></trkpt>
      <trkpt lat="46.45156301218137" lon="6.985764574653428">
      <ele>1347.2</ele></trkpt>
      <trkpt lat="46.4516062967437" lon="6.985675839296935">
      <ele>1346.6</ele></trkpt>
      <trkpt lat="46.451651407967546" lon="6.985609800283764">
      <ele>1346.0</ele></trkpt>
      <trkpt lat="46.45171919457401" lon="6.9855385218027415">
      <ele>1345.4</ele></trkpt>
      <trkpt lat="46.45176440544547" lon="6.985495219524886">
      <ele>1344.8</ele></trkpt>
      <trkpt lat="46.45180272644839" lon="6.985474686542388">
      <ele>1344.2</ele></trkpt>
      <trkpt lat="46.45185507000488" lon="6.985471724271508">
      <ele>1343.7</ele></trkpt>
      <trkpt lat="46.45195984563887" lon="6.9854834738848215">
      <ele>1343.1</ele></trkpt>
      <trkpt lat="46.4520157085843" lon="6.985485532192394">
      <ele>1342.5</ele></trkpt>
      <trkpt lat="46.452059254924464" lon="6.9854624434766555">
      <ele>1341.9</ele></trkpt>
      <trkpt lat="46.45209230030358" lon="6.985431867477398">
      <ele>1341.3</ele></trkpt>
      <trkpt lat="46.45213219617838" lon="6.98537092123997">
      <ele>1340.7</ele></trkpt>
      <trkpt lat="46.45216696752765" lon="6.985337792707629">
      <ele>1340.1</ele></trkpt>
      <trkpt lat="46.45221050375832" lon="6.985312178893977">
      <ele>1339.5</ele></trkpt>
      <trkpt lat="46.452245406179266" lon="6.98531188720555">
      <ele>1338.9</ele></trkpt>
      <trkpt lat="46.4522873574716" lon="6.98532416162082">
      <ele>1338.3</ele></trkpt>
      <trkpt lat="46.45232238088998" lon="6.985354181995728">
      <ele>1337.4</ele></trkpt>
      <trkpt lat="46.452350563766146" lon="6.985417071626007">
      <ele>1336.5</ele></trkpt>
      <trkpt lat="46.45235773580814" lon="6.98546501284502">
      <ele>1335.6</ele></trkpt>
      <trkpt lat="46.45235796754104" lon="6.9855230860456246">
      <ele>1334.7</ele></trkpt>
      <trkpt lat="46.45233913499098" lon="6.98561668156346">
      <ele>1333.8</ele></trkpt>
      <trkpt lat="46.45223033255654" lon="6.985908017298232">
      <ele>1333.0</ele></trkpt>
      <trkpt lat="46.4522045482762" lon="6.986006707450513">
      <ele>1332.1</ele></trkpt>
      <trkpt lat="46.45218736882263" lon="6.986075038762213">
      <ele>1331.2</ele></trkpt>
      <trkpt lat="46.45218584612691" lon="6.986133126416166">
      <ele>1330.3</ele></trkpt>
      <trkpt lat="46.45219654723253" lon="6.986188600124572">
      <ele>1329.4</ele></trkpt>
      <trkpt lat="46.45221245344649" lon="6.986236442431053">
      <ele>1328.5</ele></trkpt>
      <trkpt lat="46.45223542175083" lon="6.986306976904136">
      <ele>1327.6</ele></trkpt>
      <trkpt lat="46.45224437865903" lon="6.9863649772248">
      <ele>1326.7</ele></trkpt>
      <trkpt lat="46.45224138225356" lon="6.9864912782565565">
      <ele>1325.8</ele></trkpt>
      <trkpt lat="46.45224343904784" lon="6.98656954914068">
      <ele>1325.0</ele></trkpt>
      <trkpt lat="46.45225605590672" lon="6.9866679320450595">
      <ele>1324.1</ele></trkpt>
      <trkpt lat="46.4522688836561" lon="6.9868193382705215">
      <ele>1323.2</ele></trkpt>
      <trkpt lat="46.45227472277014" lon="6.986973327759882">
      <ele>1322.3</ele></trkpt>
      <trkpt lat="46.452268354925344" lon="6.987127444919795">
      <ele>1321.4</ele></trkpt>
      <trkpt lat="46.452267151881266" lon="6.987263818025156">
      <ele>1320.5</ele></trkpt>
      <trkpt lat="46.45225703243049" lon="6.987352290279361">
      <ele>1319.6</ele></trkpt>
      <trkpt lat="46.452238388969484" lon="6.987493858403265">
      <ele>1318.7</ele></trkpt>
      <trkpt lat="46.45223733600012" lon="6.987668131203765">
      <ele>1317.8</ele></trkpt>
      <trkpt lat="46.4522325117476" lon="6.987771709314918">
      <ele>1317.0</ele></trkpt>
      <trkpt lat="46.45221043559769" lon="6.987923405744164">
      <ele>1316.1</ele></trkpt>
      <trkpt lat="46.452196866542494" lon="6.98802454444156">
      <ele>1315.2</ele></trkpt>
      <trkpt lat="46.45219712707117" lon="6.988090205240574">
      <ele>1314.3</ele></trkpt>
      <trkpt lat="46.452207778107635" lon="6.988135566745347">
      <ele>1313.4</ele></trkpt>
      <trkpt lat="46.45222884880698" lon="6.988165704757925">
      <ele>1312.5</ele></trkpt>
      <trkpt lat="46.45226553744022" lon="6.98817802507758">
      <ele>1311.7</ele></trkpt>
      <trkpt lat="46.4523004177963" lon="6.9881676354051345">
      <ele>1310.8</ele></trkpt>
      <trkpt lat="46.452331719751754" lon="6.988139587392059">
      <ele>1309.9</ele></trkpt>
      <trkpt lat="46.45236985089987" lon="6.98807108252917">
      <ele>1309.0</ele></trkpt>
      <trkpt lat="46.45241288766874" lon="6.9879217235420885">
      <ele>1308.1</ele></trkpt>
      <trkpt lat="46.45244054800884" lon="6.987853318454925">
      <ele>1307.2</ele></trkpt>
      <trkpt lat="46.45247179982004" lon="6.987812658565561">
      <ele>1306.3</ele></trkpt>
      <trkpt lat="46.45251010119301" lon="6.987787077093768">
      <ele>1305.5</ele></trkpt>
      <trkpt lat="46.45257113931347" lon="6.98777394468742">
      <ele>1304.6</ele></trkpt>
      <trkpt lat="46.45262700216524" lon="6.987775992361968">
      <ele>1303.7</ele></trkpt>
      <trkpt lat="46.4528344279067" lon="6.987706092507068">
      <ele>1302.8</ele></trkpt>
      <trkpt lat="46.45287805490946" lon="6.987703204796554">
      <ele>1302.1</ele></trkpt>
      <trkpt lat="46.452911252319375" lon="6.98771302894253">
      <ele>1301.4</ele></trkpt>
      <trkpt lat="46.45294629510481" lon="6.987748088089289">
      <ele>1300.7</ele></trkpt>
      <trkpt lat="46.45297095536368" lon="6.9878009218329655">
      <ele>1299.9</ele></trkpt>
      <trkpt lat="46.45299219859477" lon="6.987879034372152">
      <ele>1299.2</ele></trkpt>
      <trkpt lat="46.45299590828918" lon="6.987932029283749">
      <ele>1298.5</ele></trkpt>
      <trkpt lat="46.4529838839072" lon="6.987982642903546">
      <ele>1297.8</ele></trkpt>
      <trkpt lat="46.452950957098004" lon="6.988041005240543">
      <ele>1297.1</ele></trkpt>
      <trkpt lat="46.452888314077974" lon="6.988089501192061">
      <ele>1296.4</ele></trkpt>
      <trkpt lat="46.45282749634089" lon="6.988158195106156">
      <ele>1295.7</ele></trkpt>
      <trkpt lat="46.45280675626604" lon="6.988211405918787">
      <ele>1294.9</ele></trkpt>
      <trkpt lat="46.45277052934507" lon="6.988317770793809">
      <ele>1294.2</ele></trkpt>
      <trkpt lat="46.45272927822693" lon="6.988479740741372">
      <ele>1293.5</ele></trkpt>
      <trkpt lat="46.452694676041325" lon="6.9885557785345">
      <ele>1292.8</ele></trkpt>
      <trkpt lat="46.452630467833636" lon="6.988649749987029">
      <ele>1292.1</ele></trkpt>
      <trkpt lat="46.45259754174136" lon="6.988710649562106">
      <ele>1291.4</ele></trkpt>
      <trkpt lat="46.452590740307784" lon="6.9887536312529495">
      <ele>1290.6</ele></trkpt>
      <trkpt lat="46.4525926665297" lon="6.988801603601938">
      <ele>1289.9</ele></trkpt>
      <trkpt lat="46.45261727724855" lon="6.988844324801828">
      <ele>1289.2</ele></trkpt>
      <trkpt lat="46.45266814577515" lon="6.988909553503996">
      <ele>1288.5</ele></trkpt>
      <trkpt lat="46.452704892314465" lon="6.988931974031659">
      <ele>1287.9</ele></trkpt>
      <trkpt lat="46.45273978379357" lon="6.988926647729968">
      <ele>1287.2</ele></trkpt>
      <trkpt lat="46.4527971817551" lon="6.988875658329493">
      <ele>1286.6</ele></trkpt>
      <trkpt lat="46.45284071973705" lon="6.988852559061964">
      <ele>1285.9</ele></trkpt>
      <trkpt lat="46.452901788034666" lon="6.988847015632873">
      <ele>1285.3</ele></trkpt>
      <trkpt lat="46.452968200646644" lon="6.988866665196392">
      <ele>1284.6</ele></trkpt>
      <trkpt lat="46.453020584292055" lon="6.988873805948038">
      <ele>1284.0</ele></trkpt>
      <trkpt lat="46.45307116186083" lon="6.988863299434573">
      <ele>1283.3</ele></trkpt>
      <trkpt lat="46.453224370381115" lon="6.988766051272168">
      <ele>1282.7</ele></trkpt>
      <trkpt lat="46.45330792407605" lon="6.988707269143253">
      <ele>1282.0</ele></trkpt>
      <trkpt lat="46.453368872262295" lon="6.988671412854039">
      <ele>1281.4</ele></trkpt>
      <trkpt lat="46.45341935071847" lon="6.988638168397571">
      <ele>1280.8</ele></trkpt>
      <trkpt lat="46.45345765232849" lon="6.988612600076975">
      <ele>1280.1</ele></trkpt>
      <trkpt lat="46.45348907446886" lon="6.988614851422312">
      <ele>1279.5</ele></trkpt>
      <trkpt lat="46.453508349892076" lon="6.988632379930853">
      <ele>1278.8</ele></trkpt>
      <trkpt lat="46.45352949144953" lon="6.988682705733625">
      <ele>1278.2</ele></trkpt>
      <trkpt lat="46.453545565646685" lon="6.988732344722573">
      <ele>1277.5</ele></trkpt>
      <trkpt lat="46.45353596210347" lon="6.988776482773886">
      <ele>1276.9</ele></trkpt>
      <trkpt lat="46.453533921727605" lon="6.9888382204946105">
      <ele>1276.2</ele></trkpt>
      <trkpt lat="46.45353163517298" lon="6.988883234983261">
      <ele>1275.6</ele></trkpt>
      <trkpt lat="46.45350807441917" lon="6.988919366873641">
      <ele>1274.9</ele></trkpt>
      <trkpt lat="46.45348331521391" lon="6.988961808296498">
      <ele>1274.3</ele></trkpt>
      <trkpt lat="46.4534645906549" lon="6.9889925115074565">
      <ele>1273.6</ele></trkpt>
      <trkpt lat="46.45345015293835" lon="6.989035804444109">
      <ele>1273.0</ele></trkpt>
      <trkpt lat="46.453430194523904" lon="6.989059333143848">
      <ele>1272.3</ele></trkpt>
      <trkpt lat="46.45340856987174" lon="6.989132348476165">
      <ele>1271.6</ele></trkpt>
      <trkpt lat="46.45339804525366" lon="6.989159729702036">
      <ele>1271.0</ele></trkpt>
      <trkpt lat="46.453400186937785" lon="6.98920763591416">
      <ele>1270.3</ele></trkpt>
      <trkpt lat="46.453391386865825" lon="6.989288914024106">
      <ele>1269.7</ele></trkpt>
      <trkpt lat="46.45336432182924" lon="6.989364759639607">
      <ele>1269.0</ele></trkpt>
      <trkpt lat="46.453341589621836" lon="6.989382974705756">
      <ele>1268.3</ele></trkpt>
      <trkpt lat="46.45332028194961" lon="6.989436112155941">
      <ele>1267.7</ele></trkpt>
      <trkpt lat="46.453306514349855" lon="6.989496488947348">
      <ele>1267.0</ele></trkpt>
      <trkpt lat="46.45330358395714" lon="6.989528896317552">
      <ele>1266.4</ele></trkpt>
      <trkpt lat="46.453302562943335" lon="6.9895891805587445">
      <ele>1265.7</ele></trkpt>
      <trkpt lat="46.4533067018845" lon="6.989621256071561">
      <ele>1265.0</ele></trkpt>
      <trkpt lat="46.45332320510572" lon="6.989674848359998">
      <ele>1264.4</ele></trkpt>
      <trkpt lat="46.45332911635099" lon="6.989684209800934">
      <ele>1263.7</ele></trkpt>
      <trkpt lat="46.4533495362257" lon="6.9897386938335835">
      <ele>1263.1</ele></trkpt>
      <trkpt lat="46.45335432817498" lon="6.989797159881231">
      <ele>1262.4</ele></trkpt>
      <trkpt lat="46.453353279009264" lon="6.989859461843616">
      <ele>1261.7</ele></trkpt>
      <trkpt lat="46.453333285888505" lon="6.989910674929991">
      <ele>1261.0</ele></trkpt>
      <trkpt lat="46.45331409740749" lon="6.989965187315546">
      <ele>1260.2</ele></trkpt>
      <trkpt lat="46.45330327070464" lon="6.989995850789835">
      <ele>1259.5</ele></trkpt>
      <trkpt lat="46.4533083107959" lon="6.990053403656827">
      <ele>1258.8</ele></trkpt>
      <trkpt lat="46.4533297480614" lon="6.990108152723557">
      <ele>1258.1</ele></trkpt>
      <trkpt lat="46.45332509040838" lon="6.990174753641638">
      <ele>1257.3</ele></trkpt>
      <trkpt lat="46.453330089916825" lon="6.99021521723834">
      <ele>1256.6</ele></trkpt>
      <trkpt lat="46.453341091976114" lon="6.990240337745407">
      <ele>1255.9</ele></trkpt>
      <trkpt lat="46.4533359116059" lon="6.990324943733181">
      <ele>1255.2</ele></trkpt>
      <trkpt lat="46.453322742634015" lon="6.990384404265139">
      <ele>1254.4</ele></trkpt>
      <trkpt lat="46.45332238590693" lon="6.990462683761648">
      <ele>1253.7</ele></trkpt>
      <trkpt lat="46.45333649401377" lon="6.990506690500793">
      <ele>1253.0</ele></trkpt>
      <trkpt lat="46.453360341847386" lon="6.990561419860519">
      <ele>1252.2</ele></trkpt>
      <trkpt lat="46.45337557574347" lon="6.990578409708899">
      <ele>1251.5</ele></trkpt>
      <trkpt lat="46.453393188981636" lon="6.990578290249029">
      <ele>1250.8</ele></trkpt>
      <trkpt lat="46.453415172120394" lon="6.99056397356322">
      <ele>1250.1</ele></trkpt>
      <trkpt lat="46.45345014992446" lon="6.990559988151444">
      <ele>1249.4</ele></trkpt>
      <trkpt lat="46.45353512710414" lon="6.990535714616543">
      <ele>1248.6</ele></trkpt>
      <trkpt lat="46.45357491170509" lon="6.990523385398826">
      <ele>1247.9</ele></trkpt>
      <trkpt lat="46.45361010673431" lon="6.990519736565074">
      <ele>1247.2</ele></trkpt>
      <trkpt lat="46.45364201405794" lon="6.990512730780593">
      <ele>1246.4</ele></trkpt>
      <trkpt lat="46.453687718692464" lon="6.990534805457821">
      <ele>1245.7</ele></trkpt>
      <trkpt lat="46.453706727370594" lon="6.990560042275617">
      <ele>1244.9</ele></trkpt>
      <trkpt lat="46.45373508446167" lon="6.990642744832149">
      <ele>1244.2</ele></trkpt>
      <trkpt lat="46.45373819194304" lon="6.990769180882989">
      <ele>1243.4</ele></trkpt>
      <trkpt lat="46.45375009086989" lon="6.990809613910036">
      <ele>1242.7</ele></trkpt>
      <trkpt lat="46.45374765714288" lon="6.990854004944159">
      <ele>1241.9</ele></trkpt>
      <trkpt lat="46.45375759507773" lon="6.990894467199585">
      <ele>1241.2</ele></trkpt>
      <trkpt lat="46.45377530312955" lon="6.990920678082255">
      <ele>1240.4</ele></trkpt>
      <trkpt lat="46.4537774002025" lon="6.990957456524594">
      <ele>1239.7</ele></trkpt>
      <trkpt lat="46.45381300067555" lon="6.991058946556976">
      <ele>1238.9</ele></trkpt>
      <trkpt lat="46.45380606356059" lon="6.991115661736795">
      <ele>1238.2</ele></trkpt>
      <trkpt lat="46.45382394628899" lon="6.991186216244191">
      <ele>1237.4</ele></trkpt>
      <trkpt lat="46.45384359355219" lon="6.991211461100843">
      <ele>1236.7</ele></trkpt>
      <trkpt lat="46.45383986806298" lon="6.991256813003215">
      <ele>1235.9</ele></trkpt>
      <trkpt lat="46.45386065614704" lon="6.991306765582619">
      <ele>1235.2</ele></trkpt>
      <trkpt lat="46.45388504499906" lon="6.991334509490039">
      <ele>1234.4</ele></trkpt>
      <trkpt lat="46.45390031935493" lon="6.9913640857211705">
      <ele>1233.7</ele></trkpt>
      <trkpt lat="46.453907722152834" lon="6.991402733848819">
      <ele>1232.9</ele></trkpt>
      <trkpt lat="46.4539084450435" lon="6.991437818650024">
      <ele>1231.9</ele></trkpt>
      <trkpt lat="46.453911589679926" lon="6.991471100314339">
      <ele>1230.9</ele></trkpt>
      <trkpt lat="46.453917120549754" lon="6.991493559145434">
      <ele>1230.0</ele></trkpt>
      <trkpt lat="46.45392342382565" lon="6.9915591201576905">
      <ele>1229.0</ele></trkpt>
      <trkpt lat="46.45392222768799" lon="6.991575191593249">
      <ele>1228.0</ele></trkpt>
      <trkpt lat="46.45392519302664" lon="6.991601784596694">
      <ele>1227.0</ele></trkpt>
      <trkpt lat="46.45393515331481" lon="6.991634281224403">
      <ele>1226.0</ele></trkpt>
      <trkpt lat="46.45395755546027" lon="6.991666961687813">
      <ele>1225.1</ele></trkpt>
      <trkpt lat="46.454021765896584" lon="6.99171690818413">
      <ele>1224.1</ele></trkpt>
      <trkpt lat="46.454046008448174" lon="6.991741790066296">
      <ele>1223.1</ele></trkpt>
      <trkpt lat="46.45411268080423" lon="6.9918321568825945">
      <ele>1222.1</ele></trkpt>
      <trkpt lat="46.45415833122766" lon="6.991899971252874">
      <ele>1221.1</ele></trkpt>
      <trkpt lat="46.45420928654576" lon="6.991985430704673">
      <ele>1220.2</ele></trkpt>
      <trkpt lat="46.454241036361196" lon="6.992071022402684">
      <ele>1219.2</ele></trkpt>
      <trkpt lat="46.454288918199914" lon="6.992262561418008">
      <ele>1218.2</ele></trkpt>
      <trkpt lat="46.45431731560279" lon="6.992381020248391">
      <ele>1217.2</ele></trkpt>
      <trkpt lat="46.454352654615256" lon="6.992491846813961">
      <ele>1216.2</ele></trkpt>
      <trkpt lat="46.45441603365495" lon="6.992630245082205">
      <ele>1215.3</ele></trkpt>
      <trkpt lat="46.45447237240223" lon="6.992753511878182">
      <ele>1214.3</ele></trkpt>
      <trkpt lat="46.45455007876189" lon="6.992985221961614">
      <ele>1213.3</ele></trkpt>
      <trkpt lat="46.45464220672313" lon="6.993210527531397">
      <ele>1211.2</ele></trkpt>
      <trkpt lat="46.454631399794124" lon="6.993230400648106">
      <ele>1209.0</ele></trkpt>
      <trkpt lat="46.45462724047112" lon="6.9932593824580245">
      <ele>1206.9</ele></trkpt>
      <trkpt lat="46.45464145099942" lon="6.99332978665327">
      <ele>1204.7</ele></trkpt>
      <trkpt lat="46.45466669562178" lon="6.993406139754727">
      <ele>1202.6</ele></trkpt>
      <trkpt lat="46.45469501209638" lon="6.993518027559293">
      <ele>1200.5</ele></trkpt>
      <trkpt lat="46.45470754173485" lon="6.993595695641185">
      <ele>1198.3</ele></trkpt>
      <trkpt lat="46.454747863725395" lon="6.99375028195476">
      <ele>1196.2</ele></trkpt>
      <trkpt lat="46.454747971780044" lon="6.993787051439319">
      <ele>1194.0</ele></trkpt>
      <trkpt lat="46.454786070960374" lon="6.9939139189880954">
      <ele>1191.9</ele></trkpt>
      <trkpt lat="46.454792809077006" lon="6.994035759247088">
      <ele>1189.8</ele></trkpt>
      <trkpt lat="46.454829097346305" lon="6.994113727485586">
      <ele>1187.6</ele></trkpt>
      <trkpt lat="46.45487411410917" lon="6.994279730222478">
      <ele>1185.5</ele></trkpt>
      <trkpt lat="46.45487894859597" lon="6.994338171915416">
      <ele>1183.3</ele></trkpt>
      <trkpt lat="46.45487749564238" lon="6.994385276034176">
      <ele>1181.2</ele></trkpt>
      <trkpt lat="46.45488411988888" lon="6.994439030305636">
      <ele>1179.1</ele></trkpt>
      <trkpt lat="46.4549005292312" lon="6.994556613498919">
      <ele>1176.9</ele></trkpt>
      <trkpt lat="46.454935956914575" lon="6.994695270362895">
      <ele>1174.8</ele></trkpt>
      <trkpt lat="46.45507629654385" lon="6.995129576629314">
      <ele>1172.6</ele></trkpt>
      <trkpt lat="46.455120176180685" lon="6.995255851947478">
      <ele>1170.5</ele></trkpt>
      <trkpt lat="46.45526157773269" lon="6.995637775334032">
      <ele>1169.2</ele></trkpt>
      <trkpt lat="46.45528866612998" lon="6.99567061521233">
      <ele>1167.9</ele></trkpt>
      <trkpt lat="46.4552845650096" lon="6.995716986332587">
      <ele>1166.6</ele></trkpt>
      <trkpt lat="46.45530100346233" lon="6.995747791584862">
      <ele>1165.3</ele></trkpt>
      <trkpt lat="46.45530111208835" lon="6.995784873827148">
      <ele>1164.0</ele></trkpt>
      <trkpt lat="46.455452229358485" lon="6.9961673323583575">
      <ele>1162.8</ele></trkpt>
      <trkpt lat="46.45539786741742" lon="6.996148720083929">
      <ele>1161.5</ele></trkpt>
      <trkpt lat="46.45532314668776" lon="6.996122828675187">
      <ele>1160.2</ele></trkpt>
      <trkpt lat="46.4552106220509" lon="6.9960752094002325">
      <ele>1158.9</ele></trkpt>
      <trkpt lat="46.45514989777484" lon="6.996046769953558">
      <ele>1157.6</ele></trkpt>
      <trkpt lat="46.4551184479332" lon="6.996023519415456">
      <ele>1156.3</ele></trkpt>
      <trkpt lat="46.45509464229748" lon="6.9960020157663685">
      <ele>1155.0</ele></trkpt>
      <trkpt lat="46.45506618999171" lon="6.9959908067718235">
      <ele>1153.7</ele></trkpt>
      <trkpt lat="46.45504380454818" lon="6.995994399681001">
      <ele>1152.4</ele></trkpt>
      <trkpt lat="46.45502161778628" lon="6.996009731509702">
      <ele>1151.2</ele></trkpt>
      <trkpt lat="46.45500863275235" lon="6.996036364327976">
      <ele>1149.9</ele></trkpt>
      <trkpt lat="46.455003272151515" lon="6.996078137749828">
      <ele>1148.6</ele></trkpt>
      <trkpt lat="46.45501185980265" lon="6.996114226467509">
      <ele>1147.3</ele></trkpt>
      <trkpt lat="46.45503571558598" lon="6.99615322339891">
      <ele>1146.0</ele></trkpt>
      <trkpt lat="46.45506374785796" lon="6.996167455641834">
      <ele>1144.7</ele></trkpt>
      <trkpt lat="46.455096449166085" lon="6.99618405779898">
      <ele>1143.1</ele></trkpt>
      <trkpt lat="46.455130896059856" lon="6.996216928941255">
      <ele>1141.5</ele></trkpt>
      <trkpt lat="46.45521392380615" lon="6.99631311804923">
      <ele>1139.9</ele></trkpt>
      <trkpt lat="46.45541789514847" lon="6.996586109912041">
      <ele>1138.3</ele></trkpt>
      <trkpt lat="46.455602258176576" lon="6.996866838995043">
      <ele>1136.7</ele></trkpt>
      <trkpt lat="46.455797157478" lon="6.997164522568732">
      <ele>1135.1</ele></trkpt>
      <trkpt lat="46.45610623470303" lon="6.997535160560765">
      <ele>1133.5</ele></trkpt>
      <trkpt lat="46.45624180746267" lon="6.997729148048147">
      <ele>1131.9</ele></trkpt>
      <trkpt lat="46.45647208449406" lon="6.998036026812417">
      <ele>1130.3</ele></trkpt>
      <trkpt lat="46.4566023378255" lon="6.998201645023183">
      <ele>1128.7</ele></trkpt>
      <trkpt lat="46.45673649505326" lon="6.998367258371647">
      <ele>1127.1</ele></trkpt>
      <trkpt lat="46.45679956338497" lon="6.998427351480144">
      <ele>1125.5</ele></trkpt>
      <trkpt lat="46.456725771714254" lon="6.998404286330374">
      <ele>1123.9</ele></trkpt>
      <trkpt lat="46.456660064014756" lon="6.998368789936538">
      <ele>1122.3</ele></trkpt>
      <trkpt lat="46.45659699593937" lon="6.998338934378027">
      <ele>1120.7</ele></trkpt>
      <trkpt lat="46.45652079202369" lon="6.998301596920572">
      <ele>1119.1</ele></trkpt>
      <trkpt lat="46.45646822907159" lon="6.998273569646897">
      <ele>1117.5</ele></trkpt>
      <trkpt lat="46.45641694997557" lon="6.998237930392468">
      <ele>1115.9</ele></trkpt>
      <trkpt lat="46.45637222125185" lon="6.99820035063007">
      <ele>1114.3</ele></trkpt>
      <trkpt lat="46.45633404112212" lon="6.9981626917157564">
      <ele>1112.7</ele></trkpt>
      <trkpt lat="46.45630115694016" lon="6.998138292633291">
      <ele>1113.0</ele></trkpt>
      <trkpt lat="46.456244670295405" lon="6.9981121978956216">
      <ele>1113.4</ele></trkpt>
      <trkpt lat="46.45610932509914" lon="6.998039285994491">
      <ele>1113.7</ele></trkpt>
      <trkpt lat="46.45597922097554" lon="6.9979701326504635">
      <ele>1114.0</ele></trkpt>
      <trkpt lat="46.45597922097554" lon="6.9979701326504635">
      <ele>1114.4</ele></trkpt>
      <trkpt lat="46.45610932509914" lon="6.998039285994491">
      <ele>1114.7</ele></trkpt>
      <trkpt lat="46.456244670295405" lon="6.9981121978956216">
      <ele>1115.0</ele></trkpt>
      <trkpt lat="46.45630115694016" lon="6.998138292633291">
      <ele>1115.4</ele></trkpt>
      <trkpt lat="46.45633404112212" lon="6.9981626917157564">
      <ele>1115.7</ele></trkpt>
      <trkpt lat="46.45637222125185" lon="6.99820035063007">
      <ele>1116.1</ele></trkpt>
      <trkpt lat="46.45641694997557" lon="6.998237930392468">
      <ele>1116.4</ele></trkpt>
      <trkpt lat="46.45646822907159" lon="6.998273569646897">
      <ele>1116.7</ele></trkpt>
      <trkpt lat="46.45652079202369" lon="6.998301596920572">
      <ele>1117.1</ele></trkpt>
      <trkpt lat="46.45659699593937" lon="6.998338934378027">
      <ele>1117.4</ele></trkpt>
      <trkpt lat="46.456660064014756" lon="6.998368789936538">
      <ele>1117.7</ele></trkpt>
      <trkpt lat="46.456725771714254" lon="6.998404286330374">
      <ele>1118.1</ele></trkpt>
      <trkpt lat="46.45679956338497" lon="6.998427351480144">
      <ele>1118.4</ele></trkpt>
      <trkpt lat="46.45673649505326" lon="6.998367258371647">
      <ele>1118.7</ele></trkpt>
      <trkpt lat="46.4566023378255" lon="6.998201645023183">
      <ele>1119.1</ele></trkpt>
      <trkpt lat="46.45647208449406" lon="6.998036026812417">
      <ele>1119.4</ele></trkpt>
      <trkpt lat="46.45624180746267" lon="6.997729148048147">
      <ele>1120.9</ele></trkpt>
      <trkpt lat="46.45610623470303" lon="6.997535160560765">
      <ele>1122.4</ele></trkpt>
      <trkpt lat="46.455797157478" lon="6.997164522568732">
      <ele>1123.9</ele></trkpt>
      <trkpt lat="46.455602258176576" lon="6.996866838995043">
      <ele>1125.4</ele></trkpt>
      <trkpt lat="46.45541789514847" lon="6.996586109912041">
      <ele>1126.9</ele></trkpt>
      <trkpt lat="46.45521392380615" lon="6.99631311804923">
      <ele>1128.4</ele></trkpt>
      <trkpt lat="46.455130896059856" lon="6.996216928941255">
      <ele>1129.9</ele></trkpt>
      <trkpt lat="46.455096449166085" lon="6.99618405779898">
      <ele>1131.4</ele></trkpt>
      <trkpt lat="46.45506374785796" lon="6.996167455641834">
      <ele>1132.9</ele></trkpt>
      <trkpt lat="46.45503571558598" lon="6.99615322339891">
      <ele>1134.4</ele></trkpt>
      <trkpt lat="46.45501185980265" lon="6.996114226467509">
      <ele>1135.9</ele></trkpt>
      <trkpt lat="46.455003272151515" lon="6.996078137749828">
      <ele>1137.4</ele></trkpt>
      <trkpt lat="46.45500863275235" lon="6.996036364327976">
      <ele>1138.9</ele></trkpt>
      <trkpt lat="46.45502161778628" lon="6.996009731509702">
      <ele>1140.4</ele></trkpt>
      <trkpt lat="46.45504380454818" lon="6.995994399681001">
      <ele>1141.9</ele></trkpt>
      <trkpt lat="46.45506618999171" lon="6.9959908067718235">
      <ele>1143.4</ele></trkpt>
      <trkpt lat="46.45509464229748" lon="6.9960020157663685">
      <ele>1144.9</ele></trkpt>
      <trkpt lat="46.4551184479332" lon="6.996023519415456">
      <ele>1146.4</ele></trkpt>
      <trkpt lat="46.45514989777484" lon="6.996046769953558">
      <ele>1147.9</ele></trkpt>
      <trkpt lat="46.4552106220509" lon="6.9960752094002325">
      <ele>1149.4</ele></trkpt>
      <trkpt lat="46.45532314668776" lon="6.996122828675187">
      <ele>1151.9</ele></trkpt>
      <trkpt lat="46.45539786741742" lon="6.996148720083929">
      <ele>1154.3</ele></trkpt>
      <trkpt lat="46.455452229358485" lon="6.9961673323583575">
      <ele>1156.8</ele></trkpt>
      <trkpt lat="46.45530111208835" lon="6.995784873827148">
      <ele>1159.2</ele></trkpt>
      <trkpt lat="46.45530100346233" lon="6.995747791584862">
      <ele>1161.7</ele></trkpt>
      <trkpt lat="46.4552845650096" lon="6.995716986332587">
      <ele>1164.1</ele></trkpt>
      <trkpt lat="46.45528866612998" lon="6.99567061521233">
      <ele>1166.6</ele></trkpt>
      <trkpt lat="46.45526157773269" lon="6.995637775334032">
      <ele>1169.0</ele></trkpt>
      <trkpt lat="46.455120176180685" lon="6.995255851947478">
      <ele>1171.5</ele></trkpt>
      <trkpt lat="46.45507629654385" lon="6.995129576629314">
      <ele>1174.0</ele></trkpt>
      <trkpt lat="46.454935956914575" lon="6.994695270362895">
      <ele>1176.4</ele></trkpt>
      <trkpt lat="46.4549005292312" lon="6.994556613498919">
      <ele>1178.9</ele></trkpt>
      <trkpt lat="46.45488411988888" lon="6.994439030305636">
      <ele>1181.3</ele></trkpt>
      <trkpt lat="46.45487749564238" lon="6.994385276034176">
      <ele>1183.8</ele></trkpt>
      <trkpt lat="46.45487894859597" lon="6.994338171915416">
      <ele>1186.2</ele></trkpt>
      <trkpt lat="46.45487411410917" lon="6.994279730222478">
      <ele>1188.7</ele></trkpt>
      <trkpt lat="46.454829097346305" lon="6.994113727485586">
      <ele>1191.1</ele></trkpt>
      <trkpt lat="46.454792809077006" lon="6.994035759247088">
      <ele>1193.6</ele></trkpt>
      <trkpt lat="46.454786070960374" lon="6.9939139189880954">
      <ele>1196.0</ele></trkpt>
      <trkpt lat="46.454747971780044" lon="6.993787051439319">
      <ele>1198.5</ele></trkpt>
      <trkpt lat="46.454747863725395" lon="6.99375028195476">
      <ele>1199.9</ele></trkpt>
      <trkpt lat="46.45470754173485" lon="6.993595695641185">
      <ele>1201.4</ele></trkpt>
      <trkpt lat="46.45469501209638" lon="6.993518027559293">
      <ele>1202.8</ele></trkpt>
      <trkpt lat="46.45466669562178" lon="6.993406139754727">
      <ele>1204.3</ele></trkpt>
      <trkpt lat="46.45464145099942" lon="6.99332978665327">
      <ele>1205.7</ele></trkpt>
      <trkpt lat="46.45462724047112" lon="6.9932593824580245">
      <ele>1207.2</ele></trkpt>
      <trkpt lat="46.454631399794124" lon="6.993230400648106">
      <ele>1208.6</ele></trkpt>
      <trkpt lat="46.45464220672313" lon="6.993210527531397">
      <ele>1210.1</ele></trkpt>
      <trkpt lat="46.45455007876189" lon="6.992985221961614">
      <ele>1211.5</ele></trkpt>
      <trkpt lat="46.45447237240223" lon="6.992753511878182">
      <ele>1213.0</ele></trkpt>
      <trkpt lat="46.45441603365495" lon="6.992630245082205">
      <ele>1214.4</ele></trkpt>
      <trkpt lat="46.454352654615256" lon="6.992491846813961">
      <ele>1215.8</ele></trkpt>
      <trkpt lat="46.45431731560279" lon="6.992381020248391">
      <ele>1217.3</ele></trkpt>
      <trkpt lat="46.454288918199914" lon="6.992262561418008">
      <ele>1218.7</ele></trkpt>
      <trkpt lat="46.454241036361196" lon="6.992071022402684">
      <ele>1220.2</ele></trkpt>
      <trkpt lat="46.45420928654576" lon="6.991985430704673">
      <ele>1221.6</ele></trkpt>
      <trkpt lat="46.45415833122766" lon="6.991899971252874">
      <ele>1223.1</ele></trkpt>
      <trkpt lat="46.45411268080423" lon="6.9918321568825945">
      <ele>1224.5</ele></trkpt>
      <trkpt lat="46.454046008448174" lon="6.991741790066296">
      <ele>1226.0</ele></trkpt>
      <trkpt lat="46.454021765896584" lon="6.99171690818413">
      <ele>1227.4</ele></trkpt>
      <trkpt lat="46.45395755546027" lon="6.991666961687813">
      <ele>1228.1</ele></trkpt>
      <trkpt lat="46.45393515331481" lon="6.991634281224403">
      <ele>1228.8</ele></trkpt>
      <trkpt lat="46.45392519302664" lon="6.991601784596694">
      <ele>1229.6</ele></trkpt>
      <trkpt lat="46.45392222768799" lon="6.991575191593249">
      <ele>1230.3</ele></trkpt>
      <trkpt lat="46.45392342382565" lon="6.9915591201576905">
      <ele>1231.0</ele></trkpt>
      <trkpt lat="46.453917120549754" lon="6.991493559145434">
      <ele>1231.7</ele></trkpt>
      <trkpt lat="46.453911589679926" lon="6.991471100314339">
      <ele>1232.4</ele></trkpt>
      <trkpt lat="46.4539084450435" lon="6.991437818650024">
      <ele>1233.2</ele></trkpt>
      <trkpt lat="46.453907722152834" lon="6.991402733848819">
      <ele>1233.9</ele></trkpt>
      <trkpt lat="46.45390031935493" lon="6.9913640857211705">
      <ele>1234.6</ele></trkpt>
      <trkpt lat="46.45388504499906" lon="6.991334509490039">
      <ele>1235.3</ele></trkpt>
      <trkpt lat="46.45386065614704" lon="6.991306765582619">
      <ele>1236.0</ele></trkpt>
      <trkpt lat="46.45383986806298" lon="6.991256813003215">
      <ele>1236.8</ele></trkpt>
      <trkpt lat="46.45384359355219" lon="6.991211461100843">
      <ele>1237.5</ele></trkpt>
      <trkpt lat="46.45382394628899" lon="6.991186216244191">
      <ele>1238.2</ele></trkpt>
      <trkpt lat="46.45380606356059" lon="6.991115661736795">
      <ele>1238.9</ele></trkpt>
      <trkpt lat="46.45381300067555" lon="6.991058946556976">
      <ele>1239.6</ele></trkpt>
      <trkpt lat="46.4537774002025" lon="6.990957456524594">
      <ele>1240.4</ele></trkpt>
      <trkpt lat="46.45377530312955" lon="6.990920678082255">
      <ele>1241.1</ele></trkpt>
      <trkpt lat="46.45375759507773" lon="6.990894467199585">
      <ele>1241.8</ele></trkpt>
      <trkpt lat="46.45374765714288" lon="6.990854004944159">
      <ele>1242.5</ele></trkpt>
      <trkpt lat="46.45375009086989" lon="6.990809613910036">
      <ele>1243.3</ele></trkpt>
      <trkpt lat="46.45373819194304" lon="6.990769180882989">
      <ele>1244.0</ele></trkpt>
      <trkpt lat="46.45373508446167" lon="6.990642744832149">
      <ele>1244.7</ele></trkpt>
      <trkpt lat="46.453706727370594" lon="6.990560042275617">
      <ele>1245.5</ele></trkpt>
      <trkpt lat="46.453687718692464" lon="6.990534805457821">
      <ele>1246.2</ele></trkpt>
      <trkpt lat="46.45364201405794" lon="6.990512730780593">
      <ele>1246.9</ele></trkpt>
      <trkpt lat="46.45361010673431" lon="6.990519736565074">
      <ele>1247.6</ele></trkpt>
      <trkpt lat="46.45357491170509" lon="6.990523385398826">
      <ele>1248.4</ele></trkpt>
      <trkpt lat="46.45353512710414" lon="6.990535714616543">
      <ele>1249.1</ele></trkpt>
      <trkpt lat="46.45345014992446" lon="6.990559988151444">
      <ele>1249.8</ele></trkpt>
      <trkpt lat="46.453415172120394" lon="6.99056397356322">
      <ele>1250.6</ele></trkpt>
      <trkpt lat="46.453393188981636" lon="6.990578290249029">
      <ele>1251.3</ele></trkpt>
      <trkpt lat="46.45337557574347" lon="6.990578409708899">
      <ele>1252.0</ele></trkpt>
      <trkpt lat="46.453360341847386" lon="6.990561419860519">
      <ele>1252.8</ele></trkpt>
      <trkpt lat="46.45333649401377" lon="6.990506690500793">
      <ele>1253.5</ele></trkpt>
      <trkpt lat="46.45332238590693" lon="6.990462683761648">
      <ele>1254.2</ele></trkpt>
      <trkpt lat="46.453322742634015" lon="6.990384404265139">
      <ele>1254.9</ele></trkpt>
      <trkpt lat="46.4533359116059" lon="6.990324943733181">
      <ele>1255.7</ele></trkpt>
      <trkpt lat="46.453341091976114" lon="6.990240337745407">
      <ele>1256.4</ele></trkpt>
      <trkpt lat="46.453330089916825" lon="6.99021521723834">
      <ele>1257.1</ele></trkpt>
      <trkpt lat="46.45332509040838" lon="6.990174753641638">
      <ele>1257.7</ele></trkpt>
      <trkpt lat="46.4533297480614" lon="6.990108152723557">
      <ele>1258.4</ele></trkpt>
      <trkpt lat="46.4533083107959" lon="6.990053403656827">
      <ele>1259.0</ele></trkpt>
      <trkpt lat="46.45330327070464" lon="6.989995850789835">
      <ele>1259.7</ele></trkpt>
      <trkpt lat="46.45331409740749" lon="6.989965187315546">
      <ele>1260.3</ele></trkpt>
      <trkpt lat="46.453333285888505" lon="6.989910674929991">
      <ele>1261.0</ele></trkpt>
      <trkpt lat="46.453353279009264" lon="6.989859461843616">
      <ele>1261.6</ele></trkpt>
      <trkpt lat="46.45335432817498" lon="6.989797159881231">
      <ele>1262.3</ele></trkpt>
      <trkpt lat="46.4533495362257" lon="6.9897386938335835">
      <ele>1263.0</ele></trkpt>
      <trkpt lat="46.45332911635099" lon="6.989684209800934">
      <ele>1263.6</ele></trkpt>
      <trkpt lat="46.45332320510572" lon="6.989674848359998">
      <ele>1264.3</ele></trkpt>
      <trkpt lat="46.4533067018845" lon="6.989621256071561">
      <ele>1264.9</ele></trkpt>
      <trkpt lat="46.453302562943335" lon="6.9895891805587445">
      <ele>1265.6</ele></trkpt>
      <trkpt lat="46.45330358395714" lon="6.989528896317552">
      <ele>1266.2</ele></trkpt>
      <trkpt lat="46.453306514349855" lon="6.989496488947348">
      <ele>1266.9</ele></trkpt>
      <trkpt lat="46.45332028194961" lon="6.989436112155941">
      <ele>1267.5</ele></trkpt>
      <trkpt lat="46.453341589621836" lon="6.989382974705756">
      <ele>1268.2</ele></trkpt>
      <trkpt lat="46.45336432182924" lon="6.989364759639607">
      <ele>1268.8</ele></trkpt>
      <trkpt lat="46.453391386865825" lon="6.989288914024106">
      <ele>1269.5</ele></trkpt>
      <trkpt lat="46.453400186937785" lon="6.98920763591416">
      <ele>1270.1</ele></trkpt>
      <trkpt lat="46.45339804525366" lon="6.989159729702036">
      <ele>1270.7</ele></trkpt>
      <trkpt lat="46.45340856987174" lon="6.989132348476165">
      <ele>1271.3</ele></trkpt>
      <trkpt lat="46.453430194523904" lon="6.989059333143848">
      <ele>1271.8</ele></trkpt>
      <trkpt lat="46.45345015293835" lon="6.989035804444109">
      <ele>1272.4</ele></trkpt>
      <trkpt lat="46.4534645906549" lon="6.9889925115074565">
      <ele>1273.0</ele></trkpt>
      <trkpt lat="46.45348331521391" lon="6.988961808296498">
      <ele>1273.6</ele></trkpt>
      <trkpt lat="46.45350807441917" lon="6.988919366873641">
      <ele>1274.2</ele></trkpt>
      <trkpt lat="46.45353163517298" lon="6.988883234983261">
      <ele>1274.8</ele></trkpt>
      <trkpt lat="46.453533921727605" lon="6.9888382204946105">
      <ele>1275.3</ele></trkpt>
      <trkpt lat="46.45353596210347" lon="6.988776482773886">
      <ele>1275.9</ele></trkpt>
      <trkpt lat="46.453545565646685" lon="6.988732344722573">
      <ele>1276.5</ele></trkpt>
      <trkpt lat="46.45352949144953" lon="6.988682705733625">
      <ele>1277.1</ele></trkpt>
      <trkpt lat="46.453508349892076" lon="6.988632379930853">
      <ele>1277.7</ele></trkpt>
      <trkpt lat="46.45348907446886" lon="6.988614851422312">
      <ele>1278.3</ele></trkpt>
      <trkpt lat="46.45345765232849" lon="6.988612600076975">
      <ele>1278.9</ele></trkpt>
      <trkpt lat="46.45341935071847" lon="6.988638168397571">
      <ele>1279.4</ele></trkpt>
      <trkpt lat="46.453368872262295" lon="6.988671412854039">
      <ele>1280.0</ele></trkpt>
      <trkpt lat="46.45330792407605" lon="6.988707269143253">
      <ele>1280.6</ele></trkpt>
      <trkpt lat="46.453224370381115" lon="6.988766051272168">
      <ele>1281.2</ele></trkpt>
      <trkpt lat="46.45307116186083" lon="6.988863299434573">
      <ele>1282.0</ele></trkpt>
      <trkpt lat="46.453020584292055" lon="6.988873805948038">
      <ele>1282.8</ele></trkpt>
      <trkpt lat="46.452968200646644" lon="6.988866665196392">
      <ele>1283.6</ele></trkpt>
      <trkpt lat="46.452901788034666" lon="6.988847015632873">
      <ele>1284.4</ele></trkpt>
      <trkpt lat="46.45284071973705" lon="6.988852559061964">
      <ele>1285.2</ele></trkpt>
      <trkpt lat="46.4527971817551" lon="6.988875658329493">
      <ele>1286.0</ele></trkpt>
      <trkpt lat="46.45273978379357" lon="6.988926647729968">
      <ele>1286.8</ele></trkpt>
      <trkpt lat="46.452704892314465" lon="6.988931974031659">
      <ele>1287.6</ele></trkpt>
      <trkpt lat="46.45266814577515" lon="6.988909553503996">
      <ele>1288.4</ele></trkpt>
      <trkpt lat="46.45261727724855" lon="6.988844324801828">
      <ele>1289.2</ele></trkpt>
      <trkpt lat="46.4525926665297" lon="6.988801603601938">
      <ele>1290.0</ele></trkpt>
      <trkpt lat="46.452590740307784" lon="6.9887536312529495">
      <ele>1290.8</ele></trkpt>
      <trkpt lat="46.45259754174136" lon="6.988710649562106">
      <ele>1291.6</ele></trkpt>
      <trkpt lat="46.452630467833636" lon="6.988649749987029">
      <ele>1292.4</ele></trkpt>
      <trkpt lat="46.452694676041325" lon="6.9885557785345">
      <ele>1293.2</ele></trkpt>
      <trkpt lat="46.45272927822693" lon="6.988479740741372">
      <ele>1294.0</ele></trkpt>
      <trkpt lat="46.45277052934507" lon="6.988317770793809">
      <ele>1294.8</ele></trkpt>
      <trkpt lat="46.45280675626604" lon="6.988211405918787">
      <ele>1295.6</ele></trkpt>
      <trkpt lat="46.45282749634089" lon="6.988158195106156">
      <ele>1296.4</ele></trkpt>
      <trkpt lat="46.452888314077974" lon="6.988089501192061">
      <ele>1297.2</ele></trkpt>
      <trkpt lat="46.452950957098004" lon="6.988041005240543">
      <ele>1298.0</ele></trkpt>
      <trkpt lat="46.4529838839072" lon="6.987982642903546">
      <ele>1298.7</ele></trkpt>
      <trkpt lat="46.45299590828918" lon="6.987932029283749">
      <ele>1299.5</ele></trkpt>
      <trkpt lat="46.45299219859477" lon="6.987879034372152">
      <ele>1300.2</ele></trkpt>
      <trkpt lat="46.45297095536368" lon="6.9878009218329655">
      <ele>1301.0</ele></trkpt>
      <trkpt lat="46.45294629510481" lon="6.987748088089289">
      <ele>1301.7</ele></trkpt>
      <trkpt lat="46.452911252319375" lon="6.98771302894253">
      <ele>1302.5</ele></trkpt>
      <trkpt lat="46.45287805490946" lon="6.987703204796554">
      <ele>1303.2</ele></trkpt>
      <trkpt lat="46.4528344279067" lon="6.987706092507068">
      <ele>1304.0</ele></trkpt>
      <trkpt lat="46.45262700216524" lon="6.987775992361968">
      <ele>1304.7</ele></trkpt>
      <trkpt lat="46.45257113931347" lon="6.98777394468742">
      <ele>1305.5</ele></trkpt>
      <trkpt lat="46.45251010119301" lon="6.987787077093768">
      <ele>1306.2</ele></trkpt>
      <trkpt lat="46.45247179982004" lon="6.987812658565561">
      <ele>1307.0</ele></trkpt>
      <trkpt lat="46.45244054800884" lon="6.987853318454925">
      <ele>1307.7</ele></trkpt>
      <trkpt lat="46.45241288766874" lon="6.9879217235420885">
      <ele>1308.5</ele></trkpt>
      <trkpt lat="46.45236985089987" lon="6.98807108252917">
      <ele>1309.2</ele></trkpt>
      <trkpt lat="46.452331719751754" lon="6.988139587392059">
      <ele>1310.0</ele></trkpt>
      <trkpt lat="46.4523004177963" lon="6.9881676354051345">
      <ele>1310.7</ele></trkpt>
      <trkpt lat="46.45226553744022" lon="6.98817802507758">
      <ele>1311.5</ele></trkpt>
      <trkpt lat="46.45222884880698" lon="6.988165704757925">
      <ele>1312.2</ele></trkpt>
      <trkpt lat="46.452207778107635" lon="6.988135566745347">
      <ele>1313.1</ele></trkpt>
      <trkpt lat="46.45219712707117" lon="6.988090205240574">
      <ele>1314.1</ele></trkpt>
      <trkpt lat="46.452196866542494" lon="6.98802454444156">
      <ele>1315.0</ele></trkpt>
      <trkpt lat="46.45221043559769" lon="6.987923405744164">
      <ele>1316.0</ele></trkpt>
      <trkpt lat="46.4522325117476" lon="6.987771709314918">
      <ele>1316.9</ele></trkpt>
      <trkpt lat="46.45223733600012" lon="6.987668131203765">
      <ele>1317.8</ele></trkpt>
      <trkpt lat="46.452238388969484" lon="6.987493858403265">
      <ele>1318.8</ele></trkpt>
      <trkpt lat="46.45225703243049" lon="6.987352290279361">
      <ele>1319.7</ele></trkpt>
      <trkpt lat="46.452267151881266" lon="6.987263818025156">
      <ele>1320.7</ele></trkpt>
      <trkpt lat="46.452268354925344" lon="6.987127444919795">
      <ele>1321.6</ele></trkpt>
      <trkpt lat="46.45227472277014" lon="6.986973327759882">
      <ele>1322.5</ele></trkpt>
      <trkpt lat="46.4522688836561" lon="6.9868193382705215">
      <ele>1323.5</ele></trkpt>
      <trkpt lat="46.45225605590672" lon="6.9866679320450595">
      <ele>1324.4</ele></trkpt>
      <trkpt lat="46.45224343904784" lon="6.98656954914068">
      <ele>1325.4</ele></trkpt>
      <trkpt lat="46.45224138225356" lon="6.9864912782565565">
      <ele>1326.3</ele></trkpt>
      <trkpt lat="46.45224437865903" lon="6.9863649772248">
      <ele>1327.2</ele></trkpt>
      <trkpt lat="46.45223542175083" lon="6.986306976904136">
      <ele>1328.2</ele></trkpt>
      <trkpt lat="46.45221245344649" lon="6.986236442431053">
      <ele>1329.1</ele></trkpt>
      <trkpt lat="46.45219654723253" lon="6.986188600124572">
      <ele>1330.1</ele></trkpt>
      <trkpt lat="46.45218584612691" lon="6.986133126416166">
      <ele>1331.0</ele></trkpt>
      <trkpt lat="46.45218736882263" lon="6.986075038762213">
      <ele>1331.7</ele></trkpt>
      <trkpt lat="46.4522045482762" lon="6.986006707450513">
      <ele>1332.3</ele></trkpt>
      <trkpt lat="46.45223033255654" lon="6.985908017298232">
      <ele>1333.0</ele></trkpt>
      <trkpt lat="46.45233913499098" lon="6.98561668156346">
      <ele>1333.6</ele></trkpt>
      <trkpt lat="46.45235796754104" lon="6.9855230860456246">
      <ele>1334.3</ele></trkpt>
      <trkpt lat="46.45235773580814" lon="6.98546501284502">
      <ele>1334.9</ele></trkpt>
      <trkpt lat="46.452350563766146" lon="6.985417071626007">
      <ele>1335.6</ele></trkpt>
      <trkpt lat="46.45232238088998" lon="6.985354181995728">
      <ele>1336.2</ele></trkpt>
      <trkpt lat="46.4522873574716" lon="6.98532416162082">
      <ele>1336.9</ele></trkpt>
      <trkpt lat="46.452245406179266" lon="6.98531188720555">
      <ele>1337.5</ele></trkpt>
      <trkpt lat="46.45221050375832" lon="6.985312178893977">
      <ele>1338.2</ele></trkpt>
      <trkpt lat="46.45216696752765" lon="6.985337792707629">
      <ele>1338.9</ele></trkpt>
      <trkpt lat="46.45213219617838" lon="6.98537092123997">
      <ele>1339.5</ele></trkpt>
      <trkpt lat="46.45209230030358" lon="6.985431867477398">
      <ele>1340.2</ele></trkpt>
      <trkpt lat="46.452059254924464" lon="6.9854624434766555">
      <ele>1340.8</ele></trkpt>
      <trkpt lat="46.4520157085843" lon="6.985485532192394">
      <ele>1341.5</ele></trkpt>
      <trkpt lat="46.45195984563887" lon="6.9854834738848215">
      <ele>1342.1</ele></trkpt>
      <trkpt lat="46.45185507000488" lon="6.985471724271508">
      <ele>1342.8</ele></trkpt>
      <trkpt lat="46.45180272644839" lon="6.985474686542388">
      <ele>1343.4</ele></trkpt>
      <trkpt lat="46.45176440544547" lon="6.985495219524886">
      <ele>1344.1</ele></trkpt>
      <trkpt lat="46.45171919457401" lon="6.9855385218027415">
      <ele>1344.9</ele></trkpt>
      <trkpt lat="46.451651407967546" lon="6.985609800283764">
      <ele>1345.6</ele></trkpt>
      <trkpt lat="46.4516062967437" lon="6.985675839296935">
      <ele>1346.4</ele></trkpt>
      <trkpt lat="46.45156301218137" lon="6.985764574653428">
      <ele>1347.2</ele></trkpt>
      <trkpt lat="46.45150237818412" lon="6.985881255343366">
      <ele>1347.9</ele></trkpt>
      <trkpt lat="46.45146415664534" lon="6.985924498757176">
      <ele>1348.7</ele></trkpt>
      <trkpt lat="46.45141717034604" lon="6.985960253381227">
      <ele>1349.5</ele></trkpt>
      <trkpt lat="46.45138053286682" lon="6.985963084087539">
      <ele>1350.2</ele></trkpt>
      <trkpt lat="46.45134383606713" lon="6.985953290491837">
      <ele>1351.0</ele></trkpt>
      <trkpt lat="46.45131404924044" lon="6.985925751526343">
      <ele>1351.8</ele></trkpt>
      <trkpt lat="46.45128600543821" lon="6.985893161146513">
      <ele>1352.5</ele></trkpt>
      <trkpt lat="46.45122268877507" lon="6.9857724788508415">
      <ele>1353.3</ele></trkpt>
      <trkpt lat="46.45115777900922" lon="6.9856922093402085">
      <ele>1354.0</ele></trkpt>
      <trkpt lat="46.451066640876114" lon="6.985596996378456">
      <ele>1354.8</ele></trkpt>
      <trkpt lat="46.45101008792851" lon="6.985527967684451">
      <ele>1355.6</ele></trkpt>
      <trkpt lat="46.4509779890098" lon="6.985477867126789">
      <ele>1356.3</ele></trkpt>
      <trkpt lat="46.450943719827244" lon="6.985413676332337">
      <ele>1357.1</ele></trkpt>
      <trkpt lat="46.45088033209419" lon="6.985275321387324">
      <ele>1357.9</ele></trkpt>
      <trkpt lat="46.45082041312806" lon="6.985129349946091">
      <ele>1358.6</ele></trkpt>
      <trkpt lat="46.450788627823144" lon="6.985036193164269">
      <ele>1359.4</ele></trkpt>
      <trkpt lat="46.450777895841895" lon="6.984973133564207">
      <ele>1360.1</ele></trkpt>
      <trkpt lat="46.45077942803246" lon="6.984917572233788">
      <ele>1360.9</ele></trkpt>
      <trkpt lat="46.450791402789626" lon="6.984859385596356">
      <ele>1361.6</ele></trkpt>
      <trkpt lat="46.45081912177839" lon="6.984806117078512">
      <ele>1362.3</ele></trkpt>
      <trkpt lat="46.45085902636552" lon="6.98474518475114">
      <ele>1363.0</ele></trkpt>
      <trkpt lat="46.4509058807648" lon="6.984678779872385">
      <ele>1363.8</ele></trkpt>
      <trkpt lat="46.450968362214866" lon="6.984590235442074">
      <ele>1364.5</ele></trkpt>
      <trkpt lat="46.451096620283714" lon="6.984364402508171">
      <ele>1365.2</ele></trkpt>
      <trkpt lat="46.45112960475974" lon="6.984318677196523">
      <ele>1365.9</ele></trkpt>
      <trkpt lat="46.45116261942042" lon="6.984280500397437">
      <ele>1366.7</ele></trkpt>
      <trkpt lat="46.45120265617586" lon="6.984254915521367">
      <ele>1367.4</ele></trkpt>
      <trkpt lat="46.451303719423244" lon="6.9842111446846005">
      <ele>1368.1</ele></trkpt>
      <trkpt lat="46.45133165999626" lon="6.984190841100285">
      <ele>1368.8</ele></trkpt>
      <trkpt lat="46.45136714414858" lon="6.984151589154265">
      <ele>1369.6</ele></trkpt>
      <trkpt lat="46.45142184973397" lon="6.984071256082945">
      <ele>1370.3</ele></trkpt>
      <trkpt lat="46.4515086497414" lon="6.98395436721531">
      <ele>1371.0</ele></trkpt>
      <trkpt lat="46.45153283878768" lon="6.983893565230926">
      <ele>1371.7</ele></trkpt>
      <trkpt lat="46.4515378504753" lon="6.9838354229205715">
      <ele>1372.5</ele></trkpt>
      <trkpt lat="46.451528922615324" lon="6.983784998422028">
      <ele>1373.2</ele></trkpt>
      <trkpt lat="46.451500819751146" lon="6.983742309644823">
      <ele>1373.9</ele></trkpt>
      <trkpt lat="46.45146409124484" lon="6.983722404920378">
      <ele>1374.3</ele></trkpt>
      <trkpt lat="46.45142043405046" lon="6.983717734138607">
      <ele>1374.7</ele></trkpt>
      <trkpt lat="46.451364621646356" lon="6.983728302050083">
      <ele>1375.0</ele></trkpt>
      <trkpt lat="46.451307055124886" lon="6.983738884650028">
      <ele>1375.4</ele></trkpt>
      <trkpt lat="46.4512180449653" lon="6.983739631098033">
      <ele>1375.8</ele></trkpt>
      <trkpt lat="46.45114472061246" lon="6.983735183086639">
      <ele>1376.2</ele></trkpt>
      <trkpt lat="46.451046915217404" lon="6.9837208666402155">
      <ele>1376.6</ele></trkpt>
      <trkpt lat="46.45100158253341" lon="6.983731346590558">
      <ele>1376.9</ele></trkpt>
      <trkpt lat="46.45096152678641" lon="6.983754406977198">
      <ele>1377.3</ele></trkpt>
      <trkpt lat="46.450921643008314" lon="6.983820402872409">
      <ele>1377.7</ele></trkpt>
      <trkpt lat="46.45088883961638" lon="6.983909050738444">
      <ele>1378.1</ele></trkpt>
      <trkpt lat="46.45086640695746" lon="6.983974900160878">
      <ele>1378.5</ele></trkpt>
      <trkpt lat="46.450845757587416" lon="6.9840457844554065">
      <ele>1378.8</ele></trkpt>
      <trkpt lat="46.4508301526239" lon="6.984071177596812">
      <ele>1379.2</ele></trkpt>
      <trkpt lat="46.45080748732505" lon="6.984078929316848">
      <ele>1379.6</ele></trkpt>
      <trkpt lat="46.45078130151578" lon="6.9840791487476475">
      <ele>1380.0</ele></trkpt>
      <trkpt lat="46.45073061220502" lon="6.984059387082878">
      <ele>1380.4</ele></trkpt>
      <trkpt lat="46.45063795113857" lon="6.9840222766845566">
      <ele>1380.7</ele></trkpt>
      <trkpt lat="46.45057675171898" lon="6.983995015426756">
      <ele>1381.1</ele></trkpt>
      <trkpt lat="46.45052082804014" lon="6.983977796678052">
      <ele>1381.5</ele></trkpt>
      <trkpt lat="46.45041785802427" lon="6.983981184644076">
      <ele>1382.2</ele></trkpt>
      <trkpt lat="46.450358504808634" lon="6.9839791571996015">
      <ele>1383.0</ele></trkpt>
      <trkpt lat="46.4503130002428" lon="6.983946714753991">
      <ele>1383.7</ele></trkpt>
      <trkpt lat="46.45028315231812" lon="6.98390404147895">
      <ele>1384.4</ele></trkpt>
      <trkpt lat="46.45027250858657" lon="6.983858682339609">
      <ele>1385.2</ele></trkpt>
      <trkpt lat="46.45027230623702" lon="6.983808159823031">
      <ele>1385.9</ele></trkpt>
      <trkpt lat="46.4502895349501" lon="6.983752467346717">
      <ele>1386.6</ele></trkpt>
      <trkpt lat="46.450320815586316" lon="6.983719368172921">
      <ele>1387.3</ele></trkpt>
      <trkpt lat="46.45036435257282" lon="6.983696278836583">
      <ele>1388.1</ele></trkpt>
      <trkpt lat="46.45041137867601" lon="6.98367063528358">
      <ele>1388.8</ele></trkpt>
      <trkpt lat="46.45055433354333" lon="6.983626499590831">
      <ele>1389.5</ele></trkpt>
      <trkpt lat="46.45059610515509" lon="6.983598375040647">
      <ele>1390.3</ele></trkpt>
      <trkpt lat="46.45063948016943" lon="6.983534875012748">
      <ele>1391.0</ele></trkpt>
      <trkpt lat="46.45079351694558" lon="6.983207827209722">
      <ele>1391.7</ele></trkpt>
      <trkpt lat="46.45087313180838" lon="6.98303796195059">
      <ele>1392.4</ele></trkpt>
      <trkpt lat="46.45087642951849" lon="6.9829899474270425">
      <ele>1393.2</ele></trkpt>
      <trkpt lat="46.450871116235106" lon="6.982943671174209">
      <ele>1393.9</ele></trkpt>
      <trkpt lat="46.45086109780377" lon="6.9829130005655555">
      <ele>1394.6</ele></trkpt>
      <trkpt lat="46.45084506139611" lon="6.982882380530181">
      <ele>1395.4</ele></trkpt>
      <trkpt lat="46.45081916561276" lon="6.9828562424684115">
      <ele>1396.1</ele></trkpt>
      <trkpt lat="46.45078601237262" lon="6.982839601376223">
      <ele>1396.8</ele></trkpt>
      <trkpt lat="46.45074602185483" lon="6.9828318029568">
      <ele>1397.6</ele></trkpt>
      <trkpt lat="46.45069362199068" lon="6.982834169493663">
      <ele>1398.3</ele></trkpt>
      <trkpt lat="46.45057891197166" lon="6.982862074560069">
      <ele>1399.1</ele></trkpt>
      <trkpt lat="46.450481583099396" lon="6.982894792211095">
      <ele>1399.8</ele></trkpt>
      <trkpt lat="46.45037870431108" lon="6.982920905692816">
      <ele>1400.6</ele></trkpt>
      <trkpt lat="46.45027926509767" lon="6.982934365632854">
      <ele>1401.3</ele></trkpt>
      <trkpt lat="46.45021462470157" lon="6.982917234315675">
      <ele>1402.1</ele></trkpt>
      <trkpt lat="46.45017781612167" lon="6.982879656958772">
      <ele>1402.8</ele></trkpt>
      <trkpt lat="46.45015496854772" lon="6.982841975360868">
      <ele>1403.5</ele></trkpt>
      <trkpt lat="46.45014075415406" lon="6.982778959201516">
      <ele>1404.3</ele></trkpt>
      <trkpt lat="46.45014572596889" lon="6.9827132699303895">
      <ele>1405.0</ele></trkpt>
      <trkpt lat="46.4501646484685" lon="6.982644912442413">
      <ele>1405.8</ele></trkpt>
      <trkpt lat="46.45023874306435" lon="6.982404384306508">
      <ele>1406.5</ele></trkpt>
      <trkpt lat="46.450276628395244" lon="6.98227780717379">
      <ele>1407.3</ele></trkpt>
      <trkpt lat="46.45030953079429" lon="6.982211869663978">
      <ele>1408.0</ele></trkpt>
      <trkpt lat="46.45035466935162" lon="6.982150891944181">
      <ele>1408.8</ele></trkpt>
      <trkpt lat="46.45040329922071" lon="6.982092396638971">
      <ele>1409.5</ele></trkpt>
      <trkpt lat="46.45046938815719" lon="6.982031242364831">
      <ele>1410.3</ele></trkpt>
      <trkpt lat="46.450497117130816" lon="6.981983022463075">
      <ele>1411.0</ele></trkpt>
      <trkpt lat="46.45051258962104" lon="6.981924806019478">
      <ele>1412.0</ele></trkpt>
      <trkpt lat="46.45050714215836" lon="6.981874353475311">
      <ele>1412.9</ele></trkpt>
      <trkpt lat="46.45048070122608" lon="6.981808915202846">
      <ele>1413.9</ele></trkpt>
      <trkpt lat="46.45043306482277" lon="6.981680532592798">
      <ele>1414.9</ele></trkpt>
      <trkpt lat="46.450424074984866" lon="6.98161494747551">
      <ele>1415.8</ele></trkpt>
      <trkpt lat="46.45043065907004" lon="6.981516407228307">
      <ele>1416.8</ele></trkpt>
      <trkpt lat="46.45043738544026" lon="6.981453227613977">
      <ele>1417.8</ele></trkpt>
      <trkpt lat="46.450465032836505" lon="6.981384808782267">
      <ele>1418.8</ele></trkpt>
      <trkpt lat="46.45050144524194" lon="6.981323877731534">
      <ele>1419.7</ele></trkpt>
      <trkpt lat="46.450569056266794" lon="6.981209673166026">
      <ele>1420.7</ele></trkpt>
      <trkpt lat="46.450617501370026" lon="6.981103204751528">
      <ele>1421.7</ele></trkpt>
      <trkpt lat="46.4506935528391" lon="6.9809182304351785">
      <ele>1422.6</ele></trkpt>
      <trkpt lat="46.45071434151765" lon="6.980880155035797">
      <ele>1423.6</ele></trkpt>
      <trkpt lat="46.450747385715886" lon="6.980849590018158">
      <ele>1424.6</ele></trkpt>
      <trkpt lat="46.45078572623723" lon="6.9808341038343755">
      <ele>1425.6</ele></trkpt>
      <trkpt lat="46.450904483725935" lon="6.980850789157302">
      <ele>1426.5</ele></trkpt>
      <trkpt lat="46.451042459023924" lon="6.9808748741953774">
      <ele>1427.5</ele></trkpt>
      <trkpt lat="46.45116122663144" lon="6.9808940715367775">
      <ele>1428.5</ele></trkpt>
      <trkpt lat="46.45119968934263" lon="6.980908896684593">
      <ele>1429.4</ele></trkpt>
      <trkpt lat="46.451271431460924" lon="6.980953740515626">
      <ele>1430.4</ele></trkpt>
      <trkpt lat="46.45131149417809" lon="6.980979419968036">
      <ele>1431.0</ele></trkpt>
      <trkpt lat="46.45134100539231" lon="6.980994073448753">
      <ele>1431.6</ele></trkpt>
      <trkpt lat="46.451371092342576" lon="6.980997568008725">
      <ele>1432.2</ele></trkpt>
      <trkpt lat="46.45140198828274" lon="6.980989745478405">
      <ele>1432.8</ele></trkpt>
      <trkpt lat="46.45142939990754" lon="6.980970030343489">
      <ele>1433.4</ele></trkpt>
      <trkpt lat="46.45145462373547" lon="6.980932008131094">
      <ele>1434.0</ele></trkpt>
      <trkpt lat="46.451468360744194" lon="6.980876329966552">
      <ele>1434.6</ele></trkpt>
      <trkpt lat="46.45146636228723" lon="6.980815734649462">
      <ele>1435.2</ele></trkpt>
      <trkpt lat="46.45145220672035" lon="6.980765354830329">
      <ele>1435.8</ele></trkpt>
      <trkpt lat="46.45141705086283" lon="6.980705026436712">
      <ele>1436.3</ele></trkpt>
      <trkpt lat="46.451378496483436" lon="6.980667477496816">
      <ele>1436.9</ele></trkpt>
      <trkpt lat="46.45130149971167" lon="6.980620153365343">
      <ele>1437.5</ele></trkpt>
      <trkpt lat="46.45124198230028" lon="6.980575206718862">
      <ele>1438.1</ele></trkpt>
      <trkpt lat="46.451159658401906" lon="6.980505190251524">
      <ele>1438.7</ele></trkpt>
      <trkpt lat="46.45107569901893" lon="6.980457912335711">
      <ele>1439.3</ele></trkpt>
      <trkpt lat="46.4510039668929" lon="6.980415594180033">
      <ele>1439.9</ele></trkpt>
      <trkpt lat="46.450933960686825" lon="6.980370736614764">
      <ele>1440.5</ele></trkpt>
      <trkpt lat="46.450851657043565" lon="6.980305770556593">
      <ele>1441.1</ele></trkpt>
      <trkpt lat="46.450820102148064" lon="6.9802706750650865">
      <ele>1441.7</ele></trkpt>
      <trkpt lat="46.450800773329426" lon="6.980238014245905">
      <ele>1442.3</ele></trkpt>
      <trkpt lat="46.450781374347294" lon="6.980190204441822">
      <ele>1443.1</ele></trkpt>
      <trkpt lat="46.450758249314354" lon="6.980081801756638">
      <ele>1443.8</ele></trkpt>
      <trkpt lat="46.45073712428568" lon="6.9800365185543">
      <ele>1444.6</ele></trkpt>
      <trkpt lat="46.45071434594806" lon="6.98001398675493">
      <ele>1445.4</ele></trkpt>
      <trkpt lat="46.45068463931412" lon="6.980006663128163">
      <ele>1446.2</ele></trkpt>
      <trkpt lat="46.450653218151544" lon="6.980006928788391">
      <ele>1447.0</ele></trkpt>
      <trkpt lat="46.45061489688289" lon="6.980024927267873">
      <ele>1447.7</ele></trkpt>
      <trkpt lat="46.45049841473511" lon="6.980139559507415">
      <ele>1448.5</ele></trkpt>
      <trkpt lat="46.45042019251699" lon="6.9802210180018704">
      <ele>1449.3</ele></trkpt>
      <trkpt lat="46.450334947852014" lon="6.980289924047188">
      <ele>1450.0</ele></trkpt>
      <trkpt lat="46.450284532979026" lon="6.980338323326355">
      <ele>1450.8</ele></trkpt>
      <trkpt lat="46.45022732229209" lon="6.98043477920051">
      <ele>1451.6</ele></trkpt>
      <trkpt lat="46.450175255106124" lon="6.9805084412562675">
      <ele>1452.4</ele></trkpt>
      <trkpt lat="46.450140486354904" lon="6.980544096560845">
      <ele>1453.1</ele></trkpt>
      <trkpt lat="46.450049955159535" lon="6.9806004088665485">
      <ele>1453.9</ele></trkpt>
      <trkpt lat="46.44994892395678" lon="6.980651785873151">
      <ele>1454.7</ele></trkpt>
      <trkpt lat="46.44987055758938" lon="6.980695357637158">
      <ele>1455.5</ele></trkpt>
      <trkpt lat="46.449733042884276" lon="6.9807899652930905">
      <ele>1456.2</ele></trkpt>
      <trkpt lat="46.44965999330759" lon="6.980853703877379">
      <ele>1457.0</ele></trkpt>
      <trkpt lat="46.44963465486102" lon="6.980878906212715">
      <ele>1457.8</ele></trkpt>
      <trkpt lat="46.449610673810724" lon="6.9809105654458525">
      <ele>1458.6</ele></trkpt>
      <trkpt lat="46.44957604718708" lon="6.980968122882225">
      <ele>1459.3</ele></trkpt>
      <trkpt lat="46.44954275138769" lon="6.981034480053562">
      <ele>1460.1</ele></trkpt>
      <trkpt lat="46.44952563800902" lon="6.9810604197881165">
      <ele>1460.8</ele></trkpt>
      <trkpt lat="46.44948921430475" lon="6.981102882000095">
      <ele>1461.6</ele></trkpt>
      <trkpt lat="46.44943427101563" lon="6.981146020934114">
      <ele>1462.3</ele></trkpt>
      <trkpt lat="46.44937515286668" lon="6.981204591474512">
      <ele>1463.1</ele></trkpt>
      <trkpt lat="46.449307500052136" lon="6.981306182575945">
      <ele>1463.8</ele></trkpt>
      <trkpt lat="46.44926936281675" lon="6.981372163547861">
      <ele>1464.6</ele></trkpt>
      <trkpt lat="46.44918108465188" lon="6.981554723542669">
      <ele>1465.3</ele></trkpt>
      <trkpt lat="46.44908062198836" lon="6.981747484982967">
      <ele>1466.1</ele></trkpt>
      <trkpt lat="46.449021918877804" lon="6.981907071069878">
      <ele>1466.9</ele></trkpt>
      <trkpt lat="46.448984004607055" lon="6.98202858306669">
      <ele>1467.6</ele></trkpt>
      <trkpt lat="46.44895822380178" lon="6.982127295183842">
      <ele>1468.4</ele></trkpt>
      <trkpt lat="46.44894109737227" lon="6.982208234430052">
      <ele>1469.1</ele></trkpt>
      <trkpt lat="46.448925553705266" lon="6.982248775776492">
      <ele>1469.9</ele></trkpt>
      <trkpt lat="46.448904745372836" lon="6.982284311696783">
      <ele>1470.6</ele></trkpt>
      <trkpt lat="46.44888386590188" lon="6.982302148245158">
      <ele>1471.4</ele></trkpt>
      <trkpt lat="46.44885767894456" lon="6.982299843691814">
      <ele>1472.1</ele></trkpt>
      <trkpt lat="46.44881925584914" lon="6.9822925923909995">
      <ele>1472.9</ele></trkpt>
      <trkpt lat="46.44870905171977" lon="6.98223292338818">
      <ele>1473.5</ele></trkpt>
      <trkpt lat="46.44866708758549" lon="6.982213064759225">
      <ele>1474.1</ele></trkpt>
      <trkpt lat="46.44858140644852" lon="6.982175913202893">
      <ele>1474.7</ele></trkpt>
      <trkpt lat="46.4485463731929" lon="6.982145897025855">
      <ele>1475.2</ele></trkpt>
      <trkpt lat="46.44852182990419" lon="6.982118343465419">
      <ele>1475.8</ele></trkpt>
      <trkpt lat="46.4484867447214" lon="6.9820731788372665">
      <ele>1476.4</ele></trkpt>
      <trkpt lat="46.44843412691796" lon="6.9821936289103235">
      <ele>1477.0</ele></trkpt>
      <trkpt lat="46.44837691088742" lon="6.98228690402069">
      <ele>1477.6</ele></trkpt>
      <trkpt lat="46.448314435257835" lon="6.982376448957559">
      <ele>1478.2</ele></trkpt>
      <trkpt lat="46.44828459236913" lon="6.9824448830291">
      <ele>1478.8</ele></trkpt>
      <trkpt lat="46.44826529900341" lon="6.982528377218076">
      <ele>1479.3</ele></trkpt>
      <trkpt lat="46.44825382678435" lon="6.9826061182574435">
      <ele>1479.9</ele></trkpt>
      <trkpt lat="46.448256710687865" lon="6.982672389943761">
      <ele>1480.5</ele></trkpt>
      <trkpt lat="46.44826753871898" lon="6.982761292189064">
      <ele>1481.1</ele></trkpt>
      <trkpt lat="46.4482703768733" lon="6.982816189596851">
      <ele>1481.7</ele></trkpt>
      <trkpt lat="46.44826663732019" lon="6.982861680721004">
      <ele>1482.3</ele></trkpt>
      <trkpt lat="46.44825373899254" lon="6.982909148900064">
      <ele>1482.8</ele></trkpt>
      <trkpt lat="46.44823815307235" lon="6.982941464715426">
      <ele>1483.4</ele></trkpt>
      <trkpt lat="46.4482068473335" lon="6.982968251246509">
      <ele>1484.0</ele></trkpt>
      <trkpt lat="46.44815457589421" lon="6.982991413613722">
      <ele>1484.6</ele></trkpt>
      <trkpt lat="46.44808789508148" lon="6.983012796846956">
      <ele>1485.8</ele></trkpt>
      <trkpt lat="46.44806180812148" lon="6.983037652335087">
      <ele>1487.0</ele></trkpt>
      <trkpt lat="46.44802923597561" lon="6.983073910869673">
      <ele>1488.2</ele></trkpt>
      <trkpt lat="46.44787711073819" lon="6.983334643898761">
      <ele>1489.4</ele></trkpt>
      <trkpt lat="46.44764288150973" lon="6.983683182322075">
      <ele>1490.5</ele></trkpt>
      <trkpt lat="46.44751533913964" lon="6.9838717364593945">
      <ele>1491.7</ele></trkpt>
      <trkpt lat="46.44747362317124" lon="6.983913771046651">
      <ele>1492.9</ele></trkpt>
      <trkpt lat="46.447442309542126" lon="6.983938643598702">
      <ele>1494.1</ele></trkpt>
      <trkpt lat="46.44740832379003" lon="6.983952190041032">
      <ele>1495.3</ele></trkpt>
      <trkpt lat="46.44735728205985" lon="6.983954504922931">
      <ele>1496.5</ele></trkpt>
      <trkpt lat="46.44726827189445" lon="6.983955250961298">
      <ele>1497.7</ele></trkpt>
      <trkpt lat="46.44722908110485" lon="6.9839764152767865">
      <ele>1498.9</ele></trkpt>
      <trkpt lat="46.447208320166894" lon="6.9840239221407785">
      <ele>1500.1</ele></trkpt>
      <trkpt lat="46.44720722057806" lon="6.984075077397431">
      <ele>1501.3</ele></trkpt>
      <trkpt lat="46.44723782868762" lon="6.984199809946852">
      <ele>1502.5</ele></trkpt>
      <trkpt lat="46.44726068967651" lon="6.984351117588816">
      <ele>1503.6</ele></trkpt>
      <trkpt lat="46.44727718422188" lon="6.984503116352184">
      <ele>1504.8</ele></trkpt>
      <trkpt lat="46.447276242701925" lon="6.984587105357847">
      <ele>1506.0</ele></trkpt>
      <trkpt lat="46.44726292311681" lon="6.984621639592278">
      <ele>1507.2</ele></trkpt>
      <trkpt lat="46.447242559129535" lon="6.984635748303391">
      <ele>1508.4</ele></trkpt>
      <trkpt lat="46.447220824716254" lon="6.984633340358921">
      <ele>1509.4</ele></trkpt>
      <trkpt lat="46.44716217695211" lon="6.984596259043996">
      <ele>1510.4</ele></trkpt>
      <trkpt lat="46.4470991997087" lon="6.98456080178479">
      <ele>1511.4</ele></trkpt>
      <trkpt lat="46.44698122705201" lon="6.984522030850847">
      <ele>1512.4</ele></trkpt>
      <trkpt lat="46.44685131113945" lon="6.984443562725689">
      <ele>1513.4</ele></trkpt>
      <trkpt lat="46.446784457322664" lon="6.984419512679557">
      <ele>1514.4</ele></trkpt>
      <trkpt lat="46.44673995673588" lon="6.9844198852758375">
      <ele>1515.4</ele></trkpt>
      <trkpt lat="46.44671252572853" lon="6.984437150461505">
      <ele>1516.4</ele></trkpt>
      <trkpt lat="46.44670479391786" lon="6.984467525126141">
      <ele>1517.4</ele></trkpt>
      <trkpt lat="46.44670756306561" lon="6.984505373089629">
      <ele>1518.5</ele></trkpt>
      <trkpt lat="46.44674843702895" lon="6.984578899235713">
      <ele>1519.5</ele></trkpt>
      <trkpt lat="46.44676704995547" lon="6.9846488116518515">
      <ele>1520.5</ele></trkpt>
      <trkpt lat="46.4467848325294" lon="6.9848418319840055">
      <ele>1521.5</ele></trkpt>
      <trkpt lat="46.44681189604956" lon="6.985061284689944">
      <ele>1522.5</ele></trkpt>
      <trkpt lat="46.44682530221049" lon="6.985140728206193">
      <ele>1523.5</ele></trkpt>
      <trkpt lat="46.446824250198894" lon="6.985174638905873">
      <ele>1524.5</ele></trkpt>
      <trkpt lat="46.446816064808964" lon="6.985190597622561">
      <ele>1525.5</ele></trkpt>
      <trkpt lat="46.44680176053746" lon="6.985199358590103">
      <ele>1526.5</ele></trkpt>
      <trkpt lat="46.44678480527697" lon="6.985197548186512">
      <ele>1527.5</ele></trkpt>
      <trkpt lat="46.446767807817224" lon="6.985185170644073">
      <ele>1528.5</ele></trkpt>
      <trkpt lat="46.44675119354039" lon="6.985162873124418">
      <ele>1529.4</ele></trkpt>
      <trkpt lat="46.44670651878071" lon="6.985081348590432">
      <ele>1530.2</ele></trkpt>
      <trkpt lat="46.44668597404126" lon="6.985052472810297">
      <ele>1531.1</ele></trkpt>
      <trkpt lat="46.44665981190429" lon="6.985031595654908">
      <ele>1532.0</ele></trkpt>
      <trkpt lat="46.44658450964823" lon="6.985002657239777">
      <ele>1532.8</ele></trkpt>
      <trkpt lat="46.44654060167659" lon="6.984980236713067">
      <ele>1533.7</ele></trkpt>
      <trkpt lat="46.44648283578913" lon="6.984940948733129">
      <ele>1534.6</ele></trkpt>
      <trkpt lat="46.44640233535832" lon="6.984876343416539">
      <ele>1535.5</ele></trkpt>
      <trkpt lat="46.44638144334854" lon="6.984868631643826">
      <ele>1536.3</ele></trkpt>
      <trkpt lat="46.44636406425715" lon="6.984868816053384">
      <ele>1537.2</ele></trkpt>
      <trkpt lat="46.44634716983804" lon="6.9848822317006345">
      <ele>1538.1</ele></trkpt>
      <trkpt lat="46.446339026767106" lon="6.984908770390934">
      <ele>1538.9</ele></trkpt>
      <trkpt lat="46.44634147052679" lon="6.984944018031514">
      <ele>1539.8</ele></trkpt>
      <trkpt lat="46.44643790696509" lon="6.985162902113775">
      <ele>1540.7</ele></trkpt>
      <trkpt lat="46.44644722312305" lon="6.985202582243312">
      <ele>1541.6</ele></trkpt>
      <trkpt lat="46.44644610024358" lon="6.985248036783301">
      <ele>1542.4</ele></trkpt>
      <trkpt lat="46.44642653884112" lon="6.985267161770351">
      <ele>1543.3</ele></trkpt>
      <trkpt lat="46.44639904868502" lon="6.985267391509959">
      <ele>1544.2</ele></trkpt>
      <trkpt lat="46.446330775747136" lon="6.98521681686556">
      <ele>1545.0</ele></trkpt>
      <trkpt lat="46.4462664489829" lon="6.985170009459928">
      <ele>1545.9</ele></trkpt>
      <trkpt lat="46.4462126747327" lon="6.9851458494420715">
      <ele>1546.8</ele></trkpt>
      <trkpt lat="46.44616682291474" lon="6.985136745520967">
      <ele>1547.7</ele></trkpt>
      <trkpt lat="46.44606991291303" lon="6.985128094473306">
      <ele>1548.5</ele></trkpt>
      <trkpt lat="46.44601356921479" lon="6.985111530197354">
      <ele>1549.4</ele></trkpt>
      <trkpt lat="46.445928229937806" lon="6.985051624640305">
      <ele>1550.3</ele></trkpt>
      <trkpt lat="46.44590359163205" lon="6.985015873108732">
      <ele>1551.2</ele></trkpt>
      <trkpt lat="46.445872124248886" lon="6.984959538609752">
      <ele>1552.1</ele></trkpt>
      <trkpt lat="46.44577302549975" lon="6.98477912254915">
      <ele>1552.9</ele></trkpt>
      <trkpt lat="46.44575437275909" lon="6.984728485305065">
      <ele>1553.8</ele></trkpt>
      <trkpt lat="46.44574526690527" lon="6.984682947743716">
      <ele>1554.7</ele></trkpt>
      <trkpt lat="46.4457354571232" lon="6.984609852634673">
      <ele>1555.6</ele></trkpt>
      <trkpt lat="46.44572512380748" lon="6.984556569095811">
      <ele>1556.5</ele></trkpt>
      <trkpt lat="46.44571007531451" lon="6.984511940250502">
      <ele>1557.3</ele></trkpt>
      <trkpt lat="46.44567593301758" lon="6.984457125234745">
      <ele>1558.2</ele></trkpt>
      <trkpt lat="46.44565878281545" lon="6.984433570525453">
      <ele>1559.1</ele></trkpt>
      <trkpt lat="46.44563046146069" lon="6.98439467490191">
      <ele>1560.0</ele></trkpt>
      <trkpt lat="46.445601141843994" lon="6.984353601347224">
      <ele>1560.9</ele></trkpt>
      <trkpt lat="46.44558584431027" lon="6.984327688691366">
      <ele>1561.7</ele></trkpt>
      <trkpt lat="46.44557304403551" lon="6.984294142023377">
      <ele>1562.6</ele></trkpt>
      <trkpt lat="46.44557103026958" lon="6.984262990676473">
      <ele>1563.5</ele></trkpt>
      <trkpt lat="46.44557670002679" lon="6.984223133764938">
      <ele>1563.9</ele></trkpt>
      <trkpt lat="46.445586495556064" lon="6.984173468866147">
      <ele>1564.2</ele></trkpt>
      <trkpt lat="46.44559062924437" lon="6.9841341713853256">
      <ele>1564.6</ele></trkpt>
      <trkpt lat="46.44559186861907" lon="6.984088716559452">
      <ele>1565.0</ele></trkpt>
      <trkpt lat="46.44558305678319" lon="6.984026805327093">
      <ele>1565.3</ele></trkpt>
      <trkpt lat="46.44555699204329" lon="6.98393819110986">
      <ele>1565.7</ele></trkpt>
      <trkpt lat="46.445547608232694" lon="6.983895206891149">
      <ele>1566.1</ele></trkpt>
      <trkpt lat="46.445538711988206" lon="6.983836953342159">
      <ele>1566.4</ele></trkpt>
      <trkpt lat="46.445528631358755" lon="6.983781715943598">
      <ele>1566.8</ele></trkpt>
      <trkpt lat="46.44551608952118" lon="6.9837498460586955">
      <ele>1567.2</ele></trkpt>
      <trkpt lat="46.44549892685674" lon="6.983736689812257">
      <ele>1567.5</ele></trkpt>
      <trkpt lat="46.44547905540037" lon="6.983732249537563">
      <ele>1567.9</ele></trkpt>
      <trkpt lat="46.44545048649655" lon="6.98373041989611">
      <ele>1568.2</ele></trkpt>
      <trkpt lat="46.44542618290839" lon="6.983724429105302">
      <ele>1568.6</ele></trkpt>
      <trkpt lat="46.44539181084681" lon="6.983699925993921">
      <ele>1569.0</ele></trkpt>
      <trkpt lat="46.44535584152771" lon="6.983660704668684">
      <ele>1569.3</ele></trkpt>
      <trkpt lat="46.44531741926983" lon="6.983602009285956">
      <ele>1569.7</ele></trkpt>
      <trkpt lat="46.44526453935575" lon="6.983471143639668">
      <ele>1570.1</ele></trkpt>
      <trkpt lat="46.445220538991364" lon="6.983383123185482">
      <ele>1570.4</ele></trkpt>
      <trkpt lat="46.44516950529927" lon="6.983277515231793">
      <ele>1570.8</ele></trkpt>
      <trkpt lat="46.44511849278972" lon="6.983179455278824">
      <ele>1571.3</ele></trkpt>
      <trkpt lat="46.445050140506176" lon="6.983109338471759">
      <ele>1571.8</ele></trkpt>
      <trkpt lat="46.444972991559474" lon="6.983021597049474">
      <ele>1572.4</ele></trkpt>
      <trkpt lat="46.44483462383606" lon="6.982904100261961">
      <ele>1572.9</ele></trkpt>
      <trkpt lat="46.44471556261635" lon="6.982811675340973">
      <ele>1573.4</ele></trkpt>
      <trkpt lat="46.444671812918365" lon="6.982781734134872">
      <ele>1574.0</ele></trkpt>
      <trkpt lat="46.44461395133615" lon="6.98271656651875">
      <ele>1574.5</ele></trkpt>
      <trkpt lat="46.444564906565425" lon="6.9826740467287465">
      <ele>1575.0</ele></trkpt>
      <trkpt lat="46.44444072143775" lon="6.982609462888546">
      <ele>1575.5</ele></trkpt>
      <trkpt lat="46.44437601110035" lon="6.982577173564959">
      <ele>1576.0</ele></trkpt>
      <trkpt lat="46.44434281324285" lon="6.982567354106549">
      <ele>1576.6</ele></trkpt>
      <trkpt lat="46.44420832968006" lon="6.982545763009292">
      <ele>1577.1</ele></trkpt>
      <trkpt lat="46.444136802297024" lon="6.982556462832912">
      <ele>1577.6</ele></trkpt>
      <trkpt lat="46.44408803132108" lon="6.982582119054394">
      <ele>1578.1</ele></trkpt>
      <trkpt lat="46.44403245227172" lon="6.982650763992581">
      <ele>1578.7</ele></trkpt>
      <trkpt lat="46.443957656524645" lon="6.98271450803749">
      <ele>1579.2</ele></trkpt>
      <trkpt lat="46.443881659034375" lon="6.982745572183998">
      <ele>1579.7</ele></trkpt>
      <trkpt lat="46.44385100324434" lon="6.982750501622667">
      <ele>1580.2</ele></trkpt>
      <trkpt lat="46.443812212893405" lon="6.982739154521686">
      <ele>1580.8</ele></trkpt>
      <trkpt lat="46.443742858020066" lon="6.982686017894554">
      <ele>1581.3</ele></trkpt>
      <trkpt lat="46.44365354364929" lon="6.9826110174671685">
      <ele>1582.1</ele></trkpt>
      <trkpt lat="46.44353273821466" lon="6.9825211344590405">
      <ele>1582.8</ele></trkpt>
      <trkpt lat="46.44344350487781" lon="6.9824663306437555">
      <ele>1583.6</ele></trkpt>
      <trkpt lat="46.443354230938475" lon="6.9824014290002605">
      <ele>1584.4</ele></trkpt>
      <trkpt lat="46.443291113535764" lon="6.982331271419868">
      <ele>1585.2</ele></trkpt>
      <trkpt lat="46.44324205589859" lon="6.982254254835787">
      <ele>1585.9</ele></trkpt>
      <trkpt lat="46.443223182246236" lon="6.9822384592915565">
      <ele>1586.7</ele></trkpt>
      <trkpt lat="46.44320951096674" lon="6.982241268054682">
      <ele>1587.5</ele></trkpt>
      <trkpt lat="46.443202742408296" lon="6.982256003998262">
      <ele>1588.2</ele></trkpt>
      <trkpt lat="46.44320371675306" lon="6.9822813196861455">
      <ele>1589.0</ele></trkpt>
      <trkpt lat="46.44321766830934" lon="6.98233034056795">
      <ele>1589.8</ele></trkpt>
      <trkpt lat="46.44329094604444" lon="6.982488838131979">
      <ele>1590.5</ele></trkpt>
      <trkpt lat="46.443351533066824" lon="6.982600933123155">
      <ele>1591.3</ele></trkpt>
      <trkpt lat="46.44338272041651" lon="6.982654442104444">
      <ele>1592.1</ele></trkpt>
      <trkpt lat="46.44342457617042" lon="6.982719013935419">
      <ele>1592.8</ele></trkpt>
      <trkpt lat="46.44342770376033" lon="6.982749647115508">
      <ele>1593.6</ele></trkpt>
      <trkpt lat="46.44342224290931" lon="6.982769707540793">
      <ele>1594.4</ele></trkpt>
      <trkpt lat="46.44341116574173" lon="6.982777829856486">
      <ele>1595.2</ele></trkpt>
      <trkpt lat="46.44339832221617" lon="6.982773955690803">
      <ele>1595.9</ele></trkpt>
      <trkpt lat="46.443360078053956" lon="6.982728365985053">
      <ele>1596.7</ele></trkpt>
      <trkpt lat="46.44332355267257" lon="6.98268740765695">
      <ele>1597.8</ele></trkpt>
      <trkpt lat="46.443290106756" lon="6.982665097617582">
      <ele>1599.0</ele></trkpt>
      <trkpt lat="46.4432330091353" lon="6.982642335733639">
      <ele>1600.1</ele></trkpt>
      <trkpt lat="46.443166532262424" lon="6.982602488202265">
      <ele>1601.3</ele></trkpt>
      <trkpt lat="46.44312382952687" lon="6.982577900690063">
      <ele>1602.4</ele></trkpt>
      <trkpt lat="46.44305640205433" lon="6.982556709318984">
      <ele>1603.6</ele></trkpt>
      <trkpt lat="46.443019712318375" lon="6.982553230896721">
      <ele>1604.7</ele></trkpt>
      <trkpt lat="46.44295517436048" lon="6.982563858706304">
      <ele>1605.9</ele></trkpt>
      <trkpt lat="46.44281920037716" lon="6.982607932336862">
      <ele>1607.0</ele></trkpt>
      <trkpt lat="46.44275636702961" lon="6.9826084604889616">
      <ele>1608.2</ele></trkpt>
      <trkpt lat="46.44268298064225" lon="6.982586343325598">
      <ele>1609.3</ele></trkpt>
      <trkpt lat="46.442620056032624" lon="6.9825641512894645">
      <ele>1610.4</ele></trkpt>
      <trkpt lat="46.44257812357349" lon="6.982554405584544">
      <ele>1611.6</ele></trkpt>
      <trkpt lat="46.442487278221364" lon="6.982534985916864">
      <ele>1612.7</ele></trkpt>
      <trkpt lat="46.44244881452033" lon="6.9825176244472535">
      <ele>1613.9</ele></trkpt>
      <trkpt lat="46.44239277904801" lon="6.982472640768072">
      <ele>1615.0</ele></trkpt>
      <trkpt lat="46.442317496562254" lon="6.982415209344275">
      <ele>1616.2</ele></trkpt>
      <trkpt lat="46.44224931621539" lon="6.9823879997686795">
      <ele>1617.3</ele></trkpt>
      <trkpt lat="46.442137509042006" lon="6.982363694709494">
      <ele>1618.5</ele></trkpt>
      <trkpt lat="46.44202039542865" lon="6.982321749689208">
      <ele>1619.6</ele></trkpt>
      <trkpt lat="46.44196803280711" lon="6.982322190098206">
      <ele>1620.5</ele></trkpt>
      <trkpt lat="46.44188085907852" lon="6.982345643962693">
      <ele>1621.4</ele></trkpt>
      <trkpt lat="46.4418006861703" lon="6.982374100919149">
      <ele>1622.4</ele></trkpt>
      <trkpt lat="46.441653967580436" lon="6.982350089700755">
      <ele>1623.3</ele></trkpt>
      <trkpt lat="46.44161191220227" lon="6.982307526785639">
      <ele>1624.2</ele></trkpt>
      <trkpt lat="46.441585492964364" lon="6.9822496723655405">
      <ele>1625.1</ele></trkpt>
      <trkpt lat="46.441565070467945" lon="6.9821775444417495">
      <ele>1626.1</ele></trkpt>
      <trkpt lat="46.44155719222775" lon="6.981999086660253">
      <ele>1627.0</ele></trkpt>
      <trkpt lat="46.441550375322464" lon="6.981883264116874">
      <ele>1627.9</ele></trkpt>
      <trkpt lat="46.44155252724226" lon="6.981787601144336">
      <ele>1628.8</ele></trkpt>
      <trkpt lat="46.44155730623322" lon="6.981712151107706">
      <ele>1629.8</ele></trkpt>
      <trkpt lat="46.44157197032459" lon="6.981564890629561">
      <ele>1630.7</ele></trkpt>
      <trkpt lat="46.44156913739377" lon="6.981491339503652">
      <ele>1631.6</ele></trkpt>
      <trkpt lat="46.44154191139585" lon="6.98136281924321">
      <ele>1632.5</ele></trkpt>
      <trkpt lat="46.441518671301914" lon="6.981274722606424">
      <ele>1633.5</ele></trkpt>
      <trkpt lat="46.44150793426455" lon="6.981135028596199">
      <ele>1634.4</ele></trkpt>
      <trkpt lat="46.441506287865906" lon="6.9810412325181135">
      <ele>1635.3</ele></trkpt>
      <trkpt lat="46.44152115866728" lon="6.980945462286993">
      <ele>1636.2</ele></trkpt>
      <trkpt lat="46.44154834543306" lon="6.980865515879195">
      <ele>1637.2</ele></trkpt>
      <trkpt lat="46.44157346470436" lon="6.980817195200576">
      <ele>1638.1</ele></trkpt>
      <trkpt lat="46.441613256183544" lon="6.980764443376689">
      <ele>1638.7</ele></trkpt>
      <trkpt lat="46.44167783424351" lon="6.980701345189271">
      <ele>1639.4</ele></trkpt>
      <trkpt lat="46.44177018363858" lon="6.9805828504796406">
      <ele>1640.0</ele></trkpt>
      <trkpt lat="46.44180793244213" lon="6.980552263611145">
      <ele>1640.7</ele></trkpt>
      <trkpt lat="46.44186489886052" lon="6.980508956900715">
      <ele>1641.3</ele></trkpt>
      <trkpt lat="46.44187840425281" lon="6.980489570628296">
      <ele>1642.0</ele></trkpt>
      <trkpt lat="46.44188324689772" lon="6.980463542801143">
      <ele>1642.6</ele></trkpt>
      <trkpt lat="46.441879448831266" lon="6.98043856391801">
      <ele>1643.3</ele></trkpt>
      <trkpt lat="46.4418688891009" lon="6.980423284767036">
      <ele>1643.9</ele></trkpt>
      <trkpt lat="46.441850903606245" lon="6.980420326565778">
      <ele>1644.5</ele></trkpt>
      <trkpt lat="46.44175561686296" lon="6.980439518641738">
      <ele>1645.2</ele></trkpt>
      <trkpt lat="46.44169076854027" lon="6.980440066311984">
      <ele>1645.8</ele></trkpt>
      <trkpt lat="46.44165512894439" lon="6.980429332336258">
      <ele>1646.5</ele></trkpt>
      <trkpt lat="46.441623212765194" lon="6.980398331830886">
      <ele>1647.1</ele></trkpt>
      <trkpt lat="46.44158097580696" lon="6.980328796210361">
      <ele>1647.8</ele></trkpt>
      <trkpt lat="46.4415210258735" lon="6.980281480226979">
      <ele>1648.4</ele></trkpt>
      <trkpt lat="46.441494275319734" lon="6.980268823459112">
      <ele>1649.1</ele></trkpt>
      <trkpt lat="46.44145483490868" lon="6.980263639209274">
      <ele>1649.7</ele></trkpt>
      <trkpt lat="46.441397228422574" lon="6.980262017818422">
      <ele>1650.4</ele></trkpt>
      <trkpt lat="46.44137620727238" lon="6.980253593914649">
      <ele>1651.0</ele></trkpt>
      <trkpt lat="46.4413563912865" lon="6.980238419173491">
      <ele>1651.1</ele></trkpt>
      <trkpt lat="46.44133780500945" lon="6.980220345199276">
      <ele>1651.2</ele></trkpt>
      <trkpt lat="46.441319744934724" lon="6.9801810948820915">
      <ele>1651.3</ele></trkpt>
      <trkpt lat="46.4412847209267" lon="6.980062180184252">
      <ele>1651.4</ele></trkpt>
      <trkpt lat="46.441250265745296" lon="6.979932681395051">
      <ele>1651.5</ele></trkpt>
      <trkpt lat="46.44121689928576" lon="6.9798388937717295">
      <ele>1651.6</ele></trkpt>
      <trkpt lat="46.44119257362923" lon="6.979780749989114">
      <ele>1651.7</ele></trkpt>
      <trkpt lat="46.441166400392824" lon="6.979732888997176">
      <ele>1651.8</ele></trkpt>
      <trkpt lat="46.44107417921498" lon="6.979671441858953">
      <ele>1651.9</ele></trkpt>
      <trkpt lat="46.441047440377446" lon="6.9796461239551935">
      <ele>1652.0</ele></trkpt>
      <trkpt lat="46.4410327146347" lon="6.979608381335394">
      <ele>1652.0</ele></trkpt>
      <trkpt lat="46.44102676448791" lon="6.979542886296432">
      <ele>1652.1</ele></trkpt>
      <trkpt lat="46.441028523436266" lon="6.979426172782668">
      <ele>1652.2</ele></trkpt>
      <trkpt lat="46.44102327610663" lon="6.979345420839083">
      <ele>1652.3</ele></trkpt>
      <trkpt lat="46.44101008921708" lon="6.979287833815331">
      <ele>1652.4</ele></trkpt>
      <trkpt lat="46.440990630312584" lon="6.979205315403389">
      <ele>1652.5</ele></trkpt>
      <trkpt lat="46.44098795312079" lon="6.979150619364954">
      <ele>1652.6</ele></trkpt>
      <trkpt lat="46.44098878516297" lon="6.979049477047156">
      <ele>1652.7</ele></trkpt>
      <trkpt lat="46.440984273847306" lon="6.978999494166853">
      <ele>1652.8</ele></trkpt>
      <trkpt lat="46.44097359047435" lon="6.978951502491666">
      <ele>1652.9</ele></trkpt>
      <trkpt lat="46.44095404050208" lon="6.978904314682004">
      <ele>1653.5</ele></trkpt>
      <trkpt lat="46.44092596746084" lon="6.978860569438917">
      <ele>1654.2</ele></trkpt>
      <trkpt lat="46.44086797658533" lon="6.978788475788263">
      <ele>1654.8</ele></trkpt>
      <trkpt lat="46.440804910939654" lon="6.97872055034542">
      <ele>1655.4</ele></trkpt>
      <trkpt lat="46.440747732155984" lon="6.978655750252785">
      <ele>1656.1</ele></trkpt>
      <trkpt lat="46.44066891764785" lon="6.978550781380056">
      <ele>1656.7</ele></trkpt>
      <trkpt lat="46.44058294311387" lon="6.978434890843939">
      <ele>1657.3</ele></trkpt>
      <trkpt lat="46.44052120943869" lon="6.9783494137998705">
      <ele>1657.9</ele></trkpt>
      <trkpt lat="46.440468455868235" lon="6.978277836335703">
      <ele>1658.6</ele></trkpt>
      <trkpt lat="46.44044094967978" lon="6.978256364639691">
      <ele>1659.2</ele></trkpt>
      <trkpt lat="46.44039508226408" lon="6.978234684422091">
      <ele>1659.8</ele></trkpt>
      <trkpt lat="46.44035947976588" lon="6.978233151759065">
      <ele>1660.5</ele></trkpt>
      <trkpt lat="46.44011035050133" lon="6.978239742146995">
      <ele>1661.1</ele></trkpt>
      <trkpt lat="46.440063396067" lon="6.978236171759524">
      <ele>1661.7</ele></trkpt>
      <trkpt lat="46.44003669778012" lon="6.9782231515433955">
      <ele>1662.3</ele></trkpt>
      <trkpt lat="46.43996541279545" lon="6.978160437503622">
      <ele>1663.0</ele></trkpt>
      <trkpt lat="46.43991324027512" lon="6.978119032047547">
      <ele>1663.6</ele></trkpt>
      <trkpt lat="46.43973449325376" lon="6.9780655715292905">
      <ele>1664.2</ele></trkpt>
      <trkpt lat="46.439693775332586" lon="6.978060386880378">
      <ele>1664.9</ele></trkpt>
      <trkpt lat="46.4396569327956" lon="6.978068064683379">
      <ele>1665.5</ele></trkpt>
      <trkpt lat="46.43961632238905" lon="6.978084948233577">
      <ele>1666.7</ele></trkpt>
      <trkpt lat="46.43958722584315" lon="6.978123829146189">
      <ele>1667.9</ele></trkpt>
      <trkpt lat="46.43954811509841" lon="6.97819773337759">
      <ele>1669.1</ele></trkpt>
      <trkpt lat="46.43942864212451" lon="6.978526113213237">
      <ele>1670.2</ele></trkpt>
      <trkpt lat="46.43941249756897" lon="6.978620056482079">
      <ele>1671.4</ele></trkpt>
      <trkpt lat="46.43940772063277" lon="6.978695503807661">
      <ele>1672.6</ele></trkpt>
      <trkpt lat="46.43941322030773" lon="6.9787984633075055">
      <ele>1673.8</ele></trkpt>
      <trkpt lat="46.43939688031087" lon="6.978846422331918">
      <ele>1675.0</ele></trkpt>
      <trkpt lat="46.43938047013746" lon="6.978865949855519">
      <ele>1676.2</ele></trkpt>
      <trkpt lat="46.439353137460216" lon="6.978853975860314">
      <ele>1677.3</ele></trkpt>
      <trkpt lat="46.43931110015174" lon="6.978807318399224">
      <ele>1678.5</ele></trkpt>
      <trkpt lat="46.439243853802864" lon="6.978735526614052">
      <ele>1679.7</ele></trkpt>
      <trkpt lat="46.43913896299319" lon="6.97858008558234">
      <ele>1680.9</ele></trkpt>
      <trkpt lat="46.43909549223036" lon="6.9785215864496495">
      <ele>1682.1</ele></trkpt>
      <trkpt lat="46.438975275095196" lon="6.978402333327697">
      <ele>1683.3</ele></trkpt>
      <trkpt lat="46.43892374957003" lon="6.9783629528218665">
      <ele>1684.5</ele></trkpt>
      <trkpt lat="46.43889880228545" lon="6.978302553290812">
      <ele>1685.6</ele></trkpt>
      <trkpt lat="46.43888669777548" lon="6.978239156114381">
      <ele>1686.8</ele></trkpt>
      <trkpt lat="46.43887488261841" lon="6.978156173048746">
      <ele>1688.0</ele></trkpt>
      <trkpt lat="46.43887181031962" lon="6.97810843109468">
      <ele>1689.2</ele></trkpt>
      <trkpt lat="46.43887294033071" lon="6.978085402804024">
      <ele>1689.8</ele></trkpt>
      <trkpt lat="46.438855142082325" lon="6.978062092772955">
      <ele>1690.4</ele></trkpt>
      <trkpt lat="46.4388286930315" lon="6.97803512167812">
      <ele>1691.0</ele></trkpt>
      <trkpt lat="46.43881752937085" lon="6.97800410415206">
      <ele>1691.6</ele></trkpt>
      <trkpt lat="46.438762879053264" lon="6.977970606177067">
      <ele>1692.2</ele></trkpt>
      <trkpt lat="46.43874867666393" lon="6.97794448108014">
      <ele>1692.8</ele></trkpt>
      <trkpt lat="46.43869160728383" lon="6.977917835166187">
      <ele>1693.4</ele></trkpt>
      <trkpt lat="46.438654186172535" lon="6.977902642364556">
      <ele>1694.0</ele></trkpt>
      <trkpt lat="46.43856217406497" lon="6.977868577050084">
      <ele>1694.6</ele></trkpt>
      <trkpt lat="46.438513812609806" lon="6.9778729694764525">
      <ele>1695.2</ele></trkpt>
      <trkpt lat="46.438483721036874" lon="6.977852847956708">
      <ele>1695.7</ele></trkpt>
      <trkpt lat="46.43846780703697" lon="6.977854947944996">
      <ele>1696.3</ele></trkpt>
      <trkpt lat="46.43844830194194" lon="6.977876557640036">
      <ele>1696.9</ele></trkpt>
      <trkpt lat="46.43842383907881" lon="6.977884598701255">
      <ele>1697.5</ele></trkpt>
      <trkpt lat="46.4384134906261" lon="6.9778992992316455">
      <ele>1698.1</ele></trkpt>
      <trkpt lat="46.438398796101104" lon="6.977900425948878">
      <ele>1698.7</ele></trkpt>
      <trkpt lat="46.43837191017852" lon="6.977914330021197">
      <ele>1699.3</ele></trkpt>
      <trkpt lat="46.438368971282735" lon="6.977941602409643">
      <ele>1699.9</ele></trkpt>
      <trkpt lat="46.43838199657193" lon="6.977981361036871">
      <ele>1700.5</ele></trkpt>
      <trkpt lat="46.43837666061239" lon="6.978016474077465">
      <ele>1701.1</ele></trkpt>
      <trkpt lat="46.43840794159866" lon="6.978123571806287">
      <ele>1701.7</ele></trkpt>
      <trkpt lat="46.438414511682325" lon="6.978244125719552">
      <ele>1702.3</ele></trkpt>
      <trkpt lat="46.438433521881805" lon="6.978326734766325">
      <ele>1702.9</ele></trkpt>
      <trkpt lat="46.43844774094197" lon="6.9783836204254905">
      <ele>1703.4</ele></trkpt>
      <trkpt lat="46.4384491510356" lon="6.97841857214987">
      <ele>1704.0</ele></trkpt>
      <trkpt lat="46.4384569133182" lon="6.97845159624803">
      <ele>1704.6</ele></trkpt>
      <trkpt lat="46.43847863972604" lon="6.978480845506665">
      <ele>1705.2</ele></trkpt>
      <trkpt lat="46.438509392428486" lon="6.978537604060613">
      <ele>1705.8</ele></trkpt>
      <trkpt lat="46.43853132308614" lon="6.978612823695965">
      <ele>1706.4</ele></trkpt>
      <trkpt lat="46.43855195247664" lon="6.978684384985517">
      <ele>1706.9</ele></trkpt>
      <trkpt lat="46.438571134617895" lon="6.9787118082237125">
      <ele>1707.5</ele></trkpt>
      <trkpt lat="46.438592957729355" lon="6.978764947224559">
      <ele>1708.1</ele></trkpt>
      <trkpt lat="46.43860932728802" lon="6.978802023379025">
      <ele>1708.7</ele></trkpt>
      <trkpt lat="46.43862827138834" lon="6.978870632340002">
      <ele>1709.3</ele></trkpt>
      <trkpt lat="46.43865691552767" lon="6.9789598876208645">
      <ele>1709.9</ele></trkpt>
      <trkpt lat="46.43866439715256" lon="6.979019172950131">
      <ele>1710.5</ele></trkpt>
      <trkpt lat="46.43868265700871" lon="6.979069896048684">
      <ele>1711.0</ele></trkpt>
      <trkpt lat="46.43870297683676" lon="6.979176176946174">
      <ele>1711.6</ele></trkpt>
      <trkpt lat="46.43873453993688" lon="6.9792465530713415">
      <ele>1712.2</ele></trkpt>
      <trkpt lat="46.43878772425225" lon="6.979315796346921">
      <ele>1712.8</ele></trkpt>
      <trkpt lat="46.43880517863093" lon="6.979360905186095">
      <ele>1713.5</ele></trkpt>
      <trkpt lat="46.43882440518967" lon="6.979399349792872">
      <ele>1714.1</ele></trkpt>
      <trkpt lat="46.43885629190639" lon="6.979422996435812">
      <ele>1714.8</ele></trkpt>
      <trkpt lat="46.43888437633645" lon="6.979454040229822">
      <ele>1715.5</ele></trkpt>
      <trkpt lat="46.43891745693777" lon="6.97945926445725">
      <ele>1716.2</ele></trkpt>
      <trkpt lat="46.43894177652577" lon="6.979495844359888">
      <ele>1716.8</ele></trkpt>
      <trkpt lat="46.43895975546391" lon="6.979541664621605">
      <ele>1717.5</ele></trkpt>
      <trkpt lat="46.438987909886336" lon="6.9795855771011635">
      <ele>1718.2</ele></trkpt>
      <trkpt lat="46.43900375075643" lon="6.9796121052713085">
      <ele>1718.8</ele></trkpt>
      <trkpt lat="46.439027252809645" lon="6.979620039127311">
      <ele>1719.5</ele></trkpt>
      <trkpt lat="46.43904261307123" lon="6.979656747015444">
      <ele>1720.2</ele></trkpt>
      <trkpt lat="46.43905576495758" lon="6.979699042872462">
      <ele>1720.8</ele></trkpt>
      <trkpt lat="46.439096831396114" lon="6.979737055821483">
      <ele>1721.5</ele></trkpt>
      <trkpt lat="46.43911979347557" lon="6.979771643551741">
      <ele>1722.2</ele></trkpt>
      <trkpt lat="46.439125677339774" lon="6.9798207673678165">
      <ele>1722.8</ele></trkpt>
      <trkpt lat="46.43914292870003" lon="6.979851304556418">
      <ele>1723.5</ele></trkpt>
      <trkpt lat="46.43916902466044" lon="6.979875599133644">
      <ele>1724.2</ele></trkpt>
      <trkpt lat="46.439190747252674" lon="6.979917354235234">
      <ele>1724.9</ele></trkpt>
      <trkpt lat="46.43919169448815" lon="6.979984815215328">
      <ele>1725.5</ele></trkpt>
      <trkpt lat="46.439200761889715" lon="6.980027041692855">
      <ele>1726.2</ele></trkpt>
      <trkpt lat="46.43922010710268" lon="6.9800949197420055">
      <ele>1726.7</ele></trkpt>
      <trkpt lat="46.43923684723271" lon="6.980148128907308">
      <ele>1727.2</ele></trkpt>
      <trkpt lat="46.43925616581008" lon="6.980204972791068">
      <ele>1727.8</ele></trkpt>
      <trkpt lat="46.43927665303613" lon="6.9802415726203435">
      <ele>1728.3</ele></trkpt>
      <trkpt lat="46.439284494991654" lon="6.9802966917979985">
      <ele>1728.8</ele></trkpt>
      <trkpt lat="46.439283337991846" lon="6.98032428778089">
      <ele>1729.4</ele></trkpt>
      <trkpt lat="46.43928220325541" lon="6.98035740081621">
      <ele>1729.9</ele></trkpt>
      <trkpt lat="46.43930532532508" lon="6.980416073467397">
      <ele>1730.4</ele></trkpt>
      <trkpt lat="46.43931441642249" lon="6.980461982404804">
      <ele>1730.9</ele></trkpt>
      <trkpt lat="46.43934125595756" lon="6.980496693986115">
      <ele>1731.5</ele></trkpt>
      <trkpt lat="46.439341382076194" lon="6.980527948649443">
      <ele>1732.0</ele></trkpt>
      <trkpt lat="46.43932620740518" lon="6.980548311014943">
      <ele>1732.5</ele></trkpt>
      <trkpt lat="46.43931423802398" lon="6.980560448514773">
      <ele>1733.0</ele></trkpt>
      <trkpt lat="46.43933782617551" lon="6.98059419865263">
      <ele>1733.5</ele></trkpt>
      <trkpt lat="46.43934308246048" lon="6.980632788024809">
      <ele>1734.1</ele></trkpt>
      <trkpt lat="46.43933450331323" lon="6.980713771391049">
      <ele>1734.6</ele></trkpt>
      <trkpt lat="46.43933103789635" lon="6.980800254850331">
      <ele>1735.1</ele></trkpt>
      <trkpt lat="46.43932096786299" lon="6.980826091307805">
      <ele>1735.7</ele></trkpt>
      <trkpt lat="46.43928302729368" lon="6.980876066620276">
      <ele>1736.2</ele></trkpt>
      <trkpt lat="46.43927424039796" lon="6.980905561701039">
      <ele>1736.7</ele></trkpt>
      <trkpt lat="46.43925671271588" lon="6.9809737641925595">
      <ele>1736.8</ele></trkpt>
      <trkpt lat="46.43925688328446" lon="6.981016078934698">
      <ele>1736.8</ele></trkpt>
      <trkpt lat="46.439265981428804" lon="6.981063796587964">
      <ele>1736.9</ele></trkpt>
      <trkpt lat="46.4392635617788" lon="6.98109509870097">
      <ele>1737.0</ele></trkpt>
      <trkpt lat="46.43926623350252" lon="6.9811263448665235">
      <ele>1737.0</ele></trkpt>
      <trkpt lat="46.43928290640557" lon="6.981162990221592">
      <ele>1737.1</ele></trkpt>
      <trkpt lat="46.43929990686306" lon="6.981278708984743">
      <ele>1737.2</ele></trkpt>
      <trkpt lat="46.439301479012755" lon="6.981354115406403">
      <ele>1737.3</ele></trkpt>
      <trkpt lat="46.43930687996777" lon="6.981433159055124">
      <ele>1737.3</ele></trkpt>
      <trkpt lat="46.43931861261822" lon="6.98150294962737">
      <ele>1737.4</ele></trkpt>
      <trkpt lat="46.43932653536711" lon="6.9815782895703125">
      <ele>1737.5</ele></trkpt>
      <trkpt lat="46.43932827326179" lon="6.981690454591606">
      <ele>1737.5</ele></trkpt>
      <trkpt lat="46.439322504016424" lon="6.981839494825288">
      <ele>1737.6</ele></trkpt>
      <trkpt lat="46.43932265939524" lon="6.981878114233455">
      <ele>1737.7</ele></trkpt>
      <trkpt lat="46.439325412246646" lon="6.9819295810119115">
      <ele>1737.8</ele></trkpt>
      <trkpt lat="46.43933698769114" lon="6.9819626000669">
      <ele>1737.8</ele></trkpt>
      <trkpt lat="46.43936652786245" lon="6.982035923431394">
      <ele>1737.9</ele></trkpt>
      <trkpt lat="46.439387223162115" lon="6.982122177535619">
      <ele>1738.0</ele></trkpt>
      <trkpt lat="46.43939628820212" lon="6.982166252295093">
      <ele>1738.0</ele></trkpt>
      <trkpt lat="46.43940284186968" lon="6.982212182942693">
      <ele>1738.1</ele></trkpt>
      <trkpt lat="46.43944373373593" lon="6.98226516375802">
      <ele>1738.4</ele></trkpt>
      <trkpt lat="46.43947313491178" lon="6.982301715538385">
      <ele>1738.6</ele></trkpt>
      <trkpt lat="46.43950266006527" lon="6.982371356883031">
      <ele>1738.9</ele></trkpt>
      <trkpt lat="46.43951684755679" lon="6.982420892956558">
      <ele>1739.2</ele></trkpt>
      <trkpt lat="46.43952848773752" lon="6.9824722982362335">
      <ele>1739.4</ele></trkpt>
      <trkpt lat="46.43955102047991" lon="6.982543533990343">
      <ele>1739.7</ele></trkpt>
      <trkpt lat="46.43955446622738" lon="6.982606329015435">
      <ele>1740.0</ele></trkpt>
      <trkpt lat="46.439549590695606" lon="6.98265788618314">
      <ele>1740.3</ele></trkpt>
      <trkpt lat="46.43955235635358" lon="6.982714870374196">
      <ele>1740.5</ele></trkpt>
      <trkpt lat="46.43955031440259" lon="6.982838115192606">
      <ele>1740.8</ele></trkpt>
      <trkpt lat="46.43954565701012" lon="6.982948525692571">
      <ele>1741.1</ele></trkpt>
      <trkpt lat="46.43953194207527" lon="6.983016669812759">
      <ele>1741.3</ele></trkpt>
      <trkpt lat="46.439501962482794" lon="6.983147527152955">
      <ele>1741.6</ele></trkpt>
      <trkpt lat="46.43948567385553" lon="6.983206506009798">
      <ele>1741.9</ele></trkpt>
      <trkpt lat="46.43949479014376" lon="6.983263462883429">
      <ele>1742.2</ele></trkpt>
      <trkpt lat="46.439515381242714" lon="6.983323966956248">
      <ele>1742.4</ele></trkpt>
      <trkpt lat="46.43952959790312" lon="6.983380881083921">
      <ele>1742.7</ele></trkpt>
      <trkpt lat="46.43953230419257" lon="6.983423148739455">
      <ele>1743.0</ele></trkpt>
      <trkpt lat="46.43953383063065" lon="6.983487508373696">
      <ele>1743.2</ele></trkpt>
      <trkpt lat="46.43954800292625" lon="6.983533375387705">
      <ele>1743.5</ele></trkpt>
      <trkpt lat="46.43955330238696" lon="6.983582986347349">
      <ele>1743.8</ele></trkpt>
      <trkpt lat="46.43955358253533" lon="6.9836528867419645">
      <ele>1744.0</ele></trkpt>
      <trkpt lat="46.43955754968066" lon="6.983693296092172">
      <ele>1744.3</ele></trkpt>
      <trkpt lat="46.43954379024561" lon="6.983750444911909">
      <ele>1744.6</ele></trkpt>
      <trkpt lat="46.439544018632745" lon="6.983807450417935">
      <ele>1744.8</ele></trkpt>
      <trkpt lat="46.4395454359999" lon="6.983842389902537">
      <ele>1745.1</ele></trkpt>
      <trkpt lat="46.439551956196595" lon="6.983884625625552">
      <ele>1745.4</ele></trkpt>
      <trkpt lat="46.43955215512459" lon="6.9839342923800904">
      <ele>1745.6</ele></trkpt>
      <trkpt lat="46.439563796216234" lon="6.983983850240117">
      <ele>1745.9</ele></trkpt>
      <trkpt lat="46.43958428392495" lon="6.98401862994951">
      <ele>1746.2</ele></trkpt>
      <trkpt lat="46.43960225374379" lon="6.984062630573143">
      <ele>1746.4</ele></trkpt>
      <trkpt lat="46.43963683976937" lon="6.984124865594755">
      <ele>1746.7</ele></trkpt>
      <trkpt lat="46.439661178287594" lon="6.98416879993707">
      <ele>1746.9</ele></trkpt>
      <trkpt lat="46.43967284880648" lon="6.984225735760252">
      <ele>1747.2</ele></trkpt>
      <trkpt lat="46.439670509157686" lon="6.984277245627776">
      <ele>1747.5</ele></trkpt>
      <trkpt lat="46.439662656881616" lon="6.984349439395583">
      <ele>1747.7</ele></trkpt>
      <trkpt lat="46.43964755358677" lon="6.984378817834859">
      <ele>1748.0</ele></trkpt>
      <trkpt lat="46.43961606944187" lon="6.984379081434572">
      <ele>1748.3</ele></trkpt>
      <trkpt lat="46.43959318719225" lon="6.984409058474772">
      <ele>1748.5</ele></trkpt>
      <trkpt lat="46.43957992298766" lon="6.98442144024284">
      <ele>1748.8</ele></trkpt>
      <trkpt lat="46.43955937436684" lon="6.9844321132960525">
      <ele>1748.9</ele></trkpt>
      <trkpt lat="46.439519607672686" lon="6.984477989655773">
      <ele>1749.0</ele></trkpt>
      <trkpt lat="46.43947981132551" lon="6.984538947574759">
      <ele>1749.1</ele></trkpt>
      <trkpt lat="46.4394644773038" lon="6.984578126131631">
      <ele>1749.2</ele></trkpt>
      <trkpt lat="46.439458951335794" lon="6.984613475020661">
      <ele>1749.3</ele></trkpt>
      <trkpt lat="46.439434067000924" lon="6.984648959857875">
      <ele>1749.5</ele></trkpt>
      <trkpt lat="46.43939784518349" lon="6.984681494622376">
      <ele>1749.6</ele></trkpt>
      <trkpt lat="46.43938915315451" lon="6.9847507151558155">
      <ele>1749.7</ele></trkpt>
      <trkpt lat="46.43937412046429" lon="6.984775278163106">
      <ele>1749.8</ele></trkpt>
      <trkpt lat="46.43933885847886" lon="6.984811643428222">
      <ele>1749.9</ele></trkpt>
      <trkpt lat="46.43931207614182" lon="6.984847169994644">
      <ele>1750.0</ele></trkpt>
      <trkpt lat="46.43929902956479" lon="6.984882503577873">
      <ele>1750.1</ele></trkpt>
      <trkpt lat="46.43925872556184" lon="6.984962801551311">
      <ele>1750.2</ele></trkpt>
      <trkpt lat="46.43923278933071" lon="6.98497595269281">
      <ele>1750.3</ele></trkpt>
      <trkpt lat="46.43922570489623" lon="6.984999525235138">
      <ele>1750.5</ele></trkpt>
      <trkpt lat="46.439223051168604" lon="6.9850220457654">
      <ele>1750.6</ele></trkpt>
      <trkpt lat="46.4392061447625" lon="6.985045973669256">
      <ele>1750.7</ele></trkpt>
      <trkpt lat="46.4391821619831" lon="6.985070728441823">
      <ele>1750.8</ele></trkpt>
      <trkpt lat="46.43916126838739" lon="6.985132425396089">
      <ele>1750.9</ele></trkpt>
      <trkpt lat="46.43913896325367" lon="6.985192078152159">
      <ele>1751.0</ele></trkpt>
      <trkpt lat="46.4391110675021" lon="6.985243918136361">
      <ele>1750.8</ele></trkpt>
      <trkpt lat="46.439099628207785" lon="6.985305574985827">
      <ele>1750.7</ele></trkpt>
      <trkpt lat="46.43905624812031" lon="6.985401838116206">
      <ele>1750.5</ele></trkpt>
      <trkpt lat="46.43903923485081" lon="6.985457607816766">
      <ele>1750.4</ele></trkpt>
      <trkpt lat="46.43901500847696" lon="6.985504745509925">
      <ele>1750.2</ele></trkpt>
      <trkpt lat="46.438992861827465" lon="6.985527519802336">
      <ele>1750.1</ele></trkpt>
      <trkpt lat="46.43896990788807" lon="6.9855756747688496">
      <ele>1749.9</ele></trkpt>
      <trkpt lat="46.43893790172544" lon="6.985650268144088">
      <ele>1749.8</ele></trkpt>
      <trkpt lat="46.43889701435405" lon="6.985706236942205">
      <ele>1749.6</ele></trkpt>
      <trkpt lat="46.43886436645455" lon="6.985789111291305">
      <ele>1749.5</ele></trkpt>
      <trkpt lat="46.43883925891963" lon="6.985854434151819">
      <ele>1749.3</ele></trkpt>
      <trkpt lat="46.4388189349377" lon="6.98588537772034">
      <ele>1749.1</ele></trkpt>
      <trkpt lat="46.43878394142844" lon="6.98595080898779">
      <ele>1749.0</ele></trkpt>
      <trkpt lat="46.438748405724645" lon="6.986020148362297">
      <ele>1748.8</ele></trkpt>
      <trkpt lat="46.43872740222273" lon="6.986070199429685">
      <ele>1748.7</ele></trkpt>
      <trkpt lat="46.438687882876" lon="6.98613767209286">
      <ele>1748.5</ele></trkpt>
      <trkpt lat="46.438657501516985" lon="6.986168608254502">
      <ele>1748.4</ele></trkpt>
      <trkpt lat="46.43861274628268" lon="6.98624955300244">
      <ele>1748.2</ele></trkpt>
      <trkpt lat="46.43857733130765" lon="6.986351499497149">
      <ele>1748.1</ele></trkpt>
      <trkpt lat="46.43855508806782" lon="6.986424592173287">
      <ele>1747.9</ele></trkpt>
      <trkpt lat="46.43853017434845" lon="6.986495755216407">
      <ele>1748.4</ele></trkpt>
      <trkpt lat="46.43850785321327" lon="6.986551568255121">
      <ele>1748.9</ele></trkpt>
      <trkpt lat="46.43847508233645" lon="6.986610487128405">
      <ele>1749.3</ele></trkpt>
      <trkpt lat="46.43845386494842" lon="6.986706303253915">
      <ele>1749.8</ele></trkpt>
      <trkpt lat="46.438413822369384" lon="6.986807402858841">
      <ele>1750.3</ele></trkpt>
      <trkpt lat="46.438421342202254" lon="6.986904449912115">
      <ele>1750.8</ele></trkpt>
      <trkpt lat="46.43841021696786" lon="6.987000051697687">
      <ele>1751.3</ele></trkpt>
      <trkpt lat="46.4383522511824" lon="6.9871319697584235">
      <ele>1751.7</ele></trkpt>
      <trkpt lat="46.43834373309716" lon="6.987177439966867">
      <ele>1752.2</ele></trkpt>
      <trkpt lat="46.43835008803968" lon="6.987246299343105">
      <ele>1752.7</ele></trkpt>
      <trkpt lat="46.43834780232942" lon="6.987343401874707">
      <ele>1753.2</ele></trkpt>
      <trkpt lat="46.4383563174631" lon="6.987442015071924">
      <ele>1753.7</ele></trkpt>
      <trkpt lat="46.438322873184134" lon="6.987553442765271">
      <ele>1754.1</ele></trkpt>
      <trkpt lat="46.43830190436151" lon="6.987616921061171">
      <ele>1754.6</ele></trkpt>
      <trkpt lat="46.438284844261915" lon="6.987661173948998">
      <ele>1755.1</ele></trkpt>
      <trkpt lat="46.43831312233139" lon="6.98780949831864">
      <ele>1755.6</ele></trkpt>
      <trkpt lat="46.43830824000555" lon="6.987855406615552">
      <ele>1756.1</ele></trkpt>
      <trkpt lat="46.43835582372427" lon="6.987985848280975">
      <ele>1756.5</ele></trkpt>
      <trkpt lat="46.43826370635233" lon="6.987931285889341">
      <ele>1757.0</ele></trkpt>
      <trkpt lat="46.43820471984988" lon="6.9877633212675745">
      <ele>1757.5</ele></trkpt>
      <trkpt lat="46.43819760354034" lon="6.987769951511202">
      <ele>1760.1</ele></trkpt>
      <trkpt lat="46.43824482085052" lon="6.988034680819882">
      <ele>1762.6</ele></trkpt>
      <trkpt lat="46.43825132808958" lon="6.988114846424024">
      <ele>1765.2</ele></trkpt>
      <trkpt lat="46.4382955017515" lon="6.988174907911547">
      <ele>1767.7</ele></trkpt>
      <trkpt lat="46.43832880044735" lon="6.988305507423957">
      <ele>1770.3</ele></trkpt>
      <trkpt lat="46.438360210268144" lon="6.988393104654012">
      <ele>1772.8</ele></trkpt>
      <trkpt lat="46.438379229521644" lon="6.988423148000298">
      <ele>1775.4</ele></trkpt>
      <trkpt lat="46.43838860622358" lon="6.988448886281984">
      <ele>1777.9</ele></trkpt>
      <trkpt lat="46.43837923622434" lon="6.988515586175268">
      <ele>1780.5</ele></trkpt>
      <trkpt lat="46.438373696034965" lon="6.9885590015891195">
      <ele>1783.0</ele></trkpt>
      <trkpt lat="46.43836917311202" lon="6.9885889930443525">
      <ele>1785.6</ele></trkpt>
      <trkpt lat="46.43837291627412" lon="6.988632344459754">
      <ele>1788.2</ele></trkpt>
      <trkpt lat="46.43834283732683" lon="6.9886103822252315">
      <ele>1790.7</ele></trkpt>
      <trkpt lat="46.43833206847824" lon="6.9885965355569075">
      <ele>1793.3</ele></trkpt>
      <trkpt lat="46.43830953476693" lon="6.988585362880949">
      <ele>1795.8</ele></trkpt>
      <trkpt lat="46.43831578002514" lon="6.98862222647119">
      <ele>1798.4</ele></trkpt>
      <trkpt lat="46.43831352247881" lon="6.988654098870991">
      <ele>1800.9</ele></trkpt>
      <trkpt lat="46.43832739093772" lon="6.988698732553842">
      <ele>1803.5</ele></trkpt>
      <trkpt lat="46.43834180319546" lon="6.9887330431319645">
      <ele>1806.0</ele></trkpt>
      <trkpt lat="46.43836221818945" lon="6.988779353193346">
      <ele>1808.6</ele></trkpt>
      <trkpt lat="46.43838626576571" lon="6.988841130632595">
      <ele>1809.5</ele></trkpt>
      <trkpt lat="46.43838045955909" lon="6.988876467685017">
      <ele>1810.3</ele></trkpt>
      <trkpt lat="46.438380612956465" lon="6.9889151905368925">
      <ele>1811.2</ele></trkpt>
      <trkpt lat="46.43839266740309" lon="6.988953827765931">
      <ele>1812.1</ele></trkpt>
      <trkpt lat="46.4383981526731" lon="6.988987353631696">
      <ele>1813.0</ele></trkpt>
      <trkpt lat="46.438394113869066" lon="6.98901922781256">
      <ele>1813.8</ele></trkpt>
      <trkpt lat="46.43837815704111" lon="6.989046906737617">
      <ele>1814.7</ele></trkpt>
      <trkpt lat="46.43835915108446" lon="6.989056524045767">
      <ele>1815.6</ele></trkpt>
      <trkpt lat="46.43834497754548" lon="6.989082470565367">
      <ele>1816.5</ele></trkpt>
      <trkpt lat="46.43834864756753" lon="6.989107397423326">
      <ele>1817.3</ele></trkpt>
      <trkpt lat="46.438336265321034" lon="6.989135905485558">
      <ele>1818.2</ele></trkpt>
      <trkpt lat="46.43833335937548" lon="6.989154003404083">
      <ele>1819.1</ele></trkpt>
      <trkpt lat="46.43832149921549" lon="6.989164420270613">
      <ele>1820.0</ele></trkpt>
      <trkpt lat="46.43832529531442" lon="6.989221199760074">
      <ele>1820.8</ele></trkpt>
      <trkpt lat="46.43833192021495" lon="6.989242666942858">
      <ele>1821.7</ele></trkpt>
      <trkpt lat="46.438339137559055" lon="6.989261539810694">
      <ele>1822.6</ele></trkpt>
      <trkpt lat="46.438340539561175" lon="6.989315749737489">
      <ele>1823.5</ele></trkpt>
      <trkpt lat="46.438360295890355" lon="6.989345709218053">
      <ele>1824.3</ele></trkpt>
      <trkpt lat="46.43836870406974" lon="6.989365444061779">
      <ele>1825.2</ele></trkpt>
      <trkpt lat="46.43835688137448" lon="6.989385333410703">
      <ele>1826.1</ele></trkpt>
      <trkpt lat="46.43833125396736" lon="6.98937435517663">
      <ele>1827.1</ele></trkpt>
      <trkpt lat="46.43830564360264" lon="6.9893676838234775">
      <ele>1828.1</ele></trkpt>
      <trkpt lat="46.43830338919369" lon="6.9894004019464075">
      <ele>1829.1</ele></trkpt>
      <trkpt lat="46.438316532131374" lon="6.989414072964546">
      <ele>1830.1</ele></trkpt>
      <trkpt lat="46.4383238073132" lon="6.989447570998255">
      <ele>1831.1</ele></trkpt>
      <trkpt lat="46.43832221009216" lon="6.9894940635272995">
      <ele>1832.2</ele></trkpt>
      <trkpt lat="46.438330082400306" lon="6.9895284284448085">
      <ele>1833.2</ele></trkpt>
      <trkpt lat="46.438334376701214" lon="6.9895611053856">
      <ele>1834.2</ele></trkpt>
      <trkpt lat="46.43834402324805" lon="6.989593725023491">
      <ele>1835.2</ele></trkpt>
      <trkpt lat="46.438356599685044" lon="6.989614284204603">
      <ele>1836.2</ele></trkpt>
      <trkpt lat="46.438373497557414" lon="6.989674390550885">
      <ele>1837.2</ele></trkpt>
      <trkpt lat="46.4383334968582" lon="6.989641150256747">
      <ele>1838.2</ele></trkpt>
      <trkpt lat="46.4383443534157" lon="6.989677208109888">
      <ele>1839.2</ele></trkpt>
      <trkpt lat="46.438358216610695" lon="6.989700137883584">
      <ele>1840.2</ele></trkpt>
      <trkpt lat="46.43835653552925" lon="6.989711797651043">
      <ele>1841.2</ele></trkpt>
      <trkpt lat="46.438340009848595" lon="6.989693483186613">
      <ele>1842.3</ele></trkpt>
      <trkpt lat="46.438328663696105" lon="6.98967238031627">
      <ele>1843.3</ele></trkpt>
      <trkpt lat="46.438305176348365" lon="6.989645236203533">
      <ele>1844.3</ele></trkpt>
      <trkpt lat="46.43828429141345" lon="6.98961876021958">
      <ele>1845.3</ele></trkpt>
      <trkpt lat="46.438272078953986" lon="6.989596974914103">
      <ele>1846.3</ele></trkpt>
      <trkpt lat="46.43826157276566" lon="6.989567628473271">
      <ele>1847.0</ele></trkpt>
      <trkpt lat="46.438255042880904" lon="6.989558795249108">
      <ele>1847.7</ele></trkpt>
      <trkpt lat="46.43825073964217" lon="6.98956706752937">
      <ele>1848.4</ele></trkpt>
      <trkpt lat="46.43825694153842" lon="6.989599871771324">
      <ele>1849.0</ele></trkpt>
      <trkpt lat="46.438270204461595" lon="6.989668908365593">
      <ele>1849.7</ele></trkpt>
      <trkpt lat="46.43828038801237" lon="6.989723592084999">
      <ele>1850.4</ele></trkpt>
      <trkpt lat="46.4382792010144" lon="6.989751005416204">
      <ele>1851.1</ele></trkpt>
      <trkpt lat="46.438268012755906" lon="6.989767558298895">
      <ele>1851.8</ele></trkpt>
      <trkpt lat="46.43824494908483" lon="6.989738354757656">
      <ele>1852.5</ele></trkpt>
      <trkpt lat="46.438224939029915" lon="6.989694253145101">
      <ele>1853.2</ele></trkpt>
      <trkpt lat="46.43819751842951" lon="6.989637005612653">
      <ele>1853.8</ele></trkpt>
      <trkpt lat="46.43817788957387" lon="6.989568750483641">
      <ele>1854.5</ele></trkpt>
      <trkpt lat="46.438160560211195" lon="6.989497366480592">
      <ele>1855.2</ele></trkpt>
      <trkpt lat="46.438132580709194" lon="6.989414841273794">
      <ele>1855.9</ele></trkpt>
      <trkpt lat="46.43811735645508" lon="6.98935941877472">
      <ele>1856.6</ele></trkpt>
      <trkpt lat="46.438119190780505" lon="6.989318298440313">
      <ele>1857.3</ele></trkpt>
      <trkpt lat="46.4381124432713" lon="6.989265850600749">
      <ele>1857.9</ele></trkpt>
      <trkpt lat="46.43810078849224" lon="6.989178167697348">
      <ele>1858.6</ele></trkpt>
      <trkpt lat="46.43809037210597" lon="6.989103369530393">
      <ele>1859.3</ele></trkpt>
      <trkpt lat="46.43806754492762" lon="6.9890476067856016">
      <ele>1860.0</ele></trkpt>
      <trkpt lat="46.43806807045677" lon="6.989030387471432">
      <ele>1860.9</ele></trkpt>
      <trkpt lat="46.43804399917339" lon="6.9889625989373165">
      <ele>1861.8</ele></trkpt>
      <trkpt lat="46.43802416089471" lon="6.9889119773095585">
      <ele>1862.7</ele></trkpt>
      <trkpt lat="46.438013824983706" lon="6.988855265380773">
      <ele>1863.6</ele></trkpt>
      <trkpt lat="46.43799877939165" lon="6.988813218060626">
      <ele>1864.5</ele></trkpt>
      <trkpt lat="46.438002173238885" lon="6.988768428480314">
      <ele>1865.5</ele></trkpt>
      <trkpt lat="46.43799129592189" lon="6.988727205424368">
      <ele>1866.4</ele></trkpt>
      <trkpt lat="46.43800486084983" lon="6.988695252461116">
      <ele>1867.3</ele></trkpt>
      <trkpt lat="46.4380065020961" lon="6.988659950174661">
      <ele>1868.2</ele></trkpt>
      <trkpt lat="46.43800039234036" lon="6.988618687594472">
      <ele>1869.1</ele></trkpt>
      <trkpt lat="46.43798286605926" lon="6.988549973225975">
      <ele>1870.0</ele></trkpt>
      <trkpt lat="46.43797082174131" lon="6.988513925689396">
      <ele>1870.9</ele></trkpt>
      <trkpt lat="46.437963512129464" lon="6.988471814312703">
      <ele>1871.8</ele></trkpt>
      <trkpt lat="46.43794122156453" lon="6.988403998365961">
      <ele>1872.7</ele></trkpt>
      <trkpt lat="46.4379375398966" lon="6.988373906061339">
      <ele>1873.7</ele></trkpt>
      <trkpt lat="46.43793142104143" lon="6.988332643640474">
      <ele>1874.6</ele></trkpt>
      <trkpt lat="46.437931291290774" lon="6.988299932471282">
      <ele>1875.5</ele></trkpt>
      <trkpt lat="46.43792163755879" lon="6.988265595780433">
      <ele>1876.4</ele></trkpt>
      <trkpt lat="46.437912369163136" lon="6.988178739363669">
      <ele>1877.3</ele></trkpt>
      <trkpt lat="46.43790192139495" lon="6.988096199749226">
      <ele>1878.2</ele></trkpt>
      <trkpt lat="46.437894730956465" lon="6.988063755424086">
      <ele>1879.8</ele></trkpt>
      <trkpt lat="46.4378944686051" lon="6.987997656528666">
      <ele>1881.5</ele></trkpt>
      <trkpt lat="46.43789396569187" lon="6.987870975655245">
      <ele>1883.1</ele></trkpt>
      <trkpt lat="46.437897552025255" lon="6.987815852953678">
      <ele>1884.7</ele></trkpt>
      <trkpt lat="46.43788790357246" lon="6.987782882587485">
      <ele>1886.3</ele></trkpt>
      <trkpt lat="46.43786492382002" lon="6.987750023016635">
      <ele>1888.0</ele></trkpt>
      <trkpt lat="46.4378572062092" lon="6.98772529926402">
      <ele>1889.6</ele></trkpt>
      <trkpt lat="46.43787413477076" lon="6.987672837255316">
      <ele>1891.2</ele></trkpt>
      <trkpt lat="46.437885416777824" lon="6.98763693440449">
      <ele>1892.9</ele></trkpt>
      <trkpt lat="46.43788713783093" lon="6.987590102846985">
      <ele>1894.5</ele></trkpt>
      <trkpt lat="46.437875385291306" lon="6.987507574229375">
      <ele>1896.1</ele></trkpt>
      <trkpt lat="46.43787513352721" lon="6.9874442208054255">
      <ele>1897.8</ele></trkpt>
      <trkpt lat="46.43786540837497" lon="6.987391980360095">
      <ele>1899.4</ele></trkpt>
      <trkpt lat="46.43784236282262" lon="6.987342596261371">
      <ele>1901.0</ele></trkpt>
      <trkpt lat="46.43782124814068" lon="6.987301458766059">
      <ele>1902.7</ele></trkpt>
      <trkpt lat="46.43782094152531" lon="6.987224339159834">
      <ele>1904.3</ele></trkpt>
      <trkpt lat="46.43781679691438" lon="6.987138988867545">
      <ele>1905.9</ele></trkpt>
      <trkpt lat="46.43780760515649" lon="6.987064831880755">
      <ele>1907.5</ele></trkpt>
      <trkpt lat="46.4378175936404" lon="6.987018139748244">
      <ele>1909.2</ele></trkpt>
      <trkpt lat="46.43782199313397" lon="6.986846448744644">
      <ele>1910.8</ele></trkpt>
      <trkpt lat="46.4378131193052" lon="6.986745991890702">
      <ele>1913.2</ele></trkpt>
      <trkpt lat="46.43777701734252" lon="6.986621221266103">
      <ele>1915.6</ele></trkpt>
      <trkpt lat="46.43775622937152" lon="6.986508580488175">
      <ele>1918.0</ele></trkpt>
      <trkpt lat="46.43775773425324" lon="6.986459538765709">
      <ele>1920.4</ele></trkpt>
      <trkpt lat="46.43778282333649" lon="6.986375948800044">
      <ele>1922.8</ele></trkpt>
      <trkpt lat="46.43779947696258" lon="6.986299793874851">
      <ele>1925.2</ele></trkpt>
      <trkpt lat="46.437786859442745" lon="6.986111068944291">
      <ele>1927.6</ele></trkpt>
      <trkpt lat="46.437789928216326" lon="6.986030134738941">
      <ele>1930.0</ele></trkpt>
      <trkpt lat="46.43778460127986" lon="6.985968853628325">
      <ele>1932.4</ele></trkpt>
      <trkpt lat="46.43779264477109" lon="6.985860891018663">
      <ele>1934.8</ele></trkpt>
      <trkpt lat="46.437797287108864" lon="6.985750510508813">
      <ele>1937.2</ele></trkpt>
      <trkpt lat="46.43781539664153" lon="6.985615489911872">
      <ele>1939.6</ele></trkpt>
      <trkpt lat="46.437811506165644" lon="6.985490437992271">
      <ele>1942.0</ele></trkpt>
      <trkpt lat="46.437799250432775" lon="6.985394915145451">
      <ele>1944.4</ele></trkpt>
      <trkpt lat="46.437778412299046" lon="6.9852700178992375">
      <ele>1946.8</ele></trkpt>
      <trkpt lat="46.43774877791662" lon="6.985066744978192">
      <ele>1949.2</ele></trkpt>
      <trkpt lat="46.437746841752535" lon="6.985005435655442">
      <ele>1951.6</ele></trkpt>
      <trkpt lat="46.43775665311425" lon="6.984914634016516">
      <ele>1954.0</ele></trkpt>
      <trkpt lat="46.4377731292821" lon="6.984794330452261">
      <ele>1956.4</ele></trkpt>
      <trkpt lat="46.43778291181382" lon="6.9846986104354185">
      <ele>1958.8</ele></trkpt>
      <trkpt lat="46.437782578401446" lon="6.984615232336901">
      <ele>1959.7</ele></trkpt>
      <trkpt lat="46.437792497286786" lon="6.984551390531715">
      <ele>1960.5</ele></trkpt>
      <trkpt lat="46.43779044405065" lon="6.984463134301978">
      <ele>1961.4</ele></trkpt>
      <trkpt lat="46.43781223766287" lon="6.984401639303425">
      <ele>1962.2</ele></trkpt>
      <trkpt lat="46.437822057485036" lon="6.984310824359077">
      <ele>1963.1</ele></trkpt>
      <trkpt lat="46.43785380002236" lon="6.984195311137592">
      <ele>1963.9</ele></trkpt>
      <trkpt lat="46.43787208436455" lon="6.984104412163677">
      <ele>1964.8</ele></trkpt>
      <trkpt lat="46.43788711409278" lon="6.984045445881883">
      <ele>1965.6</ele></trkpt>
      <trkpt lat="46.43786986303079" lon="6.98397202045425">
      <ele>1966.5</ele></trkpt>
      <trkpt lat="46.4378273683515" lon="6.983945402648777">
      <ele>1967.3</ele></trkpt>
      <trkpt lat="46.43776105517489" lon="6.983896903144947">
      <ele>1968.2</ele></trkpt>
      <trkpt lat="46.43771503082985" lon="6.9838335301587735">
      <ele>1969.1</ele></trkpt>
      <trkpt lat="46.43769793685843" lon="6.983799347842739">
      <ele>1969.9</ele></trkpt>
      <trkpt lat="46.43766895819793" lon="6.983760359669429">
      <ele>1970.8</ele></trkpt>
      <trkpt lat="46.43764160104221" lon="6.983701735898117">
      <ele>1971.6</ele></trkpt>
      <trkpt lat="46.43761875426299" lon="6.9836417471430146">
      <ele>1972.5</ele></trkpt>
      <trkpt lat="46.4375757567875" lon="6.983536841031256">
      <ele>1973.3</ele></trkpt>
      <trkpt lat="46.43753047720547" lon="6.983461829643769">
      <ele>1974.2</ele></trkpt>
      <trkpt lat="46.437499817747025" lon="6.9834434147242135">
      <ele>1975.0</ele></trkpt>
      <trkpt lat="46.437459411319516" lon="6.983387971596934">
      <ele>1975.9</ele></trkpt>
      <trkpt lat="46.43741130392302" lon="6.983348090359741">
      <ele>1975.7</ele></trkpt>
      <trkpt lat="46.43733435352536" lon="6.983181988654926">
      <ele>1975.5</ele></trkpt>
      <trkpt lat="46.43728973459604" lon="6.983047495036178">
      <ele>1975.3</ele></trkpt>
      <trkpt lat="46.43721982304263" lon="6.982947526361537">
      <ele>1975.2</ele></trkpt>
      <trkpt lat="46.4371158697212" lon="6.98281353168082">
      <ele>1975.0</ele></trkpt>
      <trkpt lat="46.43703892841856" lon="6.982649890790174">
      <ele>1974.8</ele></trkpt>
      <trkpt lat="46.43692457502107" lon="6.982462011624805">
      <ele>1974.6</ele></trkpt>
      <trkpt lat="46.43685113375656" lon="6.982327761997796">
      <ele>1974.4</ele></trkpt>
      <trkpt lat="46.43681197898827" lon="6.982283955364732">
      <ele>1974.2</ele></trkpt>
      <trkpt lat="46.43676931637015" lon="6.982215664148672">
      <ele>1974.1</ele></trkpt>
      <trkpt lat="46.43670974559083" lon="6.982157300121475">
      <ele>1973.9</ele></trkpt>
      <trkpt lat="46.43668578968163" lon="6.982103568006867">
      <ele>1973.7</ele></trkpt>
      <trkpt lat="46.43665171721424" lon="6.982059705890411">
      <ele>1973.5</ele></trkpt>
      <trkpt lat="46.43662091943196" lon="6.981991302185198">
      <ele>1973.3</ele></trkpt>
      <trkpt lat="46.436588420619664" lon="6.981920466672921">
      <ele>1973.1</ele></trkpt>
      <trkpt lat="46.43652022890699" lon="6.981827863888">
      <ele>1972.9</ele></trkpt>
      <trkpt lat="46.43647418271247" lon="6.9817571166536725">
      <ele>1972.8</ele></trkpt>
      <trkpt lat="46.43644808636486" lon="6.981692395090142">
      <ele>1972.6</ele></trkpt>
      <trkpt lat="46.43638231366664" lon="6.981590690311317">
      <ele>1972.4</ele></trkpt>
      <trkpt lat="46.436332998494436" lon="6.981554855241216">
      <ele>1972.2</ele></trkpt>
      <trkpt lat="46.43629175440409" lon="6.981506083724063">
      <ele>1972.8</ele></trkpt>
      <trkpt lat="46.43627300230975" lon="6.981478058496689">
      <ele>1973.3</ele></trkpt>
      <trkpt lat="46.43621671873668" lon="6.981393918102152">
      <ele>1973.9</ele></trkpt>
      <trkpt lat="46.43616724333428" lon="6.981318321176325">
      <ele>1974.5</ele></trkpt>
      <trkpt lat="46.436126408705846" lon="6.981281894548605">
      <ele>1975.0</ele></trkpt>
      <trkpt lat="46.436078633319894" lon="6.981206270506741">
      <ele>1975.6</ele></trkpt>
      <trkpt lat="46.43598989471486" lon="6.981062342934784">
      <ele>1976.2</ele></trkpt>
      <trkpt lat="46.43594728971228" lon="6.981006297101756">
      <ele>1976.8</ele></trkpt>
      <trkpt lat="46.43590467568663" lon="6.980950251432682">
      <ele>1977.3</ele></trkpt>
      <trkpt lat="46.43585364636883" lon="6.980906546725377">
      <ele>1977.9</ele></trkpt>
      <trkpt lat="46.435816183988244" lon="6.980867632987579">
      <ele>1978.5</ele></trkpt>
      <trkpt lat="46.43577785055996" lon="6.980853643716391">
      <ele>1979.0</ele></trkpt>
      <trkpt lat="46.43572734634284" lon="6.980821931382902">
      <ele>1979.6</ele></trkpt>
      <trkpt lat="46.43570444892296" lon="6.980792146072372">
      <ele>1980.2</ele></trkpt>
      <trkpt lat="46.435671346384034" lon="6.980761392971583">
      <ele>1980.8</ele></trkpt>
      <trkpt lat="46.43562628933033" lon="6.980742008739368">
      <ele>1981.3</ele></trkpt>
      <trkpt lat="46.43557217925313" lon="6.98070620239276">
      <ele>1981.9</ele></trkpt>
      <trkpt lat="46.43554740512943" lon="6.9806750408286">
      <ele>1982.5</ele></trkpt>
      <trkpt lat="46.43551914084722" lon="6.980639471844263">
      <ele>1983.0</ele></trkpt>
      <trkpt lat="46.43547694149741" lon="6.980588146559575">
      <ele>1983.6</ele></trkpt>
      <trkpt lat="46.4354577556779" lon="6.980564159277872">
      <ele>1983.8</ele></trkpt>
      <trkpt lat="46.435462044064955" lon="6.98050778351336">
      <ele>1984.0</ele></trkpt>
      <trkpt lat="46.43544820847863" lon="6.98044757928035">
      <ele>1984.2</ele></trkpt>
      <trkpt lat="46.43543624454998" lon="6.980403116124822">
      <ele>1984.4</ele></trkpt>
      <trkpt lat="46.43541618516181" lon="6.980374439175855">
      <ele>1984.6</ele></trkpt>
      <trkpt lat="46.435395183063946" lon="6.980357363394649">
      <ele>1984.8</ele></trkpt>
      <trkpt lat="46.43535397336405" lon="6.980312783013278">
      <ele>1985.0</ele></trkpt>
      <trkpt lat="46.43533031864915" lon="6.980267026501256">
      <ele>1985.2</ele></trkpt>
      <trkpt lat="46.43530267545788" lon="6.980240495552253">
      <ele>1985.4</ele></trkpt>
      <trkpt lat="46.43527668578041" lon="6.980195721686385">
      <ele>1985.5</ele></trkpt>
      <trkpt lat="46.43524259036293" lon="6.98016640883306">
      <ele>1985.7</ele></trkpt>
      <trkpt lat="46.43523233320599" lon="6.980108009295721">
      <ele>1985.9</ele></trkpt>
      <trkpt lat="46.43519373616507" lon="6.98005773419377">
      <ele>1986.1</ele></trkpt>
      <trkpt lat="46.43517459584912" lon="6.980031678030285">
      <ele>1986.3</ele></trkpt>
      <trkpt lat="46.43513738259131" lon="6.980018877092322">
      <ele>1986.5</ele></trkpt>
      <trkpt lat="46.435112837066775" lon="6.980002039668276">
      <ele>1986.7</ele></trkpt>
      <trkpt lat="46.435082762920125" lon="6.979961646392262">
      <ele>1986.9</ele></trkpt>
      <trkpt lat="46.43503994321254" lon="6.979908258485562">
      <ele>1987.1</ele></trkpt>
      <trkpt lat="46.43499998155326" lon="6.979887622052962">
      <ele>1987.3</ele></trkpt>
      <trkpt lat="46.43491729016268" lon="6.979835872551464">
      <ele>1987.5</ele></trkpt>
      <trkpt lat="46.43487265844206" lon="6.979801574803225">
      <ele>1988.1</ele></trkpt>
      <trkpt lat="46.43485051947388" lon="6.979774776575372">
      <ele>1988.7</ele></trkpt>
      <trkpt lat="46.43480460275045" lon="6.9797408280804625">
      <ele>1989.2</ele></trkpt>
      <trkpt lat="46.434760336664795" lon="6.979694622069075">
      <ele>1989.8</ele></trkpt>
      <trkpt lat="46.43468894917415" lon="6.979648632537853">
      <ele>1990.4</ele></trkpt>
      <trkpt lat="46.43462362668901" lon="6.979558613808209">
      <ele>1991.0</ele></trkpt>
      <trkpt lat="46.43455439129452" lon="6.979490916642337">
      <ele>1991.5</ele></trkpt>
      <trkpt lat="46.434538656063694" lon="6.979454930627408">
      <ele>1992.1</ele></trkpt>
      <trkpt lat="46.43443391527183" lon="6.979358571271495">
      <ele>1992.7</ele></trkpt>
      <trkpt lat="46.43437900632042" lon="6.979305521015221">
      <ele>1993.2</ele></trkpt>
      <trkpt lat="46.43435681854327" lon="6.97926891321432">
      <ele>1993.8</ele></trkpt>
      <trkpt lat="46.43432781757276" lon="6.979222578723195">
      <ele>1994.4</ele></trkpt>
      <trkpt lat="46.43428698312281" lon="6.979188587988221">
      <ele>1995.0</ele></trkpt>
      <trkpt lat="46.434238053899804" lon="6.979119392611815">
      <ele>1995.5</ele></trkpt>
      <trkpt lat="46.43420966216727" lon="6.979068017827683">
      <ele>1996.1</ele></trkpt>
      <trkpt lat="46.43416622039411" lon="6.979003291039654">
      <ele>1996.7</ele></trkpt>
      <trkpt lat="46.434073757552454" lon="6.978866728934042">
      <ele>1997.3</ele></trkpt>
      <trkpt lat="46.43402775021403" lon="6.978808256528531">
      <ele>1997.8</ele></trkpt>
      <trkpt lat="46.4339800328459" lon="6.978747365640696">
      <ele>1998.4</ele></trkpt>
      <trkpt lat="46.43391544742575" lon="6.978706225534098">
      <ele>1999.0</ele></trkpt>
      <trkpt lat="46.43386619876574" lon="6.978687035295354">
      <ele>2000.1</ele></trkpt>
      <trkpt lat="46.43383723817117" lon="6.978652944595634">
      <ele>2001.3</ele></trkpt>
      <trkpt lat="46.43376750078729" lon="6.978594699834065">
      <ele>2002.4</ele></trkpt>
      <trkpt lat="46.433721514106566" lon="6.978543579045161">
      <ele>2003.5</ele></trkpt>
      <trkpt lat="46.433701006398145" lon="6.978502065605165">
      <ele>2004.7</ele></trkpt>
      <trkpt lat="46.43368551159943" lon="6.978443361156957">
      <ele>2005.8</ele></trkpt>
      <trkpt lat="46.43366326393914" lon="6.9783920522331595">
      <ele>2006.9</ele></trkpt>
      <trkpt lat="46.43366481587792" lon="6.978357702995676">
      <ele>2008.0</ele></trkpt>
      <trkpt lat="46.433662935813615" lon="6.978311126492451">
      <ele>2009.2</ele></trkpt>
      <trkpt lat="46.43365256406279" lon="6.97826463504847">
      <ele>2010.3</ele></trkpt>
      <trkpt lat="46.43364736232278" lon="6.978235261280549">
      <ele>2011.4</ele></trkpt>
      <trkpt lat="46.4336302666125" lon="6.978201070280471">
      <ele>2012.6</ele></trkpt>
      <trkpt lat="46.43363692889724" lon="6.978169136772524">
      <ele>2013.7</ele></trkpt>
      <trkpt lat="46.43363854051246" lon="6.978149515502821">
      <ele>2014.8</ele></trkpt>
      <trkpt lat="46.43361108095976" lon="6.978066374016471">
      <ele>2015.9</ele></trkpt>
      <trkpt lat="46.43359221449488" lon="6.978012590545948">
      <ele>2017.1</ele></trkpt>
      <trkpt lat="46.43360865449871" lon="6.977887402229392">
      <ele>2018.2</ele></trkpt>
      <trkpt lat="46.43360345255549" lon="6.977858002500312">
      <ele>2019.3</ele></trkpt>
      <trkpt lat="46.433593209025894" lon="6.977840927975574">
      <ele>2020.5</ele></trkpt>
      <trkpt lat="46.433566199373075" lon="6.977837644373077">
      <ele>2021.6</ele></trkpt>
      <trkpt lat="46.43351337788296" lon="6.977804823856429">
      <ele>2021.6</ele></trkpt>
      <trkpt lat="46.43345894613234" lon="6.977758706859311">
      <ele>2021.5</ele></trkpt>
      <trkpt lat="46.43333650924803" lon="6.977669008485112">
      <ele>2021.5</ele></trkpt>
      <trkpt lat="46.4332929110069" lon="6.977639050382802">
      <ele>2021.5</ele></trkpt>
      <trkpt lat="46.43325823781644" lon="6.977596109666389">
      <ele>2021.5</ele></trkpt>
      <trkpt lat="46.43322954795345" lon="6.97757560102147">
      <ele>2021.4</ele></trkpt>
      <trkpt lat="46.43319523763293" lon="6.977571065504404">
      <ele>2021.4</ele></trkpt>
      <trkpt lat="46.43315293662147" lon="6.977550425347226">
      <ele>2021.4</ele></trkpt>
      <trkpt lat="46.43311732424217" lon="6.977513243591139">
      <ele>2021.4</ele></trkpt>
      <trkpt lat="46.433083139783406" lon="6.977479900968356">
      <ele>2021.3</ele></trkpt>
      <trkpt lat="46.43302250872435" lon="6.977464516969437">
      <ele>2021.3</ele></trkpt>
      <trkpt lat="46.43298686101274" lon="6.977429716645644">
      <ele>2021.3</ele></trkpt>
      <trkpt lat="46.432959043688" lon="6.977380420776969">
      <ele>2021.3</ele></trkpt>
      <trkpt lat="46.43295514022959" lon="6.977307541166139">
      <ele>2021.2</ele></trkpt>
      <trkpt lat="46.432940267568384" lon="6.977247128150326">
      <ele>2021.2</ele></trkpt>
      <trkpt lat="46.43294004702668" lon="6.977201722178563">
      <ele>2021.2</ele></trkpt>
      <trkpt lat="46.432911476554644" lon="6.977164129616725">
      <ele>2021.2</ele></trkpt>
      <trkpt lat="46.43289069718472" lon="6.977102387779313">
      <ele>2021.1</ele></trkpt>
      <trkpt lat="46.43284162998596" lon="6.97706152178504">
      <ele>2021.1</ele></trkpt>
      <trkpt lat="46.43280596548556" lon="6.977022623577889">
      <ele>2021.1</ele></trkpt>
      <trkpt lat="46.432761307935834" lon="6.976995459610037">
      <ele>2022.1</ele></trkpt>
      <trkpt lat="46.432705470711554" lon="6.97694226513966">
      <ele>2023.1</ele></trkpt>
      <trkpt lat="46.4326393295178" lon="6.976872660799295">
      <ele>2024.0</ele></trkpt>
      <trkpt lat="46.43261633311871" lon="6.976845338719">
      <ele>2025.0</ele></trkpt>
      <trkpt lat="46.432603085388706" lon="6.9767952299106755">
      <ele>2026.0</ele></trkpt>
      <trkpt lat="46.43256555050931" lon="6.9767742247465385">
      <ele>2027.0</ele></trkpt>
      <trkpt lat="46.43252576478178" lon="6.9767416982390875">
      <ele>2028.0</ele></trkpt>
      <trkpt lat="46.43242866651211" lon="6.976627275768383">
      <ele>2028.9</ele></trkpt>
      <trkpt lat="46.432379306658916" lon="6.97657864564795">
      <ele>2029.9</ele></trkpt>
      <trkpt lat="46.43231798299796" lon="6.976508064369465">
      <ele>2030.9</ele></trkpt>
      <trkpt lat="46.43226008051278" lon="6.976444805145163">
      <ele>2031.9</ele></trkpt>
      <trkpt lat="46.432209050423445" lon="6.976403553608031">
      <ele>2032.9</ele></trkpt>
      <trkpt lat="46.43216612276759" lon="6.976326284670885">
      <ele>2033.8</ele></trkpt>
      <trkpt lat="46.432144197046135" lon="6.976276952920175">
      <ele>2034.8</ele></trkpt>
      <trkpt lat="46.43212193884458" lon="6.976236549347736">
      <ele>2035.8</ele></trkpt>
      <trkpt lat="46.4320812492094" lon="6.976216248192624">
      <ele>2036.8</ele></trkpt>
      <trkpt lat="46.432049586589095" lon="6.976190366641742">
      <ele>2037.8</ele></trkpt>
      <trkpt lat="46.43203560418451" lon="6.976149892641101">
      <ele>2038.7</ele></trkpt>
      <trkpt lat="46.432003953407" lon="6.9761247136232445">
      <ele>2039.7</ele></trkpt>
      <trkpt lat="46.43195971335267" lon="6.976105132421088">
      <ele>2040.7</ele></trkpt>
      <trkpt lat="46.4319356236272" lon="6.976094330783729">
      <ele>2041.0</ele></trkpt>
      <trkpt lat="46.43191828374698" lon="6.976093099463849">
      <ele>2041.2</ele></trkpt>
      <trkpt lat="46.431833379258556" lon="6.976059410199254">
      <ele>2041.5</ele></trkpt>
      <trkpt lat="46.431804586525935" lon="6.97605346261134">
      <ele>2041.7</ele></trkpt>
    </trkseg>
  </trk>
</gpx>