<?xml version='1.0' encoding='utf-8'?>
<gpx xmlns="http://www.topografix.com/GPX/1/1" xmlns:xsi="http://www.w3.org/2001/XMLSchema-instance" xsi:schemaLocation="http://www.topografix.com/GPX/1/1 http://www.topografix.com/GPX/1/1/gpx.xsd" version="1.1" creator="gpx.py -- https://github.com/tkrajina/gpxpy">
  <trk>
    <name>draettehorn</name>
    <trkseg>
      <trkpt lat="46.562125232335106" lon="7.8574610757867855">
      <ele>2669.4</ele></trkpt>
      <trkpt lat="46.56216295789165" lon="7.85736153218946">
      <ele>2666.8</ele></trkpt>
      <trkpt lat="46.562209122684045" lon="7.857271404745035">
      <ele>2664.2</ele></trkpt>
      <trkpt lat="46.56224133634364" lon="7.857212717596834">
      <ele>2661.7</ele></trkpt>
      <trkpt lat="46.56227600163224" lon="7.857103798918778">
      <ele>2659.1</ele></trkpt>
      <trkpt lat="46.56228439609211" lon="7.8570079928404875">
      <ele>2656.5</ele></trkpt>
      <trkpt lat="46.56227676494652" lon="7.856879053870104">
      <ele>2654.0</ele></trkpt>
      <trkpt lat="46.562222412802434" lon="7.856487286226098">
      <ele>2651.4</ele></trkpt>
      <trkpt lat="46.56221875616197" lon="7.856265493890561">
      <ele>2648.8</ele></trkpt>
      <trkpt lat="46.56222431799965" lon="7.8559902096711545">
      <ele>2646.2</ele></trkpt>
      <trkpt lat="46.562208250466455" lon="7.855870335284688">
      <ele>2643.7</ele></trkpt>
      <trkpt lat="46.562088105848375" lon="7.855474567322515">
      <ele>2641.1</ele></trkpt>
      <trkpt lat="46.56200060025108" lon="7.855180948005593">
      <ele>2638.5</ele></trkpt>
      <trkpt lat="46.56190531216464" lon="7.854961216817579">
      <ele>2635.9</ele></trkpt>
      <trkpt lat="46.56182952565524" lon="7.854744140335555">
      <ele>2633.3</ele></trkpt>
      <trkpt lat="46.56175513819004" lon="7.854557658153671">
      <ele>2630.8</ele></trkpt>
      <trkpt lat="46.561703321799264" lon="7.854358555873599">
      <ele>2628.2</ele></trkpt>
      <trkpt lat="46.561678406022324" lon="7.854197833662706">
      <ele>2625.6</ele></trkpt>
      <trkpt lat="46.5616496153151" lon="7.853868843423805">
      <ele>2623.1</ele></trkpt>
      <trkpt lat="46.561574763668844" lon="7.853409604957022">
      <ele>2620.5</ele></trkpt>
      <trkpt lat="46.56156490659528" lon="7.8532362049875575">
      <ele>2617.9</ele></trkpt>
      <trkpt lat="46.56158654087051" lon="7.85307827890961">
      <ele>2616.6</ele></trkpt>
      <trkpt lat="46.56166871980482" lon="7.852795771833829">
      <ele>2615.4</ele></trkpt>
      <trkpt lat="46.5616782890759" lon="7.852650520877067">
      <ele>2614.1</ele></trkpt>
      <trkpt lat="46.56164148261925" lon="7.852454052529936">
      <ele>2612.9</ele></trkpt>
      <trkpt lat="46.56158968088153" lon="7.852252383601784">
      <ele>2611.6</ele></trkpt>
      <trkpt lat="46.56157705801109" lon="7.852015253879319">
      <ele>2610.3</ele></trkpt>
      <trkpt lat="46.56158381610918" lon="7.851816471392616">
      <ele>2609.1</ele></trkpt>
      <trkpt lat="46.561558730534365" lon="7.851699060976415">
      <ele>2607.8</ele></trkpt>
      <trkpt lat="46.561487333335535" lon="7.85151514988827">
      <ele>2606.6</ele></trkpt>
      <trkpt lat="46.56142803707135" lon="7.851308365137476">
      <ele>2605.3</ele></trkpt>
      <trkpt lat="46.561383532726865" lon="7.85115773362034">
      <ele>2604.0</ele></trkpt>
      <trkpt lat="46.561352713965675" lon="7.850968955401685">
      <ele>2602.8</ele></trkpt>
      <trkpt lat="46.56133835539286" lon="7.850795535383501">
      <ele>2601.5</ele></trkpt>
      <trkpt lat="46.56134738250077" lon="7.850652732685088">
      <ele>2600.3</ele></trkpt>
      <trkpt lat="46.5613814725692" lon="7.850534482479304">
      <ele>2599.0</ele></trkpt>
      <trkpt lat="46.56141635351627" lon="7.850463631608524">
      <ele>2597.7</ele></trkpt>
      <trkpt lat="46.561459852710044" lon="7.8504026144279395">
      <ele>2596.5</ele></trkpt>
      <trkpt lat="46.56155740552658" lon="7.8502848464241435">
      <ele>2595.2</ele></trkpt>
      <trkpt lat="46.56162024787371" lon="7.850193301867839">
      <ele>2594.0</ele></trkpt>
      <trkpt lat="46.561650264474224" lon="7.850139159079493">
      <ele>2592.7</ele></trkpt>
      <trkpt lat="46.56166778853917" lon="7.850079339412435">
      <ele>2591.9</ele></trkpt>
      <trkpt lat="46.56166992528181" lon="7.850020798235162">
      <ele>2591.1</ele></trkpt>
      <trkpt lat="46.561667249420275" lon="7.849962220484493">
      <ele>2590.3</ele></trkpt>
      <trkpt lat="46.56165793060994" lon="7.849879882390068">
      <ele>2589.5</ele></trkpt>
      <trkpt lat="46.561654347580074" lon="7.849805960686039">
      <ele>2588.7</ele></trkpt>
      <trkpt lat="46.561654554110845" lon="7.84974880032026">
      <ele>2587.9</ele></trkpt>
      <trkpt lat="46.561670192181175" lon="7.849680593404544">
      <ele>2587.1</ele></trkpt>
      <trkpt lat="46.561690543115255" lon="7.849637527591025">
      <ele>2586.3</ele></trkpt>
      <trkpt lat="46.561719492280496" lon="7.849609864122515">
      <ele>2585.5</ele></trkpt>
      <trkpt lat="46.56175903522519" lon="7.84957809464222">
      <ele>2584.6</ele></trkpt>
      <trkpt lat="46.561802377875466" lon="7.849560295613803">
      <ele>2583.8</ele></trkpt>
      <trkpt lat="46.56182356973275" lon="7.849563351759587">
      <ele>2583.0</ele></trkpt>
      <trkpt lat="46.561868633905945" lon="7.849584482463527">
      <ele>2582.2</ele></trkpt>
      <trkpt lat="46.56191053698774" lon="7.849619061381832">
      <ele>2581.4</ele></trkpt>
      <trkpt lat="46.561947444877894" lon="7.849669291720454">
      <ele>2580.6</ele></trkpt>
      <trkpt lat="46.561982994550775" lon="7.849734418609319">
      <ele>2579.8</ele></trkpt>
      <trkpt lat="46.56200499639936" lon="7.849777206373902">
      <ele>2579.0</ele></trkpt>
      <trkpt lat="46.562034584278955" lon="7.849841662107313">
      <ele>2578.2</ele></trkpt>
      <trkpt lat="46.56206249201152" lon="7.849900562366255">
      <ele>2577.4</ele></trkpt>
      <trkpt lat="46.56208368165365" lon="7.849931606433541">
      <ele>2576.6</ele></trkpt>
      <trkpt lat="46.56210991620489" lon="7.84995813725502">
      <ele>2574.7</ele></trkpt>
      <trkpt lat="46.5621471153154" lon="7.849975048281617">
      <ele>2572.8</ele></trkpt>
      <trkpt lat="46.562219692682206" lon="7.8499825250240995">
      <ele>2570.9</ele></trkpt>
      <trkpt lat="46.56231047696267" lon="7.849977672092255">
      <ele>2569.0</ele></trkpt>
      <trkpt lat="46.56235919640228" lon="7.84997804230937">
      <ele>2567.1</ele></trkpt>
      <trkpt lat="46.56238594891574" lon="7.849978245600961">
      <ele>2565.2</ele></trkpt>
      <trkpt lat="46.56241839651213" lon="7.8499881823172375">
      <ele>2563.3</ele></trkpt>
      <trkpt lat="46.562447644022896" lon="7.850089518646489">
      <ele>2561.4</ele></trkpt>
      <trkpt lat="46.56247684134988" lon="7.850204705240104">
      <ele>2559.5</ele></trkpt>
      <trkpt lat="46.56251892674887" lon="7.850355437986009">
      <ele>2557.6</ele></trkpt>
      <trkpt lat="46.562564361694236" lon="7.850495306419414">
      <ele>2555.8</ele></trkpt>
      <trkpt lat="46.56260053425044" lon="7.850609398876666">
      <ele>2553.9</ele></trkpt>
      <trkpt lat="46.5626281875434" lon="7.8507160970434136">
      <ele>2552.0</ele></trkpt>
      <trkpt lat="46.56265822812677" lon="7.850804437348327">
      <ele>2550.1</ele></trkpt>
      <trkpt lat="46.562696827882334" lon="7.8508940688848">
      <ele>2548.2</ele></trkpt>
      <trkpt lat="46.562778146320575" lon="7.851014009542608">
      <ele>2546.3</ele></trkpt>
      <trkpt lat="46.56281820964498" lon="7.851067121885844">
      <ele>2544.4</ele></trkpt>
      <trkpt lat="46.56289654613625" lon="7.851138589177285">
      <ele>2542.5</ele></trkpt>
      <trkpt lat="46.5629691758903" lon="7.851196110349303">
      <ele>2540.6</ele></trkpt>
      <trkpt lat="46.563045626485206" lon="7.851259229766246">
      <ele>2538.7</ele></trkpt>
      <trkpt lat="46.56312778484796" lon="7.8513335047410555">
      <ele>2537.4</ele></trkpt>
      <trkpt lat="46.56319844695892" lon="7.851407692277031">
      <ele>2536.2</ele></trkpt>
      <trkpt lat="46.563249955911594" lon="7.851474782476618">
      <ele>2534.9</ele></trkpt>
      <trkpt lat="46.56328912710738" lon="7.851508429958729">
      <ele>2533.7</ele></trkpt>
      <trkpt lat="46.56333023340225" lon="7.851539314274218">
      <ele>2532.4</ele></trkpt>
      <trkpt lat="46.56335895266503" lon="7.851547867277016">
      <ele>2531.2</ele></trkpt>
      <trkpt lat="46.5633895918926" lon="7.851557830445663">
      <ele>2529.9</ele></trkpt>
      <trkpt lat="46.56342506715477" lon="7.851553927568929">
      <ele>2528.7</ele></trkpt>
      <trkpt lat="46.56351918432912" lon="7.851503233212723">
      <ele>2527.4</ele></trkpt>
      <trkpt lat="46.56357584574068" lon="7.851471711993327">
      <ele>2526.2</ele></trkpt>
      <trkpt lat="46.56365158708504" lon="7.85145753890277">
      <ele>2524.9</ele></trkpt>
      <trkpt lat="46.56371893492616" lon="7.851473259778184">
      <ele>2523.7</ele></trkpt>
      <trkpt lat="46.5638243981523" lon="7.851538414644019">
      <ele>2522.4</ele></trkpt>
      <trkpt lat="46.56394840743112" lon="7.851567231966679">
      <ele>2521.2</ele></trkpt>
      <trkpt lat="46.56410377957011" lon="7.851592519459061">
      <ele>2519.9</ele></trkpt>
      <trkpt lat="46.56411206216661" lon="7.851640291494178">
      <ele>2518.7</ele></trkpt>
      <trkpt lat="46.564141124955796" lon="7.851653333859646">
      <ele>2517.4</ele></trkpt>
      <trkpt lat="46.56417922232754" lon="7.851702755071439">
      <ele>2516.2</ele></trkpt>
      <trkpt lat="46.56421135256246" lon="7.851715820895405">
      <ele>2514.9</ele></trkpt>
      <trkpt lat="46.564257029759865" lon="7.851786037428757">
      <ele>2513.7</ele></trkpt>
      <trkpt lat="46.56431181640831" lon="7.851874465571718">
      <ele>2512.4</ele></trkpt>
      <trkpt lat="46.5643853921992" lon="7.851872027519722">
      <ele>2511.0</ele></trkpt>
      <trkpt lat="46.564406706669125" lon="7.851903231157073">
      <ele>2509.7</ele></trkpt>
      <trkpt lat="46.56441720442013" lon="7.851957789430482">
      <ele>2508.4</ele></trkpt>
      <trkpt lat="46.56446897014459" lon="7.852035826215931">
      <ele>2507.0</ele></trkpt>
      <trkpt lat="46.564519318972856" lon="7.852087871808103">
      <ele>2505.7</ele></trkpt>
      <trkpt lat="46.56452673960918" lon="7.852145041295744">
      <ele>2504.4</ele></trkpt>
      <trkpt lat="46.564544883045556" lon="7.852202227513292">
      <ele>2503.0</ele></trkpt>
      <trkpt lat="46.56455695665864" lon="7.8522464032031065">
      <ele>2501.7</ele></trkpt>
      <trkpt lat="46.56459206130726" lon="7.85227764725676">
      <ele>2500.3</ele></trkpt>
      <trkpt lat="46.56461790634964" lon="7.8523270408933445">
      <ele>2499.0</ele></trkpt>
      <trkpt lat="46.564665308938906" lon="7.852353109875354">
      <ele>2497.7</ele></trkpt>
      <trkpt lat="46.56472916684017" lon="7.852470119473021">
      <ele>2496.3</ele></trkpt>
      <trkpt lat="46.56477191633377" lon="7.8525091825056155">
      <ele>2495.0</ele></trkpt>
      <trkpt lat="46.564797799529046" lon="7.852545586382354">
      <ele>2493.7</ele></trkpt>
      <trkpt lat="46.564853954641166" lon="7.852675580087666">
      <ele>2492.3</ele></trkpt>
      <trkpt lat="46.56487975313898" lon="7.852732773223601">
      <ele>2491.0</ele></trkpt>
      <trkpt lat="46.56491615149415" lon="7.8528237624460155">
      <ele>2489.7</ele></trkpt>
      <trkpt lat="46.56499694192525" lon="7.8529226301418555">
      <ele>2488.3</ele></trkpt>
      <trkpt lat="46.56500592881105" lon="7.85297199975493">
      <ele>2487.0</ele></trkpt>
      <trkpt lat="46.56510201926113" lon="7.853078706183559">
      <ele>2484.8</ele></trkpt>
      <trkpt lat="46.56510331390042" lon="7.8531332470860615">
      <ele>2482.6</ele></trkpt>
      <trkpt lat="46.56516232058791" lon="7.853309982524498">
      <ele>2480.4</ele></trkpt>
      <trkpt lat="46.56518490969761" lon="7.853403540529772">
      <ele>2478.2</ele></trkpt>
      <trkpt lat="46.565215228353594" lon="7.8534841283002335">
      <ele>2476.0</ele></trkpt>
      <trkpt lat="46.56530953579855" lon="7.85364794906675">
      <ele>2473.8</ele></trkpt>
      <trkpt lat="46.565440193998846" lon="7.853910573425517">
      <ele>2471.6</ele></trkpt>
      <trkpt lat="46.56547497778142" lon="7.85401974651219">
      <ele>2469.4</ele></trkpt>
      <trkpt lat="46.56565465319942" lon="7.8542970307412485">
      <ele>2467.2</ele></trkpt>
      <trkpt lat="46.56574237389134" lon="7.8543502535141085">
      <ele>2465.0</ele></trkpt>
      <trkpt lat="46.56585535140455" lon="7.854527420108724">
      <ele>2462.8</ele></trkpt>
      <trkpt lat="46.56594096720951" lon="7.85467655688316">
      <ele>2460.6</ele></trkpt>
      <trkpt lat="46.56600988543491" lon="7.854899844437686">
      <ele>2458.4</ele></trkpt>
      <trkpt lat="46.566045884423616" lon="7.855116710020828">
      <ele>2456.2</ele></trkpt>
      <trkpt lat="46.5661003274303" lon="7.855281103177147">
      <ele>2454.0</ele></trkpt>
      <trkpt lat="46.566209955704025" lon="7.855353030517136">
      <ele>2451.8</ele></trkpt>
      <trkpt lat="46.566319670199405" lon="7.855394034176928">
      <ele>2449.6</ele></trkpt>
      <trkpt lat="46.5664676383432" lon="7.855500286222465">
      <ele>2447.4</ele></trkpt>
      <trkpt lat="46.56661736641406" lon="7.855634399080476">
      <ele>2445.2</ele></trkpt>
      <trkpt lat="46.56667757559533" lon="7.85570289497901">
      <ele>2443.0</ele></trkpt>
      <trkpt lat="46.56673415757405" lon="7.855762089527668">
      <ele>2441.9</ele></trkpt>
      <trkpt lat="46.566829081789514" lon="7.85585249161054">
      <ele>2440.8</ele></trkpt>
      <trkpt lat="46.566923919372336" lon="7.855973857454401">
      <ele>2439.7</ele></trkpt>
      <trkpt lat="46.56703125435985" lon="7.856209785817512">
      <ele>2438.6</ele></trkpt>
      <trkpt lat="46.56710232366003" lon="7.856321682667602">
      <ele>2437.5</ele></trkpt>
      <trkpt lat="46.56721919164446" lon="7.856418438146002">
      <ele>2436.4</ele></trkpt>
      <trkpt lat="46.56729582987505" lon="7.85650562284799">
      <ele>2435.3</ele></trkpt>
      <trkpt lat="46.567346878699965" lon="7.856577167150672">
      <ele>2434.2</ele></trkpt>
      <trkpt lat="46.56744737388543" lon="7.856639741529587">
      <ele>2433.1</ele></trkpt>
      <trkpt lat="46.567558615025064" lon="7.856789070980288">
      <ele>2431.9</ele></trkpt>
      <trkpt lat="46.56762613203921" lon="7.856863821337959">
      <ele>2430.8</ele></trkpt>
      <trkpt lat="46.5677116969" lon="7.857028435556352">
      <ele>2429.7</ele></trkpt>
      <trkpt lat="46.567786216376966" lon="7.857214629672914">
      <ele>2428.6</ele></trkpt>
      <trkpt lat="46.56785013603973" lon="7.857264596989828">
      <ele>2427.5</ele></trkpt>
      <trkpt lat="46.56787068330406" lon="7.857305881251209">
      <ele>2426.4</ele></trkpt>
      <trkpt lat="46.56793203912032" lon="7.857429197238001">
      <ele>2425.3</ele></trkpt>
      <trkpt lat="46.56805590836462" lon="7.857637400450012">
      <ele>2424.2</ele></trkpt>
      <trkpt lat="46.56812898282996" lon="7.857690530658417">
      <ele>2423.1</ele></trkpt>
      <trkpt lat="46.56823282708318" lon="7.85786456310995">
      <ele>2422.0</ele></trkpt>
      <trkpt lat="46.56837452024868" lon="7.8582400051401935">
      <ele>2420.9</ele></trkpt>
      <trkpt lat="46.568485413026764" lon="7.858510028247825">
      <ele>2420.6</ele></trkpt>
      <trkpt lat="46.56860360705778" lon="7.858783200433288">
      <ele>2420.3</ele></trkpt>
      <trkpt lat="46.56865657928273" lon="7.858820707155108">
      <ele>2420.1</ele></trkpt>
      <trkpt lat="46.56870003100779" lon="7.8589881309861465">
      <ele>2419.8</ele></trkpt>
      <trkpt lat="46.56882373406519" lon="7.859255139427556">
      <ele>2419.5</ele></trkpt>
      <trkpt lat="46.56887736988638" lon="7.859358873701137">
      <ele>2419.2</ele></trkpt>
      <trkpt lat="46.56891846523033" lon="7.859416480179366">
      <ele>2418.9</ele></trkpt>
      <trkpt lat="46.56895578455172" lon="7.85948078783395">
      <ele>2418.7</ele></trkpt>
      <trkpt lat="46.5690037793116" lon="7.859560348207056">
      <ele>2418.4</ele></trkpt>
      <trkpt lat="46.569023517029095" lon="7.859591662679575">
      <ele>2418.1</ele></trkpt>
      <trkpt lat="46.56904972373727" lon="7.859612957888277">
      <ele>2417.8</ele></trkpt>
      <trkpt lat="46.569067935305846" lon="7.859621538702358">
      <ele>2417.5</ele></trkpt>
      <trkpt lat="46.569082330753616" lon="7.859645233384317">
      <ele>2417.3</ele></trkpt>
      <trkpt lat="46.56908918663643" lon="7.859678965126651">
      <ele>2417.0</ele></trkpt>
      <trkpt lat="46.56910085471141" lon="7.859715264762353">
      <ele>2416.7</ele></trkpt>
      <trkpt lat="46.56911471627066" lon="7.859739803160362">
      <ele>2416.4</ele></trkpt>
      <trkpt lat="46.56913399515176" lon="7.8597492401623406">
      <ele>2416.1</ele></trkpt>
      <trkpt lat="46.56914089186796" lon="7.8597694982809445">
      <ele>2415.9</ele></trkpt>
      <trkpt lat="46.56915577714975" lon="7.859806670836834">
      <ele>2415.6</ele></trkpt>
      <trkpt lat="46.569179786901515" lon="7.859843079634222">
      <ele>2415.3</ele></trkpt>
      <trkpt lat="46.56920161521668" lon="7.859890415036895">
      <ele>2415.3</ele></trkpt>
      <trkpt lat="46.569229351083685" lon="7.859933596432147">
      <ele>2415.3</ele></trkpt>
      <trkpt lat="46.56925122956849" lon="7.859964940880472">
      <ele>2415.4</ele></trkpt>
      <trkpt lat="46.56926451396854" lon="7.859999570648729">
      <ele>2415.4</ele></trkpt>
      <trkpt lat="46.56929012138451" lon="7.860039357289659">
      <ele>2415.4</ele></trkpt>
      <trkpt lat="46.56930290309259" lon="7.8600664048616755">
      <ele>2415.4</ele></trkpt>
      <trkpt lat="46.569316714726554" lon="7.8601044040406265">
      <ele>2415.4</ele></trkpt>
      <trkpt lat="46.569335347863884" lon="7.860142453831421">
      <ele>2415.5</ele></trkpt>
      <trkpt lat="46.56935876440276" lon="7.860195697570437">
      <ele>2415.5</ele></trkpt>
      <trkpt lat="46.56939859865771" lon="7.860304635034849">
      <ele>2415.5</ele></trkpt>
      <trkpt lat="46.5694277944794" lon="7.860390754728265">
      <ele>2415.5</ele></trkpt>
      <trkpt lat="46.569453358056705" lon="7.860442332771464">
      <ele>2415.5</ele></trkpt>
      <trkpt lat="46.56947841311648" lon="7.860485480713859">
      <ele>2415.6</ele></trkpt>
      <trkpt lat="46.5694831563086" lon="7.860509087527884">
      <ele>2415.6</ele></trkpt>
      <trkpt lat="46.569496399586995" lon="7.860557191335134">
      <ele>2415.6</ele></trkpt>
      <trkpt lat="46.56950375788207" lon="7.860598492680124">
      <ele>2415.6</ele></trkpt>
      <trkpt lat="46.56952076470617" lon="7.860643260612946">
      <ele>2415.6</ele></trkpt>
      <trkpt lat="46.56953185840264" lon="7.860688817257448">
      <ele>2415.7</ele></trkpt>
      <trkpt lat="46.56954725505304" lon="7.860733559641228">
      <ele>2415.7</ele></trkpt>
      <trkpt lat="46.56956961372927" lon="7.860780899863894">
      <ele>2415.7</ele></trkpt>
      <trkpt lat="46.56958989078929" lon="7.860812232362207">
      <ele>2415.8</ele></trkpt>
      <trkpt lat="46.56960906970767" lon="7.860848591171903">
      <ele>2415.9</ele></trkpt>
      <trkpt lat="46.569630317272726" lon="7.860906866466092">
      <ele>2416.0</ele></trkpt>
      <trkpt lat="46.569660714273056" lon="7.860957647867342">
      <ele>2416.1</ele></trkpt>
      <trkpt lat="46.56969851973946" lon="7.861033739715214">
      <ele>2416.2</ele></trkpt>
      <trkpt lat="46.569747754313696" lon="7.861142517081855">
      <ele>2416.4</ele></trkpt>
      <trkpt lat="46.569830023295594" lon="7.861323358255079">
      <ele>2416.5</ele></trkpt>
      <trkpt lat="46.569874288823456" lon="7.861382126812551">
      <ele>2416.6</ele></trkpt>
      <trkpt lat="46.56991420636267" lon="7.861468344656073">
      <ele>2416.7</ele></trkpt>
      <trkpt lat="46.56992794555568" lon="7.8615257140152455">
      <ele>2416.8</ele></trkpt>
      <trkpt lat="46.56994817238743" lon="7.861570507755125">
      <ele>2416.9</ele></trkpt>
      <trkpt lat="46.569972169066865" lon="7.8616102830582975">
      <ele>2417.0</ele></trkpt>
      <trkpt lat="46.56999030854091" lon="7.86163822106278">
      <ele>2417.1</ele></trkpt>
      <trkpt lat="46.57001011174137" lon="7.861649345638057">
      <ele>2417.2</ele></trkpt>
      <trkpt lat="46.57001863350677" lon="7.861667947429207">
      <ele>2417.3</ele></trkpt>
      <trkpt lat="46.57002173499305" lon="7.861699954979725">
      <ele>2417.5</ele></trkpt>
      <trkpt lat="46.57002854684194" lon="7.861742948301897">
      <ele>2417.6</ele></trkpt>
      <trkpt lat="46.57004285695364" lon="7.8617918960419235">
      <ele>2417.7</ele></trkpt>
      <trkpt lat="46.57005229899161" lon="7.861850888578579">
      <ele>2417.8</ele></trkpt>
      <trkpt lat="46.57006235892471" lon="7.861888859404811">
      <ele>2417.9</ele></trkpt>
      <trkpt lat="46.57007185408476" lon="7.861933556416762">
      <ele>2418.4</ele></trkpt>
      <trkpt lat="46.570091004455044" lon="7.861977494163772">
      <ele>2418.8</ele></trkpt>
      <trkpt lat="46.57011594615791" lon="7.862050956203772">
      <ele>2419.3</ele></trkpt>
      <trkpt lat="46.570134082369115" lon="7.862079742251942">
      <ele>2419.7</ele></trkpt>
      <trkpt lat="46.57014682287118" lon="7.862117734152526">
      <ele>2420.2</ele></trkpt>
      <trkpt lat="46.5701606526043" lon="7.862150686644644">
      <ele>2420.6</ele></trkpt>
      <trkpt lat="46.57015944123023" lon="7.862188543309862">
      <ele>2421.1</ele></trkpt>
      <trkpt lat="46.57017004430765" lon="7.8622231532253295">
      <ele>2421.5</ele></trkpt>
      <trkpt lat="46.570190890985" lon="7.862253604094281">
      <ele>2422.0</ele></trkpt>
      <trkpt lat="46.57019880547989" lon="7.862280653677213">
      <ele>2422.4</ele></trkpt>
      <trkpt lat="46.57021212049408" lon="7.862306871607623">
      <ele>2422.9</ele></trkpt>
      <trkpt lat="46.57022008368078" lon="7.862330504111425">
      <ele>2423.4</ele></trkpt>
      <trkpt lat="46.57022694856576" lon="7.86235918902368">
      <ele>2423.8</ele></trkpt>
      <trkpt lat="46.57024079391585" lon="7.862387928596132">
      <ele>2424.3</ele></trkpt>
      <trkpt lat="46.57024606075253" lon="7.862415753165915">
      <ele>2424.7</ele></trkpt>
      <trkpt lat="46.57024918082615" lon="7.862442713082879">
      <ele>2425.2</ele></trkpt>
      <trkpt lat="46.57025279397862" lon="7.862479785824963">
      <ele>2425.6</ele></trkpt>
      <trkpt lat="46.570251632629954" lon="7.862504181717586">
      <ele>2426.1</ele></trkpt>
      <trkpt lat="46.57026031357746" lon="7.862547633455356">
      <ele>2426.5</ele></trkpt>
      <trkpt lat="46.57033553453712" lon="7.862620407225768">
      <ele>2427.0</ele></trkpt>
      <trkpt lat="46.57043936665539" lon="7.862706370971582">
      <ele>2427.6</ele></trkpt>
      <trkpt lat="46.570512637047464" lon="7.862771473158858">
      <ele>2428.2</ele></trkpt>
      <trkpt lat="46.57056590758348" lon="7.862822722678181">
      <ele>2428.9</ele></trkpt>
      <trkpt lat="46.57067397905512" lon="7.86302381998183">
      <ele>2429.5</ele></trkpt>
      <trkpt lat="46.570706876331926" lon="7.863127555435353">
      <ele>2430.1</ele></trkpt>
      <trkpt lat="46.57074007703086" lon="7.863229506376554">
      <ele>2430.8</ele></trkpt>
      <trkpt lat="46.57076697757411" lon="7.863274419011296">
      <ele>2431.4</ele></trkpt>
      <trkpt lat="46.57079718517884" lon="7.863303352710891">
      <ele>2432.0</ele></trkpt>
      <trkpt lat="46.57084411886885" lon="7.863345931237723">
      <ele>2432.6</ele></trkpt>
      <trkpt lat="46.570921821450106" lon="7.863414069682171">
      <ele>2433.2</ele></trkpt>
      <trkpt lat="46.5709493182717" lon="7.863443817081194">
      <ele>2433.9</ele></trkpt>
      <trkpt lat="46.571041597642875" lon="7.863549493499684">
      <ele>2434.5</ele></trkpt>
      <trkpt lat="46.571144352927924" lon="7.863689962726549">
      <ele>2435.1</ele></trkpt>
      <trkpt lat="46.57124896757511" lon="7.863811859308015">
      <ele>2435.8</ele></trkpt>
      <trkpt lat="46.571307230092465" lon="7.86394260123852">
      <ele>2436.4</ele></trkpt>
      <trkpt lat="46.57130925185266" lon="7.863880618631965">
      <ele>2437.0</ele></trkpt>
      <trkpt lat="46.57128178877158" lon="7.86378167228873">
      <ele>2437.6</ele></trkpt>
      <trkpt lat="46.57119980369618" lon="7.863651109537374">
      <ele>2438.2</ele></trkpt>
      <trkpt lat="46.571075155214636" lon="7.863447335319361">
      <ele>2438.9</ele></trkpt>
      <trkpt lat="46.571113286759015" lon="7.863464552722903">
      <ele>2439.5</ele></trkpt>
      <trkpt lat="46.57114768387394" lon="7.8634724534821">
      <ele>2441.4</ele></trkpt>
      <trkpt lat="46.57117989645503" lon="7.863489611419134">
      <ele>2443.3</ele></trkpt>
      <trkpt lat="46.57121803432306" lon="7.863505133208449">
      <ele>2445.2</ele></trkpt>
      <trkpt lat="46.57123848089021" lon="7.863505319806036">
      <ele>2447.2</ele></trkpt>
      <trkpt lat="46.57128462828057" lon="7.863534405114273">
      <ele>2449.1</ele></trkpt>
      <trkpt lat="46.571336226860026" lon="7.863546680316601">
      <ele>2451.0</ele></trkpt>
      <trkpt lat="46.57138511061927" lon="7.863565678024419">
      <ele>2452.9</ele></trkpt>
      <trkpt lat="46.57142056828448" lon="7.863578648326446">
      <ele>2454.8</ele></trkpt>
      <trkpt lat="46.57147594218761" lon="7.863589283598078">
      <ele>2456.7</ele></trkpt>
      <trkpt lat="46.57155062072726" lon="7.863614419018846">
      <ele>2458.7</ele></trkpt>
      <trkpt lat="46.57161447786306" lon="7.863656296484289">
      <ele>2460.6</ele></trkpt>
      <trkpt lat="46.57166973849711" lon="7.863697258662744">
      <ele>2462.5</ele></trkpt>
      <trkpt lat="46.57179992666732" lon="7.863677410426876">
      <ele>2464.4</ele></trkpt>
      <trkpt lat="46.571945924626654" lon="7.863697353753377">
      <ele>2466.3</ele></trkpt>
      <trkpt lat="46.57197480801008" lon="7.863601496754035">
      <ele>2468.2</ele></trkpt>
      <trkpt lat="46.57207171218408" lon="7.863422559934394">
      <ele>2470.1</ele></trkpt>
      <trkpt lat="46.57215958595228" lon="7.863274544838699">
      <ele>2472.1</ele></trkpt>
      <trkpt lat="46.57223163422922" lon="7.863211427872541">
      <ele>2474.0</ele></trkpt>
      <trkpt lat="46.57224874850468" lon="7.863188538939501">
      <ele>2475.9</ele></trkpt>
      <trkpt lat="46.57230609376003" lon="7.863138546415079">
      <ele>2477.8</ele></trkpt>
      <trkpt lat="46.572337374671726" lon="7.863125734401726">
      <ele>2479.3</ele></trkpt>
      <trkpt lat="46.57238121609323" lon="7.8630616001231">
      <ele>2480.8</ele></trkpt>
      <trkpt lat="46.57238955559202" lon="7.863037350880869">
      <ele>2482.3</ele></trkpt>
      <trkpt lat="46.572405566117915" lon="7.86301130948562">
      <ele>2483.8</ele></trkpt>
      <trkpt lat="46.57243447770928" lon="7.862999417990385">
      <ele>2485.3</ele></trkpt>
      <trkpt lat="46.57244633494822" lon="7.862979879217381">
      <ele>2486.8</ele></trkpt>
      <trkpt lat="46.572457680717115" lon="7.862940691631413">
      <ele>2488.3</ele></trkpt>
      <trkpt lat="46.57250442372512" lon="7.862889676346746">
      <ele>2489.8</ele></trkpt>
      <trkpt lat="46.57256591312316" lon="7.862833180519244">
      <ele>2491.3</ele></trkpt>
      <trkpt lat="46.5725896414922" lon="7.862790359168059">
      <ele>2492.8</ele></trkpt>
      <trkpt lat="46.57261031327413" lon="7.862778389895079">
      <ele>2494.2</ele></trkpt>
      <trkpt lat="46.572644671564106" lon="7.862729129584372">
      <ele>2495.7</ele></trkpt>
      <trkpt lat="46.57267651968475" lon="7.862721004640444">
      <ele>2497.2</ele></trkpt>
      <trkpt lat="46.57268370510434" lon="7.862690197879205">
      <ele>2498.7</ele></trkpt>
      <trkpt lat="46.57272142779623" lon="7.862686801880146">
      <ele>2500.2</ele></trkpt>
      <trkpt lat="46.572729180464606" lon="7.862660682478951">
      <ele>2501.7</ele></trkpt>
      <trkpt lat="46.57278360836643" lon="7.862604117794941">
      <ele>2503.2</ele></trkpt>
      <trkpt lat="46.572819538105875" lon="7.862606303748494">
      <ele>2504.7</ele></trkpt>
      <trkpt lat="46.57283314643925" lon="7.862592400622605">
      <ele>2506.2</ele></trkpt>
      <trkpt lat="46.572818643893704" lon="7.862532413041943">
      <ele>2507.7</ele></trkpt>
      <trkpt lat="46.572825249504476" lon="7.862497857879823">
      <ele>2509.7</ele></trkpt>
      <trkpt lat="46.57285189799009" lon="7.862475264892868">
      <ele>2511.7</ele></trkpt>
      <trkpt lat="46.572904456501625" lon="7.862408549711923">
      <ele>2513.7</ele></trkpt>
      <trkpt lat="46.57294505153563" lon="7.862368181879124">
      <ele>2515.7</ele></trkpt>
      <trkpt lat="46.5729903770337" lon="7.862335403773098">
      <ele>2517.6</ele></trkpt>
      <trkpt lat="46.57303278079187" lon="7.862282788159673">
      <ele>2519.6</ele></trkpt>
      <trkpt lat="46.57309197047097" lon="7.862237439189619">
      <ele>2521.6</ele></trkpt>
      <trkpt lat="46.57314351176071" lon="7.862161206069512">
      <ele>2523.6</ele></trkpt>
      <trkpt lat="46.57321256396752" lon="7.862131900555373">
      <ele>2525.6</ele></trkpt>
      <trkpt lat="46.57322327051133" lon="7.862104864744996">
      <ele>2527.6</ele></trkpt>
      <trkpt lat="46.57327175189039" lon="7.862060409982984">
      <ele>2529.6</ele></trkpt>
      <trkpt lat="46.57336444164399" lon="7.862012609369748">
      <ele>2531.6</ele></trkpt>
      <trkpt lat="46.57342177389074" lon="7.8619635536810035">
      <ele>2533.6</ele></trkpt>
      <trkpt lat="46.57353089398344" lon="7.861929134597659">
      <ele>2535.6</ele></trkpt>
      <trkpt lat="46.5736155559303" lon="7.861858103485961">
      <ele>2537.6</ele></trkpt>
      <trkpt lat="46.57369757055678" lon="7.8617538789086945">
      <ele>2539.5</ele></trkpt>
      <trkpt lat="46.57376709721182" lon="7.861742108316743">
      <ele>2541.5</ele></trkpt>
      <trkpt lat="46.57382945589694" lon="7.861739582515089">
      <ele>2543.5</ele></trkpt>
      <trkpt lat="46.57390236787151" lon="7.86176815950728">
      <ele>2545.5</ele></trkpt>
      <trkpt lat="46.57394763159046" lon="7.861814861256885">
      <ele>2547.5</ele></trkpt>
      <trkpt lat="46.57397178364742" lon="7.861824924960576">
      <ele>2548.9</ele></trkpt>
      <trkpt lat="46.57398985304707" lon="7.861811212761989">
      <ele>2550.3</ele></trkpt>
      <trkpt lat="46.57403668757261" lon="7.8618031912127595">
      <ele>2551.7</ele></trkpt>
      <trkpt lat="46.574062371185455" lon="7.8618126407561375">
      <ele>2553.1</ele></trkpt>
      <trkpt lat="46.57413031673096" lon="7.861800296873044">
      <ele>2554.5</ele></trkpt>
      <trkpt lat="46.57415326821397" lon="7.861825991883641">
      <ele>2555.9</ele></trkpt>
      <trkpt lat="46.57420158656234" lon="7.861839871052264">
      <ele>2557.3</ele></trkpt>
      <trkpt lat="46.574228386445604" lon="7.861861200119129">
      <ele>2558.7</ele></trkpt>
      <trkpt lat="46.57424639646896" lon="7.861873133445346">
      <ele>2560.1</ele></trkpt>
      <trkpt lat="46.57426659154953" lon="7.8619288491294235">
      <ele>2561.5</ele></trkpt>
      <trkpt lat="46.574287240118956" lon="7.8619545392909504">
      <ele>2562.9</ele></trkpt>
      <trkpt lat="46.574313730570665" lon="7.861950219953889">
      <ele>2564.3</ele></trkpt>
      <trkpt lat="46.5743329656943" lon="7.861930255322652">
      <ele>2565.7</ele></trkpt>
      <trkpt lat="46.5743257575236" lon="7.861897091237403">
      <ele>2567.1</ele></trkpt>
      <trkpt lat="46.57432360563386" lon="7.861839546835384">
      <ele>2568.5</ele></trkpt>
      <trkpt lat="46.57433714027568" lon="7.861797048344077">
      <ele>2569.9</ele></trkpt>
      <trkpt lat="46.57433915756994" lon="7.861760147320341">
      <ele>2571.3</ele></trkpt>
      <trkpt lat="46.57432853054054" lon="7.86171258115461">
      <ele>2572.7</ele></trkpt>
      <trkpt lat="46.57435846364802" lon="7.861711406318021">
      <ele>2574.1</ele></trkpt>
      <trkpt lat="46.57438259677868" lon="7.861728983717431">
      <ele>2575.5</ele></trkpt>
      <trkpt lat="46.57440330675962" lon="7.86173090667538">
      <ele>2576.9</ele></trkpt>
      <trkpt lat="46.57440794537993" lon="7.861719659169182">
      <ele>2578.4</ele></trkpt>
      <trkpt lat="46.574397594328076" lon="7.861714008110626">
      <ele>2579.8</ele></trkpt>
      <trkpt lat="46.57438346786686" lon="7.861685825233784">
      <ele>2581.2</ele></trkpt>
      <trkpt lat="46.57437741543252" lon="7.8616539094416895">
      <ele>2582.7</ele></trkpt>
      <trkpt lat="46.57440653214976" lon="7.86167149968747">
      <ele>2584.1</ele></trkpt>
      <trkpt lat="46.574398219866346" lon="7.861618316210278">
      <ele>2585.5</ele></trkpt>
      <trkpt lat="46.5744338936553" lon="7.861624021677484">
      <ele>2586.9</ele></trkpt>
      <trkpt lat="46.57444733372862" lon="7.861619052284709">
      <ele>2588.4</ele></trkpt>
      <trkpt lat="46.57445862874873" lon="7.861554659953659">
      <ele>2589.8</ele></trkpt>
      <trkpt lat="46.57445754098199" lon="7.8615302576155255">
      <ele>2591.2</ele></trkpt>
      <trkpt lat="46.57443739538437" lon="7.861453905353724">
      <ele>2592.7</ele></trkpt>
      <trkpt lat="46.57443899263306" lon="7.861430763262258">
      <ele>2594.1</ele></trkpt>
      <trkpt lat="46.57446197232312" lon="7.86144646613965">
      <ele>2595.5</ele></trkpt>
      <trkpt lat="46.57448268897818" lon="7.861449015196653">
      <ele>2596.9</ele></trkpt>
      <trkpt lat="46.57451803055687" lon="7.861430337145732">
      <ele>2598.4</ele></trkpt>
      <trkpt lat="46.574542602582596" lon="7.8614266417443694">
      <ele>2599.8</ele></trkpt>
      <trkpt lat="46.57451281124022" lon="7.861370277033474">
      <ele>2601.2</ele></trkpt>
      <trkpt lat="46.5745565473895" lon="7.8613753930841295">
      <ele>2602.7</ele></trkpt>
      <trkpt lat="46.57458728758016" lon="7.861357944370173">
      <ele>2604.1</ele></trkpt>
      <trkpt lat="46.57460530028835" lon="7.861366746860238">
      <ele>2606.1</ele></trkpt>
      <trkpt lat="46.57462987985325" lon="7.861356176834197">
      <ele>2608.1</ele></trkpt>
      <trkpt lat="46.574654485302965" lon="7.861336214686926">
      <ele>2610.1</ele></trkpt>
      <trkpt lat="46.574667507458756" lon="7.861346882753507">
      <ele>2612.1</ele></trkpt>
      <trkpt lat="46.57471092769387" lon="7.861323219296444">
      <ele>2614.1</ele></trkpt>
      <trkpt lat="46.5747867633574" lon="7.861378443694928">
      <ele>2616.1</ele></trkpt>
      <trkpt lat="46.57485642910899" lon="7.861443038485046">
      <ele>2618.1</ele></trkpt>
      <trkpt lat="46.57486032923973" lon="7.861419901159666">
      <ele>2620.1</ele></trkpt>
      <trkpt lat="46.574959186980806" lon="7.861474562160802">
      <ele>2622.1</ele></trkpt>
      <trkpt lat="46.575004782852474" lon="7.86149969079968">
      <ele>2624.1</ele></trkpt>
      <trkpt lat="46.57502169614163" lon="7.861487221514876">
      <ele>2626.0</ele></trkpt>
      <trkpt lat="46.57508414599874" lon="7.861525526873379">
      <ele>2628.0</ele></trkpt>
      <trkpt lat="46.57512442349501" lon="7.861529376802356">
      <ele>2630.0</ele></trkpt>
      <trkpt lat="46.575189969376986" lon="7.861555170223527">
      <ele>2632.0</ele></trkpt>
      <trkpt lat="46.57519922331649" lon="7.8615389362759736">
      <ele>2634.0</ele></trkpt>
      <trkpt lat="46.57524751847968" lon="7.861559063841388">
      <ele>2636.0</ele></trkpt>
      <trkpt lat="46.575274273318506" lon="7.861599790788481">
      <ele>2638.0</ele></trkpt>
      <trkpt lat="46.575296403228634" lon="7.86165050021311">
      <ele>2640.0</ele></trkpt>
      <trkpt lat="46.575313167920186" lon="7.8616949582982505">
      <ele>2642.0</ele></trkpt>
      <trkpt lat="46.5753184368425" lon="7.861734369419889">
      <ele>2644.0</ele></trkpt>
      <trkpt lat="46.57533101544214" lon="7.861767549991084">
      <ele>2642.2</ele></trkpt>
      <trkpt lat="46.57533586869718" lon="7.861821972729381">
      <ele>2640.3</ele></trkpt>
      <trkpt lat="46.57534386272578" lon="7.861847016504969">
      <ele>2638.5</ele></trkpt>
      <trkpt lat="46.57538398423445" lon="7.861912164192852">
      <ele>2636.7</ele></trkpt>
      <trkpt lat="46.57541393952479" lon="7.861895348585812">
      <ele>2634.9</ele></trkpt>
      <trkpt lat="46.57542349080458" lon="7.861874159829144">
      <ele>2633.1</ele></trkpt>
      <trkpt lat="46.5754606772321" lon="7.8618698196504555">
      <ele>2631.2</ele></trkpt>
      <trkpt lat="46.575483175797864" lon="7.861850388846672">
      <ele>2629.4</ele></trkpt>
      <trkpt lat="46.57550146345463" lon="7.861850557950728">
      <ele>2627.6</ele></trkpt>
      <trkpt lat="46.575460455970955" lon="7.861774484512194">
      <ele>2625.8</ele></trkpt>
      <trkpt lat="46.57545228499975" lon="7.8617510568991">
      <ele>2623.9</ele></trkpt>
      <trkpt lat="46.575446415261" lon="7.861742596936027">
      <ele>2622.1</ele></trkpt>
      <trkpt lat="46.57546130180581" lon="7.861709083119103">
      <ele>2620.3</ele></trkpt>
      <trkpt lat="46.57551933625776" lon="7.8616525819523355">
      <ele>2618.4</ele></trkpt>
      <trkpt lat="46.57556481722815" lon="7.861640844650945">
      <ele>2616.6</ele></trkpt>
      <trkpt lat="46.57553444154226" lon="7.861560197272423">
      <ele>2614.8</ele></trkpt>
      <trkpt lat="46.57550990080911" lon="7.861497362983627">
      <ele>2613.0</ele></trkpt>
      <trkpt lat="46.57547819034248" lon="7.8614587757200916">
      <ele>2611.2</ele></trkpt>
      <trkpt lat="46.575555520651704" lon="7.861448239389381">
      <ele>2609.3</ele></trkpt>
      <trkpt lat="46.57550211574476" lon="7.861374874033708">
      <ele>2607.5</ele></trkpt>
      <trkpt lat="46.575510429092716" lon="7.861359989303761">
      <ele>2605.5</ele></trkpt>
      <trkpt lat="46.57552819105487" lon="7.861344265215198">
      <ele>2603.5</ele></trkpt>
      <trkpt lat="46.57550896444612" lon="7.861279607086993">
      <ele>2601.5</ele></trkpt>
      <trkpt lat="46.575592291452324" lon="7.861245766585441">
      <ele>2599.5</ele></trkpt>
      <trkpt lat="46.57561126648083" lon="7.861220711608946">
      <ele>2597.5</ele></trkpt>
      <trkpt lat="46.57566356175212" lon="7.861227120720031">
      <ele>2595.5</ele></trkpt>
      <trkpt lat="46.57564998235753" lon="7.8611266585732">
      <ele>2593.5</ele></trkpt>
      <trkpt lat="46.575628948807804" lon="7.8610713396206995">
      <ele>2591.5</ele></trkpt>
      <trkpt lat="46.575646130924696" lon="7.861051866928067">
      <ele>2589.5</ele></trkpt>
      <trkpt lat="46.575672799847595" lon="7.8610212625062434">
      <ele>2587.6</ele></trkpt>
      <trkpt lat="46.57575058855662" lon="7.861047177223345">
      <ele>2585.6</ele></trkpt>
      <trkpt lat="46.57572548501335" lon="7.860975937457094">
      <ele>2583.6</ele></trkpt>
      <trkpt lat="46.575688000343554" lon="7.860905501263825">
      <ele>2581.6</ele></trkpt>
      <trkpt lat="46.575668054937594" lon="7.860874493915045">
      <ele>2579.6</ele></trkpt>
      <trkpt lat="46.575667563870326" lon="7.860849247768572">
      <ele>2577.6</ele></trkpt>
      <trkpt lat="46.57564890290861" lon="7.860792081962838">
      <ele>2575.6</ele></trkpt>
      <trkpt lat="46.57568722613731" lon="7.860798955656116">
      <ele>2573.6</ele></trkpt>
      <trkpt lat="46.57570963230555" lon="7.860801961237174">
      <ele>2571.6</ele></trkpt>
      <trkpt lat="46.57573552723205" lon="7.860819943767221">
      <ele>2569.6</ele></trkpt>
      <trkpt lat="46.57574554322619" lon="7.8608237789055">
      <ele>2567.6</ele></trkpt>
      <trkpt lat="46.575777296834616" lon="7.860824117941259">
      <ele>2565.6</ele></trkpt>
      <trkpt lat="46.57582053685598" lon="7.860800504355222">
      <ele>2563.7</ele></trkpt>
      <trkpt lat="46.57585491060801" lon="7.860768668339805">
      <ele>2561.7</ele></trkpt>
      <trkpt lat="46.57586152312704" lon="7.860736954928811">
      <ele>2559.8</ele></trkpt>
      <trkpt lat="46.57591288910579" lon="7.860727128145783">
      <ele>2557.8</ele></trkpt>
      <trkpt lat="46.57590472831939" lon="7.860700895862114">
      <ele>2555.9</ele></trkpt>
      <trkpt lat="46.57589834659626" lon="7.860672798954694">
      <ele>2553.9</ele></trkpt>
      <trkpt lat="46.57595317706439" lon="7.8606844975990775">
      <ele>2552.0</ele></trkpt>
      <trkpt lat="46.57594447112895" lon="7.860645163679823">
      <ele>2550.0</ele></trkpt>
      <trkpt lat="46.575936341517746" lon="7.860610517489793">
      <ele>2548.1</ele></trkpt>
      <trkpt lat="46.57591015188512" lon="7.8605943720663225">
      <ele>2546.1</ele></trkpt>
      <trkpt lat="46.57588487097572" lon="7.860493244421026">
      <ele>2544.1</ele></trkpt>
      <trkpt lat="46.57592556345885" lon="7.860499210193469">
      <ele>2542.2</ele></trkpt>
      <trkpt lat="46.57594279745027" lon="7.860465714038262">
      <ele>2540.2</ele></trkpt>
      <trkpt lat="46.575935313402674" lon="7.860417062376105">
      <ele>2538.3</ele></trkpt>
      <trkpt lat="46.575943069618546" lon="7.860394698144909">
      <ele>2536.3</ele></trkpt>
      <trkpt lat="46.57598034812191" lon="7.860367919883596">
      <ele>2534.4</ele></trkpt>
      <trkpt lat="46.57596575696676" lon="7.860326674674642">
      <ele>2532.4</ele></trkpt>
      <trkpt lat="46.57597476773126" lon="7.860283760961784">
      <ele>2530.5</ele></trkpt>
      <trkpt lat="46.57597115872899" lon="7.860148219339806">
      <ele>2528.5</ele></trkpt>
      <trkpt lat="46.57600364324964" lon="7.860138231871648">
      <ele>2527.0</ele></trkpt>
      <trkpt lat="46.57601312997136" lon="7.860127099928069">
      <ele>2525.6</ele></trkpt>
      <trkpt lat="46.5761088260301" lon="7.860098036905206">
      <ele>2524.1</ele></trkpt>
      <trkpt lat="46.57611716688768" lon="7.860075677109977">
      <ele>2522.6</ele></trkpt>
      <trkpt lat="46.576137844549265" lon="7.860069328564939">
      <ele>2521.2</ele></trkpt>
      <trkpt lat="46.576153941544234" lon="7.860024604381912">
      <ele>2519.7</ele></trkpt>
      <trkpt lat="46.57617583566291" lon="7.86000798563125">
      <ele>2518.2</ele></trkpt>
      <trkpt lat="46.57617714070102" lon="7.859976217573088">
      <ele>2516.8</ele></trkpt>
      <trkpt lat="46.57619134102404" lon="7.859965122263337">
      <ele>2515.3</ele></trkpt>
      <trkpt lat="46.57619679910527" lon="7.859926863900818">
      <ele>2513.8</ele></trkpt>
      <trkpt lat="46.5762434652531" lon="7.859913255711874">
      <ele>2512.4</ele></trkpt>
      <trkpt lat="46.576236562246216" lon="7.859865534593736">
      <ele>2510.9</ele></trkpt>
      <trkpt lat="46.57624610773999" lon="7.859838513882249">
      <ele>2509.5</ele></trkpt>
      <trkpt lat="46.57627205471386" lon="7.859842472869469">
      <ele>2508.0</ele></trkpt>
      <trkpt lat="46.576262777588255" lon="7.8597994034645495">
      <ele>2506.5</ele></trkpt>
      <trkpt lat="46.57627171898912" lon="7.859775182760182">
      <ele>2505.1</ele></trkpt>
      <trkpt lat="46.57626965124259" lon="7.8596994649775995">
      <ele>2503.6</ele></trkpt>
      <trkpt lat="46.576266374697944" lon="7.8596611255338775">
      <ele>2502.1</ele></trkpt>
      <trkpt lat="46.57626108872867" lon="7.8596236966770885">
      <ele>2500.7</ele></trkpt>
      <trkpt lat="46.57626012673003" lon="7.859567607595931">
      <ele>2499.2</ele></trkpt>
      <trkpt lat="46.57628140291301" lon="7.85955751950274">
      <ele>2497.1</ele></trkpt>
      <trkpt lat="46.57629452708064" lon="7.859521186131989">
      <ele>2495.0</ele></trkpt>
      <trkpt lat="46.57630419688447" lon="7.859460522530597">
      <ele>2492.9</ele></trkpt>
      <trkpt lat="46.576300199164706" lon="7.859403105277528">
      <ele>2490.7</ele></trkpt>
      <trkpt lat="46.57627897602552" lon="7.859272291884841">
      <ele>2488.6</ele></trkpt>
      <trkpt lat="46.57632445621167" lon="7.859117054323753">
      <ele>2486.5</ele></trkpt>
      <trkpt lat="46.57632839843949" lon="7.859048297183427">
      <ele>2484.4</ele></trkpt>
      <trkpt lat="46.5763662132533" lon="7.858946850727776">
      <ele>2482.3</ele></trkpt>
      <trkpt lat="46.57636836985497" lon="7.858845166386808">
      <ele>2480.2</ele></trkpt>
      <trkpt lat="46.57640061460115" lon="7.858719764442633">
      <ele>2478.1</ele></trkpt>
      <trkpt lat="46.57638777068597" lon="7.858611975825235">
      <ele>2475.9</ele></trkpt>
      <trkpt lat="46.57642566634382" lon="7.858483630165286">
      <ele>2473.8</ele></trkpt>
      <trkpt lat="46.576416755037684" lon="7.858307071132621">
      <ele>2471.7</ele></trkpt>
      <trkpt lat="46.576421618872516" lon="7.858134584712253">
      <ele>2469.6</ele></trkpt>
      <trkpt lat="46.57643573973147" lon="7.858076655603089">
      <ele>2467.5</ele></trkpt>
      <trkpt lat="46.576444056060666" lon="7.85806084391917">
      <ele>2465.4</ele></trkpt>
      <trkpt lat="46.57648653932342" lon="7.858059346834819">
      <ele>2463.2</ele></trkpt>
      <trkpt lat="46.57649366557172" lon="7.858049135398149">
      <ele>2461.1</ele></trkpt>
      <trkpt lat="46.57649515596832" lon="7.857966909245025">
      <ele>2459.0</ele></trkpt>
      <trkpt lat="46.576492930550984" lon="7.857906805255131">
      <ele>2456.9</ele></trkpt>
      <trkpt lat="46.57646892173354" lon="7.8577600551375">
      <ele>2455.1</ele></trkpt>
      <trkpt lat="46.576427883997354" lon="7.857667024329355">
      <ele>2453.4</ele></trkpt>
      <trkpt lat="46.57637194386407" lon="7.8575290285880675">
      <ele>2451.6</ele></trkpt>
      <trkpt lat="46.57636462282383" lon="7.857460184109927">
      <ele>2449.9</ele></trkpt>
      <trkpt lat="46.57636298298567" lon="7.8573704328780805">
      <ele>2448.1</ele></trkpt>
      <trkpt lat="46.57634260058197" lon="7.857274548876118">
      <ele>2446.4</ele></trkpt>
      <trkpt lat="46.57633461694244" lon="7.857229285215224">
      <ele>2444.6</ele></trkpt>
      <trkpt lat="46.576317597241314" lon="7.8571803120493655">
      <ele>2442.9</ele></trkpt>
      <trkpt lat="46.57632072510896" lon="7.857134547313769">
      <ele>2441.1</ele></trkpt>
      <trkpt lat="46.57631386431845" lon="7.857077473354009">
      <ele>2439.4</ele></trkpt>
      <trkpt lat="46.57634271171813" lon="7.856938477142031">
      <ele>2437.6</ele></trkpt>
      <trkpt lat="46.57633398042367" lon="7.856905692087305">
      <ele>2435.8</ele></trkpt>
      <trkpt lat="46.57633193823137" lon="7.856822499593438">
      <ele>2434.1</ele></trkpt>
      <trkpt lat="46.57632843052832" lon="7.8568149844972766">
      <ele>2432.3</ele></trkpt>
      <trkpt lat="46.576326883700574" lon="7.856756099198453">
      <ele>2430.6</ele></trkpt>
      <trkpt lat="46.576313428481065" lon="7.856726069377053">
      <ele>2428.8</ele></trkpt>
      <trkpt lat="46.57630071792266" lon="7.856654939667962">
      <ele>2427.1</ele></trkpt>
      <trkpt lat="46.57628729357526" lon="7.856616495925926">
      <ele>2425.3</ele></trkpt>
      <trkpt lat="46.57628589421138" lon="7.856517419342334">
      <ele>2423.6</ele></trkpt>
      <trkpt lat="46.57628981787432" lon="7.856416531429776">
      <ele>2421.8</ele></trkpt>
      <trkpt lat="46.57626997469208" lon="7.856364692900322">
      <ele>2420.4</ele></trkpt>
      <trkpt lat="46.576227081665635" lon="7.856259686684636">
      <ele>2419.0</ele></trkpt>
      <trkpt lat="46.57619732893949" lon="7.856157769376338">
      <ele>2417.6</ele></trkpt>
      <trkpt lat="46.57615997124496" lon="7.856088693613395">
      <ele>2416.3</ele></trkpt>
      <trkpt lat="46.576103768146766" lon="7.856046424034367">
      <ele>2414.9</ele></trkpt>
      <trkpt lat="46.576078335483686" lon="7.856017476208162">
      <ele>2413.5</ele></trkpt>
      <trkpt lat="46.57606192267181" lon="7.855989302411899">
      <ele>2412.1</ele></trkpt>
      <trkpt lat="46.57604839999706" lon="7.855975161477236">
      <ele>2410.7</ele></trkpt>
      <trkpt lat="46.57600912979867" lon="7.855907532347696">
      <ele>2409.3</ele></trkpt>
      <trkpt lat="46.57599558310692" lon="7.855899939951941">
      <ele>2407.9</ele></trkpt>
      <trkpt lat="46.57597211145255" lon="7.855866089333947">
      <ele>2406.6</ele></trkpt>
      <trkpt lat="46.57596166130263" lon="7.855821133310711">
      <ele>2405.2</ele></trkpt>
      <trkpt lat="46.575918787146584" lon="7.855728025477614">
      <ele>2403.8</ele></trkpt>
      <trkpt lat="46.575916646313395" lon="7.8556985268720165">
      <ele>2402.4</ele></trkpt>
      <trkpt lat="46.57590626794499" lon="7.855648692584615">
      <ele>2401.0</ele></trkpt>
      <trkpt lat="46.57586828552641" lon="7.855551161222921">
      <ele>2399.6</ele></trkpt>
      <trkpt lat="46.57585090985517" lon="7.855464094392831">
      <ele>2398.3</ele></trkpt>
      <trkpt lat="46.575875203364404" lon="7.855438138988769">
      <ele>2396.9</ele></trkpt>
      <trkpt lat="46.575901779622" lon="7.85542996867099">
      <ele>2395.5</ele></trkpt>
      <trkpt lat="46.575898927098514" lon="7.855405643540738">
      <ele>2394.1</ele></trkpt>
      <trkpt lat="46.57591673614431" lon="7.855376833438876">
      <ele>2392.4</ele></trkpt>
      <trkpt lat="46.57596932317934" lon="7.855367519726692">
      <ele>2390.6</ele></trkpt>
      <trkpt lat="46.57608691285081" lon="7.85530916079285">
      <ele>2388.9</ele></trkpt>
      <trkpt lat="46.576082868191925" lon="7.855288570385633">
      <ele>2387.2</ele></trkpt>
      <trkpt lat="46.57609356830425" lon="7.855265301819328">
      <ele>2385.4</ele></trkpt>
      <trkpt lat="46.57608492764425" lon="7.855210080109024">
      <ele>2383.7</ele></trkpt>
      <trkpt lat="46.576102661399936" lon="7.85520182853761">
      <ele>2382.0</ele></trkpt>
      <trkpt lat="46.576077600855925" lon="7.855120298701408">
      <ele>2380.3</ele></trkpt>
      <trkpt lat="46.57605942939332" lon="7.855085915169337">
      <ele>2378.5</ele></trkpt>
      <trkpt lat="46.576061450503715" lon="7.855035080478536">
      <ele>2376.8</ele></trkpt>
      <trkpt lat="46.57604468907949" lon="7.854984101281867">
      <ele>2375.1</ele></trkpt>
      <trkpt lat="46.576044868757776" lon="7.8549153022275355">
      <ele>2373.3</ele></trkpt>
      <trkpt lat="46.57602550772269" lon="7.854854427869636">
      <ele>2371.6</ele></trkpt>
      <trkpt lat="46.57601746520905" lon="7.854795479967472">
      <ele>2369.9</ele></trkpt>
      <trkpt lat="46.57599541291697" lon="7.854698097573155">
      <ele>2368.2</ele></trkpt>
      <trkpt lat="46.575956695959974" lon="7.854638874796267">
      <ele>2366.4</ele></trkpt>
      <trkpt lat="46.5759328099851" lon="7.854558293724068">
      <ele>2364.7</ele></trkpt>
      <trkpt lat="46.575907280321594" lon="7.8544449958363565">
      <ele>2363.0</ele></trkpt>
      <trkpt lat="46.57588389700736" lon="7.854386843433937">
      <ele>2361.2</ele></trkpt>
      <trkpt lat="46.57585805909778" lon="7.854352975368546">
      <ele>2359.5</ele></trkpt>
      <trkpt lat="46.575829928007664" lon="7.854304126925789">
      <ele>2358.7</ele></trkpt>
      <trkpt lat="46.57579354712499" lon="7.854250545012949">
      <ele>2357.8</ele></trkpt>
      <trkpt lat="46.57576712447005" lon="7.85421667257911">
      <ele>2357.0</ele></trkpt>
      <trkpt lat="46.57574545513801" lon="7.85417442256385">
      <ele>2356.1</ele></trkpt>
      <trkpt lat="46.57571724939252" lon="7.854148467946377">
      <ele>2355.3</ele></trkpt>
      <trkpt lat="46.57568384357066" lon="7.854083233705485">
      <ele>2354.4</ele></trkpt>
      <trkpt lat="46.575645116009746" lon="7.8540268293749005">
      <ele>2353.6</ele></trkpt>
      <trkpt lat="46.57562575905004" lon="7.853996755319307">
      <ele>2352.7</ele></trkpt>
      <trkpt lat="46.57561700305978" lon="7.8539705065884995">
      <ele>2351.9</ele></trkpt>
      <trkpt lat="46.575608786167166" lon="7.853959224737505">
      <ele>2351.1</ele></trkpt>
      <trkpt lat="46.57558543158146" lon="7.853959697759383">
      <ele>2350.2</ele></trkpt>
      <trkpt lat="46.57556767451118" lon="7.85391026407402">
      <ele>2349.4</ele></trkpt>
      <trkpt lat="46.57551674770082" lon="7.853802342679079">
      <ele>2348.5</ele></trkpt>
      <trkpt lat="46.5754693206623" lon="7.853706606334869">
      <ele>2347.7</ele></trkpt>
      <trkpt lat="46.57545601456373" lon="7.853635460846898">
      <ele>2346.8</ele></trkpt>
      <trkpt lat="46.57543148985684" lon="7.853567034068007">
      <ele>2346.0</ele></trkpt>
      <trkpt lat="46.57540164081463" lon="7.853503223619863">
      <ele>2345.1</ele></trkpt>
      <trkpt lat="46.57537141728949" lon="7.85335208683312">
      <ele>2344.3</ele></trkpt>
      <trkpt lat="46.575341696537116" lon="7.853238210699025">
      <ele>2343.4</ele></trkpt>
      <trkpt lat="46.575306384822845" lon="7.853103341551405">
      <ele>2342.6</ele></trkpt>
      <trkpt lat="46.5752710018246" lon="7.8529954230498396">
      <ele>2341.7</ele></trkpt>
      <trkpt lat="46.575235686022594" lon="7.8528665418687105">
      <ele>2340.8</ele></trkpt>
      <trkpt lat="46.575192824246365" lon="7.852749591473899">
      <ele>2340.0</ele></trkpt>
      <trkpt lat="46.575168546799105" lon="7.852704543959045">
      <ele>2339.1</ele></trkpt>
      <trkpt lat="46.57515574634586" lon="7.852575822384547">
      <ele>2338.2</ele></trkpt>
      <trkpt lat="46.575122373840266" lon="7.852417057508256">
      <ele>2337.3</ele></trkpt>
      <trkpt lat="46.57504783708991" lon="7.85221611691502">
      <ele>2336.5</ele></trkpt>
      <trkpt lat="46.57501810806122" lon="7.852099254735218">
      <ele>2335.6</ele></trkpt>
      <trkpt lat="46.57503137030561" lon="7.85205149408906">
      <ele>2334.7</ele></trkpt>
      <trkpt lat="46.57502225658115" lon="7.8519527132503315">
      <ele>2333.8</ele></trkpt>
      <trkpt lat="46.57502840467259" lon="7.85175833808933">
      <ele>2333.0</ele></trkpt>
      <trkpt lat="46.575017519451805" lon="7.851614682172354">
      <ele>2332.1</ele></trkpt>
      <trkpt lat="46.57504027793639" lon="7.8515280807373635">
      <ele>2331.2</ele></trkpt>
      <trkpt lat="46.575014165182736" lon="7.851468070378014">
      <ele>2330.3</ele></trkpt>
      <trkpt lat="46.57497490278031" lon="7.851404998578527">
      <ele>2329.5</ele></trkpt>
      <trkpt lat="46.574911570534965" lon="7.85122208214027">
      <ele>2328.6</ele></trkpt>
      <trkpt lat="46.574861326193584" lon="7.85105421534664">
      <ele>2327.7</ele></trkpt>
      <trkpt lat="46.574788542411945" lon="7.850895165110221">
      <ele>2326.8</ele></trkpt>
      <trkpt lat="46.57477007065088" lon="7.850784377564979">
      <ele>2326.0</ele></trkpt>
      <trkpt lat="46.57474206845829" lon="7.850724353479903">
      <ele>2325.1</ele></trkpt>
      <trkpt lat="46.574719708205365" lon="7.850661385132562">
      <ele>2325.2</ele></trkpt>
      <trkpt lat="46.57468549113415" lon="7.850573684805884">
      <ele>2325.3</ele></trkpt>
      <trkpt lat="46.574640939432896" lon="7.8504979985352">
      <ele>2325.5</ele></trkpt>
      <trkpt lat="46.5746229636583" lon="7.850471302392192">
      <ele>2325.6</ele></trkpt>
      <trkpt lat="46.5745986749702" lon="7.850404249620733">
      <ele>2325.7</ele></trkpt>
      <trkpt lat="46.57455316857331" lon="7.850311441510988">
      <ele>2325.8</ele></trkpt>
      <trkpt lat="46.57448967913792" lon="7.850193907288166">
      <ele>2326.0</ele></trkpt>
      <trkpt lat="46.574471108914835" lon="7.850152466147211">
      <ele>2326.1</ele></trkpt>
      <trkpt lat="46.574426536173235" lon="7.850085011643908">
      <ele>2326.2</ele></trkpt>
      <trkpt lat="46.57439088358071" lon="7.850075778806897">
      <ele>2326.3</ele></trkpt>
      <trkpt lat="46.57437216589771" lon="7.850057699902616">
      <ele>2326.5</ele></trkpt>
      <trkpt lat="46.57437986460316" lon="7.849985972871759">
      <ele>2326.6</ele></trkpt>
      <trkpt lat="46.57433342359597" lon="7.849803175408054">
      <ele>2326.7</ele></trkpt>
      <trkpt lat="46.57434730424886" lon="7.849753293206701">
      <ele>2326.8</ele></trkpt>
      <trkpt lat="46.57439389191869" lon="7.849726200836757">
      <ele>2327.0</ele></trkpt>
      <trkpt lat="46.57440689971874" lon="7.8496988011839255">
      <ele>2327.1</ele></trkpt>
      <trkpt lat="46.57441218922363" lon="7.849666411958602">
      <ele>2327.2</ele></trkpt>
      <trkpt lat="46.574399475989026" lon="7.849612244670758">
      <ele>2327.3</ele></trkpt>
      <trkpt lat="46.574382145796" lon="7.849583584079296">
      <ele>2327.5</ele></trkpt>
      <trkpt lat="46.57437157410579" lon="7.849551674487854">
      <ele>2327.6</ele></trkpt>
      <trkpt lat="46.5743726351898" lon="7.849534346002504">
      <ele>2326.8</ele></trkpt>
      <trkpt lat="46.574376561868235" lon="7.849520626593368">
      <ele>2326.1</ele></trkpt>
      <trkpt lat="46.5743507395757" lon="7.849519413050546">
      <ele>2325.3</ele></trkpt>
      <trkpt lat="46.5743308418827" lon="7.849486793496055">
      <ele>2324.6</ele></trkpt>
      <trkpt lat="46.57431868046916" lon="7.849459163621889">
      <ele>2323.8</ele></trkpt>
      <trkpt lat="46.57431755810085" lon="7.849411228548225">
      <ele>2323.0</ele></trkpt>
      <trkpt lat="46.574299156926045" lon="7.849270505240453">
      <ele>2322.3</ele></trkpt>
      <trkpt lat="46.574280893882225" lon="7.849078960616183">
      <ele>2321.5</ele></trkpt>
      <trkpt lat="46.57427967677639" lon="7.848827682849446">
      <ele>2320.8</ele></trkpt>
      <trkpt lat="46.57425580520931" lon="7.8486271081110175">
      <ele>2320.0</ele></trkpt>
      <trkpt lat="46.57422992588633" lon="7.848474379598621">
      <ele>2319.2</ele></trkpt>
      <trkpt lat="46.57427310595254" lon="7.848471693252661">
      <ele>2318.5</ele></trkpt>
      <trkpt lat="46.57427896671862" lon="7.848387977112259">
      <ele>2317.7</ele></trkpt>
      <trkpt lat="46.574290302537605" lon="7.848355150955949">
      <ele>2317.0</ele></trkpt>
      <trkpt lat="46.574341119353896" lon="7.848307648237519">
      <ele>2316.2</ele></trkpt>
      <trkpt lat="46.57438825850822" lon="7.848227205551709">
      <ele>2315.4</ele></trkpt>
      <trkpt lat="46.57439033740221" lon="7.848149461201746">
      <ele>2314.7</ele></trkpt>
      <trkpt lat="46.57443171803841" lon="7.848116849211556">
      <ele>2313.9</ele></trkpt>
      <trkpt lat="46.57445817659928" lon="7.848051225235998">
      <ele>2313.2</ele></trkpt>
      <trkpt lat="46.574460267911" lon="7.847967493300483">
      <ele>2312.4</ele></trkpt>
      <trkpt lat="46.57448486960985" lon="7.847892880334225">
      <ele>2311.6</ele></trkpt>
      <trkpt lat="46.57453936931473" lon="7.847869329097891">
      <ele>2310.8</ele></trkpt>
      <trkpt lat="46.57452609878711" lon="7.847837321076794">
      <ele>2310.0</ele></trkpt>
      <trkpt lat="46.57453321503853" lon="7.847824630075828">
      <ele>2309.2</ele></trkpt>
      <trkpt lat="46.57455703612379" lon="7.847816996322866">
      <ele>2308.3</ele></trkpt>
      <trkpt lat="46.57461185104509" lon="7.847773319145645">
      <ele>2307.5</ele></trkpt>
      <trkpt lat="46.57463710499601" lon="7.847727435604327">
      <ele>2306.7</ele></trkpt>
      <trkpt lat="46.574635931495166" lon="7.847696027746078">
      <ele>2305.9</ele></trkpt>
      <trkpt lat="46.57466173273167" lon="7.84765053963079">
      <ele>2305.1</ele></trkpt>
      <trkpt lat="46.57467518836457" lon="7.847616033275565">
      <ele>2304.3</ele></trkpt>
      <trkpt lat="46.57467723290825" lon="7.847550237337937">
      <ele>2303.5</ele></trkpt>
      <trkpt lat="46.57468102725413" lon="7.847503174009883">
      <ele>2302.7</ele></trkpt>
      <trkpt lat="46.574694603384785" lon="7.8474826917600735">
      <ele>2301.9</ele></trkpt>
      <trkpt lat="46.57470428527" lon="7.847471976787058">
      <ele>2301.1</ele></trkpt>
      <trkpt lat="46.5747263293126" lon="7.8474231206371865">
      <ele>2300.2</ele></trkpt>
      <trkpt lat="46.5747418500407" lon="7.847399704893176">
      <ele>2299.4</ele></trkpt>
      <trkpt lat="46.574762197430964" lon="7.84736238059806">
      <ele>2298.6</ele></trkpt>
      <trkpt lat="46.57478122821072" lon="7.847260813251351">
      <ele>2297.8</ele></trkpt>
      <trkpt lat="46.5748001268979" lon="7.847216068434727">
      <ele>2297.0</ele></trkpt>
      <trkpt lat="46.57486605125416" lon="7.8471297913436455">
      <ele>2296.2</ele></trkpt>
      <trkpt lat="46.57484368728861" lon="7.847069811609272">
      <ele>2294.1</ele></trkpt>
      <trkpt lat="46.574905988871336" lon="7.846932657804975">
      <ele>2292.0</ele></trkpt>
      <trkpt lat="46.57499078111576" lon="7.846807609437909">
      <ele>2289.9</ele></trkpt>
      <trkpt lat="46.57498738667338" lon="7.846672986064302">
      <ele>2287.7</ele></trkpt>
      <trkpt lat="46.574969414338575" lon="7.8466099478410865">
      <ele>2285.6</ele></trkpt>
      <trkpt lat="46.57502699024081" lon="7.84660147217321">
      <ele>2283.5</ele></trkpt>
      <trkpt lat="46.574985946799806" lon="7.846502477745691">
      <ele>2281.4</ele></trkpt>
      <trkpt lat="46.57495051860885" lon="7.846415474942047">
      <ele>2279.3</ele></trkpt>
      <trkpt lat="46.574881593789065" lon="7.846304908636591">
      <ele>2277.2</ele></trkpt>
      <trkpt lat="46.574861346275576" lon="7.846254167926127">
      <ele>2275.1</ele></trkpt>
      <trkpt lat="46.57488988516956" lon="7.846240346541226">
      <ele>2272.9</ele></trkpt>
      <trkpt lat="46.57488869305948" lon="7.846229092838446">
      <ele>2270.8</ele></trkpt>
      <trkpt lat="46.57489865300533" lon="7.846216057700911">
      <ele>2268.7</ele></trkpt>
      <trkpt lat="46.57490776221088" lon="7.846171799638441">
      <ele>2266.6</ele></trkpt>
      <trkpt lat="46.57490262059537" lon="7.846065170822156">
      <ele>2264.5</ele></trkpt>
      <trkpt lat="46.574942177528925" lon="7.846011606082521">
      <ele>2262.4</ele></trkpt>
      <trkpt lat="46.57497034406295" lon="7.846008817768344">
      <ele>2260.2</ele></trkpt>
      <trkpt lat="46.57498546072671" lon="7.845970031526621">
      <ele>2258.1</ele></trkpt>
      <trkpt lat="46.57498366972788" lon="7.845940105984411">
      <ele>2256.0</ele></trkpt>
      <trkpt lat="46.57497216562947" lon="7.845909546414813">
      <ele>2253.9</ele></trkpt>
      <trkpt lat="46.574946994920985" lon="7.845874553097575">
      <ele>2253.0</ele></trkpt>
      <trkpt lat="46.57493784900472" lon="7.845836079986037">
      <ele>2252.0</ele></trkpt>
      <trkpt lat="46.57492429461523" lon="7.845815367007414">
      <ele>2251.1</ele></trkpt>
      <trkpt lat="46.57491395988265" lon="7.845764701014534">
      <ele>2250.2</ele></trkpt>
      <trkpt lat="46.57491472796406" lon="7.845723497860389">
      <ele>2249.2</ele></trkpt>
      <trkpt lat="46.57492971806414" lon="7.8456898894660405">
      <ele>2248.3</ele></trkpt>
      <trkpt lat="46.57493227111514" lon="7.8456702499538125">
      <ele>2247.4</ele></trkpt>
      <trkpt lat="46.57491323895165" lon="7.8456242017045765">
      <ele>2246.5</ele></trkpt>
      <trkpt lat="46.57491158258143" lon="7.845604400091413">
      <ele>2245.5</ele></trkpt>
      <trkpt lat="46.574898278280244" lon="7.845571596415919">
      <ele>2244.6</ele></trkpt>
      <trkpt lat="46.57487016681175" lon="7.845548921686805">
      <ele>2243.7</ele></trkpt>
      <trkpt lat="46.57483607853915" lon="7.845544882356393">
      <ele>2242.7</ele></trkpt>
      <trkpt lat="46.574833757913254" lon="7.845512096094603">
      <ele>2241.8</ele></trkpt>
      <trkpt lat="46.574819038044986" lon="7.845472641990241">
      <ele>2240.9</ele></trkpt>
      <trkpt lat="46.57483911511114" lon="7.845402546073577">
      <ele>2240.0</ele></trkpt>
      <trkpt lat="46.57483821936457" lon="7.845366235354321">
      <ele>2239.0</ele></trkpt>
      <trkpt lat="46.57482959296025" lon="7.845277986940022">
      <ele>2238.1</ele></trkpt>
      <trkpt lat="46.57485081061213" lon="7.84505977451342">
      <ele>2237.2</ele></trkpt>
      <trkpt lat="46.57485498548475" lon="7.844898270690392">
      <ele>2236.2</ele></trkpt>
      <trkpt lat="46.57485528650233" lon="7.844778638040024">
      <ele>2235.3</ele></trkpt>
      <trkpt lat="46.5748443998535" lon="7.844637958281315">
      <ele>2234.5</ele></trkpt>
      <trkpt lat="46.57486536322196" lon="7.844518467574744">
      <ele>2233.7</ele></trkpt>
      <trkpt lat="46.57482443296603" lon="7.844374601406053">
      <ele>2233.0</ele></trkpt>
      <trkpt lat="46.57481354907057" lon="7.844227960312068">
      <ele>2232.2</ele></trkpt>
      <trkpt lat="46.574810368966936" lon="7.8440095778479195">
      <ele>2231.4</ele></trkpt>
      <trkpt lat="46.57479566794553" lon="7.843883845350534">
      <ele>2230.6</ele></trkpt>
      <trkpt lat="46.57482212401876" lon="7.8438182319083625">
      <ele>2229.8</ele></trkpt>
      <trkpt lat="46.57483352409517" lon="7.843764454833506">
      <ele>2229.1</ele></trkpt>
      <trkpt lat="46.57485064535379" lon="7.843677834334922">
      <ele>2228.3</ele></trkpt>
      <trkpt lat="46.574879053481084" lon="7.843579323002866">
      <ele>2227.5</ele></trkpt>
      <trkpt lat="46.57486999376918" lon="7.843450645378362">
      <ele>2226.7</ele></trkpt>
      <trkpt lat="46.57488741266287" lon="7.8432473531775235">
      <ele>2225.9</ele></trkpt>
      <trkpt lat="46.574915095391574" lon="7.843132634333468">
      <ele>2225.2</ele></trkpt>
      <trkpt lat="46.57494809128553" lon="7.843031469626521">
      <ele>2224.4</ele></trkpt>
      <trkpt lat="46.57496199118495" lon="7.843008249141923">
      <ele>2223.6</ele></trkpt>
      <trkpt lat="46.5749816657189" lon="7.842970004881317">
      <ele>2222.8</ele></trkpt>
      <trkpt lat="46.57501891112602" lon="7.842867802007046">
      <ele>2222.0</ele></trkpt>
      <trkpt lat="46.57503148852466" lon="7.842831944055898">
      <ele>2221.3</ele></trkpt>
      <trkpt lat="46.575027507124965" lon="7.842785304698541">
      <ele>2220.5</ele></trkpt>
      <trkpt lat="46.57506920207606" lon="7.842686526522692">
      <ele>2219.7</ele></trkpt>
      <trkpt lat="46.57510363189446" lon="7.842678004310822">
      <ele>2219.8</ele></trkpt>
      <trkpt lat="46.575179128268545" lon="7.842729965222192">
      <ele>2219.9</ele></trkpt>
      <trkpt lat="46.57523229377009" lon="7.842762648585548">
      <ele>2220.0</ele></trkpt>
      <trkpt lat="46.57520338879746" lon="7.842697272980936">
      <ele>2220.2</ele></trkpt>
      <trkpt lat="46.57519913844608" lon="7.842678234688317">
      <ele>2220.3</ele></trkpt>
      <trkpt lat="46.57517507324129" lon="7.842574803926916">
      <ele>2220.4</ele></trkpt>
      <trkpt lat="46.57514070205113" lon="7.84251357513842">
      <ele>2220.5</ele></trkpt>
      <trkpt lat="46.575075906252465" lon="7.842478013664927">
      <ele>2220.6</ele></trkpt>
      <trkpt lat="46.57501688681393" lon="7.842447204604541">
      <ele>2220.7</ele></trkpt>
      <trkpt lat="46.574969526012325" lon="7.842385905257826">
      <ele>2220.8</ele></trkpt>
      <trkpt lat="46.57486595633584" lon="7.842307893639845">
      <ele>2221.0</ele></trkpt>
      <trkpt lat="46.57484598157983" lon="7.84230149613599">
      <ele>2221.1</ele></trkpt>
      <trkpt lat="46.57482147784313" lon="7.842301339455135">
      <ele>2221.2</ele></trkpt>
      <trkpt lat="46.57479432464866" lon="7.842305050391932">
      <ele>2221.3</ele></trkpt>
      <trkpt lat="46.574726118270036" lon="7.842277421336657">
      <ele>2221.4</ele></trkpt>
      <trkpt lat="46.574691011460594" lon="7.8422257235623265">
      <ele>2221.5</ele></trkpt>
      <trkpt lat="46.57462015130924" lon="7.842152430921585">
      <ele>2221.7</ele></trkpt>
      <trkpt lat="46.57456716136724" lon="7.842100626098353">
      <ele>2221.8</ele></trkpt>
      <trkpt lat="46.57452973756668" lon="7.84201988656517">
      <ele>2221.9</ele></trkpt>
      <trkpt lat="46.574488351547515" lon="7.842008829154087">
      <ele>2222.0</ele></trkpt>
      <trkpt lat="46.57432947977015" lon="7.841894220609628">
      <ele>2223.2</ele></trkpt>
      <trkpt lat="46.574015975558204" lon="7.841641374009736">
      <ele>2224.4</ele></trkpt>
      <trkpt lat="46.57377095443798" lon="7.841406500250274">
      <ele>2225.6</ele></trkpt>
      <trkpt lat="46.573525932829895" lon="7.841171628617676">
      <ele>2226.8</ele></trkpt>
      <trkpt lat="46.573254553605985" lon="7.840860324459715">
      <ele>2227.9</ele></trkpt>
      <trkpt lat="46.573139863363004" lon="7.840688341316575">
      <ele>2229.1</ele></trkpt>
      <trkpt lat="46.573097030963766" lon="7.840582467132346">
      <ele>2230.3</ele></trkpt>
      <trkpt lat="46.57301135238803" lon="7.840463726210688">
      <ele>2231.5</ele></trkpt>
      <trkpt lat="46.57303159305772" lon="7.840417764285768">
      <ele>2232.7</ele></trkpt>
      <trkpt lat="46.57304668649377" lon="7.840405405819065">
      <ele>2233.9</ele></trkpt>
      <trkpt lat="46.57308287015938" lon="7.840340856394359">
      <ele>2235.1</ele></trkpt>
      <trkpt lat="46.57311879856432" lon="7.840348623653027">
      <ele>2236.3</ele></trkpt>
      <trkpt lat="46.57313052367269" lon="7.840342475414864">
      <ele>2237.5</ele></trkpt>
      <trkpt lat="46.573146612244166" lon="7.840287742714348">
      <ele>2238.7</ele></trkpt>
      <trkpt lat="46.573151847475934" lon="7.840229185673564">
      <ele>2239.9</ele></trkpt>
      <trkpt lat="46.573140373313635" lon="7.8401667608793595">
      <ele>2241.0</ele></trkpt>
      <trkpt lat="46.5730802551034" lon="7.840146343747558">
      <ele>2242.2</ele></trkpt>
      <trkpt lat="46.57300843378775" lon="7.84012583984237">
      <ele>2243.4</ele></trkpt>
      <trkpt lat="46.572930668487295" lon="7.840130219836307">
      <ele>2244.6</ele></trkpt>
      <trkpt lat="46.572897342311116" lon="7.840098796398148">
      <ele>2245.8</ele></trkpt>
      <trkpt lat="46.57270405606347" lon="7.839918993608396">
      <ele>2247.7</ele></trkpt>
      <trkpt lat="46.572669100847115" lon="7.839877579401456">
      <ele>2249.6</ele></trkpt>
      <trkpt lat="46.57262191836086" lon="7.839752538449858">
      <ele>2251.4</ele></trkpt>
      <trkpt lat="46.57259162004487" lon="7.839673630288183">
      <ele>2253.3</ele></trkpt>
      <trkpt lat="46.57255643904463" lon="7.839471560367">
      <ele>2255.2</ele></trkpt>
      <trkpt lat="46.57250895818335" lon="7.8391168069236254">
      <ele>2257.1</ele></trkpt>
      <trkpt lat="46.572403683584376" lon="7.838773497162824">
      <ele>2259.0</ele></trkpt>
      <trkpt lat="46.57226470309713" lon="7.838547390498941">
      <ele>2260.8</ele></trkpt>
      <trkpt lat="46.572096536081055" lon="7.8383915866413405">
      <ele>2262.7</ele></trkpt>
      <trkpt lat="46.571977044536325" lon="7.838322900217191">
      <ele>2264.6</ele></trkpt>
      <trkpt lat="46.57181000636562" lon="7.838237505632301">
      <ele>2266.5</ele></trkpt>
      <trkpt lat="46.5717482480975" lon="7.838169115663643">
      <ele>2268.4</ele></trkpt>
      <trkpt lat="46.57170372232781" lon="7.838119584439663">
      <ele>2270.2</ele></trkpt>
      <trkpt lat="46.571593019204784" lon="7.838022762580972">
      <ele>2272.1</ele></trkpt>
      <trkpt lat="46.57138617633401" lon="7.837801026185397">
      <ele>2274.0</ele></trkpt>
      <trkpt lat="46.57120162938503" lon="7.837595826088781">
      <ele>2275.9</ele></trkpt>
      <trkpt lat="46.57101708206431" lon="7.837390627391637">
      <ele>2277.8</ele></trkpt>
      <trkpt lat="46.5708050826334" lon="7.837193523885596">
      <ele>2279.6</ele></trkpt>
      <trkpt lat="46.57059308285881" lon="7.836996421923775">
      <ele>2281.5</ele></trkpt>
      <trkpt lat="46.57039320545457" lon="7.83682988760202">
      <ele>2283.4</ele></trkpt>
      <trkpt lat="46.5701933278046" lon="7.836663354510392">
      <ele>2287.7</ele></trkpt>
      <trkpt lat="46.56981217814679" lon="7.8363679684792675">
      <ele>2292.0</ele></trkpt>
      <trkpt lat="46.56957214676638" lon="7.836143706298437">
      <ele>2296.3</ele></trkpt>
      <trkpt lat="46.56940709828355" lon="7.8359362879487655">
      <ele>2300.6</ele></trkpt>
      <trkpt lat="46.56931258735215" lon="7.8357667842955765">
      <ele>2304.9</ele></trkpt>
      <trkpt lat="46.56916094437521" lon="7.835463179035887">
      <ele>2309.2</ele></trkpt>
      <trkpt lat="46.56897631559788" lon="7.835112455525293">
      <ele>2313.5</ele></trkpt>
      <trkpt lat="46.568896743032084" lon="7.834827342383786">
      <ele>2317.8</ele></trkpt>
      <trkpt lat="46.56882307859893" lon="7.834689977351776">
      <ele>2322.1</ele></trkpt>
      <trkpt lat="46.56869082126397" lon="7.834341598081483">
      <ele>2326.4</ele></trkpt>
      <trkpt lat="46.5685692295113" lon="7.833975742025045">
      <ele>2330.8</ele></trkpt>
      <trkpt lat="46.568350206945176" lon="7.833598715874023">
      <ele>2335.1</ele></trkpt>
      <trkpt lat="46.56819187075556" lon="7.833436214861714">
      <ele>2339.4</ele></trkpt>
      <trkpt lat="46.56795942088069" lon="7.83326272679249">
      <ele>2343.7</ele></trkpt>
      <trkpt lat="46.5677286788053" lon="7.8331440601330105">
      <ele>2348.0</ele></trkpt>
      <trkpt lat="46.56767601286326" lon="7.833116989932737">
      <ele>2352.3</ele></trkpt>
      <trkpt lat="46.567470936477235" lon="7.832992811671084">
      <ele>2356.6</ele></trkpt>
      <trkpt lat="46.5671227514932" lon="7.832586892739067">
      <ele>2360.9</ele></trkpt>
      <trkpt lat="46.56696451996503" lon="7.832396330603454">
      <ele>2365.2</ele></trkpt>
      <trkpt lat="46.56663322872083" lon="7.83200807178017">
      <ele>2369.5</ele></trkpt>
      <trkpt lat="46.56633553390418" lon="7.83171132246303">
      <ele>2374.6</ele></trkpt>
      <trkpt lat="46.56598020911735" lon="7.831530030141691">
      <ele>2379.7</ele></trkpt>
      <trkpt lat="46.565743692183275" lon="7.831303861410138">
      <ele>2384.8</ele></trkpt>
      <trkpt lat="46.56541631625367" lon="7.83101044025365">
      <ele>2389.9</ele></trkpt>
      <trkpt lat="46.56517556141143" lon="7.8307842454539">
      <ele>2395.0</ele></trkpt>
      <trkpt lat="46.56503430753319" lon="7.830586788477776">
      <ele>2400.1</ele></trkpt>
      <trkpt lat="46.56485568556393" lon="7.830164431241335">
      <ele>2405.2</ele></trkpt>
      <trkpt lat="46.56471043825846" lon="7.829893219176892">
      <ele>2410.3</ele></trkpt>
      <trkpt lat="46.564595122729486" lon="7.8295449875113565">
      <ele>2415.4</ele></trkpt>
      <trkpt lat="46.56454114899636" lon="7.829225241132235">
      <ele>2420.4</ele></trkpt>
      <trkpt lat="46.56446381587398" lon="7.828922882043527">
      <ele>2425.5</ele></trkpt>
      <trkpt lat="46.564441838071346" lon="7.82854013807006">
      <ele>2430.6</ele></trkpt>
      <trkpt lat="46.56445416155172" lon="7.828293451700345">
      <ele>2435.7</ele></trkpt>
      <trkpt lat="46.56447955238443" lon="7.828228944175414">
      <ele>2440.8</ele></trkpt>
      <trkpt lat="46.56449376566292" lon="7.828134319498686">
      <ele>2445.9</ele></trkpt>
      <trkpt lat="46.56448923760743" lon="7.8280064583318465">
      <ele>2451.0</ele></trkpt>
      <trkpt lat="46.564469587418266" lon="7.827873401909725">
      <ele>2456.1</ele></trkpt>
      <trkpt lat="46.564388694460646" lon="7.8273744579275375">
      <ele>2461.2</ele></trkpt>
      <trkpt lat="46.56440410047735" lon="7.8272095824473205">
      <ele>2466.3</ele></trkpt>
      <trkpt lat="46.56443610633566" lon="7.827146595746552">
      <ele>2471.4</ele></trkpt>
      <trkpt lat="46.564468139046156" lon="7.827073096992858">
      <ele>2470.9</ele></trkpt>
      <trkpt lat="46.56453838161756" lon="7.826982265040308">
      <ele>2470.3</ele></trkpt>
      <trkpt lat="46.56467432421658" lon="7.826884835097243">
      <ele>2469.8</ele></trkpt>
      <trkpt lat="46.56479558870218" lon="7.826741702918211">
      <ele>2469.2</ele></trkpt>
      <trkpt lat="46.56498294212097" lon="7.8264831218667075">
      <ele>2468.7</ele></trkpt>
      <trkpt lat="46.56511890815363" lon="7.826378686190042">
      <ele>2468.2</ele></trkpt>
      <trkpt lat="46.56524643624609" lon="7.8262636511543855">
      <ele>2467.6</ele></trkpt>
      <trkpt lat="46.56548655095235" lon="7.826065074841964">
      <ele>2467.1</ele></trkpt>
      <trkpt lat="46.565750044264625" lon="7.825845600052609">
      <ele>2466.5</ele></trkpt>
      <trkpt lat="46.5659732494851" lon="7.825632865134092">
      <ele>2466.0</ele></trkpt>
      <trkpt lat="46.566096435439924" lon="7.825545889659401">
      <ele>2465.5</ele></trkpt>
      <trkpt lat="46.56619827882424" lon="7.82550793266589">
      <ele>2464.9</ele></trkpt>
      <trkpt lat="46.566323492214764" lon="7.825449039229832">
      <ele>2464.4</ele></trkpt>
      <trkpt lat="46.5664402795277" lon="7.8253760511867405">
      <ele>2463.8</ele></trkpt>
      <trkpt lat="46.56655908527066" lon="7.825331171652032">
      <ele>2463.3</ele></trkpt>
      <trkpt lat="46.56673720442733" lon="7.825290171998063">
      <ele>2462.8</ele></trkpt>
      <trkpt lat="46.566870962996546" lon="7.825210274102913">
      <ele>2462.2</ele></trkpt>
      <trkpt lat="46.56711371844626" lon="7.8253021991326746">
      <ele>2461.7</ele></trkpt>
      <trkpt lat="46.5673564738188" lon="7.825394124987138">
      <ele>2461.1</ele></trkpt>
      <trkpt lat="46.567722836967526" lon="7.825375699405075">
      <ele>2460.6</ele></trkpt>
      <trkpt lat="46.56808920010648" lon="7.825357273573818">
      <ele>2466.6</ele></trkpt>
      <trkpt lat="46.56845556323568" lon="7.825338847493346">
      <ele>2472.7</ele></trkpt>
      <trkpt lat="46.56845556323568" lon="7.825338847493346">
      <ele>2478.7</ele></trkpt>
      <trkpt lat="46.56883683442054" lon="7.825178105831676">
      <ele>2484.8</ele></trkpt>
      <trkpt lat="46.56921810537101" lon="7.825017361905503">
      <ele>2490.8</ele></trkpt>
      <trkpt lat="46.569599376087034" lon="7.82485661571479">
      <ele>2496.8</ele></trkpt>
      <trkpt lat="46.570039977364154" lon="7.824911934742338">
      <ele>2502.9</ele></trkpt>
      <trkpt lat="46.57048057860442" lon="7.824967254670938">
      <ele>2508.9</ele></trkpt>
      <trkpt lat="46.57082267233365" lon="7.82489143299051">
      <ele>2515.0</ele></trkpt>
      <trkpt lat="46.571164766006355" lon="7.824815610351747">
      <ele>2521.0</ele></trkpt>
      <trkpt lat="46.5715068596225" lon="7.824739786754632">
      <ele>2527.0</ele></trkpt>
      <trkpt lat="46.5718489531821" lon="7.824663962199144">
      <ele>2533.1</ele></trkpt>
      <trkpt lat="46.5722356258972" lon="7.8247058529859554">
      <ele>2539.1</ele></trkpt>
      <trkpt lat="46.5726222985891" lon="7.824747744371641">
      <ele>2545.2</ele></trkpt>
      <trkpt lat="46.572963438663315" lon="7.824900843414367">
      <ele>2551.2</ele></trkpt>
      <trkpt lat="46.57330457852549" lon="7.8250539443874345">
      <ele>2557.2</ele></trkpt>
      <trkpt lat="46.57364571817559" lon="7.825207047290876">
      <ele>2563.3</ele></trkpt>
      <trkpt lat="46.57398685761366" lon="7.825360152124724">
      <ele>2569.3</ele></trkpt>
      <trkpt lat="46.574296131808595" lon="7.8255775739808975">
      <ele>2575.4</ele></trkpt>
      <trkpt lat="46.57460540558314" lon="7.8257949983222925">
      <ele>2581.4</ele></trkpt>
      <trkpt lat="46.57499738735292" lon="7.825936496894907">
      <ele>2576.8</ele></trkpt>
      <trkpt lat="46.57538936893868" lon="7.826077997517617">
      <ele>2572.2</ele></trkpt>
      <trkpt lat="46.575692225424085" lon="7.826242774215505">
      <ele>2567.5</ele></trkpt>
      <trkpt lat="46.57599508166605" lon="7.826407552757868">
      <ele>2562.9</ele></trkpt>
      <trkpt lat="46.576284678224965" lon="7.826478827626953">
      <ele>2558.3</ele></trkpt>
      <trkpt lat="46.57657427473477" lon="7.826550103259032">
      <ele>2553.7</ele></trkpt>
      <trkpt lat="46.57696646666137" lon="7.826292006369649">
      <ele>2549.0</ele></trkpt>
      <trkpt lat="46.5773586579945" lon="7.826033905739335">
      <ele>2544.4</ele></trkpt>
      <trkpt lat="46.57775084873416" lon="7.825775801368012">
      <ele>2539.8</ele></trkpt>
      <trkpt lat="46.57814303888029" lon="7.825517693255601">
      <ele>2535.2</ele></trkpt>
      <trkpt lat="46.57832485358517" lon="7.824958026497787">
      <ele>2530.5</ele></trkpt>
      <trkpt lat="46.578506665536416" lon="7.824398355978867">
      <ele>2525.9</ele></trkpt>
    </trkseg>
    <trkseg>
      <trkpt lat="46.5795846496699" lon="7.819500731164049">
      <ele>2542.4</ele></trkpt>
      <trkpt lat="46.57978351007549" lon="7.81921511698944">
      <ele>2553.7</ele></trkpt>
      <trkpt lat="46.57998236976228" lon="7.818929500715547">
      <ele>2564.9</ele></trkpt>
      <trkpt lat="46.58035192497362" lon="7.818710312137895">
      <ele>2576.2</ele></trkpt>
      <trkpt lat="46.58072147975546" lon="7.8184911205664696">
      <ele>2587.4</ele></trkpt>
      <trkpt lat="46.58109915908437" lon="7.818532910964186">
      <ele>2598.7</ele></trkpt>
      <trkpt lat="46.581476838390095" lon="7.818574701945511">
      <ele>2610.0</ele></trkpt>
      <trkpt lat="46.58162841084905" lon="7.818980208490887">
      <ele>2621.2</ele></trkpt>
      <trkpt lat="46.58177998186213" lon="7.819385717307952">
      <ele>2632.5</ele></trkpt>
      <trkpt lat="46.58170979822438" lon="7.819726508074091">
      <ele>2643.7</ele></trkpt>
      <trkpt lat="46.58163961356609" lon="7.820067297956064">
      <ele>2655.0</ele></trkpt>
      <trkpt lat="46.5816202484303" lon="7.8204330714726655">
      <ele>2666.3</ele></trkpt>
      <trkpt lat="46.58160088211912" lon="7.820798844727317">
      <ele>2677.5</ele></trkpt>
      <trkpt lat="46.58164076459253" lon="7.821198517882045">
      <ele>2688.8</ele></trkpt>
      <trkpt lat="46.581680645662544" lon="7.821598191625782">
      <ele>2700.0</ele></trkpt>
      <trkpt lat="46.58177632125236" lon="7.82215969313143">
      <ele>2711.3</ele></trkpt>
      <trkpt lat="46.58187199407188" lon="7.822721196622447">
      <ele>2722.6</ele></trkpt>
      <trkpt lat="46.58196766412108" lon="7.82328270209877">
      <ele>2733.8</ele></trkpt>
      <trkpt lat="46.58196527157973" lon="7.823502709660281">
      <ele>2745.1</ele></trkpt>
      <trkpt lat="46.58197717848521" lon="7.823639114501895">
      <ele>2756.3</ele></trkpt>
      <trkpt lat="46.582035275912155" lon="7.823718993570569">
      <ele>2767.6</ele></trkpt>
      <trkpt lat="46.58215395603386" lon="7.823783868536617">
      <ele>2767.1</ele></trkpt>
      <trkpt lat="46.582391225611346" lon="7.823839368524067">
      <ele>2766.5</ele></trkpt>
      <trkpt lat="46.582391225611346" lon="7.823839368524067">
      <ele>2766.0</ele></trkpt>
      <trkpt lat="46.58215395603386" lon="7.823783868536617">
      <ele>2765.4</ele></trkpt>
      <trkpt lat="46.582035275912155" lon="7.823718993570569">
      <ele>2764.9</ele></trkpt>
      <trkpt lat="46.58197717848521" lon="7.823639114501895">
      <ele>2764.3</ele></trkpt>
      <trkpt lat="46.58196527157973" lon="7.823502709660281">
      <ele>2763.8</ele></trkpt>
      <trkpt lat="46.58196766412108" lon="7.82328270209877">
      <ele>2763.2</ele></trkpt>
      <trkpt lat="46.58220053187663" lon="7.8231767354612725">
      <ele>2762.7</ele></trkpt>
      <trkpt lat="46.58254998371824" lon="7.823217484966964">
      <ele>2762.1</ele></trkpt>
      <trkpt lat="46.582745612440505" lon="7.823395854532084">
      <ele>2761.6</ele></trkpt>
      <trkpt lat="46.58294124088117" lon="7.823574225387034">
      <ele>2761.1</ele></trkpt>
      <trkpt lat="46.58315083609361" lon="7.824010994841133">
      <ele>2760.5</ele></trkpt>
      <trkpt lat="46.583260296114844" lon="7.824313121172326">
      <ele>2760.0</ele></trkpt>
      <trkpt lat="46.583369755333514" lon="7.8246152487258405">
      <ele>2759.4</ele></trkpt>
      <trkpt lat="46.58357669766385" lon="7.824860673142415">
      <ele>2758.9</ele></trkpt>
      <trkpt lat="46.58378363946266" lon="7.82510609943633">
      <ele>2758.3</ele></trkpt>
      <trkpt lat="46.58417170670597" lon="7.825429357302692">
      <ele>2757.8</ele></trkpt>
      <trkpt lat="46.584432088973045" lon="7.825476660736339">
      <ele>2757.2</ele></trkpt>
      <trkpt lat="46.58469247121665" lon="7.825523964625372">
      <ele>2756.7</ele></trkpt>
      <trkpt lat="46.58507847545653" lon="7.825483673564802">
      <ele>2755.9</ele></trkpt>
      <trkpt lat="46.58532455332478" lon="7.825373021529637">
      <ele>2755.1</ele></trkpt>
      <trkpt lat="46.58557063108211" lon="7.825262368488042">
      <ele>2754.2</ele></trkpt>
      <trkpt lat="46.585833189752286" lon="7.825154223786419">
      <ele>2753.4</ele></trkpt>
      <trkpt lat="46.58609574831587" lon="7.82504607803529">
      <ele>2752.6</ele></trkpt>
      <trkpt lat="46.586301258978196" lon="7.824741398725905">
      <ele>2751.8</ele></trkpt>
      <trkpt lat="46.586506768822694" lon="7.824436717101928">
      <ele>2751.0</ele></trkpt>
      <trkpt lat="46.58677326487055" lon="7.824139642648575">
      <ele>2750.1</ele></trkpt>
      <trkpt lat="46.58703976013914" lon="7.823842565268702">
      <ele>2749.3</ele></trkpt>
      <trkpt lat="46.5874287701254" lon="7.823888387758042">
      <ele>2748.5</ele></trkpt>
      <trkpt lat="46.587762508879024" lon="7.82369941634866">
      <ele>2747.7</ele></trkpt>
      <trkpt lat="46.58798527607582" lon="7.823453900158149">
      <ele>2746.9</ele></trkpt>
      <trkpt lat="46.58820804274033" lon="7.823208381945843">
      <ele>2746.0</ele></trkpt>
      <trkpt lat="46.58848338920538" lon="7.8228098440396066">
      <ele>2745.2</ele></trkpt>
      <trkpt lat="46.58875873427094" lon="7.822411302076741">
      <ele>2744.4</ele></trkpt>
      <trkpt lat="46.58878669651578" lon="7.8221878598528924">
      <ele>2743.6</ele></trkpt>
      <trkpt lat="46.58871290988009" lon="7.822308126915981">
      <ele>2742.8</ele></trkpt>
      <trkpt lat="46.58857257859982" lon="7.822357360849288">
      <ele>2741.9</ele></trkpt>
      <trkpt lat="46.58848738096698" lon="7.822194109711814">
      <ele>2741.1</ele></trkpt>
      <trkpt lat="46.588561738609116" lon="7.821658856859382">
      <ele>2740.3</ele></trkpt>
      <trkpt lat="46.58872129470069" lon="7.821286852448742">
      <ele>2733.6</ele></trkpt>
      <trkpt lat="46.58895442569987" lon="7.821101934127221">
      <ele>2727.0</ele></trkpt>
      <trkpt lat="46.58935003267436" lon="7.821147785166078">
      <ele>2720.3</ele></trkpt>
      <trkpt lat="46.58974563962142" lon="7.821193636875729">
      <ele>2713.7</ele></trkpt>
      <trkpt lat="46.59007360669643" lon="7.8212485781346">
      <ele>2707.0</ele></trkpt>
      <trkpt lat="46.59040157373872" lon="7.821303520059754">
      <ele>2700.3</ele></trkpt>
      <trkpt lat="46.590734841544496" lon="7.821253254360703">
      <ele>2693.7</ele></trkpt>
      <trkpt lat="46.59106810932164" lon="7.8212029880425185">
      <ele>2687.0</ele></trkpt>
      <trkpt lat="46.591382377513156" lon="7.820918170168742">
      <ele>2680.4</ele></trkpt>
      <trkpt lat="46.591574876858246" lon="7.820415814411484">
      <ele>2673.7</ele></trkpt>
    </trkseg>
    <trkseg>
      <trkpt lat="46.592903089764214" lon="7.816745192062768">
      <ele>2776.3</ele></trkpt>
      <trkpt lat="46.5929018848906" lon="7.816798115286714">
      <ele>2774.6</ele></trkpt>
      <trkpt lat="46.59291111908905" lon="7.816815678871633">
      <ele>2772.9</ele></trkpt>
      <trkpt lat="46.59292024721499" lon="7.816865173229868">
      <ele>2771.2</ele></trkpt>
      <trkpt lat="46.592915792194866" lon="7.816941636767197">
      <ele>2769.4</ele></trkpt>
      <trkpt lat="46.592917669655044" lon="7.817015521683258">
      <ele>2767.7</ele></trkpt>
      <trkpt lat="46.59286769340966" lon="7.817220058190521">
      <ele>2766.0</ele></trkpt>
      <trkpt lat="46.59286359329496" lon="7.817300634618848">
      <ele>2764.3</ele></trkpt>
      <trkpt lat="46.59285492853675" lon="7.8173769380788976">
      <ele>2762.6</ele></trkpt>
      <trkpt lat="46.592856259995045" lon="7.817425581889915">
      <ele>2760.9</ele></trkpt>
      <trkpt lat="46.59285121556877" lon="7.817449270073707">
      <ele>2759.2</ele></trkpt>
      <trkpt lat="46.592801443908826" lon="7.817497503816303">
      <ele>2757.4</ele></trkpt>
      <trkpt lat="46.592780843120494" lon="7.817535554602049">
      <ele>2755.7</ele></trkpt>
      <trkpt lat="46.592744881021005" lon="7.817537468906413">
      <ele>2754.0</ele></trkpt>
      <trkpt lat="46.59273045755501" lon="7.817581735177948">
      <ele>2752.3</ele></trkpt>
      <trkpt lat="46.592696498138736" lon="7.817541410186771">
      <ele>2750.6</ele></trkpt>
      <trkpt lat="46.59267294221807" lon="7.817540279568517">
      <ele>2748.9</ele></trkpt>
      <trkpt lat="46.59265233798428" lon="7.817579361109011">
      <ele>2747.1</ele></trkpt>
      <trkpt lat="46.59263118037707" lon="7.817600913696784">
      <ele>2745.4</ele></trkpt>
      <trkpt lat="46.592602887598126" lon="7.817712116290745">
      <ele>2743.7</ele></trkpt>
      <trkpt lat="46.59257743529432" lon="7.817721281153259">
      <ele>2742.0</ele></trkpt>
      <trkpt lat="46.59257721825775" lon="7.817781057859956">
      <ele>2739.9</ele></trkpt>
      <trkpt lat="46.59256206761801" lon="7.817857263181866">
      <ele>2737.8</ele></trkpt>
      <trkpt lat="46.59256849057826" lon="7.817970666287786">
      <ele>2735.7</ele></trkpt>
      <trkpt lat="46.59258045596421" lon="7.818010824174838">
      <ele>2733.6</ele></trkpt>
      <trkpt lat="46.592538721685784" lon="7.818030718564639">
      <ele>2731.5</ele></trkpt>
      <trkpt lat="46.592506876065464" lon="7.8180741837907926">
      <ele>2729.4</ele></trkpt>
      <trkpt lat="46.59247910669198" lon="7.8180606006100914">
      <ele>2727.3</ele></trkpt>
      <trkpt lat="46.59246709860668" lon="7.81811423970063">
      <ele>2725.2</ele></trkpt>
      <trkpt lat="46.592421452789424" lon="7.8180904702462">
      <ele>2723.1</ele></trkpt>
      <trkpt lat="46.59239356541706" lon="7.818147377605608">
      <ele>2721.0</ele></trkpt>
      <trkpt lat="46.59235022876973" lon="7.818146016627594">
      <ele>2718.9</ele></trkpt>
      <trkpt lat="46.592314606102" lon="7.818224204896562">
      <ele>2716.8</ele></trkpt>
      <trkpt lat="46.592308790942475" lon="7.818290140351653">
      <ele>2714.7</ele></trkpt>
      <trkpt lat="46.592349270985544" lon="7.818417066042642">
      <ele>2712.6</ele></trkpt>
      <trkpt lat="46.59234776062077" lon="7.81849229661285">
      <ele>2710.5</ele></trkpt>
      <trkpt lat="46.59236312345226" lon="7.81856023377617">
      <ele>2708.4</ele></trkpt>
      <trkpt lat="46.592315413846705" lon="7.818583452367672">
      <ele>2706.3</ele></trkpt>
      <trkpt lat="46.59231528221291" lon="7.818674103562311">
      <ele>2704.2</ele></trkpt>
      <trkpt lat="46.592297309755445" lon="7.818727726551335">
      <ele>2702.1</ele></trkpt>
      <trkpt lat="46.592261492420455" lon="7.818777883549769">
      <ele>2700.0</ele></trkpt>
      <trkpt lat="46.592227687606446" lon="7.818804540178858">
      <ele>2698.5</ele></trkpt>
      <trkpt lat="46.592223617718" lon="7.8188649549236295">
      <ele>2696.9</ele></trkpt>
      <trkpt lat="46.59218380641963" lon="7.818928524233481">
      <ele>2695.4</ele></trkpt>
      <trkpt lat="46.592181719927304" lon="7.818982232592774">
      <ele>2693.9</ele></trkpt>
      <trkpt lat="46.592092159382" lon="7.819105947353574">
      <ele>2692.3</ele></trkpt>
      <trkpt lat="46.59205876561461" lon="7.819141479933966">
      <ele>2690.8</ele></trkpt>
      <trkpt lat="46.59200061074537" lon="7.8191838847799495">
      <ele>2689.3</ele></trkpt>
      <trkpt lat="46.59194719041551" lon="7.819206605779829">
      <ele>2687.7</ele></trkpt>
      <trkpt lat="46.59194322784028" lon="7.819285981154746">
      <ele>2686.2</ele></trkpt>
      <trkpt lat="46.59192749145176" lon="7.819316457315669">
      <ele>2684.7</ele></trkpt>
      <trkpt lat="46.5918221155493" lon="7.819467240660488">
      <ele>2683.1</ele></trkpt>
      <trkpt lat="46.591751636234434" lon="7.819633392913314">
      <ele>2681.6</ele></trkpt>
      <trkpt lat="46.59167645379403" lon="7.819828545513579">
      <ele>2680.0</ele></trkpt>
      <trkpt lat="46.591648558007385" lon="7.819984401277188">
      <ele>2678.5</ele></trkpt>
      <trkpt lat="46.591627707906625" lon="7.820169105572024">
      <ele>2677.0</ele></trkpt>
      <trkpt lat="46.591597258833296" lon="7.8203297450160925">
      <ele>2675.4</ele></trkpt>
      <trkpt lat="46.591574876858246" lon="7.820415814411484">
      <ele>2673.9</ele></trkpt>
      <trkpt lat="46.59177574220694" lon="7.820756126775551">
      <ele>2672.4</ele></trkpt>
      <trkpt lat="46.59182765274823" lon="7.820773261368308">
      <ele>2670.8</ele></trkpt>
      <trkpt lat="46.59187453667217" lon="7.820771047970003">
      <ele>2669.3</ele></trkpt>
      <trkpt lat="46.59209002823092" lon="7.820757641940503">
      <ele>2667.4</ele></trkpt>
      <trkpt lat="46.592163843474985" lon="7.820721103949298">
      <ele>2665.5</ele></trkpt>
      <trkpt lat="46.59222269527859" lon="7.820688322719069">
      <ele>2663.6</ele></trkpt>
      <trkpt lat="46.59235786845165" lon="7.820617402762356">
      <ele>2661.7</ele></trkpt>
      <trkpt lat="46.592497080412244" lon="7.820495593185001">
      <ele>2659.8</ele></trkpt>
      <trkpt lat="46.59256941958382" lon="7.82043243689531">
      <ele>2657.9</ele></trkpt>
      <trkpt lat="46.592629472889925" lon="7.820387384305698">
      <ele>2656.0</ele></trkpt>
      <trkpt lat="46.5926704190517" lon="7.820385350478113">
      <ele>2654.1</ele></trkpt>
      <trkpt lat="46.59268406177039" lon="7.8203649986586345">
      <ele>2652.2</ele></trkpt>
      <trkpt lat="46.59269771421185" lon="7.820360527769868">
      <ele>2650.2</ele></trkpt>
      <trkpt lat="46.592729102296204" lon="7.8203652512136825">
      <ele>2648.3</ele></trkpt>
      <trkpt lat="46.59278779658727" lon="7.820392833827747">
      <ele>2646.4</ele></trkpt>
      <trkpt lat="46.59281478735625" lon="7.8203729415286505">
      <ele>2644.5</ele></trkpt>
      <trkpt lat="46.59286061370191" lon="7.82034809290568">
      <ele>2642.6</ele></trkpt>
      <trkpt lat="46.59292201928498" lon="7.820350457448287">
      <ele>2640.7</ele></trkpt>
      <trkpt lat="46.59296650278616" lon="7.8203370826331495">
      <ele>2638.8</ele></trkpt>
      <trkpt lat="46.593037579742976" lon="7.820328410467736">
      <ele>2636.9</ele></trkpt>
      <trkpt lat="46.59309627613598" lon="7.820403662280731">
      <ele>2635.0</ele></trkpt>
      <trkpt lat="46.59312358506618" lon="7.820460580295424">
      <ele>2633.1</ele></trkpt>
      <trkpt lat="46.593152252331194" lon="7.8204879904246685">
      <ele>2631.2</ele></trkpt>
      <trkpt lat="46.59315225713888" lon="7.820510696251863">
      <ele>2629.9</ele></trkpt>
      <trkpt lat="46.59317818567461" lon="7.820531262298636">
      <ele>2628.7</ele></trkpt>
      <trkpt lat="46.593172735038756" lon="7.820547130933103">
      <ele>2627.4</ele></trkpt>
      <trkpt lat="46.5932000466535" lon="7.820608590282769">
      <ele>2626.2</ele></trkpt>
      <trkpt lat="46.59323143464617" lon="7.820672322964471">
      <ele>2624.9</ele></trkpt>
      <trkpt lat="46.593209603840236" lon="7.820703983046512">
      <ele>2623.6</ele></trkpt>
      <trkpt lat="46.5932164374739" lon="7.820758512227022">
      <ele>2622.4</ele></trkpt>
      <trkpt lat="46.593198703704935" lon="7.820797012950314">
      <ele>2621.1</ele></trkpt>
      <trkpt lat="46.59317413279067" lon="7.820819558235048">
      <ele>2619.9</ele></trkpt>
      <trkpt lat="46.59317686315886" lon="7.820842283327394">
      <ele>2618.6</ele></trkpt>
      <trkpt lat="46.59320825733131" lon="7.820871983534671">
      <ele>2617.3</ele></trkpt>
      <trkpt lat="46.593215090320115" lon="7.820910605607584">
      <ele>2616.1</ele></trkpt>
      <trkpt lat="46.59324238681511" lon="7.820917571087382">
      <ele>2614.8</ele></trkpt>
      <trkpt lat="46.59326697046094" lon="7.820990364346171">
      <ele>2613.6</ele></trkpt>
      <trkpt lat="46.59325195483909" lon="7.8210016241901705">
      <ele>2612.3</ele></trkpt>
      <trkpt lat="46.593239675758014" lon="7.821031081083488">
      <ele>2611.0</ele></trkpt>
      <trkpt lat="46.59325877600548" lon="7.821035718109006">
      <ele>2609.8</ele></trkpt>
      <trkpt lat="46.59327788990191" lon="7.82106307413034">
      <ele>2608.5</ele></trkpt>
      <trkpt lat="46.59328398456995" lon="7.821085810012731">
      <ele>2607.3</ele></trkpt>
      <trkpt lat="46.59321693986969" lon="7.821198238793867">
      <ele>2606.0</ele></trkpt>
      <trkpt lat="46.59320680460309" lon="7.821291078283618">
      <ele>2603.9</ele></trkpt>
      <trkpt lat="46.593224270984734" lon="7.821340215087417">
      <ele>2601.9</ele></trkpt>
      <trkpt lat="46.59325958507077" lon="7.821333065927026">
      <ele>2599.8</ele></trkpt>
      <trkpt lat="46.59332028483755" lon="7.821350041881838">
      <ele>2597.7</ele></trkpt>
      <trkpt lat="46.59333785494125" lon="7.821370992941539">
      <ele>2595.7</ele></trkpt>
      <trkpt lat="46.593324541840204" lon="7.821437737521382">
      <ele>2593.6</ele></trkpt>
      <trkpt lat="46.593304161067664" lon="7.821474170621989">
      <ele>2591.5</ele></trkpt>
      <trkpt lat="46.59332981280606" lon="7.821483369246757">
      <ele>2589.4</ele></trkpt>
      <trkpt lat="46.59341171938415" lon="7.821517877232981">
      <ele>2587.4</ele></trkpt>
      <trkpt lat="46.59343494549996" lon="7.8217881767347075">
      <ele>2585.3</ele></trkpt>
      <trkpt lat="46.59344999169511" lon="7.821933562036721">
      <ele>2583.2</ele></trkpt>
      <trkpt lat="46.59348958736597" lon="7.822065458709255">
      <ele>2581.2</ele></trkpt>
      <trkpt lat="46.59355374242511" lon="7.822170256443205">
      <ele>2579.1</ele></trkpt>
      <trkpt lat="46.59355374776877" lon="7.822179351916091">
      <ele>2577.0</ele></trkpt>
      <trkpt lat="46.59356193954777" lon="7.822204360457533">
      <ele>2574.9</ele></trkpt>
      <trkpt lat="46.59360289067424" lon="7.822240915129963">
      <ele>2572.9</ele></trkpt>
      <trkpt lat="46.59360153444926" lon="7.822320376458369">
      <ele>2570.8</ele></trkpt>
      <trkpt lat="46.593600181028386" lon="7.822358953982725">
      <ele>2568.7</ele></trkpt>
      <trkpt lat="46.59362338758756" lon="7.82238632662786">
      <ele>2566.7</ele></trkpt>
      <trkpt lat="46.593615197898956" lon="7.822440775961204">
      <ele>2564.6</ele></trkpt>
      <trkpt lat="46.59360974514232" lon="7.822483878654463">
      <ele>2563.3</ele></trkpt>
      <trkpt lat="46.59362885375927" lon="7.822518034079355">
      <ele>2562.0</ele></trkpt>
      <trkpt lat="46.59366434406807" lon="7.822538682173639">
      <ele>2560.8</ele></trkpt>
      <trkpt lat="46.593657521329895" lon="7.822577220922574">
      <ele>2559.5</ele></trkpt>
      <trkpt lat="46.593676641174206" lon="7.822600036531747">
      <ele>2558.2</ele></trkpt>
      <trkpt lat="46.59369165100879" lon="7.82260921242117">
      <ele>2556.9</ele></trkpt>
      <trkpt lat="46.593703935997915" lon="7.822650144365042">
      <ele>2555.7</ele></trkpt>
      <trkpt lat="46.59371213435747" lon="7.822686506110243">
      <ele>2554.4</ele></trkpt>
      <trkpt lat="46.59372032598093" lon="7.822711527850852">
      <ele>2553.1</ele></trkpt>
      <trkpt lat="46.593708043199875" lon="7.822765948171003">
      <ele>2551.8</ele></trkpt>
      <trkpt lat="46.593723061763725" lon="7.822820523196447">
      <ele>2550.6</ele></trkpt>
      <trkpt lat="46.593720343529036" lon="7.822863632310065">
      <ele>2549.3</ele></trkpt>
      <trkpt lat="46.59369987875336" lon="7.822924819335144">
      <ele>2548.0</ele></trkpt>
      <trkpt lat="46.59370533699025" lon="7.82295210534138">
      <ele>2546.8</ele></trkpt>
      <trkpt lat="46.59369306012971" lon="7.8230473703785925">
      <ele>2545.5</ele></trkpt>
      <trkpt lat="46.59367670440014" lon="7.823212995036098">
      <ele>2544.2</ele></trkpt>
      <trkpt lat="46.59368489907831" lon="7.823274359544968">
      <ele>2542.9</ele></trkpt>
      <trkpt lat="46.59368762799542" lon="7.8233106824831005">
      <ele>2541.7</ele></trkpt>
      <trkpt lat="46.59369719021942" lon="7.823310737425562">
      <ele>2540.4</ele></trkpt>
      <trkpt lat="46.593695834306445" lon="7.823376575257882">
      <ele>2539.1</ele></trkpt>
      <trkpt lat="46.59367128133201" lon="7.823508108582304">
      <ele>2537.4</ele></trkpt>
      <trkpt lat="46.593675379283134" lon="7.823578500289532">
      <ele>2535.6</ele></trkpt>
      <trkpt lat="46.59367401658264" lon="7.823632998082526">
      <ele>2533.9</ele></trkpt>
      <trkpt lat="46.593617815808244" lon="7.823751439214131">
      <ele>2532.2</ele></trkpt>
      <trkpt lat="46.59359001986198" lon="7.823825688256516">
      <ele>2530.4</ele></trkpt>
      <trkpt lat="46.59357064914021" lon="7.823858487048432">
      <ele>2528.7</ele></trkpt>
      <trkpt lat="46.593547200164366" lon="7.823979953577194">
      <ele>2527.0</ele></trkpt>
      <trkpt lat="46.59348087007402" lon="7.824079739572424">
      <ele>2525.2</ele></trkpt>
      <trkpt lat="46.593439242301706" lon="7.824176791353224">
      <ele>2523.5</ele></trkpt>
      <trkpt lat="46.59339534326215" lon="7.82436539421142">
      <ele>2521.8</ele></trkpt>
      <trkpt lat="46.593374827090194" lon="7.824446819502488">
      <ele>2520.0</ele></trkpt>
      <trkpt lat="46.59335508642671" lon="7.824556867507263">
      <ele>2518.3</ele></trkpt>
      <trkpt lat="46.59334826469579" lon="7.824642670564568">
      <ele>2516.5</ele></trkpt>
      <trkpt lat="46.59331315485485" lon="7.82471686658822">
      <ele>2514.8</ele></trkpt>
      <trkpt lat="46.59331563320404" lon="7.8247712348144445">
      <ele>2513.1</ele></trkpt>
      <trkpt lat="46.59332182948881" lon="7.824814185305361">
      <ele>2511.3</ele></trkpt>
      <trkpt lat="46.59328220730819" lon="7.824874059937234">
      <ele>2509.6</ele></trkpt>
      <trkpt lat="46.593283838683625" lon="7.824915555441496">
      <ele>2507.9</ele></trkpt>
      <trkpt lat="46.59324142500472" lon="7.824986854286641">
      <ele>2506.1</ele></trkpt>
      <trkpt lat="46.593153538649716" lon="7.825004978515356">
      <ele>2504.4</ele></trkpt>
      <trkpt lat="46.59312596438251" lon="7.825034873282219">
      <ele>2503.3</ele></trkpt>
      <trkpt lat="46.593087703039224" lon="7.825192026699515">
      <ele>2502.1</ele></trkpt>
      <trkpt lat="46.593081009156236" lon="7.825250635442909">
      <ele>2501.0</ele></trkpt>
      <trkpt lat="46.59302481053026" lon="7.825336163339764">
      <ele>2499.8</ele></trkpt>
      <trkpt lat="46.59292877694389" lon="7.825390505624237">
      <ele>2498.7</ele></trkpt>
      <trkpt lat="46.592850190912685" lon="7.825464572417456">
      <ele>2497.6</ele></trkpt>
      <trkpt lat="46.59277590683794" lon="7.825556560241726">
      <ele>2496.4</ele></trkpt>
      <trkpt lat="46.59264161277524" lon="7.825714617188813">
      <ele>2495.3</ele></trkpt>
      <trkpt lat="46.592612226793584" lon="7.825740218217833">
      <ele>2494.1</ele></trkpt>
      <trkpt lat="46.59257826211458" lon="7.825765786455268">
      <ele>2493.0</ele></trkpt>
      <trkpt lat="46.59255867219632" lon="7.825844358854216">
      <ele>2491.9</ele></trkpt>
      <trkpt lat="46.59252058539064" lon="7.825965743565214">
      <ele>2490.7</ele></trkpt>
      <trkpt lat="46.59249850303141" lon="7.825994228360141">
      <ele>2489.6</ele></trkpt>
      <trkpt lat="46.59242269005775" lon="7.82616263269649">
      <ele>2488.4</ele></trkpt>
      <trkpt lat="46.5923675416823" lon="7.8262195494106255">
      <ele>2487.3</ele></trkpt>
      <trkpt lat="46.59231775941424" lon="7.826343772618833">
      <ele>2486.2</ele></trkpt>
      <trkpt lat="46.592267696896954" lon="7.826439311673263">
      <ele>2485.0</ele></trkpt>
      <trkpt lat="46.59226185315252" lon="7.82651224033218">
      <ele>2483.9</ele></trkpt>
      <trkpt lat="46.59225059295386" lon="7.826572263728734">
      <ele>2482.7</ele></trkpt>
      <trkpt lat="46.59222752692287" lon="7.826612185131471">
      <ele>2481.6</ele></trkpt>
      <trkpt lat="46.59221887756329" lon="7.826697973042796">
      <ele>2480.6</ele></trkpt>
      <trkpt lat="46.59217517391214" lon="7.826846510369413">
      <ele>2479.6</ele></trkpt>
      <trkpt lat="46.59215000556703" lon="7.826943649733682">
      <ele>2478.6</ele></trkpt>
      <trkpt lat="46.592079413169735" lon="7.8271950941774024">
      <ele>2477.6</ele></trkpt>
      <trkpt lat="46.59209715648983" lon="7.827541752381503">
      <ele>2476.7</ele></trkpt>
      <trkpt lat="46.59217268274218" lon="7.827729131969456">
      <ele>2475.7</ele></trkpt>
      <trkpt lat="46.59220355673686" lon="7.827773642602853">
      <ele>2474.7</ele></trkpt>
      <trkpt lat="46.59226112079611" lon="7.827783973962446">
      <ele>2473.7</ele></trkpt>
      <trkpt lat="46.59231046863399" lon="7.827789966135509">
      <ele>2472.7</ele></trkpt>
      <trkpt lat="46.592351442012486" lon="7.827827385604873">
      <ele>2471.7</ele></trkpt>
      <trkpt lat="46.59237864990757" lon="7.827873305469429">
      <ele>2470.7</ele></trkpt>
      <trkpt lat="46.59240322835845" lon="7.827896331332233">
      <ele>2469.7</ele></trkpt>
      <trkpt lat="46.592446864566824" lon="7.827949494324112">
      <ele>2468.7</ele></trkpt>
      <trkpt lat="46.59253392218545" lon="7.828100186175239">
      <ele>2467.7</ele></trkpt>
      <trkpt lat="46.59256361645982" lon="7.828197616261278">
      <ele>2466.8</ele></trkpt>
      <trkpt lat="46.5926363287492" lon="7.828289575500283">
      <ele>2465.8</ele></trkpt>
      <trkpt lat="46.59271101001971" lon="7.828352919212948">
      <ele>2464.8</ele></trkpt>
      <trkpt lat="46.59282577132689" lon="7.8284465390067925">
      <ele>2463.8</ele></trkpt>
      <trkpt lat="46.59284829000581" lon="7.828516749578558">
      <ele>2462.8</ele></trkpt>
      <trkpt lat="46.592858031662495" lon="7.828582614060762">
      <ele>2461.8</ele></trkpt>
      <trkpt lat="46.592858391200004" lon="7.828695623089097">
      <ele>2460.9</ele></trkpt>
      <trkpt lat="46.59284485590572" lon="7.8288443259729785">
      <ele>2460.1</ele></trkpt>
      <trkpt lat="46.592857050006266" lon="7.828968851496707">
      <ele>2459.2</ele></trkpt>
      <trkpt lat="46.59287837848297" lon="7.829094865370676">
      <ele>2458.4</ele></trkpt>
      <trkpt lat="46.59290334433983" lon="7.829225172711424">
      <ele>2457.5</ele></trkpt>
      <trkpt lat="46.59293859601826" lon="7.829309777647536">
      <ele>2456.6</ele></trkpt>
      <trkpt lat="46.592969302525404" lon="7.829387185816403">
      <ele>2455.8</ele></trkpt>
      <trkpt lat="46.59303295623905" lon="7.8294604997262205">
      <ele>2454.9</ele></trkpt>
      <trkpt lat="46.593142195798606" lon="7.829563869517746">
      <ele>2454.1</ele></trkpt>
      <trkpt lat="46.593261195183864" lon="7.829724975304787">
      <ele>2453.2</ele></trkpt>
      <trkpt lat="46.59334576969455" lon="7.829822713084771">
      <ele>2452.3</ele></trkpt>
      <trkpt lat="46.593424097333994" lon="7.829887521553011">
      <ele>2451.5</ele></trkpt>
      <trkpt lat="46.59354964518651" lon="7.830019824027539">
      <ele>2450.6</ele></trkpt>
      <trkpt lat="46.593651852698926" lon="7.8300647357829956">
      <ele>2449.8</ele></trkpt>
      <trkpt lat="46.59371306385758" lon="7.830076505587922">
      <ele>2448.9</ele></trkpt>
      <trkpt lat="46.59375040886585" lon="7.830106763455216">
      <ele>2448.0</ele></trkpt>
      <trkpt lat="46.593793872001214" lon="7.830194261462016">
      <ele>2447.2</ele></trkpt>
      <trkpt lat="46.59387926369531" lon="7.830310602379906">
      <ele>2446.3</ele></trkpt>
      <trkpt lat="46.59395164397631" lon="7.830469795365226">
      <ele>2445.5</ele></trkpt>
      <trkpt lat="46.593983233574946" lon="7.830554376228962">
      <ele>2444.6</ele></trkpt>
      <trkpt lat="46.5940081928171" lon="7.830686122315907">
      <ele>2444.0</ele></trkpt>
      <trkpt lat="46.59404347703133" lon="7.830763579033356">
      <ele>2443.4</ele></trkpt>
      <trkpt lat="46.59407518618006" lon="7.830823836742675">
      <ele>2442.8</ele></trkpt>
      <trkpt lat="46.59414337017108" lon="7.830905747203815">
      <ele>2442.2</ele></trkpt>
      <trkpt lat="46.594217848960945" lon="7.831009157020983">
      <ele>2441.7</ele></trkpt>
      <trkpt lat="46.59430485987666" lon="7.8311670095966015">
      <ele>2441.1</ele></trkpt>
      <trkpt lat="46.5943654954918" lon="7.831296092589677">
      <ele>2440.5</ele></trkpt>
      <trkpt lat="46.594412609006234" lon="7.83138647692109">
      <ele>2439.9</ele></trkpt>
      <trkpt lat="46.59444699901374" lon="7.831459634857257">
      <ele>2439.3</ele></trkpt>
      <trkpt lat="46.594493295877754" lon="7.8315285599307">
      <ele>2438.7</ele></trkpt>
      <trkpt lat="46.59454149021573" lon="7.831584618900101">
      <ele>2438.1</ele></trkpt>
      <trkpt lat="46.59456135446894" lon="7.831636231025619">
      <ele>2437.5</ele></trkpt>
      <trkpt lat="46.594589402002484" lon="7.831696463222828">
      <ele>2436.9</ele></trkpt>
      <trkpt lat="46.59465114190693" lon="7.8317869284741874">
      <ele>2436.3</ele></trkpt>
      <trkpt lat="46.59470749957989" lon="7.831857349633261">
      <ele>2435.8</ele></trkpt>
      <trkpt lat="46.59477038789928" lon="7.831899174311922">
      <ele>2435.2</ele></trkpt>
      <trkpt lat="46.594808659874204" lon="7.83192656983408">
      <ele>2434.6</ele></trkpt>
      <trkpt lat="46.59485120314813" lon="7.832016935275531">
      <ele>2434.0</ele></trkpt>
      <trkpt lat="46.59488745753989" lon="7.8320815079931485">
      <ele>2433.4</ele></trkpt>
      <trkpt lat="46.59495933548617" lon="7.832156296882902">
      <ele>2432.8</ele></trkpt>
      <trkpt lat="46.5949965162859" lon="7.832220889613197">
      <ele>2430.6</ele></trkpt>
      <trkpt lat="46.595027994423276" lon="7.8323269261509">
      <ele>2428.5</ele></trkpt>
      <trkpt lat="46.59507550150347" lon="7.83252175274773">
      <ele>2426.3</ele></trkpt>
      <trkpt lat="46.59514159403538" lon="7.832656594664581">
      <ele>2424.1</ele></trkpt>
      <trkpt lat="46.59518426679457" lon="7.832719779436837">
      <ele>2421.9</ele></trkpt>
      <trkpt lat="46.59522620473686" lon="7.83274575392795">
      <ele>2419.8</ele></trkpt>
      <trkpt lat="46.59528242551163" lon="7.832808776587626">
      <ele>2417.6</ele></trkpt>
      <trkpt lat="46.59536928824962" lon="7.83289180625473">
      <ele>2415.4</ele></trkpt>
      <trkpt lat="46.595537582848195" lon="7.832989562809069">
      <ele>2413.2</ele></trkpt>
      <trkpt lat="46.59564615798582" lon="7.833117617087406">
      <ele>2411.1</ele></trkpt>
      <trkpt lat="46.5957250247416" lon="7.833174280817384">
      <ele>2408.9</ele></trkpt>
      <trkpt lat="46.59583576263779" lon="7.833238889714429">
      <ele>2406.7</ele></trkpt>
      <trkpt lat="46.59597369917376" lon="7.833330684698859">
      <ele>2404.5</ele></trkpt>
      <trkpt lat="46.59605594823132" lon="7.833408097191859">
      <ele>2402.4</ele></trkpt>
      <trkpt lat="46.59610654359158" lon="7.83344337523864">
      <ele>2400.2</ele></trkpt>
      <trkpt lat="46.59618980998777" lon="7.833556839757264">
      <ele>2398.0</ele></trkpt>
      <trkpt lat="46.596260918318634" lon="7.83366649657478">
      <ele>2395.8</ele></trkpt>
      <trkpt lat="46.59634857936471" lon="7.833843325940991">
      <ele>2393.7</ele></trkpt>
      <trkpt lat="46.59641184706044" lon="7.833967411778021">
      <ele>2391.5</ele></trkpt>
      <trkpt lat="46.59646560165088" lon="7.834022863050759">
      <ele>2389.3</ele></trkpt>
      <trkpt lat="46.596518903318355" lon="7.834063668877628">
      <ele>2388.7</ele></trkpt>
      <trkpt lat="46.596611739269505" lon="7.834125696240449">
      <ele>2388.1</ele></trkpt>
      <trkpt lat="46.596631563342065" lon="7.834141932013598">
      <ele>2387.5</ele></trkpt>
      <trkpt lat="46.59669995593828" lon="7.834220080570812">
      <ele>2386.9</ele></trkpt>
      <trkpt lat="46.596746371851744" lon="7.834326752894485">
      <ele>2386.3</ele></trkpt>
      <trkpt lat="46.5967777808088" lon="7.834379666262663">
      <ele>2385.7</ele></trkpt>
      <trkpt lat="46.596801268775984" lon="7.834439125138865">
      <ele>2385.1</ele></trkpt>
      <trkpt lat="46.59683307112956" lon="7.834484955243391">
      <ele>2384.5</ele></trkpt>
      <trkpt lat="46.596854493930515" lon="7.834520008268141">
      <ele>2383.9</ele></trkpt>
      <trkpt lat="46.596893550723145" lon="7.834587985583736">
      <ele>2383.2</ele></trkpt>
      <trkpt lat="46.59692019765594" lon="7.8346573337750876">
      <ele>2382.6</ele></trkpt>
      <trkpt lat="46.596941365594006" lon="7.834682884490094">
      <ele>2382.0</ele></trkpt>
      <trkpt lat="46.59700320055114" lon="7.8347143184793">
      <ele>2381.4</ele></trkpt>
      <trkpt lat="46.59701830307983" lon="7.834737945607632">
      <ele>2380.8</ele></trkpt>
      <trkpt lat="46.59704238484304" lon="7.834802498853652">
      <ele>2380.2</ele></trkpt>
      <trkpt lat="46.597090289507136" lon="7.8348767141947855">
      <ele>2379.6</ele></trkpt>
      <trkpt lat="46.5971219108859" lon="7.834899535840809">
      <ele>2379.0</ele></trkpt>
      <trkpt lat="46.59718025332851" lon="7.834897979565517">
      <ele>2378.4</ele></trkpt>
      <trkpt lat="46.597218223630684" lon="7.8349187988745275">
      <ele>2377.8</ele></trkpt>
      <trkpt lat="46.59728010865436" lon="7.834984934446526">
      <ele>2377.2</ele></trkpt>
      <trkpt lat="46.59733059271585" lon="7.835046875771165">
      <ele>2376.9</ele></trkpt>
      <trkpt lat="46.597379803111394" lon="7.83511290568298">
      <ele>2376.7</ele></trkpt>
      <trkpt lat="46.59740870549277" lon="7.835182871607931">
      <ele>2376.4</ele></trkpt>
      <trkpt lat="46.597433876067264" lon="7.835234344000245">
      <ele>2376.2</ele></trkpt>
      <trkpt lat="46.597443769161345" lon="7.835302108715313">
      <ele>2375.9</ele></trkpt>
      <trkpt lat="46.59746385915136" lon="7.835355579793721">
      <ele>2375.6</ele></trkpt>
      <trkpt lat="46.59749663076306" lon="7.835407121120385">
      <ele>2375.4</ele></trkpt>
      <trkpt lat="46.5975433543046" lon="7.835458764854907">
      <ele>2375.1</ele></trkpt>
      <trkpt lat="46.59762547544803" lon="7.8355414934140875">
      <ele>2374.9</ele></trkpt>
      <trkpt lat="46.59769127431687" lon="7.835578934959595">
      <ele>2374.6</ele></trkpt>
      <trkpt lat="46.597794839334455" lon="7.835690545327931">
      <ele>2374.3</ele></trkpt>
      <trkpt lat="46.59789715022106" lon="7.835798036020695">
      <ele>2374.1</ele></trkpt>
      <trkpt lat="46.597931317127724" lon="7.835820877237129">
      <ele>2373.8</ele></trkpt>
      <trkpt lat="46.59796918340832" lon="7.835866309927635">
      <ele>2373.6</ele></trkpt>
      <trkpt lat="46.597986802597276" lon="7.835903372181495">
      <ele>2373.3</ele></trkpt>
      <trkpt lat="46.59800317310618" lon="7.835932203480348">
      <ele>2373.0</ele></trkpt>
      <trkpt lat="46.59803349542346" lon="7.835961176423088">
      <ele>2372.8</ele></trkpt>
      <trkpt lat="46.59807601644112" lon="7.836000300944341">
      <ele>2372.5</ele></trkpt>
      <trkpt lat="46.59810308022036" lon="7.83601698254392">
      <ele>2372.3</ele></trkpt>
      <trkpt lat="46.598160702672395" lon="7.836121196680959">
      <ele>2372.0</ele></trkpt>
      <trkpt lat="46.59818528158783" lon="7.83614361539323">
      <ele>2368.5</ele></trkpt>
      <trkpt lat="46.59820205241758" lon="7.836168560752774">
      <ele>2365.0</ele></trkpt>
      <trkpt lat="46.59822910500893" lon="7.836188439776701">
      <ele>2361.5</ele></trkpt>
      <trkpt lat="46.59826510463549" lon="7.836237709168829">
      <ele>2358.0</ele></trkpt>
      <trkpt lat="46.59831343947143" lon="7.8362863645721665">
      <ele>2354.5</ele></trkpt>
      <trkpt lat="46.59835033571816" lon="7.83634934380047">
      <ele>2351.0</ele></trkpt>
      <trkpt lat="46.59841222706419" lon="7.836413433503521">
      <ele>2347.5</ele></trkpt>
      <trkpt lat="46.59847913628569" lon="7.836496026863082">
      <ele>2344.0</ele></trkpt>
      <trkpt lat="46.598538438873284" lon="7.836572391527154">
      <ele>2340.5</ele></trkpt>
      <trkpt lat="46.598570074230885" lon="7.836591116984035">
      <ele>2336.9</ele></trkpt>
      <trkpt lat="46.598523457350524" lon="7.836827944179671">
      <ele>2333.4</ele></trkpt>
      <trkpt lat="46.59839245692349" lon="7.836882943400029">
      <ele>2329.9</ele></trkpt>
      <trkpt lat="46.59831245621408" lon="7.837023942621321">
      <ele>2326.4</ele></trkpt>
      <trkpt lat="46.59830645452129" lon="7.837449943202071">
      <ele>2322.9</ele></trkpt>
      <trkpt lat="46.5981044587165" lon="7.837809537823655">
      <ele>2319.4</ele></trkpt>
      <trkpt lat="46.59790246177362" lon="7.838169129759548">
      <ele>2315.9</ele></trkpt>
      <trkpt lat="46.59770046369269" lon="7.838528719009759">
      <ele>2312.4</ele></trkpt>
      <trkpt lat="46.597569944179085" lon="7.838919194653942">
      <ele>2308.9</ele></trkpt>
      <trkpt lat="46.597439423325426" lon="7.839309668413673">
      <ele>2305.4</ele></trkpt>
      <trkpt lat="46.597213032341756" lon="7.839601441986393">
      <ele>2301.9</ele></trkpt>
      <trkpt lat="46.596986640607355" lon="7.839893213116857">
      <ele>2296.9</ele></trkpt>
      <trkpt lat="46.59676024812225" lon="7.840184981805101">
      <ele>2291.9</ele></trkpt>
      <trkpt lat="46.596578797717406" lon="7.840669257744245">
      <ele>2286.9</ele></trkpt>
      <trkpt lat="46.59639734525089" lon="7.841153530434356">
      <ele>2281.9</ele></trkpt>
      <trkpt lat="46.596368031836654" lon="7.841597854167919">
      <ele>2276.8</ele></trkpt>
      <trkpt lat="46.596338716688415" lon="7.842042177419734">
      <ele>2271.8</ele></trkpt>
      <trkpt lat="46.596279817758386" lon="7.842585491488681">
      <ele>2266.8</ele></trkpt>
      <trkpt lat="46.59622091623562" lon="7.843128804374203">
      <ele>2261.8</ele></trkpt>
      <trkpt lat="46.59616201212006" lon="7.843672116076236">
      <ele>2256.8</ele></trkpt>
      <trkpt lat="46.59607085014247" lon="7.844010734300243">
      <ele>2251.8</ele></trkpt>
      <trkpt lat="46.59613449725488" lon="7.8445306826507375">
      <ele>2246.8</ele></trkpt>
      <trkpt lat="46.59614739453417" lon="7.844659820912657">
      <ele>2241.8</ele></trkpt>
      <trkpt lat="46.59621808970821" lon="7.844879788373825">
      <ele>2236.8</ele></trkpt>
      <trkpt lat="46.596245696001205" lon="7.8449936487687575">
      <ele>2231.8</ele></trkpt>
      <trkpt lat="46.59622814255362" lon="7.845087699258836">
      <ele>2226.8</ele></trkpt>
      <trkpt lat="46.59621493904422" lon="7.845175283446155">
      <ele>2221.7</ele></trkpt>
      <trkpt lat="46.596180017333424" lon="7.845311433257417">
      <ele>2216.7</ele></trkpt>
      <trkpt lat="46.59611741746303" lon="7.845356442059099">
      <ele>2211.7</ele></trkpt>
      <trkpt lat="46.59607847942852" lon="7.845408114540512">
      <ele>2206.7</ele></trkpt>
      <trkpt lat="46.59604574856721" lon="7.8455377814267955">
      <ele>2201.7</ele></trkpt>
      <trkpt lat="46.59603046063273" lon="7.845599379987017">
      <ele>2200.2</ele></trkpt>
      <trkpt lat="46.59599797860197" lon="7.8456543502382665">
      <ele>2198.7</ele></trkpt>
      <trkpt lat="46.59595467094977" lon="7.845725473166559">
      <ele>2197.2</ele></trkpt>
      <trkpt lat="46.59593942934315" lon="7.845774087169859">
      <ele>2195.7</ele></trkpt>
      <trkpt lat="46.595911290909854" lon="7.84581934157411">
      <ele>2194.2</ele></trkpt>
      <trkpt lat="46.59584421677358" lon="7.845913031448262">
      <ele>2192.8</ele></trkpt>
      <trkpt lat="46.5958031401972" lon="7.845961437725931">
      <ele>2191.3</ele></trkpt>
      <trkpt lat="46.59577935055238" lon="7.845990503565259">
      <ele>2189.8</ele></trkpt>
      <trkpt lat="46.5958072604826" lon="7.846016683163908">
      <ele>2188.3</ele></trkpt>
      <trkpt lat="46.59585888131362" lon="7.846033293020939">
      <ele>2186.8</ele></trkpt>
      <trkpt lat="46.595895521360276" lon="7.846020558111523">
      <ele>2185.3</ele></trkpt>
      <trkpt lat="46.595945192354726" lon="7.845978715409919">
      <ele>2183.8</ele></trkpt>
      <trkpt lat="46.59599906767966" lon="7.8459661102179075">
      <ele>2182.3</ele></trkpt>
      <trkpt lat="46.59605281255099" lon="7.8459924844497015">
      <ele>2180.8</ele></trkpt>
      <trkpt lat="46.59608270445238" lon="7.846070644344231">
      <ele>2179.3</ele></trkpt>
      <trkpt lat="46.596090994045916" lon="7.846164888891012">
      <ele>2177.9</ele></trkpt>
      <trkpt lat="46.59608212965711" lon="7.846236271051456">
      <ele>2176.4</ele></trkpt>
      <trkpt lat="46.59605827659456" lon="7.846288056542472">
      <ele>2174.9</ele></trkpt>
      <trkpt lat="46.59603209020516" lon="7.8463885270867975">
      <ele>2173.4</ele></trkpt>
      <trkpt lat="46.595970115859416" lon="7.846519969438028">
      <ele>2171.9</ele></trkpt>
      <trkpt lat="46.59594088399566" lon="7.846584098587891">
      <ele>2170.8</ele></trkpt>
      <trkpt lat="46.59592870087235" lon="7.846642666454723">
      <ele>2169.7</ele></trkpt>
      <trkpt lat="46.59588102058942" lon="7.846753975578739">
      <ele>2168.5</ele></trkpt>
      <trkpt lat="46.595967515734976" lon="7.846738485252988">
      <ele>2167.4</ele></trkpt>
      <trkpt lat="46.59608464134422" lon="7.846765625507095">
      <ele>2166.3</ele></trkpt>
      <trkpt lat="46.596151495114846" lon="7.846791342578547">
      <ele>2165.2</ele></trkpt>
      <trkpt lat="46.59617359500207" lon="7.84681463402054">
      <ele>2164.1</ele></trkpt>
      <trkpt lat="46.596172840855516" lon="7.846854365753387">
      <ele>2162.9</ele></trkpt>
      <trkpt lat="46.596148060653064" lon="7.846906235414009">
      <ele>2161.8</ele></trkpt>
      <trkpt lat="46.59609688276983" lon="7.846926690086495">
      <ele>2160.7</ele></trkpt>
      <trkpt lat="46.595977573105635" lon="7.846946695729948">
      <ele>2159.6</ele></trkpt>
      <trkpt lat="46.59591563187517" lon="7.846978435602576">
      <ele>2158.5</ele></trkpt>
      <trkpt lat="46.595866259215065" lon="7.847027287459137">
      <ele>2157.3</ele></trkpt>
      <trkpt lat="46.595775387985256" lon="7.847031390791077">
      <ele>2156.2</ele></trkpt>
      <trkpt lat="46.59571674219815" lon="7.84701964680517">
      <ele>2155.1</ele></trkpt>
      <trkpt lat="46.59567201378569" lon="7.846997581005299">
      <ele>2154.0</ele></trkpt>
      <trkpt lat="46.59560027834359" lon="7.846938432316839">
      <ele>2152.9</ele></trkpt>
      <trkpt lat="46.59553698425606" lon="7.846941047431329">
      <ele>2151.7</ele></trkpt>
      <trkpt lat="46.59550100289841" lon="7.847005868735817">
      <ele>2150.6</ele></trkpt>
      <trkpt lat="46.595433881663425" lon="7.8470773060365495">
      <ele>2149.5</ele></trkpt>
      <trkpt lat="46.59540028360951" lon="7.8471272160723045">
      <ele>2148.3</ele></trkpt>
      <trkpt lat="46.59538687479025" lon="7.847176312823091">
      <ele>2147.0</ele></trkpt>
      <trkpt lat="46.59533806986289" lon="7.8472148328244185">
      <ele>2145.8</ele></trkpt>
      <trkpt lat="46.595277595873895" lon="7.847266340557391">
      <ele>2144.5</ele></trkpt>
      <trkpt lat="46.595240029387" lon="7.847319104365719">
      <ele>2143.3</ele></trkpt>
      <trkpt lat="46.595214123249086" lon="7.8473312276935365">
      <ele>2142.0</ele></trkpt>
      <trkpt lat="46.59516921254693" lon="7.847364974523038">
      <ele>2140.8</ele></trkpt>
      <trkpt lat="46.59513566308911" lon="7.847398807141698">
      <ele>2139.5</ele></trkpt>
      <trkpt lat="46.595123562243" lon="7.847431836111241">
      <ele>2138.3</ele></trkpt>
      <trkpt lat="46.59508437739976" lon="7.847454272750929">
      <ele>2137.1</ele></trkpt>
      <trkpt lat="46.595002780147865" lon="7.847516151496052">
      <ele>2135.8</ele></trkpt>
      <trkpt lat="46.59499885818323" lon="7.8475586902169745">
      <ele>2134.6</ele></trkpt>
      <trkpt lat="46.59496456906626" lon="7.847625624274321">
      <ele>2133.3</ele></trkpt>
      <trkpt lat="46.59491963108668" lon="7.8476669393561735">
      <ele>2132.1</ele></trkpt>
      <trkpt lat="46.59488202151821" lon="7.847711611370176">
      <ele>2130.8</ele></trkpt>
      <trkpt lat="46.59483435437062" lon="7.847798945142815">
      <ele>2129.6</ele></trkpt>
      <trkpt lat="46.59481492251391" lon="7.847811782654968">
      <ele>2128.3</ele></trkpt>
      <trkpt lat="46.59477140694526" lon="7.8479478752922365">
      <ele>2127.1</ele></trkpt>
      <trkpt lat="46.59474739236927" lon="7.848041860332517">
      <ele>2125.8</ele></trkpt>
      <trkpt lat="46.59471284632181" lon="7.848067593908961">
      <ele>2124.6</ele></trkpt>
      <trkpt lat="46.594622368271274" lon="7.848079919682959">
      <ele>2123.4</ele></trkpt>
      <trkpt lat="46.594587831257314" lon="7.848105640194403">
      <ele>2122.3</ele></trkpt>
      <trkpt lat="46.594527260672685" lon="7.84818638977937">
      <ele>2121.1</ele></trkpt>
      <trkpt lat="46.59448385521939" lon="7.848286752285421">
      <ele>2120.0</ele></trkpt>
      <trkpt lat="46.59444700465257" lon="7.848357920031294">
      <ele>2118.8</ele></trkpt>
      <trkpt lat="46.59438853441504" lon="7.8484549057225985">
      <ele>2117.7</ele></trkpt>
      <trkpt lat="46.59434093948917" lon="7.848519519212963">
      <ele>2116.5</ele></trkpt>
      <trkpt lat="46.594280450504336" lon="7.848577523130607">
      <ele>2115.4</ele></trkpt>
      <trkpt lat="46.59425460652779" lon="7.848577340344189">
      <ele>2114.2</ele></trkpt>
      <trkpt lat="46.59425879844955" lon="7.848609839505335">
      <ele>2113.1</ele></trkpt>
      <trkpt lat="46.59426727307575" lon="7.848652119179718">
      <ele>2111.9</ele></trkpt>
      <trkpt lat="46.594249856947435" lon="7.848707200017232">
      <ele>2110.7</ele></trkpt>
      <trkpt lat="46.594193440015204" lon="7.848833431609066">
      <ele>2109.6</ele></trkpt>
      <trkpt lat="46.59413716873835" lon="7.848914212399573">
      <ele>2108.4</ele></trkpt>
      <trkpt lat="46.5940939175494" lon="7.8489690970661945">
      <ele>2107.3</ele></trkpt>
      <trkpt lat="46.594024772841145" lon="7.8490400318988724">
      <ele>2106.1</ele></trkpt>
      <trkpt lat="46.593981547689204" lon="7.849085181599345">
      <ele>2105.0</ele></trkpt>
      <trkpt lat="46.59397497186485" lon="7.84911761198537">
      <ele>2103.8</ele></trkpt>
      <trkpt lat="46.593951213931355" lon="7.8491401509397365">
      <ele>2102.7</ele></trkpt>
      <trkpt lat="46.59392752881628" lon="7.849139997316546">
      <ele>2101.5</ele></trkpt>
      <trkpt lat="46.593923027291424" lon="7.8491983988921765">
      <ele>2097.1</ele></trkpt>
      <trkpt lat="46.59392346224209" lon="7.84938059301504">
      <ele>2092.7</ele></trkpt>
      <trkpt lat="46.59415626863617" lon="7.849884857876684">
      <ele>2088.3</ele></trkpt>
      <trkpt lat="46.594435312759316" lon="7.850241015865496">
      <ele>2083.9</ele></trkpt>
      <trkpt lat="46.594724422951835" lon="7.850549410036535">
      <ele>2079.6</ele></trkpt>
      <trkpt lat="46.59506048157499" lon="7.850642872396579">
      <ele>2075.2</ele></trkpt>
      <trkpt lat="46.59517716001916" lon="7.850753799704393">
      <ele>2070.8</ele></trkpt>
      <trkpt lat="46.595238025271556" lon="7.85082974231485">
      <ele>2066.4</ele></trkpt>
      <trkpt lat="46.595240494195" lon="7.850873334526879">
      <ele>2062.0</ele></trkpt>
      <trkpt lat="46.59523037225537" lon="7.850908609393067">
      <ele>2057.6</ele></trkpt>
      <trkpt lat="46.595192336475684" lon="7.850963807378804">
      <ele>2053.2</ele></trkpt>
      <trkpt lat="46.59517616126327" lon="7.850988909395334">
      <ele>2048.8</ele></trkpt>
      <trkpt lat="46.59516425519273" lon="7.851037416162201">
      <ele>2044.4</ele></trkpt>
      <trkpt lat="46.59513533348303" lon="7.85109965207699">
      <ele>2040.0</ele></trkpt>
      <trkpt lat="46.59511909859077" lon="7.851143701890409">
      <ele>2035.7</ele></trkpt>
      <trkpt lat="46.59509237202044" lon="7.851200904165132">
      <ele>2031.3</ele></trkpt>
      <trkpt lat="46.595065647691264" lon="7.8512574800105455">
      <ele>2026.9</ele></trkpt>
      <trkpt lat="46.59505038415814" lon="7.8512668116390945">
      <ele>2022.5</ele></trkpt>
      <trkpt lat="46.59503241784737" lon="7.851307050638378">
      <ele>2018.1</ele></trkpt>
      <trkpt lat="46.59501622884234" lon="7.8513359368101545">
      <ele>2013.7</ele></trkpt>
      <trkpt lat="46.59500697722862" lon="7.851369312816889">
      <ele>2012.8</ele></trkpt>
      <trkpt lat="46.59499603981749" lon="7.851388790987094">
      <ele>2012.0</ele></trkpt>
      <trkpt lat="46.59499336231324" lon="7.851410237440414">
      <ele>2011.1</ele></trkpt>
      <trkpt lat="46.59498674225656" lon="7.851437317410198">
      <ele>2010.2</ele></trkpt>
      <trkpt lat="46.59497223876541" lon="7.851482646043148">
      <ele>2009.3</ele></trkpt>
      <trkpt lat="46.594960467719" lon="7.851491377856592">
      <ele>2008.5</ele></trkpt>
      <trkpt lat="46.59493874222302" lon="7.851481698779194">
      <ele>2007.6</ele></trkpt>
      <trkpt lat="46.59492741459287" lon="7.851484744275857">
      <ele>2006.7</ele></trkpt>
      <trkpt lat="46.594904699484395" lon="7.8515123016555215">
      <ele>2005.8</ele></trkpt>
      <trkpt lat="46.59488893988984" lon="7.851541830413339">
      <ele>2005.0</ele></trkpt>
      <trkpt lat="46.59487839746183" lon="7.851573930628222">
      <ele>2004.1</ele></trkpt>
      <trkpt lat="46.59488262281114" lon="7.851611859353811">
      <ele>2003.2</ele></trkpt>
      <trkpt lat="46.594872987426456" lon="7.851631973758327">
      <ele>2002.3</ele></trkpt>
      <trkpt lat="46.59489414333312" lon="7.851684595271495">
      <ele>2001.5</ele></trkpt>
      <trkpt lat="46.59488842550044" lon="7.851703486803844">
      <ele>2000.6</ele></trkpt>
      <trkpt lat="46.594853071449705" lon="7.851735984761772">
      <ele>1999.7</ele></trkpt>
      <trkpt lat="46.594838214184975" lon="7.851757298981828">
      <ele>1998.8</ele></trkpt>
      <trkpt lat="46.59483379149431" lon="7.851778732027065">
      <ele>1998.0</ele></trkpt>
      <trkpt lat="46.594813666621334" lon="7.851811372315274">
      <ele>1997.1</ele></trkpt>
      <trkpt lat="46.59483502693664" lon="7.851800208281592">
      <ele>1996.2</ele></trkpt>
      <trkpt lat="46.594857200192706" lon="7.85180548007499">
      <ele>1995.3</ele></trkpt>
      <trkpt lat="46.59487029601055" lon="7.851793613474964">
      <ele>1994.5</ele></trkpt>
      <trkpt lat="46.594896058561645" lon="7.851764174238756">
      <ele>1993.6</ele></trkpt>
      <trkpt lat="46.59489293088021" lon="7.851790667450552">
      <ele>1992.7</ele></trkpt>
      <trkpt lat="46.594876755629116" lon="7.851813250480545">
      <ele>1991.8</ele></trkpt>
      <trkpt lat="46.59485743207378" lon="7.851868003168486">
      <ele>1991.0</ele></trkpt>
      <trkpt lat="46.59484782648207" lon="7.851879896408808">
      <ele>1990.1</ele></trkpt>
      <trkpt lat="46.59482908398005" lon="7.851888561811809">
      <ele>1989.2</ele></trkpt>
      <trkpt lat="46.59481159048726" lon="7.851917437736528">
      <ele>1988.4</ele></trkpt>
      <trkpt lat="46.594808439843305" lon="7.851950246793219">
      <ele>1987.5</ele></trkpt>
      <trkpt lat="46.59479356662661" lon="7.851973466075644">
      <ele>1986.6</ele></trkpt>
      <trkpt lat="46.59476598769018" lon="7.852024984456891">
      <ele>1985.8</ele></trkpt>
      <trkpt lat="46.59475713290934" lon="7.852072887563704">
      <ele>1984.9</ele></trkpt>
      <trkpt lat="46.59474572696626" lon="7.852102449353099">
      <ele>1984.0</ele></trkpt>
      <trkpt lat="46.59472343424832" lon="7.852132554304187">
      <ele>1983.2</ele></trkpt>
      <trkpt lat="46.59470158921894" lon="7.8521607573955805">
      <ele>1982.3</ele></trkpt>
      <trkpt lat="46.59468662844144" lon="7.852213024543878">
      <ele>1981.4</ele></trkpt>
      <trkpt lat="46.59467389977666" lon="7.852247626386563">
      <ele>1980.5</ele></trkpt>
      <trkpt lat="46.59465902649923" lon="7.85227084552943">
      <ele>1979.7</ele></trkpt>
      <trkpt lat="46.59463069435658" lon="7.852286993213713">
      <ele>1978.8</ele></trkpt>
      <trkpt lat="46.59459970536193" lon="7.852316379042301">
      <ele>1978.3</ele></trkpt>
      <trkpt lat="46.59455917992355" lon="7.852333660111095">
      <ele>1977.7</ele></trkpt>
      <trkpt lat="46.594527770610156" lon="7.852359884640838">
      <ele>1977.2</ele></trkpt>
      <trkpt lat="46.594506412563064" lon="7.852370408974583">
      <ele>1976.7</ele></trkpt>
      <trkpt lat="46.59445549850193" lon="7.852372446829847">
      <ele>1976.1</ele></trkpt>
      <trkpt lat="46.594443275181916" lon="7.852384319872107">
      <ele>1975.6</ele></trkpt>
      <trkpt lat="46.594444480476575" lon="7.852416535613279">
      <ele>1975.1</ele></trkpt>
      <trkpt lat="46.59446878929624" lon="7.8524331902014">
      <ele>1974.5</ele></trkpt>
      <trkpt lat="46.594511390523024" lon="7.852446226425319">
      <ele>1974.0</ele></trkpt>
      <trkpt lat="46.594543630855725" lon="7.8524339192564065">
      <ele>1973.4</ele></trkpt>
      <trkpt lat="46.59456884206263" lon="7.852442372540087">
      <ele>1972.9</ele></trkpt>
      <trkpt lat="46.59460318111925" lon="7.8524540667260725">
      <ele>1972.4</ele></trkpt>
      <trkpt lat="46.59463324460157" lon="7.852441729840286">
      <ele>1971.8</ele></trkpt>
      <trkpt lat="46.59468024357224" lon="7.852437756840296">
      <ele>1971.3</ele></trkpt>
      <trkpt lat="46.5947242087528" lon="7.852434400063863">
      <ele>1970.8</ele></trkpt>
      <trkpt lat="46.59477434910123" lon="7.852402681265728">
      <ele>1970.2</ele></trkpt>
      <trkpt lat="46.594826737667766" lon="7.852348873348665">
      <ele>1969.7</ele></trkpt>
      <trkpt lat="46.59485457834229" lon="7.852349151507017">
      <ele>1969.2</ele></trkpt>
      <trkpt lat="46.59489202439383" lon="7.85234256065392">
      <ele>1968.6</ele></trkpt>
      <trkpt lat="46.594920815824715" lon="7.852318847572322">
      <ele>1968.1</ele></trkpt>
      <trkpt lat="46.594961286060695" lon="7.852319235342457">
      <ele>1967.3</ele></trkpt>
      <trkpt lat="46.59499055515976" lon="7.852282893687154">
      <ele>1966.6</ele></trkpt>
      <trkpt lat="46.59502857798599" lon="7.852228962560155">
      <ele>1965.8</ele></trkpt>
      <trkpt lat="46.59505389719746" lon="7.85220520976422">
      <ele>1965.0</ele></trkpt>
      <trkpt lat="46.59507960462754" lon="7.85219345267786">
      <ele>1964.3</ele></trkpt>
      <trkpt lat="46.59510144966455" lon="7.852165249402658">
      <ele>1963.5</ele></trkpt>
      <trkpt lat="46.5951272627347" lon="7.852121925606154">
      <ele>1962.7</ele></trkpt>
      <trkpt lat="46.595156093118106" lon="7.852087472603508">
      <ele>1962.0</ele></trkpt>
      <trkpt lat="46.595205016310246" lon="7.852029226679592">
      <ele>1961.2</ele></trkpt>
      <trkpt lat="46.59523598912185" lon="7.852004277178618">
      <ele>1960.4</ele></trkpt>
      <trkpt lat="46.595251609026484" lon="7.852015736842268">
      <ele>1959.7</ele></trkpt>
      <trkpt lat="46.59522791942431" lon="7.852081235633652">
      <ele>1958.9</ele></trkpt>
      <trkpt lat="46.59522574838877" lon="7.852126671609367">
      <ele>1958.2</ele></trkpt>
      <trkpt lat="46.5952355234221" lon="7.8521498706317505">
      <ele>1957.4</ele></trkpt>
      <trkpt lat="46.59526138819384" lon="7.852131942107271">
      <ele>1956.6</ele></trkpt>
      <trkpt lat="46.59530152465781" lon="7.8520879968444355">
      <ele>1955.9</ele></trkpt>
      <trkpt lat="46.595337939148386" lon="7.852033517936468">
      <ele>1955.1</ele></trkpt>
      <trkpt lat="46.59537046977172" lon="7.852013095534413">
      <ele>1954.3</ele></trkpt>
      <trkpt lat="46.59538990937341" lon="7.852008167677912">
      <ele>1953.6</ele></trkpt>
      <trkpt lat="46.59536916081015" lon="7.852058955816261">
      <ele>1952.8</ele></trkpt>
      <trkpt lat="46.59534981275339" lon="7.852127854779774">
      <ele>1951.5</ele></trkpt>
      <trkpt lat="46.595349261544776" lon="7.852207794025765">
      <ele>1950.2</ele></trkpt>
      <trkpt lat="46.59534292520989" lon="7.852248343703573">
      <ele>1949.0</ele></trkpt>
      <trkpt lat="46.595333467947434" lon="7.852301110275897">
      <ele>1947.7</ele></trkpt>
      <trkpt lat="46.5953459969717" lon="7.852296703878175">
      <ele>1946.4</ele></trkpt>
      <trkpt lat="46.59537244734721" lon="7.852283490867289">
      <ele>1945.1</ele></trkpt>
      <trkpt lat="46.595404275371514" lon="7.852243527565719">
      <ele>1943.8</ele></trkpt>
      <trkpt lat="46.59540273244347" lon="7.852306716317352">
      <ele>1942.6</ele></trkpt>
      <trkpt lat="46.59540523790077" lon="7.852345049912973">
      <ele>1941.3</ele></trkpt>
      <trkpt lat="46.595384003229725" lon="7.852373610288833">
      <ele>1940.0</ele></trkpt>
      <trkpt lat="46.595342872116504" lon="7.852428835929901">
      <ele>1938.7</ele></trkpt>
      <trkpt lat="46.5953096450485" lon="7.852489876938482">
      <ele>1937.4</ele></trkpt>
      <trkpt lat="46.595292274899954" lon="7.852549120869398">
      <ele>1936.2</ele></trkpt>
      <trkpt lat="46.595268116502226" lon="7.852634608251582">
      <ele>1934.9</ele></trkpt>
      <trkpt lat="46.595249446128804" lon="7.852776786916989">
      <ele>1933.6</ele></trkpt>
      <trkpt lat="46.595256882615864" lon="7.852841897303735">
      <ele>1932.3</ele></trkpt>
      <trkpt lat="46.59525932320654" lon="7.852895537789662">
      <ele>1931.0</ele></trkpt>
      <trkpt lat="46.595249868840675" lon="7.85295484216132">
      <ele>1929.8</ele></trkpt>
      <trkpt lat="46.59523620242056" lon="7.853036951462418">
      <ele>1928.5</ele></trkpt>
      <trkpt lat="46.595245476655066" lon="7.853071643726434">
      <ele>1927.2</ele></trkpt>
      <trkpt lat="46.5952134371106" lon="7.853167157934848">
      <ele>1925.7</ele></trkpt>
      <trkpt lat="46.59521727857791" lon="7.853201665026039">
      <ele>1924.2</ele></trkpt>
      <trkpt lat="46.59522226600498" lon="7.853282142416751">
      <ele>1922.7</ele></trkpt>
      <trkpt lat="46.59521400120332" lon="7.853377851779789">
      <ele>1921.2</ele></trkpt>
      <trkpt lat="46.59520434922432" lon="7.853488857926227">
      <ele>1919.7</ele></trkpt>
      <trkpt lat="46.59522117049864" lon="7.853582854370073">
      <ele>1918.2</ele></trkpt>
      <trkpt lat="46.595233941029214" lon="7.853699774457436">
      <ele>1916.7</ele></trkpt>
      <trkpt lat="46.59523627145552" lon="7.853785986509911">
      <ele>1915.2</ele></trkpt>
      <trkpt lat="46.595225543213836" lon="7.853831865697278">
      <ele>1913.7</ele></trkpt>
      <trkpt lat="46.59521744562328" lon="7.853881601709519">
      <ele>1912.2</ele></trkpt>
      <trkpt lat="46.59522510312642" lon="7.853952534137245">
      <ele>1910.8</ele></trkpt>
      <trkpt lat="46.59524739306008" lon="7.853994843192499">
      <ele>1909.3</ele></trkpt>
      <trkpt lat="46.59523134251005" lon="7.854052165335428">
      <ele>1907.8</ele></trkpt>
      <trkpt lat="46.59526027696574" lon="7.854083041603456">
      <ele>1906.3</ele></trkpt>
      <trkpt lat="46.595236294334846" lon="7.854142234186911">
      <ele>1904.8</ele></trkpt>
      <trkpt lat="46.59520442363737" lon="7.85419370587416">
      <ele>1903.3</ele></trkpt>
      <trkpt lat="46.59520428384565" lon="7.854232006049994">
      <ele>1901.8</ele></trkpt>
      <trkpt lat="46.59518028513899" lon="7.854293116707311">
      <ele>1900.3</ele></trkpt>
      <trkpt lat="46.59520530350488" lon="7.854312466084224">
      <ele>1898.8</ele></trkpt>
      <trkpt lat="46.595247539166664" lon="7.854314695890752">
      <ele>1897.3</ele></trkpt>
      <trkpt lat="46.595211626486474" lon="7.854389117179137">
      <ele>1896.2</ele></trkpt>
      <trkpt lat="46.59519174359563" lon="7.854411945119982">
      <ele>1895.1</ele></trkpt>
      <trkpt lat="46.595221930372134" lon="7.854461975290647">
      <ele>1894.0</ele></trkpt>
      <trkpt lat="46.595244415949516" lon="7.8544506642685015">
      <ele>1892.9</ele></trkpt>
      <trkpt lat="46.595249589391635" lon="7.854477508406139">
      <ele>1891.8</ele></trkpt>
      <trkpt lat="46.59521512486948" lon="7.8545174630665">
      <ele>1890.7</ele></trkpt>
      <trkpt lat="46.59524937252526" lon="7.854536883514121">
      <ele>1889.6</ele></trkpt>
      <trkpt lat="46.595271830130386" lon="7.85453323256195">
      <ele>1888.5</ele></trkpt>
      <trkpt lat="46.59527967818397" lon="7.854554355351482">
      <ele>1887.4</ele></trkpt>
      <trkpt lat="46.595257101592296" lon="7.854590577787756">
      <ele>1886.3</ele></trkpt>
      <trkpt lat="46.59522800832266" lon="7.854605674598714">
      <ele>1885.3</ele></trkpt>
      <trkpt lat="46.595168544436625" lon="7.854618619535619">
      <ele>1884.2</ele></trkpt>
      <trkpt lat="46.59516981576892" lon="7.85463012620427">
      <ele>1883.1</ele></trkpt>
      <trkpt lat="46.59522907673561" lon="7.854672719820899">
      <ele>1882.0</ele></trkpt>
      <trkpt lat="46.59526865768257" lon="7.8546826028027965">
      <ele>1880.9</ele></trkpt>
      <trkpt lat="46.59530674631223" lon="7.854736530631423">
      <ele>1879.8</ele></trkpt>
      <trkpt lat="46.59534235126618" lon="7.854746383091607">
      <ele>1878.7</ele></trkpt>
      <trkpt lat="46.5953237536907" lon="7.8547768680610695">
      <ele>1877.6</ele></trkpt>
      <trkpt lat="46.5953765959364" lon="7.854771532600838">
      <ele>1876.5</ele></trkpt>
      <trkpt lat="46.595391133586894" lon="7.854763984152044">
      <ele>1875.4</ele></trkpt>
      <trkpt lat="46.59537503356676" lon="7.854834734158882">
      <ele>1873.9</ele></trkpt>
      <trkpt lat="46.59536426988617" lon="7.854890191590119">
      <ele>1872.3</ele></trkpt>
      <trkpt lat="46.595411906823045" lon="7.854861835345774">
      <ele>1870.8</ele></trkpt>
      <trkpt lat="46.59542373380239" lon="7.854877246904923">
      <ele>1869.3</ele></trkpt>
      <trkpt lat="46.59542753779805" lon="7.854919401199344">
      <ele>1867.7</ele></trkpt>
      <trkpt lat="46.59549920476533" lon="7.854816532212378">
      <ele>1866.2</ele></trkpt>
      <trkpt lat="46.59550281271055" lon="7.854912320150559">
      <ele>1864.7</ele></trkpt>
      <trkpt lat="46.59555875266462" lon="7.854780607158787">
      <ele>1863.1</ele></trkpt>
      <trkpt lat="46.59556907530533" lon="7.8548458056566846">
      <ele>1861.6</ele></trkpt>
      <trkpt lat="46.595571425952215" lon="7.854926250390698">
      <ele>1860.1</ele></trkpt>
      <trkpt lat="46.595602018612425" lon="7.8548652033540485">
      <ele>1858.5</ele></trkpt>
      <trkpt lat="46.595601843576496" lon="7.85491308218592">
      <ele>1857.0</ele></trkpt>
      <trkpt lat="46.595599842251566" lon="7.854956079340578">
      <ele>1855.4</ele></trkpt>
      <trkpt lat="46.5955899535725" lon="7.854988719397456">
      <ele>1853.9</ele></trkpt>
      <trkpt lat="46.59558278103124" lon="7.855026430668088">
      <ele>1852.4</ele></trkpt>
      <trkpt lat="46.595590050965775" lon="7.855060481675299">
      <ele>1850.8</ele></trkpt>
      <trkpt lat="46.59559913481265" lon="7.855105247594712">
      <ele>1849.3</ele></trkpt>
      <trkpt lat="46.59560772247421" lon="7.855113509061332">
      <ele>1847.8</ele></trkpt>
      <trkpt lat="46.59563927222286" lon="7.855081035764245">
      <ele>1846.2</ele></trkpt>
      <trkpt lat="46.595654595222435" lon="7.855062909906902">
      <ele>1844.7</ele></trkpt>
      <trkpt lat="46.595662282910354" lon="7.8550762017245415">
      <ele>1843.5</ele></trkpt>
      <trkpt lat="46.59565468379081" lon="7.85513215356482">
      <ele>1842.2</ele></trkpt>
      <trkpt lat="46.595665575694134" lon="7.855176933471695">
      <ele>1841.0</ele></trkpt>
      <trkpt lat="46.59566004459899" lon="7.855242975781149">
      <ele>1839.7</ele></trkpt>
      <trkpt lat="46.59564537883304" lon="7.855283069694855">
      <ele>1838.5</ele></trkpt>
      <trkpt lat="46.595642418738265" lon="7.855369241725425">
      <ele>1837.2</ele></trkpt>
      <trkpt lat="46.595664932440336" lon="7.855350270892703">
      <ele>1836.0</ele></trkpt>
      <trkpt lat="46.59568475445312" lon="7.855346586898128">
      <ele>1834.7</ele></trkpt>
      <trkpt lat="46.59570859052962" lon="7.855327613176933">
      <ele>1833.5</ele></trkpt>
      <trkpt lat="46.59568581040763" lon="7.85541937458495">
      <ele>1832.2</ele></trkpt>
      <trkpt lat="46.59563266861046" lon="7.8555089836087575">
      <ele>1831.0</ele></trkpt>
      <trkpt lat="46.595665714944495" lon="7.855497754313804">
      <ele>1829.7</ele></trkpt>
      <trkpt lat="46.59569738992872" lon="7.855499903686432">
      <ele>1828.5</ele></trkpt>
      <trkpt lat="46.59575023018695" lon="7.855492663585532">
      <ele>1827.2</ele></trkpt>
      <trkpt lat="46.59573816487967" lon="7.855542369259485">
      <ele>1826.0</ele></trkpt>
      <trkpt lat="46.59571560904763" lon="7.855572836723046">
      <ele>1824.7</ele></trkpt>
      <trkpt lat="46.59576442121333" lon="7.855584709946243">
      <ele>1823.5</ele></trkpt>
      <trkpt lat="46.59579544913357" lon="7.855554751452116">
      <ele>1822.2</ele></trkpt>
      <trkpt lat="46.59582785528071" lon="7.85556604148501">
      <ele>1821.0</ele></trkpt>
      <trkpt lat="46.595842495118674" lon="7.855535512950995">
      <ele>1819.7</ele></trkpt>
      <trkpt lat="46.59587024212479" lon="7.855531890085489">
      <ele>1818.3</ele></trkpt>
      <trkpt lat="46.595886209287166" lon="7.855497548097911">
      <ele>1816.9</ele></trkpt>
      <trkpt lat="46.59590890535377" lon="7.855428766785867">
      <ele>1815.5</ele></trkpt>
      <trkpt lat="46.595942091917614" lon="7.855379223639896">
      <ele>1814.1</ele></trkpt>
      <trkpt lat="46.59598033450208" lon="7.8553910022616265">
      <ele>1812.7</ele></trkpt>
      <trkpt lat="46.5960331327679" lon="7.855395232669936">
      <ele>1811.3</ele></trkpt>
      <trkpt lat="46.59607544544936" lon="7.855376414233875">
      <ele>1809.9</ele></trkpt>
      <trkpt lat="46.596101875166106" lon="7.855368944409632">
      <ele>1808.5</ele></trkpt>
      <trkpt lat="46.596108430697505" lon="7.855384328716934">
      <ele>1807.1</ele></trkpt>
      <trkpt lat="46.59609493791592" lon="7.855462759945821">
      <ele>1805.7</ele></trkpt>
      <trkpt lat="46.59608290268742" lon="7.855506711106078">
      <ele>1804.2</ele></trkpt>
      <trkpt lat="46.596078605127076" lon="7.85556502472514">
      <ele>1802.8</ele></trkpt>
      <trkpt lat="46.59608133401982" lon="7.8555788918517635">
      <ele>1801.4</ele></trkpt>
      <trkpt lat="46.59608790754007" lon="7.855579529767998">
      <ele>1800.0</ele></trkpt>
      <trkpt lat="46.59613557269466" lon="7.855543513585109">
      <ele>1798.6</ele></trkpt>
      <trkpt lat="46.59616594834218" lon="7.855541829321229">
      <ele>1797.2</ele></trkpt>
      <trkpt lat="46.596189635168486" lon="7.855561169367759">
      <ele>1795.8</ele></trkpt>
      <trkpt lat="46.59622525606902" lon="7.855569104293669">
      <ele>1794.4</ele></trkpt>
      <trkpt lat="46.59621724192435" lon="7.855595847381655">
      <ele>1793.0</ele></trkpt>
      <trkpt lat="46.59618538963071" lon="7.85563965890304">
      <ele>1791.6</ele></trkpt>
      <trkpt lat="46.59621705248211" lon="7.8556475764191465">
      <ele>1790.4</ele></trkpt>
      <trkpt lat="46.59627646042018" lon="7.855649939685258">
      <ele>1789.2</ele></trkpt>
      <trkpt lat="46.59624460810586" lon="7.855693751222796">
      <ele>1788.0</ele></trkpt>
      <trkpt lat="46.596224526509964" lon="7.855768295045106">
      <ele>1786.8</ele></trkpt>
      <trkpt lat="46.59620992367013" lon="7.855791163624385">
      <ele>1785.6</ele></trkpt>
      <trkpt lat="46.59618068789452" lon="7.855842655593215">
      <ele>1784.4</ele></trkpt>
      <trkpt lat="46.5961515153148" lon="7.855876895815342">
      <ele>1783.2</ele></trkpt>
      <trkpt lat="46.59612226042173" lon="7.8559360479159">
      <ele>1782.0</ele></trkpt>
      <trkpt lat="46.59611157247082" lon="7.855987878568466">
      <ele>1780.8</ele></trkpt>
      <trkpt lat="46.59609648692638" lon="7.85604916265328">
      <ele>1779.7</ele></trkpt>
      <trkpt lat="46.596099059498016" lon="7.85608602278602">
      <ele>1778.5</ele></trkpt>
      <trkpt lat="46.59610715951467" lon="7.856089869805599">
      <ele>1777.3</ele></trkpt>
      <trkpt lat="46.59613774691771" lon="7.856035334755227">
      <ele>1776.1</ele></trkpt>
      <trkpt lat="46.59615872634465" lon="7.856025121828878">
      <ele>1774.9</ele></trkpt>
      <trkpt lat="46.596177631278124" lon="7.856026220346267">
      <ele>1773.7</ele></trkpt>
      <trkpt lat="46.59623797317927" lon="7.856063369697259">
      <ele>1772.5</ele></trkpt>
      <trkpt lat="46.59628015967009" lon="7.856079002977477">
      <ele>1771.3</ele></trkpt>
      <trkpt lat="46.596268159276086" lon="7.856113388707333">
      <ele>1770.1</ele></trkpt>
      <trkpt lat="46.5962930399516" lon="7.856165298239314">
      <ele>1768.9</ele></trkpt>
      <trkpt lat="46.596337973302056" lon="7.85615798463229">
      <ele>1767.7</ele></trkpt>
      <trkpt lat="46.59637894076286" lon="7.856142979987435">
      <ele>1765.8</ele></trkpt>
      <trkpt lat="46.596365533745356" lon="7.856200336155289">
      <ele>1763.9</ele></trkpt>
      <trkpt lat="46.596377346520214" lon="7.85621957185397">
      <ele>1762.0</ele></trkpt>
      <trkpt lat="46.59639981121296" lon="7.856214003211022">
      <ele>1760.1</ele></trkpt>
      <trkpt lat="46.596426276063454" lon="7.856196968279566">
      <ele>1758.2</ele></trkpt>
      <trkpt lat="46.59642855285566" lon="7.856213898817752">
      <ele>1756.4</ele></trkpt>
      <trkpt lat="46.59642223474776" lon="7.85632756883817">
      <ele>1754.5</ele></trkpt>
      <trkpt lat="46.59641005008023" lon="7.856434224758271">
      <ele>1752.6</ele></trkpt>
      <trkpt lat="46.59639697351502" lon="7.856528958982155">
      <ele>1750.7</ele></trkpt>
      <trkpt lat="46.596396725173584" lon="7.856616223211205">
      <ele>1748.8</ele></trkpt>
      <trkpt lat="46.59642349973019" lon="7.856679018489315">
      <ele>1746.9</ele></trkpt>
      <trkpt lat="46.596451528665256" lon="7.856745621113403">
      <ele>1745.0</ele></trkpt>
      <trkpt lat="46.59645363622165" lon="7.856916372295386">
      <ele>1743.1</ele></trkpt>
      <trkpt lat="46.59644694014173" lon="7.8570225485928376">
      <ele>1741.2</ele></trkpt>
      <trkpt lat="46.59646604515587" lon="7.857072012817669">
      <ele>1739.4</ele></trkpt>
      <trkpt lat="46.59647595678372" lon="7.857197279466067">
      <ele>1737.5</ele></trkpt>
      <trkpt lat="46.596457836700566" lon="7.85726164608088">
      <ele>1735.6</ele></trkpt>
      <trkpt lat="46.59645369505273" lon="7.857367829068585">
      <ele>1733.7</ele></trkpt>
      <trkpt lat="46.59644189795353" lon="7.85745689624807">
      <ele>1731.8</ele></trkpt>
      <trkpt lat="46.59643404654812" lon="7.85751753161202">
      <ele>1729.9</ele></trkpt>
      <trkpt lat="46.59644551698983" lon="7.857544177448427">
      <ele>1728.9</ele></trkpt>
      <trkpt lat="46.59642344400759" lon="7.857572847301577">
      <ele>1727.9</ele></trkpt>
      <trkpt lat="46.596402887397865" lon="7.857653912063678">
      <ele>1726.9</ele></trkpt>
      <trkpt lat="46.59638838083503" lon="7.857775165799503">
      <ele>1725.8</ele></trkpt>
      <trkpt lat="46.596390962202754" lon="7.857816815679296">
      <ele>1724.8</ele></trkpt>
      <trkpt lat="46.59640380473001" lon="7.8578519286701685">
      <ele>1723.8</ele></trkpt>
      <trkpt lat="46.59642414099962" lon="7.8578918369507385">
      <ele>1722.8</ele></trkpt>
      <trkpt lat="46.59644314478757" lon="7.857922273588126">
      <ele>1721.8</ele></trkpt>
      <trkpt lat="46.596444395615464" lon="7.8579563571774065">
      <ele>1720.8</ele></trkpt>
      <trkpt lat="46.59643263125853" lon="7.857999775118703">
      <ele>1719.8</ele></trkpt>
      <trkpt lat="46.5964043697144" lon="7.858077125959225">
      <ele>1718.7</ele></trkpt>
      <trkpt lat="46.596360337449504" lon="7.858203631640273">
      <ele>1717.7</ele></trkpt>
      <trkpt lat="46.59634481151483" lon="7.85825471984751">
      <ele>1716.7</ele></trkpt>
      <trkpt lat="46.59633948346348" lon="7.858328646524937">
      <ele>1715.7</ele></trkpt>
      <trkpt lat="46.59634063098506" lon="7.858376079517498">
      <ele>1714.7</ele></trkpt>
      <trkpt lat="46.59631871513605" lon="7.8584157514325454">
      <ele>1713.7</ele></trkpt>
      <trkpt lat="46.59630830250691" lon="7.858470676802314">
      <ele>1712.6</ele></trkpt>
      <trkpt lat="46.59637628304366" lon="7.858473109704095">
      <ele>1711.6</ele></trkpt>
      <trkpt lat="46.59644292525773" lon="7.858494507117464">
      <ele>1710.6</ele></trkpt>
      <trkpt lat="46.59650179848759" lon="7.858544280552059">
      <ele>1709.6</ele></trkpt>
      <trkpt lat="46.59656673733613" lon="7.858607999605969">
      <ele>1709.2</ele></trkpt>
      <trkpt lat="46.59657559655123" lon="7.858627930733415">
      <ele>1708.9</ele></trkpt>
      <trkpt lat="46.59656791475551" lon="7.858674120869278">
      <ele>1708.5</ele></trkpt>
      <trkpt lat="46.59657198435371" lon="7.8586902302694375">
      <ele>1708.1</ele></trkpt>
      <trkpt lat="46.5966157051499" lon="7.858748290677222">
      <ele>1707.8</ele></trkpt>
      <trkpt lat="46.59666626839528" lon="7.858812107256238">
      <ele>1707.4</ele></trkpt>
      <trkpt lat="46.596710158741466" lon="7.858814457890893">
      <ele>1707.0</ele></trkpt>
      <trkpt lat="46.596742931004115" lon="7.858862959047666">
      <ele>1706.7</ele></trkpt>
      <trkpt lat="46.59680453767422" lon="7.8589032799373415">
      <ele>1706.3</ele></trkpt>
      <trkpt lat="46.59683818908113" lon="7.858886628276102">
      <ele>1705.9</ele></trkpt>
      <trkpt lat="46.59687453088864" lon="7.858891726137788">
      <ele>1705.6</ele></trkpt>
      <trkpt lat="46.59690196468913" lon="7.858890125278494">
      <ele>1705.2</ele></trkpt>
      <trkpt lat="46.59692863172498" lon="7.858915910934826">
      <ele>1704.9</ele></trkpt>
      <trkpt lat="46.596971769266275" lon="7.858941863736915">
      <ele>1704.5</ele></trkpt>
      <trkpt lat="46.597001223221156" lon="7.858953498516559">
      <ele>1704.1</ele></trkpt>
      <trkpt lat="46.59702659907635" lon="7.85895377398463">
      <ele>1703.8</ele></trkpt>
      <trkpt lat="46.59705508753075" lon="7.85896621039796">
      <ele>1703.4</ele></trkpt>
      <trkpt lat="46.59708510929859" lon="7.8590043547547515">
      <ele>1703.0</ele></trkpt>
      <trkpt lat="46.59711454467378" lon="7.859033202787057">
      <ele>1702.7</ele></trkpt>
      <trkpt lat="46.597132482769595" lon="7.859052513079023">
      <ele>1702.3</ele></trkpt>
      <trkpt lat="46.59715239698821" lon="7.859092105864144">
      <ele>1702.0</ele></trkpt>
      <trkpt lat="46.597165649924" lon="7.8591280319642935">
      <ele>1701.8</ele></trkpt>
      <trkpt lat="46.5971758865489" lon="7.859162264194485">
      <ele>1701.5</ele></trkpt>
      <trkpt lat="46.597207306653424" lon="7.859204178108361">
      <ele>1701.2</ele></trkpt>
      <trkpt lat="46.597247182901974" lon="7.8592630840937865">
      <ele>1700.9</ele></trkpt>
      <trkpt lat="46.59729256608585" lon="7.8593020790255865">
      <ele>1700.6</ele></trkpt>
      <trkpt lat="46.59730786931838" lon="7.859323574487899">
      <ele>1700.4</ele></trkpt>
      <trkpt lat="46.597314457356376" lon="7.859361667471371">
      <ele>1700.1</ele></trkpt>
      <trkpt lat="46.59732308958009" lon="7.8593870000762145">
      <ele>1699.8</ele></trkpt>
      <trkpt lat="46.597341871752334" lon="7.859389664879632">
      <ele>1699.5</ele></trkpt>
      <trkpt lat="46.59737222744257" lon="7.859366619147917">
      <ele>1699.3</ele></trkpt>
      <trkpt lat="46.59739445314982" lon="7.85934056078067">
      <ele>1699.0</ele></trkpt>
      <trkpt lat="46.59740221167818" lon="7.859336980067531">
      <ele>1698.7</ele></trkpt>
      <trkpt lat="46.59743651555384" lon="7.859394524933659">
      <ele>1698.5</ele></trkpt>
      <trkpt lat="46.59749281388574" lon="7.859461806903817">
      <ele>1698.2</ele></trkpt>
      <trkpt lat="46.597513279117926" lon="7.859508047040497">
      <ele>1697.9</ele></trkpt>
      <trkpt lat="46.59751917808284" lon="7.85955245122004">
      <ele>1697.6</ele></trkpt>
      <trkpt lat="46.59756260545166" lon="7.85964352858151">
      <ele>1697.3</ele></trkpt>
      <trkpt lat="46.5976488549704" lon="7.859760635718469">
      <ele>1697.1</ele></trkpt>
      <trkpt lat="46.59770621960246" lon="7.85987519532441">
      <ele>1696.8</ele></trkpt>
      <trkpt lat="46.59778281792326" lon="7.859999209963186">
      <ele>1696.8</ele></trkpt>
      <trkpt lat="46.59787871843811" lon="7.860111734320944">
      <ele>1696.7</ele></trkpt>
      <trkpt lat="46.59799069255891" lon="7.860217402326622">
      <ele>1696.7</ele></trkpt>
      <trkpt lat="46.598078793062975" lon="7.8602693383504025">
      <ele>1696.7</ele></trkpt>
      <trkpt lat="46.59816677290834" lon="7.860353847774785">
      <ele>1696.6</ele></trkpt>
      <trkpt lat="46.598238885513055" lon="7.860387023325028">
      <ele>1696.6</ele></trkpt>
      <trkpt lat="46.59834472133197" lon="7.860415789796646">
      <ele>1696.6</ele></trkpt>
      <trkpt lat="46.59846003425095" lon="7.860428734624057">
      <ele>1696.5</ele></trkpt>
      <trkpt lat="46.59852598685923" lon="7.860475917954302">
      <ele>1696.5</ele></trkpt>
      <trkpt lat="46.59859495953873" lon="7.860514054749684">
      <ele>1696.4</ele></trkpt>
      <trkpt lat="46.59863460879978" lon="7.860536928567113">
      <ele>1696.4</ele></trkpt>
      <trkpt lat="46.598689801599896" lon="7.8605649351139375">
      <ele>1696.4</ele></trkpt>
      <trkpt lat="46.59872077808642" lon="7.8605977642834794">
      <ele>1696.3</ele></trkpt>
      <trkpt lat="46.598748346453306" lon="7.860620543973621">
      <ele>1696.3</ele></trkpt>
      <trkpt lat="46.598781068669666" lon="7.860648362311283">
      <ele>1696.3</ele></trkpt>
      <trkpt lat="46.5988206993293" lon="7.86067624763269">
      <ele>1696.2</ele></trkpt>
      <trkpt lat="46.598869011458774" lon="7.860696683517664">
      <ele>1696.2</ele></trkpt>
      <trkpt lat="46.59889656181471" lon="7.860719463180284">
      <ele>1696.2</ele></trkpt>
      <trkpt lat="46.59891026671689" lon="7.860754663527593">
      <ele>1696.1</ele></trkpt>
      <trkpt lat="46.59892037884585" lon="7.860819917791446">
      <ele>1696.1</ele></trkpt>
      <trkpt lat="46.598928809726736" lon="7.8608776286829665">
      <ele>1695.8</ele></trkpt>
      <trkpt lat="46.59894756610612" lon="7.860945456219359">
      <ele>1695.4</ele></trkpt>
      <trkpt lat="46.59901081822757" lon="7.861126428901159">
      <ele>1695.0</ele></trkpt>
      <trkpt lat="46.599050299347084" lon="7.861199430013632">
      <ele>1694.7</ele></trkpt>
      <trkpt lat="46.599069241876336" lon="7.861214625521921">
      <ele>1694.3</ele></trkpt>
      <trkpt lat="46.599098574792976" lon="7.861224877664477">
      <ele>1694.0</ele></trkpt>
      <trkpt lat="46.59913652468408" lon="7.8612402216888455">
      <ele>1693.6</ele></trkpt>
      <trkpt lat="46.59915548524713" lon="7.861255404325765">
      <ele>1693.3</ele></trkpt>
      <trkpt lat="46.599176042982585" lon="7.861303187284538">
      <ele>1692.9</ele></trkpt>
      <trkpt lat="46.599215542851546" lon="7.861368684684395">
      <ele>1692.6</ele></trkpt>
      <trkpt lat="46.59924648189297" lon="7.861411537365391">
      <ele>1692.2</ele></trkpt>
      <trkpt lat="46.5992791853073" lon="7.861444367806787">
      <ele>1691.9</ele></trkpt>
      <trkpt lat="46.5993015165636" lon="7.861479649070453">
      <ele>1691.5</ele></trkpt>
      <trkpt lat="46.59932030980831" lon="7.861537454537299">
      <ele>1691.2</ele></trkpt>
      <trkpt lat="46.599340839503824" lon="7.861592754810938">
      <ele>1690.8</ele></trkpt>
      <trkpt lat="46.59937344973524" lon="7.86165065535818">
      <ele>1690.5</ele></trkpt>
      <trkpt lat="46.599419885879705" lon="7.861708677160523">
      <ele>1690.1</ele></trkpt>
      <trkpt lat="46.59946628474985" lon="7.8617767218350565">
      <ele>1689.8</ele></trkpt>
      <trkpt lat="46.59949199565374" lon="7.86183207593525">
      <ele>1689.4</ele></trkpt>
      <trkpt lat="46.59951603533594" lon="7.8618723693512855">
      <ele>1689.1</ele></trkpt>
      <trkpt lat="46.599577977859695" lon="7.861943054745889">
      <ele>1688.3</ele></trkpt>
      <trkpt lat="46.599658853266504" lon="7.862033908584318">
      <ele>1687.5</ele></trkpt>
      <trkpt lat="46.599710452274294" lon="7.8620944772169405">
      <ele>1686.7</ele></trkpt>
      <trkpt lat="46.59975180001101" lon="7.862127402131957">
      <ele>1685.9</ele></trkpt>
      <trkpt lat="46.59980180209623" lon="7.862155357191885">
      <ele>1685.1</ele></trkpt>
      <trkpt lat="46.599837996402734" lon="7.862180724507772">
      <ele>1684.3</ele></trkpt>
      <trkpt lat="46.59985687360396" lon="7.862213447508505">
      <ele>1683.5</ele></trkpt>
      <trkpt lat="46.599868832602034" lon="7.862251140975055">
      <ele>1682.7</ele></trkpt>
      <trkpt lat="46.59988754154554" lon="7.862331498729164">
      <ele>1681.9</ele></trkpt>
      <trkpt lat="46.59991635157296" lon="7.862484642647107">
      <ele>1681.1</ele></trkpt>
      <trkpt lat="46.59993158811216" lon="7.862564973340451">
      <ele>1680.3</ele></trkpt>
      <trkpt lat="46.59994350029739" lon="7.862615208562876">
      <ele>1679.5</ele></trkpt>
      <trkpt lat="46.59995721427805" lon="7.862645398569828">
      <ele>1678.7</ele></trkpt>
      <trkpt lat="46.59998978626088" lon="7.86271584211873">
      <ele>1677.9</ele></trkpt>
      <trkpt lat="46.600048022277726" lon="7.862851663710542">
      <ele>1677.1</ele></trkpt>
      <trkpt lat="46.60007542243743" lon="7.862917055348136">
      <ele>1676.3</ele></trkpt>
      <trkpt lat="46.60010794790449" lon="7.862997522034495">
      <ele>1675.5</ele></trkpt>
      <trkpt lat="46.60014570104184" lon="7.863068006646665">
      <ele>1674.7</ele></trkpt>
      <trkpt lat="46.600204132870346" lon="7.863151195690193">
      <ele>1673.9</ele></trkpt>
      <trkpt lat="46.60029524848763" lon="7.863274734338153">
      <ele>1673.1</ele></trkpt>
      <trkpt lat="46.600327904190124" lon="7.8633226271112635">
      <ele>1672.9</ele></trkpt>
      <trkpt lat="46.600339919295294" lon="7.863342767896689">
      <ele>1672.7</ele></trkpt>
      <trkpt lat="46.600346752625" lon="7.863365386862727">
      <ele>1672.5</ele></trkpt>
      <trkpt lat="46.60035011340842" lon="7.863390471323056">
      <ele>1672.2</ele></trkpt>
      <trkpt lat="46.60033787388673" lon="7.863430494222056">
      <ele>1672.0</ele></trkpt>
      <trkpt lat="46.60032565344957" lon="7.863462986783675">
      <ele>1671.8</ele></trkpt>
      <trkpt lat="46.600313414353565" lon="7.86350047774404">
      <ele>1671.6</ele></trkpt>
      <trkpt lat="46.60031330211067" lon="7.8635305595795195">
      <ele>1671.4</ele></trkpt>
      <trkpt lat="46.600318399283495" lon="7.863553164920298">
      <ele>1671.2</ele></trkpt>
      <trkpt lat="46.600339585969245" lon="7.863586428879955">
      <ele>1670.9</ele></trkpt>
      <trkpt lat="46.60039650085722" lon="7.863680674190048">
      <ele>1670.7</ele></trkpt>
      <trkpt lat="46.600482224955144" lon="7.86377356694022">
      <ele>1670.5</ele></trkpt>
      <trkpt lat="46.60054595478258" lon="7.86386156257646">
      <ele>1670.3</ele></trkpt>
      <trkpt lat="46.60058086104093" lon="7.86392581364296">
      <ele>1670.1</ele></trkpt>
      <trkpt lat="46.60060889277304" lon="7.86398813137045">
      <ele>1669.9</ele></trkpt>
      <trkpt lat="46.60064685960898" lon="7.864107195397441">
      <ele>1669.7</ele></trkpt>
      <trkpt lat="46.60066515735949" lon="7.864160026837087">
      <ele>1669.4</ele></trkpt>
      <trkpt lat="46.60071605777322" lon="7.86430130156116">
      <ele>1669.2</ele></trkpt>
      <trkpt lat="46.60076803255218" lon="7.8644174353842295">
      <ele>1669.0</ele></trkpt>
      <trkpt lat="46.600797386429704" lon="7.864501389811426">
      <ele>1668.8</ele></trkpt>
      <trkpt lat="46.6008212768477" lon="7.864569313595711">
      <ele>1668.6</ele></trkpt>
      <trkpt lat="46.60084130481174" lon="7.864647726287749">
      <ele>1668.3</ele></trkpt>
      <trkpt lat="46.60087375361283" lon="7.86475076009611">
      <ele>1668.1</ele></trkpt>
      <trkpt lat="46.600904522474046" lon="7.864838745793053">
      <ele>1667.8</ele></trkpt>
      <trkpt lat="46.60094042578425" lon="7.86493928817718">
      <ele>1667.6</ele></trkpt>
      <trkpt lat="46.60097982030001" lon="7.865032366809004">
      <ele>1667.4</ele></trkpt>
      <trkpt lat="46.601024330464114" lon="7.865143013731335">
      <ele>1667.1</ele></trkpt>
      <trkpt lat="46.60107229476827" lon="7.865253688079046">
      <ele>1666.9</ele></trkpt>
      <trkpt lat="46.601130583702556" lon="7.865376986344284">
      <ele>1666.6</ele></trkpt>
      <trkpt lat="46.601149394195076" lon="7.865427264686533">
      <ele>1666.4</ele></trkpt>
      <trkpt lat="46.601151008566994" lon="7.865457360611084">
      <ele>1666.2</ele></trkpt>
      <trkpt lat="46.601145714882065" lon="7.865484883128635">
      <ele>1665.9</ele></trkpt>
      <trkpt lat="46.60113698523387" lon="7.865509898783753">
      <ele>1665.7</ele></trkpt>
      <trkpt lat="46.60112461905445" lon="7.865525919509951">
      <ele>1665.4</ele></trkpt>
      <trkpt lat="46.60107246268066" lon="7.865588114766313">
      <ele>1665.2</ele></trkpt>
      <trkpt lat="46.60102766117038" lon="7.865636872977195">
      <ele>1665.0</ele></trkpt>
      <trkpt lat="46.601010268129635" lon="7.865666818785812">
      <ele>1664.7</ele></trkpt>
      <trkpt lat="46.600991128759766" lon="7.865704268299644">
      <ele>1664.5</ele></trkpt>
      <trkpt lat="46.60097409631945" lon="7.8657507919780265">
      <ele>1664.2</ele></trkpt>
      <trkpt lat="46.600959623263876" lon="7.865796082920655">
      <ele>1664.0</ele></trkpt>
      <trkpt lat="46.60095527322521" lon="7.865843006884463">
      <ele>1663.8</ele></trkpt>
      <trkpt lat="46.60096465898604" lon="7.865916468075203">
      <ele>1663.6</ele></trkpt>
      <trkpt lat="46.600967638478046" lon="7.865997461443906">
      <ele>1663.4</ele></trkpt>
      <trkpt lat="46.60096157297596" lon="7.866165852684251">
      <ele>1663.2</ele></trkpt>
      <trkpt lat="46.60097666251741" lon="7.866301404591168">
      <ele>1663.0</ele></trkpt>
      <trkpt lat="46.601004676394425" lon="7.866475886229011">
      <ele>1662.7</ele></trkpt>
      <trkpt lat="46.601038425087204" lon="7.866706520743288">
      <ele>1662.5</ele></trkpt>
      <trkpt lat="46.60105789786801" lon="7.866788649765648">
      <ele>1662.3</ele></trkpt>
      <trkpt lat="46.60108212837868" lon="7.866827969231035">
      <ele>1662.1</ele></trkpt>
      <trkpt lat="46.601118675730724" lon="7.866857258457466">
      <ele>1661.9</ele></trkpt>
      <trkpt lat="46.60116027919974" lon="7.86686966024626">
      <ele>1661.7</ele></trkpt>
      <trkpt lat="46.60122310766082" lon="7.866880964117876">
      <ele>1661.5</ele></trkpt>
      <trkpt lat="46.601373025393826" lon="7.866882203228512">
      <ele>1661.3</ele></trkpt>
      <trkpt lat="46.601462423861506" lon="7.866884816500573">
      <ele>1661.1</ele></trkpt>
      <trkpt lat="46.601494716412844" lon="7.8668973143391945">
      <ele>1660.8</ele></trkpt>
      <trkpt lat="46.60152628477817" lon="7.866922975287196">
      <ele>1660.6</ele></trkpt>
      <trkpt lat="46.60156878247699" lon="7.866975060484681">
      <ele>1660.4</ele></trkpt>
      <trkpt lat="46.60170099355861" lon="7.867175572115583">
      <ele>1660.2</ele></trkpt>
      <trkpt lat="46.601783877815045" lon="7.867300426163818">
      <ele>1660.0</ele></trkpt>
      <trkpt lat="46.60183177511704" lon="7.867394893575481">
      <ele>1659.8</ele></trkpt>
      <trkpt lat="46.601878211596656" lon="7.86752132562929">
      <ele>1659.4</ele></trkpt>
      <trkpt lat="46.60190887079525" lon="7.867630691973092">
      <ele>1659.1</ele></trkpt>
      <trkpt lat="46.601989816547146" lon="7.86797376559958">
      <ele>1658.7</ele></trkpt>
      <trkpt lat="46.60201224944493" lon="7.868074596704026">
      <ele>1658.3</ele></trkpt>
      <trkpt lat="46.60201965405932" lon="7.868133922289398">
      <ele>1658.0</ele></trkpt>
      <trkpt lat="46.602027858627885" lon="7.868229184991075">
      <ele>1657.6</ele></trkpt>
      <trkpt lat="46.60203118997784" lon="7.868261787965553">
      <ele>1657.2</ele></trkpt>
      <trkpt lat="46.602036238888644" lon="7.868296936576341">
      <ele>1656.8</ele></trkpt>
      <trkpt lat="46.60205167853373" lon="7.868327129860723">
      <ele>1656.5</ele></trkpt>
      <trkpt lat="46.60207337971108" lon="7.868366717780372">
      <ele>1656.1</ele></trkpt>
      <trkpt lat="46.60215568674592" lon="7.868451110226815">
      <ele>1655.7</ele></trkpt>
      <trkpt lat="46.602211204603385" lon="7.868521181309769">
      <ele>1655.4</ele></trkpt>
      <trkpt lat="46.60224542267627" lon="7.868583552490062">
      <ele>1655.0</ele></trkpt>
      <trkpt lat="46.60226593102476" lon="7.868631692987072">
      <ele>1654.6</ele></trkpt>
      <trkpt lat="46.60230403677602" lon="7.8687603318539185">
      <ele>1654.2</ele></trkpt>
      <trkpt lat="46.6023330565285" lon="7.868853307019538">
      <ele>1653.9</ele></trkpt>
      <trkpt lat="46.60236829719851" lon="7.868935446764987">
      <ele>1653.5</ele></trkpt>
      <trkpt lat="46.60241004487487" lon="7.869011987057593">
      <ele>1653.1</ele></trkpt>
      <trkpt lat="46.60245046224191" lon="7.869071575917101">
      <ele>1652.8</ele></trkpt>
      <trkpt lat="46.602499160312206" lon="7.8691227863835">
      <ele>1652.4</ele></trkpt>
      <trkpt lat="46.602548579073144" lon="7.869157061682797">
      <ele>1652.5</ele></trkpt>
      <trkpt lat="46.60266257364381" lon="7.8692210345372695">
      <ele>1652.5</ele></trkpt>
      <trkpt lat="46.602707185259845" lon="7.86925621147881">
      <ele>1652.6</ele></trkpt>
      <trkpt lat="46.60275999443017" lon="7.869312140636249">
      <ele>1652.6</ele></trkpt>
      <trkpt lat="46.6027935300835" lon="7.869371688357303">
      <ele>1652.7</ele></trkpt>
      <trkpt lat="46.60281676409838" lon="7.86942926161241">
      <ele>1652.7</ele></trkpt>
      <trkpt lat="46.60283034996772" lon="7.8694952155560856">
      <ele>1652.8</ele></trkpt>
      <trkpt lat="46.60284661734272" lon="7.8695847230879155">
      <ele>1652.8</ele></trkpt>
      <trkpt lat="46.60287051900157" lon="7.869648879865088">
      <ele>1652.9</ele></trkpt>
      <trkpt lat="46.602898577780174" lon="7.869700853439085">
      <ele>1653.0</ele></trkpt>
      <trkpt lat="46.6029526743464" lon="7.869789722962832">
      <ele>1653.0</ele></trkpt>
      <trkpt lat="46.60299968535749" lon="7.869870639880664">
      <ele>1653.1</ele></trkpt>
      <trkpt lat="46.60302532752558" lon="7.869921733011497">
      <ele>1653.1</ele></trkpt>
      <trkpt lat="46.60306073765624" lon="7.8699921815037515">
      <ele>1653.2</ele></trkpt>
      <trkpt lat="46.6030867743516" lon="7.870029351684677">
      <ele>1653.2</ele></trkpt>
      <trkpt lat="46.60311495111826" lon="7.870059634594175">
      <ele>1653.3</ele></trkpt>
      <trkpt lat="46.60313515641544" lon="7.870076006035479">
      <ele>1653.3</ele></trkpt>
      <trkpt lat="46.60315662764756" lon="7.870090651702636">
      <ele>1653.4</ele></trkpt>
      <trkpt lat="46.60308265152131" lon="7.870096574441984">
      <ele>1653.4</ele></trkpt>
      <trkpt lat="46.60300573175243" lon="7.870107785736575">
      <ele>1653.5</ele></trkpt>
      <trkpt lat="46.602894687236834" lon="7.870131933100934">
      <ele>1654.8</ele></trkpt>
      <trkpt lat="46.6028286410005" lon="7.87018884668359">
      <ele>1656.0</ele></trkpt>
      <trkpt lat="46.60277290166985" lon="7.8701964809558245">
      <ele>1657.3</ele></trkpt>
      <trkpt lat="46.602735025262476" lon="7.870230896174472">
      <ele>1658.5</ele></trkpt>
      <trkpt lat="46.60265803345415" lon="7.870261109822285">
      <ele>1659.8</ele></trkpt>
      <trkpt lat="46.60262017202555" lon="7.870289195000232">
      <ele>1661.1</ele></trkpt>
      <trkpt lat="46.60259194875922" lon="7.870328150753717">
      <ele>1662.3</ele></trkpt>
      <trkpt lat="46.60253290686011" lon="7.870359812611939">
      <ele>1663.6</ele></trkpt>
      <trkpt lat="46.60251670979455" lon="7.870382432287477">
      <ele>1664.8</ele></trkpt>
      <trkpt lat="46.602485391586164" lon="7.870385902013323">
      <ele>1666.1</ele></trkpt>
      <trkpt lat="46.6024733755651" lon="7.870397174042897">
      <ele>1667.4</ele></trkpt>
      <trkpt lat="46.602468408172065" lon="7.870466438369609">
      <ele>1668.6</ele></trkpt>
      <trkpt lat="46.602493732875466" lon="7.870496802803255">
      <ele>1669.9</ele></trkpt>
      <trkpt lat="46.602534099584325" lon="7.8705149927513105">
      <ele>1671.1</ele></trkpt>
      <trkpt lat="46.60257977536815" lon="7.870525642124976">
      <ele>1672.4</ele></trkpt>
      <trkpt lat="46.602736281006386" lon="7.870554535183653">
      <ele>1673.7</ele></trkpt>
      <trkpt lat="46.60264219980021" lon="7.870633881836913">
      <ele>1674.9</ele></trkpt>
      <trkpt lat="46.602606158880754" lon="7.870722697469876">
      <ele>1676.2</ele></trkpt>
      <trkpt lat="46.60256596979598" lon="7.870776240466556">
      <ele>1677.4</ele></trkpt>
      <trkpt lat="46.602541566439015" lon="7.870811271809894">
      <ele>1678.7</ele></trkpt>
      <trkpt lat="46.60253569706916" lon="7.870852663785935">
      <ele>1678.8</ele></trkpt>
      <trkpt lat="46.60251404186814" lon="7.870912580349876">
      <ele>1678.9</ele></trkpt>
      <trkpt lat="46.60247676041169" lon="7.870953721232652">
      <ele>1679.0</ele></trkpt>
      <trkpt lat="46.60243943064909" lon="7.87100521158359">
      <ele>1679.0</ele></trkpt>
      <trkpt lat="46.60241471794684" lon="7.871025507641128">
      <ele>1679.1</ele></trkpt>
      <trkpt lat="46.602377935632944" lon="7.871036109064868">
      <ele>1679.2</ele></trkpt>
      <trkpt lat="46.602389244716875" lon="7.871130471017848">
      <ele>1679.3</ele></trkpt>
      <trkpt lat="46.60240561983819" lon="7.871203116539334">
      <ele>1679.4</ele></trkpt>
      <trkpt lat="46.602426986923184" lon="7.871280657223611">
      <ele>1679.5</ele></trkpt>
      <trkpt lat="46.602430067108266" lon="7.87134835434481">
      <ele>1679.6</ele></trkpt>
      <trkpt lat="46.60243494019806" lon="7.871379808503949">
      <ele>1679.6</ele></trkpt>
      <trkpt lat="46.60245147089862" lon="7.871416211133702">
      <ele>1679.7</ele></trkpt>
      <trkpt lat="46.602456325615904" lon="7.871452494254566">
      <ele>1679.8</ele></trkpt>
      <trkpt lat="46.60244448392144" lon="7.871498341103331">
      <ele>1679.9</ele></trkpt>
      <trkpt lat="46.60243768029979" lon="7.8715369585182815">
      <ele>1680.0</ele></trkpt>
      <trkpt lat="46.60243247664706" lon="7.871590102096639">
      <ele>1680.1</ele></trkpt>
      <trkpt lat="46.60244402446569" lon="7.871619195165255">
      <ele>1680.1</ele></trkpt>
      <trkpt lat="46.60246382831114" lon="7.871670111350189">
      <ele>1680.2</ele></trkpt>
      <trkpt lat="46.60246871020821" lon="7.871701591732369">
      <ele>1680.3</ele></trkpt>
      <trkpt lat="46.60245844972932" lon="7.871771596650329">
      <ele>1680.4</ele></trkpt>
      <trkpt lat="46.60244327983547" lon="7.871814989182174">
      <ele>1680.0</ele></trkpt>
      <trkpt lat="46.60242145306575" lon="7.871860755968478">
      <ele>1679.6</ele></trkpt>
      <trkpt lat="46.60241794088486" lon="7.871909057860183">
      <ele>1679.2</ele></trkpt>
      <trkpt lat="46.60242612346357" lon="7.871947808309885">
      <ele>1678.8</ele></trkpt>
      <trkpt lat="46.602449043873975" lon="7.872054349356187">
      <ele>1678.5</ele></trkpt>
      <trkpt lat="46.602485194200206" lon="7.872187582642758">
      <ele>1678.1</ele></trkpt>
      <trkpt lat="46.60252313775286" lon="7.872282171613317">
      <ele>1677.7</ele></trkpt>
      <trkpt lat="46.60257451316233" lon="7.872357512866864">
      <ele>1677.3</ele></trkpt>
      <trkpt lat="46.602610875146866" lon="7.872432733858101">
      <ele>1676.9</ele></trkpt>
      <trkpt lat="46.6026538597725" lon="7.872500385913308">
      <ele>1676.5</ele></trkpt>
      <trkpt lat="46.60265891469591" lon="7.872528892095892">
      <ele>1676.1</ele></trkpt>
      <trkpt lat="46.60266276361094" lon="7.872600041386136">
      <ele>1675.7</ele></trkpt>
      <trkpt lat="46.60266879881635" lon="7.872642768691681">
      <ele>1675.3</ele></trkpt>
      <trkpt lat="46.60269239990857" lon="7.872695647583007">
      <ele>1674.9</ele></trkpt>
      <trkpt lat="46.60273783312455" lon="7.872727401424437">
      <ele>1674.5</ele></trkpt>
      <trkpt lat="46.60277711186515" lon="7.872747724864897">
      <ele>1674.2</ele></trkpt>
      <trkpt lat="46.602802870767704" lon="7.872767861513184">
      <ele>1673.8</ele></trkpt>
      <trkpt lat="46.602825947333194" lon="7.872830890591124">
      <ele>1673.4</ele></trkpt>
      <trkpt lat="46.60288899908471" lon="7.872899082842472">
      <ele>1673.0</ele></trkpt>
      <trkpt lat="46.6029465388626" lon="7.872978429363802">
      <ele>1672.6</ele></trkpt>
      <trkpt lat="46.60299311871989" lon="7.873119892553883">
      <ele>1671.3</ele></trkpt>
      <trkpt lat="46.603034084916615" lon="7.8732991087081245">
      <ele>1670.0</ele></trkpt>
      <trkpt lat="46.603050245888795" lon="7.8734321966482055">
      <ele>1668.7</ele></trkpt>
      <trkpt lat="46.603094659993445" lon="7.873579999292409">
      <ele>1667.4</ele></trkpt>
      <trkpt lat="46.60311416767532" lon="7.873705857611777">
      <ele>1666.1</ele></trkpt>
      <trkpt lat="46.60314853180113" lon="7.873870507931348">
      <ele>1664.9</ele></trkpt>
      <trkpt lat="46.6032029112292" lon="7.874028075840816">
      <ele>1663.6</ele></trkpt>
      <trkpt lat="46.60324737054367" lon="7.8741662083869">
      <ele>1662.3</ele></trkpt>
      <trkpt lat="46.60327837817321" lon="7.8743356745890685">
      <ele>1661.0</ele></trkpt>
      <trkpt lat="46.603281211531915" lon="7.874352207934383">
      <ele>1659.7</ele></trkpt>
      <trkpt lat="46.60330066738627" lon="7.874604186109502">
      <ele>1658.4</ele></trkpt>
      <trkpt lat="46.60330180401318" lon="7.874741970087255">
      <ele>1657.1</ele></trkpt>
      <trkpt lat="46.603365786903666" lon="7.875003561458645">
      <ele>1655.8</ele></trkpt>
      <trkpt lat="46.60345649707199" lon="7.875243611790164">
      <ele>1654.5</ele></trkpt>
      <trkpt lat="46.60354322184109" lon="7.875321774622233">
      <ele>1653.2</ele></trkpt>
      <trkpt lat="46.60362107336906" lon="7.87555560107828">
      <ele>1652.0</ele></trkpt>
      <trkpt lat="46.603657409254964" lon="7.87572145779284">
      <ele>1650.7</ele></trkpt>
      <trkpt lat="46.60375159450017" lon="7.875887782381769">
      <ele>1649.4</ele></trkpt>
      <trkpt lat="46.6038310550967" lon="7.876121610525333">
      <ele>1648.1</ele></trkpt>
      <trkpt lat="46.60388857325487" lon="7.876210685398744">
      <ele>1646.8</ele></trkpt>
      <trkpt lat="46.60397101141603" lon="7.876505178142973">
      <ele>1645.4</ele></trkpt>
      <trkpt lat="46.60402187336912" lon="7.876654826194987">
      <ele>1644.1</ele></trkpt>
      <trkpt lat="46.60405643589985" lon="7.876860322455706">
      <ele>1642.7</ele></trkpt>
      <trkpt lat="46.60416110058431" lon="7.877227279355065">
      <ele>1641.4</ele></trkpt>
      <trkpt lat="46.604245965465665" lon="7.877726998892153">
      <ele>1640.0</ele></trkpt>
      <trkpt lat="46.60424552487026" lon="7.877841252804093">
      <ele>1638.6</ele></trkpt>
      <trkpt lat="46.604405121093315" lon="7.878241380876868">
      <ele>1637.3</ele></trkpt>
      <trkpt lat="46.6044860076623" lon="7.878412198392283">
      <ele>1635.9</ele></trkpt>
      <trkpt lat="46.60459276412729" lon="7.878650928172565">
      <ele>1634.6</ele></trkpt>
      <trkpt lat="46.60466932315642" lon="7.87880312543855">
      <ele>1633.2</ele></trkpt>
      <trkpt lat="46.60468203339967" lon="7.8788428682184035">
      <ele>1631.8</ele></trkpt>
      <trkpt lat="46.6047539599618" lon="7.878943733321441">
      <ele>1630.5</ele></trkpt>
      <trkpt lat="46.604848176547975" lon="7.879103071219259">
      <ele>1629.1</ele></trkpt>
      <trkpt lat="46.60492315185783" lon="7.879248260969768">
      <ele>1627.8</ele></trkpt>
      <trkpt lat="46.60511006412418" lon="7.879538942980935">
      <ele>1626.4</ele></trkpt>
      <trkpt lat="46.60524596424116" lon="7.879724283657755">
      <ele>1625.0</ele></trkpt>
      <trkpt lat="46.60537855336494" lon="7.879932909676707">
      <ele>1623.7</ele></trkpt>
      <trkpt lat="46.60552364394372" lon="7.880232587493257">
      <ele>1622.3</ele></trkpt>
      <trkpt lat="46.605587445926034" lon="7.880359024507096">
      <ele>1621.0</ele></trkpt>
      <trkpt lat="46.60564152320938" lon="7.88050406032064">
      <ele>1619.6</ele></trkpt>
      <trkpt lat="46.605666680069106" lon="7.880648847028272">
      <ele>1619.3</ele></trkpt>
      <trkpt lat="46.60568371334696" lon="7.880814555692394">
      <ele>1619.0</ele></trkpt>
      <trkpt lat="46.60566056379527" lon="7.880982259155409">
      <ele>1618.8</ele></trkpt>
      <trkpt lat="46.60569516380636" lon="7.881176108997617">
      <ele>1618.5</ele></trkpt>
      <trkpt lat="46.60568165681667" lon="7.881343891271064">
      <ele>1618.2</ele></trkpt>
      <trkpt lat="46.605650636840465" lon="7.881467230303524">
      <ele>1617.9</ele></trkpt>
      <trkpt lat="46.60564654565134" lon="7.881693407495512">
      <ele>1617.6</ele></trkpt>
      <trkpt lat="46.60566010283958" lon="7.881926712320418">
      <ele>1617.4</ele></trkpt>
      <trkpt lat="46.60569070532856" lon="7.882146438984522">
      <ele>1617.1</ele></trkpt>
      <trkpt lat="46.60568701969926" lon="7.882235843697744">
      <ele>1616.8</ele></trkpt>
      <trkpt lat="46.605688363626435" lon="7.882318058637113">
      <ele>1616.5</ele></trkpt>
      <trkpt lat="46.605698169232404" lon="7.882366472062183">
      <ele>1616.2</ele></trkpt>
      <trkpt lat="46.605709666734285" lon="7.882410083055002">
      <ele>1616.0</ele></trkpt>
      <trkpt lat="46.60573447698009" lon="7.88245623105163">
      <ele>1615.7</ele></trkpt>
      <trkpt lat="46.60575600647337" lon="7.882487837897297">
      <ele>1615.4</ele></trkpt>
      <trkpt lat="46.605770888391106" lon="7.8825193771601185">
      <ele>1615.1</ele></trkpt>
      <trkpt lat="46.605780712685686" lon="7.882562974511434">
      <ele>1614.8</ele></trkpt>
      <trkpt lat="46.60578550726779" lon="7.882613774679001">
      <ele>1614.6</ele></trkpt>
      <trkpt lat="46.6057870112299" lon="7.882654876006567">
      <ele>1614.3</ele></trkpt>
      <trkpt lat="46.60578174537285" lon="7.88272495030944">
      <ele>1614.0</ele></trkpt>
      <trkpt lat="46.60576386998133" lon="7.882847430867916">
      <ele>1611.9</ele></trkpt>
      <trkpt lat="46.60575090072677" lon="7.882943624960244">
      <ele>1609.8</ele></trkpt>
      <trkpt lat="46.60572673148712" lon="7.8831620409710075">
      <ele>1607.7</ele></trkpt>
      <trkpt lat="46.60572132424172" lon="7.883265945790015">
      <ele>1605.6</ele></trkpt>
      <trkpt lat="46.60571934859899" lon="7.883345705774003">
      <ele>1603.5</ele></trkpt>
      <trkpt lat="46.60572241251329" lon="7.883413433731813">
      <ele>1601.4</ele></trkpt>
      <trkpt lat="46.60573386294347" lon="7.883466690303873">
      <ele>1599.3</ele></trkpt>
      <trkpt lat="46.6057470524747" lon="7.883503071398195">
      <ele>1597.2</ele></trkpt>
      <trkpt lat="46.60578678217765" lon="7.883568660223533">
      <ele>1595.1</ele></trkpt>
      <trkpt lat="46.60581160143964" lon="7.8836123811461665">
      <ele>1593.0</ele></trkpt>
      <trkpt lat="46.60589293427909" lon="7.883729112531029">
      <ele>1590.9</ele></trkpt>
      <trkpt lat="46.60607826159737" lon="7.8839724674625025">
      <ele>1588.8</ele></trkpt>
      <trkpt lat="46.60626358839343" lon="7.88421582406178">
      <ele>1586.7</ele></trkpt>
      <trkpt lat="46.60630254782399" lon="7.884328723131483">
      <ele>1584.6</ele></trkpt>
      <trkpt lat="46.60631115912795" lon="7.884470596850619">
      <ele>1582.5</ele></trkpt>
      <trkpt lat="46.60632774985278" lon="7.884630744706401">
      <ele>1580.4</ele></trkpt>
      <trkpt lat="46.606402315387484" lon="7.88483970452012">
      <ele>1578.3</ele></trkpt>
      <trkpt lat="46.60649694015328" lon="7.884986909027227">
      <ele>1576.2</ele></trkpt>
      <trkpt lat="46.60657661706366" lon="7.885062162186009">
      <ele>1574.1</ele></trkpt>
      <trkpt lat="46.60673795361354" lon="7.885193341527964">
      <ele>1572.0</ele></trkpt>
      <trkpt lat="46.60684589827988" lon="7.885343424748026">
      <ele>1570.1</ele></trkpt>
      <trkpt lat="46.60690254228549" lon="7.8854654652497675">
      <ele>1568.2</ele></trkpt>
      <trkpt lat="46.60697966123696" lon="7.885706467823908">
      <ele>1566.3</ele></trkpt>
      <trkpt lat="46.60702691792674" lon="7.885795264456372">
      <ele>1564.5</ele></trkpt>
      <trkpt lat="46.607081209502525" lon="7.886030557928417">
      <ele>1562.6</ele></trkpt>
      <trkpt lat="46.607229915255445" lon="7.886468311481066">
      <ele>1560.7</ele></trkpt>
      <trkpt lat="46.60737984680364" lon="7.886749600685459">
      <ele>1558.8</ele></trkpt>
      <trkpt lat="46.60740472450161" lon="7.886842168438331">
      <ele>1556.9</ele></trkpt>
      <trkpt lat="46.607452638527405" lon="7.887296072497329">
      <ele>1555.0</ele></trkpt>
      <trkpt lat="46.60745221771671" lon="7.887437117723895">
      <ele>1553.2</ele></trkpt>
      <trkpt lat="46.607441871205445" lon="7.887531064329098">
      <ele>1551.3</ele></trkpt>
      <trkpt lat="46.60741144822239" lon="7.887661000504437">
      <ele>1549.4</ele></trkpt>
      <trkpt lat="46.60739609806739" lon="7.88776453841533">
      <ele>1547.5</ele></trkpt>
      <trkpt lat="46.607364210330495" lon="7.8878438434490805">
      <ele>1545.6</ele></trkpt>
      <trkpt lat="46.60732399076019" lon="7.887932712132094">
      <ele>1543.7</ele></trkpt>
      <trkpt lat="46.60729050534573" lon="7.88799512644747">
      <ele>1541.8</ele></trkpt>
      <trkpt lat="46.607238779321925" lon="7.888047730070407">
      <ele>1540.0</ele></trkpt>
      <trkpt lat="46.60715538313675" lon="7.888129008338702">
      <ele>1538.1</ele></trkpt>
      <trkpt lat="46.60709704697485" lon="7.888174325548416">
      <ele>1536.2</ele></trkpt>
      <trkpt lat="46.607055286665485" lon="7.888231854212468">
      <ele>1534.3</ele></trkpt>
      <trkpt lat="46.60694352098752" lon="7.888344235569371">
      <ele>1532.9</ele></trkpt>
      <trkpt lat="46.60679171716325" lon="7.888494854073498">
      <ele>1531.5</ele></trkpt>
      <trkpt lat="46.60661655567154" lon="7.888669398623266">
      <ele>1530.0</ele></trkpt>
      <trkpt lat="46.60651173680354" lon="7.888774304640624">
      <ele>1528.6</ele></trkpt>
      <trkpt lat="46.60619484951688" lon="7.8891098057198485">
      <ele>1527.2</ele></trkpt>
      <trkpt lat="46.605940336966796" lon="7.88932044091327">
      <ele>1525.8</ele></trkpt>
      <trkpt lat="46.60578163080413" lon="7.889425939428902">
      <ele>1524.3</ele></trkpt>
      <trkpt lat="46.605686039528926" lon="7.889517540591746">
      <ele>1522.9</ele></trkpt>
      <trkpt lat="46.60553756301352" lon="7.889665765374594">
      <ele>1521.5</ele></trkpt>
      <trkpt lat="46.60542408398111" lon="7.88979018668614">
      <ele>1520.0</ele></trkpt>
      <trkpt lat="46.60532566023993" lon="7.889888223861566">
      <ele>1518.6</ele></trkpt>
      <trkpt lat="46.60526555411423" lon="7.8899600451306435">
      <ele>1517.2</ele></trkpt>
      <trkpt lat="46.60521389291537" lon="7.890000598201673">
      <ele>1515.8</ele></trkpt>
      <trkpt lat="46.60515558466326" lon="7.890038681051397">
      <ele>1514.3</ele></trkpt>
      <trkpt lat="46.60508898372328" lon="7.890071878325137">
      <ele>1512.9</ele></trkpt>
      <trkpt lat="46.605034061030786" lon="7.890095540447054">
      <ele>1511.5</ele></trkpt>
      <trkpt lat="46.604972500920596" lon="7.890114304743483">
      <ele>1510.1</ele></trkpt>
      <trkpt lat="46.60492262863974" lon="7.890121119374366">
      <ele>1508.6</ele></trkpt>
      <trkpt lat="46.6048876398359" lon="7.890144934723779">
      <ele>1507.2</ele></trkpt>
      <trkpt lat="46.60484423352177" lon="7.890197616472837">
      <ele>1505.8</ele></trkpt>
      <trkpt lat="46.60477923933859" lon="7.890245288582542">
      <ele>1505.3</ele></trkpt>
      <trkpt lat="46.60472921404101" lon="7.890290683976981">
      <ele>1504.8</ele></trkpt>
      <trkpt lat="46.604652444751785" lon="7.890376826616416">
      <ele>1504.3</ele></trkpt>
      <trkpt lat="46.604620641303626" lon="7.890434421106726">
      <ele>1503.8</ele></trkpt>
      <trkpt lat="46.60459554228678" lon="7.890480011372347">
      <ele>1503.2</ele></trkpt>
      <trkpt lat="46.60456546990514" lon="7.890520743812136">
      <ele>1502.7</ele></trkpt>
      <trkpt lat="46.60453210689374" lon="7.8905542178416415">
      <ele>1502.2</ele></trkpt>
      <trkpt lat="46.604485449179236" lon="7.890585179154807">
      <ele>1501.7</ele></trkpt>
      <trkpt lat="46.60434994893716" lon="7.890652609465038">
      <ele>1501.2</ele></trkpt>
      <trkpt lat="46.60422286983948" lon="7.890728802481551">
      <ele>1500.7</ele></trkpt>
      <trkpt lat="46.604040462754575" lon="7.890903479782411">
      <ele>1500.2</ele></trkpt>
      <trkpt lat="46.60382469456764" lon="7.891097454762528">
      <ele>1499.7</ele></trkpt>
      <trkpt lat="46.60360892604743" lon="7.891291428195004">
      <ele>1499.2</ele></trkpt>
      <trkpt lat="46.60337854652648" lon="7.891540095465171">
      <ele>1498.7</ele></trkpt>
      <trkpt lat="46.603238598391435" lon="7.891669441663278">
      <ele>1498.1</ele></trkpt>
      <trkpt lat="46.60315124936927" lon="7.891692203265604">
      <ele>1497.6</ele></trkpt>
      <trkpt lat="46.602903693611765" lon="7.891735810759034">
      <ele>1497.1</ele></trkpt>
      <trkpt lat="46.60266553674804" lon="7.891779822885196">
      <ele>1496.6</ele></trkpt>
      <trkpt lat="46.60253867192527" lon="7.891815539567677">
      <ele>1496.1</ele></trkpt>
      <trkpt lat="46.602382681590285" lon="7.891891276216386">
      <ele>1495.6</ele></trkpt>
      <trkpt lat="46.60228959163445" lon="7.891932522225645">
      <ele>1495.7</ele></trkpt>
      <trkpt lat="46.60221117947979" lon="7.891924856419667">
      <ele>1495.8</ele></trkpt>
      <trkpt lat="46.60206985518202" lon="7.891916206626121">
      <ele>1495.9</ele></trkpt>
      <trkpt lat="46.601934955480296" lon="7.891936519760157">
      <ele>1496.0</ele></trkpt>
      <trkpt lat="46.601745843856186" lon="7.891987140706665">
      <ele>1496.1</ele></trkpt>
      <trkpt lat="46.601511522135056" lon="7.89200552390774">
      <ele>1496.3</ele></trkpt>
      <trkpt lat="46.60137320343415" lon="7.892073432336141">
      <ele>1496.4</ele></trkpt>
      <trkpt lat="46.60122539508515" lon="7.8921343436580464">
      <ele>1496.5</ele></trkpt>
      <trkpt lat="46.60113265383583" lon="7.892112853719476">
      <ele>1496.6</ele></trkpt>
      <trkpt lat="46.60100905986171" lon="7.892070379805351">
      <ele>1496.7</ele></trkpt>
      <trkpt lat="46.60093317063877" lon="7.89200067645471">
      <ele>1496.8</ele></trkpt>
      <trkpt lat="46.60089286043907" lon="7.891962359501077">
      <ele>1496.9</ele></trkpt>
      <trkpt lat="46.60084053458109" lon="7.891955016877158">
      <ele>1497.0</ele></trkpt>
      <trkpt lat="46.60076700631156" lon="7.891888792258687">
      <ele>1497.1</ele></trkpt>
      <trkpt lat="46.60065561552335" lon="7.891770450476782">
      <ele>1497.2</ele></trkpt>
      <trkpt lat="46.600608520120744" lon="7.891642285024797">
      <ele>1497.4</ele></trkpt>
      <trkpt lat="46.600537288307365" lon="7.8916002510764685">
      <ele>1497.5</ele></trkpt>
      <trkpt lat="46.60045885919359" lon="7.891571965071705">
      <ele>1497.6</ele></trkpt>
      <trkpt lat="46.600342590630994" lon="7.891481212971495">
      <ele>1497.7</ele></trkpt>
      <trkpt lat="46.60021212861098" lon="7.891369630412253">
      <ele>1497.8</ele></trkpt>
      <trkpt lat="46.600088827342645" lon="7.891251191258044">
      <ele>1498.1</ele></trkpt>
      <trkpt lat="46.60001070005584" lon="7.89114693851708">
      <ele>1498.4</ele></trkpt>
      <trkpt lat="46.59994213094527" lon="7.891032416570492">
      <ele>1498.7</ele></trkpt>
      <trkpt lat="46.59978553301684" lon="7.890910241874672">
      <ele>1499.0</ele></trkpt>
      <trkpt lat="46.599664258485994" lon="7.890881612105708">
      <ele>1499.3</ele></trkpt>
      <trkpt lat="46.59955485752343" lon="7.890859972609677">
      <ele>1499.7</ele></trkpt>
      <trkpt lat="46.599450626437175" lon="7.89073479152841">
      <ele>1500.0</ele></trkpt>
      <trkpt lat="46.59933484584279" lon="7.890523196047905">
      <ele>1500.3</ele></trkpt>
      <trkpt lat="46.5991767673743" lon="7.8902434623311155">
      <ele>1500.6</ele></trkpt>
      <trkpt lat="46.59914974448903" lon="7.89018895839116">
      <ele>1500.9</ele></trkpt>
      <trkpt lat="46.59907725021123" lon="7.890065884562363">
      <ele>1501.2</ele></trkpt>
      <trkpt lat="46.59892073551813" lon="7.889836190122547">
      <ele>1501.5</ele></trkpt>
      <trkpt lat="46.59885918077239" lon="7.889776413263898">
      <ele>1501.8</ele></trkpt>
      <trkpt lat="46.598789623481224" lon="7.889717979288085">
      <ele>1502.1</ele></trkpt>
      <trkpt lat="46.59874154956427" lon="7.889688658021707">
      <ele>1502.5</ele></trkpt>
      <trkpt lat="46.59868181592104" lon="7.8896664696795415">
      <ele>1502.8</ele></trkpt>
      <trkpt lat="46.59863036489127" lon="7.889653981850483">
      <ele>1503.1</ele></trkpt>
      <trkpt lat="46.59858214777637" lon="7.889660809907643">
      <ele>1503.4</ele></trkpt>
      <trkpt lat="46.5985272347626" lon="7.889682042257858">
      <ele>1503.7</ele></trkpt>
      <trkpt lat="46.598504909936246" lon="7.889695024223717">
      <ele>1504.0</ele></trkpt>
      <trkpt lat="46.59843898812048" lon="7.889727114197593">
      <ele>1503.6</ele></trkpt>
      <trkpt lat="46.59839072265942" lon="7.889748414911493">
      <ele>1503.1</ele></trkpt>
      <trkpt lat="46.59836070786986" lon="7.8897746704229235">
      <ele>1502.7</ele></trkpt>
      <trkpt lat="46.59833240490158" lon="7.889788907514076">
      <ele>1502.2</ele></trkpt>
      <trkpt lat="46.5983008495298" lon="7.889786229976331">
      <ele>1501.8</ele></trkpt>
      <trkpt lat="46.59825113008803" lon="7.889754467780311">
      <ele>1501.3</ele></trkpt>
      <trkpt lat="46.59820305674785" lon="7.889722732419949">
      <ele>1500.9</ele></trkpt>
      <trkpt lat="46.59817476335036" lon="7.889734555219552">
      <ele>1500.4</ele></trkpt>
      <trkpt lat="46.598149741023185" lon="7.889760852268804">
      <ele>1500.0</ele></trkpt>
      <trkpt lat="46.59812807610805" lon="7.889777559026786">
      <ele>1499.5</ele></trkpt>
      <trkpt lat="46.59809480937661" lon="7.889784511596537">
      <ele>1499.1</ele></trkpt>
      <trkpt lat="46.59806651602422" lon="7.889796321290078">
      <ele>1498.7</ele></trkpt>
      <trkpt lat="46.598019335946454" lon="7.889816130036197">
      <ele>1498.2</ele></trkpt>
      <trkpt lat="46.59798785850666" lon="7.889841459592576">
      <ele>1497.8</ele></trkpt>
      <trkpt lat="46.59796228803401" lon="7.88984262966452">
      <ele>1497.3</ele></trkpt>
      <trkpt lat="46.59780376728778" lon="7.889837627201787">
      <ele>1496.9</ele></trkpt>
      <trkpt lat="46.59770704885145" lon="7.889848083033472">
      <ele>1496.4</ele></trkpt>
      <trkpt lat="46.59760886091301" lon="7.889850265640551">
      <ele>1496.0</ele></trkpt>
      <trkpt lat="46.59755530319698" lon="7.889851828675107">
      <ele>1495.5</ele></trkpt>
      <trkpt lat="46.59751289644087" lon="7.889856603768795">
      <ele>1495.1</ele></trkpt>
      <trkpt lat="46.597376085636625" lon="7.889843965210947">
      <ele>1494.8</ele></trkpt>
      <trkpt lat="46.597286966214966" lon="7.889850477871477">
      <ele>1494.5</ele></trkpt>
      <trkpt lat="46.597252421385065" lon="7.889871226904028">
      <ele>1494.2</ele></trkpt>
      <trkpt lat="46.5972270183105" lon="7.889871015005312">
      <ele>1493.9</ele></trkpt>
      <trkpt lat="46.59720514502078" lon="7.889897168145637">
      <ele>1493.5</ele></trkpt>
      <trkpt lat="46.59715792843221" lon="7.8899125651713415">
      <ele>1493.2</ele></trkpt>
      <trkpt lat="46.59713064429803" lon="7.88993075157228">
      <ele>1492.9</ele></trkpt>
      <trkpt lat="46.5970816955117" lon="7.889922447774743">
      <ele>1492.6</ele></trkpt>
      <trkpt lat="46.59701636549486" lon="7.88993911611175">
      <ele>1492.3</ele></trkpt>
      <trkpt lat="46.59696127543873" lon="7.889970955970735">
      <ele>1492.0</ele></trkpt>
      <trkpt lat="46.596850969964315" lon="7.890091207322164">
      <ele>1491.7</ele></trkpt>
      <trkpt lat="46.59681266415359" lon="7.890146168501827">
      <ele>1491.4</ele></trkpt>
      <trkpt lat="46.596804915534335" lon="7.890183297035621">
      <ele>1491.1</ele></trkpt>
      <trkpt lat="46.59682720855901" lon="7.89028721958582">
      <ele>1490.8</ele></trkpt>
      <trkpt lat="46.59682391295754" lon="7.89035831594929">
      <ele>1490.5</ele></trkpt>
      <trkpt lat="46.59690329412687" lon="7.890448268777338">
      <ele>1490.1</ele></trkpt>
      <trkpt lat="46.59686505073789" lon="7.890451185831056">
      <ele>1489.8</ele></trkpt>
      <trkpt lat="46.59680935931315" lon="7.8904486457001575">
      <ele>1489.5</ele></trkpt>
      <trkpt lat="46.59676081101597" lon="7.890448240221793">
      <ele>1489.2</ele></trkpt>
      <trkpt lat="46.59670650051416" lon="7.890458148496478">
      <ele>1488.9</ele></trkpt>
      <trkpt lat="46.59664361818673" lon="7.890470047089058">
      <ele>1489.7</ele></trkpt>
      <trkpt lat="46.596576404683624" lon="7.890494346311578">
      <ele>1490.4</ele></trkpt>
      <trkpt lat="46.59649920544307" lon="7.890516500132065">
      <ele>1491.2</ele></trkpt>
      <trkpt lat="46.59645201188701" lon="7.890530604643272">
      <ele>1491.9</ele></trkpt>
    </trkseg>
  </trk>
</gpx>