<?xml version='1.0' encoding='utf-8'?>
<gpx xmlns="http://www.topografix.com/GPX/1/1" xmlns:xsi="http://www.w3.org/2001/XMLSchema-instance" xsi:schemaLocation="http://www.topografix.com/GPX/1/1 http://www.topografix.com/GPX/1/1/gpx.xsd" version="1.1" creator="gpx.py -- https://github.com/tkrajina/gpxpy">
  <trk>
    <name>brisen-traverse</name>
    <trkseg>
      <trkpt lat="46.90356596812811" lon="8.407578662219153">
      <ele>1178.9</ele></trkpt>
      <trkpt lat="46.903570758439784" lon="8.407621721344771">
      <ele>1179.6</ele></trkpt>
      <trkpt lat="46.90357875992566" lon="8.407655256735909">
      <ele>1180.3</ele></trkpt>
      <trkpt lat="46.90359335666355" lon="8.407683332642945">
      <ele>1181.0</ele></trkpt>
      <trkpt lat="46.903636148844456" lon="8.407729229148696">
      <ele>1181.6</ele></trkpt>
      <trkpt lat="46.90368754451156" lon="8.40776835049594">
      <ele>1182.3</ele></trkpt>
      <trkpt lat="46.903722998347796" lon="8.40779270718751">
      <ele>1183.0</ele></trkpt>
      <trkpt lat="46.90376102952353" lon="8.407814406499064">
      <ele>1183.7</ele></trkpt>
      <trkpt lat="46.90378837379764" lon="8.40783394441866">
      <ele>1184.4</ele></trkpt>
      <trkpt lat="46.90380808244399" lon="8.40785218970367">
      <ele>1185.1</ele></trkpt>
      <trkpt lat="46.90382900577834" lon="8.407877846574246">
      <ele>1185.8</ele></trkpt>
      <trkpt lat="46.90384829571862" lon="8.407914735747113">
      <ele>1186.4</ele></trkpt>
      <trkpt lat="46.90385971472822" lon="8.40794837232894">
      <ele>1187.1</ele></trkpt>
      <trkpt lat="46.90386858825971" lon="8.407981963045168">
      <ele>1187.8</ele></trkpt>
      <trkpt lat="46.90387589082109" lon="8.408019410620648">
      <ele>1188.5</ele></trkpt>
      <trkpt lat="46.903885734611464" lon="8.408058465954916">
      <ele>1189.2</ele></trkpt>
      <trkpt lat="46.90389945053183" lon="8.408091750229154">
      <ele>1189.9</ele></trkpt>
      <trkpt lat="46.90392174911685" lon="8.408134534641919">
      <ele>1190.5</ele></trkpt>
      <trkpt lat="46.90395265114147" lon="8.408183301946423">
      <ele>1191.2</ele></trkpt>
      <trkpt lat="46.90400419254716" lon="8.408260438288062">
      <ele>1191.9</ele></trkpt>
      <trkpt lat="46.90405274730582" lon="8.408330131214603">
      <ele>1192.6</ele></trkpt>
      <trkpt lat="46.904090222352" lon="8.408385619454796">
      <ele>1193.3</ele></trkpt>
      <trkpt lat="46.90410473550487" lon="8.408415046261243">
      <ele>1194.0</ele></trkpt>
      <trkpt lat="46.90411822903857" lon="8.408444835339942">
      <ele>1194.7</ele></trkpt>
      <trkpt lat="46.904127367499754" lon="8.408476869131468">
      <ele>1195.4</ele></trkpt>
      <trkpt lat="46.90413137300785" lon="8.40851270867493">
      <ele>1196.1</ele></trkpt>
      <trkpt lat="46.90415602099042" lon="8.408521317317424">
      <ele>1196.8</ele></trkpt>
      <trkpt lat="46.904179392528484" lon="8.408528747892355">
      <ele>1197.5</ele></trkpt>
      <trkpt lat="46.90421043824523" lon="8.408533980510578">
      <ele>1198.2</ele></trkpt>
      <trkpt lat="46.90425852679349" lon="8.408541869987067">
      <ele>1198.9</ele></trkpt>
      <trkpt lat="46.90430235080498" lon="8.408548750645567">
      <ele>1199.7</ele></trkpt>
      <trkpt lat="46.90431679642445" lon="8.40855109815022">
      <ele>1200.4</ele></trkpt>
      <trkpt lat="46.904350387607295" lon="8.408556376702073">
      <ele>1201.1</ele></trkpt>
      <trkpt lat="46.90437658512903" lon="8.408561535041006">
      <ele>1201.8</ele></trkpt>
      <trkpt lat="46.90440089978469" lon="8.408578695679807">
      <ele>1202.5</ele></trkpt>
      <trkpt lat="46.90442648288663" lon="8.408596916141102">
      <ele>1203.2</ele></trkpt>
      <trkpt lat="46.90442867249325" lon="8.408616670420702">
      <ele>1203.9</ele></trkpt>
      <trkpt lat="46.904434744863956" lon="8.408648517868066">
      <ele>1204.6</ele></trkpt>
      <trkpt lat="46.90443883036536" lon="8.408674908573472">
      <ele>1205.3</ele></trkpt>
      <trkpt lat="46.904439337661444" lon="8.408703164217409">
      <ele>1206.0</ele></trkpt>
      <trkpt lat="46.904439354373295" lon="8.408729862180818">
      <ele>1206.7</ele></trkpt>
      <trkpt lat="46.90444879977365" lon="8.408753265041973">
      <ele>1207.5</ele></trkpt>
      <trkpt lat="46.90446178745591" lon="8.408779041934224">
      <ele>1208.3</ele></trkpt>
      <trkpt lat="46.904467232105745" lon="8.408795783540121">
      <ele>1209.1</ele></trkpt>
      <trkpt lat="46.904464490731044" lon="8.408817798389798">
      <ele>1209.9</ele></trkpt>
      <trkpt lat="46.90445964129642" lon="8.408848661305775">
      <ele>1210.7</ele></trkpt>
      <trkpt lat="46.90446326977086" lon="8.408868467818364">
      <ele>1211.5</ele></trkpt>
      <trkpt lat="46.904472930170854" lon="8.408897282383212">
      <ele>1212.3</ele></trkpt>
      <trkpt lat="46.904486090935826" lon="8.40893235544498">
      <ele>1213.1</ele></trkpt>
      <trkpt lat="46.90449276776839" lon="8.408953372035134">
      <ele>1213.9</ele></trkpt>
      <trkpt lat="46.90448833073363" lon="8.408965288876269">
      <ele>1214.8</ele></trkpt>
      <trkpt lat="46.90447648776369" lon="8.408981718590532">
      <ele>1215.6</ele></trkpt>
      <trkpt lat="46.90446314116606" lon="8.408996178563637">
      <ele>1216.4</ele></trkpt>
      <trkpt lat="46.90444845839153" lon="8.409017571039746">
      <ele>1217.2</ele></trkpt>
      <trkpt lat="46.90444090334225" lon="8.40903755641041">
      <ele>1218.0</ele></trkpt>
      <trkpt lat="46.904437142307536" lon="8.409059933483851">
      <ele>1218.8</ele></trkpt>
      <trkpt lat="46.904439031622736" lon="8.409075836540412">
      <ele>1219.6</ele></trkpt>
      <trkpt lat="46.90443613587467" lon="8.409087400526978">
      <ele>1220.4</ele></trkpt>
      <trkpt lat="46.904429691505534" lon="8.4090973385197">
      <ele>1221.2</ele></trkpt>
      <trkpt lat="46.90442616584588" lon="8.409121662434329">
      <ele>1222.0</ele></trkpt>
      <trkpt lat="46.90442751632229" lon="8.409140640303887">
      <ele>1222.8</ele></trkpt>
      <trkpt lat="46.90443380743614" lon="8.409147723575842">
      <ele>1223.4</ele></trkpt>
      <trkpt lat="46.904449892453776" lon="8.40916892308248">
      <ele>1224.0</ele></trkpt>
      <trkpt lat="46.904465454987374" lon="8.409191268234501">
      <ele>1224.6</ele></trkpt>
      <trkpt lat="46.904478788622065" lon="8.409206997195914">
      <ele>1225.2</ele></trkpt>
      <trkpt lat="46.90449945277794" lon="8.409227111192116">
      <ele>1225.8</ele></trkpt>
      <trkpt lat="46.904514822521" lon="8.409242483148283">
      <ele>1226.4</ele></trkpt>
      <trkpt lat="46.904520512388004" lon="8.409260003661766">
      <ele>1227.0</ele></trkpt>
      <trkpt lat="46.90452488564047" lon="8.409282146919741">
      <ele>1227.6</ele></trkpt>
      <trkpt lat="46.90453036626085" lon="8.40929463651428">
      <ele>1228.2</ele></trkpt>
      <trkpt lat="46.9045399904005" lon="8.409299062951371">
      <ele>1228.8</ele></trkpt>
      <trkpt lat="46.90455876192114" lon="8.40930366761625">
      <ele>1229.5</ele></trkpt>
      <trkpt lat="46.90457065422003" lon="8.409310077603012">
      <ele>1230.1</ele></trkpt>
      <trkpt lat="46.90458422333265" lon="8.409327740357602">
      <ele>1230.7</ele></trkpt>
      <trkpt lat="46.90460357650922" lon="8.409352871059646">
      <ele>1231.3</ele></trkpt>
      <trkpt lat="46.90462170739268" lon="8.409372558786414">
      <ele>1231.9</ele></trkpt>
      <trkpt lat="46.90464555771197" lon="8.409406276182295">
      <ele>1232.5</ele></trkpt>
      <trkpt lat="46.90465908176606" lon="8.40942819091547">
      <ele>1233.1</ele></trkpt>
      <trkpt lat="46.904673359544944" lon="8.40945245564977">
      <ele>1233.7</ele></trkpt>
      <trkpt lat="46.904691412541666" lon="8.409480266873745">
      <ele>1234.3</ele></trkpt>
      <trkpt lat="46.90470723342726" lon="8.409501842461378">
      <ele>1234.9</ele></trkpt>
      <trkpt lat="46.9047179920642" lon="8.409521003412387">
      <ele>1236.0</ele></trkpt>
      <trkpt lat="46.9047068906319" lon="8.409540150369953">
      <ele>1237.1</ele></trkpt>
      <trkpt lat="46.904694972244904" lon="8.409565464802771">
      <ele>1238.2</ele></trkpt>
      <trkpt lat="46.90468399547832" lon="8.409598553546433">
      <ele>1239.3</ele></trkpt>
      <trkpt lat="46.90467485549499" lon="8.409625086311737">
      <ele>1240.4</ele></trkpt>
      <trkpt lat="46.904670041900346" lon="8.409651697182976">
      <ele>1241.5</ele></trkpt>
      <trkpt lat="46.90466592474876" lon="8.409685290398613">
      <ele>1242.6</ele></trkpt>
      <trkpt lat="46.90466380166426" lon="8.409704389409082">
      <ele>1243.7</ele></trkpt>
      <trkpt lat="46.904826507900495" lon="8.409826811385807">
      <ele>1244.8</ele></trkpt>
      <trkpt lat="46.904878636036656" lon="8.409872826766396">
      <ele>1246.0</ele></trkpt>
      <trkpt lat="46.904956872285474" lon="8.409952561472299">
      <ele>1247.1</ele></trkpt>
      <trkpt lat="46.905047567933124" lon="8.410054559755665">
      <ele>1248.2</ele></trkpt>
      <trkpt lat="46.90513862736729" lon="8.410157142494759">
      <ele>1249.3</ele></trkpt>
      <trkpt lat="46.90517653402953" lon="8.410208309403158">
      <ele>1250.4</ele></trkpt>
      <trkpt lat="46.905223889267546" lon="8.410284586280133">
      <ele>1251.5</ele></trkpt>
      <trkpt lat="46.90530211171561" lon="8.410407256699196">
      <ele>1252.6</ele></trkpt>
      <trkpt lat="46.90533106865624" lon="8.410458262214107">
      <ele>1253.7</ele></trkpt>
      <trkpt lat="46.90534640175919" lon="8.410492771691262">
      <ele>1254.8</ele></trkpt>
      <trkpt lat="46.905353521072044" lon="8.410529456037073">
      <ele>1255.9</ele></trkpt>
      <trkpt lat="46.905356896899804" lon="8.4105683960262">
      <ele>1257.0</ele></trkpt>
      <trkpt lat="46.9053554533468" lon="8.41060492562943">
      <ele>1258.1</ele></trkpt>
      <trkpt lat="46.90534759463126" lon="8.410650054893624">
      <ele>1259.2</ele></trkpt>
      <trkpt lat="46.90533684656232" lon="8.410685838770032">
      <ele>1260.3</ele></trkpt>
      <trkpt lat="46.90532273768023" lon="8.410723307630391">
      <ele>1261.3</ele></trkpt>
      <trkpt lat="46.90530830527247" lon="8.41075437830463">
      <ele>1262.4</ele></trkpt>
      <trkpt lat="46.905292408359834" lon="8.410783112329328">
      <ele>1263.5</ele></trkpt>
      <trkpt lat="46.905270960233985" lon="8.410807690082972">
      <ele>1264.6</ele></trkpt>
      <trkpt lat="46.905242143476755" lon="8.410822841476524">
      <ele>1265.7</ele></trkpt>
      <trkpt lat="46.90521564923655" lon="8.410829332375844">
      <ele>1266.8</ele></trkpt>
      <trkpt lat="46.905164980104374" lon="8.410831907886639">
      <ele>1267.8</ele></trkpt>
      <trkpt lat="46.90508446654271" lon="8.410840349295135">
      <ele>1268.9</ele></trkpt>
      <trkpt lat="46.905024405147785" lon="8.410851457431418">
      <ele>1270.0</ele></trkpt>
      <trkpt lat="46.90495461120483" lon="8.410868794999612">
      <ele>1271.1</ele></trkpt>
      <trkpt lat="46.90484969222982" lon="8.410899410862918">
      <ele>1272.2</ele></trkpt>
      <trkpt lat="46.90476674770883" lon="8.410929281945911">
      <ele>1273.3</ele></trkpt>
      <trkpt lat="46.90467000876949" lon="8.410960636136625">
      <ele>1274.4</ele></trkpt>
      <trkpt lat="46.904581143551354" lon="8.410987486064524">
      <ele>1275.4</ele></trkpt>
      <trkpt lat="46.90450575506426" lon="8.411004709035232">
      <ele>1276.5</ele></trkpt>
      <trkpt lat="46.90440696603223" lon="8.411016875486922">
      <ele>1277.6</ele></trkpt>
      <trkpt lat="46.90429394143334" lon="8.411036922412782">
      <ele>1278.7</ele></trkpt>
      <trkpt lat="46.904165234983736" lon="8.41106248723366">
      <ele>1281.7</ele></trkpt>
      <trkpt lat="46.90409284750489" lon="8.411078018522952">
      <ele>1284.7</ele></trkpt>
      <trkpt lat="46.90402638969426" lon="8.411096570873893">
      <ele>1287.8</ele></trkpt>
      <trkpt lat="46.90398165739564" lon="8.411103440488759">
      <ele>1290.8</ele></trkpt>
      <trkpt lat="46.90388787914768" lon="8.411160087907229">
      <ele>1293.8</ele></trkpt>
      <trkpt lat="46.90377651796708" lon="8.411269194941339">
      <ele>1296.8</ele></trkpt>
      <trkpt lat="46.90365191203078" lon="8.411366957784987">
      <ele>1299.8</ele></trkpt>
      <trkpt lat="46.90350028652028" lon="8.411508674269733">
      <ele>1302.9</ele></trkpt>
      <trkpt lat="46.90336603701853" lon="8.411620161433493">
      <ele>1305.9</ele></trkpt>
      <trkpt lat="46.90329303273174" lon="8.411696621910762">
      <ele>1308.9</ele></trkpt>
      <trkpt lat="46.903217743664825" lon="8.411817509703141">
      <ele>1311.9</ele></trkpt>
      <trkpt lat="46.90310407352024" lon="8.411973810465877">
      <ele>1314.9</ele></trkpt>
      <trkpt lat="46.90290006583351" lon="8.41222849035712">
      <ele>1318.0</ele></trkpt>
      <trkpt lat="46.90275014804347" lon="8.412392467609363">
      <ele>1321.0</ele></trkpt>
      <trkpt lat="46.90262116940342" lon="8.412556823134302">
      <ele>1324.0</ele></trkpt>
      <trkpt lat="46.902478704095934" lon="8.412740385188988">
      <ele>1327.0</ele></trkpt>
      <trkpt lat="46.902355507415244" lon="8.412896509301563">
      <ele>1330.0</ele></trkpt>
      <trkpt lat="46.902216704429314" lon="8.413096804868848">
      <ele>1333.1</ele></trkpt>
      <trkpt lat="46.90212625708209" lon="8.413209066036963">
      <ele>1336.1</ele></trkpt>
      <trkpt lat="46.90197803190156" lon="8.413398072218776">
      <ele>1339.1</ele></trkpt>
      <trkpt lat="46.90192589474077" lon="8.413483254117638">
      <ele>1342.0</ele></trkpt>
      <trkpt lat="46.901840723834496" lon="8.413645616203473">
      <ele>1344.9</ele></trkpt>
      <trkpt lat="46.90173995530885" lon="8.413852149497412">
      <ele>1347.8</ele></trkpt>
      <trkpt lat="46.90166011680098" lon="8.41405906161981">
      <ele>1350.7</ele></trkpt>
      <trkpt lat="46.9015549894809" lon="8.414329406898553">
      <ele>1353.6</ele></trkpt>
      <trkpt lat="46.90149448472094" lon="8.414503330963731">
      <ele>1356.5</ele></trkpt>
      <trkpt lat="46.901472281465615" lon="8.41465017727019">
      <ele>1359.4</ele></trkpt>
      <trkpt lat="46.90147902373354" lon="8.414753094500938">
      <ele>1362.3</ele></trkpt>
      <trkpt lat="46.90150089907947" lon="8.414867390184284">
      <ele>1365.2</ele></trkpt>
      <trkpt lat="46.90153983793131" lon="8.414990330100851">
      <ele>1368.1</ele></trkpt>
      <trkpt lat="46.90162892501708" lon="8.415261430310888">
      <ele>1371.0</ele></trkpt>
      <trkpt lat="46.901667673807594" lon="8.415406601165381">
      <ele>1373.9</ele></trkpt>
      <trkpt lat="46.90168204854526" lon="8.415506875001846">
      <ele>1376.8</ele></trkpt>
      <trkpt lat="46.90167951081703" lon="8.415581838482828">
      <ele>1379.7</ele></trkpt>
      <trkpt lat="46.90166083554664" lon="8.415762073422712">
      <ele>1382.6</ele></trkpt>
      <trkpt lat="46.90165931829977" lon="8.415939850647623">
      <ele>1385.5</ele></trkpt>
      <trkpt lat="46.901673455531856" lon="8.416067892876521">
      <ele>1388.4</ele></trkpt>
      <trkpt lat="46.90170297161258" lon="8.416179559026071">
      <ele>1391.3</ele></trkpt>
      <trkpt lat="46.90179840787846" lon="8.416375767764274">
      <ele>1394.2</ele></trkpt>
      <trkpt lat="46.901824588619974" lon="8.416423940231475">
      <ele>1397.1</ele></trkpt>
      <trkpt lat="46.901873550733086" lon="8.416514881590127">
      <ele>1398.1</ele></trkpt>
      <trkpt lat="46.90190435283631" lon="8.416580200843688">
      <ele>1399.1</ele></trkpt>
      <trkpt lat="46.9019499062629" lon="8.416681567452027">
      <ele>1400.0</ele></trkpt>
      <trkpt lat="46.90199009382755" lon="8.416776050960124">
      <ele>1401.0</ele></trkpt>
      <trkpt lat="46.902015866793676" lon="8.4168456103257">
      <ele>1402.0</ele></trkpt>
      <trkpt lat="46.902045300073446" lon="8.416930028357031">
      <ele>1403.0</ele></trkpt>
      <trkpt lat="46.90206605987499" lon="8.417001964198665">
      <ele>1404.0</ele></trkpt>
      <trkpt lat="46.90207693825136" lon="8.417056447649436">
      <ele>1404.9</ele></trkpt>
      <trkpt lat="46.902082384507395" lon="8.417113916701476">
      <ele>1405.9</ele></trkpt>
      <trkpt lat="46.90208480104357" lon="8.41718799956591">
      <ele>1406.9</ele></trkpt>
      <trkpt lat="46.90208151504788" lon="8.417244075987291">
      <ele>1407.9</ele></trkpt>
      <trkpt lat="46.90207494773958" lon="8.417291469478947">
      <ele>1408.9</ele></trkpt>
      <trkpt lat="46.90205932874674" lon="8.417323276211228">
      <ele>1409.8</ele></trkpt>
      <trkpt lat="46.902026920497875" lon="8.417373296945941">
      <ele>1410.8</ele></trkpt>
      <trkpt lat="46.9019912242408" lon="8.417416472097479">
      <ele>1411.8</ele></trkpt>
      <trkpt lat="46.90196848263797" lon="8.417454331042585">
      <ele>1412.8</ele></trkpt>
      <trkpt lat="46.90194355482904" lon="8.417506942157866">
      <ele>1413.8</ele></trkpt>
      <trkpt lat="46.90191816412286" lon="8.417566343599804">
      <ele>1414.7</ele></trkpt>
      <trkpt lat="46.90188690115963" lon="8.417631806886668">
      <ele>1415.7</ele></trkpt>
      <trkpt lat="46.90184350248488" lon="8.417705698604989">
      <ele>1416.7</ele></trkpt>
      <trkpt lat="46.901817753774736" lon="8.417756457028483">
      <ele>1417.5</ele></trkpt>
      <trkpt lat="46.90181043581586" lon="8.417792719626839">
      <ele>1418.3</ele></trkpt>
      <trkpt lat="46.901810247045134" lon="8.417821105720098">
      <ele>1419.1</ele></trkpt>
      <trkpt lat="46.901818483357786" lon="8.41783419699695">
      <ele>1419.8</ele></trkpt>
      <trkpt lat="46.901829703924854" lon="8.417838102558111">
      <ele>1420.6</ele></trkpt>
      <trkpt lat="46.901848543066265" lon="8.417824244220732">
      <ele>1421.4</ele></trkpt>
      <trkpt lat="46.90188131624063" lon="8.417781016234763">
      <ele>1422.2</ele></trkpt>
      <trkpt lat="46.90193896002801" lon="8.41769503312613">
      <ele>1423.0</ele></trkpt>
      <trkpt lat="46.9019935966422" lon="8.417621962710605">
      <ele>1423.8</ele></trkpt>
      <trkpt lat="46.9020309517001" lon="8.417579434766552">
      <ele>1424.6</ele></trkpt>
      <trkpt lat="46.90208446730856" lon="8.417550142292367">
      <ele>1425.3</ele></trkpt>
      <trkpt lat="46.90213707631364" lon="8.417530086490236">
      <ele>1426.1</ele></trkpt>
      <trkpt lat="46.902180500808335" lon="8.417514194786728">
      <ele>1426.9</ele></trkpt>
      <trkpt lat="46.902208583854794" lon="8.41748816683285">
      <ele>1427.7</ele></trkpt>
      <trkpt lat="46.90223422606438" lon="8.417454061822106">
      <ele>1428.5</ele></trkpt>
      <trkpt lat="46.90226672490354" lon="8.417389237385583">
      <ele>1429.3</ele></trkpt>
      <trkpt lat="46.90232348992889" lon="8.417247100792556">
      <ele>1430.0</ele></trkpt>
      <trkpt lat="46.902384445619624" lon="8.417101955720433">
      <ele>1430.8</ele></trkpt>
      <trkpt lat="46.90239261577823" lon="8.417063844368599">
      <ele>1431.6</ele></trkpt>
      <trkpt lat="46.902397995355344" lon="8.417005941918516">
      <ele>1432.4</ele></trkpt>
      <trkpt lat="46.90240214047893" lon="8.41688509472501">
      <ele>1433.5</ele></trkpt>
      <trkpt lat="46.90240558698362" lon="8.416743864476167">
      <ele>1434.5</ele></trkpt>
      <trkpt lat="46.90240725769554" lon="8.416680972579725">
      <ele>1435.6</ele></trkpt>
      <trkpt lat="46.90240808145317" lon="8.416619285923753">
      <ele>1436.7</ele></trkpt>
      <trkpt lat="46.90240340815475" lon="8.416508148508989">
      <ele>1437.8</ele></trkpt>
      <trkpt lat="46.90239266874481" lon="8.416370991666522">
      <ele>1438.8</ele></trkpt>
      <trkpt lat="46.90239148755337" lon="8.41629756089095">
      <ele>1439.9</ele></trkpt>
      <trkpt lat="46.902396987206856" lon="8.41622238777687">
      <ele>1441.0</ele></trkpt>
      <trkpt lat="46.90240657823842" lon="8.416159009827114">
      <ele>1442.0</ele></trkpt>
      <trkpt lat="46.90242604298165" lon="8.416050765556685">
      <ele>1443.1</ele></trkpt>
      <trkpt lat="46.902447599629035" lon="8.415941942337817">
      <ele>1444.2</ele></trkpt>
      <trkpt lat="46.90245994595338" lon="8.415901439114755">
      <ele>1445.2</ele></trkpt>
      <trkpt lat="46.902468793415835" lon="8.415886164613177">
      <ele>1446.3</ele></trkpt>
      <trkpt lat="46.90247979611146" lon="8.415881875710824">
      <ele>1447.4</ele></trkpt>
      <trkpt lat="46.90249057326165" lon="8.415880824641057">
      <ele>1448.5</ele></trkpt>
      <trkpt lat="46.90249603624453" lon="8.415871053730037">
      <ele>1449.5</ele></trkpt>
      <trkpt lat="46.90250247773699" lon="8.415844657796931">
      <ele>1450.6</ele></trkpt>
      <trkpt lat="46.90251440172295" lon="8.415807257519">
      <ele>1451.7</ele></trkpt>
      <trkpt lat="46.90253097695917" lon="8.41575822088894">
      <ele>1452.7</ele></trkpt>
      <trkpt lat="46.902536638293945" lon="8.415726258773413">
      <ele>1453.8</ele></trkpt>
      <trkpt lat="46.90253781820265" lon="8.415684975064316">
      <ele>1455.4</ele></trkpt>
      <trkpt lat="46.90254293430548" lon="8.41566841207122">
      <ele>1457.1</ele></trkpt>
      <trkpt lat="46.90255128146735" lon="8.415661161071469">
      <ele>1458.7</ele></trkpt>
      <trkpt lat="46.90255829801954" lon="8.415664359846346">
      <ele>1460.4</ele></trkpt>
      <trkpt lat="46.902567225434595" lon="8.415686099941247">
      <ele>1462.0</ele></trkpt>
      <trkpt lat="46.90257603190375" lon="8.415722013120636">
      <ele>1463.7</ele></trkpt>
      <trkpt lat="46.90259052044897" lon="8.415770971050113">
      <ele>1465.3</ele></trkpt>
      <trkpt lat="46.902622937435765" lon="8.41585477420652">
      <ele>1467.0</ele></trkpt>
      <trkpt lat="46.90265865394884" lon="8.415939858073731">
      <ele>1468.6</ele></trkpt>
      <trkpt lat="46.902694268829954" lon="8.416037894863207">
      <ele>1470.2</ele></trkpt>
      <trkpt lat="46.90272826175378" lon="8.41613096719444">
      <ele>1471.9</ele></trkpt>
      <trkpt lat="46.902777234025486" lon="8.416265000369108">
      <ele>1473.5</ele></trkpt>
      <trkpt lat="46.902813714534176" lon="8.416357501324487">
      <ele>1475.2</ele></trkpt>
      <trkpt lat="46.90284454982774" lon="8.416432639971964">
      <ele>1476.8</ele></trkpt>
      <trkpt lat="46.90288559571856" lon="8.416524607279843">
      <ele>1478.5</ele></trkpt>
      <trkpt lat="46.902929907853114" lon="8.41662280303524">
      <ele>1480.1</ele></trkpt>
      <trkpt lat="46.90295512575375" lon="8.416676261769453">
      <ele>1481.8</ele></trkpt>
      <trkpt lat="46.902987673795955" lon="8.416744646141396">
      <ele>1483.4</ele></trkpt>
      <trkpt lat="46.90301325115579" lon="8.416805514233904">
      <ele>1485.1</ele></trkpt>
      <trkpt lat="46.90304239426596" lon="8.416884940889702">
      <ele>1486.7</ele></trkpt>
      <trkpt lat="46.90306080386638" lon="8.416959250364288">
      <ele>1487.4</ele></trkpt>
      <trkpt lat="46.90306972261621" lon="8.416943019007663">
      <ele>1488.0</ele></trkpt>
      <trkpt lat="46.90306929215043" lon="8.416920750537644">
      <ele>1488.7</ele></trkpt>
      <trkpt lat="46.90306523992812" lon="8.416885422066972">
      <ele>1489.3</ele></trkpt>
      <trkpt lat="46.90306313668369" lon="8.416839930634715">
      <ele>1490.0</ele></trkpt>
      <trkpt lat="46.90305702857925" lon="8.41675355957964">
      <ele>1490.7</ele></trkpt>
      <trkpt lat="46.90304555453293" lon="8.416639252052173">
      <ele>1491.3</ele></trkpt>
      <trkpt lat="46.90303835554649" lon="8.416535233844892">
      <ele>1492.0</ele></trkpt>
      <trkpt lat="46.90302732764653" lon="8.416441344462932">
      <ele>1492.6</ele></trkpt>
      <trkpt lat="46.90302195080233" lon="8.416341992699577">
      <ele>1493.3</ele></trkpt>
      <trkpt lat="46.90301884363248" lon="8.416268657308818">
      <ele>1494.0</ele></trkpt>
      <trkpt lat="46.903004399483684" lon="8.416137600533382">
      <ele>1494.6</ele></trkpt>
      <trkpt lat="46.90299530542117" lon="8.41603633061667">
      <ele>1495.3</ele></trkpt>
      <trkpt lat="46.902997714643746" lon="8.41597329393197">
      <ele>1495.9</ele></trkpt>
      <trkpt lat="46.90300994411288" lon="8.415924348571135">
      <ele>1496.6</ele></trkpt>
      <trkpt lat="46.903026433001045" lon="8.415887542794932">
      <ele>1497.3</ele></trkpt>
      <trkpt lat="46.90305795580196" lon="8.415838947949041">
      <ele>1497.9</ele></trkpt>
      <trkpt lat="46.903099952240915" lon="8.415801673667415">
      <ele>1498.6</ele></trkpt>
      <trkpt lat="46.90312373255619" lon="8.415785397120972">
      <ele>1499.2</ele></trkpt>
      <trkpt lat="46.903159339582885" lon="8.415768416658924">
      <ele>1499.9</ele></trkpt>
      <trkpt lat="46.90320820461234" lon="8.415728484454633">
      <ele>1502.6</ele></trkpt>
      <trkpt lat="46.90327945033574" lon="8.41569080945942">
      <ele>1505.2</ele></trkpt>
      <trkpt lat="46.903329653161535" lon="8.415670156416617">
      <ele>1507.9</ele></trkpt>
      <trkpt lat="46.9034539783783" lon="8.41560573765371">
      <ele>1510.5</ele></trkpt>
      <trkpt lat="46.90356309047899" lon="8.415538259647873">
      <ele>1513.2</ele></trkpt>
      <trkpt lat="46.903620585253094" lon="8.415494847919446">
      <ele>1515.8</ele></trkpt>
      <trkpt lat="46.90370896206593" lon="8.415402001865301">
      <ele>1518.5</ele></trkpt>
      <trkpt lat="46.903823975109944" lon="8.415312408724777">
      <ele>1521.1</ele></trkpt>
      <trkpt lat="46.90388722869956" lon="8.415263549006513">
      <ele>1523.8</ele></trkpt>
      <trkpt lat="46.90392910745" lon="8.415264309507588">
      <ele>1526.5</ele></trkpt>
      <trkpt lat="46.903962855618744" lon="8.415326035116873">
      <ele>1529.1</ele></trkpt>
      <trkpt lat="46.9039340689753" lon="8.415441988770548">
      <ele>1531.8</ele></trkpt>
      <trkpt lat="46.903895015589974" lon="8.415599324505003">
      <ele>1534.4</ele></trkpt>
      <trkpt lat="46.903858132980005" lon="8.415747879073963">
      <ele>1537.1</ele></trkpt>
      <trkpt lat="46.90383615625311" lon="8.415836379219177">
      <ele>1539.7</ele></trkpt>
      <trkpt lat="46.903802710955816" lon="8.415971095972925">
      <ele>1542.4</ele></trkpt>
      <trkpt lat="46.90377378414662" lon="8.416087584547922">
      <ele>1545.0</ele></trkpt>
      <trkpt lat="46.903753893756594" lon="8.41616770886975">
      <ele>1547.7</ele></trkpt>
      <trkpt lat="46.903732140081644" lon="8.416255333321406">
      <ele>1550.3</ele></trkpt>
      <trkpt lat="46.9037239614624" lon="8.416321862371506">
      <ele>1553.0</ele></trkpt>
      <trkpt lat="46.90372324989772" lon="8.41640519658672">
      <ele>1554.8</ele></trkpt>
      <trkpt lat="46.903733652956014" lon="8.416524854372232">
      <ele>1556.6</ele></trkpt>
      <trkpt lat="46.903766569982054" lon="8.41668381262314">
      <ele>1558.4</ele></trkpt>
      <trkpt lat="46.903838874352346" lon="8.416912947976178">
      <ele>1560.2</ele></trkpt>
      <trkpt lat="46.903901463142674" lon="8.41716412879188">
      <ele>1562.0</ele></trkpt>
      <trkpt lat="46.9039304174485" lon="8.417342454829658">
      <ele>1563.8</ele></trkpt>
      <trkpt lat="46.903934775566775" lon="8.417500894376834">
      <ele>1565.6</ele></trkpt>
      <trkpt lat="46.90393349316205" lon="8.417650896523307">
      <ele>1567.4</ele></trkpt>
      <trkpt lat="46.90396408887856" lon="8.417857052844811">
      <ele>1569.2</ele></trkpt>
      <trkpt lat="46.903981951472296" lon="8.417996299456535">
      <ele>1571.0</ele></trkpt>
      <trkpt lat="46.903992091525964" lon="8.41814650977485">
      <ele>1572.8</ele></trkpt>
      <trkpt lat="46.90400588449658" lon="8.418313456218216">
      <ele>1574.6</ele></trkpt>
      <trkpt lat="46.90404377376424" lon="8.418558624188337">
      <ele>1576.4</ele></trkpt>
      <trkpt lat="46.90408353071942" lon="8.418809391819858">
      <ele>1578.2</ele></trkpt>
      <trkpt lat="46.904093598360525" lon="8.418967936051159">
      <ele>1580.0</ele></trkpt>
      <trkpt lat="46.90411144161371" lon="8.419107183039872">
      <ele>1581.8</ele></trkpt>
      <trkpt lat="46.90411598767643" lon="8.419243391905834">
      <ele>1583.6</ele></trkpt>
      <trkpt lat="46.90409233268681" lon="8.41933741263558">
      <ele>1585.4</ele></trkpt>
      <trkpt lat="46.9040685109156" lon="8.419450895546415">
      <ele>1587.2</ele></trkpt>
      <trkpt lat="46.90403271874018" lon="8.419628042405899">
      <ele>1589.0</ele></trkpt>
      <trkpt lat="46.90398381932496" lon="8.419779971875746">
      <ele>1591.4</ele></trkpt>
      <trkpt lat="46.90392712597264" lon="8.4199511716134">
      <ele>1593.9</ele></trkpt>
      <trkpt lat="46.90387086070825" lon="8.420072396600425">
      <ele>1596.3</ele></trkpt>
      <trkpt lat="46.90385315462145" lon="8.42013875140402">
      <ele>1598.8</ele></trkpt>
      <trkpt lat="46.90385459416809" lon="8.420194351363856">
      <ele>1601.2</ele></trkpt>
      <trkpt lat="46.90387483388778" lon="8.420275298705727">
      <ele>1603.6</ele></trkpt>
      <trkpt lat="46.903868646197935" lon="8.42033073321539">
      <ele>1606.1</ele></trkpt>
      <trkpt lat="46.90382626734967" lon="8.420388302794919">
      <ele>1608.5</ele></trkpt>
      <trkpt lat="46.90377410114719" lon="8.420476263028478">
      <ele>1611.0</ele></trkpt>
      <trkpt lat="46.90372721764417" lon="8.42061432787336">
      <ele>1613.4</ele></trkpt>
      <trkpt lat="46.90366725141659" lon="8.42072435369384">
      <ele>1615.8</ele></trkpt>
      <trkpt lat="46.90363198141352" lon="8.420840395522678">
      <ele>1618.3</ele></trkpt>
      <trkpt lat="46.903610318208045" lon="8.420923346919679">
      <ele>1620.7</ele></trkpt>
      <trkpt lat="46.90360947492712" lon="8.420966068202583">
      <ele>1623.2</ele></trkpt>
      <trkpt lat="46.903616347490555" lon="8.421029025595043">
      <ele>1625.6</ele></trkpt>
      <trkpt lat="46.90361354115495" lon="8.421067773365985">
      <ele>1628.0</ele></trkpt>
      <trkpt lat="46.90360454643005" lon="8.421106421208059">
      <ele>1630.5</ele></trkpt>
      <trkpt lat="46.9036104086084" lon="8.421143489758576">
      <ele>1632.9</ele></trkpt>
      <trkpt lat="46.90361141214574" lon="8.421171216061632">
      <ele>1635.4</ele></trkpt>
      <trkpt lat="46.90360668825522" lon="8.4212164127942">
      <ele>1637.8</ele></trkpt>
      <trkpt lat="46.90360804179258" lon="8.421274636069846">
      <ele>1638.7</ele></trkpt>
      <trkpt lat="46.903602658702454" lon="8.421325359714304">
      <ele>1639.6</ele></trkpt>
      <trkpt lat="46.90359539783302" lon="8.421377899733658">
      <ele>1640.5</ele></trkpt>
      <trkpt lat="46.90359050849105" lon="8.421443411708372">
      <ele>1641.4</ele></trkpt>
      <trkpt lat="46.90359430265631" lon="8.421504449061779">
      <ele>1642.3</ele></trkpt>
      <trkpt lat="46.90359664237716" lon="8.421591343359104">
      <ele>1643.2</ele></trkpt>
      <trkpt lat="46.903599832606695" lon="8.421651464031823">
      <ele>1644.1</ele></trkpt>
      <trkpt lat="46.903597495934505" lon="8.42170778228806">
      <ele>1645.0</ele></trkpt>
      <trkpt lat="46.903607239137536" lon="8.421795730731475">
      <ele>1645.9</ele></trkpt>
      <trkpt lat="46.90361758011409" lon="8.421887391534009">
      <ele>1646.8</ele></trkpt>
      <trkpt lat="46.903639365080764" lon="8.421976820271794">
      <ele>1647.8</ele></trkpt>
      <trkpt lat="46.90365377709125" lon="8.422062662246566">
      <ele>1648.7</ele></trkpt>
      <trkpt lat="46.90366359937669" lon="8.422141371922182">
      <ele>1649.6</ele></trkpt>
      <trkpt lat="46.903662470821274" lon="8.422200494936103">
      <ele>1650.5</ele></trkpt>
      <trkpt lat="46.903655584302264" lon="8.422281668534433">
      <ele>1651.4</ele></trkpt>
      <trkpt lat="46.90364060988095" lon="8.4223691781837">
      <ele>1652.3</ele></trkpt>
      <trkpt lat="46.90362519743007" lon="8.422435416422564">
      <ele>1653.2</ele></trkpt>
      <trkpt lat="46.90360537905717" lon="8.422510827513237">
      <ele>1654.1</ele></trkpt>
      <trkpt lat="46.90358134543899" lon="8.422573219671392">
      <ele>1655.0</ele></trkpt>
      <trkpt lat="46.90355380450913" lon="8.422612446709136">
      <ele>1655.9</ele></trkpt>
      <trkpt lat="46.903519582653246" lon="8.422637704065085">
      <ele>1656.7</ele></trkpt>
      <trkpt lat="46.90348494666314" lon="8.422638921037812">
      <ele>1657.6</ele></trkpt>
      <trkpt lat="46.903428638928624" lon="8.422644374782218">
      <ele>1658.4</ele></trkpt>
      <trkpt lat="46.90338457184703" lon="8.422664818629674">
      <ele>1659.2</ele></trkpt>
      <trkpt lat="46.903354119236695" lon="8.422682755207502">
      <ele>1660.1</ele></trkpt>
      <trkpt lat="46.903321153530214" lon="8.422705252814433">
      <ele>1660.9</ele></trkpt>
      <trkpt lat="46.90329187076943" lon="8.422731519160372">
      <ele>1661.7</ele></trkpt>
      <trkpt lat="46.90324515435313" lon="8.422771326920106">
      <ele>1662.6</ele></trkpt>
      <trkpt lat="46.903215895489346" lon="8.422794811040283">
      <ele>1663.4</ele></trkpt>
      <trkpt lat="46.90318614289146" lon="8.422803520004264">
      <ele>1664.2</ele></trkpt>
      <trkpt lat="46.903147340312074" lon="8.422787111944155">
      <ele>1665.1</ele></trkpt>
      <trkpt lat="46.903080345513544" lon="8.422769518624655">
      <ele>1665.9</ele></trkpt>
      <trkpt lat="46.90300045543075" lon="8.422759722111715">
      <ele>1666.8</ele></trkpt>
      <trkpt lat="46.90294516615785" lon="8.422767044992725">
      <ele>1667.6</ele></trkpt>
      <trkpt lat="46.90288957558136" lon="8.422810470171363">
      <ele>1668.4</ele></trkpt>
      <trkpt lat="46.90283181542105" lon="8.42288442445409">
      <ele>1669.3</ele></trkpt>
      <trkpt lat="46.90277392569226" lon="8.422938911360955">
      <ele>1670.1</ele></trkpt>
      <trkpt lat="46.90273531707986" lon="8.422980520741888">
      <ele>1670.9</ele></trkpt>
      <trkpt lat="46.9027053759941" lon="8.423024756266123">
      <ele>1671.8</ele></trkpt>
      <trkpt lat="46.902682496114345" lon="8.423075342382567">
      <ele>1672.6</ele></trkpt>
      <trkpt lat="46.90266319234182" lon="8.423122240085224">
      <ele>1673.3</ele></trkpt>
      <trkpt lat="46.902643105909824" lon="8.423169136552328">
      <ele>1674.0</ele></trkpt>
      <trkpt lat="46.90261020768112" lon="8.423238177038044">
      <ele>1674.8</ele></trkpt>
      <trkpt lat="46.902585043985695" lon="8.42327815531845">
      <ele>1675.5</ele></trkpt>
      <trkpt lat="46.9025697989585" lon="8.423310216871378">
      <ele>1676.2</ele></trkpt>
      <trkpt lat="46.90255722820687" lon="8.423353496971975">
      <ele>1676.9</ele></trkpt>
      <trkpt lat="46.902540000899" lon="8.423388015991105">
      <ele>1677.7</ele></trkpt>
      <trkpt lat="46.90251678735714" lon="8.423429263633492">
      <ele>1678.4</ele></trkpt>
      <trkpt lat="46.902498839760916" lon="8.423454437359092">
      <ele>1679.1</ele></trkpt>
      <trkpt lat="46.902475647528284" lon="8.423493204660353">
      <ele>1679.8</ele></trkpt>
      <trkpt lat="46.90244416586779" lon="8.423532450136335">
      <ele>1680.6</ele></trkpt>
      <trkpt lat="46.902426533863014" lon="8.42356694848989">
      <ele>1681.3</ele></trkpt>
      <trkpt lat="46.90240929219016" lon="8.423602083980695">
      <ele>1682.0</ele></trkpt>
      <trkpt lat="46.90238769367575" lon="8.423639633447012">
      <ele>1682.8</ele></trkpt>
      <trkpt lat="46.90235466640219" lon="8.42367449289309">
      <ele>1683.5</ele></trkpt>
      <trkpt lat="46.90233080183133" lon="8.423698337442074">
      <ele>1684.2</ele></trkpt>
      <trkpt lat="46.90230331865529" lon="8.423730804575627">
      <ele>1684.9</ele></trkpt>
      <trkpt lat="46.90227583535698" lon="8.423763284799145">
      <ele>1685.6</ele></trkpt>
      <trkpt lat="46.90225236664119" lon="8.423787123399991">
      <ele>1686.4</ele></trkpt>
      <trkpt lat="46.90221905741429" lon="8.423807697303154">
      <ele>1687.1</ele></trkpt>
      <trkpt lat="46.90218693362382" lon="8.42382641599586">
      <ele>1688.2</ele></trkpt>
      <trkpt lat="46.902166324162565" lon="8.423837877370469">
      <ele>1689.3</ele></trkpt>
      <trkpt lat="46.902128121595055" lon="8.423878259314856">
      <ele>1690.4</ele></trkpt>
      <trkpt lat="46.902077575995925" lon="8.42393333837368">
      <ele>1691.4</ele></trkpt>
      <trkpt lat="46.90203500063298" lon="8.423977984491522">
      <ele>1692.5</ele></trkpt>
      <trkpt lat="46.901966553301946" lon="8.424050795534868">
      <ele>1693.6</ele></trkpt>
      <trkpt lat="46.90187190430419" lon="8.424143037058784">
      <ele>1694.7</ele></trkpt>
      <trkpt lat="46.901817063941735" lon="8.42419121186138">
      <ele>1695.8</ele></trkpt>
      <trkpt lat="46.90179114220537" lon="8.42422620081494">
      <ele>1696.9</ele></trkpt>
      <trkpt lat="46.90175535330502" lon="8.424261022032056">
      <ele>1697.9</ele></trkpt>
      <trkpt lat="46.90172432773168" lon="8.424292189856512">
      <ele>1699.0</ele></trkpt>
      <trkpt lat="46.9017119524699" lon="8.42431062689508">
      <ele>1700.1</ele></trkpt>
      <trkpt lat="46.901710232308176" lon="8.424328616078418">
      <ele>1701.2</ele></trkpt>
      <trkpt lat="46.90171803697163" lon="8.424340558549961">
      <ele>1702.3</ele></trkpt>
      <trkpt lat="46.9017318082984" lon="8.424347005978154">
      <ele>1703.4</ele></trkpt>
      <trkpt lat="46.90175750027422" lon="8.424341846200246">
      <ele>1704.5</ele></trkpt>
      <trkpt lat="46.90177929176049" lon="8.424331023647296">
      <ele>1705.5</ele></trkpt>
      <trkpt lat="46.901815245024736" lon="8.424327272553604">
      <ele>1706.6</ele></trkpt>
      <trkpt lat="46.90190253605952" lon="8.424320656063713">
      <ele>1707.7</ele></trkpt>
      <trkpt lat="46.9019685166776" lon="8.424311824597842">
      <ele>1708.8</ele></trkpt>
      <trkpt lat="46.90200130742474" lon="8.42430864552437">
      <ele>1709.6</ele></trkpt>
      <trkpt lat="46.90204197947271" lon="8.424307461533889">
      <ele>1710.4</ele></trkpt>
      <trkpt lat="46.902068381135685" lon="8.424312867333237">
      <ele>1711.2</ele></trkpt>
      <trkpt lat="46.90209645309667" lon="8.424307121117696">
      <ele>1712.0</ele></trkpt>
      <trkpt lat="46.90213326009763" lon="8.424294066765675">
      <ele>1712.8</ele></trkpt>
      <trkpt lat="46.90217753485911" lon="8.424286110571803">
      <ele>1713.6</ele></trkpt>
      <trkpt lat="46.90224229979211" lon="8.424281601177034">
      <ele>1714.4</ele></trkpt>
      <trkpt lat="46.90226917199928" lon="8.424278326726618">
      <ele>1715.2</ele></trkpt>
      <trkpt lat="46.902306216295706" lon="8.424285778234413">
      <ele>1716.0</ele></trkpt>
      <trkpt lat="46.90235589264765" lon="8.4242940781459">
      <ele>1716.8</ele></trkpt>
      <trkpt lat="46.902403258711345" lon="8.424294867475496">
      <ele>1717.5</ele></trkpt>
      <trkpt lat="46.90245534529766" lon="8.424296977092864">
      <ele>1718.3</ele></trkpt>
      <trkpt lat="46.90248614476821" lon="8.424296255284805">
      <ele>1719.1</ele></trkpt>
      <trkpt lat="46.90250589685066" lon="8.42429348034798">
      <ele>1719.9</ele></trkpt>
      <trkpt lat="46.90251966286894" lon="8.424300544648325">
      <ele>1720.7</ele></trkpt>
      <trkpt lat="46.90253546459961" lon="8.424298944212518">
      <ele>1721.5</ele></trkpt>
      <trkpt lat="46.90256118334307" lon="8.42429067413626">
      <ele>1722.3</ele></trkpt>
      <trkpt lat="46.902586873575856" lon="8.424286761120946">
      <ele>1723.1</ele></trkpt>
      <trkpt lat="46.902612972038106" lon="8.424280361779985">
      <ele>1723.9</ele></trkpt>
      <trkpt lat="46.90263912404474" lon="8.424267742027695">
      <ele>1724.7</ele></trkpt>
      <trkpt lat="46.902663726711275" lon="8.424250132508199">
      <ele>1725.6</ele></trkpt>
      <trkpt lat="46.90269139748349" lon="8.424245008858428">
      <ele>1726.6</ele></trkpt>
      <trkpt lat="46.9027229297346" lon="8.424251125606737">
      <ele>1727.5</ele></trkpt>
      <trkpt lat="46.90275687036862" lon="8.42425231200452">
      <ele>1728.5</ele></trkpt>
      <trkpt lat="46.90280505634711" lon="8.424248771845562">
      <ele>1729.4</ele></trkpt>
      <trkpt lat="46.90286033741369" lon="8.424246595489157">
      <ele>1730.4</ele></trkpt>
      <trkpt lat="46.90289029723874" lon="8.424251449657815">
      <ele>1731.3</ele></trkpt>
      <trkpt lat="46.902930452452026" lon="8.424266413449375">
      <ele>1732.3</ele></trkpt>
      <trkpt lat="46.90295488419044" lon="8.42427179634064">
      <ele>1733.2</ele></trkpt>
      <trkpt lat="46.902976235468145" lon="8.424267173750756">
      <ele>1734.2</ele></trkpt>
      <trkpt lat="46.90301268939809" lon="8.424249151293898">
      <ele>1735.1</ele></trkpt>
      <trkpt lat="46.90304642654138" lon="8.424224857590964">
      <ele>1736.0</ele></trkpt>
      <trkpt lat="46.903092797583916" lon="8.424200152236422">
      <ele>1737.0</ele></trkpt>
      <trkpt lat="46.903151488696366" lon="8.4241644635035">
      <ele>1737.9</ele></trkpt>
      <trkpt lat="46.90319154000578" lon="8.424140285388805">
      <ele>1738.9</ele></trkpt>
      <trkpt lat="46.903242647591824" lon="8.424115036666587">
      <ele>1739.8</ele></trkpt>
      <trkpt lat="46.90327352898381" lon="8.424103750263626">
      <ele>1740.8</ele></trkpt>
      <trkpt lat="46.90332054370927" lon="8.424098324661292">
      <ele>1741.7</ele></trkpt>
      <trkpt lat="46.90336001242603" lon="8.424098982248724">
      <ele>1742.7</ele></trkpt>
      <trkpt lat="46.90339155529843" lon="8.424103865387528">
      <ele>1743.6</ele></trkpt>
      <trkpt lat="46.90341795154405" lon="8.424109901145878">
      <ele>1744.2</ele></trkpt>
      <trkpt lat="46.903441524254816" lon="8.424125204264644">
      <ele>1744.7</ele></trkpt>
      <trkpt lat="46.903466248482594" lon="8.424143639238899">
      <ele>1745.3</ele></trkpt>
      <trkpt lat="46.90349088903959" lon="8.424173885642839">
      <ele>1745.9</ele></trkpt>
      <trkpt lat="46.90351785072518" lon="8.424210382973627">
      <ele>1746.4</ele></trkpt>
      <trkpt lat="46.903533790046986" lon="8.424242963820948">
      <ele>1747.0</ele></trkpt>
      <trkpt lat="46.90354575397297" lon="8.424278582575923">
      <ele>1747.6</ele></trkpt>
      <trkpt lat="46.90355973582203" lon="8.424308646862729">
      <ele>1748.1</ele></trkpt>
      <trkpt lat="46.90358003022271" lon="8.424340060662233">
      <ele>1748.7</ele></trkpt>
      <trkpt lat="46.90360117316252" lon="8.424362774691241">
      <ele>1749.2</ele></trkpt>
      <trkpt lat="46.903637700487444" lon="8.424386387621357">
      <ele>1749.8</ele></trkpt>
      <trkpt lat="46.90366912225883" lon="8.424407426273666">
      <ele>1750.4</ele></trkpt>
      <trkpt lat="46.90370130357391" lon="8.424432193403002">
      <ele>1750.9</ele></trkpt>
      <trkpt lat="46.90371890414982" lon="8.424453621910155">
      <ele>1751.5</ele></trkpt>
      <trkpt lat="46.9037399757268" lon="8.424485667005778">
      <ele>1752.1</ele></trkpt>
      <trkpt lat="46.9037587974039" lon="8.42450214334276">
      <ele>1752.6</ele></trkpt>
      <trkpt lat="46.90377889905878" lon="8.424506830145596">
      <ele>1753.2</ele></trkpt>
      <trkpt lat="46.903806163455755" lon="8.424502932875704">
      <ele>1753.8</ele></trkpt>
      <trkpt lat="46.903843328830625" lon="8.424494229379007">
      <ele>1754.3</ele></trkpt>
      <trkpt lat="46.903882059464074" lon="8.424488665328472">
      <ele>1754.9</ele></trkpt>
      <trkpt lat="46.90394252640701" lon="8.424479732671347">
      <ele>1756.0</ele></trkpt>
      <trkpt lat="46.90401004914152" lon="8.424484041830322">
      <ele>1757.1</ele></trkpt>
      <trkpt lat="46.90409545931897" lon="8.424516163997465">
      <ele>1758.2</ele></trkpt>
      <trkpt lat="46.904170324988286" lon="8.424570367209563">
      <ele>1759.3</ele></trkpt>
      <trkpt lat="46.904252632462864" lon="8.424612828267296">
      <ele>1760.5</ele></trkpt>
      <trkpt lat="46.90434298214137" lon="8.424628148564791">
      <ele>1761.6</ele></trkpt>
      <trkpt lat="46.90445373386844" lon="8.424627895206186">
      <ele>1762.7</ele></trkpt>
      <trkpt lat="46.90452794348892" lon="8.424624556746176">
      <ele>1763.8</ele></trkpt>
      <trkpt lat="46.90456693910232" lon="8.42461956198417">
      <ele>1764.9</ele></trkpt>
      <trkpt lat="46.90460650624789" lon="8.424626548394404">
      <ele>1766.0</ele></trkpt>
      <trkpt lat="46.904640693005334" lon="8.424650342171295">
      <ele>1767.1</ele></trkpt>
      <trkpt lat="46.90466706938925" lon="8.424687932358479">
      <ele>1768.2</ele></trkpt>
      <trkpt lat="46.90468496975268" lon="8.424747667881933">
      <ele>1769.3</ele></trkpt>
      <trkpt lat="46.9046906044178" lon="8.424784904059713">
      <ele>1770.4</ele></trkpt>
      <trkpt lat="46.904690216663475" lon="8.424834105535025">
      <ele>1771.5</ele></trkpt>
      <trkpt lat="46.90469285328248" lon="8.424864303825608">
      <ele>1772.7</ele></trkpt>
      <trkpt lat="46.90470835663878" lon="8.42489421305073">
      <ele>1773.8</ele></trkpt>
      <trkpt lat="46.904719941620264" lon="8.424921582782133">
      <ele>1774.9</ele></trkpt>
      <trkpt lat="46.90472323023329" lon="8.4249512811456">
      <ele>1776.0</ele></trkpt>
      <trkpt lat="46.90472131212802" lon="8.424990150831603">
      <ele>1777.1</ele></trkpt>
      <trkpt lat="46.904717147561065" lon="8.42506109813621">
      <ele>1777.1</ele></trkpt>
      <trkpt lat="46.90471747102465" lon="8.42511544486856">
      <ele>1777.2</ele></trkpt>
      <trkpt lat="46.90471212060078" lon="8.425141296423256">
      <ele>1777.2</ele></trkpt>
      <trkpt lat="46.904705254691024" lon="8.425160321011326">
      <ele>1777.2</ele></trkpt>
      <trkpt lat="46.90469417042376" lon="8.425165683017632">
      <ele>1777.3</ele></trkpt>
      <trkpt lat="46.904683244058674" lon="8.425153761254567">
      <ele>1777.3</ele></trkpt>
      <trkpt lat="46.90466578690272" lon="8.425121965392659">
      <ele>1777.3</ele></trkpt>
      <trkpt lat="46.90465260818563" lon="8.42509581336056">
      <ele>1777.4</ele></trkpt>
      <trkpt lat="46.90463657616756" lon="8.425081330324428">
      <ele>1777.4</ele></trkpt>
      <trkpt lat="46.90461065779401" lon="8.425070997463997">
      <ele>1777.4</ele></trkpt>
      <trkpt lat="46.90458786083526" lon="8.425063819547342">
      <ele>1777.5</ele></trkpt>
      <trkpt lat="46.904538985981155" lon="8.425064826314024">
      <ele>1777.5</ele></trkpt>
      <trkpt lat="46.90448619264966" lon="8.425063306692245">
      <ele>1777.6</ele></trkpt>
      <trkpt lat="46.90444681901477" lon="8.425058922419755">
      <ele>1777.6</ele></trkpt>
      <trkpt lat="46.90442669305527" lon="8.425062280976128">
      <ele>1777.6</ele></trkpt>
      <trkpt lat="46.90440919721847" lon="8.425079876676994">
      <ele>1777.7</ele></trkpt>
      <trkpt lat="46.90438083186521" lon="8.425123852562972">
      <ele>1777.7</ele></trkpt>
      <trkpt lat="46.904346777234096" lon="8.425188108261288">
      <ele>1777.7</ele></trkpt>
      <trkpt lat="46.90433270114429" lon="8.425221215582326">
      <ele>1777.8</ele></trkpt>
      <trkpt lat="46.9043188522586" lon="8.425272847417126">
      <ele>1777.8</ele></trkpt>
      <trkpt lat="46.90430106904641" lon="8.425323790135444">
      <ele>1778.5</ele></trkpt>
      <trkpt lat="46.9042728705766" lon="8.425394322136837">
      <ele>1779.2</ele></trkpt>
      <trkpt lat="46.90424729670758" lon="8.425479721121164">
      <ele>1779.9</ele></trkpt>
      <trkpt lat="46.904218858683315" lon="8.425578035632576">
      <ele>1780.6</ele></trkpt>
      <trkpt lat="46.904194764717474" lon="8.42562949237184">
      <ele>1781.3</ele></trkpt>
      <trkpt lat="46.90417238680576" lon="8.425665544778763">
      <ele>1782.1</ele></trkpt>
      <trkpt lat="46.90414410641195" lon="8.425699638104877">
      <ele>1782.8</ele></trkpt>
      <trkpt lat="46.904125261813995" lon="8.425736975986888">
      <ele>1783.5</ele></trkpt>
      <trkpt lat="46.90411376763007" lon="8.42578988452677">
      <ele>1784.2</ele></trkpt>
      <trkpt lat="46.90409723882474" lon="8.425877903612427">
      <ele>1784.9</ele></trkpt>
      <trkpt lat="46.90407885182906" lon="8.42595293352174">
      <ele>1785.6</ele></trkpt>
      <trkpt lat="46.90405511622436" lon="8.426008714876103">
      <ele>1786.3</ele></trkpt>
      <trkpt lat="46.90403603879621" lon="8.426071997690817">
      <ele>1787.0</ele></trkpt>
      <trkpt lat="46.904024084864886" lon="8.426132300487692">
      <ele>1787.7</ele></trkpt>
      <trkpt lat="46.90401650351781" lon="8.426188365220064">
      <ele>1788.5</ele></trkpt>
      <trkpt lat="46.90401759301336" lon="8.426244576041984">
      <ele>1789.2</ele></trkpt>
      <trkpt lat="46.90401755739606" lon="8.426294597158488">
      <ele>1789.9</ele></trkpt>
      <trkpt lat="46.904008620285445" lon="8.426325317629278">
      <ele>1790.6</ele></trkpt>
      <trkpt lat="46.9039958393179" lon="8.426344863216451">
      <ele>1791.3</ele></trkpt>
      <trkpt lat="46.90396642299864" lon="8.426373999982497">
      <ele>1792.0</ele></trkpt>
      <trkpt lat="46.90393133491488" lon="8.426420318970084">
      <ele>1792.9</ele></trkpt>
      <trkpt lat="46.903915331227296" lon="8.426448455086637">
      <ele>1793.8</ele></trkpt>
      <trkpt lat="46.90390841188798" lon="8.426473647281613">
      <ele>1794.7</ele></trkpt>
      <trkpt lat="46.90390982403857" lon="8.426537279891415">
      <ele>1795.7</ele></trkpt>
      <trkpt lat="46.90390829732494" lon="8.426622476384477">
      <ele>1796.6</ele></trkpt>
      <trkpt lat="46.90390141145762" lon="8.42668965796736">
      <ele>1797.5</ele></trkpt>
      <trkpt lat="46.90389089263222" lon="8.426766052582419">
      <ele>1798.4</ele></trkpt>
      <trkpt lat="46.90387360349381" lon="8.426850355628249">
      <ele>1799.3</ele></trkpt>
      <trkpt lat="46.90385197714913" lon="8.426935825848588">
      <ele>1800.2</ele></trkpt>
      <trkpt lat="46.90383736258746" lon="8.426984358210508">
      <ele>1801.2</ele></trkpt>
      <trkpt lat="46.90382221737183" lon="8.42704955028362">
      <ele>1802.1</ele></trkpt>
      <trkpt lat="46.903808539560764" lon="8.427127120461874">
      <ele>1803.0</ele></trkpt>
      <trkpt lat="46.90379815379629" lon="8.427188068506553">
      <ele>1803.9</ele></trkpt>
      <trkpt lat="46.903784534470866" lon="8.427258853770045">
      <ele>1804.8</ele></trkpt>
      <trkpt lat="46.903769873038556" lon="8.42735864047669">
      <ele>1805.7</ele></trkpt>
      <trkpt lat="46.9037591073689" lon="8.427417730745196">
      <ele>1806.6</ele></trkpt>
      <trkpt lat="46.903745463678604" lon="8.427446526772139">
      <ele>1807.6</ele></trkpt>
      <trkpt lat="46.90371837536104" lon="8.427480023917871">
      <ele>1808.5</ele></trkpt>
      <trkpt lat="46.90368928692329" lon="8.42751595185663">
      <ele>1809.4</ele></trkpt>
      <trkpt lat="46.903662738285846" lon="8.42753278941464">
      <ele>1810.3</ele></trkpt>
      <trkpt lat="46.90363975492351" lon="8.427547211787587">
      <ele>1811.8</ele></trkpt>
      <trkpt lat="46.903621797244284" lon="8.427573447664344">
      <ele>1813.3</ele></trkpt>
      <trkpt lat="46.903610048769714" lon="8.427591121727907">
      <ele>1814.9</ele></trkpt>
      <trkpt lat="46.90358677073506" lon="8.427640701928233">
      <ele>1816.4</ele></trkpt>
      <trkpt lat="46.903553026973725" lon="8.427686506348305">
      <ele>1817.9</ele></trkpt>
      <trkpt lat="46.903516380292544" lon="8.427730944771506">
      <ele>1819.4</ele></trkpt>
      <trkpt lat="46.903490384814376" lon="8.427774345236076">
      <ele>1820.9</ele></trkpt>
      <trkpt lat="46.903450617641695" lon="8.427861344630806">
      <ele>1822.5</ele></trkpt>
      <trkpt lat="46.90342920037678" lon="8.427921485439391">
      <ele>1824.0</ele></trkpt>
      <trkpt lat="46.9034058701163" lon="8.427976052055431">
      <ele>1825.5</ele></trkpt>
      <trkpt lat="46.903370541323255" lon="8.428050151727872">
      <ele>1827.0</ele></trkpt>
      <trkpt lat="46.90334912218006" lon="8.428111539258557">
      <ele>1828.5</ele></trkpt>
      <trkpt lat="46.903325647909845" lon="8.428182759276428">
      <ele>1830.1</ele></trkpt>
      <trkpt lat="46.903299772264376" lon="8.428257032653127">
      <ele>1831.6</ele></trkpt>
      <trkpt lat="46.903280205419975" lon="8.428332038952982">
      <ele>1833.1</ele></trkpt>
      <trkpt lat="46.90326583129922" lon="8.428398477968551">
      <ele>1834.6</ele></trkpt>
      <trkpt lat="46.90325154611243" lon="8.4284556651465">
      <ele>1836.1</ele></trkpt>
      <trkpt lat="46.903239285809924" lon="8.428505473688759">
      <ele>1837.7</ele></trkpt>
      <trkpt lat="46.90323825411346" lon="8.428533241262915">
      <ele>1839.2</ele></trkpt>
      <trkpt lat="46.903244978997506" lon="8.428575340215355">
      <ele>1840.7</ele></trkpt>
      <trkpt lat="46.903255149834955" lon="8.428629866782577">
      <ele>1841.2</ele></trkpt>
      <trkpt lat="46.90325943433861" lon="8.42868057050728">
      <ele>1841.6</ele></trkpt>
      <trkpt lat="46.903263283940255" lon="8.428736831424665">
      <ele>1842.1</ele></trkpt>
      <trkpt lat="46.90326603168414" lon="8.428783188600018">
      <ele>1842.5</ele></trkpt>
      <trkpt lat="46.90327510059631" lon="8.428827811475195">
      <ele>1843.0</ele></trkpt>
      <trkpt lat="46.903278398864856" lon="8.428856275683735">
      <ele>1843.5</ele></trkpt>
      <trkpt lat="46.90327509288255" lon="8.428919203862142">
      <ele>1843.9</ele></trkpt>
      <trkpt lat="46.90326580965117" lon="8.428988820948652">
      <ele>1844.4</ele></trkpt>
      <trkpt lat="46.90326174240961" lon="8.42904926750168">
      <ele>1844.8</ele></trkpt>
      <trkpt lat="46.90326083024303" lon="8.429107921464585">
      <ele>1845.3</ele></trkpt>
      <trkpt lat="46.90326684175154" lon="8.42914198772091">
      <ele>1845.8</ele></trkpt>
      <trkpt lat="46.903280256685875" lon="8.4291854437884">
      <ele>1846.2</ele></trkpt>
      <trkpt lat="46.90328316444088" lon="8.429213283934017">
      <ele>1846.7</ele></trkpt>
      <trkpt lat="46.90327799529233" lon="8.429263826727443">
      <ele>1847.1</ele></trkpt>
      <trkpt lat="46.903272272067454" lon="8.429312902379788">
      <ele>1847.6</ele></trkpt>
      <trkpt lat="46.90327308207349" lon="8.429348211645022">
      <ele>1848.1</ele></trkpt>
      <trkpt lat="46.9032774068896" lon="8.429378624239625">
      <ele>1848.5</ele></trkpt>
      <trkpt lat="46.903288563078185" lon="8.42942215689315">
      <ele>1849.0</ele></trkpt>
      <trkpt lat="46.903293958778754" lon="8.429461882056936">
      <ele>1849.4</ele></trkpt>
      <trkpt lat="46.90328944695549" lon="8.429488430487174">
      <ele>1849.9</ele></trkpt>
      <trkpt lat="46.903280365525944" lon="8.429508699505414">
      <ele>1850.3</ele></trkpt>
      <trkpt lat="46.90327401448577" lon="8.429525317445497">
      <ele>1850.7</ele></trkpt>
      <trkpt lat="46.90327788820827" lon="8.429563150751862">
      <ele>1851.1</ele></trkpt>
      <trkpt lat="46.90328486317904" lon="8.429599177392861">
      <ele>1851.6</ele></trkpt>
      <trkpt lat="46.90330811804235" lon="8.429629295684713">
      <ele>1852.0</ele></trkpt>
      <trkpt lat="46.903326797853666" lon="8.429653764499303">
      <ele>1852.4</ele></trkpt>
      <trkpt lat="46.9033383943158" lon="8.429691110143256">
      <ele>1852.8</ele></trkpt>
      <trkpt lat="46.90334187576521" lon="8.429729566301498">
      <ele>1853.2</ele></trkpt>
      <trkpt lat="46.90334401997495" lon="8.429785323443403">
      <ele>1853.6</ele></trkpt>
      <trkpt lat="46.90334507052345" lon="8.429873887239344">
      <ele>1854.1</ele></trkpt>
      <trkpt lat="46.903345484595974" lon="8.429909189266295">
      <ele>1854.5</ele></trkpt>
      <trkpt lat="46.903344380262666" lon="8.42994322951161">
      <ele>1854.9</ele></trkpt>
      <trkpt lat="46.90334350719872" lon="8.429992118927645">
      <ele>1855.3</ele></trkpt>
      <trkpt lat="46.903345060057674" lon="8.43002992266194">
      <ele>1855.7</ele></trkpt>
      <trkpt lat="46.90334984351379" lon="8.43009254059759">
      <ele>1856.1</ele></trkpt>
      <trkpt lat="46.90335710129969" lon="8.430138482306752">
      <ele>1856.5</ele></trkpt>
      <trkpt lat="46.90335861126772" lon="8.430181233569447">
      <ele>1857.0</ele></trkpt>
      <trkpt lat="46.9033521028132" lon="8.430213940385732">
      <ele>1857.4</ele></trkpt>
      <trkpt lat="46.90334349202272" lon="8.430225555173152">
      <ele>1857.8</ele></trkpt>
      <trkpt lat="46.90333900515513" lon="8.430250240210315">
      <ele>1858.2</ele></trkpt>
      <trkpt lat="46.903338618757545" lon="8.43028862508994">
      <ele>1858.8</ele></trkpt>
      <trkpt lat="46.903338178700416" lon="8.430333204202316">
      <ele>1859.5</ele></trkpt>
      <trkpt lat="46.90333093783158" lon="8.43036218297469">
      <ele>1860.1</ele></trkpt>
      <trkpt lat="46.903311264992254" lon="8.43039837462278">
      <ele>1860.7</ele></trkpt>
      <trkpt lat="46.90329421014303" lon="8.430443894225412">
      <ele>1861.3</ele></trkpt>
      <trkpt lat="46.90328189651555" lon="8.430478987748048">
      <ele>1862.0</ele></trkpt>
      <trkpt lat="46.903268648446414" lon="8.430529525806833">
      <ele>1862.6</ele></trkpt>
      <trkpt lat="46.90324963277165" lon="8.430578119898675">
      <ele>1863.2</ele></trkpt>
      <trkpt lat="46.9032339692304" lon="8.430638523061955">
      <ele>1863.8</ele></trkpt>
      <trkpt lat="46.90322514358683" lon="8.430671817028076">
      <ele>1864.5</ele></trkpt>
      <trkpt lat="46.90320826216163" lon="8.430699384069516">
      <ele>1865.1</ele></trkpt>
      <trkpt lat="46.90318898497577" lon="8.430735582812316">
      <ele>1865.7</ele></trkpt>
      <trkpt lat="46.90317896317635" lon="8.430771952271066">
      <ele>1866.3</ele></trkpt>
      <trkpt lat="46.903172760923525" lon="8.430813944239242">
      <ele>1867.0</ele></trkpt>
      <trkpt lat="46.90317677576407" lon="8.430875930975924">
      <ele>1867.6</ele></trkpt>
      <trkpt lat="46.9031800384201" lon="8.43093543626241">
      <ele>1868.2</ele></trkpt>
      <trkpt lat="46.90318300210112" lon="8.43098687702285">
      <ele>1868.8</ele></trkpt>
      <trkpt lat="46.90317693751498" lon="8.431014013520262">
      <ele>1869.5</ele></trkpt>
      <trkpt lat="46.90317256513844" lon="8.431065948929211">
      <ele>1870.1</ele></trkpt>
      <trkpt lat="46.903165000087775" lon="8.431127118216772">
      <ele>1870.7</ele></trkpt>
      <trkpt lat="46.9031537948431" lon="8.431205558996753">
      <ele>1871.7</ele></trkpt>
      <trkpt lat="46.90313600725061" lon="8.431285755188096">
      <ele>1872.7</ele></trkpt>
      <trkpt lat="46.90312719235108" lon="8.43135618100855">
      <ele>1873.7</ele></trkpt>
      <trkpt lat="46.90312945024473" lon="8.431400809747577">
      <ele>1874.6</ele></trkpt>
      <trkpt lat="46.903138723840925" lon="8.431439346551386">
      <ele>1875.6</ele></trkpt>
      <trkpt lat="46.903152751265736" lon="8.43146497695448">
      <ele>1876.6</ele></trkpt>
      <trkpt lat="46.903159877787665" lon="8.431485531684958">
      <ele>1877.6</ele></trkpt>
      <trkpt lat="46.90316725861078" lon="8.431520332209764">
      <ele>1878.6</ele></trkpt>
      <trkpt lat="46.90317762611036" lon="8.431564467568075">
      <ele>1879.6</ele></trkpt>
      <trkpt lat="46.90319441814948" lon="8.431622962664022">
      <ele>1880.6</ele></trkpt>
      <trkpt lat="46.90320502008752" lon="8.43168259041537">
      <ele>1881.5</ele></trkpt>
      <trkpt lat="46.90321511537907" lon="8.431715577308266">
      <ele>1882.5</ele></trkpt>
      <trkpt lat="46.90323023324687" lon="8.431787652667513">
      <ele>1883.5</ele></trkpt>
      <trkpt lat="46.903249535480505" lon="8.431864766766587">
      <ele>1884.5</ele></trkpt>
      <trkpt lat="46.90326141234346" lon="8.431913261538362">
      <ele>1885.5</ele></trkpt>
      <trkpt lat="46.90327065514201" lon="8.431954291796655">
      <ele>1886.5</ele></trkpt>
      <trkpt lat="46.903282005602215" lon="8.431977392242535">
      <ele>1887.4</ele></trkpt>
      <trkpt lat="46.90329836966782" lon="8.432001202200082">
      <ele>1888.4</ele></trkpt>
      <trkpt lat="46.90330465277002" lon="8.432029787391421">
      <ele>1889.4</ele></trkpt>
      <trkpt lat="46.90330510739386" lon="8.432061375662824">
      <ele>1890.4</ele></trkpt>
      <trkpt lat="46.90331627861684" lon="8.432103058501093">
      <ele>1890.6</ele></trkpt>
      <trkpt lat="46.90333371319263" lon="8.432174560010987">
      <ele>1890.7</ele></trkpt>
      <trkpt lat="46.903344733949865" lon="8.43223046813316">
      <ele>1890.9</ele></trkpt>
      <trkpt lat="46.90336240850256" lon="8.432278453294495">
      <ele>1891.0</ele></trkpt>
      <trkpt lat="46.90338579319179" lon="8.43233395989329">
      <ele>1891.2</ele></trkpt>
      <trkpt lat="46.90339748911531" lon="8.432360781367276">
      <ele>1891.3</ele></trkpt>
      <trkpt lat="46.90340914198042" lon="8.432392563493892">
      <ele>1891.5</ele></trkpt>
      <trkpt lat="46.90341834702011" lon="8.432437924666388">
      <ele>1891.6</ele></trkpt>
      <trkpt lat="46.903424776569864" lon="8.432490046697474">
      <ele>1891.8</ele></trkpt>
      <trkpt lat="46.90342542966537" lon="8.432540211292672">
      <ele>1891.9</ele></trkpt>
      <trkpt lat="46.90342457155484" lon="8.432587250342301">
      <ele>1892.1</ele></trkpt>
      <trkpt lat="46.903429400201695" lon="8.432645538045099">
      <ele>1892.2</ele></trkpt>
      <trkpt lat="46.9034376810122" lon="8.432705123365292">
      <ele>1892.4</ele></trkpt>
      <trkpt lat="46.90343878183616" lon="8.432750334813562">
      <ele>1892.5</ele></trkpt>
      <trkpt lat="46.90344256118905" lon="8.432796842700832">
      <ele>1892.7</ele></trkpt>
      <trkpt lat="46.9034477052167" lon="8.432822939413846">
      <ele>1892.8</ele></trkpt>
      <trkpt lat="46.903451583205005" lon="8.43286015628064">
      <ele>1893.0</ele></trkpt>
      <trkpt lat="46.90345134068305" lon="8.43292331172562">
      <ele>1893.1</ele></trkpt>
      <trkpt lat="46.90345531313537" lon="8.432989012696941">
      <ele>1893.2</ele></trkpt>
      <trkpt lat="46.903461616971626" lon="8.433053509863683">
      <ele>1893.4</ele></trkpt>
      <trkpt lat="46.9034617772936" lon="8.433114808948725">
      <ele>1893.5</ele></trkpt>
      <trkpt lat="46.903460546533" lon="8.433161224235436">
      <ele>1893.6</ele></trkpt>
      <trkpt lat="46.90346155919878" lon="8.43321449314716">
      <ele>1893.7</ele></trkpt>
      <trkpt lat="46.90345656104396" lon="8.433250325226263">
      <ele>1893.7</ele></trkpt>
      <trkpt lat="46.90345796107667" lon="8.433265209192497">
      <ele>1893.8</ele></trkpt>
      <trkpt lat="46.9034676805024" lon="8.433258563681608">
      <ele>1893.9</ele></trkpt>
      <trkpt lat="46.90348614197938" lon="8.433227298874085">
      <ele>1894.0</ele></trkpt>
      <trkpt lat="46.90349794761335" lon="8.433205216949903">
      <ele>1894.1</ele></trkpt>
      <trkpt lat="46.903509142421235" lon="8.433204780827309">
      <ele>1894.2</ele></trkpt>
      <trkpt lat="46.90353060769845" lon="8.433221256556791">
      <ele>1894.2</ele></trkpt>
      <trkpt lat="46.90353924518487" lon="8.433244924112806">
      <ele>1894.3</ele></trkpt>
      <trkpt lat="46.90354541309031" lon="8.433284664152113">
      <ele>1894.4</ele></trkpt>
      <trkpt lat="46.90355267858968" lon="8.433330606626049">
      <ele>1894.5</ele></trkpt>
      <trkpt lat="46.90355643627336" lon="8.433379581856167">
      <ele>1894.6</ele></trkpt>
      <trkpt lat="46.903558274346715" lon="8.433427917811327">
      <ele>1894.7</ele></trkpt>
      <trkpt lat="46.90356571852023" lon="8.433493670052487">
      <ele>1894.8</ele></trkpt>
      <trkpt lat="46.90357455243543" lon="8.433537173987649">
      <ele>1894.8</ele></trkpt>
      <trkpt lat="46.90358597900613" lon="8.433591856359168">
      <ele>1894.9</ele></trkpt>
      <trkpt lat="46.90359660683131" lon="8.43364838780341">
      <ele>1895.0</ele></trkpt>
      <trkpt lat="46.903604624275786" lon="8.433696811887968">
      <ele>1895.1</ele></trkpt>
      <trkpt lat="46.903616099127454" lon="8.43374592998705">
      <ele>1895.2</ele></trkpt>
      <trkpt lat="46.90362246525249" lon="8.4338042464627">
      <ele>1895.2</ele></trkpt>
      <trkpt lat="46.903632202884744" lon="8.433873138910446">
      <ele>1895.3</ele></trkpt>
      <trkpt lat="46.903633806574625" lon="8.433905982466218">
      <ele>1895.4</ele></trkpt>
      <trkpt lat="46.90364493048678" lon="8.43395199651251">
      <ele>1895.4</ele></trkpt>
      <trkpt lat="46.90365870085732" lon="8.434002994768557">
      <ele>1895.5</ele></trkpt>
      <trkpt lat="46.903666489128" lon="8.434035335912357">
      <ele>1895.6</ele></trkpt>
      <trkpt lat="46.90367069075791" lon="8.434078741155078">
      <ele>1895.6</ele></trkpt>
      <trkpt lat="46.90366496544629" lon="8.434110228403897">
      <ele>1895.7</ele></trkpt>
      <trkpt lat="46.903658486428235" lon="8.434140454766611">
      <ele>1895.8</ele></trkpt>
      <trkpt lat="46.903641613049444" lon="8.434168034231423">
      <ele>1895.8</ele></trkpt>
      <trkpt lat="46.9036290067709" lon="8.4341931988155">
      <ele>1895.9</ele></trkpt>
      <trkpt lat="46.903614659504804" lon="8.434237533834445">
      <ele>1895.9</ele></trkpt>
      <trkpt lat="46.9036001596941" lon="8.434297341022441">
      <ele>1896.0</ele></trkpt>
      <trkpt lat="46.90358683624001" lon="8.434355319257243">
      <ele>1896.1</ele></trkpt>
      <trkpt lat="46.90357605423256" lon="8.434391044230841">
      <ele>1896.1</ele></trkpt>
      <trkpt lat="46.90356403284764" lon="8.434434805320944">
      <ele>1896.2</ele></trkpt>
      <trkpt lat="46.903561709484975" lon="8.434474388291441">
      <ele>1896.3</ele></trkpt>
      <trkpt lat="46.90356079307616" lon="8.4345270047173">
      <ele>1896.3</ele></trkpt>
      <trkpt lat="46.90356272583861" lon="8.434565432698994">
      <ele>1896.4</ele></trkpt>
      <trkpt lat="46.903567398365645" lon="8.434600183769597">
      <ele>1896.6</ele></trkpt>
      <trkpt lat="46.90357873461272" lon="8.434664157578572">
      <ele>1896.8</ele></trkpt>
      <trkpt lat="46.90358532121241" lon="8.434700177920114">
      <ele>1897.0</ele></trkpt>
      <trkpt lat="46.90359127314264" lon="8.434761584440977">
      <ele>1897.3</ele></trkpt>
      <trkpt lat="46.903598509010585" lon="8.434807762875788">
      <ele>1897.5</ele></trkpt>
      <trkpt lat="46.90360320143171" lon="8.43483608284299">
      <ele>1897.7</ele></trkpt>
      <trkpt lat="46.90359915439187" lon="8.43486179957326">
      <ele>1897.9</ele></trkpt>
      <trkpt lat="46.90358940442243" lon="8.434884352404291">
      <ele>1898.1</ele></trkpt>
      <trkpt lat="46.90357661429084" lon="8.434906848908566">
      <ele>1898.3</ele></trkpt>
      <trkpt lat="46.903566392135694" lon="8.434939210876559">
      <ele>1898.6</ele></trkpt>
      <trkpt lat="46.90356183181068" lon="8.43497842424948">
      <ele>1898.8</ele></trkpt>
      <trkpt lat="46.903564243089534" lon="8.435046616708517">
      <ele>1899.0</ele></trkpt>
      <trkpt lat="46.90356900150055" lon="8.43510869678637">
      <ele>1899.2</ele></trkpt>
      <trkpt lat="46.90357464019779" lon="8.435158520807839">
      <ele>1899.4</ele></trkpt>
      <trkpt lat="46.90357819904539" lon="8.435226117658175">
      <ele>1899.6</ele></trkpt>
      <trkpt lat="46.90358342062001" lon="8.43532075769771">
      <ele>1899.8</ele></trkpt>
      <trkpt lat="46.903592236551226" lon="8.43543755466765">
      <ele>1900.1</ele></trkpt>
      <trkpt lat="46.90360276679638" lon="8.43557648687813">
      <ele>1900.3</ele></trkpt>
      <trkpt lat="46.903609672218224" lon="8.435653346847054">
      <ele>1900.5</ele></trkpt>
      <trkpt lat="46.90361279589769" lon="8.435726461568336">
      <ele>1900.7</ele></trkpt>
      <trkpt lat="46.903616735918455" lon="8.435794669353418">
      <ele>1901.4</ele></trkpt>
      <trkpt lat="46.90361797228729" lon="8.435866528421961">
      <ele>1902.1</ele></trkpt>
      <trkpt lat="46.90361945069012" lon="8.43599425433379">
      <ele>1902.7</ele></trkpt>
      <trkpt lat="46.903620535308455" lon="8.436081454369779">
      <ele>1903.4</ele></trkpt>
      <trkpt lat="46.90362420572353" lon="8.436178520287214">
      <ele>1904.1</ele></trkpt>
      <trkpt lat="46.90362236769821" lon="8.436252159926939">
      <ele>1904.8</ele></trkpt>
      <trkpt lat="46.90362285536614" lon="8.436322154426538">
      <ele>1905.5</ele></trkpt>
      <trkpt lat="46.90361903012791" lon="8.436404971331635">
      <ele>1906.1</ele></trkpt>
      <trkpt lat="46.90361498049402" lon="8.436471206489971">
      <ele>1906.8</ele></trkpt>
      <trkpt lat="46.90361054405628" lon="8.436537434461824">
      <ele>1907.5</ele></trkpt>
      <trkpt lat="46.903610572159366" lon="8.43657549908256">
      <ele>1908.2</ele></trkpt>
      <trkpt lat="46.90362102219066" lon="8.436599620877812">
      <ele>1908.9</ele></trkpt>
      <trkpt lat="46.90363261276716" lon="8.436624997649751">
      <ele>1909.5</ele></trkpt>
      <trkpt lat="46.903631127896375" lon="8.43666118350611">
      <ele>1910.2</ele></trkpt>
      <trkpt lat="46.903631597900926" lon="8.436691892905719">
      <ele>1910.9</ele></trkpt>
      <trkpt lat="46.9036315777936" lon="8.436735482507226">
      <ele>1911.6</ele></trkpt>
      <trkpt lat="46.903631108371364" lon="8.436785206530502">
      <ele>1912.3</ele></trkpt>
      <trkpt lat="46.90362515705075" lon="8.436850789480763">
      <ele>1912.9</ele></trkpt>
      <trkpt lat="46.903624942241855" lon="8.436914641322112">
      <ele>1913.6</ele></trkpt>
      <trkpt lat="46.90362657718991" lon="8.436984040235146">
      <ele>1914.3</ele></trkpt>
      <trkpt lat="46.90362587019749" lon="8.437058934660255">
      <ele>1914.4</ele></trkpt>
      <trkpt lat="46.90362512408646" lon="8.437139341091672">
      <ele>1914.4</ele></trkpt>
      <trkpt lat="46.90362305583355" lon="8.437197015760706">
      <ele>1914.5</ele></trkpt>
      <trkpt lat="46.903617687280004" lon="8.437241136073736">
      <ele>1914.6</ele></trkpt>
      <trkpt lat="46.90361258058373" lon="8.437297520507771">
      <ele>1914.7</ele></trkpt>
      <trkpt lat="46.903608276873236" lon="8.437390763269796">
      <ele>1914.7</ele></trkpt>
      <trkpt lat="46.903609188043966" lon="8.43745647358411">
      <ele>1914.8</ele></trkpt>
      <trkpt lat="46.90361303656135" lon="8.437492771589282">
      <ele>1914.9</ele></trkpt>
      <trkpt lat="46.90361364500572" lon="8.437549865925659">
      <ele>1914.9</ele></trkpt>
      <trkpt lat="46.90361148540947" lon="8.437617986814779">
      <ele>1915.0</ele></trkpt>
      <trkpt lat="46.9036066642139" lon="8.437643688970887">
      <ele>1915.1</ele></trkpt>
      <trkpt lat="46.90359798650243" lon="8.437674228438828">
      <ele>1915.1</ele></trkpt>
      <trkpt lat="46.90358711331501" lon="8.437695539228049">
      <ele>1915.2</ele></trkpt>
      <trkpt lat="46.903573909185894" lon="8.437721085634188">
      <ele>1915.3</ele></trkpt>
      <trkpt lat="46.90356724897523" lon="8.437740007069507">
      <ele>1915.3</ele></trkpt>
      <trkpt lat="46.90356355672839" lon="8.437727049193718">
      <ele>1915.4</ele></trkpt>
      <trkpt lat="46.90356069325333" lon="8.437706743286917">
      <ele>1915.5</ele></trkpt>
      <trkpt lat="46.9035538303008" lon="8.437706628919726">
      <ele>1915.6</ele></trkpt>
      <trkpt lat="46.90354526863071" lon="8.437724898125428">
      <ele>1915.6</ele></trkpt>
      <trkpt lat="46.903537736817334" lon="8.437756075734306">
      <ele>1915.7</ele></trkpt>
      <trkpt lat="46.90353403110196" lon="8.437784869942448">
      <ele>1915.8</ele></trkpt>
      <trkpt lat="46.90353754830042" lon="8.437816856590796">
      <ele>1916.0</ele></trkpt>
      <trkpt lat="46.903537294633274" lon="8.43784386423173">
      <ele>1916.1</ele></trkpt>
      <trkpt lat="46.90353306825217" lon="8.437887992510925">
      <ele>1916.3</ele></trkpt>
      <trkpt lat="46.903527552939956" lon="8.437946836808637">
      <ele>1916.4</ele></trkpt>
      <trkpt lat="46.90352284331353" lon="8.438002007791683">
      <ele>1916.5</ele></trkpt>
      <trkpt lat="46.903515059364565" lon="8.438058972333916">
      <ele>1916.7</ele></trkpt>
      <trkpt lat="46.90351048193412" lon="8.438100022681404">
      <ele>1916.8</ele></trkpt>
      <trkpt lat="46.90349955683042" lon="8.438126241333897">
      <ele>1917.0</ele></trkpt>
      <trkpt lat="46.903492210659586" lon="8.438137169625652">
      <ele>1917.1</ele></trkpt>
      <trkpt lat="46.90347802307172" lon="8.438145516293027">
      <ele>1917.2</ele></trkpt>
      <trkpt lat="46.90346293330607" lon="8.438168586146627">
      <ele>1917.4</ele></trkpt>
      <trkpt lat="46.90344660115882" lon="8.438202067680885">
      <ele>1917.5</ele></trkpt>
      <trkpt lat="46.9034237606223" lon="8.438239129618966">
      <ele>1917.7</ele></trkpt>
      <trkpt lat="46.90340215357744" lon="8.438265766551812">
      <ele>1917.8</ele></trkpt>
      <trkpt lat="46.90339238151244" lon="8.438290772753753">
      <ele>1917.9</ele></trkpt>
      <trkpt lat="46.903383650007115" lon="8.43832745373281">
      <ele>1918.1</ele></trkpt>
      <trkpt lat="46.90338037915073" lon="8.4383507300702">
      <ele>1918.2</ele></trkpt>
      <trkpt lat="46.9033693843241" lon="8.4383849276152">
      <ele>1918.4</ele></trkpt>
      <trkpt lat="46.903356346859994" lon="8.438432580180784">
      <ele>1918.5</ele></trkpt>
      <trkpt lat="46.903348539490274" lon="8.438493232316091">
      <ele>1919.2</ele></trkpt>
      <trkpt lat="46.90333581596384" lon="8.438589402481186">
      <ele>1919.8</ele></trkpt>
      <trkpt lat="46.90332236541429" lon="8.438681253923834">
      <ele>1920.5</ele></trkpt>
      <trkpt lat="46.90331266350928" lon="8.43873941629077">
      <ele>1921.2</ele></trkpt>
      <trkpt lat="46.903296299519724" lon="8.438817720482012">
      <ele>1921.8</ele></trkpt>
      <trkpt lat="46.90327784441431" lon="8.438915017673228">
      <ele>1922.5</ele></trkpt>
      <trkpt lat="46.903260988007666" lon="8.439004364250216">
      <ele>1923.2</ele></trkpt>
      <trkpt lat="46.903242214024345" lon="8.439094895768946">
      <ele>1923.8</ele></trkpt>
      <trkpt lat="46.90322840443991" lon="8.43914439750692">
      <ele>1924.5</ele></trkpt>
      <trkpt lat="46.90320866652927" lon="8.439175360781809">
      <ele>1925.2</ele></trkpt>
      <trkpt lat="46.9031772064916" lon="8.439236215732857">
      <ele>1925.8</ele></trkpt>
      <trkpt lat="46.90312881391992" lon="8.439312742345678">
      <ele>1926.5</ele></trkpt>
      <trkpt lat="46.903092046883124" lon="8.439370427024894">
      <ele>1927.1</ele></trkpt>
      <trkpt lat="46.90306222856448" lon="8.439418409990653">
      <ele>1927.8</ele></trkpt>
      <trkpt lat="46.90303018278226" lon="8.439460838776828">
      <ele>1928.5</ele></trkpt>
      <trkpt lat="46.90298562863779" lon="8.439494450714763">
      <ele>1929.1</ele></trkpt>
      <trkpt lat="46.90295102242197" lon="8.439525163266067">
      <ele>1929.8</ele></trkpt>
      <trkpt lat="46.902920772317536" lon="8.439538145696552">
      <ele>1930.5</ele></trkpt>
      <trkpt lat="46.90288868871779" lon="8.439543730650023">
      <ele>1931.1</ele></trkpt>
      <trkpt lat="46.90287000682147" lon="8.439543409213934">
      <ele>1931.8</ele></trkpt>
      <trkpt lat="46.90283102982346" lon="8.439551333435235">
      <ele>1932.1</ele></trkpt>
      <trkpt lat="46.90280774274614" lon="8.439554010749907">
      <ele>1932.3</ele></trkpt>
      <trkpt lat="46.902788677801865" lon="8.439554285948285">
      <ele>1932.6</ele></trkpt>
      <trkpt lat="46.90276546047135" lon="8.43954898434382">
      <ele>1932.9</ele></trkpt>
      <trkpt lat="46.90275400323694" lon="8.439550621787953">
      <ele>1933.2</ele></trkpt>
      <trkpt lat="46.902731831737654" lon="8.43955637806616">
      <ele>1933.4</ele></trkpt>
      <trkpt lat="46.90271468430498" lon="8.439555468293738">
      <ele>1933.7</ele></trkpt>
      <trkpt lat="46.90269264511916" lon="8.439547117294275">
      <ele>1934.0</ele></trkpt>
      <trkpt lat="46.902660412763" lon="8.439527525074856">
      <ele>1934.2</ele></trkpt>
      <trkpt lat="46.90263536744134" lon="8.439514196155109">
      <ele>1934.5</ele></trkpt>
      <trkpt lat="46.90261596212153" lon="8.439510186179485">
      <ele>1934.8</ele></trkpt>
      <trkpt lat="46.902596007281645" lon="8.43952273012168">
      <ele>1935.0</ele></trkpt>
      <trkpt lat="46.902579694399215" lon="8.439554990417278">
      <ele>1935.3</ele></trkpt>
      <trkpt lat="46.902572520079" lon="8.439587407651477">
      <ele>1935.6</ele></trkpt>
      <trkpt lat="46.90256512210537" lon="8.43964437815631">
      <ele>1935.8</ele></trkpt>
      <trkpt lat="46.902554931061346" lon="8.439714185701826">
      <ele>1936.1</ele></trkpt>
      <trkpt lat="46.90254674703194" lon="8.439773595970262">
      <ele>1936.4</ele></trkpt>
      <trkpt lat="46.90254106975745" lon="8.43985085079074">
      <ele>1936.7</ele></trkpt>
      <trkpt lat="46.90253846483361" lon="8.439924474588294">
      <ele>1936.9</ele></trkpt>
      <trkpt lat="46.90253054037203" lon="8.439997395570275">
      <ele>1937.2</ele></trkpt>
      <trkpt lat="46.90251953077805" lon="8.440032195735844">
      <ele>1937.7</ele></trkpt>
      <trkpt lat="46.90251469825097" lon="8.44005913073011">
      <ele>1938.2</ele></trkpt>
      <trkpt lat="46.90251290251375" lon="8.440088563571534">
      <ele>1938.7</ele></trkpt>
      <trkpt lat="46.90252215746271" lon="8.440117585302179">
      <ele>1939.2</ele></trkpt>
      <trkpt lat="46.902527910414605" lon="8.440155125771769">
      <ele>1939.8</ele></trkpt>
      <trkpt lat="46.902529913949415" lon="8.440185246259256">
      <ele>1940.3</ele></trkpt>
      <trkpt lat="46.90252317456241" lon="8.440253280405312">
      <ele>1940.8</ele></trkpt>
      <trkpt lat="46.90251959545409" lon="8.440309691884954">
      <ele>1941.3</ele></trkpt>
      <trkpt lat="46.90251157216063" lon="8.440391824903037">
      <ele>1941.8</ele></trkpt>
      <trkpt lat="46.9025046770157" lon="8.440436519335307">
      <ele>1942.3</ele></trkpt>
      <trkpt lat="46.90249050285828" lon="8.440493691561977">
      <ele>1942.8</ele></trkpt>
      <trkpt lat="46.902471053318806" lon="8.44054306094077">
      <ele>1943.3</ele></trkpt>
      <trkpt lat="46.90246177879695" lon="8.440602647561379">
      <ele>1943.8</ele></trkpt>
      <trkpt lat="46.902456781299264" lon="8.440650474848121">
      <ele>1944.3</ele></trkpt>
      <trkpt lat="46.90245023456929" lon="8.440702630852844">
      <ele>1944.9</ele></trkpt>
      <trkpt lat="46.90243803228648" lon="8.440750336997972">
      <ele>1945.4</ele></trkpt>
      <trkpt lat="46.90241855640467" lon="8.440804758975844">
      <ele>1945.9</ele></trkpt>
      <trkpt lat="46.90241408721459" lon="8.440836412595742">
      <ele>1946.4</ele></trkpt>
      <trkpt lat="46.90241744015011" lon="8.440885012323877">
      <ele>1946.9</ele></trkpt>
      <trkpt lat="46.902407464474145" lon="8.440938351260192">
      <ele>1947.4</ele></trkpt>
      <trkpt lat="46.902384084092525" lon="8.441046225187456">
      <ele>1948.4</ele></trkpt>
      <trkpt lat="46.902367486766366" lon="8.441118117878842">
      <ele>1949.4</ele></trkpt>
      <trkpt lat="46.90235402756193" lon="8.441178873183201">
      <ele>1950.4</ele></trkpt>
      <trkpt lat="46.90233801869656" lon="8.44126882398562">
      <ele>1951.3</ele></trkpt>
      <trkpt lat="46.902322036997035" lon="8.441355664558673">
      <ele>1952.3</ele></trkpt>
      <trkpt lat="46.902310377479694" lon="8.441427649144448">
      <ele>1953.3</ele></trkpt>
      <trkpt lat="46.90229554336858" lon="8.441513894141107">
      <ele>1954.3</ele></trkpt>
      <trkpt lat="46.90228719644544" lon="8.44155482049201">
      <ele>1955.3</ele></trkpt>
      <trkpt lat="46.90228762700299" lon="8.441590909804354">
      <ele>1956.3</ele></trkpt>
      <trkpt lat="46.90228321555971" lon="8.441616973011289">
      <ele>1957.2</ele></trkpt>
      <trkpt lat="46.90227501034022" lon="8.441641718563654">
      <ele>1958.2</ele></trkpt>
      <trkpt lat="46.902259663857194" lon="8.44166012268762">
      <ele>1959.2</ele></trkpt>
      <trkpt lat="46.90224818580861" lon="8.441669266910488">
      <ele>1960.2</ele></trkpt>
      <trkpt lat="46.90222974467483" lon="8.441693834657453">
      <ele>1961.2</ele></trkpt>
      <trkpt lat="46.902218497241705" lon="8.441719783454474">
      <ele>1962.2</ele></trkpt>
      <trkpt lat="46.902207130006445" lon="8.441759406485692">
      <ele>1963.2</ele></trkpt>
      <trkpt lat="46.90219777500302" lon="8.441786007441884">
      <ele>1964.1</ele></trkpt>
      <trkpt lat="46.902189874765014" lon="8.441820090647228">
      <ele>1965.1</ele></trkpt>
      <trkpt lat="46.90217945186728" lon="8.44188027221165">
      <ele>1966.1</ele></trkpt>
      <trkpt lat="46.90216918511722" lon="8.441923656395835">
      <ele>1967.1</ele></trkpt>
      <trkpt lat="46.90215596354497" lon="8.441958270301157">
      <ele>1967.8</ele></trkpt>
      <trkpt lat="46.902143234152334" lon="8.441979833792773">
      <ele>1968.6</ele></trkpt>
      <trkpt lat="46.90213720985518" lon="8.442016445723558">
      <ele>1969.3</ele></trkpt>
      <trkpt lat="46.90212662531408" lon="8.442052972564426">
      <ele>1970.1</ele></trkpt>
      <trkpt lat="46.902118056629185" lon="8.442077094314184">
      <ele>1970.8</ele></trkpt>
      <trkpt lat="46.90209905058485" lon="8.442120945359328">
      <ele>1971.6</ele></trkpt>
      <trkpt lat="46.90208617394447" lon="8.442159306287865">
      <ele>1972.3</ele></trkpt>
      <trkpt lat="46.902075928942196" lon="8.44220019696536">
      <ele>1973.1</ele></trkpt>
      <trkpt lat="46.902063079535736" lon="8.44223544769804">
      <ele>1973.8</ele></trkpt>
      <trkpt lat="46.90205787973666" lon="8.442265223586919">
      <ele>1974.6</ele></trkpt>
      <trkpt lat="46.90205329557191" lon="8.442309947418211">
      <ele>1975.3</ele></trkpt>
      <trkpt lat="46.90204504108253" lon="8.442340296294994">
      <ele>1976.1</ele></trkpt>
      <trkpt lat="46.90203411133828" lon="8.442373089017927">
      <ele>1976.8</ele></trkpt>
      <trkpt lat="46.902021686837834" lon="8.44240399005471">
      <ele>1977.6</ele></trkpt>
      <trkpt lat="46.90200348880679" lon="8.442442881549143">
      <ele>1978.3</ele></trkpt>
      <trkpt lat="46.90199115161018" lon="8.442463822178839">
      <ele>1979.1</ele></trkpt>
      <trkpt lat="46.901976393344235" lon="8.44250028405525">
      <ele>1979.8</ele></trkpt>
      <trkpt lat="46.90196200742965" lon="8.442537369744908">
      <ele>1980.6</ele></trkpt>
      <trkpt lat="46.90194812827692" lon="8.442560775334064">
      <ele>1981.3</ele></trkpt>
      <trkpt lat="46.901922845462124" lon="8.4425858580596">
      <ele>1982.1</ele></trkpt>
      <trkpt lat="46.90189221959764" lon="8.442613951679037">
      <ele>1982.1</ele></trkpt>
      <trkpt lat="46.9018729500716" lon="8.442644737920432">
      <ele>1982.0</ele></trkpt>
      <trkpt lat="46.90184632309154" lon="8.442692816963214">
      <ele>1982.0</ele></trkpt>
      <trkpt lat="46.901826501196936" lon="8.442743503659198">
      <ele>1982.0</ele></trkpt>
      <trkpt lat="46.90180519741138" lon="8.442789805108633">
      <ele>1981.9</ele></trkpt>
      <trkpt lat="46.90177462917936" lon="8.442853376818599">
      <ele>1981.9</ele></trkpt>
      <trkpt lat="46.901749669629545" lon="8.442884673540487">
      <ele>1981.9</ele></trkpt>
      <trkpt lat="46.90172692743185" lon="8.442921629183763">
      <ele>1981.8</ele></trkpt>
      <trkpt lat="46.90170496980277" lon="8.442957339437429">
      <ele>1981.8</ele></trkpt>
      <trkpt lat="46.90168580748112" lon="8.44297691862058">
      <ele>1981.8</ele></trkpt>
      <trkpt lat="46.90166599321325" lon="8.442984673033246">
      <ele>1981.7</ele></trkpt>
      <trkpt lat="46.90164512162639" lon="8.443007330917657">
      <ele>1981.7</ele></trkpt>
      <trkpt lat="46.90160800535527" lon="8.443062563727247">
      <ele>1981.6</ele></trkpt>
      <trkpt lat="46.901566733579735" lon="8.443117718849003">
      <ele>1981.6</ele></trkpt>
      <trkpt lat="46.90152931028916" lon="8.44316487385784">
      <ele>1981.6</ele></trkpt>
      <trkpt lat="46.901515917475585" lon="8.443185125044868">
      <ele>1981.5</ele></trkpt>
      <trkpt lat="46.90149399575164" lon="8.443230062632672">
      <ele>1981.5</ele></trkpt>
      <trkpt lat="46.901476302243545" lon="8.443265760384419">
      <ele>1981.5</ele></trkpt>
      <trkpt lat="46.9014548508356" lon="8.443300154160445">
      <ele>1981.4</ele></trkpt>
      <trkpt lat="46.901435457192605" lon="8.44331533192344">
      <ele>1981.4</ele></trkpt>
      <trkpt lat="46.90141299579605" lon="8.44333667363144">
      <ele>1982.1</ele></trkpt>
      <trkpt lat="46.90138365459492" lon="8.443365971811684">
      <ele>1982.8</ele></trkpt>
      <trkpt lat="46.901366002743075" lon="8.443397942719265">
      <ele>1983.5</ele></trkpt>
      <trkpt lat="46.90133877579265" lon="8.443444644731207">
      <ele>1984.2</ele></trkpt>
      <trkpt lat="46.901316946559845" lon="8.443479031289783">
      <ele>1984.9</ele></trkpt>
      <trkpt lat="46.901293693416775" lon="8.443503455590218">
      <ele>1985.5</ele></trkpt>
      <trkpt lat="46.90127040019986" lon="8.443533470368894">
      <ele>1986.2</ele></trkpt>
      <trkpt lat="46.901251231689834" lon="8.443566042815604">
      <ele>1986.9</ele></trkpt>
      <trkpt lat="46.90122878301996" lon="8.443584903962183">
      <ele>1987.6</ele></trkpt>
      <trkpt lat="46.901202852747915" lon="8.443613005646547">
      <ele>1988.3</ele></trkpt>
      <trkpt lat="46.901185687446" lon="8.443632582357449">
      <ele>1989.0</ele></trkpt>
      <trkpt lat="46.90116613030924" lon="8.443666381202975">
      <ele>1989.7</ele></trkpt>
      <trkpt lat="46.901149936918905" lon="8.443703340376613">
      <ele>1990.4</ele></trkpt>
      <trkpt lat="46.90113714150362" lon="8.443741609902334">
      <ele>1991.1</ele></trkpt>
      <trkpt lat="46.901117814994194" lon="8.443792173560759">
      <ele>1991.8</ele></trkpt>
      <trkpt lat="46.9010962074291" lon="8.443843311422587">
      <ele>1992.4</ele></trkpt>
      <trkpt lat="46.90107957976491" lon="8.443887717350286">
      <ele>1993.1</ele></trkpt>
      <trkpt lat="46.90107165923595" lon="8.443929162266317">
      <ele>1993.8</ele></trkpt>
      <trkpt lat="46.90106048024739" lon="8.44395442882873">
      <ele>1994.5</ele></trkpt>
      <trkpt lat="46.90104691837555" lon="8.443993917649703">
      <ele>1995.2</ele></trkpt>
      <trkpt lat="46.90104093021801" lon="8.444030437421569">
      <ele>1996.0</ele></trkpt>
      <trkpt lat="46.90102904663337" lon="8.444092913100242">
      <ele>1996.8</ele></trkpt>
      <trkpt lat="46.90101541026237" lon="8.444139855434148">
      <ele>1997.5</ele></trkpt>
      <trkpt lat="46.90099964704666" lon="8.444171861183381">
      <ele>1998.3</ele></trkpt>
      <trkpt lat="46.900975096904574" lon="8.4442148850614">
      <ele>1999.1</ele></trkpt>
      <trkpt lat="46.90094973668917" lon="8.444264101840263">
      <ele>1999.9</ele></trkpt>
      <trkpt lat="46.900937055653664" lon="8.444289327066167">
      <ele>2000.7</ele></trkpt>
      <trkpt lat="46.90092740403506" lon="8.444312758314425">
      <ele>2001.4</ele></trkpt>
      <trkpt lat="46.90092381334003" lon="8.444334412902505">
      <ele>2002.2</ele></trkpt>
      <trkpt lat="46.90092960892433" lon="8.4443618210973">
      <ele>2003.0</ele></trkpt>
      <trkpt lat="46.90093316865868" lon="8.444386706877934">
      <ele>2003.8</ele></trkpt>
      <trkpt lat="46.900929632357915" lon="8.444402167521368">
      <ele>2004.6</ele></trkpt>
      <trkpt lat="46.90091631563504" lon="8.444413730910458">
      <ele>2005.3</ele></trkpt>
      <trkpt lat="46.90090162408118" lon="8.444409754942582">
      <ele>2006.1</ele></trkpt>
      <trkpt lat="46.90088757544403" lon="8.444417590288502">
      <ele>2006.9</ele></trkpt>
      <trkpt lat="46.90087612036795" lon="8.444432285956232">
      <ele>2007.7</ele></trkpt>
      <trkpt lat="46.900875223037474" lon="8.44444841280321">
      <ele>2008.5</ele></trkpt>
      <trkpt lat="46.90088112223046" lon="8.444464023636444">
      <ele>2009.2</ele></trkpt>
      <trkpt lat="46.90088098597028" lon="8.444479534722781">
      <ele>2010.0</ele></trkpt>
      <trkpt lat="46.90087068598643" lon="8.444491771372462">
      <ele>2010.8</ele></trkpt>
      <trkpt lat="46.90085437429596" lon="8.444500181238128">
      <ele>2011.3</ele></trkpt>
      <trkpt lat="46.90084710385076" lon="8.444510610803166">
      <ele>2011.8</ele></trkpt>
      <trkpt lat="46.900846546120285" lon="8.444531088331821">
      <ele>2012.3</ele></trkpt>
      <trkpt lat="46.9008493686055" lon="8.44455284969681">
      <ele>2012.7</ele></trkpt>
      <trkpt lat="46.90085072151067" lon="8.44457088235692">
      <ele>2013.2</ele></trkpt>
      <trkpt lat="46.90084454632455" lon="8.44458566361241">
      <ele>2013.7</ele></trkpt>
      <trkpt lat="46.90083242826615" lon="8.444589807545062">
      <ele>2014.2</ele></trkpt>
      <trkpt lat="46.900823953594724" lon="8.444608286376312">
      <ele>2014.7</ele></trkpt>
      <trkpt lat="46.90082644545259" lon="8.444625697213759">
      <ele>2015.2</ele></trkpt>
      <trkpt lat="46.900831608912796" lon="8.444640060551052">
      <ele>2015.7</ele></trkpt>
      <trkpt lat="46.90082506678527" lon="8.444653601190193">
      <ele>2016.1</ele></trkpt>
      <trkpt lat="46.90081333744861" lon="8.444656505513002">
      <ele>2016.6</ele></trkpt>
      <trkpt lat="46.90080496630756" lon="8.444663200117922">
      <ele>2017.1</ele></trkpt>
      <trkpt lat="46.900804019940615" lon="8.444684904098885">
      <ele>2017.6</ele></trkpt>
      <trkpt lat="46.90081068548139" lon="8.444699295534129">
      <ele>2018.1</ele></trkpt>
      <trkpt lat="46.900813522348685" lon="8.444720440293388">
      <ele>2018.6</ele></trkpt>
      <trkpt lat="46.90080888543873" lon="8.444732152825043">
      <ele>2019.0</ele></trkpt>
      <trkpt lat="46.900792573730456" lon="8.444740562608054">
      <ele>2019.5</ele></trkpt>
      <trkpt lat="46.900787569887086" lon="8.444751034530448">
      <ele>2020.0</ele></trkpt>
      <trkpt lat="46.9007889937938" lon="8.444760983577277">
      <ele>2020.5</ele></trkpt>
      <trkpt lat="46.900798741568536" lon="8.444768594614954">
      <ele>2020.9</ele></trkpt>
      <trkpt lat="46.900802815287925" lon="8.444777976366353">
      <ele>2021.4</ele></trkpt>
      <trkpt lat="46.90079671087885" lon="8.444784700231567">
      <ele>2021.8</ele></trkpt>
      <trkpt lat="46.9007826276207" lon="8.44479749602131">
      <ele>2022.3</ele></trkpt>
      <trkpt lat="46.90076811204482" lon="8.444816491782634">
      <ele>2022.7</ele></trkpt>
      <trkpt lat="46.90075733807704" lon="8.444838641879253">
      <ele>2023.1</ele></trkpt>
      <trkpt lat="46.90076096851664" lon="8.444855470263938">
      <ele>2023.6</ele></trkpt>
      <trkpt lat="46.90076533477529" lon="8.444873533031007">
      <ele>2024.0</ele></trkpt>
      <trkpt lat="46.90076023819665" lon="8.44489455559952">
      <ele>2024.5</ele></trkpt>
      <trkpt lat="46.90075152559833" lon="8.44489813317782">
      <ele>2024.9</ele></trkpt>
      <trkpt lat="46.900739385846634" lon="8.444904744102505">
      <ele>2025.3</ele></trkpt>
      <trkpt lat="46.90073662139398" lon="8.444918355367633">
      <ele>2025.8</ele></trkpt>
      <trkpt lat="46.90074445297166" lon="8.444929041168246">
      <ele>2026.2</ele></trkpt>
      <trkpt lat="46.90074770574271" lon="8.444945849363984">
      <ele>2026.7</ele></trkpt>
      <trkpt lat="46.900750593429215" lon="8.444960183254818">
      <ele>2027.1</ele></trkpt>
      <trkpt lat="46.900758083561605" lon="8.444967752080537">
      <ele>2027.5</ele></trkpt>
      <trkpt lat="46.90077162540671" lon="8.444973570410747">
      <ele>2028.0</ele></trkpt>
      <trkpt lat="46.90077452219959" lon="8.444987891355057">
      <ele>2028.4</ele></trkpt>
      <trkpt lat="46.900765647893806" lon="8.445008843228509">
      <ele>2028.9</ele></trkpt>
      <trkpt lat="46.90075237470856" lon="8.445015446046193">
      <ele>2029.3</ele></trkpt>
      <trkpt lat="46.90073308983487" lon="8.44501822203199">
      <ele>2029.8</ele></trkpt>
      <trkpt lat="46.900717949595645" lon="8.445022309307596">
      <ele>2030.3</ele></trkpt>
      <trkpt lat="46.900719346142324" lon="8.445035368429945">
      <ele>2030.8</ele></trkpt>
      <trkpt lat="46.9007225407658" lon="8.445057766729008">
      <ele>2031.3</ele></trkpt>
      <trkpt lat="46.90071526484829" lon="8.4450688129602">
      <ele>2031.8</ele></trkpt>
      <trkpt lat="46.900704970337905" lon="8.445080419569571">
      <ele>2032.3</ele></trkpt>
      <trkpt lat="46.90070637772094" lon="8.445092245156289">
      <ele>2032.8</ele></trkpt>
      <trkpt lat="46.900706619146234" lon="8.445107763260133">
      <ele>2033.3</ele></trkpt>
      <trkpt lat="46.90069710382359" lon="8.445115670106809">
      <ele>2033.8</ele></trkpt>
      <trkpt lat="46.90069212186311" lon="8.44512364866288">
      <ele>2034.3</ele></trkpt>
      <trkpt lat="46.900693118825394" lon="8.445139180902126">
      <ele>2034.8</ele></trkpt>
      <trkpt lat="46.90069980414733" lon="8.445152338998476">
      <ele>2035.3</ele></trkpt>
      <trkpt lat="46.90070764666228" lon="8.445161778169116">
      <ele>2035.8</ele></trkpt>
      <trkpt lat="46.900715056840575" lon="8.44517741731179">
      <ele>2036.3</ele></trkpt>
      <trkpt lat="46.90071754307459" lon="8.445195458030234">
      <ele>2036.8</ele></trkpt>
      <trkpt lat="46.900715868291535" lon="8.445214050867786">
      <ele>2037.3</ele></trkpt>
      <trkpt lat="46.90070746446933" lon="8.445224459098592">
      <ele>2037.8</ele></trkpt>
      <trkpt lat="46.90069652342302" lon="8.445223650584394">
      <ele>2038.3</ele></trkpt>
      <trkpt lat="46.900683293833616" lon="8.445225292961203">
      <ele>2038.8</ele></trkpt>
      <trkpt lat="46.90067830102101" lon="8.445234505038506">
      <ele>2039.3</ele></trkpt>
      <trkpt lat="46.90068271970838" lon="8.445247620720401">
      <ele>2039.9</ele></trkpt>
      <trkpt lat="46.90068368031655" lon="8.445266262869978">
      <ele>2040.5</ele></trkpt>
      <trkpt lat="46.90067298621022" lon="8.44528034255324">
      <ele>2041.0</ele></trkpt>
      <trkpt lat="46.90065814181727" lon="8.445293753931294">
      <ele>2041.6</ele></trkpt>
      <trkpt lat="46.90065047172306" lon="8.445306656468293">
      <ele>2042.2</ele></trkpt>
      <trkpt lat="46.90065029173616" lon="8.445327127862202">
      <ele>2042.8</ele></trkpt>
      <trkpt lat="46.900660275327716" lon="8.445350886963645">
      <ele>2043.4</ele></trkpt>
      <trkpt lat="46.900666114283666" lon="8.445373334756125">
      <ele>2043.9</ele></trkpt>
      <trkpt lat="46.90066439585615" lon="8.445396887947833">
      <ele>2044.5</ele></trkpt>
      <trkpt lat="46.900664226699554" lon="8.445416125813727">
      <ele>2045.1</ele></trkpt>
      <trkpt lat="46.90066361976625" lon="8.445442180407293">
      <ele>2045.7</ele></trkpt>
      <trkpt lat="46.90065594965533" lon="8.445455082924406">
      <ele>2046.3</ele></trkpt>
      <trkpt lat="46.90064542999923" lon="8.445449321060323">
      <ele>2046.8</ele></trkpt>
      <trkpt lat="46.90063453811097" lon="8.445442922237756">
      <ele>2047.4</ele></trkpt>
      <trkpt lat="46.90062352806828" lon="8.445448937306235">
      <ele>2048.0</ele></trkpt>
      <trkpt lat="46.90062113035915" lon="8.445463802240713">
      <ele>2048.6</ele></trkpt>
      <trkpt lat="46.90062133353832" lon="8.445483663929046">
      <ele>2049.2</ele></trkpt>
      <trkpt lat="46.900617079859806" lon="8.44549475353658">
      <ele>2049.7</ele></trkpt>
      <trkpt lat="46.90060418984049" lon="8.445500746522505">
      <ele>2050.3</ele></trkpt>
      <trkpt lat="46.900589663299975" lon="8.445520975562253">
      <ele>2050.9</ele></trkpt>
      <trkpt lat="46.90058042751281" lon="8.44554005678393">
      <ele>2051.6</ele></trkpt>
      <trkpt lat="46.90057453707159" lon="8.445565408675296">
      <ele>2052.3</ele></trkpt>
      <trkpt lat="46.90057005407045" lon="8.445602573008548">
      <ele>2053.1</ele></trkpt>
      <trkpt lat="46.900563522792815" lon="8.445614866811374">
      <ele>2053.8</ele></trkpt>
      <trkpt lat="46.90054901250523" lon="8.44563324550952">
      <ele>2054.5</ele></trkpt>
      <trkpt lat="46.900543538131714" lon="8.445654247725559">
      <ele>2055.2</ele></trkpt>
      <trkpt lat="46.90054402071248" lon="8.445685296967145">
      <ele>2056.0</ele></trkpt>
      <trkpt lat="46.90053321922141" lon="8.44571055686757">
      <ele>2056.7</ele></trkpt>
      <trkpt lat="46.900518068107345" lon="8.44571587746256">
      <ele>2057.4</ele></trkpt>
      <trkpt lat="46.900504357090206" lon="8.445729296780584">
      <ele>2058.2</ele></trkpt>
      <trkpt lat="46.90049699373068" lon="8.445750276722197">
      <ele>2058.9</ele></trkpt>
      <trkpt lat="46.90047688785032" lon="8.445760478823097">
      <ele>2059.6</ele></trkpt>
      <trkpt lat="46.90047065779681" lon="8.44578147997229">
      <ele>2060.3</ele></trkpt>
      <trkpt lat="46.90047234476129" lon="8.44580446684745">
      <ele>2061.1</ele></trkpt>
      <trkpt lat="46.90047018290723" lon="8.44583546652746">
      <ele>2061.8</ele></trkpt>
      <trkpt lat="46.900461522408335" lon="8.445875046244948">
      <ele>2062.5</ele></trkpt>
      <trkpt lat="46.90045316335706" lon="8.445923307089213">
      <ele>2063.2</ele></trkpt>
      <trkpt lat="46.90045136284754" lon="8.445956177243467">
      <ele>2064.0</ele></trkpt>
      <trkpt lat="46.90044153089526" lon="8.446000066170562">
      <ele>2064.7</ele></trkpt>
      <trkpt lat="46.90042602772784" lon="8.446087318175051">
      <ele>2065.4</ele></trkpt>
      <trkpt lat="46.90041926153717" lon="8.446126303316259">
      <ele>2065.6</ele></trkpt>
      <trkpt lat="46.90040493437913" lon="8.44616577679654">
      <ele>2065.8</ele></trkpt>
      <trkpt lat="46.900400867176636" lon="8.446198604450595">
      <ele>2066.0</ele></trkpt>
      <trkpt lat="46.90039598437323" lon="8.446238241709782">
      <ele>2066.3</ele></trkpt>
      <trkpt lat="46.90038322090705" lon="8.446272783271414">
      <ele>2066.5</ele></trkpt>
      <trkpt lat="46.90037056323199" lon="8.44629428076583">
      <ele>2066.7</ele></trkpt>
      <trkpt lat="46.900353057926075" lon="8.446309505654702">
      <ele>2066.9</ele></trkpt>
      <trkpt lat="46.9003396755255" lon="8.446328508967532">
      <ele>2067.1</ele></trkpt>
      <trkpt lat="46.90033111314315" lon="8.446356921170015">
      <ele>2067.3</ele></trkpt>
      <trkpt lat="46.90031978624035" lon="8.446398931324355">
      <ele>2067.6</ele></trkpt>
      <trkpt lat="46.900311525262886" lon="8.446436024624598">
      <ele>2067.8</ele></trkpt>
      <trkpt lat="46.90029921054489" lon="8.446462502764883">
      <ele>2068.0</ele></trkpt>
      <trkpt lat="46.900288819457366" lon="8.446484042655563">
      <ele>2068.2</ele></trkpt>
      <trkpt lat="46.90027573278421" lon="8.446512370023562">
      <ele>2068.4</ele></trkpt>
      <trkpt lat="46.90026627284407" lon="8.446556895669667">
      <ele>2068.6</ele></trkpt>
      <trkpt lat="46.900265523558716" lon="8.446599090845567">
      <ele>2068.8</ele></trkpt>
      <trkpt lat="46.90026298569937" lon="8.44662883647961">
      <ele>2069.1</ele></trkpt>
      <trkpt lat="46.90025051254409" lon="8.446673305619981">
      <ele>2069.3</ele></trkpt>
      <trkpt lat="46.900237865653764" lon="8.446693569444083">
      <ele>2069.5</ele></trkpt>
      <trkpt lat="46.90023005329148" lon="8.446722612457526">
      <ele>2069.7</ele></trkpt>
      <trkpt lat="46.90021265810618" lon="8.446768236140093">
      <ele>2069.8</ele></trkpt>
      <trkpt lat="46.90019375713564" lon="8.44681322782914">
      <ele>2069.8</ele></trkpt>
      <trkpt lat="46.90017676893804" lon="8.44685451479416">
      <ele>2069.9</ele></trkpt>
      <trkpt lat="46.90016254343025" lon="8.446883437527948">
      <ele>2069.9</ele></trkpt>
      <trkpt lat="46.90015053174679" lon="8.446917376021682">
      <ele>2070.0</ele></trkpt>
      <trkpt lat="46.900135775445825" lon="8.446963665911072">
      <ele>2070.1</ele></trkpt>
      <trkpt lat="46.90012299190224" lon="8.44699944048506">
      <ele>2070.1</ele></trkpt>
      <trkpt lat="46.900112938244845" lon="8.447026577660706">
      <ele>2070.2</ele></trkpt>
      <trkpt lat="46.90009878564159" lon="8.447046196257986">
      <ele>2070.2</ele></trkpt>
      <trkpt lat="46.90007551333569" lon="8.447073728674114">
      <ele>2070.3</ele></trkpt>
      <trkpt lat="46.90005440227777" lon="8.447111223869058">
      <ele>2070.4</ele></trkpt>
      <trkpt lat="46.90004123893123" lon="8.447148238079727">
      <ele>2070.4</ele></trkpt>
      <trkpt lat="46.90002648984051" lon="8.44719267736598">
      <ele>2070.5</ele></trkpt>
      <trkpt lat="46.90000724376139" lon="8.447233934867977">
      <ele>2070.5</ele></trkpt>
      <trkpt lat="46.899989465167906" lon="8.447280167870048">
      <ele>2070.6</ele></trkpt>
      <trkpt lat="46.899967278857254" lon="8.447312064767978">
      <ele>2070.7</ele></trkpt>
      <trkpt lat="46.89995457173732" lon="8.447339152042622">
      <ele>2070.7</ele></trkpt>
      <trkpt lat="46.899952097248516" lon="8.447362703811967">
      <ele>2070.8</ele></trkpt>
      <trkpt lat="46.89994425743119" lon="8.447394843486656">
      <ele>2070.8</ele></trkpt>
      <trkpt lat="46.89992924340982" lon="8.447427478573452">
      <ele>2070.9</ele></trkpt>
      <trkpt lat="46.89991281669076" lon="8.447448918047602">
      <ele>2070.7</ele></trkpt>
      <trkpt lat="46.89988542352282" lon="8.447471411775517">
      <ele>2070.5</ele></trkpt>
      <trkpt lat="46.89986976875527" lon="8.447491001996983">
      <ele>2070.3</ele></trkpt>
      <trkpt lat="46.899854825702356" lon="8.447515579803063">
      <ele>2070.1</ele></trkpt>
      <trkpt lat="46.89984626314036" lon="8.447543978437912">
      <ele>2069.9</ele></trkpt>
      <trkpt lat="46.899828292477096" lon="8.447569116282084">
      <ele>2069.7</ele></trkpt>
      <trkpt lat="46.89980193962409" lon="8.447602181644918">
      <ele>2069.5</ele></trkpt>
      <trkpt lat="46.89977937545256" lon="8.447634071211652">
      <ele>2069.3</ele></trkpt>
      <trkpt lat="46.899747386874424" lon="8.447664550225875">
      <ele>2069.1</ele></trkpt>
      <trkpt lat="46.899729919779254" lon="8.447675417835882">
      <ele>2068.9</ele></trkpt>
      <trkpt lat="46.89972109968197" lon="8.44769016193683">
      <ele>2068.8</ele></trkpt>
      <trkpt lat="46.899706425065496" lon="8.447727147425383">
      <ele>2068.6</ele></trkpt>
      <trkpt lat="46.89968869531074" lon="8.447767816087527">
      <ele>2068.4</ele></trkpt>
      <trkpt lat="46.899670691750366" lon="8.447796680557367">
      <ele>2068.2</ele></trkpt>
      <trkpt lat="46.89964735012261" lon="8.447831035928619">
      <ele>2068.0</ele></trkpt>
      <trkpt lat="46.89963015335536" lon="8.447853077575488">
      <ele>2067.8</ele></trkpt>
      <trkpt lat="46.89962042798975" lon="8.447885811587506">
      <ele>2067.6</ele></trkpt>
      <trkpt lat="46.89960770430767" lon="8.447914761936698">
      <ele>2067.4</ele></trkpt>
      <trkpt lat="46.89959050552943" lon="8.447938050339603">
      <ele>2067.2</ele></trkpt>
      <trkpt lat="46.89957479052808" lon="8.447964463976328">
      <ele>2067.0</ele></trkpt>
      <trkpt lat="46.8995643607502" lon="8.447990359929257">
      <ele>2068.0</ele></trkpt>
      <trkpt lat="46.899552625889456" lon="8.447993880209534">
      <ele>2069.1</ele></trkpt>
      <trkpt lat="46.89952718173741" lon="8.448009572182949">
      <ele>2070.1</ele></trkpt>
      <trkpt lat="46.89951417127043" lon="8.448029211746084">
      <ele>2071.1</ele></trkpt>
      <trkpt lat="46.899497969033774" lon="8.44806803202034">
      <ele>2072.2</ele></trkpt>
      <trkpt lat="46.899488398782175" lon="8.44808214506013">
      <ele>2073.2</ele></trkpt>
      <trkpt lat="46.89946597666612" lon="8.448097906817933">
      <ele>2074.2</ele></trkpt>
      <trkpt lat="46.89945518363541" lon="8.448123165896186">
      <ele>2075.3</ele></trkpt>
      <trkpt lat="46.89944498395638" lon="8.44816581301883">
      <ele>2076.3</ele></trkpt>
      <trkpt lat="46.89943760108196" lon="8.448192015429846">
      <ele>2077.3</ele></trkpt>
      <trkpt lat="46.8994026314285" lon="8.448239184888534">
      <ele>2078.4</ele></trkpt>
      <trkpt lat="46.89935878444547" lon="8.448306556923026">
      <ele>2079.4</ele></trkpt>
      <trkpt lat="46.899340522417596" lon="8.448347372636933">
      <ele>2080.5</ele></trkpt>
      <trkpt lat="46.899329266924596" lon="8.44839446214662">
      <ele>2081.5</ele></trkpt>
      <trkpt lat="46.89931989315458" lon="8.44844035326077">
      <ele>2082.5</ele></trkpt>
      <trkpt lat="46.899305671311566" lon="8.448486153331832">
      <ele>2083.6</ele></trkpt>
      <trkpt lat="46.89928414507945" lon="8.448556385329821">
      <ele>2084.6</ele></trkpt>
      <trkpt lat="46.899268466725246" lon="8.448637777931568">
      <ele>2085.6</ele></trkpt>
      <trkpt lat="46.8992532833189" lon="8.448706908361297">
      <ele>2086.7</ele></trkpt>
      <trkpt lat="46.89923818125865" lon="8.448766813749426">
      <ele>2087.7</ele></trkpt>
      <trkpt lat="46.899226849758605" lon="8.448822498210216">
      <ele>2089.3</ele></trkpt>
      <trkpt lat="46.89921856049315" lon="8.448870863818698">
      <ele>2091.0</ele></trkpt>
      <trkpt lat="46.89920346189942" lon="8.448931386040506">
      <ele>2092.6</ele></trkpt>
      <trkpt lat="46.89919247199865" lon="8.448990147982297">
      <ele>2094.3</ele></trkpt>
      <trkpt lat="46.899180186165985" lon="8.449067312348904">
      <ele>2095.9</ele></trkpt>
      <trkpt lat="46.89916887666369" lon="8.449159220707825">
      <ele>2097.5</ele></trkpt>
      <trkpt lat="46.89916009563147" lon="8.449220478351329">
      <ele>2099.2</ele></trkpt>
      <trkpt lat="46.89914609773648" lon="8.449281637946699">
      <ele>2100.8</ele></trkpt>
      <trkpt lat="46.89913734196641" lon="8.449341045467472">
      <ele>2102.5</ele></trkpt>
      <trkpt lat="46.899130075592474" lon="8.449399877233356">
      <ele>2104.1</ele></trkpt>
      <trkpt lat="46.899125141044266" lon="8.44944830571849">
      <ele>2105.7</ele></trkpt>
      <trkpt lat="46.89911346399762" lon="8.44950029545101">
      <ele>2107.4</ele></trkpt>
      <trkpt lat="46.89910247925022" lon="8.449558440430057">
      <ele>2109.0</ele></trkpt>
      <trkpt lat="46.899092998457625" lon="8.449615379954896">
      <ele>2110.7</ele></trkpt>
      <trkpt lat="46.89907937812193" lon="8.449676546472498">
      <ele>2112.3</ele></trkpt>
      <trkpt lat="46.89907491346827" lon="8.449714536641814">
      <ele>2113.9</ele></trkpt>
      <trkpt lat="46.89907570707391" lon="8.449748950805116">
      <ele>2115.6</ele></trkpt>
      <trkpt lat="46.89906887968871" lon="8.4497611069597">
      <ele>2117.2</ele></trkpt>
      <trkpt lat="46.89905502404144" lon="8.44976945612964">
      <ele>2118.9</ele></trkpt>
      <trkpt lat="46.89905784587161" lon="8.449786085383888">
      <ele>2120.5</ele></trkpt>
      <trkpt lat="46.89905582497658" lon="8.44980201986909">
      <ele>2121.1</ele></trkpt>
      <trkpt lat="46.8990456822854" lon="8.449811659407503">
      <ele>2121.7</ele></trkpt>
      <trkpt lat="46.8990366188022" lon="8.449824390356858">
      <ele>2122.2</ele></trkpt>
      <trkpt lat="46.899033422893616" lon="8.449847061841389">
      <ele>2122.8</ele></trkpt>
      <trkpt lat="46.89903349170214" lon="8.449878994954242">
      <ele>2123.4</ele></trkpt>
      <trkpt lat="46.89903360929677" lon="8.4499054035855">
      <ele>2123.9</ele></trkpt>
      <trkpt lat="46.89902794411207" lon="8.449913289864266">
      <ele>2124.5</ele></trkpt>
      <trkpt lat="46.899013011147886" lon="8.449917313910156">
      <ele>2125.1</ele></trkpt>
      <trkpt lat="46.89900878671199" lon="8.449930135821639">
      <ele>2125.7</ele></trkpt>
      <trkpt lat="46.899014531464914" lon="8.449952962277138">
      <ele>2126.2</ele></trkpt>
      <trkpt lat="46.89900922237237" lon="8.449963309517432">
      <ele>2126.8</ele></trkpt>
      <trkpt lat="46.898993063946705" lon="8.44997774444575">
      <ele>2127.4</ele></trkpt>
      <trkpt lat="46.89898887562199" lon="8.449987495905006">
      <ele>2128.0</ele></trkpt>
      <trkpt lat="46.89899618393163" lon="8.450002372091625">
      <ele>2128.6</ele></trkpt>
      <trkpt lat="46.89900529631292" lon="8.45002280760306">
      <ele>2129.1</ele></trkpt>
      <trkpt lat="46.898999257012015" lon="8.450031290555296">
      <ele>2129.7</ele></trkpt>
      <trkpt lat="46.89898289952674" lon="8.450028541810614">
      <ele>2130.3</ele></trkpt>
      <trkpt lat="46.89896618606309" lon="8.450023318977513">
      <ele>2130.8</ele></trkpt>
      <trkpt lat="46.898959474239454" lon="8.450024426462985">
      <ele>2131.4</ele></trkpt>
      <trkpt lat="46.89896458092631" lon="8.450034956426988">
      <ele>2132.0</ele></trkpt>
      <trkpt lat="46.898979298798146" lon="8.450054263645487">
      <ele>2132.7</ele></trkpt>
      <trkpt lat="46.89898505076085" lon="8.450075252814507">
      <ele>2133.5</ele></trkpt>
      <trkpt lat="46.89898043040535" lon="8.450091138383211">
      <ele>2134.2</ele></trkpt>
      <trkpt lat="46.89896727982663" lon="8.450103175559654">
      <ele>2135.0</ele></trkpt>
      <trkpt lat="46.898962312369626" lon="8.450116600321616">
      <ele>2135.7</ele></trkpt>
      <trkpt lat="46.898964696675726" lon="8.450139980428311">
      <ele>2136.4</ele></trkpt>
      <trkpt lat="46.89895751670329" lon="8.450150292455465">
      <ele>2137.2</ele></trkpt>
      <trkpt lat="46.8989410744077" lon="8.450156125466327">
      <ele>2137.9</ele></trkpt>
      <trkpt lat="46.89893683181133" lon="8.450172018119927">
      <ele>2138.7</ele></trkpt>
      <trkpt lat="46.89894530422751" lon="8.450181390821365">
      <ele>2139.4</ele></trkpt>
      <trkpt lat="46.89895187141471" lon="8.450195636235092">
      <ele>2140.1</ele></trkpt>
      <trkpt lat="46.898947256491525" lon="8.450210905037306">
      <ele>2140.9</ele></trkpt>
      <trkpt lat="46.89893158786852" lon="8.450213681461099">
      <ele>2141.6</ele></trkpt>
      <trkpt lat="46.89892696749377" lon="8.450229567002115">
      <ele>2142.4</ele></trkpt>
      <trkpt lat="46.898929299303894" lon="8.450257867776028">
      <ele>2143.1</ele></trkpt>
      <trkpt lat="46.898927224196896" lon="8.450279930299587">
      <ele>2143.8</ele></trkpt>
      <trkpt lat="46.898921072689774" lon="8.450300091849194">
      <ele>2144.6</ele></trkpt>
      <trkpt lat="46.8989145578528" lon="8.450319629711537">
      <ele>2145.3</ele></trkpt>
      <trkpt lat="46.89890910064016" lon="8.450344699725768">
      <ele>2146.1</ele></trkpt>
      <trkpt lat="46.89890136917839" lon="8.450374661740778">
      <ele>2146.8</ele></trkpt>
      <trkpt lat="46.89889964647462" lon="8.450398581422931">
      <ele>2147.6</ele></trkpt>
      <trkpt lat="46.89889192601515" lon="8.450427296811343">
      <ele>2148.4</ele></trkpt>
      <trkpt lat="46.89888796175549" lon="8.450452408015055">
      <ele>2149.3</ele></trkpt>
      <trkpt lat="46.89888766886036" lon="8.450482496820676">
      <ele>2150.1</ele></trkpt>
      <trkpt lat="46.89888059361763" lon="8.450521671374057">
      <ele>2150.9</ele></trkpt>
      <trkpt lat="46.89887087381365" lon="8.450563867276886">
      <ele>2151.7</ele></trkpt>
      <trkpt lat="46.89886496814465" lon="8.45059692158333">
      <ele>2152.5</ele></trkpt>
      <trkpt lat="46.89885333204687" lon="8.450645236757435">
      <ele>2153.4</ele></trkpt>
      <trkpt lat="46.89884723826823" lon="8.450698551608903">
      <ele>2154.2</ele></trkpt>
      <trkpt lat="46.89884048468553" lon="8.450742036967888">
      <ele>2155.0</ele></trkpt>
      <trkpt lat="46.89883647697228" lon="8.45077205583998">
      <ele>2155.8</ele></trkpt>
      <trkpt lat="46.898835451893696" lon="8.450801513990216">
      <ele>2156.6</ele></trkpt>
      <trkpt lat="46.898816934235725" lon="8.450829422368052">
      <ele>2157.5</ele></trkpt>
      <trkpt lat="46.89879349786657" lon="8.450865230920778">
      <ele>2158.3</ele></trkpt>
      <trkpt lat="46.89878276384139" lon="8.45089697370557">
      <ele>2159.1</ele></trkpt>
      <trkpt lat="46.898772743868086" lon="8.450932404749734">
      <ele>2159.9</ele></trkpt>
      <trkpt lat="46.89876255948479" lon="8.450945731197585">
      <ele>2160.7</ele></trkpt>
      <trkpt lat="46.898741774886965" lon="8.450976681052794">
      <ele>2161.6</ele></trkpt>
      <trkpt lat="46.89872518234981" lon="8.450998483343659">
      <ele>2162.4</ele></trkpt>
      <trkpt lat="46.89872276002181" lon="8.45101808496104">
      <ele>2163.2</ele></trkpt>
      <trkpt lat="46.89871724823658" lon="8.45104930912892">
      <ele>2163.9</ele></trkpt>
      <trkpt lat="46.89870622684199" lon="8.451071833104448">
      <ele>2164.7</ele></trkpt>
      <trkpt lat="46.89868164792119" lon="8.45111069107611">
      <ele>2165.4</ele></trkpt>
      <trkpt lat="46.89866111809847" lon="8.451154533754492">
      <ele>2166.2</ele></trkpt>
      <trkpt lat="46.89863468818989" lon="8.451192123118656">
      <ele>2166.9</ele></trkpt>
      <trkpt lat="46.89861224395247" lon="8.451240851322009">
      <ele>2167.7</ele></trkpt>
      <trkpt lat="46.89858945819265" lon="8.451286488830782">
      <ele>2168.4</ele></trkpt>
      <trkpt lat="46.89856181153585" lon="8.451334502154896">
      <ele>2169.2</ele></trkpt>
      <trkpt lat="46.89853753073001" lon="8.45138134511926">
      <ele>2169.9</ele></trkpt>
      <trkpt lat="46.89852264618685" lon="8.45141853484558">
      <ele>2170.6</ele></trkpt>
      <trkpt lat="46.89850740910693" lon="8.451453880505552">
      <ele>2171.4</ele></trkpt>
      <trkpt lat="46.89850029191715" lon="8.45149674180913">
      <ele>2172.1</ele></trkpt>
      <trkpt lat="46.89849234666992" lon="8.451548800790333">
      <ele>2172.9</ele></trkpt>
      <trkpt lat="46.89848640809359" lon="8.451585542079357">
      <ele>2173.6</ele></trkpt>
      <trkpt lat="46.89848231511971" lon="8.45162415552722">
      <ele>2174.4</ele></trkpt>
      <trkpt lat="46.89847132623614" lon="8.451642991964226">
      <ele>2175.1</ele></trkpt>
      <trkpt lat="46.89845136224031" lon="8.451666580971205">
      <ele>2175.9</ele></trkpt>
      <trkpt lat="46.89842833054756" lon="8.451699325452063">
      <ele>2176.6</ele></trkpt>
      <trkpt lat="46.898400309599886" lon="8.451747935091454">
      <ele>2177.4</ele></trkpt>
      <trkpt lat="46.89837054067529" lon="8.451783636809598">
      <ele>2178.1</ele></trkpt>
      <trkpt lat="46.898346057481064" lon="8.451812665920656">
      <ele>2178.2</ele></trkpt>
      <trkpt lat="46.898327919266556" lon="8.451839347165206">
      <ele>2178.2</ele></trkpt>
      <trkpt lat="46.898322087370715" lon="8.45186503966567">
      <ele>2178.3</ele></trkpt>
      <trkpt lat="46.89831585598247" lon="8.45189317887736">
      <ele>2178.4</ele></trkpt>
      <trkpt lat="46.89830089520421" lon="8.451938963284881">
      <ele>2178.5</ele></trkpt>
      <trkpt lat="46.898282782214075" lon="8.451963807540418">
      <ele>2178.5</ele></trkpt>
      <trkpt lat="46.898251887098475" lon="8.452000708401458">
      <ele>2178.6</ele></trkpt>
      <trkpt lat="46.89823783942869" lon="8.45202870029051">
      <ele>2178.7</ele></trkpt>
      <trkpt lat="46.89823276495435" lon="8.452053173317918">
      <ele>2178.8</ele></trkpt>
      <trkpt lat="46.89822590468543" lon="8.452069016294574">
      <ele>2178.8</ele></trkpt>
      <trkpt lat="46.898208655810016" lon="8.452081605564935">
      <ele>2178.9</ele></trkpt>
      <trkpt lat="46.89819321648146" lon="8.452099124274222">
      <ele>2179.0</ele></trkpt>
      <trkpt lat="46.89818585345162" lon="8.452129079465076">
      <ele>2179.1</ele></trkpt>
      <trkpt lat="46.898172105708824" lon="8.452163835931522">
      <ele>2179.2</ele></trkpt>
      <trkpt lat="46.89815582723898" lon="8.452191798823009">
      <ele>2179.2</ele></trkpt>
      <trkpt lat="46.898137005750186" lon="8.452212324821806">
      <ele>2179.3</ele></trkpt>
      <trkpt lat="46.89811739949185" lon="8.45223715389362">
      <ele>2179.4</ele></trkpt>
      <trkpt lat="46.8980999424347" lon="8.452271223543681">
      <ele>2179.4</ele></trkpt>
      <trkpt lat="46.89808337683447" lon="8.45228995461581">
      <ele>2179.5</ele></trkpt>
      <trkpt lat="46.89806345069427" lon="8.452309252304548">
      <ele>2179.6</ele></trkpt>
      <trkpt lat="46.898031839756875" lon="8.45234367197316">
      <ele>2179.8</ele></trkpt>
      <trkpt lat="46.898003943434276" lon="8.452378174738653">
      <ele>2180.1</ele></trkpt>
      <trkpt lat="46.89799030063018" lon="8.452403102966725">
      <ele>2180.3</ele></trkpt>
      <trkpt lat="46.897975388564646" lon="8.452443362584605">
      <ele>2180.6</ele></trkpt>
      <trkpt lat="46.897963262495" lon="8.452464631470672">
      <ele>2180.8</ele></trkpt>
      <trkpt lat="46.897952922179336" lon="8.452494530363026">
      <ele>2181.1</ele></trkpt>
      <trkpt lat="46.89794929905008" lon="8.45252271847888">
      <ele>2181.3</ele></trkpt>
      <trkpt lat="46.897952098634384" lon="8.452541814474596">
      <ele>2181.6</ele></trkpt>
      <trkpt lat="46.89795747602064" lon="8.452563400169762">
      <ele>2181.8</ele></trkpt>
      <trkpt lat="46.897951307841055" lon="8.452585398176629">
      <ele>2182.1</ele></trkpt>
      <trkpt lat="46.89794272239932" lon="8.452626393826476">
      <ele>2182.3</ele></trkpt>
      <trkpt lat="46.89793307066523" lon="8.452661830947587">
      <ele>2182.5</ele></trkpt>
      <trkpt lat="46.89791819651337" lon="8.452697799554924">
      <ele>2182.8</ele></trkpt>
      <trkpt lat="46.89790978878592" lon="8.452719742181502">
      <ele>2183.0</ele></trkpt>
      <trkpt lat="46.89790390776005" lon="8.452750958749784">
      <ele>2183.3</ele></trkpt>
      <trkpt lat="46.897899725735286" lon="8.452784346590281">
      <ele>2183.5</ele></trkpt>
      <trkpt lat="46.89789291043342" lon="8.452810335225255">
      <ele>2183.8</ele></trkpt>
      <trkpt lat="46.897878933237564" lon="8.452830348542273">
      <ele>2184.0</ele></trkpt>
      <trkpt lat="46.897864885364136" lon="8.452858340020462">
      <ele>2184.3</ele></trkpt>
      <trkpt lat="46.89784105784326" lon="8.452896593912198">
      <ele>2184.5</ele></trkpt>
      <trkpt lat="46.89782913440657" lon="8.452924428553786">
      <ele>2185.6</ele></trkpt>
      <trkpt lat="46.89781265746518" lon="8.452948371300659">
      <ele>2186.8</ele></trkpt>
      <trkpt lat="46.89779689450102" lon="8.452972957457897">
      <ele>2187.9</ele></trkpt>
      <trkpt lat="46.897781427065304" lon="8.45300581739792">
      <ele>2189.1</ele></trkpt>
      <trkpt lat="46.89776891794242" lon="8.45303172481129">
      <ele>2190.2</ele></trkpt>
      <trkpt lat="46.8977465750218" lon="8.453063851330443">
      <ele>2191.3</ele></trkpt>
      <trkpt lat="46.89772378879739" lon="8.45310742684541">
      <ele>2192.5</ele></trkpt>
      <trkpt lat="46.89770581630038" lon="8.45313770649201">
      <ele>2193.6</ele></trkpt>
      <trkpt lat="46.89768777042476" lon="8.453176266068144">
      <ele>2194.8</ele></trkpt>
      <trkpt lat="46.89766642999193" lon="8.453221141802606">
      <ele>2195.9</ele></trkpt>
      <trkpt lat="46.897651331144154" lon="8.453254021670189">
      <ele>2197.0</ele></trkpt>
      <trkpt lat="46.89764637505377" lon="8.453286423529189">
      <ele>2198.2</ele></trkpt>
      <trkpt lat="46.8976374206944" lon="8.453321309159122">
      <ele>2199.3</ele></trkpt>
      <trkpt lat="46.89763140780297" lon="8.453351144985318">
      <ele>2200.5</ele></trkpt>
      <trkpt lat="46.89762570386148" lon="8.453386721877527">
      <ele>2201.6</ele></trkpt>
      <trkpt lat="46.89761704815384" lon="8.453430537517924">
      <ele>2202.7</ele></trkpt>
      <trkpt lat="46.89760354022335" lon="8.453494013395684">
      <ele>2203.9</ele></trkpt>
      <trkpt lat="46.89759270779829" lon="8.45353778792821">
      <ele>2205.0</ele></trkpt>
      <trkpt lat="46.89757939760443" lon="8.45357387745161">
      <ele>2206.2</ele></trkpt>
      <trkpt lat="46.897567214282965" lon="8.453603609903027">
      <ele>2207.3</ele></trkpt>
      <trkpt lat="46.89755501497456" lon="8.453637174279732">
      <ele>2208.3</ele></trkpt>
      <trkpt lat="46.89754210637384" lon="8.453667536097646">
      <ele>2209.3</ele></trkpt>
      <trkpt lat="46.897529267762984" lon="8.45368898795498">
      <ele>2210.3</ele></trkpt>
      <trkpt lat="46.89751705385061" lon="8.453723181970368">
      <ele>2211.3</ele></trkpt>
      <trkpt lat="46.89750375717432" lon="8.45375672557822">
      <ele>2212.3</ele></trkpt>
      <trkpt lat="46.89748532415426" lon="8.453800369647142">
      <ele>2213.3</ele></trkpt>
      <trkpt lat="46.89747016083183" lon="8.453841516204534">
      <ele>2214.3</ele></trkpt>
      <trkpt lat="46.89745309448229" lon="8.453895383429902">
      <ele>2215.3</ele></trkpt>
      <trkpt lat="46.89744048445592" lon="8.453934675142301">
      <ele>2216.3</ele></trkpt>
      <trkpt lat="46.897428722961735" lon="8.453957407140878">
      <ele>2217.3</ele></trkpt>
      <trkpt lat="46.89741805768016" lon="8.45397825683204">
      <ele>2218.3</ele></trkpt>
      <trkpt lat="46.89741179342547" lon="8.45399279817197">
      <ele>2219.3</ele></trkpt>
      <trkpt lat="46.897414628637065" lon="8.454001762942916">
      <ele>2220.3</ele></trkpt>
      <trkpt lat="46.89742397030179" lon="8.454011480500377">
      <ele>2221.3</ele></trkpt>
      <trkpt lat="46.89742307770936" lon="8.454035034496442">
      <ele>2222.3</ele></trkpt>
      <trkpt lat="46.89742031506533" lon="8.454065561445121">
      <ele>2223.3</ele></trkpt>
      <trkpt lat="46.897412861741344" lon="8.454093466885316">
      <ele>2224.3</ele></trkpt>
      <trkpt lat="46.897401119386174" lon="8.454113023173447">
      <ele>2225.3</ele></trkpt>
      <trkpt lat="46.89739666871775" lon="8.454126955654843">
      <ele>2226.3</ele></trkpt>
      <trkpt lat="46.897395047544656" lon="8.454150495881363">
      <ele>2227.3</ele></trkpt>
      <trkpt lat="46.897391274449426" lon="8.454170189494933">
      <ele>2227.9</ele></trkpt>
      <trkpt lat="46.89738141583738" lon="8.454180213879743">
      <ele>2228.4</ele></trkpt>
      <trkpt lat="46.897374428587014" lon="8.45419411158019">
      <ele>2229.0</ele></trkpt>
      <trkpt lat="46.897379052510296" lon="8.454206286154475">
      <ele>2229.6</ele></trkpt>
      <trkpt lat="46.89739201677363" lon="8.454217332053938">
      <ele>2230.1</ele></trkpt>
      <trkpt lat="46.89740426047852" lon="8.454226448238083">
      <ele>2230.7</ele></trkpt>
      <trkpt lat="46.897405287654976" lon="8.454235392004705">
      <ele>2231.3</ele></trkpt>
      <trkpt lat="46.89739141047185" lon="8.45424917272879">
      <ele>2231.8</ele></trkpt>
      <trkpt lat="46.897390578995015" lon="8.454263803492687">
      <ele>2232.4</ele></trkpt>
      <trkpt lat="46.897397775538" lon="8.454270934515069">
      <ele>2232.9</ele></trkpt>
      <trkpt lat="46.89740712058707" lon="8.4542812821362">
      <ele>2233.5</ele></trkpt>
      <trkpt lat="46.897410279386605" lon="8.454295345174296">
      <ele>2234.1</ele></trkpt>
      <trkpt lat="46.8974126145846" lon="8.454322136140652">
      <ele>2234.6</ele></trkpt>
      <trkpt lat="46.8974074635051" lon="8.45433287935508">
      <ele>2235.2</ele></trkpt>
      <trkpt lat="46.897398017712284" lon="8.454335916377762">
      <ele>2235.8</ele></trkpt>
      <trkpt lat="46.89739792278285" lon="8.454348644936845">
      <ele>2236.3</ele></trkpt>
      <trkpt lat="46.89740719765834" lon="8.454367915618276">
      <ele>2236.9</ele></trkpt>
      <trkpt lat="46.89740957800903" lon="8.45438961529751">
      <ele>2237.5</ele></trkpt>
      <trkpt lat="46.897404055849485" lon="8.45440162453227">
      <ele>2238.0</ele></trkpt>
      <trkpt lat="46.897400598429314" lon="8.45442831922597">
      <ele>2238.6</ele></trkpt>
      <trkpt lat="46.89739566459265" lon="8.45445817518209">
      <ele>2239.4</ele></trkpt>
      <trkpt lat="46.8973856747157" lon="8.454486032649092">
      <ele>2240.2</ele></trkpt>
      <trkpt lat="46.897381483013845" lon="8.454513356539321">
      <ele>2241.0</ele></trkpt>
      <trkpt lat="46.89737900754286" lon="8.454554086268665">
      <ele>2241.8</ele></trkpt>
      <trkpt lat="46.89737942270668" lon="8.454595500551026">
      <ele>2242.6</ele></trkpt>
      <trkpt lat="46.89737772336064" lon="8.454629866638529">
      <ele>2243.4</ele></trkpt>
      <trkpt lat="46.897373537330374" lon="8.454656547541951">
      <ele>2244.2</ele></trkpt>
      <trkpt lat="46.89736968606616" lon="8.454687066993086">
      <ele>2245.0</ele></trkpt>
      <trkpt lat="46.897375356379975" lon="8.454704996595218">
      <ele>2245.8</ele></trkpt>
      <trkpt lat="46.89738394223319" lon="8.454719792130343">
      <ele>2246.6</ele></trkpt>
      <trkpt lat="46.897383841554756" lon="8.45473316365712">
      <ele>2247.5</ele></trkpt>
      <trkpt lat="46.89737544801522" lon="8.454741299501954">
      <ele>2248.3</ele></trkpt>
      <trkpt lat="46.89736701816756" lon="8.454754539920529">
      <ele>2249.1</ele></trkpt>
      <trkpt lat="46.897369461950774" lon="8.454766043399637">
      <ele>2249.9</ele></trkpt>
      <trkpt lat="46.89738139101736" lon="8.454770061622">
      <ele>2250.7</ele></trkpt>
      <trkpt lat="46.89738892800455" lon="8.454780388292992">
      <ele>2251.5</ele></trkpt>
      <trkpt lat="46.897388804725274" lon="8.454796305464127">
      <ele>2252.3</ele></trkpt>
      <trkpt lat="46.897384387864776" lon="8.454806419421248">
      <ele>2253.1</ele></trkpt>
      <trkpt lat="46.89737920843868" lon="8.454820351198089">
      <ele>2253.9</ele></trkpt>
      <trkpt lat="46.89738818795004" lon="8.454831335085382">
      <ele>2254.7</ele></trkpt>
      <trkpt lat="46.89740332565791" lon="8.454841765998976">
      <ele>2255.2</ele></trkpt>
      <trkpt lat="46.89740904015329" lon="8.454852688206351">
      <ele>2255.7</ele></trkpt>
      <trkpt lat="46.897397713938076" lon="8.454865887016009">
      <ele>2256.2</ele></trkpt>
      <trkpt lat="46.89738745358008" lon="8.454881638904725">
      <ele>2256.7</ele></trkpt>
      <trkpt lat="46.89738551097194" lon="8.454898807858969">
      <ele>2257.2</ele></trkpt>
      <trkpt lat="46.89739814028717" lon="8.454906028493365">
      <ele>2257.7</ele></trkpt>
      <trkpt lat="46.8974147238036" lon="8.454917759784244">
      <ele>2258.2</ele></trkpt>
      <trkpt lat="46.89741535396272" lon="8.454929872092347">
      <ele>2258.7</ele></trkpt>
      <trkpt lat="46.897406231735964" lon="8.454938007266817">
      <ele>2259.2</ele></trkpt>
      <trkpt lat="46.89739558668545" lon="8.454957570981197">
      <ele>2259.6</ele></trkpt>
      <trkpt lat="46.897396534712904" lon="8.454975424512723">
      <ele>2260.1</ele></trkpt>
      <trkpt lat="46.897407038250854" lon="8.454976869775686">
      <ele>2260.6</ele></trkpt>
      <trkpt lat="46.897414566224825" lon="8.45498719631058">
      <ele>2261.1</ele></trkpt>
      <trkpt lat="46.89741084400687" lon="8.455001142490351">
      <ele>2261.6</ele></trkpt>
      <trkpt lat="46.89740135069462" lon="8.455010543675233">
      <ele>2262.1</ele></trkpt>
      <trkpt lat="46.89739906759837" lon="8.455024517045063">
      <ele>2262.6</ele></trkpt>
      <trkpt lat="46.89740770662154" lon="8.455032305385743">
      <ele>2263.1</ele></trkpt>
      <trkpt lat="46.897420729724715" lon="8.455035701264487">
      <ele>2263.6</ele></trkpt>
      <trkpt lat="46.89743008029618" lon="8.455045419172619">
      <ele>2264.1</ele></trkpt>
      <trkpt lat="46.89742272987329" lon="8.45505866683212">
      <ele>2264.6</ele></trkpt>
      <trkpt lat="46.897407753934004" lon="8.455075615736922">
      <ele>2265.2</ele></trkpt>
      <trkpt lat="46.8974050917345" lon="8.455092771092238">
      <ele>2265.8</ele></trkpt>
      <trkpt lat="46.89741074728179" lon="8.455111343550957">
      <ele>2266.4</ele></trkpt>
      <trkpt lat="46.897424442437014" lon="8.455121117329796">
      <ele>2267.0</ele></trkpt>
      <trkpt lat="46.89744239811498" lon="8.45514244208473">
      <ele>2267.6</ele></trkpt>
      <trkpt lat="46.89745136070229" lon="8.455155328712388">
      <ele>2268.1</ele></trkpt>
      <trkpt lat="46.89744980383863" lon="8.455170588851539">
      <ele>2268.7</ele></trkpt>
      <trkpt lat="46.89744172242135" lon="8.455185108843796">
      <ele>2269.3</ele></trkpt>
      <trkpt lat="46.89743043820407" lon="8.455192560037247">
      <ele>2269.9</ele></trkpt>
      <trkpt lat="46.897424156784695" lon="8.455209017033601">
      <ele>2270.5</ele></trkpt>
      <trkpt lat="46.89742653357398" lon="8.455230086736666">
      <ele>2271.1</ele></trkpt>
      <trkpt lat="46.89743506625151" lon="8.455251876503262">
      <ele>2271.7</ele></trkpt>
      <trkpt lat="46.897444129567035" lon="8.455251391606676">
      <ele>2272.3</ele></trkpt>
      <trkpt lat="46.897451702840875" lon="8.455256613773205">
      <ele>2272.9</ele></trkpt>
      <trkpt lat="46.89745306723025" lon="8.455268096892027">
      <ele>2273.4</ele></trkpt>
      <trkpt lat="46.897447851416736" lon="8.455287133225783">
      <ele>2274.0</ele></trkpt>
      <trkpt lat="46.897448808503825" lon="8.45530497382864">
      <ele>2274.6</ele></trkpt>
      <trkpt lat="46.89745636707116" lon="8.4553108388057">
      <ele>2275.2</ele></trkpt>
      <trkpt lat="46.89746752903727" lon="8.455321207840875">
      <ele>2275.8</ele></trkpt>
      <trkpt lat="46.8974753330241" lon="8.455342996988593">
      <ele>2276.4</ele></trkpt>
      <trkpt lat="46.89748667806096" lon="8.455376310417822">
      <ele>2277.3</ele></trkpt>
      <trkpt lat="46.89749769721812" lon="8.45540579858751">
      <ele>2278.1</ele></trkpt>
      <trkpt lat="46.89751114877829" lon="8.455448063134076">
      <ele>2279.0</ele></trkpt>
      <trkpt lat="46.897523863861906" lon="8.455492216774049">
      <ele>2279.9</ele></trkpt>
      <trkpt lat="46.89752756071572" lon="8.4555317771072">
      <ele>2280.8</ele></trkpt>
      <trkpt lat="46.89753319698127" lon="8.455553525325762">
      <ele>2281.6</ele></trkpt>
      <trkpt lat="46.89754166493029" lon="8.45558360840285">
      <ele>2282.5</ele></trkpt>
      <trkpt lat="46.897546851929036" lon="8.455617448570397">
      <ele>2283.4</ele></trkpt>
      <trkpt lat="46.89755815494325" lon="8.455656496547434">
      <ele>2284.2</ele></trkpt>
      <trkpt lat="46.897573512906206" lon="8.455686683692726">
      <ele>2285.1</ele></trkpt>
      <trkpt lat="46.897582673142814" lon="8.455721872064494">
      <ele>2286.0</ele></trkpt>
      <trkpt lat="46.897592343304396" lon="8.455785733179546">
      <ele>2286.8</ele></trkpt>
      <trkpt lat="46.89760146155932" lon="8.455826656030622">
      <ele>2287.7</ele></trkpt>
      <trkpt lat="46.897614237669266" lon="8.455861899706909">
      <ele>2288.6</ele></trkpt>
      <trkpt lat="46.89762424096304" lon="8.45588117138425">
      <ele>2289.5</ele></trkpt>
      <trkpt lat="46.89763928092444" lon="8.455905630493982">
      <ele>2290.3</ele></trkpt>
      <trkpt lat="46.897658899380346" lon="8.455947355715521">
      <ele>2291.2</ele></trkpt>
      <trkpt lat="46.897668090185654" lon="8.455978082558525">
      <ele>2292.1</ele></trkpt>
      <trkpt lat="46.89767582155359" lon="8.456010054848532">
      <ele>2292.9</ele></trkpt>
      <trkpt lat="46.89768642189607" lon="8.456047173586903">
      <ele>2293.8</ele></trkpt>
      <trkpt lat="46.89769359570588" lon="8.45605685054435">
      <ele>2295.0</ele></trkpt>
      <trkpt lat="46.8977011043573" lon="8.456070352966648">
      <ele>2296.1</ele></trkpt>
      <trkpt lat="46.89770773033628" lon="8.45610422050563">
      <ele>2297.3</ele></trkpt>
      <trkpt lat="46.8977107210456" lon="8.456141221575525">
      <ele>2298.5</ele></trkpt>
      <trkpt lat="46.89770935267773" lon="8.456178783265901">
      <ele>2299.6</ele></trkpt>
      <trkpt lat="46.89771298481416" lon="8.456226610780522">
      <ele>2300.8</ele></trkpt>
      <trkpt lat="46.8977218213617" lon="8.456256701041536">
      <ele>2302.0</ele></trkpt>
      <trkpt lat="46.89772857077253" lon="8.456274651348227">
      <ele>2303.1</ele></trkpt>
      <trkpt lat="46.89773047880429" lon="8.456310988873781">
      <ele>2304.3</ele></trkpt>
      <trkpt lat="46.897731796960386" lon="8.456377251449448">
      <ele>2305.4</ele></trkpt>
      <trkpt lat="46.89773357562072" lon="8.456430162348028">
      <ele>2306.6</ele></trkpt>
      <trkpt lat="46.89773578448557" lon="8.456474143838165">
      <ele>2307.8</ele></trkpt>
      <trkpt lat="46.89773326073148" lon="8.456521238063209">
      <ele>2308.9</ele></trkpt>
      <trkpt lat="46.89773654646576" lon="8.45656652610586">
      <ele>2310.1</ele></trkpt>
      <trkpt lat="46.89773479554331" lon="8.456606626652977">
      <ele>2311.3</ele></trkpt>
      <trkpt lat="46.897736374363404" lon="8.456638495750594">
      <ele>2312.4</ele></trkpt>
      <trkpt lat="46.89774274129815" lon="8.456658984959576">
      <ele>2313.6</ele></trkpt>
      <trkpt lat="46.89775544215594" lon="8.456705698028241">
      <ele>2314.8</ele></trkpt>
      <trkpt lat="46.89776536691508" lon="8.456735808992866">
      <ele>2315.9</ele></trkpt>
      <trkpt lat="46.89777913016433" lon="8.456784445215797">
      <ele>2317.1</ele></trkpt>
      <trkpt lat="46.897790904919695" lon="8.456808842841003">
      <ele>2318.1</ele></trkpt>
      <trkpt lat="46.89781206648881" lon="8.456837854149573">
      <ele>2319.1</ele></trkpt>
      <trkpt lat="46.89783547497021" lon="8.456857996695772">
      <ele>2320.1</ele></trkpt>
      <trkpt lat="46.89786427109422" lon="8.456883307195065">
      <ele>2321.1</ele></trkpt>
      <trkpt lat="46.897888730667866" lon="8.456906645736382">
      <ele>2322.1</ele></trkpt>
      <trkpt lat="46.89791420927367" lon="8.456940831061674">
      <ele>2323.1</ele></trkpt>
      <trkpt lat="46.89793930217028" lon="8.45697691212746">
      <ele>2324.1</ele></trkpt>
      <trkpt lat="46.8979589791697" lon="8.457011000794514">
      <ele>2325.1</ele></trkpt>
      <trkpt lat="46.89797785162391" lon="8.457054628686032">
      <ele>2326.1</ele></trkpt>
      <trkpt lat="46.8979863588644" lon="8.45708025076391">
      <ele>2327.1</ele></trkpt>
      <trkpt lat="46.8979949920274" lon="8.457088682498691">
      <ele>2328.0</ele></trkpt>
      <trkpt lat="46.89800120673022" lon="8.457081778716118">
      <ele>2329.0</ele></trkpt>
      <trkpt lat="46.89800900363831" lon="8.457055782889734">
      <ele>2330.0</ele></trkpt>
      <trkpt lat="46.898017521050534" lon="8.457031716836017">
      <ele>2331.0</ele></trkpt>
      <trkpt lat="46.89802954770847" lon="8.457021720776844">
      <ele>2332.0</ele></trkpt>
      <trkpt lat="46.89803600187352" lon="8.45703138430151">
      <ele>2333.0</ele></trkpt>
      <trkpt lat="46.8980372536962" lon="8.457057525233763">
      <ele>2334.0</ele></trkpt>
      <trkpt lat="46.89804217010948" lon="8.457079260193288">
      <ele>2335.0</ele></trkpt>
      <trkpt lat="46.89805457461261" lon="8.45711578360227">
      <ele>2336.0</ele></trkpt>
      <trkpt lat="46.89806666473201" lon="8.457147195744197">
      <ele>2337.0</ele></trkpt>
      <trkpt lat="46.898074719254794" lon="8.457184266772478">
      <ele>2337.8</ele></trkpt>
      <trkpt lat="46.89807987169166" lon="8.457221939064478">
      <ele>2338.6</ele></trkpt>
      <trkpt lat="46.89808624412533" lon="8.457241798615698">
      <ele>2339.3</ele></trkpt>
      <trkpt lat="46.89810373643675" lon="8.457277749114969">
      <ele>2340.1</ele></trkpt>
      <trkpt lat="46.89811907692534" lon="8.45730985284829">
      <ele>2340.9</ele></trkpt>
      <trkpt lat="46.898134864513395" lon="8.45733113755349">
      <ele>2341.7</ele></trkpt>
      <trkpt lat="46.89814774114511" lon="8.45735301022514">
      <ele>2342.4</ele></trkpt>
      <trkpt lat="46.8981591389509" lon="8.457379317147495">
      <ele>2343.2</ele></trkpt>
      <trkpt lat="46.898175646087836" lon="8.457400615518479">
      <ele>2344.0</ele></trkpt>
      <trkpt lat="46.898201551458364" lon="8.457425241749029">
      <ele>2344.8</ele></trkpt>
      <trkpt lat="46.898226737144874" lon="8.457449867495132">
      <ele>2345.5</ele></trkpt>
      <trkpt lat="46.89824404556526" lon="8.45746098352206">
      <ele>2346.3</ele></trkpt>
      <trkpt lat="46.898253356344796" lon="8.45747515038513">
      <ele>2347.1</ele></trkpt>
      <trkpt lat="46.89826046301265" lon="8.457494380849775">
      <ele>2347.8</ele></trkpt>
      <trkpt lat="46.89827343501131" lon="8.457503511728637">
      <ele>2348.6</ele></trkpt>
      <trkpt lat="46.89829182043664" lon="8.457515921241956">
      <ele>2349.4</ele></trkpt>
      <trkpt lat="46.89830038093792" lon="8.45753453617648">
      <ele>2350.2</ele></trkpt>
      <trkpt lat="46.89830412484656" lon="8.45756771971553">
      <ele>2350.9</ele></trkpt>
      <trkpt lat="46.89830489309535" lon="8.457609771410546">
      <ele>2351.7</ele></trkpt>
      <trkpt lat="46.89830352751764" lon="8.457647976631641">
      <ele>2352.5</ele></trkpt>
      <trkpt lat="46.89829995698834" lon="8.457689316155154">
      <ele>2353.6</ele></trkpt>
      <trkpt lat="46.898297027518375" lon="8.457741508492633">
      <ele>2354.6</ele></trkpt>
      <trkpt lat="46.898297492572745" lon="8.457777189154664">
      <ele>2355.7</ele></trkpt>
      <trkpt lat="46.898290710249476" lon="8.45781147255315">
      <ele>2356.7</ele></trkpt>
      <trkpt lat="46.898281017895584" lon="8.457848260036728">
      <ele>2357.8</ele></trkpt>
      <trkpt lat="46.89827823717993" lon="8.457880703101072">
      <ele>2358.8</ele></trkpt>
      <trkpt lat="46.898285355227834" lon="8.457898647663939">
      <ele>2359.8</ele></trkpt>
      <trkpt lat="46.89829279321795" lon="8.457921073681277">
      <ele>2360.9</ele></trkpt>
      <trkpt lat="46.89829297682663" lon="8.45794592146141">
      <ele>2361.9</ele></trkpt>
      <trkpt lat="46.898297895408646" lon="8.457966383592591">
      <ele>2363.0</ele></trkpt>
      <trkpt lat="46.89830276620268" lon="8.457993223233165">
      <ele>2364.1</ele></trkpt>
      <trkpt lat="46.898301808064375" lon="8.458025057756622">
      <ele>2365.1</ele></trkpt>
      <trkpt lat="46.898303276426745" lon="8.458070298810817">
      <ele>2366.2</ele></trkpt>
      <trkpt lat="46.898306285898485" lon="8.458104111561916">
      <ele>2367.2</ele></trkpt>
      <trkpt lat="46.89831111459332" lon="8.458136685743131">
      <ele>2368.2</ele></trkpt>
      <trkpt lat="46.898309104420775" lon="8.458163408097368">
      <ele>2369.3</ele></trkpt>
      <trkpt lat="46.89830603429978" lon="8.45818692115125">
      <ele>2370.3</ele></trkpt>
      <trkpt lat="46.898301369512666" lon="8.458228882991838">
      <ele>2371.4</ele></trkpt>
      <trkpt lat="46.89829557184111" lon="8.45827784485002">
      <ele>2372.4</ele></trkpt>
      <trkpt lat="46.89829122811006" lon="8.458326178047848">
      <ele>2373.5</ele></trkpt>
      <trkpt lat="46.89828518551523" lon="8.458359202343955">
      <ele>2374.3</ele></trkpt>
      <trkpt lat="46.898275470311404" lon="8.458398535408854">
      <ele>2375.2</ele></trkpt>
      <trkpt lat="46.89827010855975" lon="8.458437937880332">
      <ele>2376.0</ele></trkpt>
      <trkpt lat="46.89826326454605" lon="8.458481144532229">
      <ele>2376.8</ele></trkpt>
      <trkpt lat="46.89825980044752" lon="8.458508482372277">
      <ele>2377.7</ele></trkpt>
      <trkpt lat="46.89827276531191" lon="8.458505276523105">
      <ele>2378.5</ele></trkpt>
      <trkpt lat="46.89828537052968" lon="8.458499019015223">
      <ele>2379.3</ele></trkpt>
      <trkpt lat="46.898296836435556" lon="8.458500483239504">
      <ele>2380.1</ele></trkpt>
      <trkpt lat="46.89830508541167" lon="8.458509616680479">
      <ele>2381.0</ele></trkpt>
      <trkpt lat="46.898319479098895" lon="8.45852981231503">
      <ele>2381.8</ele></trkpt>
      <trkpt lat="46.89832779176629" lon="8.458533815366895">
      <ele>2382.6</ele></trkpt>
      <trkpt lat="46.8983478254746" lon="8.458516700545756">
      <ele>2383.5</ele></trkpt>
      <trkpt lat="46.8983741080296" lon="8.458500977261489">
      <ele>2384.3</ele></trkpt>
      <trkpt lat="46.89840063396735" lon="8.45849428811435">
      <ele>2385.1</ele></trkpt>
      <trkpt lat="46.89842066182531" lon="8.458477829361122">
      <ele>2385.9</ele></trkpt>
      <trkpt lat="46.89844599357018" lon="8.458453714679829">
      <ele>2386.8</ele></trkpt>
      <trkpt lat="46.898473844045874" lon="8.458422547461833">
      <ele>2387.6</ele></trkpt>
      <trkpt lat="46.8984971266788" lon="8.458395178413442">
      <ele>2388.4</ele></trkpt>
      <trkpt lat="46.898512230175385" lon="8.45838315413176">
      <ele>2389.3</ele></trkpt>
      <trkpt lat="46.89852611641729" lon="8.45838659350737">
      <ele>2390.1</ele></trkpt>
      <trkpt lat="46.89853397114299" lon="8.4583995911809">
      <ele>2391.0</ele></trkpt>
      <trkpt lat="46.898539919297534" lon="8.458428682549373">
      <ele>2391.9</ele></trkpt>
      <trkpt lat="46.89854799438123" lon="8.458453299472543">
      <ele>2392.7</ele></trkpt>
      <trkpt lat="46.89855939963067" lon="8.458460563514118">
      <ele>2393.6</ele></trkpt>
      <trkpt lat="46.89857689729162" lon="8.458452443197721">
      <ele>2394.5</ele></trkpt>
      <trkpt lat="46.898599968521815" lon="8.458443759213303">
      <ele>2395.4</ele></trkpt>
      <trkpt lat="46.898616526829265" lon="8.458425961530333">
      <ele>2396.3</ele></trkpt>
      <trkpt lat="46.89863173445612" lon="8.458404266533863">
      <ele>2397.1</ele></trkpt>
      <trkpt lat="46.89864211916414" lon="8.458378647762375">
      <ele>2398.0</ele></trkpt>
      <trkpt lat="46.89865972094276" lon="8.458360856704896">
      <ele>2398.9</ele></trkpt>
      <trkpt lat="46.898679899624156" lon="8.458361803631243">
      <ele>2399.8</ele></trkpt>
      <trkpt lat="46.89870852711965" lon="8.458354498001604">
      <ele>2400.7</ele></trkpt>
      <trkpt lat="46.89873790211695" lon="8.458342048643217">
      <ele>2401.5</ele></trkpt>
      <trkpt lat="46.8987610429829" lon="8.458327564914182">
      <ele>2402.4</ele></trkpt>
      <trkpt lat="46.898785914063154" lon="8.458313757071771">
      <ele>2403.3</ele></trkpt>
    </trkseg>
    <trkseg>
      <trkpt lat="46.897497712228336" lon="8.465646114308095">
      <ele>2413.0</ele></trkpt>
      <trkpt lat="46.89742250250284" lon="8.465023175751377">
      <ele>2409.7</ele></trkpt>
      <trkpt lat="46.897347289386786" lon="8.46440023893859">
      <ele>2406.4</ele></trkpt>
      <trkpt lat="46.897272072880185" lon="8.463777303869794">
      <ele>2403.0</ele></trkpt>
      <trkpt lat="46.897240612197265" lon="8.463306359070856">
      <ele>2399.7</ele></trkpt>
      <trkpt lat="46.89720914957681" lon="8.462835414823756">
      <ele>2396.4</ele></trkpt>
      <trkpt lat="46.897238449118106" lon="8.462517151432541">
      <ele>2393.1</ele></trkpt>
      <trkpt lat="46.897220050396264" lon="8.46190863083757">
      <ele>2389.8</ele></trkpt>
      <trkpt lat="46.89720164843971" lon="8.461300110660321">
      <ele>2386.4</ele></trkpt>
      <trkpt lat="46.89729564132836" lon="8.461141733042858">
      <ele>2383.1</ele></trkpt>
      <trkpt lat="46.8973637967473" lon="8.460640883049301">
      <ele>2379.8</ele></trkpt>
      <trkpt lat="46.89743194997422" lon="8.460140031786892">
      <ele>2376.5</ele></trkpt>
      <trkpt lat="46.897565313373896" lon="8.45976622242695">
      <ele>2373.2</ele></trkpt>
      <trkpt lat="46.89769867555012" lon="8.459392411213067">
      <ele>2369.8</ele></trkpt>
      <trkpt lat="46.89767698917356" lon="8.459392065262842">
      <ele>2366.5</ele></trkpt>
      <trkpt lat="46.897686314505485" lon="8.459366230165768">
      <ele>2363.2</ele></trkpt>
      <trkpt lat="46.897747727984395" lon="8.459225234649493">
      <ele>2359.9</ele></trkpt>
      <trkpt lat="46.89777434972428" lon="8.459181563825123">
      <ele>2356.6</ele></trkpt>
      <trkpt lat="46.89778935519162" lon="8.459106870104469">
      <ele>2353.2</ele></trkpt>
      <trkpt lat="46.89780312573719" lon="8.459091999190306">
      <ele>2349.9</ele></trkpt>
      <trkpt lat="46.89786947932158" lon="8.459065894147471">
      <ele>2346.6</ele></trkpt>
      <trkpt lat="46.897880798088934" lon="8.45905156727465">
      <ele>2349.1</ele></trkpt>
      <trkpt lat="46.89789157129037" lon="8.459019722356222">
      <ele>2351.5</ele></trkpt>
      <trkpt lat="46.89786206986622" lon="8.45899385921853">
      <ele>2354.0</ele></trkpt>
      <trkpt lat="46.89787329078103" lon="8.45895114283134">
      <ele>2356.4</ele></trkpt>
      <trkpt lat="46.89790180723487" lon="8.45893106566449">
      <ele>2358.9</ele></trkpt>
      <trkpt lat="46.89800866079705" lon="8.458754550595614">
      <ele>2361.4</ele></trkpt>
      <trkpt lat="46.898055943147355" lon="8.458708200101041">
      <ele>2363.8</ele></trkpt>
      <trkpt lat="46.89807918962245" lon="8.458650566182">
      <ele>2366.3</ele></trkpt>
      <trkpt lat="46.89809628513374" lon="8.458656284461059">
      <ele>2368.8</ele></trkpt>
      <trkpt lat="46.89811807278643" lon="8.458605880527456">
      <ele>2371.2</ele></trkpt>
      <trkpt lat="46.89815423567565" lon="8.458551483762802">
      <ele>2373.7</ele></trkpt>
      <trkpt lat="46.89819132266856" lon="8.458550887734711">
      <ele>2376.1</ele></trkpt>
      <trkpt lat="46.89825980044752" lon="8.458508482372277">
      <ele>2378.6</ele></trkpt>
    </trkseg>
    <trkseg>
      <trkpt lat="46.89784105784326" lon="8.452896593912198">
      <ele>2184.5</ele></trkpt>
      <trkpt lat="46.897832500513246" lon="8.452895815705647">
      <ele>2184.0</ele></trkpt>
      <trkpt lat="46.89781307723787" lon="8.452900987831349">
      <ele>2183.6</ele></trkpt>
      <trkpt lat="46.89778050115231" lon="8.452919429810557">
      <ele>2183.1</ele></trkpt>
      <trkpt lat="46.89774761069257" lon="8.452931723733844">
      <ele>2182.6</ele></trkpt>
      <trkpt lat="46.8977009024794" lon="8.452948061781093">
      <ele>2182.1</ele></trkpt>
      <trkpt lat="46.897658713487914" lon="8.452958959766265">
      <ele>2181.7</ele></trkpt>
      <trkpt lat="46.89762874227571" lon="8.45297683394881">
      <ele>2181.2</ele></trkpt>
      <trkpt lat="46.89758563451607" lon="8.45300614082958">
      <ele>2180.7</ele></trkpt>
      <trkpt lat="46.8975598499467" lon="8.45301549762864">
      <ele>2180.2</ele></trkpt>
      <trkpt lat="46.89754233019643" lon="8.453017017711108">
      <ele>2179.8</ele></trkpt>
      <trkpt lat="46.89752321581663" lon="8.453028954503264">
      <ele>2179.3</ele></trkpt>
      <trkpt lat="46.89749951698381" lon="8.453053692685764">
      <ele>2178.8</ele></trkpt>
      <trkpt lat="46.897486376903146" lon="8.453064508469366">
      <ele>2178.3</ele></trkpt>
      <trkpt lat="46.8974733546399" lon="8.453063042322073">
      <ele>2177.8</ele></trkpt>
      <trkpt lat="46.89745051458473" lon="8.453076142477522">
      <ele>2177.4</ele></trkpt>
      <trkpt lat="46.89742420186273" lon="8.45310144813648">
      <ele>2176.9</ele></trkpt>
      <trkpt lat="46.89740730536957" lon="8.453115880906813">
      <ele>2176.4</ele></trkpt>
      <trkpt lat="46.897373673805525" lon="8.453127543815373">
      <ele>2175.9</ele></trkpt>
      <trkpt lat="46.89733851647512" lon="8.453142865790472">
      <ele>2175.5</ele></trkpt>
      <trkpt lat="46.89730112849874" lon="8.453158145670677">
      <ele>2175.0</ele></trkpt>
      <trkpt lat="46.897270345359644" lon="8.453183380019517">
      <ele>2174.8</ele></trkpt>
      <trkpt lat="46.89723804191286" lon="8.453211656685317">
      <ele>2174.7</ele></trkpt>
      <trkpt lat="46.89720196576706" lon="8.453245387364198">
      <ele>2174.6</ele></trkpt>
      <trkpt lat="46.89716706835058" lon="8.453272998194882">
      <ele>2174.4</ele></trkpt>
      <trkpt lat="46.89714080454239" lon="8.453292779339982">
      <ele>2174.2</ele></trkpt>
      <trkpt lat="46.897108217458786" lon="8.453312454300988">
      <ele>2174.1</ele></trkpt>
      <trkpt lat="46.89708195364355" lon="8.453332235405094">
      <ele>2173.9</ele></trkpt>
      <trkpt lat="46.89702875097797" lon="8.453360668807838">
      <ele>2173.8</ele></trkpt>
      <trkpt lat="46.8969665683469" lon="8.453382213263822">
      <ele>2173.7</ele></trkpt>
      <trkpt lat="46.89691239654317" lon="8.453403265733925">
      <ele>2173.5</ele></trkpt>
      <trkpt lat="46.89685432684395" lon="8.453415477828617">
      <ele>2173.3</ele></trkpt>
      <trkpt lat="46.89682790878405" lon="8.453431344947163">
      <ele>2173.2</ele></trkpt>
      <trkpt lat="46.89681642528874" lon="8.453448097527964">
      <ele>2173.1</ele></trkpt>
      <trkpt lat="46.89679017528667" lon="8.453481540724086">
      <ele>2172.9</ele></trkpt>
      <trkpt lat="46.896761660315704" lon="8.45352185745498">
      <ele>2172.8</ele></trkpt>
      <trkpt lat="46.896737100051055" lon="8.453566632153127">
      <ele>2172.6</ele></trkpt>
      <trkpt lat="46.89672535896213" lon="8.453605336114599">
      <ele>2172.4</ele></trkpt>
      <trkpt lat="46.89670827962321" lon="8.453633282710907">
      <ele>2172.3</ele></trkpt>
      <trkpt lat="46.89668119608221" lon="8.453675503031656">
      <ele>2172.2</ele></trkpt>
      <trkpt lat="46.89664938128564" lon="8.45371764714383">
      <ele>2172.0</ele></trkpt>
      <trkpt lat="46.896615945518164" lon="8.453774183759698">
      <ele>2171.3</ele></trkpt>
      <trkpt lat="46.89659228872758" lon="8.4538032922436">
      <ele>2170.7</ele></trkpt>
      <trkpt lat="46.89656834040142" lon="8.453826725687387">
      <ele>2170.0</ele></trkpt>
      <trkpt lat="46.896529642031894" lon="8.453864986269794">
      <ele>2169.3</ele></trkpt>
      <trkpt lat="46.896489844140426" lon="8.45390448593275">
      <ele>2168.6</ele></trkpt>
      <trkpt lat="46.89643529083136" lon="8.453959416240354">
      <ele>2167.9</ele></trkpt>
      <trkpt lat="46.896392204316925" lon="8.453999483627296">
      <ele>2167.3</ele></trkpt>
      <trkpt lat="46.89634099311864" lon="8.45404882046948">
      <ele>2166.6</ele></trkpt>
      <trkpt lat="46.89627442487419" lon="8.454102303131075">
      <ele>2165.9</ele></trkpt>
      <trkpt lat="46.89624277950925" lon="8.454129383761115">
      <ele>2165.2</ele></trkpt>
      <trkpt lat="46.89621412210544" lon="8.454150234480514">
      <ele>2164.6</ele></trkpt>
      <trkpt lat="46.89616784060869" lon="8.45418335124538">
      <ele>2163.9</ele></trkpt>
      <trkpt lat="46.896129269318436" lon="8.454210314127042">
      <ele>2163.2</ele></trkpt>
      <trkpt lat="46.896098763661" lon="8.454233649622504">
      <ele>2162.6</ele></trkpt>
      <trkpt lat="46.896072308670355" lon="8.45425265199725">
      <ele>2161.9</ele></trkpt>
      <trkpt lat="46.89605618979196" lon="8.454260536855761">
      <ele>2161.2</ele></trkpt>
      <trkpt lat="46.896042769210744" lon="8.454255296421984">
      <ele>2160.5</ele></trkpt>
      <trkpt lat="46.89603489322891" lon="8.454242614533436">
      <ele>2159.8</ele></trkpt>
      <trkpt lat="46.89603325140792" lon="8.454226900662587">
      <ele>2159.2</ele></trkpt>
      <trkpt lat="46.89604218956619" lon="8.45421010043054">
      <ele>2158.5</ele></trkpt>
      <trkpt lat="46.896061497117984" lon="8.454178429916011">
      <ele>2157.7</ele></trkpt>
      <trkpt lat="46.89607753076783" lon="8.45414668444328">
      <ele>2157.0</ele></trkpt>
      <trkpt lat="46.89609757244556" lon="8.45411439780522">
      <ele>2156.2</ele></trkpt>
      <trkpt lat="46.89611536940436" lon="8.454087711982158">
      <ele>2155.5</ele></trkpt>
      <trkpt lat="46.89612733778401" lon="8.454060929229776">
      <ele>2154.7</ele></trkpt>
      <trkpt lat="46.89609737269356" lon="8.454067949061619">
      <ele>2153.9</ele></trkpt>
      <trkpt lat="46.89605867367945" lon="8.454074830246654">
      <ele>2153.2</ele></trkpt>
      <trkpt lat="46.896016326176664" lon="8.45408228560521">
      <ele>2152.4</ele></trkpt>
      <trkpt lat="46.89598852452667" lon="8.454091852886782">
      <ele>2151.7</ele></trkpt>
      <trkpt lat="46.89595374887046" lon="8.454105711187998">
      <ele>2150.9</ele></trkpt>
      <trkpt lat="46.895928101665426" lon="8.454117825750824">
      <ele>2150.1</ele></trkpt>
      <trkpt lat="46.89591296410949" lon="8.454135768794458">
      <ele>2149.4</ele></trkpt>
      <trkpt lat="46.895904178910385" lon="8.454139382558715">
      <ele>2148.6</ele></trkpt>
      <trkpt lat="46.89589954910881" lon="8.454129898573292">
      <ele>2147.9</ele></trkpt>
      <trkpt lat="46.895904248454286" lon="8.45410111513656">
      <ele>2147.1</ele></trkpt>
      <trkpt lat="46.895922030260124" lon="8.45404368025928">
      <ele>2146.3</ele></trkpt>
      <trkpt lat="46.89593627467423" lon="8.454008777608346">
      <ele>2145.6</ele></trkpt>
      <trkpt lat="46.89594703528187" lon="8.453991381835317">
      <ele>2144.8</ele></trkpt>
      <trkpt lat="46.895950164882066" lon="8.453973238314248">
      <ele>2144.1</ele></trkpt>
      <trkpt lat="46.89592939615844" lon="8.453972885635954">
      <ele>2143.3</ele></trkpt>
      <trkpt lat="46.895887034197536" lon="8.453980957597867">
      <ele>2142.4</ele></trkpt>
      <trkpt lat="46.89585450678457" lon="8.453989832009386">
      <ele>2141.5</ele></trkpt>
      <trkpt lat="46.895822617671826" lon="8.454006868270278">
      <ele>2140.7</ele></trkpt>
      <trkpt lat="46.89579073631975" lon="8.454022014847425">
      <ele>2139.8</ele></trkpt>
      <trkpt lat="46.89578348744019" lon="8.454018754569061">
      <ele>2138.9</ele></trkpt>
      <trkpt lat="46.89578966962392" lon="8.453988109367096">
      <ele>2138.0</ele></trkpt>
      <trkpt lat="46.89580329029658" lon="8.453944415269092">
      <ele>2137.1</ele></trkpt>
      <trkpt lat="46.895814141144996" lon="8.45391887142054">
      <ele>2136.3</ele></trkpt>
      <trkpt lat="46.89582680682362" lon="8.453894608567845">
      <ele>2135.4</ele></trkpt>
      <trkpt lat="46.89583655815228" lon="8.453870303819343">
      <ele>2134.5</ele></trkpt>
      <trkpt lat="46.895810630383636" lon="8.453875510113214">
      <ele>2133.6</ele></trkpt>
      <trkpt lat="46.89577295510392" lon="8.453888683840265">
      <ele>2132.7</ele></trkpt>
      <trkpt lat="46.895737408640336" lon="8.453906281036392">
      <ele>2131.9</ele></trkpt>
      <trkpt lat="46.895715061099686" lon="8.453916581245297">
      <ele>2131.0</ele></trkpt>
      <trkpt lat="46.895697485129254" lon="8.453924438647736">
      <ele>2130.1</ele></trkpt>
      <trkpt lat="46.89571599540417" lon="8.453867017684303">
      <ele>2129.2</ele></trkpt>
      <trkpt lat="46.895729479873516" lon="8.453834620521814">
      <ele>2128.3</ele></trkpt>
      <trkpt lat="46.89574518692332" lon="8.453799115610837">
      <ele>2127.5</ele></trkpt>
      <trkpt lat="46.895753881226256" lon="8.453772271187935">
      <ele>2126.6</ele></trkpt>
      <trkpt lat="46.89572782289372" lon="8.453788144596565">
      <ele>2125.7</ele></trkpt>
      <trkpt lat="46.89568725003285" lon="8.453799386993708">
      <ele>2124.9</ele></trkpt>
      <trkpt lat="46.89565030331837" lon="8.453812574494492">
      <ele>2124.0</ele></trkpt>
      <trkpt lat="46.89562099090149" lon="8.453827152813105">
      <ele>2123.2</ele></trkpt>
      <trkpt lat="46.89559529575167" lon="8.453843662945264">
      <ele>2122.4</ele></trkpt>
      <trkpt lat="46.89558348022146" lon="8.453857272240436">
      <ele>2121.6</ele></trkpt>
      <trkpt lat="46.89558557161023" lon="8.45383345295438">
      <ele>2120.8</ele></trkpt>
      <trkpt lat="46.89559432494611" lon="8.453800966568693">
      <ele>2119.9</ele></trkpt>
      <trkpt lat="46.89560924987397" lon="8.453770473329035">
      <ele>2119.1</ele></trkpt>
      <trkpt lat="46.89561823581898" lon="8.453749290761596">
      <ele>2118.3</ele></trkpt>
      <trkpt lat="46.89563659880989" lon="8.453704413247142">
      <ele>2117.4</ele></trkpt>
      <trkpt lat="46.895652325982105" lon="8.453667648869889">
      <ele>2116.6</ele></trkpt>
      <trkpt lat="46.89566324478011" lon="8.453636463151541">
      <ele>2115.8</ele></trkpt>
      <trkpt lat="46.89562485772162" lon="8.45364773377344">
      <ele>2115.0</ele></trkpt>
      <trkpt lat="46.89556778609129" lon="8.453668113917885">
      <ele>2114.1</ele></trkpt>
      <trkpt lat="46.895513687820745" lon="8.453682893853799">
      <ele>2113.3</ele></trkpt>
      <trkpt lat="46.895473067001504" lon="8.453698531787216">
      <ele>2112.5</ele></trkpt>
      <trkpt lat="46.895447107907856" lon="8.453706257267953">
      <ele>2111.7</ele></trkpt>
      <trkpt lat="46.89545855397003" lon="8.45366126247651">
      <ele>2110.8</ele></trkpt>
      <trkpt lat="46.895472908659556" lon="8.453616952485312">
      <ele>2110.0</ele></trkpt>
      <trkpt lat="46.89548708493612" lon="8.45358769188021">
      <ele>2109.2</ele></trkpt>
      <trkpt lat="46.89550924753361" lon="8.453561718497236">
      <ele>2108.3</ele></trkpt>
      <trkpt lat="46.89552630681347" lon="8.453535018866766">
      <ele>2107.4</ele></trkpt>
      <trkpt lat="46.89554212973443" lon="8.453489476621833">
      <ele>2106.5</ele></trkpt>
      <trkpt lat="46.89555937307577" lon="8.453447084571785">
      <ele>2105.6</ele></trkpt>
      <trkpt lat="46.89557347902132" lon="8.453424738699995">
      <ele>2104.8</ele></trkpt>
      <trkpt lat="46.895581013370524" lon="8.453402898769836">
      <ele>2103.9</ele></trkpt>
      <trkpt lat="46.89556863324795" lon="8.453402061517473">
      <ele>2103.0</ele></trkpt>
      <trkpt lat="46.89552771169162" lon="8.453412050849757">
      <ele>2102.1</ele></trkpt>
      <trkpt lat="46.89549005321161" lon="8.453423335348768">
      <ele>2101.2</ele></trkpt>
      <trkpt lat="46.89544253772975" lon="8.45343634990746">
      <ele>2100.3</ele></trkpt>
      <trkpt lat="46.8953972393598" lon="8.453446873421672">
      <ele>2099.4</ele></trkpt>
      <trkpt lat="46.89535051143938" lon="8.453454259660045">
      <ele>2098.5</ele></trkpt>
      <trkpt lat="46.895322313264984" lon="8.453466956197584">
      <ele>2097.6</ele></trkpt>
      <trkpt lat="46.895294781109605" lon="8.453484691610905">
      <ele>2096.7</ele></trkpt>
      <trkpt lat="46.895260632693706" lon="8.453507971544784">
      <ele>2095.8</ele></trkpt>
      <trkpt lat="46.895262137041954" lon="8.453472225129433">
      <ele>2095.0</ele></trkpt>
      <trkpt lat="46.89527958096679" lon="8.45341227776261">
      <ele>2094.1</ele></trkpt>
      <trkpt lat="46.895300937217726" lon="8.453360553894846">
      <ele>2093.2</ele></trkpt>
      <trkpt lat="46.89532073495964" lon="8.45331821018203">
      <ele>2092.3</ele></trkpt>
      <trkpt lat="46.89534187385543" lon="8.453285931268471">
      <ele>2091.4</ele></trkpt>
      <trkpt lat="46.89536200002966" lon="8.453246113418093">
      <ele>2090.4</ele></trkpt>
      <trkpt lat="46.895379887104376" lon="8.45321126651043">
      <ele>2089.3</ele></trkpt>
      <trkpt lat="46.89538487584369" lon="8.45318939173766">
      <ele>2088.3</ele></trkpt>
      <trkpt lat="46.895358933528314" lon="8.453195227972682">
      <ele>2087.2</ele></trkpt>
      <trkpt lat="46.895316206255714" lon="8.45320392350082">
      <ele>2086.2</ele></trkpt>
      <trkpt lat="46.89524977369891" lon="8.453214730965122">
      <ele>2085.1</ele></trkpt>
      <trkpt lat="46.89520337789853" lon="8.453225247050886">
      <ele>2084.1</ele></trkpt>
      <trkpt lat="46.89515463799898" lon="8.453249537972692">
      <ele>2083.0</ele></trkpt>
      <trkpt lat="46.89512014659428" lon="8.453270921738081">
      <ele>2082.0</ele></trkpt>
      <trkpt lat="46.89512856778169" lon="8.453235292759068">
      <ele>2080.9</ele></trkpt>
      <trkpt lat="46.895150742824185" lon="8.45317542158056">
      <ele>2079.9</ele></trkpt>
      <trkpt lat="46.8951783331023" lon="8.453120665676748">
      <ele>2078.9</ele></trkpt>
      <trkpt lat="46.89520761327838" lon="8.453077227829745">
      <ele>2077.8</ele></trkpt>
      <trkpt lat="46.89522591143967" lon="8.453038622263529">
      <ele>2076.8</ele></trkpt>
      <trkpt lat="46.89524850737151" lon="8.45300637077624">
      <ele>2075.7</ele></trkpt>
      <trkpt lat="46.89525304257603" lon="8.452992020402094">
      <ele>2074.7</ele></trkpt>
      <trkpt lat="46.89520891160824" lon="8.452995676411525">
      <ele>2073.6</ele></trkpt>
      <trkpt lat="46.89514987168514" lon="8.452996570908256">
      <ele>2072.6</ele></trkpt>
      <trkpt lat="46.895112148677896" lon="8.453014127440397">
      <ele>2071.5</ele></trkpt>
      <trkpt lat="46.8950641005987" lon="8.453041568075522">
      <ele>2070.5</ele></trkpt>
      <trkpt lat="46.895025107387056" lon="8.453073536433951">
      <ele>2069.4</ele></trkpt>
      <trkpt lat="46.895003735859525" lon="8.453094511529914">
      <ele>2068.4</ele></trkpt>
      <trkpt lat="46.89501290000842" lon="8.453058279809461">
      <ele>2067.3</ele></trkpt>
      <trkpt lat="46.89503177521254" lon="8.453000236241714">
      <ele>2066.3</ele></trkpt>
      <trkpt lat="46.895047370796476" lon="8.452942760716427">
      <ele>2065.2</ele></trkpt>
      <trkpt lat="46.895061719628984" lon="8.452899080695225">
      <ele>2064.1</ele></trkpt>
      <trkpt lat="46.89507634921071" lon="8.452862295784392">
      <ele>2063.1</ele></trkpt>
      <trkpt lat="46.89509301074693" lon="8.452807359984709">
      <ele>2062.0</ele></trkpt>
      <trkpt lat="46.89511170537252" lon="8.452765625366233">
      <ele>2061.0</ele></trkpt>
      <trkpt lat="46.89508102625689" lon="8.45277201551842">
      <ele>2059.9</ele></trkpt>
      <trkpt lat="46.89502708726995" lon="8.452804371578566">
      <ele>2058.8</ele></trkpt>
      <trkpt lat="46.894982665521326" lon="8.452833744266771">
      <ele>2057.8</ele></trkpt>
      <trkpt lat="46.894960596676704" lon="8.452852199708365">
      <ele>2056.7</ele></trkpt>
      <trkpt lat="46.894951870494644" lon="8.452850171636594">
      <ele>2055.7</ele></trkpt>
      <trkpt lat="46.89495581318115" lon="8.452824510845003">
      <ele>2054.6</ele></trkpt>
      <trkpt lat="46.894974402032446" lon="8.45276018883721">
      <ele>2053.5</ele></trkpt>
      <trkpt lat="46.89499388974831" lon="8.452712196221906">
      <ele>2052.5</ele></trkpt>
      <trkpt lat="46.895021431994195" lon="8.45266182258457">
      <ele>2051.4</ele></trkpt>
      <trkpt lat="46.895035602333074" lon="8.452633204917355">
      <ele>2050.4</ele></trkpt>
      <trkpt lat="46.89504915453065" lon="8.452595152911739">
      <ele>2049.3</ele></trkpt>
      <trkpt lat="46.89503753972735" lon="8.452591193765594">
      <ele>2047.9</ele></trkpt>
      <trkpt lat="46.89499398479012" lon="8.452608023801567">
      <ele>2046.6</ele></trkpt>
      <trkpt lat="46.89490419659697" lon="8.452653588774265">
      <ele>2045.2</ele></trkpt>
      <trkpt lat="46.8948607563266" lon="8.452693019462561">
      <ele>2043.8</ele></trkpt>
      <trkpt lat="46.8948132675907" lon="8.452735523385376">
      <ele>2042.4</ele></trkpt>
      <trkpt lat="46.89479904483445" lon="8.452736541333344">
      <ele>2041.1</ele></trkpt>
      <trkpt lat="46.89479850571853" lon="8.452720218738214">
      <ele>2039.7</ele></trkpt>
      <trkpt lat="46.89481378577636" lon="8.452657724281512">
      <ele>2038.3</ele></trkpt>
      <trkpt lat="46.89484929999358" lon="8.45254725131636">
      <ele>2036.9</ele></trkpt>
      <trkpt lat="46.89488531649531" lon="8.452456236636943">
      <ele>2035.6</ele></trkpt>
      <trkpt lat="46.89490672365077" lon="8.452400747303004">
      <ele>2034.2</ele></trkpt>
      <trkpt lat="46.894927668447146" lon="8.452352768958">
      <ele>2032.8</ele></trkpt>
      <trkpt lat="46.89495073425193" lon="8.452311116690783">
      <ele>2031.4</ele></trkpt>
      <trkpt lat="46.894955326277575" lon="8.45229237104634">
      <ele>2030.0</ele></trkpt>
      <trkpt lat="46.894935634731524" lon="8.45229329917646">
      <ele>2028.7</ele></trkpt>
      <trkpt lat="46.8948844911581" lon="8.452305616297599">
      <ele>2027.3</ele></trkpt>
      <trkpt lat="46.89482033565127" lon="8.452339683061883">
      <ele>2025.9</ele></trkpt>
      <trkpt lat="46.89476887224618" lon="8.452378975852694">
      <ele>2024.5</ele></trkpt>
      <trkpt lat="46.89469158127401" lon="8.452446705775678">
      <ele>2023.2</ele></trkpt>
      <trkpt lat="46.89462007091437" lon="8.452518927678286">
      <ele>2021.8</ele></trkpt>
      <trkpt lat="46.894568610746546" lon="8.45255886325895">
      <ele>2020.3</ele></trkpt>
      <trkpt lat="46.89457281301314" lon="8.452509979139808">
      <ele>2018.8</ele></trkpt>
      <trkpt lat="46.89457553230105" lon="8.452462969951998">
      <ele>2017.3</ele></trkpt>
      <trkpt lat="46.89458993444693" lon="8.45241426493818">
      <ele>2015.8</ele></trkpt>
      <trkpt lat="46.89460447474341" lon="8.452353003420239">
      <ele>2014.3</ele></trkpt>
      <trkpt lat="46.89461471149073" lon="8.452286030834227">
      <ele>2012.8</ele></trkpt>
      <trkpt lat="46.89463214814381" lon="8.452195335566651">
      <ele>2011.3</ele></trkpt>
      <trkpt lat="46.89465468132427" lon="8.452104093222431">
      <ele>2009.8</ele></trkpt>
      <trkpt lat="46.894683162260804" lon="8.452003540253283">
      <ele>2008.3</ele></trkpt>
      <trkpt lat="46.89471369281355" lon="8.451914325048975">
      <ele>2006.8</ele></trkpt>
      <trkpt lat="46.89473363917143" lon="8.451858178240078">
      <ele>2005.2</ele></trkpt>
      <trkpt lat="46.89473720728577" lon="8.451833140352589">
      <ele>2003.7</ele></trkpt>
      <trkpt lat="46.894694316396816" lon="8.451856269527786">
      <ele>2002.2</ele></trkpt>
      <trkpt lat="46.89461431186133" lon="8.451906389888409">
      <ele>2000.7</ele></trkpt>
      <trkpt lat="46.894556401722646" lon="8.45193616515554">
      <ele>1999.2</ele></trkpt>
      <trkpt lat="46.89450470007712" lon="8.451964784354924">
      <ele>1997.7</ele></trkpt>
      <trkpt lat="46.894445982168726" lon="8.452001460285222">
      <ele>1996.2</ele></trkpt>
      <trkpt lat="46.894394935556555" lon="8.452036364658913">
      <ele>1994.7</ele></trkpt>
      <trkpt lat="46.89434046767069" lon="8.45208377664948">
      <ele>1993.2</ele></trkpt>
      <trkpt lat="46.89430402917073" lon="8.452115793402278">
      <ele>1991.7</ele></trkpt>
      <trkpt lat="46.894271248019336" lon="8.452147249106385">
      <ele>1990.7</ele></trkpt>
      <trkpt lat="46.89424445019722" lon="8.452164368763086">
      <ele>1989.7</ele></trkpt>
      <trkpt lat="46.89424826121755" lon="8.452117997212902">
      <ele>1988.7</ele></trkpt>
      <trkpt lat="46.89426165042688" lon="8.45206175366842">
      <ele>1987.7</ele></trkpt>
      <trkpt lat="46.89427923516701" lon="8.451989880539948">
      <ele>1986.8</ele></trkpt>
      <trkpt lat="46.89430514599317" lon="8.451922547400041">
      <ele>1985.8</ele></trkpt>
      <trkpt lat="46.894323343383405" lon="8.451860725048363">
      <ele>1984.8</ele></trkpt>
      <trkpt lat="46.89434030068506" lon="8.451779430533929">
      <ele>1983.8</ele></trkpt>
      <trkpt lat="46.89435836640887" lon="8.451696897006094">
      <ele>1982.8</ele></trkpt>
      <trkpt lat="46.89437327498188" lon="8.451635655624406">
      <ele>1981.8</ele></trkpt>
      <trkpt lat="46.89440821345093" lon="8.45154337413636">
      <ele>1980.8</ele></trkpt>
      <trkpt lat="46.89443521246913" lon="8.45147604799207">
      <ele>1979.8</ele></trkpt>
      <trkpt lat="46.89445231699732" lon="8.451446212614346">
      <ele>1978.8</ele></trkpt>
      <trkpt lat="46.894475388045485" lon="8.451403930510574">
      <ele>1977.8</ele></trkpt>
      <trkpt lat="46.89447517735669" lon="8.451390120775047">
      <ele>1976.9</ele></trkpt>
      <trkpt lat="46.89445753353953" lon="8.45140363370493">
      <ele>1975.9</ele></trkpt>
      <trkpt lat="46.89441983294315" lon="8.451418684987622">
      <ele>1974.9</ele></trkpt>
      <trkpt lat="46.89438649811827" lon="8.45143444837292">
      <ele>1973.9</ele></trkpt>
      <trkpt lat="46.89438553670505" lon="8.451423131081217">
      <ele>1972.9</ele></trkpt>
      <trkpt lat="46.89439502337151" lon="8.451390042052067">
      <ele>1971.9</ele></trkpt>
      <trkpt lat="46.894411379182664" lon="8.451361452413533">
      <ele>1970.7</ele></trkpt>
      <trkpt lat="46.89442393411834" lon="8.451346596952769">
      <ele>1969.5</ele></trkpt>
      <trkpt lat="46.894426779134456" lon="8.451320915643453">
      <ele>1968.2</ele></trkpt>
      <trkpt lat="46.89442336789081" lon="8.45130077270757">
      <ele>1967.0</ele></trkpt>
      <trkpt lat="46.894403670780214" lon="8.45130233100681">
      <ele>1965.8</ele></trkpt>
      <trkpt lat="46.89435307208069" lon="8.451330354700366">
      <ele>1964.6</ele></trkpt>
      <trkpt lat="46.89428634581205" lon="8.451366250516946">
      <ele>1963.4</ele></trkpt>
      <trkpt lat="46.89423935314794" lon="8.4513974784531">
      <ele>1962.1</ele></trkpt>
      <trkpt lat="46.894185893645194" lon="8.451420421888436">
      <ele>1960.9</ele></trkpt>
      <trkpt lat="46.89413415527209" lon="8.451452190277376">
      <ele>1959.7</ele></trkpt>
      <trkpt lat="46.89406951887027" lon="8.451496917730628">
      <ele>1958.5</ele></trkpt>
      <trkpt lat="46.8940162554525" lon="8.451534300254046">
      <ele>1957.3</ele></trkpt>
      <trkpt lat="46.89399336805839" lon="8.451560903132128">
      <ele>1956.0</ele></trkpt>
      <trkpt lat="46.89398044443412" lon="8.451575738358128">
      <ele>1954.8</ele></trkpt>
      <trkpt lat="46.89397396078129" lon="8.451569356478538">
      <ele>1953.6</ele></trkpt>
      <trkpt lat="46.893971232287846" lon="8.451552376128221">
      <ele>1952.4</ele></trkpt>
      <trkpt lat="46.89398518494874" lon="8.451479188128571">
      <ele>1951.2</ele></trkpt>
      <trkpt lat="46.894000207886535" lon="8.451376532327416">
      <ele>1949.9</ele></trkpt>
      <trkpt lat="46.89401414029838" lon="8.451304603694828">
      <ele>1948.7</ele></trkpt>
      <trkpt lat="46.894034439225976" lon="8.451217716267497">
      <ele>1947.5</ele></trkpt>
      <trkpt lat="46.894048623886995" lon="8.451188455982344">
      <ele>1946.9</ele></trkpt>
      <trkpt lat="46.89407189519639" lon="8.451128605818305">
      <ele>1946.3</ele></trkpt>
      <trkpt lat="46.89408189415609" lon="8.45108233770086">
      <ele>1945.7</ele></trkpt>
      <trkpt lat="46.89408897329691" lon="8.451036644527152">
      <ele>1945.1</ele></trkpt>
      <trkpt lat="46.89410097212249" lon="8.451007356148867">
      <ele>1944.5</ele></trkpt>
      <trkpt lat="46.89411956137475" lon="8.450974412292561">
      <ele>1943.9</ele></trkpt>
      <trkpt lat="46.89414007565731" lon="8.450933341967755">
      <ele>1943.3</ele></trkpt>
      <trkpt lat="46.894154023795565" lon="8.45089216116695">
      <ele>1942.7</ele></trkpt>
      <trkpt lat="46.89416726349285" lon="8.450849707178774">
      <ele>1942.1</ele></trkpt>
      <trkpt lat="46.89418110144071" lon="8.450817933655069">
      <ele>1941.5</ele></trkpt>
      <trkpt lat="46.89418512824725" lon="8.45078474191006">
      <ele>1940.9</ele></trkpt>
      <trkpt lat="46.89419587723174" lon="8.450768605684548">
      <ele>1940.3</ele></trkpt>
      <trkpt lat="46.8942000156564" lon="8.450757384407199">
      <ele>1939.7</ele></trkpt>
      <trkpt lat="46.894197171319995" lon="8.450750441162198">
      <ele>1939.1</ele></trkpt>
      <trkpt lat="46.89418184365294" lon="8.450753315461927">
      <ele>1938.5</ele></trkpt>
      <trkpt lat="46.89414138270741" lon="8.450786530281572">
      <ele>1937.9</ele></trkpt>
      <trkpt lat="46.89410203033846" lon="8.45081849295581">
      <ele>1937.3</ele></trkpt>
      <trkpt lat="46.89406824780861" lon="8.450841151024933">
      <ele>1936.7</ele></trkpt>
      <trkpt lat="46.894045228833" lon="8.450847043259191">
      <ele>1936.1</ele></trkpt>
      <trkpt lat="46.89405611026116" lon="8.45081898054538">
      <ele>1935.5</ele></trkpt>
      <trkpt lat="46.8940789314543" lon="8.450767284412477">
      <ele>1934.7</ele></trkpt>
      <trkpt lat="46.89409764192644" lon="8.450723673558114">
      <ele>1933.8</ele></trkpt>
      <trkpt lat="46.894117835194635" lon="8.450678200822331">
      <ele>1933.0</ele></trkpt>
      <trkpt lat="46.894133102489405" lon="8.450649590638214">
      <ele>1932.1</ele></trkpt>
      <trkpt lat="46.89414476358728" lon="8.450617789252544">
      <ele>1931.2</ele></trkpt>
      <trkpt lat="46.894156410230636" lon="8.450586604375127">
      <ele>1930.4</ele></trkpt>
      <trkpt lat="46.89417574248077" lon="8.450553044402165">
      <ele>1929.5</ele></trkpt>
      <trkpt lat="46.89419248912637" lon="8.450521942311713">
      <ele>1928.7</ele></trkpt>
      <trkpt lat="46.89416330952607" lon="8.450524595461147">
      <ele>1927.8</ele></trkpt>
      <trkpt lat="46.89412863341177" lon="8.450530294790441">
      <ele>1927.0</ele></trkpt>
      <trkpt lat="46.89408792857121" lon="8.450553452739973">
      <ele>1926.2</ele></trkpt>
      <trkpt lat="46.8940475466777" lon="8.450579766309696">
      <ele>1925.3</ele></trkpt>
      <trkpt lat="46.894006104274325" lon="8.450602910310849">
      <ele>1924.5</ele></trkpt>
      <trkpt lat="46.89394705271284" lon="8.450637691358041">
      <ele>1923.6</ele></trkpt>
      <trkpt lat="46.89390698829712" lon="8.450667777131539">
      <ele>1922.8</ele></trkpt>
      <trkpt lat="46.89385734578261" lon="8.450707735018312">
      <ele>1921.9</ele></trkpt>
      <trkpt lat="46.89380599865238" lon="8.450736991604243">
      <ele>1921.0</ele></trkpt>
      <trkpt lat="46.893770472677105" lon="8.450753343913718">
      <ele>1920.2</ele></trkpt>
      <trkpt lat="46.893745359644846" lon="8.450782411646133">
      <ele>1919.3</ele></trkpt>
      <trkpt lat="46.89372906627999" lon="8.450805989227717">
      <ele>1918.5</ele></trkpt>
      <trkpt lat="46.89370669354392" lon="8.450818153350117">
      <ele>1917.6</ele></trkpt>
      <trkpt lat="46.8936876972697" lon="8.450822861428547">
      <ele>1916.7</ele></trkpt>
      <trkpt lat="46.89366307429554" lon="8.450841269181279">
      <ele>1915.8</ele></trkpt>
      <trkpt lat="46.89363177276512" lon="8.450870246603609">
      <ele>1914.9</ele></trkpt>
      <trkpt lat="46.89360119433216" lon="8.450899854387862">
      <ele>1914.0</ele></trkpt>
      <trkpt lat="46.893578244775426" lon="8.450931469195195">
      <ele>1913.1</ele></trkpt>
      <trkpt lat="46.89356322002797" lon="8.450938745359792">
      <ele>1912.2</ele></trkpt>
      <trkpt lat="46.893557158429466" lon="8.450927358514768">
      <ele>1911.3</ele></trkpt>
      <trkpt lat="46.89357370899157" lon="8.45088181776036">
      <ele>1910.4</ele></trkpt>
      <trkpt lat="46.893590110966024" lon="8.450817468727097">
      <ele>1909.5</ele></trkpt>
      <trkpt lat="46.89359389029032" lon="8.450773603579082">
      <ele>1908.5</ele></trkpt>
      <trkpt lat="46.89359720511432" lon="8.450738522188042">
      <ele>1907.6</ele></trkpt>
      <trkpt lat="46.893605783518325" lon="8.450689091251112">
      <ele>1906.7</ele></trkpt>
      <trkpt lat="46.89361556038588" lon="8.450630273553505">
      <ele>1905.8</ele></trkpt>
      <trkpt lat="46.89362318826332" lon="8.450568278975002">
      <ele>1904.9</ele></trkpt>
      <trkpt lat="46.89363287506109" lon="8.450517609017306">
      <ele>1904.0</ele></trkpt>
      <trkpt lat="46.89364367575349" lon="8.45046508338484">
      <ele>1903.1</ele></trkpt>
      <trkpt lat="46.89365933791963" lon="8.450401966929192">
      <ele>1902.2</ele></trkpt>
      <trkpt lat="46.89367859725414" lon="8.450342041406355">
      <ele>1901.3</ele></trkpt>
      <trkpt lat="46.89369501905019" lon="8.450276432638015">
      <ele>1900.4</ele></trkpt>
      <trkpt lat="46.89371692287062" lon="8.450208394155144">
      <ele>1899.3</ele></trkpt>
      <trkpt lat="46.89373323448445" lon="8.450152192541843">
      <ele>1898.2</ele></trkpt>
      <trkpt lat="46.89373501848426" lon="8.45012336823769">
      <ele>1897.1</ele></trkpt>
      <trkpt lat="46.89374119417871" lon="8.450093340442432">
      <ele>1896.1</ele></trkpt>
      <trkpt lat="46.89374939406518" lon="8.45007653949213">
      <ele>1895.0</ele></trkpt>
      <trkpt lat="46.89375503736579" lon="8.450060950289176">
      <ele>1893.9</ele></trkpt>
      <trkpt lat="46.89373201842925" lon="8.450066842822958">
      <ele>1892.8</ele></trkpt>
      <trkpt lat="46.89366505388306" lon="8.45009207930368">
      <ele>1891.7</ele></trkpt>
      <trkpt lat="46.89359802705745" lon="8.45012232758893">
      <ele>1890.6</ele></trkpt>
      <trkpt lat="46.893539909963955" lon="8.450138924698015">
      <ele>1889.6</ele></trkpt>
      <trkpt lat="46.89350403743926" lon="8.450152764288218">
      <ele>1888.5</ele></trkpt>
      <trkpt lat="46.893479735516266" lon="8.450175574561621">
      <ele>1887.4</ele></trkpt>
      <trkpt lat="46.89344424289274" lon="8.450188161438708">
      <ele>1886.3</ele></trkpt>
      <trkpt lat="46.89339169570059" lon="8.450195440800044">
      <ele>1885.2</ele></trkpt>
      <trkpt lat="46.89336873015386" lon="8.45019630810041">
      <ele>1884.1</ele></trkpt>
      <trkpt lat="46.893360811451444" lon="8.450187392965951">
      <ele>1883.0</ele></trkpt>
      <trkpt lat="46.89335824980177" lon="8.450156597418786">
      <ele>1882.0</ele></trkpt>
      <trkpt lat="46.893333694773766" lon="8.450169363718151">
      <ele>1880.9</ele></trkpt>
      <trkpt lat="46.893297040404924" lon="8.450188201542451">
      <ele>1879.8</ele></trkpt>
      <trkpt lat="46.893265168424435" lon="8.450203362961375">
      <ele>1878.7</ele></trkpt>
      <trkpt lat="46.893240523403996" lon="8.450224276939144">
      <ele>1877.8</ele></trkpt>
      <trkpt lat="46.893210811517946" lon="8.45024135553986">
      <ele>1876.9</ele></trkpt>
      <trkpt lat="46.89317634281008" lon="8.450260234377762">
      <ele>1876.0</ele></trkpt>
      <trkpt lat="46.89313306687227" lon="8.450285233480406">
      <ele>1875.1</ele></trkpt>
      <trkpt lat="46.89310932492956" lon="8.450290482347432">
      <ele>1874.2</ele></trkpt>
      <trkpt lat="46.89310113099404" lon="8.450274029454176">
      <ele>1873.2</ele></trkpt>
      <trkpt lat="46.89309217167744" lon="8.450260711694972">
      <ele>1872.3</ele></trkpt>
      <trkpt lat="46.89307166159429" lon="8.450269774530897">
      <ele>1871.4</ele></trkpt>
      <trkpt lat="46.89304663108848" lon="8.450292570865658">
      <ele>1870.5</ele></trkpt>
      <trkpt lat="46.89302168714237" lon="8.450306589522222">
      <ele>1869.6</ele></trkpt>
      <trkpt lat="46.8930051720401" lon="8.450317604053986">
      <ele>1868.7</ele></trkpt>
      <trkpt lat="46.89300096409883" lon="8.450303102743245">
      <ele>1867.8</ele></trkpt>
      <trkpt lat="46.89299602759781" lon="8.450288587732448">
      <ele>1866.9</ele></trkpt>
      <trkpt lat="46.892972417917214" lon="8.450281923401791">
      <ele>1866.0</ele></trkpt>
      <trkpt lat="46.892934959839316" lon="8.45027565477757">
      <ele>1865.0</ele></trkpt>
      <trkpt lat="46.89293337087364" lon="8.45025491683858">
      <ele>1864.1</ele></trkpt>
      <trkpt lat="46.89292983657887" lon="8.450214064165536">
      <ele>1863.2</ele></trkpt>
      <trkpt lat="46.89293178409966" lon="8.450170808096608">
      <ele>1862.3</ele></trkpt>
      <trkpt lat="46.89294066484085" lon="8.45015840328846">
      <ele>1861.4</ele></trkpt>
      <trkpt lat="46.89294962797871" lon="8.450139727241705">
      <ele>1860.5</ele></trkpt>
      <trkpt lat="46.89295025579868" lon="8.450116524497384">
      <ele>1859.6</ele></trkpt>
      <trkpt lat="46.89293837678348" lon="8.450103768680313">
      <ele>1858.7</ele></trkpt>
      <trkpt lat="46.89291713803845" lon="8.450112830971108">
      <ele>1857.8</ele></trkpt>
      <trkpt lat="46.89287976411319" lon="8.45013165515693">
      <ele>1856.9</ele></trkpt>
      <trkpt lat="46.89284302521458" lon="8.450158023833287">
      <ele>1856.0</ele></trkpt>
      <trkpt lat="46.89282131101094" lon="8.450177116200663">
      <ele>1855.1</ele></trkpt>
      <trkpt lat="46.89280037319487" lon="8.450191826967334">
      <ele>1854.2</ele></trkpt>
      <trkpt lat="46.89280412114264" lon="8.450150468316338">
      <ele>1853.3</ele></trkpt>
      <trkpt lat="46.892809689403066" lon="8.450109773790384">
      <ele>1852.4</ele></trkpt>
      <trkpt lat="46.892812925059935" lon="8.450081594054632">
      <ele>1851.5</ele></trkpt>
      <trkpt lat="46.892784273826805" lon="8.45010182892451">
      <ele>1850.7</ele></trkpt>
      <trkpt lat="46.892748674534424" lon="8.450124452722843">
      <ele>1849.8</ele></trkpt>
      <trkpt lat="46.892724901460866" lon="8.450132207516269">
      <ele>1848.9</ele></trkpt>
      <trkpt lat="46.89272657926222" lon="8.450080784079079">
      <ele>1848.0</ele></trkpt>
      <trkpt lat="46.89272721686473" lon="8.449992321310768">
      <ele>1847.1</ele></trkpt>
      <trkpt lat="46.89270175879852" lon="8.450020752443345">
      <ele>1846.2</ele></trkpt>
      <trkpt lat="46.892664629007726" lon="8.450049620233436">
      <ele>1845.3</ele></trkpt>
      <trkpt lat="46.892660769685875" lon="8.450036385390268">
      <ele>1844.4</ele></trkpt>
      <trkpt lat="46.89265120688635" lon="8.449980380743247">
      <ele>1843.5</ele></trkpt>
      <trkpt lat="46.89265213049262" lon="8.449930819769342">
      <ele>1842.6</ele></trkpt>
      <trkpt lat="46.89265410915382" lon="8.449885044902977">
      <ele>1841.7</ele></trkpt>
      <trkpt lat="46.892654909381065" lon="8.449847410328207">
      <ele>1840.8</ele></trkpt>
      <trkpt lat="46.892649592919945" lon="8.449834148109922">
      <ele>1839.9</ele></trkpt>
      <trkpt lat="46.89263569327315" lon="8.449838309231192">
      <ele>1839.0</ele></trkpt>
      <trkpt lat="46.892612980859155" lon="8.44984922044599">
      <ele>1838.0</ele></trkpt>
      <trkpt lat="46.89257316249165" lon="8.449858602766835">
      <ele>1837.1</ele></trkpt>
      <trkpt lat="46.89255126314788" lon="8.449861996711864">
      <ele>1836.2</ele></trkpt>
      <trkpt lat="46.892544720858645" lon="8.44982863346749">
      <ele>1835.3</ele></trkpt>
      <trkpt lat="46.89253974243579" lon="8.449785247504263">
      <ele>1834.4</ele></trkpt>
      <trkpt lat="46.89253923440739" lon="8.449733783149483">
      <ele>1833.5</ele></trkpt>
      <trkpt lat="46.89253951348783" lon="8.449709314227754">
      <ele>1832.6</ele></trkpt>
      <trkpt lat="46.892516784398886" lon="8.44972211485751">
      <ele>1831.7</ele></trkpt>
      <trkpt lat="46.89248351418448" lon="8.449731607217108">
      <ele>1830.8</ele></trkpt>
      <trkpt lat="46.89246490897716" lon="8.449733803333073">
      <ele>1829.9</ele></trkpt>
      <trkpt lat="46.89245867317181" lon="8.449705458851188">
      <ele>1829.0</ele></trkpt>
      <trkpt lat="46.89244328924902" lon="8.449646458038902">
      <ele>1828.0</ele></trkpt>
      <trkpt lat="46.89242314627492" lon="8.449600713756483">
      <ele>1827.1</ele></trkpt>
      <trkpt lat="46.89240264059667" lon="8.449594003154136">
      <ele>1826.2</ele></trkpt>
      <trkpt lat="46.892356655324875" lon="8.449609004401651">
      <ele>1825.3</ele></trkpt>
      <trkpt lat="46.89233507352061" lon="8.449616170654087">
      <ele>1824.4</ele></trkpt>
      <trkpt lat="46.89232024863211" lon="8.449638515774941">
      <ele>1823.6</ele></trkpt>
      <trkpt lat="46.89230755094376" lon="8.449633907221864">
      <ele>1822.8</ele></trkpt>
      <trkpt lat="46.89228045618974" lon="8.449613385685097">
      <ele>1822.0</ele></trkpt>
      <trkpt lat="46.892253156201924" lon="8.449578412100353">
      <ele>1821.2</ele></trkpt>
      <trkpt lat="46.8922290124714" lon="8.449554796600099">
      <ele>1820.4</ele></trkpt>
      <trkpt lat="46.892194356833016" lon="8.449526600557812">
      <ele>1819.6</ele></trkpt>
      <trkpt lat="46.892148471615535" lon="8.449492576970702">
      <ele>1818.8</ele></trkpt>
      <trkpt lat="46.892116344734646" lon="8.449466318210218">
      <ele>1818.0</ele></trkpt>
      <trkpt lat="46.89209692666572" lon="8.44944340839246">
      <ele>1817.2</ele></trkpt>
      <trkpt lat="46.892079422359984" lon="8.449428919999573">
      <ele>1816.4</ele></trkpt>
      <trkpt lat="46.89206538886016" lon="8.449429902957581">
      <ele>1815.6</ele></trkpt>
      <trkpt lat="46.892058681641835" lon="8.4494396583601">
      <ele>1814.8</ele></trkpt>
      <trkpt lat="46.89205416610493" lon="8.449466094603473">
      <ele>1814.0</ele></trkpt>
      <trkpt lat="46.89206323396617" lon="8.449497694017797">
      <ele>1813.2</ele></trkpt>
      <trkpt lat="46.89207381241534" lon="8.449535489530438">
      <ele>1812.4</ele></trkpt>
      <trkpt lat="46.892087121760326" lon="8.449572706489086">
      <ele>1811.6</ele></trkpt>
      <trkpt lat="46.89209498561367" lon="8.449609230596838">
      <ele>1810.8</ele></trkpt>
      <trkpt lat="46.89209470798854" lon="8.449640667534318">
      <ele>1810.0</ele></trkpt>
      <trkpt lat="46.89209754056913" lon="8.44967339647014">
      <ele>1809.2</ele></trkpt>
      <trkpt lat="46.892105796717956" lon="8.449709298080991">
      <ele>1808.4</ele></trkpt>
      <trkpt lat="46.89211941651958" lon="8.449755155727875">
      <ele>1808.0</ele></trkpt>
      <trkpt lat="46.89212686833026" lon="8.449793509328716">
      <ele>1807.6</ele></trkpt>
      <trkpt lat="46.89213578713181" lon="8.449842992389485">
      <ele>1807.2</ele></trkpt>
      <trkpt lat="46.89214056792312" lon="8.449875141216575">
      <ele>1806.8</ele></trkpt>
      <trkpt lat="46.89213678045277" lon="8.44990774573703">
      <ele>1806.4</ele></trkpt>
      <trkpt lat="46.892123202738354" lon="8.449945730248158">
      <ele>1806.0</ele></trkpt>
      <trkpt lat="46.89210810342738" lon="8.449978765092192">
      <ele>1805.6</ele></trkpt>
      <trkpt lat="46.89209616156367" lon="8.45000876231004">
      <ele>1805.2</ele></trkpt>
      <trkpt lat="46.892085369091916" lon="8.450040014666257">
      <ele>1804.8</ele></trkpt>
      <trkpt lat="46.892073641532484" lon="8.45008851898658">
      <ele>1804.3</ele></trkpt>
      <trkpt lat="46.89206932747467" lon="8.450135916028744">
      <ele>1803.9</ele></trkpt>
      <trkpt lat="46.89207315495589" lon="8.450188387203083">
      <ele>1803.5</ele></trkpt>
      <trkpt lat="46.89208447755815" lon="8.450230514248062">
      <ele>1803.1</ele></trkpt>
      <trkpt lat="46.89209497947385" lon="8.450276943268266">
      <ele>1802.7</ele></trkpt>
      <trkpt lat="46.89209933180186" lon="8.450312771552497">
      <ele>1802.3</ele></trkpt>
      <trkpt lat="46.89209982015939" lon="8.450346073210108">
      <ele>1801.9</ele></trkpt>
      <trkpt lat="46.89209782632031" lon="8.450396597749116">
      <ele>1801.5</ele></trkpt>
      <trkpt lat="46.892094893869256" lon="8.450419979861564">
      <ele>1801.1</ele></trkpt>
      <trkpt lat="46.892086490825434" lon="8.450444492610357">
      <ele>1800.7</ele></trkpt>
      <trkpt lat="46.892072330052365" lon="8.450460892159288">
      <ele>1800.3</ele></trkpt>
      <trkpt lat="46.892056072203225" lon="8.450492671497564">
      <ele>1799.9</ele></trkpt>
      <trkpt lat="46.89203058702432" lon="8.450511941847303">
      <ele>1799.5</ele></trkpt>
      <trkpt lat="46.892006632435084" lon="8.450533104402037">
      <ele>1799.1</ele></trkpt>
      <trkpt lat="46.89198844809744" lon="8.45056299713147">
      <ele>1798.7</ele></trkpt>
      <trkpt lat="46.89197377707462" lon="8.450592339166846">
      <ele>1798.3</ele></trkpt>
      <trkpt lat="46.89195901893948" lon="8.45063153472406">
      <ele>1797.9</ele></trkpt>
      <trkpt lat="46.8919536315856" lon="8.450669043134301">
      <ele>1797.5</ele></trkpt>
      <trkpt lat="46.89194541708268" lon="8.450716996533297">
      <ele>1797.1</ele></trkpt>
      <trkpt lat="46.891933286114664" lon="8.450767343300008">
      <ele>1796.7</ele></trkpt>
      <trkpt lat="46.89192366272599" lon="8.450798617411325">
      <ele>1796.2</ele></trkpt>
      <trkpt lat="46.89190549821808" lon="8.450827276843139">
      <ele>1795.8</ele></trkpt>
      <trkpt lat="46.891896370628615" lon="8.450846224897427">
      <ele>1795.4</ele></trkpt>
      <trkpt lat="46.8918863623638" lon="8.450876258195237">
      <ele>1795.0</ele></trkpt>
      <trkpt lat="46.89187853274404" lon="8.45092543916018">
      <ele>1794.6</ele></trkpt>
      <trkpt lat="46.891872517133876" lon="8.450944458876203">
      <ele>1794.2</ele></trkpt>
      <trkpt lat="46.89185398954837" lon="8.450969410793991">
      <ele>1793.8</ele></trkpt>
      <trkpt lat="46.89184282640853" lon="8.450998805543382">
      <ele>1793.4</ele></trkpt>
      <trkpt lat="46.89183084801514" lon="8.45103188554076">
      <ele>1793.0</ele></trkpt>
      <trkpt lat="46.89181506757115" lon="8.451054422045646">
      <ele>1792.6</ele></trkpt>
      <trkpt lat="46.891796997625136" lon="8.451071364543251">
      <ele>1792.2</ele></trkpt>
      <trkpt lat="46.89179175372423" lon="8.451091619150585">
      <ele>1791.8</ele></trkpt>
      <trkpt lat="46.89178951650896" lon="8.451124869327044">
      <ele>1791.3</ele></trkpt>
      <trkpt lat="46.89178592455014" lon="8.451179064070736">
      <ele>1790.9</ele></trkpt>
      <trkpt lat="46.891778661447425" lon="8.451207915388316">
      <ele>1790.5</ele></trkpt>
      <trkpt lat="46.891765954898204" lon="8.45123482705063">
      <ele>1790.0</ele></trkpt>
      <trkpt lat="46.891736313128185" lon="8.451283623478043">
      <ele>1789.6</ele></trkpt>
      <trkpt lat="46.89171742052292" lon="8.451306101281345">
      <ele>1789.2</ele></trkpt>
      <trkpt lat="46.89169817567782" lon="8.451323651433903">
      <ele>1788.7</ele></trkpt>
      <trkpt lat="46.89168274932631" lon="8.451349881936038">
      <ele>1788.3</ele></trkpt>
      <trkpt lat="46.89167545890359" lon="8.45138181648927">
      <ele>1787.8</ele></trkpt>
      <trkpt lat="46.891666944626024" lon="8.451419895645849">
      <ele>1787.4</ele></trkpt>
      <trkpt lat="46.891649945713446" lon="8.451447959915068">
      <ele>1787.0</ele></trkpt>
      <trkpt lat="46.89163258185209" lon="8.45147355023491">
      <ele>1786.5</ele></trkpt>
      <trkpt lat="46.8916100231131" lon="8.451513845076882">
      <ele>1786.1</ele></trkpt>
      <trkpt lat="46.89159208899255" lon="8.451559147962925">
      <ele>1785.7</ele></trkpt>
      <trkpt lat="46.891571492951876" lon="8.45159824617058">
      <ele>1785.2</ele></trkpt>
      <trkpt lat="46.89155291065616" lon="8.451629364337302">
      <ele>1784.8</ele></trkpt>
      <trkpt lat="46.89153405809917" lon="8.451646291822513">
      <ele>1784.4</ele></trkpt>
      <trkpt lat="46.891521420467036" lon="8.451666420157004">
      <ele>1783.9</ele></trkpt>
      <trkpt lat="46.89151264676136" lon="8.451689075183001">
      <ele>1783.5</ele></trkpt>
      <trkpt lat="46.891504214239376" lon="8.4517179042633">
      <ele>1782.9</ele></trkpt>
      <trkpt lat="46.89150994074871" lon="8.451731567791233">
      <ele>1782.4</ele></trkpt>
      <trkpt lat="46.89153111505774" lon="8.451760298353925">
      <ele>1781.8</ele></trkpt>
      <trkpt lat="46.891548472932875" lon="8.451779101954507">
      <ele>1781.3</ele></trkpt>
      <trkpt lat="46.89156813471921" lon="8.451802883076109">
      <ele>1780.7</ele></trkpt>
      <trkpt lat="46.89158704138039" lon="8.45182355304655">
      <ele>1780.1</ele></trkpt>
      <trkpt lat="46.89160716087475" lon="8.451839324880615">
      <ele>1779.6</ele></trkpt>
      <trkpt lat="46.891622271019195" lon="8.451848834720517">
      <ele>1779.0</ele></trkpt>
      <trkpt lat="46.89163107141827" lon="8.451866873548493">
      <ele>1778.5</ele></trkpt>
      <trkpt lat="46.89163443203875" lon="8.451883576385384">
      <ele>1777.9</ele></trkpt>
      <trkpt lat="46.89163309354666" lon="8.45190267089079">
      <ele>1777.3</ele></trkpt>
      <trkpt lat="46.89161765968187" lon="8.45193075135086">
      <ele>1776.8</ele></trkpt>
      <trkpt lat="46.891589646437865" lon="8.451970339598061">
      <ele>1776.2</ele></trkpt>
      <trkpt lat="46.89156059297596" lon="8.45199633939361">
      <ele>1775.7</ele></trkpt>
      <trkpt lat="46.891535771780035" lon="8.452027969769297">
      <ele>1775.1</ele></trkpt>
      <trkpt lat="46.89151725487533" lon="8.452051687835644">
      <ele>1774.5</ele></trkpt>
      <trkpt lat="46.891506042324636" lon="8.452086632123695">
      <ele>1774.0</ele></trkpt>
      <trkpt lat="46.89149588644688" lon="8.452133301690859">
      <ele>1773.4</ele></trkpt>
      <trkpt lat="46.89148366011491" lon="8.452195364437216">
      <ele>1772.9</ele></trkpt>
      <trkpt lat="46.89147957438544" lon="8.45221687417056">
      <ele>1772.3</ele></trkpt>
      <trkpt lat="46.89147020721803" lon="8.452219164720832">
      <ele>1772.2</ele></trkpt>
      <trkpt lat="46.891451610956175" lon="8.452207135186143">
      <ele>1772.1</ele></trkpt>
      <trkpt lat="46.89142329351922" lon="8.452193688965192">
      <ele>1772.0</ele></trkpt>
      <trkpt lat="46.89139215984465" lon="8.452189441130374">
      <ele>1771.9</ele></trkpt>
      <trkpt lat="46.891357412638996" lon="8.452198077215334">
      <ele>1771.8</ele></trkpt>
      <trkpt lat="46.89131990186783" lon="8.452210978547448">
      <ele>1771.6</ele></trkpt>
      <trkpt lat="46.89127888856766" lon="8.452223210225812">
      <ele>1771.5</ele></trkpt>
      <trkpt lat="46.89124445714454" lon="8.452239870109851">
      <ele>1771.4</ele></trkpt>
      <trkpt lat="46.891218118161774" lon="8.452267141142595">
      <ele>1771.3</ele></trkpt>
      <trkpt lat="46.89119710973717" lon="8.452308081321142">
      <ele>1771.2</ele></trkpt>
      <trkpt lat="46.89117227014557" lon="8.45234279479338">
      <ele>1771.1</ele></trkpt>
      <trkpt lat="46.89115073036041" lon="8.45235535395183">
      <ele>1771.0</ele></trkpt>
      <trkpt lat="46.89111943640526" lon="8.452370222561179">
      <ele>1770.9</ele></trkpt>
      <trkpt lat="46.891105603977664" lon="8.452392178333163">
      <ele>1770.8</ele></trkpt>
      <trkpt lat="46.891091622288315" lon="8.45243200416769">
      <ele>1770.6</ele></trkpt>
      <trkpt lat="46.89109016367514" lon="8.45246465177852">
      <ele>1770.5</ele></trkpt>
      <trkpt lat="46.89109203281257" lon="8.452517702031496">
      <ele>1770.4</ele></trkpt>
      <trkpt lat="46.891099525347194" lon="8.452552368636074">
      <ele>1770.3</ele></trkpt>
      <trkpt lat="46.89110894988461" lon="8.45258829206349">
      <ele>1770.2</ele></trkpt>
      <trkpt lat="46.89111527515334" lon="8.452621690045053">
      <ele>1770.1</ele></trkpt>
      <trkpt lat="46.8911185045717" lon="8.452653192520367">
      <ele>1769.4</ele></trkpt>
      <trkpt lat="46.89111553888506" lon="8.452680274021745">
      <ele>1768.7</ele></trkpt>
      <trkpt lat="46.891105506357164" lon="8.452714006648717">
      <ele>1768.0</ele></trkpt>
      <trkpt lat="46.89108481910044" lon="8.452762340609127">
      <ele>1767.2</ele></trkpt>
      <trkpt lat="46.89106698623398" lon="8.452797172779459">
      <ele>1766.5</ele></trkpt>
      <trkpt lat="46.89104211576252" lon="8.452834339273565">
      <ele>1765.8</ele></trkpt>
      <trkpt lat="46.89102110167105" lon="8.452875895751784">
      <ele>1765.1</ele></trkpt>
      <trkpt lat="46.89101029202392" lon="8.452908996873111">
      <ele>1764.4</ele></trkpt>
      <trkpt lat="46.890995846895606" lon="8.452957448378056">
      <ele>1763.7</ele></trkpt>
      <trkpt lat="46.89098186136254" lon="8.452996670280394">
      <ele>1762.9</ele></trkpt>
      <trkpt lat="46.89097128498845" lon="8.453027807377588">
      <ele>1762.2</ele></trkpt>
      <trkpt lat="46.89096816165459" lon="8.453066577962165">
      <ele>1761.5</ele></trkpt>
      <trkpt lat="46.890965408562614" lon="8.45310721892013">
      <ele>1760.8</ele></trkpt>
      <trkpt lat="46.890960095134986" lon="8.453127156771446">
      <ele>1760.1</ele></trkpt>
      <trkpt lat="46.890950116278525" lon="8.453142636837892">
      <ele>1759.4</ele></trkpt>
      <trkpt lat="46.89094114806812" lon="8.453175024611362">
      <ele>1758.7</ele></trkpt>
      <trkpt lat="46.890928976177044" lon="8.453213624501226">
      <ele>1757.9</ele></trkpt>
      <trkpt lat="46.89093021469691" lon="8.453247451403227">
      <ele>1757.2</ele></trkpt>
      <trkpt lat="46.89092552282605" lon="8.453285562480866">
      <ele>1756.5</ele></trkpt>
      <trkpt lat="46.89091731477178" lon="8.45332048407337">
      <ele>1755.8</ele></trkpt>
      <trkpt lat="46.890905750796506" lon="8.453337180827848">
      <ele>1755.0</ele></trkpt>
      <trkpt lat="46.890888336292164" lon="8.453348137667554">
      <ele>1754.2</ele></trkpt>
      <trkpt lat="46.89087750153323" lon="8.453369847828037">
      <ele>1753.4</ele></trkpt>
      <trkpt lat="46.89086950919544" lon="8.453383475663571">
      <ele>1752.6</ele></trkpt>
      <trkpt lat="46.890854186491154" lon="8.45338070646539">
      <ele>1751.8</ele></trkpt>
      <trkpt lat="46.8908372766397" lon="8.45338040059815">
      <ele>1751.0</ele></trkpt>
      <trkpt lat="46.8908083369907" lon="8.453403671948813">
      <ele>1750.2</ele></trkpt>
      <trkpt lat="46.89077633593447" lon="8.45341811972056">
      <ele>1749.4</ele></trkpt>
      <trkpt lat="46.890734818382484" lon="8.453440536984717">
      <ele>1748.6</ele></trkpt>
      <trkpt lat="46.89069417550673" lon="8.453453588173906">
      <ele>1747.8</ele></trkpt>
      <trkpt lat="46.89064680742655" lon="8.453470265481357">
      <ele>1747.1</ele></trkpt>
      <trkpt lat="46.890618383591615" lon="8.453481014524197">
      <ele>1746.3</ele></trkpt>
      <trkpt lat="46.890600946856814" lon="8.453494477220563">
      <ele>1745.5</ele></trkpt>
      <trkpt lat="46.89059098675499" lon="8.453506821214077">
      <ele>1744.7</ele></trkpt>
      <trkpt lat="46.89058678841955" lon="8.453534915820732">
      <ele>1743.9</ele></trkpt>
      <trkpt lat="46.89057386920586" lon="8.453568501639886">
      <ele>1743.1</ele></trkpt>
      <trkpt lat="46.890557647541286" lon="8.453578850968357">
      <ele>1742.3</ele></trkpt>
      <trkpt lat="46.89053839434328" lon="8.453575994448812">
      <ele>1741.5</ele></trkpt>
      <trkpt lat="46.89051063387554" lon="8.453558595278558">
      <ele>1740.7</ele></trkpt>
      <trkpt lat="46.89048708539856" lon="8.453553164475279">
      <ele>1739.9</ele></trkpt>
      <trkpt lat="46.8904591605296" lon="8.453553293729854">
      <ele>1739.7</ele></trkpt>
      <trkpt lat="46.89044093226632" lon="8.453566741428942">
      <ele>1739.6</ele></trkpt>
      <trkpt lat="46.89041488720877" lon="8.45357502888948">
      <ele>1739.4</ele></trkpt>
      <trkpt lat="46.89039003489703" lon="8.453582722095312">
      <ele>1739.2</ele></trkpt>
      <trkpt lat="46.8903756062234" lon="8.453610006811969">
      <ele>1739.1</ele></trkpt>
      <trkpt lat="46.89034938546828" lon="8.453637095257076">
      <ele>1738.9</ele></trkpt>
      <trkpt lat="46.89032035359199" lon="8.453669746996002">
      <ele>1738.7</ele></trkpt>
      <trkpt lat="46.89028774993628" lon="8.453705480661585">
      <ele>1738.5</ele></trkpt>
      <trkpt lat="46.89024771419098" lon="8.453737307927746">
      <ele>1738.4</ele></trkpt>
      <trkpt lat="46.89022784519604" lon="8.45375824364107">
      <ele>1738.2</ele></trkpt>
      <trkpt lat="46.89021160334976" lon="8.453769852207747">
      <ele>1738.0</ele></trkpt>
      <trkpt lat="46.89018629635717" lon="8.453783166186488">
      <ele>1737.9</ele></trkpt>
      <trkpt lat="46.89015902855309" lon="8.453796443149011">
      <ele>1737.7</ele></trkpt>
      <trkpt lat="46.890145516809305" lon="8.453810609571336">
      <ele>1737.5</ele></trkpt>
      <trkpt lat="46.890132639901836" lon="8.45384042974856">
      <ele>1737.3</ele></trkpt>
      <trkpt lat="46.89012129269906" lon="8.453875278377025">
      <ele>1737.2</ele></trkpt>
      <trkpt lat="46.89011033771986" lon="8.453909517645835">
      <ele>1737.0</ele></trkpt>
      <trkpt lat="46.89009104448482" lon="8.453951748463767">
      <ele>1736.8</ele></trkpt>
      <trkpt lat="46.890072576152114" lon="8.45399022872602">
      <ele>1736.7</ele></trkpt>
      <trkpt lat="46.890058113981304" lon="8.454021278636782">
      <ele>1736.5</ele></trkpt>
      <trkpt lat="46.89005034385621" lon="8.45405244173012">
      <ele>1736.4</ele></trkpt>
      <trkpt lat="46.89004520262068" lon="8.454095543224783">
      <ele>1736.3</ele></trkpt>
      <trkpt lat="46.890041298578346" lon="8.454133038609829">
      <ele>1736.2</ele></trkpt>
      <trkpt lat="46.89003200989649" lon="8.45415791368427">
      <ele>1736.1</ele></trkpt>
      <trkpt lat="46.89002015227269" lon="8.454204654447897">
      <ele>1736.0</ele></trkpt>
      <trkpt lat="46.890010873457335" lon="8.454268975233381">
      <ele>1735.8</ele></trkpt>
      <trkpt lat="46.89000787972468" lon="8.45433466128526">
      <ele>1735.7</ele></trkpt>
      <trkpt lat="46.890008690922315" lon="8.454413567693646">
      <ele>1735.6</ele></trkpt>
      <trkpt lat="46.89001061719308" lon="8.454458049200618">
      <ele>1735.5</ele></trkpt>
      <trkpt lat="46.89000635409316" lon="8.454492401534232">
      <ele>1735.4</ele></trkpt>
      <trkpt lat="46.889996571625076" lon="8.454527292619641">
      <ele>1735.3</ele></trkpt>
      <trkpt lat="46.889982053884815" lon="8.454564587493397">
      <ele>1735.2</ele></trkpt>
      <trkpt lat="46.889965925147564" lon="8.45460500126366">
      <ele>1735.1</ele></trkpt>
      <trkpt lat="46.88995429644521" lon="8.454627955544645">
      <ele>1735.0</ele></trkpt>
      <trkpt lat="46.88994038895473" lon="8.454642101109224">
      <ele>1734.8</ele></trkpt>
      <trkpt lat="46.889919010288935" lon="8.454656748544604">
      <ele>1734.7</ele></trkpt>
      <trkpt lat="46.88989645552109" lon="8.454670114018942">
      <ele>1734.6</ele></trkpt>
      <trkpt lat="46.889876087274324" lon="8.454701668837846">
      <ele>1734.5</ele></trkpt>
      <trkpt lat="46.889862806599375" lon="8.454733370632034">
      <ele>1734.4</ele></trkpt>
      <trkpt lat="46.88985263947806" lon="8.454766994581496">
      <ele>1734.3</ele></trkpt>
      <trkpt lat="46.889836283019704" lon="8.454790489339452">
      <ele>1734.1</ele></trkpt>
      <trkpt lat="46.88982022993223" lon="8.45482338532769">
      <ele>1734.0</ele></trkpt>
      <trkpt lat="46.889810966749614" lon="8.454846384187231">
      <ele>1733.8</ele></trkpt>
      <trkpt lat="46.88980431572291" lon="8.454883197597276">
      <ele>1733.7</ele></trkpt>
      <trkpt lat="46.889790358116315" lon="8.454902984664201">
      <ele>1733.5</ele></trkpt>
      <trkpt lat="46.8897756424159" lon="8.454918991322936">
      <ele>1733.4</ele></trkpt>
      <trkpt lat="46.88976625557714" lon="8.454953889658189">
      <ele>1733.2</ele></trkpt>
      <trkpt lat="46.889750626042144" lon="8.454983657350105">
      <ele>1733.1</ele></trkpt>
      <trkpt lat="46.88973144498769" lon="8.45501523439733">
      <ele>1732.9</ele></trkpt>
      <trkpt lat="46.889712380532" lon="8.455033678303225">
      <ele>1732.8</ele></trkpt>
      <trkpt lat="46.889691714303694" lon="8.45505521501324">
      <ele>1732.6</ele></trkpt>
      <trkpt lat="46.88967612146269" lon="8.45508186024683">
      <ele>1732.4</ele></trkpt>
      <trkpt lat="46.88965773956525" lon="8.455111575843889">
      <ele>1732.3</ele></trkpt>
      <trkpt lat="46.8896358894454" lon="8.455133719995901">
      <ele>1732.1</ele></trkpt>
      <trkpt lat="46.88960613007056" lon="8.455160110599374">
      <ele>1732.0</ele></trkpt>
      <trkpt lat="46.88956927532658" lon="8.455188243560222">
      <ele>1731.8</ele></trkpt>
      <trkpt lat="46.889543750011825" lon="8.455224096459213">
      <ele>1731.7</ele></trkpt>
      <trkpt lat="46.8895169595734" lon="8.455268691013384">
      <ele>1731.5</ele></trkpt>
      <trkpt lat="46.88950165554755" lon="8.455305353757595">
      <ele>1731.4</ele></trkpt>
      <trkpt lat="46.889489608688024" lon="8.45533080611845">
      <ele>1731.2</ele></trkpt>
      <trkpt lat="46.88947363668612" lon="8.455355567540577">
      <ele>1730.8</ele></trkpt>
      <trkpt lat="46.88946063920941" lon="8.455397903225066">
      <ele>1730.4</ele></trkpt>
      <trkpt lat="46.889451659171364" lon="8.455431549239202">
      <ele>1730.0</ele></trkpt>
      <trkpt lat="46.88944421983728" lon="8.455468977296082">
      <ele>1729.6</ele></trkpt>
      <trkpt lat="46.88944545209677" lon="8.455503433073083">
      <ele>1729.2</ele></trkpt>
      <trkpt lat="46.889448017466435" lon="8.455523519068956">
      <ele>1728.8</ele></trkpt>
      <trkpt lat="46.88945163753428" lon="8.455555513661244">
      <ele>1728.4</ele></trkpt>
      <trkpt lat="46.88944624582159" lon="8.455584214824604">
      <ele>1728.0</ele></trkpt>
      <trkpt lat="46.88942922126334" lon="8.455595807877556">
      <ele>1727.6</ele></trkpt>
      <trkpt lat="46.889400727036865" lon="8.455613443342214">
      <ele>1727.2</ele></trkpt>
      <trkpt lat="46.88938560220829" lon="8.455631948282909">
      <ele>1726.9</ele></trkpt>
      <trkpt lat="46.88937231228017" lon="8.455663649388262">
      <ele>1726.5</ele></trkpt>
      <trkpt lat="46.88936648036893" lon="8.45569734170284">
      <ele>1726.1</ele></trkpt>
      <trkpt lat="46.88935820697804" lon="8.455738519942507">
      <ele>1725.7</ele></trkpt>
      <trkpt lat="46.889346418904545" lon="8.455778371990526">
      <ele>1725.3</ele></trkpt>
      <trkpt lat="46.88934016322068" lon="8.455815205570646">
      <ele>1724.9</ele></trkpt>
      <trkpt lat="46.889329207776456" lon="8.455849430827227">
      <ele>1724.5</ele></trkpt>
      <trkpt lat="46.8893201796706" lon="8.45588745856073">
      <ele>1724.1</ele></trkpt>
      <trkpt lat="46.88931469879825" lon="8.455926183224307">
      <ele>1723.7</ele></trkpt>
      <trkpt lat="46.8893029127415" lon="8.45596478863866">
      <ele>1723.3</ele></trkpt>
      <trkpt lat="46.889289909442255" lon="8.456007753796477">
      <ele>1723.2</ele></trkpt>
      <trkpt lat="46.88927584259868" lon="8.456038797078007">
      <ele>1723.0</ele></trkpt>
      <trkpt lat="46.88925570703021" lon="8.456086639937004">
      <ele>1722.9</ele></trkpt>
      <trkpt lat="46.88924348061231" lon="8.456130249583241">
      <ele>1722.7</ele></trkpt>
      <trkpt lat="46.88923586363035" lon="8.45614513029874">
      <ele>1722.6</ele></trkpt>
      <trkpt lat="46.88921988585386" lon="8.456170521116274">
      <ele>1722.4</ele></trkpt>
      <trkpt lat="46.889211390448686" lon="8.456194150753214">
      <ele>1722.3</ele></trkpt>
      <trkpt lat="46.8891974326142" lon="8.456213937261712">
      <ele>1722.1</ele></trkpt>
      <trkpt lat="46.889177931165214" lon="8.456238001665689">
      <ele>1722.0</ele></trkpt>
      <trkpt lat="46.889165477141454" lon="8.456264705684704">
      <ele>1721.8</ele></trkpt>
      <trkpt lat="46.88914987513976" lon="8.456291337016898">
      <ele>1721.7</ele></trkpt>
      <trkpt lat="46.88912916971619" lon="8.456317255049562">
      <ele>1721.6</ele></trkpt>
      <trkpt lat="46.88911230798916" lon="8.456352011313523">
      <ele>1721.4</ele></trkpt>
      <trkpt lat="46.889094983653784" lon="8.456394277739507">
      <ele>1721.3</ele></trkpt>
      <trkpt lat="46.88907720241772" lon="8.456443411447015">
      <ele>1721.1</ele></trkpt>
      <trkpt lat="46.889062273580656" lon="8.456481340379634">
      <ele>1721.0</ele></trkpt>
      <trkpt lat="46.889052229743754" lon="8.456503064148563">
      <ele>1720.8</ele></trkpt>
      <trkpt lat="46.8890330927163" lon="8.456529641588611">
      <ele>1720.7</ele></trkpt>
      <trkpt lat="46.88900767058932" lon="8.456554853486756">
      <ele>1720.5</ele></trkpt>
      <trkpt lat="46.88898585694938" lon="8.456573874438151">
      <ele>1720.4</ele></trkpt>
      <trkpt lat="46.888963181657545" lon="8.456599755007645">
      <ele>1719.9</ele></trkpt>
      <trkpt lat="46.88893930579084" lon="8.45662811914079">
      <ele>1719.5</ele></trkpt>
      <trkpt lat="46.888921445036445" lon="8.45664470853974">
      <ele>1719.0</ele></trkpt>
      <trkpt lat="46.888905567490745" lon="8.45665881603365">
      <ele>1718.5</ele></trkpt>
      <trkpt lat="46.88889008909694" lon="8.456673560929246">
      <ele>1718.0</ele></trkpt>
      <trkpt lat="46.888878498949126" lon="8.456692132293332">
      <ele>1717.6</ele></trkpt>
      <trkpt lat="46.88886735492799" lon="8.456713139662098">
      <ele>1717.1</ele></trkpt>
      <trkpt lat="46.8888523862533" lon="8.456699904965753">
      <ele>1716.6</ele></trkpt>
      <trkpt lat="46.88883493283228" lon="8.456694968838473">
      <ele>1716.1</ele></trkpt>
      <trkpt lat="46.88881802452155" lon="8.456696512169385">
      <ele>1715.7</ele></trkpt>
      <trkpt lat="46.88879742738387" lon="8.456708220832459">
      <ele>1715.2</ele></trkpt>
      <trkpt lat="46.888756089756434" lon="8.456741686848002">
      <ele>1714.7</ele></trkpt>
      <trkpt lat="46.8886746539945" lon="8.456811870185257">
      <ele>1714.2</ele></trkpt>
      <trkpt lat="46.88862061851718" lon="8.456874147672664">
      <ele>1713.8</ele></trkpt>
      <trkpt lat="46.88856517814821" lon="8.456956816155746">
      <ele>1713.3</ele></trkpt>
      <trkpt lat="46.88852500266231" lon="8.457029525239502">
      <ele>1712.8</ele></trkpt>
      <trkpt lat="46.88849910760631" lon="8.457132146971503">
      <ele>1712.3</ele></trkpt>
      <trkpt lat="46.88847904513452" lon="8.457215196190683">
      <ele>1711.9</ele></trkpt>
      <trkpt lat="46.88846407351973" lon="8.45727610012945">
      <ele>1711.4</ele></trkpt>
      <trkpt lat="46.88845113906773" lon="8.457309250434076">
      <ele>1710.9</ele></trkpt>
      <trkpt lat="46.888436527226105" lon="8.457325677909546">
      <ele>1710.1</ele></trkpt>
      <trkpt lat="46.888414740745695" lon="8.457334555643257">
      <ele>1709.3</ele></trkpt>
      <trkpt lat="46.88839606550385" lon="8.457331459519796">
      <ele>1708.5</ele></trkpt>
      <trkpt lat="46.8883792560734" lon="8.457321890278505">
      <ele>1707.7</ele></trkpt>
      <trkpt lat="46.888368562875726" lon="8.45730132263276">
      <ele>1706.9</ele></trkpt>
      <trkpt lat="46.88835974365544" lon="8.457273363499414">
      <ele>1706.1</ele></trkpt>
      <trkpt lat="46.888350396043066" lon="8.457237048859334">
      <ele>1705.3</ele></trkpt>
      <trkpt lat="46.888344876317504" lon="8.457173933118684">
      <ele>1704.5</ele></trkpt>
      <trkpt lat="46.888336092304726" lon="8.457067190986209">
      <ele>1703.7</ele></trkpt>
      <trkpt lat="46.88832151922318" lon="8.456931628664359">
      <ele>1703.0</ele></trkpt>
      <trkpt lat="46.88831122158939" lon="8.456788707243774">
      <ele>1702.2</ele></trkpt>
      <trkpt lat="46.888309001805425" lon="8.456691353507695">
      <ele>1701.4</ele></trkpt>
      <trkpt lat="46.888307408478816" lon="8.456590311271057">
      <ele>1700.6</ele></trkpt>
      <trkpt lat="46.88831016555672" lon="8.456474497409802">
      <ele>1699.8</ele></trkpt>
      <trkpt lat="46.88831579631246" lon="8.456375428913645">
      <ele>1699.0</ele></trkpt>
      <trkpt lat="46.888327982609184" lon="8.456285748446883">
      <ele>1698.2</ele></trkpt>
      <trkpt lat="46.88834328669996" lon="8.45622280367446">
      <ele>1697.4</ele></trkpt>
      <trkpt lat="46.88836703214979" lon="8.456149389816822">
      <ele>1696.6</ele></trkpt>
      <trkpt lat="46.88837892347699" lon="8.456108057754287">
      <ele>1695.8</ele></trkpt>
      <trkpt lat="46.88838960952097" lon="8.456066702877935">
      <ele>1695.0</ele></trkpt>
      <trkpt lat="46.88839622793532" lon="8.456026517635184">
      <ele>1694.5</ele></trkpt>
      <trkpt lat="46.88839595050425" lon="8.455989915462581">
      <ele>1694.1</ele></trkpt>
      <trkpt lat="46.8883903849384" lon="8.455958199600165">
      <ele>1693.6</ele></trkpt>
      <trkpt lat="46.888373939927725" lon="8.455904574425615">
      <ele>1693.1</ele></trkpt>
      <trkpt lat="46.88835388419224" lon="8.455842207452166">
      <ele>1692.7</ele></trkpt>
      <trkpt lat="46.88832413442114" lon="8.455767270193697">
      <ele>1692.2</ele></trkpt>
      <trkpt lat="46.88830649553632" lon="8.455709292359924">
      <ele>1691.7</ele></trkpt>
      <trkpt lat="46.88829651643311" lon="8.455661983104987">
      <ele>1691.2</ele></trkpt>
      <trkpt lat="46.888293833320425" lon="8.45561667510061">
      <ele>1690.8</ele></trkpt>
      <trkpt lat="46.88829558904717" lon="8.455577014679566">
      <ele>1690.3</ele></trkpt>
      <trkpt lat="46.88830586115057" lon="8.455535651940632">
      <ele>1689.8</ele></trkpt>
      <trkpt lat="46.888310829738366" lon="8.45550597236548">
      <ele>1689.4</ele></trkpt>
      <trkpt lat="46.888310939709896" lon="8.455474350764154">
      <ele>1688.9</ele></trkpt>
      <trkpt lat="46.88830577875545" lon="8.455442642655731">
      <ele>1688.4</ele></trkpt>
      <trkpt lat="46.88829453811764" lon="8.455407709761875">
      <ele>1687.9</ele></trkpt>
      <trkpt lat="46.88827841920116" lon="8.455380137893084">
      <ele>1687.5</ele></trkpt>
      <trkpt lat="46.888255408901074" lon="8.455350585614251">
      <ele>1687.0</ele></trkpt>
      <trkpt lat="46.888228359000955" lon="8.455316010082093">
      <ele>1686.5</ele></trkpt>
      <trkpt lat="46.88821224006224" lon="8.455288438274772">
      <ele>1686.1</ele></trkpt>
      <trkpt lat="46.88820095563288" lon="8.455266534625968">
      <ele>1685.6</ele></trkpt>
      <trkpt lat="46.88818973344367" lon="8.45522850543505">
      <ele>1684.6</ele></trkpt>
      <trkpt lat="46.888176550102095" lon="8.455171228848062">
      <ele>1683.6</ele></trkpt>
      <trkpt lat="46.88816335382443" lon="8.455116418947838">
      <ele>1682.6</ele></trkpt>
      <trkpt lat="46.888151356179456" lon="8.455068455068474">
      <ele>1681.6</ele></trkpt>
      <trkpt lat="46.88812891908645" lon="8.45499054681998">
      <ele>1680.6</ele></trkpt>
      <trkpt lat="46.88810605114685" lon="8.454917590541461">
      <ele>1679.7</ele></trkpt>
      <trkpt lat="46.888089597483514" lon="8.454868938978091">
      <ele>1678.7</ele></trkpt>
      <trkpt lat="46.88806551118071" lon="8.454798439811572">
      <ele>1677.7</ele></trkpt>
      <trkpt lat="46.88803696756257" lon="8.454725376499875">
      <ele>1676.7</ele></trkpt>
      <trkpt lat="46.88801204903947" lon="8.454660451630353">
      <ele>1675.7</ele></trkpt>
      <trkpt lat="46.88798911422017" lon="8.454609197813285">
      <ele>1674.7</ele></trkpt>
      <trkpt lat="46.88795168329017" lon="8.45452792323005">
      <ele>1673.7</ele></trkpt>
      <trkpt lat="46.88789935300471" lon="8.454418470563724">
      <ele>1672.7</ele></trkpt>
      <trkpt lat="46.88783859170219" lon="8.454282838519179">
      <ele>1671.7</ele></trkpt>
      <trkpt lat="46.88778263431053" lon="8.45416341095014">
      <ele>1670.8</ele></trkpt>
      <trkpt lat="46.88774683313685" lon="8.454080921195459">
      <ele>1669.8</ele></trkpt>
      <trkpt lat="46.88772386063581" lon="8.454038957344451">
      <ele>1668.8</ele></trkpt>
      <trkpt lat="46.887697226147154" lon="8.454003144099964">
      <ele>1667.8</ele></trkpt>
      <trkpt lat="46.88767419848568" lon="8.453978552411485">
      <ele>1666.8</ele></trkpt>
      <trkpt lat="46.88764103531692" lon="8.453955645851643">
      <ele>1665.8</ele></trkpt>
      <trkpt lat="46.88761390957225" lon="8.453942760138736">
      <ele>1665.1</ele></trkpt>
      <trkpt lat="46.88758676828933" lon="8.453936697418586">
      <ele>1664.3</ele></trkpt>
      <trkpt lat="46.88755025813063" lon="8.453942241143274">
      <ele>1663.6</ele></trkpt>
      <trkpt lat="46.88752711885384" lon="8.453950517210803">
      <ele>1662.9</ele></trkpt>
      <trkpt lat="46.887504376438486" lon="8.453963747626794">
      <ele>1662.2</ele></trkpt>
      <trkpt lat="46.88748443523875" lon="8.453985717436938">
      <ele>1661.4</ele></trkpt>
      <trkpt lat="46.887466913086584" lon="8.454010829598797">
      <ele>1660.7</ele></trkpt>
      <trkpt lat="46.887448950099746" lon="8.454047099943857">
      <ele>1660.0</ele></trkpt>
      <trkpt lat="46.88742809526162" lon="8.454100058891564">
      <ele>1659.2</ele></trkpt>
      <trkpt lat="46.88740153482711" lon="8.454160350058816">
      <ele>1658.5</ele></trkpt>
      <trkpt lat="46.88737743837686" lon="8.454212631003836">
      <ele>1657.8</ele></trkpt>
      <trkpt lat="46.887360299903285" lon="8.454245190247157">
      <ele>1657.0</ele></trkpt>
      <trkpt lat="46.887335881798705" lon="8.454273898615282">
      <ele>1656.3</ele></trkpt>
      <trkpt lat="46.88728303109102" lon="8.454316359577042">
      <ele>1655.6</ele></trkpt>
      <trkpt lat="46.88720050687828" lon="8.454380619369937">
      <ele>1654.8</ele></trkpt>
      <trkpt lat="46.887149166950195" lon="8.454422124529534">
      <ele>1654.1</ele></trkpt>
      <trkpt lat="46.887099782685304" lon="8.454452080200404">
      <ele>1653.4</ele></trkpt>
      <trkpt lat="46.88706073787649" lon="8.454464464478583">
      <ele>1652.7</ele></trkpt>
      <trkpt lat="46.88702965724165" lon="8.454458300927625">
      <ele>1651.9</ele></trkpt>
      <trkpt lat="46.886990351707325" lon="8.454435186511079">
      <ele>1651.2</ele></trkpt>
      <trkpt lat="46.88695479335005" lon="8.454395307965108">
      <ele>1650.4</ele></trkpt>
      <trkpt lat="46.88691216501369" lon="8.45434315858293">
      <ele>1649.5</ele></trkpt>
      <trkpt lat="46.88685530556444" lon="8.454276739963246">
      <ele>1648.7</ele></trkpt>
      <trkpt lat="46.88681386518352" lon="8.454225544825182">
      <ele>1647.9</ele></trkpt>
      <trkpt lat="46.886770642398275" lon="8.45417245286895">
      <ele>1647.1</ele></trkpt>
      <trkpt lat="46.88674414421844" lon="8.454124321701427">
      <ele>1646.2</ele></trkpt>
      <trkpt lat="46.88672489961132" lon="8.454069793006132">
      <ele>1645.4</ele></trkpt>
      <trkpt lat="46.88670751122529" lon="8.454007820150862">
      <ele>1644.6</ele></trkpt>
      <trkpt lat="46.88669267437777" lon="8.453929992281644">
      <ele>1643.7</ele></trkpt>
      <trkpt lat="46.886683357620676" lon="8.453837336409114">
      <ele>1642.9</ele></trkpt>
      <trkpt lat="46.886677294438215" lon="8.453717619912744">
      <ele>1642.1</ele></trkpt>
      <trkpt lat="46.88668173175565" lon="8.45362707373377">
      <ele>1641.3</ele></trkpt>
      <trkpt lat="46.88669052694842" lon="8.453518843299257">
      <ele>1640.4</ele></trkpt>
      <trkpt lat="46.88670416590977" lon="8.453405088214698">
      <ele>1639.6</ele></trkpt>
    </trkseg>
  </trk>
</gpx>