<?xml version='1.0' encoding='utf-8'?>
<gpx xmlns="http://www.topografix.com/GPX/1/1" xmlns:xsi="http://www.w3.org/2001/XMLSchema-instance" xsi:schemaLocation="http://www.topografix.com/GPX/1/1 http://www.topografix.com/GPX/1/1/gpx.xsd" version="1.1" creator="gpx.py -- https://github.com/tkrajina/gpxpy">
  <trk>
    <name>oberaletschhuette</name>
    <trkseg>
      <trkpt lat="46.37168567019329" lon="7.97431585598075">
      <ele>2095.9</ele></trkpt>
      <trkpt lat="46.37173580918016" lon="7.974349022977494">
      <ele>2096.1</ele></trkpt>
      <trkpt lat="46.37177298687643" lon="7.974400867815622">
      <ele>2096.2</ele></trkpt>
      <trkpt lat="46.37180598373732" lon="7.974457947977446">
      <ele>2096.4</ele></trkpt>
      <trkpt lat="46.37184166262425" lon="7.974531884855164">
      <ele>2096.6</ele></trkpt>
      <trkpt lat="46.3718669607604" lon="7.974605719414778">
      <ele>2096.8</ele></trkpt>
      <trkpt lat="46.37189881413146" lon="7.974704857539834">
      <ele>2096.9</ele></trkpt>
      <trkpt lat="46.372012786655986" lon="7.9746791967652415">
      <ele>2097.1</ele></trkpt>
      <trkpt lat="46.37210484075777" lon="7.974658310215343">
      <ele>2097.3</ele></trkpt>
      <trkpt lat="46.372147056434386" lon="7.974656777301186">
      <ele>2097.4</ele></trkpt>
      <trkpt lat="46.3721871523259" lon="7.97466788193194">
      <ele>2097.6</ele></trkpt>
      <trkpt lat="46.37222724145388" lon="7.974693737401594">
      <ele>2097.8</ele></trkpt>
      <trkpt lat="46.37226108099209" lon="7.974724768781641">
      <ele>2097.9</ele></trkpt>
      <trkpt lat="46.37228263817495" lon="7.974752637833215">
      <ele>2098.1</ele></trkpt>
      <trkpt lat="46.37232476230182" lon="7.974804714240544">
      <ele>2098.3</ele></trkpt>
      <trkpt lat="46.37237212136168" lon="7.974872139179204">
      <ele>2098.5</ele></trkpt>
      <trkpt lat="46.37242473337713" lon="7.974949194459707">
      <ele>2098.6</ele></trkpt>
      <trkpt lat="46.37246418565395" lon="7.975006976204564">
      <ele>2098.8</ele></trkpt>
      <trkpt lat="46.372495821558424" lon="7.97503981865572">
      <ele>2099.0</ele></trkpt>
      <trkpt lat="46.37253146972033" lon="7.9750612248982895">
      <ele>2099.1</ele></trkpt>
      <trkpt lat="46.3725790277152" lon="7.975086569736662">
      <ele>2099.3</ele></trkpt>
      <trkpt lat="46.37263451063555" lon="7.975115800848755">
      <ele>2099.7</ele></trkpt>
      <trkpt lat="46.3726807100761" lon="7.975148787297111">
      <ele>2100.2</ele></trkpt>
      <trkpt lat="46.372718930385176" lon="7.975187439445725">
      <ele>2100.6</ele></trkpt>
      <trkpt lat="46.37275315669125" lon="7.975229860173915">
      <ele>2101.0</ele></trkpt>
      <trkpt lat="46.37279132266485" lon="7.975279987816309">
      <ele>2101.4</ele></trkpt>
      <trkpt lat="46.37283611829439" lon="7.975330168030155">
      <ele>2101.9</ele></trkpt>
      <trkpt lat="46.372878305578666" lon="7.975368846615434">
      <ele>2102.3</ele></trkpt>
      <trkpt lat="46.372927095165096" lon="7.975415258459843">
      <ele>2102.7</ele></trkpt>
      <trkpt lat="46.37297983372984" lon="7.9754636069088445">
      <ele>2103.1</ele></trkpt>
      <trkpt lat="46.37303123174742" lon="7.975517686688146">
      <ele>2103.6</ele></trkpt>
      <trkpt lat="46.37306678918901" lon="7.975560134022692">
      <ele>2104.0</ele></trkpt>
      <trkpt lat="46.373112870822546" lon="7.97561607192827">
      <ele>2104.4</ele></trkpt>
      <trkpt lat="46.373183967572594" lon="7.975702877232365">
      <ele>2104.8</ele></trkpt>
      <trkpt lat="46.37324854331125" lon="7.975770474257953">
      <ele>2105.2</ele></trkpt>
      <trkpt lat="46.37332503798135" lon="7.975836278803216">
      <ele>2105.7</ele></trkpt>
      <trkpt lat="46.37338571002621" lon="7.975890463996093">
      <ele>2106.1</ele></trkpt>
      <trkpt lat="46.37343313192674" lon="7.97594259474801">
      <ele>2106.5</ele></trkpt>
      <trkpt lat="46.373479249646145" lon="7.975990878670122">
      <ele>2107.0</ele></trkpt>
      <trkpt lat="46.373528075316884" lon="7.976029623898658">
      <ele>2107.4</ele></trkpt>
      <trkpt lat="46.37360331095689" lon="7.976082030082448">
      <ele>2107.8</ele></trkpt>
      <trkpt lat="46.37367985072635" lon="7.976140180872004">
      <ele>2108.7</ele></trkpt>
      <trkpt lat="46.373749742736365" lon="7.97620018956032">
      <ele>2109.6</ele></trkpt>
      <trkpt lat="46.37382097509213" lon="7.97626019867172">
      <ele>2110.5</ele></trkpt>
      <trkpt lat="46.37389086691382" lon="7.976322131192303">
      <ele>2111.5</ele></trkpt>
      <trkpt lat="46.37397792148966" lon="7.976397607473855">
      <ele>2112.4</ele></trkpt>
      <trkpt lat="46.37406761167003" lon="7.976473110092227">
      <ele>2113.3</ele></trkpt>
      <trkpt lat="46.374157356169505" lon="7.976539047822609">
      <ele>2114.2</ele></trkpt>
      <trkpt lat="46.37423782630315" lon="7.976604906922499">
      <ele>2115.1</ele></trkpt>
      <trkpt lat="46.374298498173616" lon="7.976657157352075">
      <ele>2116.0</ele></trkpt>
      <trkpt lat="46.37433673616085" lon="7.976691977812529">
      <ele>2116.9</ele></trkpt>
      <trkpt lat="46.37441731925964" lon="7.97679656925175">
      <ele>2117.9</ele></trkpt>
      <trkpt lat="46.3745001277489" lon="7.976913686094289">
      <ele>2118.8</ele></trkpt>
      <trkpt lat="46.37457464760161" lon="7.977020141634658">
      <ele>2119.7</ele></trkpt>
      <trkpt lat="46.374676089807124" lon="7.977164919464444">
      <ele>2120.6</ele></trkpt>
      <trkpt lat="46.37471816995496" lon="7.977229814631662">
      <ele>2121.5</ele></trkpt>
      <trkpt lat="46.3747513170715" lon="7.9772682244436925">
      <ele>2122.4</ele></trkpt>
      <trkpt lat="46.37480315034597" lon="7.977300568042709">
      <ele>2123.4</ele></trkpt>
      <trkpt lat="46.37485913137713" lon="7.977330873313873">
      <ele>2124.3</ele></trkpt>
      <trkpt lat="46.3749137252169" lon="7.977365349932146">
      <ele>2125.2</ele></trkpt>
      <trkpt lat="46.374976472480654" lon="7.977385896677153">
      <ele>2126.1</ele></trkpt>
      <trkpt lat="46.37502266361616" lon="7.977395881624724">
      <ele>2126.3</ele></trkpt>
      <trkpt lat="46.37507945148184" lon="7.977398368406251">
      <ele>2126.5</ele></trkpt>
      <trkpt lat="46.37513322864719" lon="7.977407817760049">
      <ele>2126.6</ele></trkpt>
      <trkpt lat="46.375184789464896" lon="7.977425550289898">
      <ele>2126.8</ele></trkpt>
      <trkpt lat="46.37523630482971" lon="7.977452848269103">
      <ele>2127.0</ele></trkpt>
      <trkpt lat="46.375282530950024" lon="7.9774800808364335">
      <ele>2127.2</ele></trkpt>
      <trkpt lat="46.37532475373392" lon="7.977513031462404">
      <ele>2127.4</ele></trkpt>
      <trkpt lat="46.37536826253786" lon="7.977551739630637">
      <ele>2127.5</ele></trkpt>
      <trkpt lat="46.375403928363596" lon="7.977571225257254">
      <ele>2127.7</ele></trkpt>
      <trkpt lat="46.37544625110335" lon="7.97758503221546">
      <ele>2127.9</ele></trkpt>
      <trkpt lat="46.37550051100162" lon="7.977593225882654">
      <ele>2128.1</ele></trkpt>
      <trkpt lat="46.37557330143895" lon="7.977601603422108">
      <ele>2128.3</ele></trkpt>
      <trkpt lat="46.375626257171945" lon="7.977605963010002">
      <ele>2128.4</ele></trkpt>
      <trkpt lat="46.375671297409404" lon="7.977602575718063">
      <ele>2128.6</ele></trkpt>
      <trkpt lat="46.37570840372033" lon="7.977597212108709">
      <ele>2128.8</ele></trkpt>
      <trkpt lat="46.37574419684793" lon="7.977589911874116">
      <ele>2129.0</ele></trkpt>
      <trkpt lat="46.375774637222676" lon="7.977592124484161">
      <ele>2129.2</ele></trkpt>
      <trkpt lat="46.37581463499827" lon="7.9776124590937645">
      <ele>2129.3</ele></trkpt>
      <trkpt lat="46.37586109644827" lon="7.977648844487131">
      <ele>2129.5</ele></trkpt>
      <trkpt lat="46.37590863920168" lon="7.977707556972468">
      <ele>2129.7</ele></trkpt>
      <trkpt lat="46.37587097318723" lon="7.977764423086883">
      <ele>2129.7</ele></trkpt>
      <trkpt lat="46.37582821334349" lon="7.977812283461399">
      <ele>2129.8</ele></trkpt>
      <trkpt lat="46.37579626528532" lon="7.977847149871319">
      <ele>2129.8</ele></trkpt>
      <trkpt lat="46.375783951038805" lon="7.977882874003672">
      <ele>2129.8</ele></trkpt>
      <trkpt lat="46.375781930218196" lon="7.977920026027176">
      <ele>2129.8</ele></trkpt>
      <trkpt lat="46.37579022306331" lon="7.977952458471947">
      <ele>2129.9</ele></trkpt>
      <trkpt lat="46.375815759519014" lon="7.978002205496537">
      <ele>2129.9</ele></trkpt>
      <trkpt lat="46.37583707787936" lon="7.978049857117175">
      <ele>2129.9</ele></trkpt>
      <trkpt lat="46.37586462223646" lon="7.9781256836621175">
      <ele>2130.0</ele></trkpt>
      <trkpt lat="46.375886775091075" lon="7.9781907859828225">
      <ele>2130.0</ele></trkpt>
      <trkpt lat="46.37590492456835" lon="7.9782634909779375">
      <ele>2130.0</ele></trkpt>
      <trkpt lat="46.37591652589886" lon="7.978322782772809">
      <ele>2130.1</ele></trkpt>
      <trkpt lat="46.37592018418162" lon="7.978385790871152">
      <ele>2130.1</ele></trkpt>
      <trkpt lat="46.37591597181982" lon="7.978439193769058">
      <ele>2130.1</ele></trkpt>
      <trkpt lat="46.375910400788555" lon="7.978500212549894">
      <ele>2130.2</ele></trkpt>
      <trkpt lat="46.37592066143837" lon="7.978565209873889">
      <ele>2130.2</ele></trkpt>
      <trkpt lat="46.37594012400498" lon="7.978637928095147">
      <ele>2130.2</ele></trkpt>
      <trkpt lat="46.37595963191595" lon="7.978703004421659">
      <ele>2130.2</ele></trkpt>
      <trkpt lat="46.375987064785484" lon="7.978766261992599">
      <ele>2130.3</ele></trkpt>
      <trkpt lat="46.376006369661106" lon="7.978802183488477">
      <ele>2130.3</ele></trkpt>
      <trkpt lat="46.376065023794666" lon="7.978892552099075">
      <ele>2130.3</ele></trkpt>
      <trkpt lat="46.37610615705514" lon="7.978948290748529">
      <ele>2130.3</ele></trkpt>
      <trkpt lat="46.3761647871128" lon="7.978998380734129">
      <ele>2130.3</ele></trkpt>
      <trkpt lat="46.3762447675982" lon="7.9790496580345645">
      <ele>2130.3</ele></trkpt>
      <trkpt lat="46.37632458185045" lon="7.979133921140647">
      <ele>2130.3</ele></trkpt>
      <trkpt lat="46.37636052905377" lon="7.979190570438703">
      <ele>2130.3</ele></trkpt>
      <trkpt lat="46.37637581043952" lon="7.979238279904578">
      <ele>2130.3</ele></trkpt>
      <trkpt lat="46.376374511703546" lon="7.979305021500177">
      <ele>2130.3</ele></trkpt>
      <trkpt lat="46.37634987686121" lon="7.979371946709151">
      <ele>2130.3</ele></trkpt>
      <trkpt lat="46.37633729950603" lon="7.9794023783168875">
      <ele>2130.4</ele></trkpt>
      <trkpt lat="46.37631973801781" lon="7.979421582558583">
      <ele>2130.4</ele></trkpt>
      <trkpt lat="46.37629940235919" lon="7.979430192317039">
      <ele>2130.4</ele></trkpt>
      <trkpt lat="46.37626123198663" lon="7.97944173087771">
      <ele>2130.4</ele></trkpt>
      <trkpt lat="46.37621658292912" lon="7.979451736221305">
      <ele>2130.4</ele></trkpt>
      <trkpt lat="46.376186490281846" lon="7.979457727328299">
      <ele>2130.4</ele></trkpt>
      <trkpt lat="46.3761624908401" lon="7.979470628683932">
      <ele>2130.4</ele></trkpt>
      <trkpt lat="46.37614407330362" lon="7.979493905477174">
      <ele>2130.4</ele></trkpt>
      <trkpt lat="46.37613875214211" lon="7.979534482116206">
      <ele>2130.4</ele></trkpt>
      <trkpt lat="46.37614189755326" lon="7.979570970919621">
      <ele>2130.4</ele></trkpt>
      <trkpt lat="46.376149522158144" lon="7.97960383909007">
      <ele>2130.4</ele></trkpt>
      <trkpt lat="46.376169358437025" lon="7.979643340550999">
      <ele>2130.3</ele></trkpt>
      <trkpt lat="46.376218356245516" lon="7.979741906461459">
      <ele>2130.3</ele></trkpt>
      <trkpt lat="46.376278477551175" lon="7.979826286286954">
      <ele>2130.2</ele></trkpt>
      <trkpt lat="46.376393398489526" lon="7.9799715851815956">
      <ele>2130.2</ele></trkpt>
      <trkpt lat="46.37646503571385" lon="7.980068856757937">
      <ele>2130.1</ele></trkpt>
      <trkpt lat="46.37654376929817" lon="7.980194650682465">
      <ele>2130.0</ele></trkpt>
      <trkpt lat="46.3766214894477" lon="7.980314118113275">
      <ele>2130.0</ele></trkpt>
      <trkpt lat="46.37670229631534" lon="7.980435202364088">
      <ele>2129.9</ele></trkpt>
      <trkpt lat="46.3767299045743" lon="7.980476614700289">
      <ele>2129.9</ele></trkpt>
      <trkpt lat="46.37675285226274" lon="7.980506880749147">
      <ele>2129.8</ele></trkpt>
      <trkpt lat="46.37677248660175" lon="7.980547160815515">
      <ele>2129.7</ele></trkpt>
      <trkpt lat="46.37678814509244" lon="7.980585490615161">
      <ele>2129.7</ele></trkpt>
      <trkpt lat="46.37681030554239" lon="7.980648710500641">
      <ele>2129.6</ele></trkpt>
      <trkpt lat="46.37683246621863" lon="7.9807099938147985">
      <ele>2129.6</ele></trkpt>
      <trkpt lat="46.37686119281576" lon="7.980780895867517">
      <ele>2129.5</ele></trkpt>
      <trkpt lat="46.37690182950205" lon="7.980848108612106">
      <ele>2129.4</ele></trkpt>
      <trkpt lat="46.37694248470186" lon="7.980907679104667">
      <ele>2129.4</ele></trkpt>
      <trkpt lat="46.376993654569276" lon="7.980980716121618">
      <ele>2129.3</ele></trkpt>
      <trkpt lat="46.377044851804804" lon="7.981048021635674">
      <ele>2129.3</ele></trkpt>
      <trkpt lat="46.37708428469438" lon="7.981090410469012">
      <ele>2129.2</ele></trkpt>
      <trkpt lat="46.37712238639257" lon="7.98113087542847">
      <ele>2129.1</ele></trkpt>
      <trkpt lat="46.37716051526971" lon="7.981169417076594">
      <ele>2128.9</ele></trkpt>
      <trkpt lat="46.37720393351526" lon="7.981206113965617">
      <ele>2128.8</ele></trkpt>
      <trkpt lat="46.377260538719995" lon="7.981246763931164">
      <ele>2128.7</ele></trkpt>
      <trkpt lat="46.37731321329682" lon="7.981281655769736">
      <ele>2128.5</ele></trkpt>
      <trkpt lat="46.37737508040578" lon="7.981328077417402">
      <ele>2128.4</ele></trkpt>
      <trkpt lat="46.377446158344775" lon="7.981380323158638">
      <ele>2128.3</ele></trkpt>
      <trkpt lat="46.377514646267656" lon="7.981423002880015">
      <ele>2128.1</ele></trkpt>
      <trkpt lat="46.37757656819091" lon="7.981457961468207">
      <ele>2128.0</ele></trkpt>
      <trkpt lat="46.37766093342551" lon="7.981495068088104">
      <ele>2127.8</ele></trkpt>
      <trkpt lat="46.37772421405006" lon="7.981522436777352">
      <ele>2127.7</ele></trkpt>
      <trkpt lat="46.37776900017823" lon="7.98154960768238">
      <ele>2127.6</ele></trkpt>
      <trkpt lat="46.37782429214537" lon="7.981588321640269">
      <ele>2127.4</ele></trkpt>
      <trkpt lat="46.37787824347859" lon="7.9816308436106125">
      <ele>2127.3</ele></trkpt>
      <trkpt lat="46.377926941662" lon="7.981669517806029">
      <ele>2127.2</ele></trkpt>
      <trkpt lat="46.377986109282055" lon="7.9817254537910305">
      <ele>2127.0</ele></trkpt>
      <trkpt lat="46.378050529631615" lon="7.981789072117771">
      <ele>2126.9</ele></trkpt>
      <trkpt lat="46.37811365479567" lon="7.98184888228724">
      <ele>2126.8</ele></trkpt>
      <trkpt lat="46.378180756116684" lon="7.98190680868794">
      <ele>2126.6</ele></trkpt>
      <trkpt lat="46.37826233022148" lon="7.981974433403075">
      <ele>2126.5</ele></trkpt>
      <trkpt lat="46.37832679614396" lon="7.9820285123872265">
      <ele>2126.3</ele></trkpt>
      <trkpt lat="46.37838734971666" lon="7.982073024926172">
      <ele>2126.2</ele></trkpt>
      <trkpt lat="46.37844131902015" lon="7.9821136373132235">
      <ele>2126.0</ele></trkpt>
      <trkpt lat="46.378472881601326" lon="7.9821425874409515">
      <ele>2125.9</ele></trkpt>
      <trkpt lat="46.378499163810545" lon="7.982171497762419">
      <ele>2125.7</ele></trkpt>
      <trkpt lat="46.378542499659765" lon="7.982223442069757">
      <ele>2125.5</ele></trkpt>
      <trkpt lat="46.37858579839667" lon="7.9822868762395025">
      <ele>2125.4</ele></trkpt>
      <trkpt lat="46.37863300956374" lon="7.982357966454042">
      <ele>2125.2</ele></trkpt>
      <trkpt lat="46.37868025733249" lon="7.982421414375768">
      <ele>2125.1</ele></trkpt>
      <trkpt lat="46.37871565866229" lon="7.98247712700589">
      <ele>2124.9</ele></trkpt>
      <trkpt lat="46.37874574307124" lon="7.982540416264328">
      <ele>2124.7</ele></trkpt>
      <trkpt lat="46.378766562241175" lon="7.982603599808726">
      <ele>2124.6</ele></trkpt>
      <trkpt lat="46.378780787342016" lon="7.982670551754716">
      <ele>2124.4</ele></trkpt>
      <trkpt lat="46.37879236803497" lon="7.98273366884566">
      <ele>2124.3</ele></trkpt>
      <trkpt lat="46.378803957985376" lon="7.982794849360378">
      <ele>2124.1</ele></trkpt>
      <trkpt lat="46.37882347255524" lon="7.982858045996275">
      <ele>2123.9</ele></trkpt>
      <trkpt lat="46.3788639433711" lon="7.9829576910219195">
      <ele>2123.8</ele></trkpt>
      <trkpt lat="46.37889393585682" lon="7.983040073837025">
      <ele>2123.6</ele></trkpt>
      <trkpt lat="46.37891869408705" lon="7.983110927051301">
      <ele>2123.5</ele></trkpt>
      <trkpt lat="46.378948659117036" lon="7.983197131170726">
      <ele>2123.3</ele></trkpt>
      <trkpt lat="46.37897605265952" lon="7.983269934656955">
      <ele>2123.3</ele></trkpt>
      <trkpt lat="46.37901002143186" lon="7.983346625569471">
      <ele>2123.4</ele></trkpt>
      <trkpt lat="46.37903875543881" lon="7.983417518951908">
      <ele>2123.4</ele></trkpt>
      <trkpt lat="46.37906879361" lon="7.983488451487696">
      <ele>2123.5</ele></trkpt>
      <trkpt lat="46.37909754613498" lon="7.98355172836185">
      <ele>2123.5</ele></trkpt>
      <trkpt lat="46.37912234982878" lon="7.983613054972428">
      <ele>2123.5</ele></trkpt>
      <trkpt lat="46.379139283634274" lon="7.983662838397818">
      <ele>2123.6</ele></trkpt>
      <trkpt lat="46.37914958717973" lon="7.983718300455629">
      <ele>2123.6</ele></trkpt>
      <trkpt lat="46.37915192907314" lon="7.98378131248331">
      <ele>2123.7</ele></trkpt>
      <trkpt lat="46.37914897244912" lon="7.983846182045996">
      <ele>2123.7</ele></trkpt>
      <trkpt lat="46.37914602497456" lon="7.983909140981323">
      <ele>2123.7</ele></trkpt>
      <trkpt lat="46.37915106653545" lon="7.983960715842329">
      <ele>2123.8</ele></trkpt>
      <trkpt lat="46.37917068165721" lon="7.984000998754957">
      <ele>2123.8</ele></trkpt>
      <trkpt lat="46.37919691744365" lon="7.984041335177098">
      <ele>2123.9</ele></trkpt>
      <trkpt lat="46.379235008705926" lon="7.984085625117801">
      <ele>2123.9</ele></trkpt>
      <trkpt lat="46.379273081632874" lon="7.98413372337247">
      <ele>2123.9</ele></trkpt>
      <trkpt lat="46.37930717804655" lon="7.984187500912465">
      <ele>2124.0</ele></trkpt>
      <trkpt lat="46.37934123793458" lon="7.984245125588337">
      <ele>2124.0</ele></trkpt>
      <trkpt lat="46.379373984589606" lon="7.984302711147925">
      <ele>2124.1</ele></trkpt>
      <trkpt lat="46.37940143258824" lon="7.984364051986919">
      <ele>2124.1</ele></trkpt>
      <trkpt lat="46.37942096467422" lon="7.984423428621925">
      <ele>2124.1</ele></trkpt>
      <trkpt lat="46.37943652981915" lon="7.984482752437235">
      <ele>2124.1</ele></trkpt>
      <trkpt lat="46.37944815548951" lon="7.984536317522502">
      <ele>2124.2</ele></trkpt>
      <trkpt lat="46.37945981772385" lon="7.984584150827653">
      <ele>2124.2</ele></trkpt>
      <trkpt lat="46.379470157613895" lon="7.984631970861392">
      <ele>2124.2</ele></trkpt>
      <trkpt lat="46.379489588753074" lon="7.984710414906704">
      <ele>2124.2</ele></trkpt>
      <trkpt lat="46.379507770792884" lon="7.984775497368208">
      <ele>2124.2</ele></trkpt>
      <trkpt lat="46.37952598939731" lon="7.984834848063378">
      <ele>2124.3</ele></trkpt>
      <trkpt lat="46.379554722764595" lon="7.984901947451612">
      <ele>2124.3</ele></trkpt>
      <trkpt lat="46.37958745067756" lon="7.984963354904672">
      <ele>2124.3</ele></trkpt>
      <trkpt lat="46.37962285075879" lon="7.985019070121944">
      <ele>2124.3</ele></trkpt>
      <trkpt lat="46.379663485418476" lon="7.985082454999802">
      <ele>2124.3</ele></trkpt>
      <trkpt lat="46.379701484115344" lon="7.9851477371816015">
      <ele>2124.4</ele></trkpt>
      <trkpt lat="46.37973555242321" lon="7.985207247704543">
      <ele>2124.4</ele></trkpt>
      <trkpt lat="46.37976564473217" lon="7.985266718289162">
      <ele>2124.4</ele></trkpt>
      <trkpt lat="46.379785204039344" lon="7.9853203507218495">
      <ele>2124.4</ele></trkpt>
      <trkpt lat="46.37980413112224" lon="7.985383829467513">
      <ele>2124.4</ele></trkpt>
      <trkpt lat="46.379822579938285" lon="7.985445743658191">
      <ele>2124.5</ele></trkpt>
      <trkpt lat="46.37986126620687" lon="7.985575465371009">
      <ele>2124.5</ele></trkpt>
      <trkpt lat="46.379877954695765" lon="7.985651686004922">
      <ele>2124.5</ele></trkpt>
      <trkpt lat="46.379892067453056" lon="7.985741554874975">
      <ele>2124.7</ele></trkpt>
      <trkpt lat="46.37989169916947" lon="7.985817889737356">
      <ele>2124.8</ele></trkpt>
      <trkpt lat="46.37989140446796" lon="7.985878965425075">
      <ele>2125.0</ele></trkpt>
      <trkpt lat="46.37990302025818" lon="7.985934441904078">
      <ele>2125.2</ele></trkpt>
      <trkpt lat="46.37992388329385" lon="7.9859900115920714">
      <ele>2125.4</ele></trkpt>
      <trkpt lat="46.37995925532844" lon="7.986051433773666">
      <ele>2125.6</ele></trkpt>
      <trkpt lat="46.37999463642795" lon="7.986110971380798">
      <ele>2125.7</ele></trkpt>
      <trkpt lat="46.38001684943747" lon="7.986160809610777">
      <ele>2125.9</ele></trkpt>
      <trkpt lat="46.380029787246535" lon="7.986218197352819">
      <ele>2126.1</ele></trkpt>
      <trkpt lat="46.38003739882475" lon="7.986283174398417">
      <ele>2126.2</ele></trkpt>
      <trkpt lat="46.3800422735654" lon="7.986367205312462">
      <ele>2126.4</ele></trkpt>
      <trkpt lat="46.38004720326009" lon="7.98644170907014">
      <ele>2126.6</ele></trkpt>
      <trkpt lat="46.38004036917772" lon="7.9865007302390945">
      <ele>2126.8</ele></trkpt>
      <trkpt lat="46.3800265050734" lon="7.986553181348934">
      <ele>2126.9</ele></trkpt>
      <trkpt lat="46.38001750132087" lon="7.986601366044618">
      <ele>2127.1</ele></trkpt>
      <trkpt lat="46.380021620672025" lon="7.986653647594622">
      <ele>2127.3</ele></trkpt>
      <trkpt lat="46.38004121700254" lon="7.986716236961543">
      <ele>2127.5</ele></trkpt>
      <trkpt lat="46.38006906250889" lon="7.98677695988118">
      <ele>2127.7</ele></trkpt>
      <trkpt lat="46.380117024915165" lon="7.9868502472610565">
      <ele>2127.8</ele></trkpt>
      <trkpt lat="46.38018044162371" lon="7.986923638777913">
      <ele>2128.0</ele></trkpt>
      <trkpt lat="46.380261301860656" lon="7.987008060162984">
      <ele>2128.0</ele></trkpt>
      <trkpt lat="46.3803171351284" lon="7.987073979439979">
      <ele>2128.0</ele></trkpt>
      <trkpt lat="46.38035804007543" lon="7.987118443826912">
      <ele>2128.0</ele></trkpt>
      <trkpt lat="46.380386636462816" lon="7.9871615101422515">
      <ele>2128.0</ele></trkpt>
      <trkpt lat="46.38040863092057" lon="7.987211801901081">
      <ele>2128.0</ele></trkpt>
      <trkpt lat="46.380422646384496" lon="7.987267602400247">
      <ele>2128.0</ele></trkpt>
      <trkpt lat="46.38042923634522" lon="7.987327929335868">
      <ele>2128.0</ele></trkpt>
      <trkpt lat="46.38042659184932" lon="7.987404098973922">
      <ele>2128.0</ele></trkpt>
      <trkpt lat="46.38042361887648" lon="7.987484931694898">
      <ele>2128.0</ele></trkpt>
      <trkpt lat="46.38042436706223" lon="7.987534800940269">
      <ele>2127.9</ele></trkpt>
      <trkpt lat="46.380425441524416" lon="7.987569296431819">
      <ele>2127.9</ele></trkpt>
      <trkpt lat="46.38043118979223" lon="7.987621347947286">
      <ele>2127.9</ele></trkpt>
      <trkpt lat="46.38044022476901" lon="7.987663436959456">
      <ele>2127.9</ele></trkpt>
      <trkpt lat="46.38045977362908" lon="7.98771899458457">
      <ele>2127.9</ele></trkpt>
      <trkpt lat="46.380497623220634" lon="7.987812900489961">
      <ele>2127.9</ele></trkpt>
      <trkpt lat="46.38053554644338" lon="7.987893444936063">
      <ele>2127.9</ele></trkpt>
      <trkpt lat="46.38057999819108" lon="7.9879893416313275">
      <ele>2127.9</ele></trkpt>
      <trkpt lat="46.38060479954828" lon="7.988050658943952">
      <ele>2127.9</ele></trkpt>
      <trkpt lat="46.38062038124746" lon="7.9881061767462365">
      <ele>2127.9</ele></trkpt>
      <trkpt lat="46.38063196823643" lon="7.988167373463331">
      <ele>2127.9</ele></trkpt>
      <trkpt lat="46.380642084639874" lon="7.988260999350073">
      <ele>2128.1</ele></trkpt>
      <trkpt lat="46.38066514713131" lon="7.988408205768199">
      <ele>2128.3</ele></trkpt>
      <trkpt lat="46.38068297539301" lon="7.988545818481571">
      <ele>2128.5</ele></trkpt>
      <trkpt lat="46.380702070271894" lon="7.9886948957231345">
      <ele>2128.6</ele></trkpt>
      <trkpt lat="46.38071996300835" lon="7.988819146898771">
      <ele>2128.8</ele></trkpt>
      <trkpt lat="46.38072880317915" lon="7.988901295520615">
      <ele>2129.0</ele></trkpt>
      <trkpt lat="46.38073113285778" lon="7.988966233275647">
      <ele>2129.2</ele></trkpt>
      <trkpt lat="46.38073205712257" lon="7.989046416951124">
      <ele>2129.4</ele></trkpt>
      <trkpt lat="46.38073022508105" lon="7.989153271467594">
      <ele>2129.6</ele></trkpt>
      <trkpt lat="46.38072577599535" lon="7.989254393137916">
      <ele>2129.8</ele></trkpt>
      <trkpt lat="46.38072007865825" lon="7.98934022898501">
      <ele>2129.9</ele></trkpt>
      <trkpt lat="46.380710488677934" lon="7.989408854422838">
      <ele>2130.1</ele></trkpt>
      <trkpt lat="46.38069551617519" lon="7.989500315469651">
      <ele>2130.3</ele></trkpt>
      <trkpt lat="46.380671157154254" lon="7.989620329761577">
      <ele>2130.5</ele></trkpt>
      <trkpt lat="46.38064281230283" lon="7.98974600980721">
      <ele>2130.7</ele></trkpt>
      <trkpt lat="46.38060915044849" lon="7.989875457292375">
      <ele>2130.9</ele></trkpt>
      <trkpt lat="46.38058757517722" lon="7.989964953257009">
      <ele>2131.0</ele></trkpt>
      <trkpt lat="46.38057933471718" lon="7.990029770592896">
      <ele>2131.2</ele></trkpt>
      <trkpt lat="46.38058560303734" lon="7.99010044150916">
      <ele>2131.4</ele></trkpt>
      <trkpt lat="46.380597105321826" lon="7.990178834643617">
      <ele>2131.6</ele></trkpt>
      <trkpt lat="46.380612481477186" lon="7.9902782465746025">
      <ele>2131.6</ele></trkpt>
      <trkpt lat="46.380622540728154" lon="7.990381413086259">
      <ele>2131.5</ele></trkpt>
      <trkpt lat="46.38063633436256" lon="7.990534245499445">
      <ele>2131.5</ele></trkpt>
      <trkpt lat="46.38064834913273" lon="7.990669928006903">
      <ele>2131.5</ele></trkpt>
      <trkpt lat="46.38065001654873" lon="7.990708082292402">
      <ele>2131.4</ele></trkpt>
      <trkpt lat="46.38067035685046" lon="7.9908705352655325">
      <ele>2131.4</ele></trkpt>
      <trkpt lat="46.38068771915692" lon="7.9910219354154055">
      <ele>2131.4</ele></trkpt>
      <trkpt lat="46.38070352266751" lon="7.991088869041927">
      <ele>2131.3</ele></trkpt>
      <trkpt lat="46.38073012237106" lon="7.991146319688097">
      <ele>2131.3</ele></trkpt>
      <trkpt lat="46.380794582183434" lon="7.991228462645275">
      <ele>2131.2</ele></trkpt>
      <trkpt lat="46.38083787101267" lon="7.991303982139755">
      <ele>2131.2</ele></trkpt>
      <trkpt lat="46.380880052281114" lon="7.991377865675639">
      <ele>2131.2</ele></trkpt>
      <trkpt lat="46.38093221977183" lon="7.991468177055285">
      <ele>2131.1</ele></trkpt>
      <trkpt lat="46.38098785410273" lon="7.991509792549999">
      <ele>2131.1</ele></trkpt>
      <trkpt lat="46.3810444745022" lon="7.9915447369355554">
      <ele>2131.1</ele></trkpt>
      <trkpt lat="46.38111307000612" lon="7.99156642782275">
      <ele>2131.0</ele></trkpt>
      <trkpt lat="46.381175072778035" lon="7.991582332291628">
      <ele>2131.0</ele></trkpt>
      <trkpt lat="46.381225248461114" lon="7.9915866646677465">
      <ele>2131.0</ele></trkpt>
      <trkpt lat="46.38126222828069" lon="7.9915889389254335">
      <ele>2130.9</ele></trkpt>
      <trkpt lat="46.38130054931261" lon="7.9915855074704">
      <ele>2130.9</ele></trkpt>
      <trkpt lat="46.381365317388834" lon="7.991578536664404">
      <ele>2130.0</ele></trkpt>
      <trkpt lat="46.38141552095615" lon="7.991577149954093">
      <ele>2129.2</ele></trkpt>
      <trkpt lat="46.381460481488034" lon="7.9915680666855105">
      <ele>2128.3</ele></trkpt>
      <trkpt lat="46.3815173438894" lon="7.991553372170423">
      <ele>2127.5</ele></trkpt>
      <trkpt lat="46.3815715607463" lon="7.9915443700926545">
      <ele>2126.6</ele></trkpt>
      <trkpt lat="46.381625750169945" lon="7.9915373045159255">
      <ele>2125.7</ele></trkpt>
      <trkpt lat="46.3816812247832" lon="7.991537869221819">
      <ele>2124.9</ele></trkpt>
      <trkpt lat="46.38172085850236" lon="7.991538272675459">
      <ele>2124.0</ele></trkpt>
      <trkpt lat="46.38175656283113" lon="7.991529082102425">
      <ele>2123.2</ele></trkpt>
      <trkpt lat="46.38179366323472" lon="7.991508466884672">
      <ele>2122.3</ele></trkpt>
      <trkpt lat="46.381839993294086" lon="7.991486021777122">
      <ele>2121.4</ele></trkpt>
      <trkpt lat="46.381890150352504" lon="7.99149417554836">
      <ele>2120.6</ele></trkpt>
      <trkpt lat="46.38194823203607" lon="7.991504320811283">
      <ele>2119.7</ele></trkpt>
      <trkpt lat="46.38200631416476" lon="7.991512529288722">
      <ele>2118.9</ele></trkpt>
      <trkpt lat="46.38206440548092" lon="7.991518853058362">
      <ele>2118.0</ele></trkpt>
      <trkpt lat="46.382113286468474" lon="7.991519350631685">
      <ele>2117.1</ele></trkpt>
      <trkpt lat="46.3821423509157" lon="7.991517735668192">
      <ele>2116.3</ele></trkpt>
      <trkpt lat="46.38217269117567" lon="7.991525674791877">
      <ele>2115.4</ele></trkpt>
      <trkpt lat="46.38223224434557" lon="7.991503390138283">
      <ele>2114.6</ele></trkpt>
      <trkpt lat="46.38228772833716" lon="7.991502031088501">
      <ele>2113.7</ele></trkpt>
      <trkpt lat="46.3823723318973" lon="7.991491440305596">
      <ele>2112.1</ele></trkpt>
      <trkpt lat="46.38243579627337" lon="7.991480634321503">
      <ele>2110.4</ele></trkpt>
      <trkpt lat="46.38248470577728" lon="7.9914715909973335">
      <ele>2108.8</ele></trkpt>
      <trkpt lat="46.38253484427216" lon="7.991483553330223">
      <ele>2107.2</ele></trkpt>
      <trkpt lat="46.38257967452444" lon="7.9915011941564735">
      <ele>2105.5</ele></trkpt>
      <trkpt lat="46.38262452308415" lon="7.991516924362167">
      <ele>2103.9</ele></trkpt>
      <trkpt lat="46.382685259749294" lon="7.991519440461673">
      <ele>2102.3</ele></trkpt>
      <trkpt lat="46.382742065681974" lon="7.991520018712778">
      <ele>2100.6</ele></trkpt>
      <trkpt lat="46.38280155377618" lon="7.991511083055425">
      <ele>2099.0</ele></trkpt>
      <trkpt lat="46.382851803915976" lon="7.991500142500237">
      <ele>2097.3</ele></trkpt>
      <trkpt lat="46.38291653479368" lon="7.991500801401825">
      <ele>2095.7</ele></trkpt>
      <trkpt lat="46.382981303184614" lon="7.991491919442694">
      <ele>2094.1</ele></trkpt>
      <trkpt lat="46.38303546478969" lon="7.991490559901191">
      <ele>2092.4</ele></trkpt>
      <trkpt lat="46.38310546639585" lon="7.991495081151235">
      <ele>2090.8</ele></trkpt>
      <trkpt lat="46.383267866951606" lon="7.991497215201814">
      <ele>2089.2</ele></trkpt>
      <trkpt lat="46.38334665387012" lon="7.9914637256693135">
      <ele>2087.5</ele></trkpt>
      <trkpt lat="46.38341017748329" lon="7.991440765929227">
      <ele>2085.9</ele></trkpt>
      <trkpt lat="46.3834834401357" lon="7.991403749247002">
      <ele>2084.3</ele></trkpt>
      <trkpt lat="46.38353234595518" lon="7.991408380697338">
      <ele>2082.6</ele></trkpt>
      <trkpt lat="46.38359142873646" lon="7.991412465777448">
      <ele>2081.0</ele></trkpt>
      <trkpt lat="46.38364403154655" lon="7.991391318602065">
      <ele>2079.7</ele></trkpt>
      <trkpt lat="46.38365827246571" lon="7.991383833044605">
      <ele>2078.4</ele></trkpt>
      <trkpt lat="46.383655108681154" lon="7.99133342921241">
      <ele>2077.1</ele></trkpt>
      <trkpt lat="46.38365917756814" lon="7.991307017383846">
      <ele>2075.9</ele></trkpt>
      <trkpt lat="46.38369711130986" lon="7.991253833924318">
      <ele>2074.6</ele></trkpt>
      <trkpt lat="46.383705738726206" lon="7.991261136230353">
      <ele>2073.3</ele></trkpt>
      <trkpt lat="46.383698274097725" lon="7.991305049374152">
      <ele>2072.0</ele></trkpt>
      <trkpt lat="46.3836888976734" lon="7.991331459208215">
      <ele>2070.7</ele></trkpt>
      <trkpt lat="46.3837006281175" lon="7.991342562854017">
      <ele>2069.4</ele></trkpt>
      <trkpt lat="46.38373361719428" lon="7.991288757102173">
      <ele>2068.2</ele></trkpt>
      <trkpt lat="46.38374563536753" lon="7.991298043794288">
      <ele>2066.9</ele></trkpt>
      <trkpt lat="46.38372548373141" lon="7.991348080448422">
      <ele>2065.6</ele></trkpt>
      <trkpt lat="46.38374494666456" lon="7.991391370703876">
      <ele>2064.3</ele></trkpt>
      <trkpt lat="46.3837812217837" lon="7.991442254627156">
      <ele>2063.0</ele></trkpt>
      <trkpt lat="46.383800774547396" lon="7.991441270714895">
      <ele>2061.7</ele></trkpt>
      <trkpt lat="46.383800134824234" lon="7.991365804044286">
      <ele>2060.4</ele></trkpt>
      <trkpt lat="46.38380471746706" lon="7.991328114098579">
      <ele>2059.2</ele></trkpt>
      <trkpt lat="46.38381320367143" lon="7.991320088973495">
      <ele>2057.9</ele></trkpt>
      <trkpt lat="46.383825955985195" lon="7.991354094583291">
      <ele>2056.6</ele></trkpt>
      <trkpt lat="46.383836047740864" lon="7.99139133592497">
      <ele>2055.3</ele></trkpt>
      <trkpt lat="46.383850504730404" lon="7.99141334767537">
      <ele>2054.3</ele></trkpt>
      <trkpt lat="46.38385779961486" lon="7.991419037566086">
      <ele>2053.4</ele></trkpt>
      <trkpt lat="46.383864520137635" lon="7.991389376837911">
      <ele>2052.4</ele></trkpt>
      <trkpt lat="46.383867925467435" lon="7.991345916230707">
      <ele>2051.5</ele></trkpt>
      <trkpt lat="46.3838774431657" lon="7.991334820789104">
      <ele>2050.5</ele></trkpt>
      <trkpt lat="46.383896915984714" lon="7.991339165690492">
      <ele>2049.5</ele></trkpt>
      <trkpt lat="46.38391078460798" lon="7.991345312449023">
      <ele>2048.6</ele></trkpt>
      <trkpt lat="46.38390274063323" lon="7.991373347839409">
      <ele>2047.6</ele></trkpt>
      <trkpt lat="46.38389609100262" lon="7.991397692643533">
      <ele>2046.7</ele></trkpt>
      <trkpt lat="46.38389904332472" lon="7.991412112793621">
      <ele>2045.7</ele></trkpt>
      <trkpt lat="46.383943164934465" lon="7.991379504882332">
      <ele>2044.7</ele></trkpt>
      <trkpt lat="46.38401140275277" lon="7.991360154552145">
      <ele>2043.8</ele></trkpt>
      <trkpt lat="46.384133858551145" lon="7.991338951056507">
      <ele>2042.8</ele></trkpt>
      <trkpt lat="46.384181229751476" lon="7.991292986777178">
      <ele>2041.9</ele></trkpt>
      <trkpt lat="46.384215164820674" lon="7.991286884448826">
      <ele>2040.9</ele></trkpt>
      <trkpt lat="46.384246664810064" lon="7.991300516229992">
      <ele>2039.9</ele></trkpt>
      <trkpt lat="46.384263476773725" lon="7.991321083168655">
      <ele>2039.0</ele></trkpt>
      <trkpt lat="46.38429561207103" lon="7.991403708650818">
      <ele>2038.0</ele></trkpt>
      <trkpt lat="46.38432179023509" lon="7.9914497975822565">
      <ele>2037.1</ele></trkpt>
      <trkpt lat="46.38435039886285" lon="7.991482639015555">
      <ele>2036.1</ele></trkpt>
      <trkpt lat="46.38438956065867" lon="7.991520800633465">
      <ele>2035.4</ele></trkpt>
      <trkpt lat="46.384418686653675" lon="7.991574836294768">
      <ele>2034.6</ele></trkpt>
      <trkpt lat="46.38444582093047" lon="7.991616697370031">
      <ele>2033.9</ele></trkpt>
      <trkpt lat="46.38446749685787" lon="7.991669188354733">
      <ele>2033.1</ele></trkpt>
      <trkpt lat="46.38452471796568" lon="7.991754344715172">
      <ele>2032.4</ele></trkpt>
      <trkpt lat="46.38454500086161" lon="7.991758594074251">
      <ele>2031.6</ele></trkpt>
      <trkpt lat="46.38456328664242" lon="7.9917831410801785">
      <ele>2030.9</ele></trkpt>
      <trkpt lat="46.38460704065314" lon="7.991842525795732">
      <ele>2030.1</ele></trkpt>
      <trkpt lat="46.38465035271699" lon="7.991902140093862">
      <ele>2029.4</ele></trkpt>
      <trkpt lat="46.38466730172794" lon="7.991946224637015">
      <ele>2028.7</ele></trkpt>
      <trkpt lat="46.38469621656289" lon="7.991978965666882">
      <ele>2027.9</ele></trkpt>
      <trkpt lat="46.384733019695986" lon="7.992015608925216">
      <ele>2027.2</ele></trkpt>
      <trkpt lat="46.3847686026618" lon="7.992033143683693">
      <ele>2026.4</ele></trkpt>
      <trkpt lat="46.38481210118236" lon="7.992052683034034">
      <ele>2025.7</ele></trkpt>
      <trkpt lat="46.384847665759615" lon="7.992072141568779">
      <ele>2024.9</ele></trkpt>
      <trkpt lat="46.384895103726016" lon="7.992095516956557">
      <ele>2024.2</ele></trkpt>
      <trkpt lat="46.384950568684474" lon="7.992099904005485">
      <ele>2023.4</ele></trkpt>
      <trkpt lat="46.3849821936627" lon="7.992117398554331">
      <ele>2022.7</ele></trkpt>
      <trkpt lat="46.385026996171554" lon="7.992138862259154">
      <ele>2021.9</ele></trkpt>
      <trkpt lat="46.38508245186652" lon="7.9921451471918425">
      <ele>2021.2</ele></trkpt>
      <trkpt lat="46.38513793574031" lon="7.992143814725127">
      <ele>2020.3</ele></trkpt>
      <trkpt lat="46.38518947135804" lon="7.9921386071652245">
      <ele>2019.3</ele></trkpt>
      <trkpt lat="46.38522775477717" lon="7.992144730106277">
      <ele>2018.4</ele></trkpt>
      <trkpt lat="46.3852634681516" lon="7.99213553943102">
      <ele>2017.4</ele></trkpt>
      <trkpt lat="46.385298555827575" lon="7.992108936002337">
      <ele>2016.5</ele></trkpt>
      <trkpt lat="46.38532695837247" lon="7.99206598900147">
      <ele>2015.6</ele></trkpt>
      <trkpt lat="46.385361403326165" lon="7.9920567983323245">
      <ele>2014.6</ele></trkpt>
      <trkpt lat="46.38540217965613" lon="7.99208667081711">
      <ele>2013.7</ele></trkpt>
      <trkpt lat="46.3854482936523" lon="7.992090091636856">
      <ele>2012.7</ele></trkpt>
      <trkpt lat="46.38550839666893" lon="7.9920676038679925">
      <ele>2011.8</ele></trkpt>
      <trkpt lat="46.38555023241395" lon="7.992059190458104">
      <ele>2010.9</ele></trkpt>
      <trkpt lat="46.38558282951941" lon="7.992037852297003">
      <ele>2009.9</ele></trkpt>
      <trkpt lat="46.3856163642027" lon="7.991999507184973">
      <ele>2009.0</ele></trkpt>
      <trkpt lat="46.38565447515819" lon="7.99197829013767">
      <ele>2008.0</ele></trkpt>
      <trkpt lat="46.385696333569676" lon="7.991946789541108">
      <ele>2007.1</ele></trkpt>
      <trkpt lat="46.385725589890065" lon="7.991896623046096">
      <ele>2006.2</ele></trkpt>
      <trkpt lat="46.38574321774703" lon="7.991858713698927">
      <ele>2005.2</ele></trkpt>
      <trkpt lat="46.385757681702415" lon="7.9918313278049755">
      <ele>2004.3</ele></trkpt>
      <trkpt lat="46.385805501258545" lon="7.991776475387471">
      <ele>2003.3</ele></trkpt>
      <trkpt lat="46.385850629157694" lon="7.991734920111254">
      <ele>2002.4</ele></trkpt>
      <trkpt lat="46.38589838357088" lon="7.991693417511875">
      <ele>2001.4</ele></trkpt>
      <trkpt lat="46.3859313684029" lon="7.99170139721406">
      <ele>2000.5</ele></trkpt>
      <trkpt lat="46.385977484122776" lon="7.991724759278504">
      <ele>1999.5</ele></trkpt>
      <trkpt lat="46.386011604832156" lon="7.991772828641552">
      <ele>1998.5</ele></trkpt>
      <trkpt lat="46.38604444106212" lon="7.991809432242936">
      <ele>1997.6</ele></trkpt>
      <trkpt lat="46.3860733189173" lon="7.991847919525627">
      <ele>1996.6</ele></trkpt>
      <trkpt lat="46.38610892987109" lon="7.991859722015893">
      <ele>1995.6</ele></trkpt>
      <trkpt lat="46.38614463377552" lon="7.991852467867492">
      <ele>1994.7</ele></trkpt>
      <trkpt lat="46.38618021715561" lon="7.991868079018153">
      <ele>1993.7</ele></trkpt>
      <trkpt lat="46.38621580940218" lon="7.991883716279129">
      <ele>1992.8</ele></trkpt>
      <trkpt lat="46.38625814428057" lon="7.991868872824038">
      <ele>1991.8</ele></trkpt>
      <trkpt lat="46.386305786314466" lon="7.991854109405485">
      <ele>1990.8</ele></trkpt>
      <trkpt lat="46.386345485537646" lon="7.991839239055995">
      <ele>1989.9</ele></trkpt>
      <trkpt lat="46.38636781707417" lon="7.9918642701078255">
      <ele>1988.9</ele></trkpt>
      <trkpt lat="46.386399460929425" lon="7.991876058260926">
      <ele>1987.9</ele></trkpt>
      <trkpt lat="46.38642451160976" lon="7.9918858422942">
      <ele>1987.0</ele></trkpt>
      <trkpt lat="46.386434969411035" lon="7.991908867469342">
      <ele>1986.0</ele></trkpt>
      <trkpt lat="46.3864732621644" lon="7.991913079512581">
      <ele>1985.0</ele></trkpt>
      <trkpt lat="46.38650079947046" lon="7.9919534384699755">
      <ele>1984.1</ele></trkpt>
      <trkpt lat="46.38653501357413" lon="7.991980501681131">
      <ele>1983.1</ele></trkpt>
      <trkpt lat="46.38656259695398" lon="7.992013256288898">
      <ele>1982.4</ele></trkpt>
      <trkpt lat="46.38659289995062" lon="7.992028826860497">
      <ele>1981.8</ele></trkpt>
      <trkpt lat="46.3866139087302" lon="7.992055768602281">
      <ele>1981.1</ele></trkpt>
      <trkpt lat="46.38665080501827" lon="7.992073317378092">
      <ele>1980.5</ele></trkpt>
      <trkpt lat="46.386698307800096" lon="7.992085254326763">
      <ele>1979.8</ele></trkpt>
      <trkpt lat="46.386743091729656" lon="7.992110527456727">
      <ele>1979.2</ele></trkpt>
      <trkpt lat="46.38677862805583" lon="7.992137617363452">
      <ele>1978.5</ele></trkpt>
      <trkpt lat="46.386820869513585" lon="7.9921437678226095">
      <ele>1977.9</ele></trkpt>
      <trkpt lat="46.38684709334621" lon="7.9921841267686204">
      <ele>1977.2</ele></trkpt>
      <trkpt lat="46.3868906660568" lon="7.992190303840557">
      <ele>1976.6</ele></trkpt>
      <trkpt lat="46.38694082306673" lon="7.99219845902227">
      <ele>1975.9</ele></trkpt>
      <trkpt lat="46.38699621386875" lon="7.992216196516763">
      <ele>1975.3</ele></trkpt>
      <trkpt lat="46.38703969409975" lon="7.9922376346213815">
      <ele>1974.6</ele></trkpt>
      <trkpt lat="46.38707794020593" lon="7.992251401432609">
      <ele>1974.0</ele></trkpt>
      <trkpt lat="46.38711347656197" lon="7.992278478599292">
      <ele>1973.3</ele></trkpt>
      <trkpt lat="46.38716084919018" lon="7.992315231448425">
      <ele>1972.7</ele></trkpt>
      <trkpt lat="46.38720826838673" lon="7.992342442849093">
      <ele>1972.0</ele></trkpt>
      <trkpt lat="46.38725171067354" lon="7.992375333746117">
      <ele>1971.4</ele></trkpt>
      <trkpt lat="46.38729901802441" lon="7.992425450113004">
      <ele>1970.8</ele></trkpt>
      <trkpt lat="46.38735290931247" lon="7.992479455715091">
      <ele>1970.1</ele></trkpt>
      <trkpt lat="46.387412108258786" lon="7.992531591552711">
      <ele>1970.2</ele></trkpt>
      <trkpt lat="46.387481840052374" lon="7.992587669952944">
      <ele>1970.3</ele></trkpt>
      <trkpt lat="46.38752658619922" lon="7.99262249852163">
      <ele>1970.3</ele></trkpt>
      <trkpt lat="46.387563370520674" lon="7.992662952956784">
      <ele>1970.4</ele></trkpt>
      <trkpt lat="46.38760150475226" lon="7.99269961219623">
      <ele>1970.5</ele></trkpt>
      <trkpt lat="46.38765543284836" lon="7.992747898708335">
      <ele>1970.6</ele></trkpt>
      <trkpt lat="46.38769878240119" lon="7.992796064374218">
      <ele>1970.7</ele></trkpt>
      <trkpt lat="46.3877262724298" lon="7.992847877305845">
      <ele>1970.7</ele></trkpt>
      <trkpt lat="46.38774969280825" lon="7.992920656939109">
      <ele>1970.8</ele></trkpt>
      <trkpt lat="46.38778631803745" lon="7.992995482442611">
      <ele>1970.9</ele></trkpt>
      <trkpt lat="46.387829517815234" lon="7.993076108225245">
      <ele>1971.0</ele></trkpt>
      <trkpt lat="46.387875390272704" lon="7.9931510153628444">
      <ele>1971.1</ele></trkpt>
      <trkpt lat="46.38792128158866" lon="7.993220215752178">
      <ele>1971.1</ele></trkpt>
      <trkpt lat="46.38795941598883" lon="7.9932549646040325">
      <ele>1971.2</ele></trkpt>
      <trkpt lat="46.38800797963706" lon="7.99332035743148">
      <ele>1971.3</ele></trkpt>
      <trkpt lat="46.38805917912229" lon="7.993383892273575">
      <ele>1971.4</ele></trkpt>
      <trkpt lat="46.38810249037693" lon="7.993443511591528">
      <ele>1971.5</ele></trkpt>
      <trkpt lat="46.388149806604105" lon="7.993491718738911">
      <ele>1971.5</ele></trkpt>
      <trkpt lat="46.38818525852682" lon="7.993535995680913">
      <ele>1971.6</ele></trkpt>
      <trkpt lat="46.38823196892909" lon="7.993560926381409">
      <ele>1971.7</ele></trkpt>
      <trkpt lat="46.38826828368313" lon="7.993605355255673">
      <ele>1972.0</ele></trkpt>
      <trkpt lat="46.388292721226875" lon="7.99364849278576">
      <ele>1972.3</ele></trkpt>
      <trkpt lat="46.3883216778657" lon="7.993722227132354">
      <ele>1972.6</ele></trkpt>
      <trkpt lat="46.3883312491816" lon="7.993766395820527">
      <ele>1972.9</ele></trkpt>
      <trkpt lat="46.388338780234456" lon="7.993789977263595">
      <ele>1973.2</ele></trkpt>
      <trkpt lat="46.38837670037588" lon="7.993826193624031">
      <ele>1973.4</ele></trkpt>
      <trkpt lat="46.38840416669969" lon="7.993851512934035">
      <ele>1973.7</ele></trkpt>
      <trkpt lat="46.38847449425964" lon="7.993921744465216">
      <ele>1974.0</ele></trkpt>
      <trkpt lat="46.388497694624604" lon="7.993956640466119">
      <ele>1974.3</ele></trkpt>
      <trkpt lat="46.38855052412971" lon="7.994012392970561">
      <ele>1974.6</ele></trkpt>
      <trkpt lat="46.38860720835205" lon="7.994061710848612">
      <ele>1974.9</ele></trkpt>
      <trkpt lat="46.388646126157035" lon="7.994094414693702">
      <ele>1975.2</ele></trkpt>
      <trkpt lat="46.38867401526081" lon="7.9941252377320735">
      <ele>1975.5</ele></trkpt>
      <trkpt lat="46.38874468261583" lon="7.994181160056057">
      <ele>1975.8</ele></trkpt>
      <trkpt lat="46.388788274791025" lon="7.994212728856654">
      <ele>1976.0</ele></trkpt>
      <trkpt lat="46.38883743909817" lon="7.9942343574267545">
      <ele>1976.3</ele></trkpt>
      <trkpt lat="46.38884626566935" lon="7.994239530875346">
      <ele>1976.6</ele></trkpt>
      <trkpt lat="46.38889496928326" lon="7.99427440217586">
      <ele>1976.9</ele></trkpt>
      <trkpt lat="46.38894030131702" lon="7.994307054973867">
      <ele>1977.2</ele></trkpt>
      <trkpt lat="46.38896911942508" lon="7.994320844261779">
      <ele>1977.5</ele></trkpt>
      <trkpt lat="46.38904547899024" lon="7.994338630146219">
      <ele>1978.0</ele></trkpt>
      <trkpt lat="46.38908334360663" lon="7.994323716087253">
      <ele>1978.6</ele></trkpt>
      <trkpt lat="46.389110898760194" lon="7.994334554397522">
      <ele>1979.1</ele></trkpt>
      <trkpt lat="46.38912191924795" lon="7.994339945344608">
      <ele>1979.6</ele></trkpt>
      <trkpt lat="46.389166120951565" lon="7.9943315573343785">
      <ele>1980.2</ele></trkpt>
      <trkpt lat="46.38921627187447" lon="7.994324400226655">
      <ele>1980.7</ele></trkpt>
      <trkpt lat="46.38933695981635" lon="7.994307941474357">
      <ele>1981.2</ele></trkpt>
      <trkpt lat="46.38948296703764" lon="7.994233538338419">
      <ele>1981.7</ele></trkpt>
      <trkpt lat="46.38956259123427" lon="7.994189059039416">
      <ele>1982.3</ele></trkpt>
      <trkpt lat="46.38964115068678" lon="7.994099313743512">
      <ele>1982.8</ele></trkpt>
      <trkpt lat="46.38976072398679" lon="7.993955905143218">
      <ele>1983.3</ele></trkpt>
      <trkpt lat="46.389798208579286" lon="7.993930404243362">
      <ele>1983.9</ele></trkpt>
      <trkpt lat="46.38983903623543" lon="7.993918458129447">
      <ele>1984.4</ele></trkpt>
      <trkpt lat="46.389904076354895" lon="7.99390556350637">
      <ele>1984.9</ele></trkpt>
      <trkpt lat="46.38992829993395" lon="7.99390050692698">
      <ele>1985.4</ele></trkpt>
      <trkpt lat="46.38996261243531" lon="7.993920241721223">
      <ele>1986.0</ele></trkpt>
      <trkpt lat="46.389995313689695" lon="7.99391996506205">
      <ele>1986.5</ele></trkpt>
      <trkpt lat="46.39002848373968" lon="7.993910293718833">
      <ele>1987.0</ele></trkpt>
      <trkpt lat="46.390053130443064" lon="7.993907009546875">
      <ele>1987.6</ele></trkpt>
      <trkpt lat="46.390080771591514" lon="7.99389845171504">
      <ele>1988.1</ele></trkpt>
      <trkpt lat="46.390106238365014" lon="7.993902222287202">
      <ele>1988.3</ele></trkpt>
      <trkpt lat="46.39014527414372" lon="7.993910837852324">
      <ele>1988.6</ele></trkpt>
      <trkpt lat="46.390221633837456" lon="7.99392861054596">
      <ele>1988.8</ele></trkpt>
      <trkpt lat="46.39030270236151" lon="7.99393821498154">
      <ele>1989.1</ele></trkpt>
      <trkpt lat="46.39033287803015" lon="7.993933804274712">
      <ele>1989.3</ele></trkpt>
      <trkpt lat="46.39036905971052" lon="7.993915349171634">
      <ele>1989.6</ele></trkpt>
      <trkpt lat="46.390394580810046" lon="7.993906184583452">
      <ele>1989.8</ele></trkpt>
      <trkpt lat="46.39043744835044" lon="7.993913058273226">
      <ele>1990.1</ele></trkpt>
      <trkpt lat="46.39046157731808" lon="7.993929165923445">
      <ele>1990.3</ele></trkpt>
      <trkpt lat="46.390477603258056" lon="7.993954005250081">
      <ele>1990.6</ele></trkpt>
      <trkpt lat="46.390494095128986" lon="7.993970034833089">
      <ele>1990.8</ele></trkpt>
      <trkpt lat="46.3905420023135" lon="7.9939875297588845">
      <ele>1991.1</ele></trkpt>
      <trkpt lat="46.39062508766019" lon="7.994020660416116">
      <ele>1991.3</ele></trkpt>
      <trkpt lat="46.39071633077336" lon="7.994033879341034">
      <ele>1991.6</ele></trkpt>
      <trkpt lat="46.39078121694628" lon="7.994054265224879">
      <ele>1991.8</ele></trkpt>
      <trkpt lat="46.39083125236264" lon="7.994087227097777">
      <ele>1992.1</ele></trkpt>
      <trkpt lat="46.39088525503838" lon="7.994118331485897">
      <ele>1992.3</ele></trkpt>
      <trkpt lat="46.39095002636763" lon="7.994158490699293">
      <ele>1992.6</ele></trkpt>
      <trkpt lat="46.390994489215686" lon="7.994166577060515">
      <ele>1992.8</ele></trkpt>
      <trkpt lat="46.39103278059573" lon="7.994156360037634">
      <ele>1993.1</ele></trkpt>
      <trkpt lat="46.39108220399045" lon="7.994145294806845">
      <ele>1994.0</ele></trkpt>
      <trkpt lat="46.39113225897365" lon="7.994146703903074">
      <ele>1994.9</ele></trkpt>
      <trkpt lat="46.391167643458196" lon="7.994164292102472">
      <ele>1995.8</ele></trkpt>
      <trkpt lat="46.3912196208469" lon="7.994199315327331">
      <ele>1996.8</ele></trkpt>
      <trkpt lat="46.391274542928926" lon="7.994202490396156">
      <ele>1997.7</ele></trkpt>
      <trkpt lat="46.391295560918145" lon="7.994225613118352">
      <ele>1998.6</ele></trkpt>
      <trkpt lat="46.391306289986616" lon="7.994251932834473">
      <ele>1999.5</ele></trkpt>
      <trkpt lat="46.391331065383966" lon="7.994306855409822">
      <ele>2000.4</ele></trkpt>
      <trkpt lat="46.39137783639435" lon="7.994416698264053">
      <ele>2001.3</ele></trkpt>
      <trkpt lat="46.39141433763229" lon="7.994490930471914">
      <ele>2002.2</ele></trkpt>
      <trkpt lat="46.391438514676906" lon="7.99452474652136">
      <ele>2003.2</ele></trkpt>
      <trkpt lat="46.39147801223598" lon="7.994552933989843">
      <ele>2004.1</ele></trkpt>
      <trkpt lat="46.39156470478795" lon="7.994600742172722">
      <ele>2005.0</ele></trkpt>
      <trkpt lat="46.391613878515265" lon="7.994642458905393">
      <ele>2005.9</ele></trkpt>
      <trkpt lat="46.39166427762681" lon="7.994731486090073">
      <ele>2006.8</ele></trkpt>
      <trkpt lat="46.39171029902975" lon="7.994773963799825">
      <ele>2007.7</ele></trkpt>
      <trkpt lat="46.391744474606135" lon="7.994810586785554">
      <ele>2008.7</ele></trkpt>
      <trkpt lat="46.39177862287283" lon="7.994849107695497">
      <ele>2009.6</ele></trkpt>
      <trkpt lat="46.391812733263784" lon="7.994897184065918">
      <ele>2010.5</ele></trkpt>
      <trkpt lat="46.3918482033834" lon="7.994937642782588">
      <ele>2011.4</ele></trkpt>
      <trkpt lat="46.39189426182367" lon="7.994974387702655">
      <ele>2012.1</ele></trkpt>
      <trkpt lat="46.3919337460672" lon="7.995003433673331">
      <ele>2012.9</ele></trkpt>
      <trkpt lat="46.39196665580525" lon="7.995026678828406">
      <ele>2013.6</ele></trkpt>
      <trkpt lat="46.391985066098485" lon="7.995044041948849">
      <ele>2014.4</ele></trkpt>
      <trkpt lat="46.392010116378906" lon="7.995053854451866">
      <ele>2015.1</ele></trkpt>
      <trkpt lat="46.39199846793346" lon="7.995004096773035">
      <ele>2015.9</ele></trkpt>
      <trkpt lat="46.391988122730325" lon="7.9949600729641555">
      <ele>2016.6</ele></trkpt>
      <trkpt lat="46.39197782455489" lon="7.994904621662615">
      <ele>2017.4</ele></trkpt>
      <trkpt lat="46.39197403545313" lon="7.994868309704821">
      <ele>2018.1</ele></trkpt>
      <trkpt lat="46.3919820915261" lon="7.994841648900366">
      <ele>2018.8</ele></trkpt>
      <trkpt lat="46.39201367859846" lon="7.994866791596913">
      <ele>2019.6</ele></trkpt>
      <trkpt lat="46.39204916747263" lon="7.994903428298867">
      <ele>2020.3</ele></trkpt>
      <trkpt lat="46.392097814712294" lon="7.994949755696229">
      <ele>2021.1</ele></trkpt>
      <trkpt lat="46.39213326619418" lon="7.994994010809121">
      <ele>2021.8</ele></trkpt>
      <trkpt lat="46.392169993426116" lon="7.995045936742843">
      <ele>2022.6</ele></trkpt>
      <trkpt lat="46.392204178225846" lon="7.9950806621327155">
      <ele>2023.3</ele></trkpt>
      <trkpt lat="46.392247601729125" lon="7.9951135580633395">
      <ele>2024.1</ele></trkpt>
      <trkpt lat="46.392273758936675" lon="7.9951672870381225">
      <ele>2024.8</ele></trkpt>
      <trkpt lat="46.39231185491602" lon="7.995211582542701">
      <ele>2025.6</ele></trkpt>
      <trkpt lat="46.39235001715793" lon="7.995238704180789">
      <ele>2026.3</ele></trkpt>
      <trkpt lat="46.39239210814904" lon="7.995277320209167">
      <ele>2026.0</ele></trkpt>
      <trkpt lat="46.39244478785644" lon="7.995310311297909">
      <ele>2025.7</ele></trkpt>
      <trkpt lat="46.39249616430953" lon="7.995337568539142">
      <ele>2025.4</ele></trkpt>
      <trkpt lat="46.39253298467067" lon="7.995372321342586">
      <ele>2025.0</ele></trkpt>
      <trkpt lat="46.392580412194434" lon="7.995399525198135">
      <ele>2024.7</ele></trkpt>
      <trkpt lat="46.39262268155368" lon="7.995399958577019">
      <ele>2024.4</ele></trkpt>
      <trkpt lat="46.39267288517195" lon="7.995398575116078">
      <ele>2024.1</ele></trkpt>
      <trkpt lat="46.39272571480352" lon="7.995401014958213">
      <ele>2023.8</ele></trkpt>
      <trkpt lat="46.392778469777326" lon="7.995416832398054">
      <ele>2023.5</ele></trkpt>
      <trkpt lat="46.39282852356025" lon="7.995445974540193">
      <ele>2023.2</ele></trkpt>
      <trkpt lat="46.39288253524543" lon="7.9954751703227895">
      <ele>2022.8</ele></trkpt>
      <trkpt lat="46.392941835828566" lon="7.995506331599835">
      <ele>2022.5</ele></trkpt>
      <trkpt lat="46.39299586626308" lon="7.995531705292425">
      <ele>2022.2</ele></trkpt>
      <trkpt lat="46.393057764689374" lon="7.995572423356413">
      <ele>2021.9</ele></trkpt>
      <trkpt lat="46.39310517372258" lon="7.995601551667595">
      <ele>2021.6</ele></trkpt>
      <trkpt lat="46.393150041261066" lon="7.995609643683874">
      <ele>2021.3</ele></trkpt>
      <trkpt lat="46.39320677255882" lon="7.9956235910267095">
      <ele>2020.9</ele></trkpt>
      <trkpt lat="46.393259564585755" lon="7.995633688571808">
      <ele>2020.6</ele></trkpt>
      <trkpt lat="46.39332151022447" lon="7.995662953156777">
      <ele>2020.3</ele></trkpt>
      <trkpt lat="46.39337552185394" lon="7.995692149420432">
      <ele>2020.0</ele></trkpt>
      <trkpt lat="46.39342959833036" lon="7.995711803323819">
      <ele>2020.0</ele></trkpt>
      <trkpt lat="46.393550104541" lon="7.995741551864506">
      <ele>2020.0</ele></trkpt>
      <trkpt lat="46.39361265926714" lon="7.995729218114008">
      <ele>2020.0</ele></trkpt>
      <trkpt lat="46.393723068993275" lon="7.995730298809767">
      <ele>2020.0</ele></trkpt>
      <trkpt lat="46.39378443581151" lon="7.995751028792412">
      <ele>2020.0</ele></trkpt>
      <trkpt lat="46.39387599504864" lon="7.995774941942865">
      <ele>2020.0</ele></trkpt>
      <trkpt lat="46.3939681243712" lon="7.9958128247475635">
      <ele>2020.0</ele></trkpt>
      <trkpt lat="46.393995728748926" lon="7.995826434639279">
      <ele>2020.0</ele></trkpt>
      <trkpt lat="46.39404584768489" lon="7.995844124051579">
      <ele>2020.0</ele></trkpt>
      <trkpt lat="46.3941025976659" lon="7.995854262581976">
      <ele>2020.0</ele></trkpt>
      <trkpt lat="46.39415138527922" lon="7.995871938393064">
      <ele>2020.0</ele></trkpt>
      <trkpt lat="46.394201513925594" lon="7.995885818511062">
      <ele>2020.0</ele></trkpt>
      <trkpt lat="46.39424908196357" lon="7.995884395411431">
      <ele>2020.0</ele></trkpt>
      <trkpt lat="46.394292702138095" lon="7.99587721105566">
      <ele>2020.0</ele></trkpt>
      <trkpt lat="46.39433108889192" lon="7.995860429741928">
      <ele>2020.0</ele></trkpt>
      <trkpt lat="46.39437201682216" lon="7.995866570477751">
      <ele>2020.0</ele></trkpt>
      <trkpt lat="46.39443018294072" lon="7.995857624104054">
      <ele>2020.0</ele></trkpt>
      <trkpt lat="46.39448832095918" lon="7.995854398184057">
      <ele>2020.0</ele></trkpt>
      <trkpt lat="46.39455571563067" lon="7.995849355987498">
      <ele>2020.0</ele></trkpt>
      <trkpt lat="46.3946152040709" lon="7.99584042313388">
      <ele>2020.0</ele></trkpt>
      <trkpt lat="46.39467593986064" lon="7.995846767143659">
      <ele>2020.0</ele></trkpt>
      <trkpt lat="46.39473273632436" lon="7.995849274221864">
      <ele>2020.0</ele></trkpt>
      <trkpt lat="46.394777575745664" lon="7.9958630871891705">
      <ele>2020.0</ele></trkpt>
      <trkpt lat="46.39482112087906" lon="7.995871179102873">
      <ele>2020.1</ele></trkpt>
      <trkpt lat="46.39488325363834" lon="7.995864171631329">
      <ele>2020.1</ele></trkpt>
      <trkpt lat="46.394942695532855" lon="7.995862883343782">
      <ele>2020.1</ele></trkpt>
      <trkpt lat="46.394995450113925" lon="7.9958806001458465">
      <ele>2020.1</ele></trkpt>
      <trkpt lat="46.39503769137079" lon="7.995886754449903">
      <ele>2020.1</ele></trkpt>
      <trkpt lat="46.39507988522749" lon="7.995904388929795">
      <ele>2020.1</ele></trkpt>
      <trkpt lat="46.39512602864466" lon="7.9959201136886815">
      <ele>2020.2</ele></trkpt>
      <trkpt lat="46.39516288599158" lon="7.995949135118219">
      <ele>2020.2</ele></trkpt>
      <trkpt lat="46.395207659672494" lon="7.995976326560515">
      <ele>2020.2</ele></trkpt>
      <trkpt lat="46.395252489293554" lon="7.995993962215727">
      <ele>2020.2</ele></trkpt>
      <trkpt lat="46.39529866927835" lon="7.996005903916341">
      <ele>2020.2</ele></trkpt>
      <trkpt lat="46.39534476526862" lon="7.996033109047065">
      <ele>2020.2</ele></trkpt>
      <trkpt lat="46.39554877624214" lon="7.996147800409144">
      <ele>2020.2</ele></trkpt>
      <trkpt lat="46.395682005514885" lon="7.996195234440041">
      <ele>2020.3</ele></trkpt>
      <trkpt lat="46.39578802542424" lon="7.99623471808815">
      <ele>2020.3</ele></trkpt>
      <trkpt lat="46.395883646020586" lon="7.9962577514994075">
      <ele>2020.3</ele></trkpt>
      <trkpt lat="46.39593321331077" lon="7.99626686789255">
      <ele>2020.3</ele></trkpt>
      <trkpt lat="46.395978546117554" lon="7.996284613208267">
      <ele>2022.1</ele></trkpt>
      <trkpt lat="46.39602880132136" lon="7.996294698862179">
      <ele>2023.9</ele></trkpt>
      <trkpt lat="46.396054578009384" lon="7.996312269389934">
      <ele>2025.7</ele></trkpt>
      <trkpt lat="46.39609013321628" lon="7.9963280030506825">
      <ele>2027.4</ele></trkpt>
      <trkpt lat="46.396118741104964" lon="7.9963369302784555">
      <ele>2029.2</ele></trkpt>
      <trkpt lat="46.39615367987152" lon="7.996335325804084">
      <ele>2031.0</ele></trkpt>
      <trkpt lat="46.396225766910376" lon="7.996309034727814">
      <ele>2032.8</ele></trkpt>
      <trkpt lat="46.39633419178845" lon="7.996280178272561">
      <ele>2034.6</ele></trkpt>
      <trkpt lat="46.39640275076761" lon="7.9962615481011206">
      <ele>2036.4</ele></trkpt>
      <trkpt lat="46.39645584663232" lon="7.996261066190702">
      <ele>2038.2</ele></trkpt>
      <trkpt lat="46.396565237686666" lon="7.996264412955221">
      <ele>2039.9</ele></trkpt>
      <trkpt lat="46.39733653159568" lon="7.9963030715679775">
      <ele>2041.7</ele></trkpt>
      <trkpt lat="46.39780262397574" lon="7.996582396653395">
      <ele>2043.5</ele></trkpt>
      <trkpt lat="46.398354992177715" lon="7.9967759061908525">
      <ele>2045.3</ele></trkpt>
      <trkpt lat="46.39862823134673" lon="7.996830907830012">
      <ele>2047.1</ele></trkpt>
      <trkpt lat="46.398771959491924" lon="7.997221739966195">
      <ele>2048.9</ele></trkpt>
      <trkpt lat="46.398856772419286" lon="7.997017051575106">
      <ele>2050.6</ele></trkpt>
      <trkpt lat="46.39911448983221" lon="7.996721832866366">
      <ele>2052.4</ele></trkpt>
      <trkpt lat="46.39946441232857" lon="7.996651937019479">
      <ele>2054.2</ele></trkpt>
      <trkpt lat="46.3994762557472" lon="7.996647286662974">
      <ele>2056.0</ele></trkpt>
      <trkpt lat="46.39948196108735" lon="7.996645056782294">
      <ele>2056.3</ele></trkpt>
      <trkpt lat="46.39949454019096" lon="7.9966316630117245">
      <ele>2056.7</ele></trkpt>
      <trkpt lat="46.399525809265675" lon="7.996637250548334">
      <ele>2057.0</ele></trkpt>
      <trkpt lat="46.399559267440495" lon="7.996640377026389">
      <ele>2057.3</ele></trkpt>
      <trkpt lat="46.39956842715519" lon="7.996652784952054">
      <ele>2057.7</ele></trkpt>
      <trkpt lat="46.39960545454217" lon="7.996711210688598">
      <ele>2058.0</ele></trkpt>
      <trkpt lat="46.39962544716199" lon="7.99673603078473">
      <ele>2058.3</ele></trkpt>
      <trkpt lat="46.39966185609592" lon="7.996742789482487">
      <ele>2058.6</ele></trkpt>
      <trkpt lat="46.39969231977093" lon="7.996769459650848">
      <ele>2059.0</ele></trkpt>
      <trkpt lat="46.39971274091884" lon="7.996793113945058">
      <ele>2059.3</ele></trkpt>
      <trkpt lat="46.399754528897574" lon="7.996814595363678">
      <ele>2059.6</ele></trkpt>
      <trkpt lat="46.399797590685814" lon="7.996833151232492">
      <ele>2060.0</ele></trkpt>
      <trkpt lat="46.399844671363034" lon="7.996888729020242">
      <ele>2060.3</ele></trkpt>
      <trkpt lat="46.39991681962847" lon="7.996961533622159">
      <ele>2060.6</ele></trkpt>
      <trkpt lat="46.39994923503538" lon="7.997019340382213">
      <ele>2060.9</ele></trkpt>
      <trkpt lat="46.39995505130216" lon="7.997031128939615">
      <ele>2061.3</ele></trkpt>
      <trkpt lat="46.39995950443945" lon="7.99706581483969">
      <ele>2061.6</ele></trkpt>
      <trkpt lat="46.399972459290666" lon="7.997072956720373">
      <ele>2061.9</ele></trkpt>
      <trkpt lat="46.400000038835884" lon="7.997086100395289">
      <ele>2062.3</ele></trkpt>
      <trkpt lat="46.400020422635954" lon="7.997119155768892">
      <ele>2062.6</ele></trkpt>
      <trkpt lat="46.40003240566231" lon="7.997157416997737">
      <ele>2063.1</ele></trkpt>
      <trkpt lat="46.400043977125975" lon="7.997191565042204">
      <ele>2063.6</ele></trkpt>
      <trkpt lat="46.40007055629325" lon="7.997243447647254">
      <ele>2064.1</ele></trkpt>
      <trkpt lat="46.400130991498195" lon="7.997312647677366">
      <ele>2064.6</ele></trkpt>
      <trkpt lat="46.40015106751681" lon="7.997318679632847">
      <ele>2065.1</ele></trkpt>
      <trkpt lat="46.40016643146892" lon="7.997349928113697">
      <ele>2065.6</ele></trkpt>
      <trkpt lat="46.40017980009034" lon="7.997357074347438">
      <ele>2066.1</ele></trkpt>
      <trkpt lat="46.40019143796551" lon="7.997377725995928">
      <ele>2066.6</ele></trkpt>
      <trkpt lat="46.40019551451486" lon="7.99740300696072">
      <ele>2067.1</ele></trkpt>
      <trkpt lat="46.40019572713321" lon="7.997451159622963">
      <ele>2067.6</ele></trkpt>
      <trkpt lat="46.400184686780015" lon="7.99748452896723">
      <ele>2068.0</ele></trkpt>
      <trkpt lat="46.400164004143704" lon="7.997523117311579">
      <ele>2068.5</ele></trkpt>
      <trkpt lat="46.400161376146144" lon="7.997548927401421">
      <ele>2069.0</ele></trkpt>
      <trkpt lat="46.40016245676594" lon="7.997588871016997">
      <ele>2069.5</ele></trkpt>
      <trkpt lat="46.4001757822845" lon="7.997606588380926">
      <ele>2070.0</ele></trkpt>
      <trkpt lat="46.4002129241962" lon="7.997638022163928">
      <ele>2070.5</ele></trkpt>
      <trkpt lat="46.40025932066756" lon="7.997658940734799">
      <ele>2071.0</ele></trkpt>
      <trkpt lat="46.4002734627816" lon="7.997682543964607">
      <ele>2071.5</ele></trkpt>
      <trkpt lat="46.40030789591477" lon="7.9977579915514845">
      <ele>2072.0</ele></trkpt>
      <trkpt lat="46.400368074962344" lon="7.997787842319301">
      <ele>2072.5</ele></trkpt>
      <trkpt lat="46.4004181658596" lon="7.997827588681168">
      <ele>2072.7</ele></trkpt>
      <trkpt lat="46.40045962895833" lon="7.997827339547026">
      <ele>2072.8</ele></trkpt>
      <trkpt lat="46.40047419354184" lon="7.997849178828833">
      <ele>2073.0</ele></trkpt>
      <trkpt lat="46.40052453977179" lon="7.997890046228489">
      <ele>2073.2</ele></trkpt>
      <trkpt lat="46.400547999846154" lon="7.997908518335521">
      <ele>2073.3</ele></trkpt>
      <trkpt lat="46.40060612343777" lon="7.99794655324683">
      <ele>2073.5</ele></trkpt>
      <trkpt lat="46.4006478764531" lon="7.9979750832875105">
      <ele>2073.7</ele></trkpt>
      <trkpt lat="46.40070268266037" lon="7.997990796642666">
      <ele>2073.8</ele></trkpt>
      <trkpt lat="46.40076155050922" lon="7.998032961444107">
      <ele>2074.0</ele></trkpt>
      <trkpt lat="46.400821738479934" lon="7.9980628128589935">
      <ele>2074.2</ele></trkpt>
      <trkpt lat="46.400896556918624" lon="7.998097483265653">
      <ele>2074.3</ele></trkpt>
      <trkpt lat="46.40096167198024" lon="7.998147930785483">
      <ele>2074.5</ele></trkpt>
      <trkpt lat="46.40105634459522" lon="7.998240891776545">
      <ele>2074.6</ele></trkpt>
      <trkpt lat="46.401108088208254" lon="7.998284765146007">
      <ele>2074.8</ele></trkpt>
      <trkpt lat="46.40118444427316" lon="7.998350555873248">
      <ele>2075.0</ele></trkpt>
      <trkpt lat="46.401219481662366" lon="7.998385492961644">
      <ele>2075.1</ele></trkpt>
      <trkpt lat="46.40124655201013" lon="7.998419762803315">
      <ele>2075.3</ele></trkpt>
      <trkpt lat="46.40128455349405" lon="7.998446499411439">
      <ele>2075.5</ele></trkpt>
      <trkpt lat="46.401345517100054" lon="7.998488686771013">
      <ele>2075.6</ele></trkpt>
      <trkpt lat="46.40138723264485" lon="7.998526605676474">
      <ele>2075.8</ele></trkpt>
      <trkpt lat="46.40143181432968" lon="7.99857982018515">
      <ele>2076.6</ele></trkpt>
      <trkpt lat="46.40148017989483" lon="7.998631890498656">
      <ele>2077.3</ele></trkpt>
      <trkpt lat="46.40151392856449" lon="7.99867092374647">
      <ele>2078.1</ele></trkpt>
      <trkpt lat="46.401543031606494" lon="7.998721651211757">
      <ele>2078.8</ele></trkpt>
      <trkpt lat="46.401557066493666" lon="7.998768751363711">
      <ele>2079.6</ele></trkpt>
      <trkpt lat="46.40157204468406" lon="7.99879059560863">
      <ele>2080.4</ele></trkpt>
      <trkpt lat="46.40160445659732" lon="7.998850745815553">
      <ele>2081.1</ele></trkpt>
      <trkpt lat="46.401662211260955" lon="7.998956136551464">
      <ele>2081.9</ele></trkpt>
      <trkpt lat="46.401679015876894" lon="7.999010703431328">
      <ele>2082.6</ele></trkpt>
      <trkpt lat="46.40169056919402" lon="7.9990538771250534">
      <ele>2083.4</ele></trkpt>
      <trkpt lat="46.40171101560961" lon="7.999106921242338">
      <ele>2084.2</ele></trkpt>
      <trkpt lat="46.40174399471483" lon="7.999112320031502">
      <ele>2084.9</ele></trkpt>
      <trkpt lat="46.401772799048416" lon="7.999172485391764">
      <ele>2085.7</ele></trkpt>
      <trkpt lat="46.40180079774697" lon="7.999226374818065">
      <ele>2086.4</ele></trkpt>
      <trkpt lat="46.401846196400925" lon="7.999267115390024">
      <ele>2087.2</ele></trkpt>
      <trkpt lat="46.40191963229738" lon="7.999353930931316">
      <ele>2088.0</ele></trkpt>
      <trkpt lat="46.4019948415408" lon="7.999416838526664">
      <ele>2088.7</ele></trkpt>
      <trkpt lat="46.40203614417202" lon="7.999474532723927">
      <ele>2089.5</ele></trkpt>
      <trkpt lat="46.40208753123733" lon="7.999510368186321">
      <ele>2090.2</ele></trkpt>
      <trkpt lat="46.40212094127892" lon="7.99953777373713">
      <ele>2091.0</ele></trkpt>
      <trkpt lat="46.402158892629515" lon="7.99954366631864">
      <ele>2091.8</ele></trkpt>
      <trkpt lat="46.402174048659724" lon="7.999562261964621">
      <ele>2092.5</ele></trkpt>
      <trkpt lat="46.402193976453795" lon="7.999569138681776">
      <ele>2093.2</ele></trkpt>
      <trkpt lat="46.40221709483116" lon="7.9996039020473795">
      <ele>2094.0</ele></trkpt>
      <trkpt lat="46.40225258777189" lon="7.9996576095062535">
      <ele>2094.8</ele></trkpt>
      <trkpt lat="46.40228353933977" lon="7.999732830075565">
      <ele>2095.5</ele></trkpt>
      <trkpt lat="46.40230670622154" lon="7.999757776346815">
      <ele>2096.2</ele></trkpt>
      <trkpt lat="46.40232380008454" lon="7.999775611915063">
      <ele>2097.0</ele></trkpt>
      <trkpt lat="46.40233608664333" lon="7.999814164579527">
      <ele>2097.8</ele></trkpt>
      <trkpt lat="46.40236116809182" lon="7.999843057792917">
      <ele>2098.5</ele></trkpt>
      <trkpt lat="46.402368545548605" lon="7.999864707058937">
      <ele>2099.2</ele></trkpt>
      <trkpt lat="46.40238742917422" lon="7.999913535820592">
      <ele>2100.0</ele></trkpt>
      <trkpt lat="46.40240400447462" lon="7.999996176197651">
      <ele>2100.8</ele></trkpt>
      <trkpt lat="46.40244977868344" lon="8.000015504754757">
      <ele>2101.5</ele></trkpt>
      <trkpt lat="46.402491211295114" lon="8.000075958012337">
      <ele>2102.2</ele></trkpt>
      <trkpt lat="46.402508458228105" lon="8.000135563066642">
      <ele>2103.0</ele></trkpt>
      <trkpt lat="46.402486209006355" lon="8.000170598865841">
      <ele>2103.8</ele></trkpt>
      <trkpt lat="46.40253883386427" lon="8.000245290030762">
      <ele>2104.5</ele></trkpt>
      <trkpt lat="46.402601186903006" lon="8.000288340004607">
      <ele>2105.2</ele></trkpt>
      <trkpt lat="46.40264351711624" lon="8.000334628906863">
      <ele>2106.0</ele></trkpt>
      <trkpt lat="46.402682943269696" lon="8.000375140200195">
      <ele>2107.0</ele></trkpt>
      <trkpt lat="46.402721028221166" lon="8.000419447761018">
      <ele>2108.1</ele></trkpt>
      <trkpt lat="46.40276313685067" lon="8.000452340746746">
      <ele>2109.1</ele></trkpt>
      <trkpt lat="46.402806662321225" lon="8.000466158973829">
      <ele>2110.2</ele></trkpt>
      <trkpt lat="46.402836263851675" lon="8.000483279122689">
      <ele>2111.2</ele></trkpt>
      <trkpt lat="46.402862204813744" lon="8.000531128258634">
      <ele>2112.2</ele></trkpt>
      <trkpt lat="46.40287655535423" lon="8.000570652114682">
      <ele>2113.3</ele></trkpt>
      <trkpt lat="46.40287991678441" lon="8.00065298760876">
      <ele>2114.3</ele></trkpt>
      <trkpt lat="46.40289917817071" lon="8.000709025096194">
      <ele>2115.4</ele></trkpt>
      <trkpt lat="46.4029282990624" lon="8.000788649490454">
      <ele>2116.4</ele></trkpt>
      <trkpt lat="46.40293764854102" lon="8.000831658701092">
      <ele>2117.4</ele></trkpt>
      <trkpt lat="46.40296868723979" lon="8.00094541196021">
      <ele>2118.5</ele></trkpt>
      <trkpt lat="46.40298657341124" lon="8.001030225749401">
      <ele>2119.5</ele></trkpt>
      <trkpt lat="46.403003345853364" lon="8.001085639524591">
      <ele>2120.6</ele></trkpt>
      <trkpt lat="46.40301533914613" lon="8.001186881149131">
      <ele>2121.6</ele></trkpt>
      <trkpt lat="46.40300966862677" lon="8.0012473809836">
      <ele>2122.6</ele></trkpt>
      <trkpt lat="46.40302684307855" lon="8.001305152701182">
      <ele>2123.7</ele></trkpt>
      <trkpt lat="46.4030667717191" lon="8.001353108365226">
      <ele>2124.7</ele></trkpt>
      <trkpt lat="46.40311247989038" lon="8.001403841801704">
      <ele>2125.8</ele></trkpt>
      <trkpt lat="46.40315324326027" lon="8.001448542310818">
      <ele>2126.8</ele></trkpt>
      <trkpt lat="46.40319756631479" lon="8.001546361393446">
      <ele>2128.1</ele></trkpt>
      <trkpt lat="46.40323695308637" lon="8.00164004624471">
      <ele>2129.4</ele></trkpt>
      <trkpt lat="46.403256038287616" lon="8.001724235934667">
      <ele>2130.7</ele></trkpt>
      <trkpt lat="46.403277650896314" lon="8.00181031145049">
      <ele>2131.9</ele></trkpt>
      <trkpt lat="46.40331470915086" lon="8.001905480922701">
      <ele>2133.2</ele></trkpt>
      <trkpt lat="46.40333423211838" lon="8.001964877018372">
      <ele>2134.5</ele></trkpt>
      <trkpt lat="46.403361604618915" lon="8.00203772258144">
      <ele>2135.8</ele></trkpt>
      <trkpt lat="46.40340362740949" lon="8.002087807443733">
      <ele>2137.1</ele></trkpt>
      <trkpt lat="46.40343373878719" lon="8.00214350346577">
      <ele>2138.4</ele></trkpt>
      <trkpt lat="46.40346122504635" lon="8.002193424582991">
      <ele>2139.7</ele></trkpt>
      <trkpt lat="46.40349273459338" lon="8.002233855662574">
      <ele>2140.9</ele></trkpt>
      <trkpt lat="46.4035016688138" lon="8.002296965286973">
      <ele>2142.2</ele></trkpt>
      <trkpt lat="46.403525168040424" lon="8.002354491442292">
      <ele>2143.5</ele></trkpt>
      <trkpt lat="46.403526206189134" lon="8.002409885840033">
      <ele>2144.8</ele></trkpt>
      <trkpt lat="46.4035166267927" lon="8.002476626411884">
      <ele>2146.1</ele></trkpt>
      <trkpt lat="46.40352960384739" lon="8.002524485506157">
      <ele>2147.4</ele></trkpt>
      <trkpt lat="46.403562503049976" lon="8.002547740094009">
      <ele>2148.6</ele></trkpt>
      <trkpt lat="46.40360207973027" lon="8.002559620619396">
      <ele>2149.9</ele></trkpt>
      <trkpt lat="46.40364678494116" lon="8.002602087662757">
      <ele>2151.2</ele></trkpt>
      <trkpt lat="46.40367832335572" lon="8.0026348731031">
      <ele>2152.5</ele></trkpt>
      <trkpt lat="46.403725825471525" lon="8.00264492446994">
      <ele>2153.3</ele></trkpt>
      <trkpt lat="46.40378253639401" lon="8.002664616430495">
      <ele>2154.2</ele></trkpt>
      <trkpt lat="46.40381006936798" lon="8.002706905289449">
      <ele>2155.0</ele></trkpt>
      <trkpt lat="46.40380987005055" lon="8.002746994459198">
      <ele>2155.9</ele></trkpt>
      <trkpt lat="46.403845460799744" lon="8.002762643934068">
      <ele>2156.7</ele></trkpt>
      <trkpt lat="46.40386109283762" lon="8.002804809224735">
      <ele>2157.6</ele></trkpt>
      <trkpt lat="46.403884620259625" lon="8.002856614521535">
      <ele>2158.4</ele></trkpt>
      <trkpt lat="46.40390816762892" lon="8.002900786726268">
      <ele>2159.3</ele></trkpt>
      <trkpt lat="46.403911840200315" lon="8.002960019081206">
      <ele>2160.1</ele></trkpt>
      <trkpt lat="46.403938050742006" lon="8.003002294445087">
      <ele>2160.9</ele></trkpt>
      <trkpt lat="46.403960341716605" lon="8.003034997165773">
      <ele>2161.8</ele></trkpt>
      <trkpt lat="46.403986694675524" lon="8.003048639247732">
      <ele>2162.6</ele></trkpt>
      <trkpt lat="46.404023845169085" lon="8.003016567422629">
      <ele>2163.5</ele></trkpt>
      <trkpt lat="46.40404907529029" lon="8.002990093416791">
      <ele>2164.3</ele></trkpt>
      <trkpt lat="46.40407024291324" lon="8.002984591676588">
      <ele>2165.2</ele></trkpt>
      <trkpt lat="46.404107976498565" lon="8.002961888729493">
      <ele>2166.0</ele></trkpt>
      <trkpt lat="46.40413883747329" lon="8.002960844084006">
      <ele>2166.9</ele></trkpt>
      <trkpt lat="46.404186555369655" lon="8.002988999717388">
      <ele>2167.7</ele></trkpt>
      <trkpt lat="46.40421954211193" lon="8.002991020134932">
      <ele>2168.6</ele></trkpt>
      <trkpt lat="46.404241181863796" lon="8.002930386012117">
      <ele>2169.4</ele></trkpt>
      <trkpt lat="46.404270343512025" lon="8.002862235630687">
      <ele>2169.2</ele></trkpt>
      <trkpt lat="46.40428449725194" lon="8.002809117995325">
      <ele>2168.9</ele></trkpt>
      <trkpt lat="46.40428594134455" lon="8.00274664837599">
      <ele>2168.7</ele></trkpt>
      <trkpt lat="46.40428856473506" lon="8.002665907262209">
      <ele>2168.5</ele></trkpt>
      <trkpt lat="46.40431866975029" lon="8.002616063237854">
      <ele>2168.2</ele></trkpt>
      <trkpt lat="46.40435500404206" lon="8.002590718567845">
      <ele>2168.0</ele></trkpt>
      <trkpt lat="46.40439264318635" lon="8.002527272371943">
      <ele>2167.8</ele></trkpt>
      <trkpt lat="46.404451477333" lon="8.002476335100427">
      <ele>2167.5</ele></trkpt>
      <trkpt lat="46.40451671448016" lon="8.002423994743255">
      <ele>2167.3</ele></trkpt>
      <trkpt lat="46.40455201014595" lon="8.002394035599274">
      <ele>2167.1</ele></trkpt>
      <trkpt lat="46.40460032950022" lon="8.002379023384334">
      <ele>2166.8</ele></trkpt>
      <trkpt lat="46.40465455759569" lon="8.002364319575026">
      <ele>2166.6</ele></trkpt>
      <trkpt lat="46.40469569442257" lon="8.002326540430168">
      <ele>2166.3</ele></trkpt>
      <trkpt lat="46.404782288938605" lon="8.002237723526239">
      <ele>2166.1</ele></trkpt>
      <trkpt lat="46.40483230648058" lon="8.002197760645233">
      <ele>2165.9</ele></trkpt>
      <trkpt lat="46.404855357271614" lon="8.002198884208928">
      <ele>2165.6</ele></trkpt>
      <trkpt lat="46.40487081070388" lon="8.002226340488308">
      <ele>2165.4</ele></trkpt>
      <trkpt lat="46.40486174946433" lon="8.002301072716204">
      <ele>2165.2</ele></trkpt>
      <trkpt lat="46.4048629300683" lon="8.002316937120385">
      <ele>2164.9</ele></trkpt>
      <trkpt lat="46.4049677655411" lon="8.002277543366747">
      <ele>2164.7</ele></trkpt>
      <trkpt lat="46.40508517741532" lon="8.002212752626951">
      <ele>2163.4</ele></trkpt>
      <trkpt lat="46.40513924211203" lon="8.00210415586412">
      <ele>2162.1</ele></trkpt>
      <trkpt lat="46.405163009529815" lon="8.002084154854805">
      <ele>2160.7</ele></trkpt>
      <trkpt lat="46.40527521982751" lon="8.002066840278829">
      <ele>2159.4</ele></trkpt>
      <trkpt lat="46.405355190414966" lon="8.002016628188105">
      <ele>2158.1</ele></trkpt>
      <trkpt lat="46.405421325823596" lon="8.001995311118055">
      <ele>2156.8</ele></trkpt>
      <trkpt lat="46.405487369695365" lon="8.001994240852504">
      <ele>2155.5</ele></trkpt>
      <trkpt lat="46.40553169999601" lon="8.001970941853148">
      <ele>2154.1</ele></trkpt>
      <trkpt lat="46.405549841376136" lon="8.001955290752388">
      <ele>2152.8</ele></trkpt>
      <trkpt lat="46.40554766540827" lon="8.00202393133131">
      <ele>2151.5</ele></trkpt>
      <trkpt lat="46.40553249698404" lon="8.00207131794473">
      <ele>2150.2</ele></trkpt>
      <trkpt lat="46.40549836637782" lon="8.002181878037051">
      <ele>2148.9</ele></trkpt>
      <trkpt lat="46.40547749806395" lon="8.002252093082667">
      <ele>2147.5</ele></trkpt>
      <trkpt lat="46.40544248741348" lon="8.002279012767698">
      <ele>2146.2</ele></trkpt>
      <trkpt lat="46.40540301821667" lon="8.00232878679023">
      <ele>2144.9</ele></trkpt>
      <trkpt lat="46.405396965589354" lon="8.002364680974205">
      <ele>2143.6</ele></trkpt>
      <trkpt lat="46.40562107055024" lon="8.0027302470118">
      <ele>2142.3</ele></trkpt>
      <trkpt lat="46.405618295625274" lon="8.00279803614402">
      <ele>2140.9</ele></trkpt>
      <trkpt lat="46.40561941559428" lon="8.00283150811358">
      <ele>2139.6</ele></trkpt>
      <trkpt lat="46.40560779600355" lon="8.002917723579664">
      <ele>2138.3</ele></trkpt>
      <trkpt lat="46.40560885922087" lon="8.002964407427635">
      <ele>2140.4</ele></trkpt>
      <trkpt lat="46.4056280673" lon="8.003018276273993">
      <ele>2142.4</ele></trkpt>
      <trkpt lat="46.40557495189505" lon="8.00314202009752">
      <ele>2144.5</ele></trkpt>
      <trkpt lat="46.405528153702335" lon="8.003250848331918">
      <ele>2146.5</ele></trkpt>
      <trkpt lat="46.4054802575965" lon="8.003321783226065">
      <ele>2148.6</ele></trkpt>
      <trkpt lat="46.40546361399716" lon="8.003410598996915">
      <ele>2150.6</ele></trkpt>
      <trkpt lat="46.40544895077888" lon="8.00347565033742">
      <ele>2152.7</ele></trkpt>
      <trkpt lat="46.40543130067871" lon="8.003502801868532">
      <ele>2154.7</ele></trkpt>
      <trkpt lat="46.40539400703165" lon="8.003532883038257">
      <ele>2156.8</ele></trkpt>
      <trkpt lat="46.40537300706287" lon="8.003694399580105">
      <ele>2158.9</ele></trkpt>
      <trkpt lat="46.40535653445836" lon="8.003893298600236">
      <ele>2160.9</ele></trkpt>
      <trkpt lat="46.40534510874908" lon="8.003996408085674">
      <ele>2163.0</ele></trkpt>
      <trkpt lat="46.405306865184905" lon="8.00406003014984">
      <ele>2165.0</ele></trkpt>
      <trkpt lat="46.405297158792486" lon="8.004121374510298">
      <ele>2167.1</ele></trkpt>
      <trkpt lat="46.40528901021879" lon="8.004195037169797">
      <ele>2169.1</ele></trkpt>
      <trkpt lat="46.40520332873049" lon="8.00421408020298">
      <ele>2171.2</ele></trkpt>
      <trkpt lat="46.40516516265487" lon="8.004253111631071">
      <ele>2173.2</ele></trkpt>
      <trkpt lat="46.40513805698746" lon="8.004302063478228">
      <ele>2175.3</ele></trkpt>
      <trkpt lat="46.405114080196135" lon="8.00436578173453">
      <ele>2177.3</ele></trkpt>
      <trkpt lat="46.40510448061953" lon="8.004400260089934">
      <ele>2179.4</ele></trkpt>
      <trkpt lat="46.4050718181774" lon="8.004542459567999">
      <ele>2181.0</ele></trkpt>
      <trkpt lat="46.405059883172356" lon="8.004594261219417">
      <ele>2182.5</ele></trkpt>
      <trkpt lat="46.405070917533486" lon="8.004605794001312">
      <ele>2184.1</ele></trkpt>
      <trkpt lat="46.405101206461325" lon="8.00458056934851">
      <ele>2185.6</ele></trkpt>
      <trkpt lat="46.4051129051146" lon="8.00458156258652">
      <ele>2187.2</ele></trkpt>
      <trkpt lat="46.40512018522668" lon="8.004604513016899">
      <ele>2188.7</ele></trkpt>
      <trkpt lat="46.40512055648838" lon="8.004659928152028">
      <ele>2190.2</ele></trkpt>
      <trkpt lat="46.40513026204898" lon="8.004692579075602">
      <ele>2191.8</ele></trkpt>
      <trkpt lat="46.405159182995625" lon="8.004698134353388">
      <ele>2193.3</ele></trkpt>
      <trkpt lat="46.40517377422304" lon="8.004739614152719">
      <ele>2194.9</ele></trkpt>
      <trkpt lat="46.40520226813583" lon="8.004850577913846">
      <ele>2196.5</ele></trkpt>
      <trkpt lat="46.405233728710904" lon="8.004936682481995">
      <ele>2198.0</ele></trkpt>
      <trkpt lat="46.40527399653616" lon="8.005006493584794">
      <ele>2199.6</ele></trkpt>
      <trkpt lat="46.405321982614915" lon="8.005009660076144">
      <ele>2201.1</ele></trkpt>
      <trkpt lat="46.40537538989128" lon="8.005036915164178">
      <ele>2202.7</ele></trkpt>
      <trkpt lat="46.40544430641744" lon="8.005082109085516">
      <ele>2204.2</ele></trkpt>
      <trkpt lat="46.4054837514532" lon="8.005134720199553">
      <ele>2205.8</ele></trkpt>
      <trkpt lat="46.405494971827835" lon="8.005161236165085">
      <ele>2207.3</ele></trkpt>
      <trkpt lat="46.405517199010916" lon="8.00525883191822">
      <ele>2208.8</ele></trkpt>
      <trkpt lat="46.40551256779986" lon="8.005296327230953">
      <ele>2210.4</ele></trkpt>
      <trkpt lat="46.4055041532796" lon="8.005365448709497">
      <ele>2212.4</ele></trkpt>
      <trkpt lat="46.40551114713761" lon="8.005429464258823">
      <ele>2214.4</ele></trkpt>
      <trkpt lat="46.405508294119635" lon="8.00551976289911">
      <ele>2216.5</ele></trkpt>
      <trkpt lat="46.40550400156648" lon="8.005660490485102">
      <ele>2218.5</ele></trkpt>
      <trkpt lat="46.40549637555357" lon="8.005821977226448">
      <ele>2220.5</ele></trkpt>
      <trkpt lat="46.40549122416926" lon="8.00586811495442">
      <ele>2222.5</ele></trkpt>
      <trkpt lat="46.40547778646763" lon="8.005972048556925">
      <ele>2224.5</ele></trkpt>
      <trkpt lat="46.40547380413053" lon="8.006059630404668">
      <ele>2226.6</ele></trkpt>
      <trkpt lat="46.40547915208613" lon="8.006128895578739">
      <ele>2228.6</ele></trkpt>
      <trkpt lat="46.405485074738785" lon="8.006162391737561">
      <ele>2230.6</ele></trkpt>
      <trkpt lat="46.40553559157471" lon="8.006096623451242">
      <ele>2232.6</ele></trkpt>
      <trkpt lat="46.40558072498833" lon="8.006044219319005">
      <ele>2234.6</ele></trkpt>
      <trkpt lat="46.405600859787896" lon="8.005995234099078">
      <ele>2236.7</ele></trkpt>
      <trkpt lat="46.405623698261984" lon="8.00596145324019">
      <ele>2238.7</ele></trkpt>
      <trkpt lat="46.405689673506" lon="8.005882360532503">
      <ele>2240.7</ele></trkpt>
      <trkpt lat="46.405796130304374" lon="8.005718628439602">
      <ele>2242.7</ele></trkpt>
      <trkpt lat="46.40586256878677" lon="8.005627809997568">
      <ele>2244.7</ele></trkpt>
      <trkpt lat="46.40589882082881" lon="8.005581255460015">
      <ele>2246.8</ele></trkpt>
      <trkpt lat="46.40597263313873" lon="8.00547116298801">
      <ele>2248.8</ele></trkpt>
      <trkpt lat="46.40604108661622" lon="8.005382120593513">
      <ele>2250.8</ele></trkpt>
      <trkpt lat="46.40609076720885" lon="8.005323390633116">
      <ele>2252.3</ele></trkpt>
      <trkpt lat="46.40609985705529" lon="8.005284758048955">
      <ele>2253.8</ele></trkpt>
      <trkpt lat="46.40611611025269" lon="8.005272612406326">
      <ele>2255.3</ele></trkpt>
      <trkpt lat="46.40616706357278" lon="8.005200396837285">
      <ele>2256.8</ele></trkpt>
      <trkpt lat="46.4062518664533" lon="8.005078089661517">
      <ele>2258.3</ele></trkpt>
      <trkpt lat="46.406286948006496" lon="8.005024486743379">
      <ele>2259.8</ele></trkpt>
      <trkpt lat="46.406337394056465" lon="8.004974568276177">
      <ele>2261.3</ele></trkpt>
      <trkpt lat="46.40635257319444" lon="8.004932487740504">
      <ele>2262.8</ele></trkpt>
      <trkpt lat="46.40636807829562" lon="8.004908005785747">
      <ele>2264.3</ele></trkpt>
      <trkpt lat="46.40639295799511" lon="8.004870721041048">
      <ele>2265.8</ele></trkpt>
      <trkpt lat="46.40643870114575" lon="8.004786148040253">
      <ele>2267.2</ele></trkpt>
      <trkpt lat="46.40652892366829" lon="8.004630461228036">
      <ele>2268.7</ele></trkpt>
      <trkpt lat="46.40656548398748" lon="8.004606783819744">
      <ele>2270.2</ele></trkpt>
      <trkpt lat="46.406619299681566" lon="8.004528731774052">
      <ele>2271.7</ele></trkpt>
      <trkpt lat="46.406695839449235" lon="8.004441540048354">
      <ele>2273.2</ele></trkpt>
      <trkpt lat="46.406735775293264" lon="8.00438857208102">
      <ele>2274.7</ele></trkpt>
      <trkpt lat="46.4067736052627" lon="8.004352007006025">
      <ele>2276.2</ele></trkpt>
      <trkpt lat="46.406836541655295" lon="8.004317446113959">
      <ele>2277.7</ele></trkpt>
      <trkpt lat="46.4068532929132" lon="8.004284770784377">
      <ele>2279.2</ele></trkpt>
      <trkpt lat="46.40687786091172" lon="8.004226960747742">
      <ele>2280.7</ele></trkpt>
      <trkpt lat="46.406923562930984" lon="8.004152347639398">
      <ele>2282.0</ele></trkpt>
      <trkpt lat="46.406946791066595" lon="8.004121495309326">
      <ele>2283.4</ele></trkpt>
      <trkpt lat="46.40697402932292" lon="8.004100074136138">
      <ele>2284.7</ele></trkpt>
      <trkpt lat="46.40701969328606" lon="8.004033081171384">
      <ele>2286.0</ele></trkpt>
      <trkpt lat="46.40706083456961" lon="8.003981880783975">
      <ele>2287.3</ele></trkpt>
      <trkpt lat="46.40708573127406" lon="8.003939315388088">
      <ele>2288.7</ele></trkpt>
      <trkpt lat="46.407137429251826" lon="8.003881774418776">
      <ele>2290.0</ele></trkpt>
      <trkpt lat="46.40719645725326" lon="8.003815518418604">
      <ele>2291.3</ele></trkpt>
      <trkpt lat="46.407216080121074" lon="8.003777007453472">
      <ele>2292.7</ele></trkpt>
      <trkpt lat="46.407242100833486" lon="8.003754389891533">
      <ele>2294.0</ele></trkpt>
      <trkpt lat="46.40733416529703" lon="8.003638604013037">
      <ele>2295.3</ele></trkpt>
      <trkpt lat="46.407376118901276" lon="8.003586826268203">
      <ele>2296.7</ele></trkpt>
      <trkpt lat="46.407384357587844" lon="8.003556415683333">
      <ele>2298.0</ele></trkpt>
      <trkpt lat="46.40740265502176" lon="8.003540180982661">
      <ele>2299.3</ele></trkpt>
      <trkpt lat="46.407430775524915" lon="8.003502343407849">
      <ele>2300.7</ele></trkpt>
      <trkpt lat="46.40753288685325" lon="8.003403073355189">
      <ele>2302.0</ele></trkpt>
      <trkpt lat="46.40758709272473" lon="8.003333215864153">
      <ele>2303.3</ele></trkpt>
      <trkpt lat="46.40763142181379" lon="8.003286716324794">
      <ele>2304.6</ele></trkpt>
      <trkpt lat="46.407670293083676" lon="8.003257755571429">
      <ele>2306.0</ele></trkpt>
      <trkpt lat="46.40768007022166" lon="8.003236334152204">
      <ele>2307.3</ele></trkpt>
      <trkpt lat="46.40769605947726" lon="8.003210295564859">
      <ele>2309.4</ele></trkpt>
      <trkpt lat="46.40777378521135" lon="8.003153934254387">
      <ele>2311.6</ele></trkpt>
      <trkpt lat="46.407818587832054" lon="8.003120730372762">
      <ele>2313.7</ele></trkpt>
      <trkpt lat="46.40794612976767" lon="8.002998015233345">
      <ele>2315.9</ele></trkpt>
      <trkpt lat="46.408005441409955" lon="8.002950591443637">
      <ele>2318.0</ele></trkpt>
      <trkpt lat="46.40805738107559" lon="8.002900424903366">
      <ele>2320.1</ele></trkpt>
      <trkpt lat="46.40810178955286" lon="8.002879532277175">
      <ele>2322.3</ele></trkpt>
      <trkpt lat="46.40812417081344" lon="8.002834390440379">
      <ele>2324.4</ele></trkpt>
      <trkpt lat="46.40812634656886" lon="8.002767697379513">
      <ele>2326.6</ele></trkpt>
      <trkpt lat="46.408156179329495" lon="8.002709289761391">
      <ele>2328.7</ele></trkpt>
      <trkpt lat="46.408195254580846" lon="8.002648312074152">
      <ele>2330.8</ele></trkpt>
      <trkpt lat="46.40823237493719" lon="8.002605989214157">
      <ele>2333.0</ele></trkpt>
      <trkpt lat="46.40828782154525" lon="8.00259590109217">
      <ele>2335.1</ele></trkpt>
      <trkpt lat="46.40835432355034" lon="8.002585914790773">
      <ele>2337.3</ele></trkpt>
      <trkpt lat="46.408417146440385" lon="8.002575890246028">
      <ele>2339.4</ele></trkpt>
      <trkpt lat="46.40848915878522" lon="8.002573972273517">
      <ele>2341.5</ele></trkpt>
      <trkpt lat="46.40855014193817" lon="8.002561249527293">
      <ele>2343.7</ele></trkpt>
      <trkpt lat="46.40858904893989" lon="8.00253230114258">
      <ele>2345.8</ele></trkpt>
      <trkpt lat="46.408633638761124" lon="8.002476712219707">
      <ele>2348.0</ele></trkpt>
      <trkpt lat="46.40869475018519" lon="8.002439983173879">
      <ele>2350.1</ele></trkpt>
      <trkpt lat="46.408755790558516" lon="8.00241393053971">
      <ele>2351.3</ele></trkpt>
      <trkpt lat="46.40881502242168" lon="8.002382513941784">
      <ele>2352.5</ele></trkpt>
      <trkpt lat="46.40886869555796" lon="8.002356384683118">
      <ele>2353.7</ele></trkpt>
      <trkpt lat="46.40893707708091" lon="8.002341085367476">
      <ele>2354.9</ele></trkpt>
      <trkpt lat="46.4089980203463" lon="8.002336386057207">
      <ele>2356.1</ele></trkpt>
      <trkpt lat="46.40906455787636" lon="8.002321054527611">
      <ele>2357.3</ele></trkpt>
      <trkpt lat="46.4091310423008" lon="8.002316412720177">
      <ele>2358.5</ele></trkpt>
      <trkpt lat="46.4091901283313" lon="8.002314347153934">
      <ele>2359.7</ele></trkpt>
      <trkpt lat="46.409260393633105" lon="8.002291069009958">
      <ele>2360.9</ele></trkpt>
      <trkpt lat="46.40932695333056" lon="8.002273084501562">
      <ele>2362.1</ele></trkpt>
      <trkpt lat="46.409393481921285" lon="8.002257739703591">
      <ele>2363.2</ele></trkpt>
      <trkpt lat="46.409450693034984" lon="8.002263678880677">
      <ele>2364.4</ele></trkpt>
      <trkpt lat="46.40951156108922" lon="8.002272309127507">
      <ele>2365.6</ele></trkpt>
      <trkpt lat="46.40956888251873" lon="8.002254228597772">
      <ele>2366.8</ele></trkpt>
      <trkpt lat="46.409604207392185" lon="8.002203887463917">
      <ele>2368.0</ele></trkpt>
      <trkpt lat="46.409624903333906" lon="8.002126707404214">
      <ele>2369.2</ele></trkpt>
      <trkpt lat="46.409663832458705" lon="8.002095092264561">
      <ele>2370.4</ele></trkpt>
      <trkpt lat="46.40970461899648" lon="8.002060804243532">
      <ele>2371.6</ele></trkpt>
      <trkpt lat="46.40972530584545" lon="8.001983623893096">
      <ele>2372.8</ele></trkpt>
      <trkpt lat="46.40975898531576" lon="8.001893221755713">
      <ele>2374.0</ele></trkpt>
      <trkpt lat="46.40978698680379" lon="8.001832126798845">
      <ele>2375.0</ele></trkpt>
      <trkpt lat="46.40981866737335" lon="8.001771069944338">
      <ele>2376.0</ele></trkpt>
      <trkpt lat="46.40985944468878" lon="8.001736807498196">
      <ele>2376.9</ele></trkpt>
      <trkpt lat="46.40989539425223" lon="8.001716436743743">
      <ele>2377.9</ele></trkpt>
      <trkpt lat="46.40993110876778" lon="8.00170536241087">
      <ele>2378.9</ele></trkpt>
      <trkpt lat="46.409976050717816" lon="8.001702004963336">
      <ele>2379.9</ele></trkpt>
      <trkpt lat="46.41002890910178" lon="8.001696817818893">
      <ele>2380.9</ele></trkpt>
      <trkpt lat="46.41006968555211" lon="8.001731614215016">
      <ele>2381.8</ele></trkpt>
      <trkpt lat="46.410111699482655" lon="8.00178170493836">
      <ele>2382.8</ele></trkpt>
      <trkpt lat="46.41015000136031" lon="8.00178401408083">
      <ele>2383.8</ele></trkpt>
      <trkpt lat="46.41018432635531" lon="8.001790092581304">
      <ele>2384.8</ele></trkpt>
      <trkpt lat="46.41021718726247" lon="8.001822908223211">
      <ele>2385.8</ele></trkpt>
      <trkpt lat="46.41023833640989" lon="8.001819304016738">
      <ele>2386.7</ele></trkpt>
      <trkpt lat="46.41026401538434" lon="8.001818334899484">
      <ele>2387.7</ele></trkpt>
      <trkpt lat="46.41031956789904" lon="8.001841267733157">
      <ele>2388.7</ele></trkpt>
      <trkpt lat="46.41036162124871" lon="8.001829036638863">
      <ele>2389.7</ele></trkpt>
      <trkpt lat="46.410380420188" lon="8.001824081477176">
      <ele>2390.7</ele></trkpt>
      <trkpt lat="46.410390194097495" lon="8.001834067092584">
      <ele>2391.6</ele></trkpt>
      <trkpt lat="46.410402857181474" lon="8.001841936771147">
      <ele>2392.6</ele></trkpt>
      <trkpt lat="46.410419617722795" lon="8.001841681477778">
      <ele>2393.6</ele></trkpt>
      <trkpt lat="46.41044442191295" lon="8.001848402582807">
      <ele>2393.9</ele></trkpt>
      <trkpt lat="46.410481266680065" lon="8.001872415966837">
      <ele>2394.3</ele></trkpt>
      <trkpt lat="46.41050578734101" lon="8.001878262778387">
      <ele>2394.6</ele></trkpt>
      <trkpt lat="46.41053322960604" lon="8.001877272962755">
      <ele>2394.9</ele></trkpt>
      <trkpt lat="46.41058227944831" lon="8.001887249957042">
      <ele>2395.2</ele></trkpt>
      <trkpt lat="46.41059610080357" lon="8.00189556087879">
      <ele>2395.6</ele></trkpt>
      <trkpt lat="46.410609128966136" lon="8.001889687472326">
      <ele>2395.9</ele></trkpt>
      <trkpt lat="46.41061587242107" lon="8.00187044412571">
      <ele>2396.2</ele></trkpt>
      <trkpt lat="46.410622087159865" lon="8.001841727211069">
      <ele>2396.6</ele></trkpt>
      <trkpt lat="46.410642462635934" lon="8.001812754026222">
      <ele>2396.9</ele></trkpt>
      <trkpt lat="46.410663375059954" lon="8.001789781976642">
      <ele>2397.2</ele></trkpt>
      <trkpt lat="46.410680719761245" lon="8.001787828990485">
      <ele>2397.6</ele></trkpt>
      <trkpt lat="46.410690506042556" lon="8.001793509923434">
      <ele>2397.9</ele></trkpt>
      <trkpt lat="46.41069506570955" lon="8.001806445794166">
      <ele>2398.2</ele></trkpt>
      <trkpt lat="46.410708328405825" lon="8.001811317432518">
      <ele>2398.5</ele></trkpt>
      <trkpt lat="46.41071690948522" lon="8.001826011772284">
      <ele>2398.9</ele></trkpt>
      <trkpt lat="46.41073186095383" lon="8.001838626280916">
      <ele>2399.2</ele></trkpt>
      <trkpt lat="46.4107357762058" lon="8.001863585685879">
      <ele>2399.5</ele></trkpt>
      <trkpt lat="46.41073949106968" lon="8.001870920387288">
      <ele>2399.9</ele></trkpt>
      <trkpt lat="46.41074928840788" lon="8.00187618527595">
      <ele>2400.2</ele></trkpt>
      <trkpt lat="46.41075453893327" lon="8.001865926286508">
      <ele>2400.9</ele></trkpt>
      <trkpt lat="46.41075731594242" lon="8.001832036406453">
      <ele>2401.6</ele></trkpt>
      <trkpt lat="46.41076586165642" lon="8.001799480921093">
      <ele>2402.3</ele></trkpt>
      <trkpt lat="46.41078764443613" lon="8.001776960035002">
      <ele>2402.9</ele></trkpt>
      <trkpt lat="46.41080122486905" lon="8.001775813357385">
      <ele>2403.6</ele></trkpt>
      <trkpt lat="46.410826574949425" lon="8.001788548753058">
      <ele>2404.3</ele></trkpt>
      <trkpt lat="46.41084850020687" lon="8.001793510265518">
      <ele>2405.0</ele></trkpt>
      <trkpt lat="46.41088574649777" lon="8.001809126297402">
      <ele>2405.7</ele></trkpt>
      <trkpt lat="46.41094739698043" lon="8.001852242436016">
      <ele>2406.4</ele></trkpt>
      <trkpt lat="46.41099070160404" lon="8.00188696172499">
      <ele>2407.1</ele></trkpt>
      <trkpt lat="46.411007694071266" lon="8.001896163988599">
      <ele>2407.7</ele></trkpt>
      <trkpt lat="46.4110209205476" lon="8.001908331497194">
      <ele>2408.4</ele></trkpt>
      <trkpt lat="46.41103784862658" lon="8.001928691996062">
      <ele>2409.1</ele></trkpt>
      <trkpt lat="46.41104700799958" lon="8.001944680009288">
      <ele>2409.8</ele></trkpt>
      <trkpt lat="46.41105394338048" lon="8.001944764983241">
      <ele>2410.5</ele></trkpt>
      <trkpt lat="46.4110560100176" lon="8.001936189657412">
      <ele>2411.2</ele></trkpt>
      <trkpt lat="46.411055007801615" lon="8.00190612307297">
      <ele>2411.8</ele></trkpt>
      <trkpt lat="46.41105585732287" lon="8.001854590277649">
      <ele>2412.5</ele></trkpt>
      <trkpt lat="46.411050592743536" lon="8.00181330757428">
      <ele>2413.2</ele></trkpt>
      <trkpt lat="46.4110487972879" lon="8.00176905654958">
      <ele>2413.9</ele></trkpt>
      <trkpt lat="46.41104438639731" lon="8.001704385456918">
      <ele>2415.3</ele></trkpt>
      <trkpt lat="46.41104871902714" lon="8.001637984258792">
      <ele>2416.8</ele></trkpt>
      <trkpt lat="46.4110570947222" lon="8.001578036790145">
      <ele>2418.2</ele></trkpt>
      <trkpt lat="46.411058045713155" lon="8.001515086032025">
      <ele>2419.7</ele></trkpt>
      <trkpt lat="46.41106152172913" lon="8.001452694685172">
      <ele>2421.2</ele></trkpt>
      <trkpt lat="46.411068372941145" lon="8.001422592475816">
      <ele>2422.6</ele></trkpt>
      <trkpt lat="46.41108515880837" lon="8.001380953137538">
      <ele>2424.1</ele></trkpt>
      <trkpt lat="46.41113229642039" lon="8.001266796346194">
      <ele>2425.5</ele></trkpt>
      <trkpt lat="46.41117111264866" lon="8.00116899237361">
      <ele>2427.0</ele></trkpt>
      <trkpt lat="46.41118546101511" lon="8.001145405594185">
      <ele>2428.4</ele></trkpt>
      <trkpt lat="46.4112737331615" lon="8.001071836327478">
      <ele>2429.8</ele></trkpt>
      <trkpt lat="46.411320082981675" lon="8.00104941339847">
      <ele>2431.3</ele></trkpt>
      <trkpt lat="46.411363873426154" lon="8.001009757271312">
      <ele>2432.8</ele></trkpt>
      <trkpt lat="46.41140252595416" lon="8.000939497261792">
      <ele>2434.2</ele></trkpt>
      <trkpt lat="46.41144532840477" lon="8.000841421716142">
      <ele>2435.7</ele></trkpt>
      <trkpt lat="46.411475938729374" lon="8.000787465515756">
      <ele>2437.1</ele></trkpt>
      <trkpt lat="46.41154121944772" lon="8.000738875499032">
      <ele>2438.6</ele></trkpt>
      <trkpt lat="46.41162693011782" lon="8.000688389950628">
      <ele>2440.0</ele></trkpt>
      <trkpt lat="46.41167419481883" lon="8.00066104680345">
      <ele>2441.5</ele></trkpt>
      <trkpt lat="46.41171159998968" lon="8.000617370218983">
      <ele>2442.9</ele></trkpt>
      <trkpt lat="46.41176157762553" lon="8.000556278800255">
      <ele>2443.6</ele></trkpt>
      <trkpt lat="46.411783823841205" lon="8.000536401995044">
      <ele>2444.4</ele></trkpt>
      <trkpt lat="46.41182254018353" lon="8.0005149658697">
      <ele>2445.1</ele></trkpt>
      <trkpt lat="46.41185464805822" lon="8.000510993260304">
      <ele>2445.9</ele></trkpt>
      <trkpt lat="46.41186936087487" lon="8.000520965002027">
      <ele>2446.6</ele></trkpt>
      <trkpt lat="46.41188459858447" lon="8.000541203839328">
      <ele>2447.4</ele></trkpt>
      <trkpt lat="46.411887921089445" lon="8.000558757183066">
      <ele>2448.1</ele></trkpt>
      <trkpt lat="46.411887181304756" lon="8.000595517212929">
      <ele>2448.9</ele></trkpt>
      <trkpt lat="46.41188556788045" lon="8.000636117944358">
      <ele>2449.6</ele></trkpt>
      <trkpt lat="46.411885407470045" lon="8.000670321807712">
      <ele>2450.4</ele></trkpt>
      <trkpt lat="46.4118829754671" lon="8.000703643760652">
      <ele>2451.1</ele></trkpt>
      <trkpt lat="46.41188818852257" lon="8.000740881615902">
      <ele>2451.8</ele></trkpt>
      <trkpt lat="46.41189779460328" lon="8.000762974073176">
      <ele>2452.6</ele></trkpt>
      <trkpt lat="46.41190162617521" lon="8.00079760946237">
      <ele>2453.3</ele></trkpt>
      <trkpt lat="46.411894131115865" lon="8.000814257437233">
      <ele>2454.1</ele></trkpt>
      <trkpt lat="46.41187521529767" lon="8.000831918640486">
      <ele>2454.8</ele></trkpt>
      <trkpt lat="46.41186399029133" lon="8.000871496387264">
      <ele>2455.6</ele></trkpt>
      <trkpt lat="46.411862867830166" lon="8.000909214870337">
      <ele>2456.3</ele></trkpt>
      <trkpt lat="46.41186290133187" lon="8.0009423932621">
      <ele>2457.1</ele></trkpt>
      <trkpt lat="46.41186930911945" lon="8.000956362944427">
      <ele>2457.8</ele></trkpt>
      <trkpt lat="46.41186867776817" lon="8.00096940132106">
      <ele>2458.3</ele></trkpt>
      <trkpt lat="46.41185716291307" lon="8.000989402158343">
      <ele>2458.9</ele></trkpt>
      <trkpt lat="46.411851636438556" lon="8.001057170649137">
      <ele>2459.4</ele></trkpt>
      <trkpt lat="46.41185649299562" lon="8.001064673345372">
      <ele>2460.0</ele></trkpt>
      <trkpt lat="46.411863381695255" lon="8.001066916703628">
      <ele>2460.5</ele></trkpt>
      <trkpt lat="46.411869049300485" lon="8.001063242732377">
      <ele>2461.1</ele></trkpt>
      <trkpt lat="46.41188801533832" lon="8.00103727135916">
      <ele>2461.6</ele></trkpt>
      <trkpt lat="46.41190832189284" lon="8.001018532134838">
      <ele>2462.2</ele></trkpt>
      <trkpt lat="46.41193885224564" lon="8.000989806221684">
      <ele>2462.7</ele></trkpt>
      <trkpt lat="46.411947922821845" lon="8.00098924989293">
      <ele>2463.2</ele></trkpt>
      <trkpt lat="46.411950725939946" lon="8.000991789074273">
      <ele>2463.8</ele></trkpt>
      <trkpt lat="46.411951566597565" lon="8.00100186436439">
      <ele>2464.3</ele></trkpt>
      <trkpt lat="46.41194191685683" lon="8.001043045174638">
      <ele>2464.9</ele></trkpt>
      <trkpt lat="46.41193335493011" lon="8.001129731931174">
      <ele>2465.4</ele></trkpt>
      <trkpt lat="46.411917325764534" lon="8.001218357188764">
      <ele>2466.0</ele></trkpt>
      <trkpt lat="46.41191882584443" lon="8.001271423847697">
      <ele>2466.5</ele></trkpt>
      <trkpt lat="46.411908366900334" lon="8.001321570275552">
      <ele>2467.1</ele></trkpt>
      <trkpt lat="46.41191152352405" lon="8.001348967430081">
      <ele>2467.6</ele></trkpt>
      <trkpt lat="46.41191687332197" lon="8.001360403059127">
      <ele>2468.2</ele></trkpt>
      <trkpt lat="46.41192207333317" lon="8.001362134727096">
      <ele>2468.7</ele></trkpt>
      <trkpt lat="46.411930392751486" lon="8.00135704461572">
      <ele>2469.5</ele></trkpt>
      <trkpt lat="46.41195100320724" lon="8.001331454526728">
      <ele>2470.2</ele></trkpt>
      <trkpt lat="46.411980253136136" lon="8.00129609547775">
      <ele>2471.0</ele></trkpt>
      <trkpt lat="46.411993845077525" lon="8.001254526345562">
      <ele>2471.7</ele></trkpt>
      <trkpt lat="46.41201389012403" lon="8.001234106689834">
      <ele>2472.5</ele></trkpt>
      <trkpt lat="46.412025042471406" lon="8.00122735513893">
      <ele>2473.2</ele></trkpt>
      <trkpt lat="46.412031853789536" lon="8.001234318878472">
      <ele>2474.0</ele></trkpt>
      <trkpt lat="46.41202685435595" lon="8.001266521788365">
      <ele>2474.7</ele></trkpt>
      <trkpt lat="46.412020955532405" lon="8.001307754495409">
      <ele>2475.5</ele></trkpt>
      <trkpt lat="46.41204323037815" lon="8.001300272860691">
      <ele>2476.2</ele></trkpt>
      <trkpt lat="46.41204606908393" lon="8.001302890467167">
      <ele>2477.0</ele></trkpt>
      <trkpt lat="46.41203646846738" lon="8.001343213413895">
      <ele>2477.8</ele></trkpt>
      <trkpt lat="46.41203457256459" lon="8.00138448761789">
      <ele>2478.5</ele></trkpt>
      <trkpt lat="46.41203666112346" lon="8.001424086344393">
      <ele>2479.3</ele></trkpt>
      <trkpt lat="46.4120452284462" lon="8.001421612996257">
      <ele>2480.0</ele></trkpt>
      <trkpt lat="46.41205539614281" lon="8.001441084261259">
      <ele>2480.8</ele></trkpt>
      <trkpt lat="46.41205287327976" lon="8.001492678695156">
      <ele>2481.5</ele></trkpt>
      <trkpt lat="46.41205919918415" lon="8.001543090301816">
      <ele>2482.3</ele></trkpt>
      <trkpt lat="46.41206510475945" lon="8.001560358408854">
      <ele>2483.0</ele></trkpt>
      <trkpt lat="46.41207363369756" lon="8.001565623222339">
      <ele>2483.8</ele></trkpt>
      <trkpt lat="46.41208983233833" lon="8.001575272544933">
      <ele>2484.5</ele></trkpt>
      <trkpt lat="46.41209232604808" lon="8.001591217692487">
      <ele>2485.3</ele></trkpt>
      <trkpt lat="46.41208791286462" lon="8.001621280704436">
      <ele>2486.0</ele></trkpt>
      <trkpt lat="46.412081796523985" lon="8.001648308666145">
      <ele>2486.7</ele></trkpt>
      <trkpt lat="46.4120784467536" lon="8.001694301980692">
      <ele>2487.5</ele></trkpt>
      <trkpt lat="46.41208116806327" lon="8.001720576216353">
      <ele>2488.2</ele></trkpt>
      <trkpt lat="46.4120853900441" lon="8.001732676528519">
      <ele>2488.9</ele></trkpt>
      <trkpt lat="46.41209312210779" lon="8.001726305782286">
      <ele>2489.6</ele></trkpt>
      <trkpt lat="46.41211067774014" lon="8.001689095760767">
      <ele>2490.4</ele></trkpt>
      <trkpt lat="46.41213252848463" lon="8.001651058863773">
      <ele>2491.1</ele></trkpt>
      <trkpt lat="46.41213839282196" lon="8.001614989118245">
      <ele>2491.8</ele></trkpt>
      <trkpt lat="46.412143447361565" lon="8.001569884826894">
      <ele>2492.6</ele></trkpt>
      <trkpt lat="46.412153970459606" lon="8.001514081297778">
      <ele>2493.3</ele></trkpt>
      <trkpt lat="46.41216353062626" lon="8.001481925623292">
      <ele>2494.0</ele></trkpt>
      <trkpt lat="46.4121957148682" lon="8.001428102438936">
      <ele>2494.8</ele></trkpt>
      <trkpt lat="46.412228679024366" lon="8.001389335201686">
      <ele>2495.5</ele></trkpt>
      <trkpt lat="46.41226129340109" lon="8.001363050045422">
      <ele>2496.2</ele></trkpt>
      <trkpt lat="46.41227668444923" lon="8.001363222602658">
      <ele>2496.9</ele></trkpt>
      <trkpt lat="46.41229091428099" lon="8.001368988708549">
      <ele>2497.7</ele></trkpt>
      <trkpt lat="46.412317046546825" lon="8.001389080766282">
      <ele>2498.4</ele></trkpt>
      <trkpt lat="46.41233464767075" lon="8.001404350209906">
      <ele>2499.0</ele></trkpt>
      <trkpt lat="46.41236600115045" lon="8.001405572675411">
      <ele>2499.7</ele></trkpt>
      <trkpt lat="46.41238137936316" lon="8.001408333310444">
      <ele>2500.3</ele></trkpt>
      <trkpt lat="46.412367269743086" lon="8.001439999753597">
      <ele>2501.0</ele></trkpt>
      <trkpt lat="46.41235840811712" lon="8.001443770663919">
      <ele>2501.6</ele></trkpt>
      <trkpt lat="46.412357225610386" lon="8.001453655982353">
      <ele>2502.3</ele></trkpt>
      <trkpt lat="46.4123631439716" lon="8.001468349115349">
      <ele>2502.9</ele></trkpt>
      <trkpt lat="46.41235102231594" lon="8.001500036145691">
      <ele>2503.6</ele></trkpt>
      <trkpt lat="46.41231125175837" lon="8.001592499650632">
      <ele>2504.2</ele></trkpt>
      <trkpt lat="46.412302017868996" lon="8.001616907199233">
      <ele>2504.9</ele></trkpt>
      <trkpt lat="46.41230683177293" lon="8.001622120508992">
      <ele>2505.5</ele></trkpt>
      <trkpt lat="46.412323678639055" lon="8.001617157859085">
      <ele>2506.1</ele></trkpt>
      <trkpt lat="46.41234568700955" lon="8.00160536855516">
      <ele>2506.8</ele></trkpt>
      <trkpt lat="46.41237653043781" lon="8.001591537880483">
      <ele>2507.4</ele></trkpt>
      <trkpt lat="46.4124013946026" lon="8.001578919772943">
      <ele>2508.1</ele></trkpt>
      <trkpt lat="46.41242168526418" lon="8.001568842425847">
      <ele>2508.7</ele></trkpt>
      <trkpt lat="46.41246054646516" lon="8.001549073058717">
      <ele>2509.4</ele></trkpt>
      <trkpt lat="46.41247995014787" lon="8.001543707686473">
      <ele>2510.0</ele></trkpt>
      <trkpt lat="46.41250791263967" lon="8.001537585669858">
      <ele>2510.7</ele></trkpt>
      <trkpt lat="46.41251936143784" lon="8.001529107388441">
      <ele>2511.3</ele></trkpt>
      <trkpt lat="46.412526468626176" lon="8.001532640698414">
      <ele>2511.8</ele></trkpt>
      <trkpt lat="46.41252756839686" lon="8.001541249106754">
      <ele>2512.4</ele></trkpt>
      <trkpt lat="46.41252296721865" lon="8.001549369196772">
      <ele>2512.9</ele></trkpt>
      <trkpt lat="46.41251550214151" lon="8.001561764590527">
      <ele>2513.4</ele></trkpt>
      <trkpt lat="46.41250167985239" lon="8.00159171725357">
      <ele>2513.9</ele></trkpt>
      <trkpt lat="46.412485018856984" lon="8.001619052256844">
      <ele>2514.5</ele></trkpt>
      <trkpt lat="46.412484681901645" lon="8.001628946364256">
      <ele>2515.0</ele></trkpt>
      <trkpt lat="46.412492644191516" lon="8.001634192346236">
      <ele>2515.5</ele></trkpt>
      <trkpt lat="46.41250433978522" lon="8.001632180654978">
      <ele>2516.0</ele></trkpt>
      <trkpt lat="46.41251720553895" lon="8.001624588495396">
      <ele>2516.6</ele></trkpt>
      <trkpt lat="46.41253209766447" lon="8.001609278743265">
      <ele>2517.1</ele></trkpt>
      <trkpt lat="46.412541233894586" lon="8.001606369095835">
      <ele>2517.6</ele></trkpt>
      <trkpt lat="46.412544617945855" lon="8.001613297404695">
      <ele>2518.1</ele></trkpt>
      <trkpt lat="46.41254400858631" lon="8.001621888091616">
      <ele>2518.7</ele></trkpt>
      <trkpt lat="46.41253510471695" lon="8.001635985357616">
      <ele>2519.2</ele></trkpt>
      <trkpt lat="46.41252091817805" lon="8.001683141246978">
      <ele>2519.7</ele></trkpt>
      <trkpt lat="46.412509676644575" lon="8.001709674048358">
      <ele>2520.2</ele></trkpt>
      <trkpt lat="46.412477298320916" lon="8.001744571568413">
      <ele>2520.8</ele></trkpt>
      <trkpt lat="46.41245986598337" lon="8.001755120717249">
      <ele>2521.3</ele></trkpt>
      <trkpt lat="46.41245640288013" lon="8.001764123990194">
      <ele>2521.8</ele></trkpt>
      <trkpt lat="46.41246063083454" lon="8.001773207049714">
      <ele>2522.6</ele></trkpt>
      <trkpt lat="46.4124359247904" lon="8.001813776693757">
      <ele>2523.4</ele></trkpt>
      <trkpt lat="46.412410368365514" lon="8.00185349208591">
      <ele>2524.2</ele></trkpt>
      <trkpt lat="46.41240477043722" lon="8.001893869746926">
      <ele>2525.0</ele></trkpt>
      <trkpt lat="46.41241053117547" lon="8.001942116863125">
      <ele>2525.9</ele></trkpt>
      <trkpt lat="46.4124118397431" lon="8.001966646809544">
      <ele>2526.7</ele></trkpt>
      <trkpt lat="46.41241978869617" lon="8.00197276409991">
      <ele>2527.5</ele></trkpt>
      <trkpt lat="46.41242837314024" lon="8.001966844399352">
      <ele>2528.3</ele></trkpt>
      <trkpt lat="46.412442472728394" lon="8.001939040745096">
      <ele>2529.1</ele></trkpt>
      <trkpt lat="46.41245848594192" lon="8.001928047732994">
      <ele>2529.9</ele></trkpt>
      <trkpt lat="46.41246216215152" lon="8.00193410767842">
      <ele>2530.7</ele></trkpt>
      <trkpt lat="46.41246310638181" lon="8.00197585386747">
      <ele>2531.5</ele></trkpt>
      <trkpt lat="46.41246804881124" lon="8.002016783154895">
      <ele>2532.3</ele></trkpt>
      <trkpt lat="46.41246873938258" lon="8.002051633514002">
      <ele>2533.1</ele></trkpt>
      <trkpt lat="46.412460984249826" lon="8.002124243791885">
      <ele>2533.9</ele></trkpt>
      <trkpt lat="46.412452253158825" lon="8.00222309010647">
      <ele>2534.8</ele></trkpt>
      <trkpt lat="46.41244600512213" lon="8.002280225795811">
      <ele>2535.6</ele></trkpt>
      <trkpt lat="46.412441079595055" lon="8.002324655300962">
      <ele>2536.4</ele></trkpt>
      <trkpt lat="46.41244575438325" lon="8.002359677083685">
      <ele>2537.2</ele></trkpt>
      <trkpt lat="46.4124473723432" lon="8.00237804540746">
      <ele>2538.0</ele></trkpt>
      <trkpt lat="46.41243869804434" lon="8.002407479027484">
      <ele>2539.2</ele></trkpt>
      <trkpt lat="46.412436893354744" lon="8.002426696212858">
      <ele>2540.5</ele></trkpt>
      <trkpt lat="46.41242656849244" lon="8.00250225808586">
      <ele>2541.7</ele></trkpt>
      <trkpt lat="46.41242742713669" lon="8.0025611843423">
      <ele>2543.0</ele></trkpt>
      <trkpt lat="46.412436553385795" lon="8.002614590896805">
      <ele>2544.2</ele></trkpt>
      <trkpt lat="46.412442761302586" lon="8.002625294333983">
      <ele>2545.5</ele></trkpt>
      <trkpt lat="46.41246041844396" lon="8.002620210340663">
      <ele>2546.7</ele></trkpt>
      <trkpt lat="46.412478086121" lon="8.002613006467861">
      <ele>2548.0</ele></trkpt>
      <trkpt lat="46.41249442372697" lon="8.002587437233979">
      <ele>2549.2</ele></trkpt>
      <trkpt lat="46.41250961090995" lon="8.00256527662571">
      <ele>2550.4</ele></trkpt>
      <trkpt lat="46.4125282902595" lon="8.002526465509224">
      <ele>2551.7</ele></trkpt>
      <trkpt lat="46.4125386504484" lon="8.002501731553544">
      <ele>2552.9</ele></trkpt>
      <trkpt lat="46.41255079413469" lon="8.002462046133891">
      <ele>2554.2</ele></trkpt>
      <trkpt lat="46.41257125197448" lon="8.002418337130223">
      <ele>2555.4</ele></trkpt>
      <trkpt lat="46.41259286250741" lon="8.002383432170856">
      <ele>2556.7</ele></trkpt>
      <trkpt lat="46.412641598416194" lon="8.002335269538113">
      <ele>2557.9</ele></trkpt>
      <trkpt lat="46.41267532986154" lon="8.002308710213747">
      <ele>2559.2</ele></trkpt>
      <trkpt lat="46.41270321106676" lon="8.00226100722141">
      <ele>2560.4</ele></trkpt>
      <trkpt lat="46.4127134495148" lon="8.002255338818802">
      <ele>2561.7</ele></trkpt>
      <trkpt lat="46.41272991957407" lon="8.002279154930202">
      <ele>2562.9</ele></trkpt>
      <trkpt lat="46.41274510228536" lon="8.002306781484968">
      <ele>2563.9</ele></trkpt>
      <trkpt lat="46.41272776147881" lon="8.002373140659056">
      <ele>2564.9</ele></trkpt>
      <trkpt lat="46.41272925510628" lon="8.00241472368829">
      <ele>2565.9</ele></trkpt>
      <trkpt lat="46.412745871293" lon="8.002409121550201">
      <ele>2566.9</ele></trkpt>
      <trkpt lat="46.412773621783884" lon="8.002389549421741">
      <ele>2567.9</ele></trkpt>
      <trkpt lat="46.41280311748228" lon="8.002359109271293">
      <ele>2568.9</ele></trkpt>
      <trkpt lat="46.412821573602514" lon="8.002325380953051">
      <ele>2569.9</ele></trkpt>
      <trkpt lat="46.41286446961476" lon="8.002315564556174">
      <ele>2570.9</ele></trkpt>
      <trkpt lat="46.41288762348869" lon="8.002315857014482">
      <ele>2571.9</ele></trkpt>
      <trkpt lat="46.41290362932283" lon="8.002315411932868">
      <ele>2572.9</ele></trkpt>
      <trkpt lat="46.41296253214813" lon="8.002321252067837">
      <ele>2573.9</ele></trkpt>
      <trkpt lat="46.412976480803096" lon="8.002311174068193">
      <ele>2574.9</ele></trkpt>
      <trkpt lat="46.41301616257135" lon="8.002289228512403">
      <ele>2575.9</ele></trkpt>
      <trkpt lat="46.41302718625231" lon="8.002273982682759">
      <ele>2576.9</ele></trkpt>
      <trkpt lat="46.41304803211327" lon="8.002230017130376">
      <ele>2577.9</ele></trkpt>
      <trkpt lat="46.41306296952451" lon="8.002191114641455">
      <ele>2578.9</ele></trkpt>
      <trkpt lat="46.41309297229499" lon="8.002169055474377">
      <ele>2579.9</ele></trkpt>
      <trkpt lat="46.41313641881318" lon="8.002151635990662">
      <ele>2580.9</ele></trkpt>
      <trkpt lat="46.41318657730059" lon="8.002139436616854">
      <ele>2581.9</ele></trkpt>
      <trkpt lat="46.413223702159165" lon="8.002125150987716">
      <ele>2582.9</ele></trkpt>
      <trkpt lat="46.41326639482455" lon="8.002091062614353">
      <ele>2583.5</ele></trkpt>
      <trkpt lat="46.41328381589832" lon="8.002059235091803">
      <ele>2584.1</ele></trkpt>
      <trkpt lat="46.413314131251354" lon="8.001994141336727">
      <ele>2584.7</ele></trkpt>
      <trkpt lat="46.41333088586157" lon="8.001973336139509">
      <ele>2585.3</ele></trkpt>
      <trkpt lat="46.41333663363777" lon="8.001966203332291">
      <ele>2585.9</ele></trkpt>
      <trkpt lat="46.41335590615395" lon="8.001960082298408">
      <ele>2586.5</ele></trkpt>
      <trkpt lat="46.41338517855288" lon="8.001936545597992">
      <ele>2587.1</ele></trkpt>
      <trkpt lat="46.41339070234191" lon="8.001907481892955">
      <ele>2587.7</ele></trkpt>
      <trkpt lat="46.41340065800222" lon="8.001837351357688">
      <ele>2588.3</ele></trkpt>
      <trkpt lat="46.41342579950552" lon="8.001790607541372">
      <ele>2588.9</ele></trkpt>
      <trkpt lat="46.413469468857976" lon="8.001657564100208">
      <ele>2589.4</ele></trkpt>
      <trkpt lat="46.41348425131306" lon="8.001638975366753">
      <ele>2590.0</ele></trkpt>
      <trkpt lat="46.413516165173604" lon="8.001632413035624">
      <ele>2590.6</ele></trkpt>
      <trkpt lat="46.41356582675785" lon="8.00160068547774">
      <ele>2591.2</ele></trkpt>
      <trkpt lat="46.41359470940439" lon="8.001528760965781">
      <ele>2591.8</ele></trkpt>
      <trkpt lat="46.4136100182029" lon="8.001483852827086">
      <ele>2592.4</ele></trkpt>
      <trkpt lat="46.41362020691699" lon="8.001466438961621">
      <ele>2593.0</ele></trkpt>
      <trkpt lat="46.413652693854495" lon="8.00142232018215">
      <ele>2593.6</ele></trkpt>
      <trkpt lat="46.41365867058805" lon="8.001405291832516">
      <ele>2594.2</ele></trkpt>
      <trkpt lat="46.413684131198934" lon="8.001308671611055">
      <ele>2594.8</ele></trkpt>
      <trkpt lat="46.41368630435048" lon="8.001280418365283">
      <ele>2595.9</ele></trkpt>
      <trkpt lat="46.413701450768485" lon="8.001208364170303">
      <ele>2597.1</ele></trkpt>
      <trkpt lat="46.413713623750965" lon="8.00115723233892">
      <ele>2598.2</ele></trkpt>
      <trkpt lat="46.413715349976016" lon="8.001090280574296">
      <ele>2599.4</ele></trkpt>
      <trkpt lat="46.413707566702904" lon="8.001050725684681">
      <ele>2600.5</ele></trkpt>
      <trkpt lat="46.41371049610419" lon="8.001018708413392">
      <ele>2601.6</ele></trkpt>
      <trkpt lat="46.41374358473692" lon="8.000873093985934">
      <ele>2602.8</ele></trkpt>
      <trkpt lat="46.413766727505056" lon="8.000784838462813">
      <ele>2603.9</ele></trkpt>
      <trkpt lat="46.41379262936515" lon="8.000735240322605">
      <ele>2605.1</ele></trkpt>
      <trkpt lat="46.41382051470769" lon="8.000699280338564">
      <ele>2606.2</ele></trkpt>
      <trkpt lat="46.4138484461752" lon="8.000663086680573">
      <ele>2607.3</ele></trkpt>
      <trkpt lat="46.413857448094326" lon="8.000660045349214">
      <ele>2608.5</ele></trkpt>
      <trkpt lat="46.41386155664648" lon="8.000662377010832">
      <ele>2609.6</ele></trkpt>
      <trkpt lat="46.413855473116456" lon="8.000719151880386">
      <ele>2610.8</ele></trkpt>
      <trkpt lat="46.413858528769765" lon="8.000745170259908">
      <ele>2611.9</ele></trkpt>
      <trkpt lat="46.413878065230584" lon="8.000834661369268">
      <ele>2613.0</ele></trkpt>
      <trkpt lat="46.41389067005642" lon="8.00087790807952">
      <ele>2614.2</ele></trkpt>
      <trkpt lat="46.41389817168289" lon="8.000883539506916">
      <ele>2615.3</ele></trkpt>
      <trkpt lat="46.413905736163294" lon="8.000874669465428">
      <ele>2616.5</ele></trkpt>
      <trkpt lat="46.413921822741045" lon="8.000834321179736">
      <ele>2617.6</ele></trkpt>
      <trkpt lat="46.41397496859298" lon="8.00074022401758">
      <ele>2618.5</ele></trkpt>
      <trkpt lat="46.41401701831668" lon="8.000665131214504">
      <ele>2619.4</ele></trkpt>
      <trkpt lat="46.41403522799111" lon="8.000619303050934">
      <ele>2620.3</ele></trkpt>
      <trkpt lat="46.41405328077458" lon="8.000570637832686">
      <ele>2621.2</ele></trkpt>
      <trkpt lat="46.414069332454915" lon="8.000555482434011">
      <ele>2622.1</ele></trkpt>
      <trkpt lat="46.41410099034743" lon="8.000553364946288">
      <ele>2623.0</ele></trkpt>
      <trkpt lat="46.41413165122805" lon="8.000540038589637">
      <ele>2623.9</ele></trkpt>
      <trkpt lat="46.41415877009298" lon="8.000498984826628">
      <ele>2624.8</ele></trkpt>
      <trkpt lat="46.414191940869074" lon="8.00048019568027">
      <ele>2625.7</ele></trkpt>
      <trkpt lat="46.41422426321458" lon="8.000440171182017">
      <ele>2626.6</ele></trkpt>
      <trkpt lat="46.414249475020206" lon="8.000411817889589">
      <ele>2627.5</ele></trkpt>
      <trkpt lat="46.41428124271224" lon="8.000391154212004">
      <ele>2628.4</ele></trkpt>
      <trkpt lat="46.414309174263" lon="8.000349471354264">
      <ele>2629.3</ele></trkpt>
      <trkpt lat="46.41434363643549" lon="8.000309676937894">
      <ele>2630.2</ele></trkpt>
      <trkpt lat="46.414377652747035" lon="8.000290896361026">
      <ele>2631.1</ele></trkpt>
      <trkpt lat="46.414412731636325" lon="8.00028280509795">
      <ele>2632.0</ele></trkpt>
      <trkpt lat="46.41443209689585" lon="8.000277919924278">
      <ele>2632.9</ele></trkpt>
      <trkpt lat="46.41444744933814" lon="8.000291345421443">
      <ele>2633.8</ele></trkpt>
      <trkpt lat="46.41446541344126" lon="8.000286016534636">
      <ele>2634.7</ele></trkpt>
      <trkpt lat="46.41448602824168" lon="8.00025768051449">
      <ele>2635.6</ele></trkpt>
      <trkpt lat="46.41450815767924" lon="8.000205037931078">
      <ele>2635.0</ele></trkpt>
      <trkpt lat="46.41453455806125" lon="8.000116450398815">
      <ele>2634.4</ele></trkpt>
      <trkpt lat="46.41455342116577" lon="8.000042144049495">
      <ele>2633.8</ele></trkpt>
      <trkpt lat="46.41456435015779" lon="7.999967781613559">
      <ele>2633.2</ele></trkpt>
      <trkpt lat="46.41457798002061" lon="7.999883887262714">
      <ele>2632.6</ele></trkpt>
      <trkpt lat="46.41459294205713" lon="7.999796182716777">
      <ele>2631.9</ele></trkpt>
      <trkpt lat="46.41461316541508" lon="7.999712356433905">
      <ele>2631.3</ele></trkpt>
      <trkpt lat="46.414637396357236" lon="7.999645818207384">
      <ele>2630.7</ele></trkpt>
      <trkpt lat="46.414665076967964" lon="7.99960934773559">
      <ele>2630.1</ele></trkpt>
      <trkpt lat="46.41469318769211" lon="7.999542277202279">
      <ele>2629.5</ele></trkpt>
      <trkpt lat="46.41470780399281" lon="7.999480790067088">
      <ele>2628.9</ele></trkpt>
      <trkpt lat="46.4147182367297" lon="7.9993939098534526">
      <ele>2628.3</ele></trkpt>
      <trkpt lat="46.41472899531752" lon="7.999361231402432">
      <ele>2627.7</ele></trkpt>
      <trkpt lat="46.41474834680854" lon="7.999328173461761">
      <ele>2627.1</ele></trkpt>
      <trkpt lat="46.41476481179528" lon="7.999300340346043">
      <ele>2626.4</ele></trkpt>
      <trkpt lat="46.41477830822647" lon="7.9992943406379515">
      <ele>2625.8</ele></trkpt>
      <trkpt lat="46.41479560874765" lon="7.999272187003328">
      <ele>2625.2</ele></trkpt>
      <trkpt lat="46.41481038110824" lon="7.9992373518199">
      <ele>2624.6</ele></trkpt>
      <trkpt lat="46.414839612764105" lon="7.999176418604782">
      <ele>2624.0</ele></trkpt>
      <trkpt lat="46.414852098081525" lon="7.999142001975983">
      <ele>2623.4</ele></trkpt>
      <trkpt lat="46.41487187077313" lon="7.9990801125630675">
      <ele>2623.5</ele></trkpt>
      <trkpt lat="46.41489292771657" lon="7.999051442268465">
      <ele>2623.5</ele></trkpt>
      <trkpt lat="46.41490604014119" lon="7.9990047928178525">
      <ele>2623.6</ele></trkpt>
      <trkpt lat="46.41492053323679" lon="7.998968198714006">
      <ele>2623.6</ele></trkpt>
      <trkpt lat="46.41493418466561" lon="7.9989289815699625">
      <ele>2623.7</ele></trkpt>
      <trkpt lat="46.414934021901516" lon="7.998903642972262">
      <ele>2623.7</ele></trkpt>
      <trkpt lat="46.414916632239716" lon="7.9988217818638105">
      <ele>2623.8</ele></trkpt>
      <trkpt lat="46.41491880609033" lon="7.998785971039764">
      <ele>2623.8</ele></trkpt>
      <trkpt lat="46.41493245097254" lon="7.998748067453909">
      <ele>2623.8</ele></trkpt>
      <trkpt lat="46.41495146084109" lon="7.998727687116877">
      <ele>2623.9</ele></trkpt>
      <trkpt lat="46.41498437542952" lon="7.9986750767013195">
      <ele>2624.0</ele></trkpt>
      <trkpt lat="46.415003363719116" lon="7.998659066330294">
      <ele>2624.0</ele></trkpt>
      <trkpt lat="46.41502007974663" lon="7.998638662270447">
      <ele>2624.1</ele></trkpt>
      <trkpt lat="46.41503607879525" lon="7.99858854360059">
      <ele>2624.1</ele></trkpt>
      <trkpt lat="46.41503152592812" lon="7.9985194573131935">
      <ele>2624.2</ele></trkpt>
      <trkpt lat="46.41506255234098" lon="7.9985031027997655">
      <ele>2624.2</ele></trkpt>
      <trkpt lat="46.41507150413469" lon="7.998488328515121">
      <ele>2624.2</ele></trkpt>
      <trkpt lat="46.41509228173786" lon="7.9984578991057225">
      <ele>2624.3</ele></trkpt>
      <trkpt lat="46.41511638836877" lon="7.998389056275943">
      <ele>2624.3</ele></trkpt>
      <trkpt lat="46.4151357567686" lon="7.998352512139986">
      <ele>2624.4</ele></trkpt>
      <trkpt lat="46.41515740826958" lon="7.998318163635166">
      <ele>2624.4</ele></trkpt>
      <trkpt lat="46.41516844150771" lon="7.998288101885344">
      <ele>2624.4</ele></trkpt>
      <trkpt lat="46.41519234159677" lon="7.998262946234898">
      <ele>2624.5</ele></trkpt>
      <trkpt lat="46.41520937773031" lon="7.998235989907875">
      <ele>2624.5</ele></trkpt>
      <trkpt lat="46.41522438421106" lon="7.998151783160498">
      <ele>2624.5</ele></trkpt>
      <trkpt lat="46.415248739781084" lon="7.998090798645068">
      <ele>2624.5</ele></trkpt>
      <trkpt lat="46.41527766538231" lon="7.998031604071902">
      <ele>2624.5</ele></trkpt>
      <trkpt lat="46.41529183438673" lon="7.998005944769072">
      <ele>2624.6</ele></trkpt>
      <trkpt lat="46.41530730018653" lon="7.997945323747111">
      <ele>2624.6</ele></trkpt>
      <trkpt lat="46.41532403755918" lon="7.997920562322024">
      <ele>2624.6</ele></trkpt>
      <trkpt lat="46.41533561586536" lon="7.997894876276051">
      <ele>2624.6</ele></trkpt>
      <trkpt lat="46.41534522519724" lon="7.997863485993016">
      <ele>2624.6</ele></trkpt>
      <trkpt lat="46.41537964257103" lon="7.997856335695271">
      <ele>2624.7</ele></trkpt>
      <trkpt lat="46.41539460585352" lon="7.997842910817515">
      <ele>2624.7</ele></trkpt>
      <trkpt lat="46.41541489582525" lon="7.997794565670134">
      <ele>2624.7</ele></trkpt>
      <trkpt lat="46.415453823261004" lon="7.997741131719358">
      <ele>2624.7</ele></trkpt>
      <trkpt lat="46.41548057122957" lon="7.997720375301627">
      <ele>2624.7</ele></trkpt>
      <trkpt lat="46.41550565271767" lon="7.997689118245317">
      <ele>2624.8</ele></trkpt>
      <trkpt lat="46.415528932144625" lon="7.997674881472834">
      <ele>2624.8</ele></trkpt>
      <trkpt lat="46.41554767944151" lon="7.997647500187785">
      <ele>2624.8</ele></trkpt>
      <trkpt lat="46.41558146137902" lon="7.997594026021466">
      <ele>2625.2</ele></trkpt>
      <trkpt lat="46.41560659840728" lon="7.997549658575778">
      <ele>2625.7</ele></trkpt>
      <trkpt lat="46.4156194782786" lon="7.997491650829687">
      <ele>2626.1</ele></trkpt>
      <trkpt lat="46.41563713691557" lon="7.9974533325176935">
      <ele>2626.5</ele></trkpt>
      <trkpt lat="46.41565557513735" lon="7.9974320741242115">
      <ele>2627.0</ele></trkpt>
      <trkpt lat="46.41566797603239" lon="7.997414694628048">
      <ele>2627.4</ele></trkpt>
      <trkpt lat="46.415672969532" lon="7.997388953535777">
      <ele>2627.8</ele></trkpt>
      <trkpt lat="46.41568448569657" lon="7.997377691124372">
      <ele>2628.3</ele></trkpt>
      <trkpt lat="46.415698619815785" lon="7.997357259839609">
      <ele>2628.7</ele></trkpt>
      <trkpt lat="46.41571918232216" lon="7.997311986655991">
      <ele>2629.2</ele></trkpt>
      <trkpt lat="46.415721984830554" lon="7.997263500069018">
      <ele>2629.6</ele></trkpt>
      <trkpt lat="46.415764436472344" lon="7.997192178294609">
      <ele>2630.0</ele></trkpt>
      <trkpt lat="46.41581992748766" lon="7.997152857333244">
      <ele>2630.5</ele></trkpt>
      <trkpt lat="46.41584727467315" lon="7.997127307125335">
      <ele>2630.9</ele></trkpt>
      <trkpt lat="46.41586008558946" lon="7.997083267672563">
      <ele>2631.3</ele></trkpt>
      <trkpt lat="46.41587576813125" lon="7.997038828514977">
      <ele>2631.8</ele></trkpt>
      <trkpt lat="46.4158861780324" lon="7.997018371765839">
      <ele>2632.2</ele></trkpt>
      <trkpt lat="46.415918170587275" lon="7.996979303084639">
      <ele>2632.6</ele></trkpt>
      <trkpt lat="46.41593437510815" lon="7.99694578198155">
      <ele>2633.1</ele></trkpt>
      <trkpt lat="46.41596849206715" lon="7.996942998245577">
      <ele>2633.5</ele></trkpt>
      <trkpt lat="46.41599125542" lon="7.996914786332951">
      <ele>2633.1</ele></trkpt>
      <trkpt lat="46.41601895025228" lon="7.99687524408799">
      <ele>2632.7</ele></trkpt>
      <trkpt lat="46.41603110191575" lon="7.996849992616431">
      <ele>2632.3</ele></trkpt>
      <trkpt lat="46.41605159544925" lon="7.996818700669942">
      <ele>2631.9</ele></trkpt>
      <trkpt lat="46.416061447236984" lon="7.996796482142205">
      <ele>2631.5</ele></trkpt>
      <trkpt lat="46.41607843357464" lon="7.9967795787508">
      <ele>2631.1</ele></trkpt>
      <trkpt lat="46.416094134954115" lon="7.996729455503289">
      <ele>2630.7</ele></trkpt>
      <trkpt lat="46.41609594978499" lon="7.996709807719483">
      <ele>2630.3</ele></trkpt>
      <trkpt lat="46.4160926226823" lon="7.996685749755833">
      <ele>2629.9</ele></trkpt>
      <trkpt lat="46.41609480020769" lon="7.996649053645139">
      <ele>2629.5</ele></trkpt>
      <trkpt lat="46.41610232106655" lon="7.996632521140189">
      <ele>2629.1</ele></trkpt>
      <trkpt lat="46.41612102810042" lon="7.996616936064658">
      <ele>2628.7</ele></trkpt>
      <trkpt lat="46.41613239563404" lon="7.996575508831782">
      <ele>2628.3</ele></trkpt>
      <trkpt lat="46.416138780525415" lon="7.9965576509303435">
      <ele>2627.9</ele></trkpt>
      <trkpt lat="46.41615174756502" lon="7.996479976817611">
      <ele>2627.5</ele></trkpt>
      <trkpt lat="46.416166091614166" lon="7.996414972554906">
      <ele>2627.1</ele></trkpt>
      <trkpt lat="46.416177598612975" lon="7.99634515255891">
      <ele>2626.7</ele></trkpt>
      <trkpt lat="46.41619149831931" lon="7.996313805599129">
      <ele>2626.3</ele></trkpt>
      <trkpt lat="46.41619594807572" lon="7.996281503080429">
      <ele>2625.9</ele></trkpt>
      <trkpt lat="46.41620143657739" lon="7.996209891272482">
      <ele>2625.5</ele></trkpt>
      <trkpt lat="46.41620357528948" lon="7.996181063866037">
      <ele>2626.0</ele></trkpt>
      <trkpt lat="46.41622563163007" lon="7.996120938233743">
      <ele>2626.6</ele></trkpt>
      <trkpt lat="46.416247778081214" lon="7.99604246068202">
      <ele>2627.1</ele></trkpt>
      <trkpt lat="46.41626314016743" lon="7.996004573120704">
      <ele>2627.6</ele></trkpt>
      <trkpt lat="46.41628069998438" lon="7.9959881045377905">
      <ele>2628.2</ele></trkpt>
      <trkpt lat="46.41628855158794" lon="7.995962821602679">
      <ele>2628.7</ele></trkpt>
      <trkpt lat="46.41629664811599" lon="7.995946281848376">
      <ele>2629.2</ele></trkpt>
      <trkpt lat="46.41632174412474" lon="7.995911967020597">
      <ele>2629.7</ele></trkpt>
      <trkpt lat="46.41635192595572" lon="7.995891660849574">
      <ele>2630.3</ele></trkpt>
      <trkpt lat="46.4163851320691" lon="7.995898492240676">
      <ele>2630.8</ele></trkpt>
      <trkpt lat="46.416419464354114" lon="7.995912306945556">
      <ele>2631.3</ele></trkpt>
      <trkpt lat="46.416455447830735" lon="7.9959379359630525">
      <ele>2631.9</ele></trkpt>
      <trkpt lat="46.41652796938044" lon="7.995995326096671">
      <ele>2632.4</ele></trkpt>
      <trkpt lat="46.41657249499283" lon="7.996034570240535">
      <ele>2632.9</ele></trkpt>
      <trkpt lat="46.41660013219838" lon="7.996067137493229">
      <ele>2633.4</ele></trkpt>
      <trkpt lat="46.416645697575326" lon="7.996129115723106">
      <ele>2634.0</ele></trkpt>
      <trkpt lat="46.41668270619883" lon="7.996182278433248">
      <ele>2634.5</ele></trkpt>
      <trkpt lat="46.41673226041743" lon="7.9962380024157005">
      <ele>2635.0</ele></trkpt>
      <trkpt lat="46.41673486266008" lon="7.996242997845259">
      <ele>2635.6</ele></trkpt>
      <trkpt lat="46.416815726302936" lon="7.996292436016229">
      <ele>2636.1</ele></trkpt>
      <trkpt lat="46.41690505010288" lon="7.996302601775454">
      <ele>2636.9</ele></trkpt>
      <trkpt lat="46.41698278633575" lon="7.996301969668412">
      <ele>2637.7</ele></trkpt>
      <trkpt lat="46.417055791871384" lon="7.996295617843974">
      <ele>2638.4</ele></trkpt>
      <trkpt lat="46.41708836639618" lon="7.996306488304051">
      <ele>2639.2</ele></trkpt>
      <trkpt lat="46.41712816494133" lon="7.996315455912826">
      <ele>2640.0</ele></trkpt>
      <trkpt lat="46.4171798129599" lon="7.996325859007446">
      <ele>2640.8</ele></trkpt>
      <trkpt lat="46.41720434631945" lon="7.99633466979859">
      <ele>2641.5</ele></trkpt>
      <trkpt lat="46.417224183868406" lon="7.996352628422609">
      <ele>2642.3</ele></trkpt>
      <trkpt lat="46.41727600129908" lon="7.99641824883171">
      <ele>2643.1</ele></trkpt>
      <trkpt lat="46.417282403032786" lon="7.996503108497785">
      <ele>2643.8</ele></trkpt>
      <trkpt lat="46.417290977536126" lon="7.996574176880153">
      <ele>2644.6</ele></trkpt>
      <trkpt lat="46.41731786129426" lon="7.996626390974067">
      <ele>2645.4</ele></trkpt>
      <trkpt lat="46.41735911689108" lon="7.996686635248706">
      <ele>2646.2</ele></trkpt>
      <trkpt lat="46.41737899060846" lon="7.996695398324238">
      <ele>2646.9</ele></trkpt>
      <trkpt lat="46.417389593642504" lon="7.996694193610385">
      <ele>2647.7</ele></trkpt>
      <trkpt lat="46.41740155299175" lon="7.996673283895351">
      <ele>2648.5</ele></trkpt>
      <trkpt lat="46.4174216808678" lon="7.996624869825671">
      <ele>2649.3</ele></trkpt>
      <trkpt lat="46.41744798947345" lon="7.996523267650194">
      <ele>2650.0</ele></trkpt>
      <trkpt lat="46.41746770030066" lon="7.996475499559697">
      <ele>2650.8</ele></trkpt>
      <trkpt lat="46.417507760005066" lon="7.996424012363623">
      <ele>2651.6</ele></trkpt>
      <trkpt lat="46.41754447048298" lon="7.996363931903509">
      <ele>2651.4</ele></trkpt>
      <trkpt lat="46.41757721690054" lon="7.9963379937182015">
      <ele>2651.2</ele></trkpt>
      <trkpt lat="46.41761705170235" lon="7.996337752655464">
      <ele>2651.1</ele></trkpt>
      <trkpt lat="46.41764492787328" lon="7.996356457387492">
      <ele>2650.9</ele></trkpt>
      <trkpt lat="46.41771797719052" lon="7.996414414078034">
      <ele>2650.7</ele></trkpt>
      <trkpt lat="46.417756895273655" lon="7.996428640780605">
      <ele>2650.5</ele></trkpt>
      <trkpt lat="46.417795010511725" lon="7.996432336335717">
      <ele>2650.3</ele></trkpt>
      <trkpt lat="46.41781748492464" lon="7.99642993982077">
      <ele>2650.2</ele></trkpt>
      <trkpt lat="46.41783082305633" lon="7.996384733366115">
      <ele>2650.0</ele></trkpt>
      <trkpt lat="46.41782548723808" lon="7.996346554077356">
      <ele>2649.8</ele></trkpt>
      <trkpt lat="46.417803272616425" lon="7.996292423501777">
      <ele>2649.6</ele></trkpt>
      <trkpt lat="46.417787782404304" lon="7.996250185698265">
      <ele>2649.4</ele></trkpt>
      <trkpt lat="46.41780448910626" lon="7.9962096184185185">
      <ele>2649.3</ele></trkpt>
      <trkpt lat="46.417842086953655" lon="7.99614101379557">
      <ele>2649.1</ele></trkpt>
      <trkpt lat="46.41785373064153" lon="7.996096440214057">
      <ele>2648.9</ele></trkpt>
      <trkpt lat="46.41784601437424" lon="7.996022739499513">
      <ele>2648.7</ele></trkpt>
      <trkpt lat="46.41784402127815" lon="7.99599445411414">
      <ele>2648.5</ele></trkpt>
      <trkpt lat="46.417864431483906" lon="7.995978248449199">
      <ele>2648.4</ele></trkpt>
      <trkpt lat="46.41788483529979" lon="7.995963343440067">
      <ele>2648.2</ele></trkpt>
      <trkpt lat="46.41789609874564" lon="7.995908255953101">
      <ele>2648.0</ele></trkpt>
      <trkpt lat="46.41790546958016" lon="7.995897842233723">
      <ele>2647.1</ele></trkpt>
      <trkpt lat="46.41791111744826" lon="7.995867007784401">
      <ele>2646.3</ele></trkpt>
      <trkpt lat="46.41788636980044" lon="7.995810223837836">
      <ele>2645.4</ele></trkpt>
      <trkpt lat="46.41787814921075" lon="7.995754923321619">
      <ele>2644.5</ele></trkpt>
      <trkpt lat="46.417872790578684" lon="7.99572134842494">
      <ele>2643.7</ele></trkpt>
      <trkpt lat="46.41785646422713" lon="7.995677138044765">
      <ele>2642.8</ele></trkpt>
      <trkpt lat="46.417876145716" lon="7.995635274318939">
      <ele>2641.9</ele></trkpt>
      <trkpt lat="46.41788391706948" lon="7.9956024975422775">
      <ele>2641.1</ele></trkpt>
      <trkpt lat="46.41796840479397" lon="7.9954726015751145">
      <ele>2640.2</ele></trkpt>
      <trkpt lat="46.418004324655236" lon="7.995399374419801">
      <ele>2639.3</ele></trkpt>
      <trkpt lat="46.41804156443555" lon="7.995315637741811">
      <ele>2638.5</ele></trkpt>
      <trkpt lat="46.41806162659632" lon="7.995282336501232">
      <ele>2637.6</ele></trkpt>
      <trkpt lat="46.418083320181196" lon="7.99516951182695">
      <ele>2636.8</ele></trkpt>
      <trkpt lat="46.418101469595406" lon="7.9950914845102865">
      <ele>2635.9</ele></trkpt>
      <trkpt lat="46.418106918091034" lon="7.995011362833872">
      <ele>2635.0</ele></trkpt>
      <trkpt lat="46.41812743195788" lon="7.9949721477081725">
      <ele>2634.2</ele></trkpt>
      <trkpt lat="46.41813138588426" lon="7.994939981930484">
      <ele>2633.3</ele></trkpt>
      <trkpt lat="46.418142622446275" lon="7.9948921128149015">
      <ele>2632.4</ele></trkpt>
      <trkpt lat="46.418170826195066" lon="7.994838525198367">
      <ele>2631.6</ele></trkpt>
      <trkpt lat="46.418178193912574" lon="7.994801789745119">
      <ele>2630.7</ele></trkpt>
      <trkpt lat="46.4181843679587" lon="7.994747963328245">
      <ele>2631.4</ele></trkpt>
      <trkpt lat="46.41819295174605" lon="7.994723740431185">
      <ele>2632.2</ele></trkpt>
      <trkpt lat="46.418222751868576" lon="7.994693166140983">
      <ele>2632.9</ele></trkpt>
      <trkpt lat="46.418236983178424" lon="7.994638108455685">
      <ele>2633.7</ele></trkpt>
      <trkpt lat="46.418268193964025" lon="7.9945766559084355">
      <ele>2634.4</ele></trkpt>
      <trkpt lat="46.41828565810528" lon="7.994555801773643">
      <ele>2635.2</ele></trkpt>
      <trkpt lat="46.41832528772051" lon="7.994505621740128">
      <ele>2635.9</ele></trkpt>
      <trkpt lat="46.418370464411765" lon="7.9944469395359725">
      <ele>2636.7</ele></trkpt>
      <trkpt lat="46.41838584996398" lon="7.994418844899345">
      <ele>2637.4</ele></trkpt>
      <trkpt lat="46.41840925484493" lon="7.994395436999044">
      <ele>2638.2</ele></trkpt>
      <trkpt lat="46.41843859349771" lon="7.994372740207151">
      <ele>2638.9</ele></trkpt>
      <trkpt lat="46.41847055896808" lon="7.994331664710289">
      <ele>2639.7</ele></trkpt>
      <trkpt lat="46.41849950698557" lon="7.99430239508158">
      <ele>2640.4</ele></trkpt>
      <trkpt lat="46.41850944975776" lon="7.994257816168389">
      <ele>2641.2</ele></trkpt>
      <trkpt lat="46.41853159849763" lon="7.994233731905472">
      <ele>2641.9</ele></trkpt>
      <trkpt lat="46.418541473066654" lon="7.994204917333956">
      <ele>2642.7</ele></trkpt>
      <trkpt lat="46.418545436453456" lon="7.994170774215233">
      <ele>2643.4</ele></trkpt>
      <trkpt lat="46.41855076144987" lon="7.994117589050605">
      <ele>2644.2</ele></trkpt>
      <trkpt lat="46.41857465984258" lon="7.994079721662364">
      <ele>2644.9</ele></trkpt>
      <trkpt lat="46.41860827059312" lon="7.994049849182147">
      <ele>2645.7</ele></trkpt>
      <trkpt lat="46.41862747077481" lon="7.994019816202297">
      <ele>2646.3</ele></trkpt>
      <trkpt lat="46.418663360740325" lon="7.993952505321041">
      <ele>2646.8</ele></trkpt>
      <trkpt lat="46.41870383185996" lon="7.993904947622628">
      <ele>2647.4</ele></trkpt>
      <trkpt lat="46.41873670443008" lon="7.9938494295571">
      <ele>2648.0</ele></trkpt>
      <trkpt lat="46.41877441046475" lon="7.9937768039098955">
      <ele>2648.6</ele></trkpt>
      <trkpt lat="46.41881419398846" lon="7.993744743957655">
      <ele>2649.1</ele></trkpt>
      <trkpt lat="46.418848701860625" lon="7.993726392007504">
      <ele>2649.7</ele></trkpt>
      <trkpt lat="46.4188623221774" lon="7.993713393661076">
      <ele>2650.3</ele></trkpt>
      <trkpt lat="46.41890084101116" lon="7.993721032807002">
      <ele>2650.9</ele></trkpt>
      <trkpt lat="46.418914764533575" lon="7.993734325865402">
      <ele>2651.4</ele></trkpt>
      <trkpt lat="46.41892252932536" lon="7.993746918570886">
      <ele>2652.0</ele></trkpt>
      <trkpt lat="46.41892781286409" lon="7.993755505582219">
      <ele>2652.6</ele></trkpt>
      <trkpt lat="46.418948082057135" lon="7.99376622301862">
      <ele>2653.2</ele></trkpt>
      <trkpt lat="46.418964080741326" lon="7.993772747362537">
      <ele>2653.8</ele></trkpt>
      <trkpt lat="46.41897234682553" lon="7.993769293842295">
      <ele>2654.3</ele></trkpt>
      <trkpt lat="46.41897743753916" lon="7.993756611474613">
      <ele>2654.9</ele></trkpt>
      <trkpt lat="46.41897210046704" lon="7.993724024898564">
      <ele>2655.5</ele></trkpt>
      <trkpt lat="46.41896642867311" lon="7.993693659204145">
      <ele>2656.0</ele></trkpt>
      <trkpt lat="46.41894968531171" lon="7.9936094719699105">
      <ele>2656.6</ele></trkpt>
      <trkpt lat="46.4189427453703" lon="7.9935109726072575">
      <ele>2657.2</ele></trkpt>
      <trkpt lat="46.4189408242523" lon="7.99342735321681">
      <ele>2658.0</ele></trkpt>
      <trkpt lat="46.418943078124535" lon="7.99338770311836">
      <ele>2658.8</ele></trkpt>
      <trkpt lat="46.418936151562036" lon="7.993343484582719">
      <ele>2659.6</ele></trkpt>
      <trkpt lat="46.41894130974242" lon="7.993309626524753">
      <ele>2660.4</ele></trkpt>
      <trkpt lat="46.41896537222053" lon="7.993251013080151">
      <ele>2661.1</ele></trkpt>
      <trkpt lat="46.418994934237176" lon="7.993175194691604">
      <ele>2661.9</ele></trkpt>
      <trkpt lat="46.41902519062818" lon="7.993135843631568">
      <ele>2662.7</ele></trkpt>
      <trkpt lat="46.41904661714025" lon="7.9931085514340605">
      <ele>2663.5</ele></trkpt>
      <trkpt lat="46.4190509324513" lon="7.993075959421485">
      <ele>2664.3</ele></trkpt>
      <trkpt lat="46.41904859923822" lon="7.993032438137375">
      <ele>2665.1</ele></trkpt>
      <trkpt lat="46.41906252783785" lon="7.992998669559086">
      <ele>2665.9</ele></trkpt>
      <trkpt lat="46.41908388793532" lon="7.992988650728727">
      <ele>2666.7</ele></trkpt>
      <trkpt lat="46.41910110611361" lon="7.992968365595873">
      <ele>2667.5</ele></trkpt>
      <trkpt lat="46.41912031364802" lon="7.992971761641867">
      <ele>2668.3</ele></trkpt>
      <trkpt lat="46.41913956177959" lon="7.992966846227855">
      <ele>2669.1</ele></trkpt>
      <trkpt lat="46.41915888257782" lon="7.9929433696545304">
      <ele>2669.8</ele></trkpt>
      <trkpt lat="46.41917777706821" lon="7.992922451216346">
      <ele>2670.6</ele></trkpt>
      <trkpt lat="46.419188397168014" lon="7.992879062110769">
      <ele>2671.4</ele></trkpt>
      <trkpt lat="46.419203102156445" lon="7.992861300740592">
      <ele>2672.2</ele></trkpt>
      <trkpt lat="46.4192173433649" lon="7.9928537716464625">
      <ele>2673.0</ele></trkpt>
      <trkpt lat="46.41925085184165" lon="7.99283556488237">
      <ele>2672.7</ele></trkpt>
      <trkpt lat="46.419260537391715" lon="7.992817752229513">
      <ele>2672.3</ele></trkpt>
      <trkpt lat="46.41925949197386" lon="7.992766556409688">
      <ele>2672.0</ele></trkpt>
      <trkpt lat="46.41925766034036" lon="7.992703190403587">
      <ele>2671.7</ele></trkpt>
      <trkpt lat="46.41927706885945" lon="7.992659890899876">
      <ele>2671.3</ele></trkpt>
      <trkpt lat="46.419284376983406" lon="7.992609417704841">
      <ele>2671.0</ele></trkpt>
      <trkpt lat="46.41930220987407" lon="7.992542428105129">
      <ele>2670.7</ele></trkpt>
      <trkpt lat="46.41931132647409" lon="7.992458699698375">
      <ele>2670.3</ele></trkpt>
      <trkpt lat="46.41931599375576" lon="7.992341027872734">
      <ele>2670.0</ele></trkpt>
      <trkpt lat="46.419323797015245" lon="7.992272010705049">
      <ele>2669.7</ele></trkpt>
      <trkpt lat="46.41932508977535" lon="7.9921600538169075">
      <ele>2669.3</ele></trkpt>
      <trkpt lat="46.41933719855627" lon="7.992060369386857">
      <ele>2669.0</ele></trkpt>
      <trkpt lat="46.41934407669564" lon="7.992015003692215">
      <ele>2668.6</ele></trkpt>
      <trkpt lat="46.41933465548305" lon="7.991967559689071">
      <ele>2668.3</ele></trkpt>
      <trkpt lat="46.41934411884187" lon="7.991903034010398">
      <ele>2668.0</ele></trkpt>
      <trkpt lat="46.419354434657755" lon="7.991833404978958">
      <ele>2667.6</ele></trkpt>
      <trkpt lat="46.41934634202983" lon="7.991768062962988">
      <ele>2667.3</ele></trkpt>
      <trkpt lat="46.41933912999532" lon="7.9916918425128705">
      <ele>2667.0</ele></trkpt>
      <trkpt lat="46.419344513903496" lon="7.9916023264887786">
      <ele>2666.6</ele></trkpt>
      <trkpt lat="46.41935309682165" lon="7.991546754060713">
      <ele>2666.3</ele></trkpt>
      <trkpt lat="46.41934047010926" lon="7.991466641215027">
      <ele>2666.8</ele></trkpt>
      <trkpt lat="46.41933815465093" lon="7.991421194818481">
      <ele>2667.2</ele></trkpt>
      <trkpt lat="46.41935205470653" lon="7.991393187763472">
      <ele>2667.7</ele></trkpt>
      <trkpt lat="46.41937391327555" lon="7.991362061850091">
      <ele>2668.1</ele></trkpt>
      <trkpt lat="46.41939672438741" lon="7.991303434342669">
      <ele>2668.6</ele></trkpt>
      <trkpt lat="46.41940618736866" lon="7.991238908474269">
      <ele>2669.0</ele></trkpt>
      <trkpt lat="46.41940490949813" lon="7.9911429246978924">
      <ele>2669.5</ele></trkpt>
      <trkpt lat="46.41942021120561" lon="7.991046875532043">
      <ele>2669.9</ele></trkpt>
      <trkpt lat="46.419442037920675" lon="7.990952037389475">
      <ele>2670.4</ele></trkpt>
      <trkpt lat="46.4194959446452" lon="7.990821884423814">
      <ele>2670.9</ele></trkpt>
      <trkpt lat="46.41950781912208" lon="7.990755327667685">
      <ele>2671.3</ele></trkpt>
      <trkpt lat="46.41950617081527" lon="7.990678084080431">
      <ele>2671.8</ele></trkpt>
      <trkpt lat="46.419517198079824" lon="7.990541550138338">
      <ele>2672.2</ele></trkpt>
      <trkpt lat="46.4195369585814" lon="7.990436791741961">
      <ele>2672.7</ele></trkpt>
      <trkpt lat="46.41957545423538" lon="7.99039558437855">
      <ele>2673.1</ele></trkpt>
      <trkpt lat="46.419573208950474" lon="7.990346717514587">
      <ele>2673.6</ele></trkpt>
      <trkpt lat="46.41957597287449" lon="7.9903111044186295">
      <ele>2674.0</ele></trkpt>
      <trkpt lat="46.41958766751424" lon="7.990205600464226">
      <ele>2674.5</ele></trkpt>
      <trkpt lat="46.419628919854745" lon="7.990122835146096">
      <ele>2674.9</ele></trkpt>
      <trkpt lat="46.41968291632137" lon="7.990049928978182">
      <ele>2675.4</ele></trkpt>
      <trkpt lat="46.41971352554281" lon="7.9900043875751">
      <ele>2676.0</ele></trkpt>
      <trkpt lat="46.41974669608886" lon="7.989974169281147">
      <ele>2676.7</ele></trkpt>
      <trkpt lat="46.41976545648386" lon="7.989967777915106">
      <ele>2677.3</ele></trkpt>
      <trkpt lat="46.419828807136554" lon="7.989961826479632">
      <ele>2677.9</ele></trkpt>
      <trkpt lat="46.41985150614177" lon="7.989931683841764">
      <ele>2678.5</ele></trkpt>
      <trkpt lat="46.41987068099436" lon="7.989923306464476">
      <ele>2679.2</ele></trkpt>
      <trkpt lat="46.41991898418872" lon="7.989859408402053">
      <ele>2679.8</ele></trkpt>
      <trkpt lat="46.419975883168185" lon="7.989838978625747">
      <ele>2680.4</ele></trkpt>
      <trkpt lat="46.42002706088516" lon="7.989851868827005">
      <ele>2681.0</ele></trkpt>
      <trkpt lat="46.42008118213229" lon="7.989860665457639">
      <ele>2681.7</ele></trkpt>
      <trkpt lat="46.420129774959804" lon="7.989870485610723">
      <ele>2682.3</ele></trkpt>
      <trkpt lat="46.420137622523185" lon="7.989906870272583">
      <ele>2682.9</ele></trkpt>
      <trkpt lat="46.42016952721187" lon="7.989970568697704">
      <ele>2683.5</ele></trkpt>
      <trkpt lat="46.42022398777456" lon="7.990029878549539">
      <ele>2684.2</ele></trkpt>
      <trkpt lat="46.4203090962022" lon="7.990078274087406">
      <ele>2684.8</ele></trkpt>
      <trkpt lat="46.42038277294495" lon="7.99008922086876">
      <ele>2685.4</ele></trkpt>
      <trkpt lat="46.420407118035726" lon="7.990083185391891">
      <ele>2686.0</ele></trkpt>
      <trkpt lat="46.42042548491445" lon="7.990076321701807">
      <ele>2686.7</ele></trkpt>
      <trkpt lat="46.420434739473755" lon="7.990054549382951">
      <ele>2687.3</ele></trkpt>
      <trkpt lat="46.42044416672656" lon="7.990017598543127">
      <ele>2687.9</ele></trkpt>
      <trkpt lat="46.42044670733856" lon="7.989948305028842">
      <ele>2687.2</ele></trkpt>
      <trkpt lat="46.4204619932133" lon="7.989857157527222">
      <ele>2686.6</ele></trkpt>
      <trkpt lat="46.4204848380672" lon="7.989761781100051">
      <ele>2685.9</ele></trkpt>
      <trkpt lat="46.420516197337605" lon="7.989711810764541">
      <ele>2685.2</ele></trkpt>
      <trkpt lat="46.42055900172046" lon="7.989600194732173">
      <ele>2684.5</ele></trkpt>
      <trkpt lat="46.42058414924653" lon="7.989501121118995">
      <ele>2683.8</ele></trkpt>
      <trkpt lat="46.42057920603354" lon="7.989429761237058">
      <ele>2683.2</ele></trkpt>
      <trkpt lat="46.42059547281609" lon="7.989345868767095">
      <ele>2682.5</ele></trkpt>
      <trkpt lat="46.4206292693191" lon="7.989277451479702">
      <ele>2681.8</ele></trkpt>
      <trkpt lat="46.42064735517444" lon="7.989178305960607">
      <ele>2681.2</ele></trkpt>
      <trkpt lat="46.42065496340113" lon="7.989063782732738">
      <ele>2680.5</ele></trkpt>
      <trkpt lat="46.42064064585913" lon="7.988946123370671">
      <ele>2679.8</ele></trkpt>
      <trkpt lat="46.42063741727007" lon="7.988869863832339">
      <ele>2679.1</ele></trkpt>
      <trkpt lat="46.420642755189505" lon="7.9888116421615525">
      <ele>2678.5</ele></trkpt>
      <trkpt lat="46.42066834313293" lon="7.988751479410569">
      <ele>2677.8</ele></trkpt>
      <trkpt lat="46.42066645041552" lon="7.988696540477708">
      <ele>2677.1</ele></trkpt>
      <trkpt lat="46.420649766403145" lon="7.988647604437034">
      <ele>2676.4</ele></trkpt>
      <trkpt lat="46.42064955892692" lon="7.988592032203872">
      <ele>2675.8</ele></trkpt>
      <trkpt lat="46.42073329313484" lon="7.988499014872526">
      <ele>2675.1</ele></trkpt>
      <trkpt lat="46.42076590416281" lon="7.988470935749337">
      <ele>2674.4</ele></trkpt>
      <trkpt lat="46.42078952884164" lon="7.988442752551983">
      <ele>2674.2</ele></trkpt>
      <trkpt lat="46.42080259064433" lon="7.988383360142996">
      <ele>2674.1</ele></trkpt>
      <trkpt lat="46.42085058692905" lon="7.988354786342255">
      <ele>2673.9</ele></trkpt>
      <trkpt lat="46.4208886855387" lon="7.9883118164048845">
      <ele>2673.7</ele></trkpt>
      <trkpt lat="46.420918778275194" lon="7.988252036975816">
      <ele>2673.6</ele></trkpt>
      <trkpt lat="46.42093489663935" lon="7.9881948997074925">
      <ele>2673.4</ele></trkpt>
      <trkpt lat="46.42094052837274" lon="7.9881223717648915">
      <ele>2673.2</ele></trkpt>
      <trkpt lat="46.42094212598243" lon="7.988046941197784">
      <ele>2673.0</ele></trkpt>
      <trkpt lat="46.420943105786" lon="7.988021078086646">
      <ele>2672.9</ele></trkpt>
      <trkpt lat="46.420973066406255" lon="7.987973693787784">
      <ele>2672.7</ele></trkpt>
      <trkpt lat="46.42099712493693" lon="7.987946919530373">
      <ele>2672.5</ele></trkpt>
      <trkpt lat="46.421024301987636" lon="7.987948651493947">
      <ele>2672.4</ele></trkpt>
      <trkpt lat="46.421028663584224" lon="7.987909905544849">
      <ele>2672.2</ele></trkpt>
      <trkpt lat="46.42105845667711" lon="7.98788969330788">
      <ele>2672.0</ele></trkpt>
      <trkpt lat="46.42107978717551" lon="7.987904283112815">
      <ele>2671.8</ele></trkpt>
      <trkpt lat="46.4211047413012" lon="7.987867176397724">
      <ele>2671.7</ele></trkpt>
      <trkpt lat="46.42110355733704" lon="7.987792094686932">
      <ele>2671.5</ele></trkpt>
      <trkpt lat="46.42111900101919" lon="7.987694000762365">
      <ele>2671.3</ele></trkpt>
      <trkpt lat="46.42114394261728" lon="7.987659469402853">
      <ele>2671.2</ele></trkpt>
      <trkpt lat="46.42117667309189" lon="7.987623390782547">
      <ele>2671.0</ele></trkpt>
      <trkpt lat="46.4211969317193" lon="7.98758061687331">
      <ele>2671.2</ele></trkpt>
      <trkpt lat="46.42121070765661" lon="7.987557614756676">
      <ele>2671.4</ele></trkpt>
      <trkpt lat="46.42121792255132" lon="7.987492464991465">
      <ele>2671.7</ele></trkpt>
      <trkpt lat="46.42123797563268" lon="7.987380563724964">
      <ele>2671.9</ele></trkpt>
      <trkpt lat="46.42124824508921" lon="7.987316225272123">
      <ele>2672.1</ele></trkpt>
      <trkpt lat="46.421267113554826" lon="7.9872874469026796">
      <ele>2672.3</ele></trkpt>
      <trkpt lat="46.42127873872658" lon="7.987214341607778">
      <ele>2672.6</ele></trkpt>
      <trkpt lat="46.42129769112205" lon="7.9871774989865365">
      <ele>2672.8</ele></trkpt>
      <trkpt lat="46.4213487215421" lon="7.987139029303281">
      <ele>2673.0</ele></trkpt>
      <trkpt lat="46.42138085186857" lon="7.987122859667356">
      <ele>2673.2</ele></trkpt>
      <trkpt lat="46.421406110051706" lon="7.987115856365242">
      <ele>2673.5</ele></trkpt>
      <trkpt lat="46.42141943432151" lon="7.987098807221593">
      <ele>2673.7</ele></trkpt>
      <trkpt lat="46.42141826487408" lon="7.987069019698293">
      <ele>2673.9</ele></trkpt>
      <trkpt lat="46.42141979571419" lon="7.987003539020113">
      <ele>2674.2</ele></trkpt>
      <trkpt lat="46.42143623230146" lon="7.986956745574582">
      <ele>2674.4</ele></trkpt>
      <trkpt lat="46.42146252432541" lon="7.98690146625988">
      <ele>2674.6</ele></trkpt>
      <trkpt lat="46.421489089113386" lon="7.986886554056397">
      <ele>2674.8</ele></trkpt>
      <trkpt lat="46.42150117876976" lon="7.986856913438375">
      <ele>2675.1</ele></trkpt>
      <trkpt lat="46.42152349698794" lon="7.9868346607106195">
      <ele>2675.3</ele></trkpt>
      <trkpt lat="46.421528704775916" lon="7.986816202646476">
      <ele>2675.5</ele></trkpt>
      <trkpt lat="46.421526680691116" lon="7.986786406438426">
      <ele>2675.6</ele></trkpt>
      <trkpt lat="46.42152209290893" lon="7.9867565843415065">
      <ele>2675.7</ele></trkpt>
      <trkpt lat="46.42153070618489" lon="7.9867408013261905">
      <ele>2675.7</ele></trkpt>
      <trkpt lat="46.42157822118011" lon="7.986726113601512">
      <ele>2675.8</ele></trkpt>
      <trkpt lat="46.421613320798286" lon="7.98671724523219">
      <ele>2675.9</ele></trkpt>
      <trkpt lat="46.42165608209986" lon="7.986716402248932">
      <ele>2676.0</ele></trkpt>
      <trkpt lat="46.42166811682647" lon="7.9866999903188765">
      <ele>2676.1</ele></trkpt>
      <trkpt lat="46.42166571581373" lon="7.986656960862159">
      <ele>2676.1</ele></trkpt>
      <trkpt lat="46.42168293592962" lon="7.986626721486624">
      <ele>2676.2</ele></trkpt>
      <trkpt lat="46.42173548016401" lon="7.986528064129156">
      <ele>2676.3</ele></trkpt>
      <trkpt lat="46.421797852475" lon="7.986432159463506">
      <ele>2676.4</ele></trkpt>
      <trkpt lat="46.42181003951545" lon="7.986376724170061">
      <ele>2676.5</ele></trkpt>
      <trkpt lat="46.421847907446434" lon="7.986314289386">
      <ele>2676.5</ele></trkpt>
      <trkpt lat="46.421854418650966" lon="7.986288559680547">
      <ele>2676.6</ele></trkpt>
      <trkpt lat="46.42184948948304" lon="7.9862362426959645">
      <ele>2676.7</ele></trkpt>
      <trkpt lat="46.421853852819055" lon="7.986213795412287">
      <ele>2676.8</ele></trkpt>
      <trkpt lat="46.42187662557458" lon="7.9861849386558355">
      <ele>2676.9</ele></trkpt>
      <trkpt lat="46.42190035353287" lon="7.986129632656888">
      <ele>2676.9</ele></trkpt>
      <trkpt lat="46.42190824853579" lon="7.986078108419583">
      <ele>2677.0</ele></trkpt>
      <trkpt lat="46.42191424856316" lon="7.985964372422732">
      <ele>2677.1</ele></trkpt>
      <trkpt lat="46.42191092653043" lon="7.985828714503496">
      <ele>2676.0</ele></trkpt>
      <trkpt lat="46.4219115499759" lon="7.985777767322237">
      <ele>2675.0</ele></trkpt>
      <trkpt lat="46.42191967200444" lon="7.985740697524004">
      <ele>2673.9</ele></trkpt>
      <trkpt lat="46.4219173086669" lon="7.9857084391576985">
      <ele>2672.8</ele></trkpt>
      <trkpt lat="46.42192829842091" lon="7.985669902296195">
      <ele>2671.8</ele></trkpt>
      <trkpt lat="46.42192848578226" lon="7.985625428832226">
      <ele>2670.7</ele></trkpt>
      <trkpt lat="46.421945234352464" lon="7.985580979173657">
      <ele>2669.6</ele></trkpt>
      <trkpt lat="46.42196335769757" lon="7.985536855540324">
      <ele>2668.5</ele></trkpt>
      <trkpt lat="46.42196357467841" lon="7.985480622842177">
      <ele>2667.5</ele></trkpt>
      <trkpt lat="46.42195434315197" lon="7.985436184537916">
      <ele>2666.4</ele></trkpt>
      <trkpt lat="46.42193481542763" lon="7.9854002410064435">
      <ele>2665.3</ele></trkpt>
      <trkpt lat="46.42193320044294" lon="7.985375079705491">
      <ele>2664.3</ele></trkpt>
      <trkpt lat="46.42194882113466" lon="7.985316374520305">
      <ele>2663.2</ele></trkpt>
      <trkpt lat="46.42194019670248" lon="7.985224319003412">
      <ele>2662.1</ele></trkpt>
      <trkpt lat="46.42192106820556" lon="7.9851110583012">
      <ele>2661.0</ele></trkpt>
      <trkpt lat="46.421918053698334" lon="7.985006610408977">
      <ele>2660.0</ele></trkpt>
      <trkpt lat="46.421904632164974" lon="7.984866389061728">
      <ele>2658.9</ele></trkpt>
      <trkpt lat="46.421899903342236" lon="7.984751738479705">
      <ele>2657.8</ele></trkpt>
      <trkpt lat="46.421900491563306" lon="7.98462947952946">
      <ele>2656.8</ele></trkpt>
      <trkpt lat="46.42189952142434" lon="7.984466475965871">
      <ele>2655.7</ele></trkpt>
      <trkpt lat="46.42189669653945" lon="7.984318725487502">
      <ele>2655.4</ele></trkpt>
      <trkpt lat="46.42188857244915" lon="7.984178557622231">
      <ele>2655.1</ele></trkpt>
      <trkpt lat="46.42189055535002" lon="7.984123487480188">
      <ele>2654.8</ele></trkpt>
      <trkpt lat="46.42192427539185" lon="7.984027265855066">
      <ele>2654.5</ele></trkpt>
      <trkpt lat="46.42193780541774" lon="7.983957937532916">
      <ele>2654.2</ele></trkpt>
      <trkpt lat="46.42192779342172" lon="7.983892327184677">
      <ele>2653.9</ele></trkpt>
      <trkpt lat="46.42192920906871" lon="7.983857934477744">
      <ele>2653.6</ele></trkpt>
      <trkpt lat="46.42194141128627" lon="7.983797204261227">
      <ele>2653.3</ele></trkpt>
      <trkpt lat="46.421947576985964" lon="7.983749642825487">
      <ele>2653.0</ele></trkpt>
      <trkpt lat="46.42194300115011" lon="7.9837171671898055">
      <ele>2652.8</ele></trkpt>
      <trkpt lat="46.42194538724377" lon="7.98365302123725">
      <ele>2652.5</ele></trkpt>
      <trkpt lat="46.42194221420368" lon="7.983588806452624">
      <ele>2652.2</ele></trkpt>
      <trkpt lat="46.421940766116286" lon="7.98352130488741">
      <ele>2651.9</ele></trkpt>
      <trkpt lat="46.42196013004647" lon="7.983488432200866">
      <ele>2651.6</ele></trkpt>
      <trkpt lat="46.42199805457142" lon="7.98341012567803">
      <ele>2651.3</ele></trkpt>
      <trkpt lat="46.4220227384251" lon="7.983329682880878">
      <ele>2651.0</ele></trkpt>
      <trkpt lat="46.422041357204584" lon="7.983268366417931">
      <ele>2650.7</ele></trkpt>
      <trkpt lat="46.42206886288654" lon="7.983231620747988">
      <ele>2650.4</ele></trkpt>
      <trkpt lat="46.42210617457856" lon="7.983202258097003">
      <ele>2650.1</ele></trkpt>
      <trkpt lat="46.42213372834697" lon="7.983153610202141">
      <ele>2649.8</ele></trkpt>
      <trkpt lat="46.4221543657832" lon="7.983123403746948">
      <ele>2649.9</ele></trkpt>
      <trkpt lat="46.42218958415187" lon="7.983084094602999">
      <ele>2650.1</ele></trkpt>
      <trkpt lat="46.42221794800845" lon="7.983044716651339">
      <ele>2650.2</ele></trkpt>
      <trkpt lat="46.42225117986989" lon="7.982965685949419">
      <ele>2650.3</ele></trkpt>
      <trkpt lat="46.42228907179824" lon="7.982895976854526">
      <ele>2650.5</ele></trkpt>
      <trkpt lat="46.422330430009914" lon="7.982814399745623">
      <ele>2650.6</ele></trkpt>
      <trkpt lat="46.42236310781248" lon="7.98276646625496">
      <ele>2650.7</ele></trkpt>
      <trkpt lat="46.42240364946526" lon="7.982676932617244">
      <ele>2650.8</ele></trkpt>
      <trkpt lat="46.422451514793195" lon="7.982579654190851">
      <ele>2651.0</ele></trkpt>
      <trkpt lat="46.42249556640041" lon="7.98251604220727">
      <ele>2651.1</ele></trkpt>
      <trkpt lat="46.42254416982657" lon="7.982474967317106">
      <ele>2651.2</ele></trkpt>
      <trkpt lat="46.422581387226664" lon="7.98247275157181">
      <ele>2651.4</ele></trkpt>
      <trkpt lat="46.42259986084375" lon="7.982460409547875">
      <ele>2651.5</ele></trkpt>
      <trkpt lat="46.42262464833679" lon="7.98246333766539">
      <ele>2651.6</ele></trkpt>
      <trkpt lat="46.42267805800318" lon="7.982470559197136">
      <ele>2651.8</ele></trkpt>
      <trkpt lat="46.422738924609675" lon="7.982513576761049">
      <ele>2651.9</ele></trkpt>
      <trkpt lat="46.42276112987826" lon="7.982518469331969">
      <ele>2652.0</ele></trkpt>
      <trkpt lat="46.422773289691115" lon="7.982490844076486">
      <ele>2652.1</ele></trkpt>
      <trkpt lat="46.42277306342717" lon="7.982461091389016">
      <ele>2652.3</ele></trkpt>
      <trkpt lat="46.422757765438774" lon="7.982319444778188">
      <ele>2652.4</ele></trkpt>
      <trkpt lat="46.422737011098334" lon="7.9821618732548085">
      <ele>2652.6</ele></trkpt>
      <trkpt lat="46.42271794702563" lon="7.982062700825158">
      <ele>2652.8</ele></trkpt>
      <trkpt lat="46.42271593559511" lon="7.982052547081076">
      <ele>2653.0</ele></trkpt>
      <trkpt lat="46.42269344587653" lon="7.9819623813235285">
      <ele>2653.2</ele></trkpt>
      <trkpt lat="46.42270078966513" lon="7.9818884236192575">
      <ele>2653.3</ele></trkpt>
      <trkpt lat="46.4227200629003" lon="7.981819892748125">
      <ele>2653.5</ele></trkpt>
      <trkpt lat="46.42275255738755" lon="7.981776340343782">
      <ele>2653.7</ele></trkpt>
      <trkpt lat="46.42276301379934" lon="7.981692943501208">
      <ele>2653.9</ele></trkpt>
      <trkpt lat="46.422793834573646" lon="7.981634440487917">
      <ele>2654.1</ele></trkpt>
      <trkpt lat="46.42281725110303" lon="7.98157607147294">
      <ele>2654.3</ele></trkpt>
      <trkpt lat="46.42284165824709" lon="7.981493022170783">
      <ele>2654.5</ele></trkpt>
      <trkpt lat="46.422868689572454" lon="7.981451886451456">
      <ele>2654.7</ele></trkpt>
      <trkpt lat="46.42288846480427" lon="7.981353570729831">
      <ele>2654.9</ele></trkpt>
      <trkpt lat="46.42291230016856" lon="7.981322341461369">
      <ele>2655.1</ele></trkpt>
      <trkpt lat="46.42296124566482" lon="7.981266074641965">
      <ele>2655.2</ele></trkpt>
      <trkpt lat="46.42298718178022" lon="7.981184926505419">
      <ele>2655.4</ele></trkpt>
      <trkpt lat="46.423002246588396" lon="7.981123494652741">
      <ele>2655.6</ele></trkpt>
      <trkpt lat="46.42299250609878" lon="7.981045905402262">
      <ele>2655.8</ele></trkpt>
      <trkpt lat="46.42298031153493" lon="7.981009346607966">
      <ele>2656.0</ele></trkpt>
      <trkpt lat="46.422982501165656" lon="7.980946459190343">
      <ele>2656.2</ele></trkpt>
      <trkpt lat="46.42296425074515" lon="7.980857519587013">
      <ele>2656.1</ele></trkpt>
      <trkpt lat="46.42295465898689" lon="7.980760054887371">
      <ele>2656.1</ele></trkpt>
      <trkpt lat="46.42295482897567" lon="7.9806792605860055">
      <ele>2656.0</ele></trkpt>
      <trkpt lat="46.422971745124514" lon="7.980599309954932">
      <ele>2655.9</ele></trkpt>
      <trkpt lat="46.422997459794985" lon="7.980551253011488">
      <ele>2655.8</ele></trkpt>
      <trkpt lat="46.42302212470205" lon="7.9805289945029205">
      <ele>2655.8</ele></trkpt>
      <trkpt lat="46.42306876133293" lon="7.980498382704856">
      <ele>2655.7</ele></trkpt>
      <trkpt lat="46.423108463258664" lon="7.980476963722738">
      <ele>2655.6</ele></trkpt>
      <trkpt lat="46.42313990454895" lon="7.980467365088673">
      <ele>2655.6</ele></trkpt>
      <trkpt lat="46.42317960963581" lon="7.980445282649512">
      <ele>2655.5</ele></trkpt>
      <trkpt lat="46.42320818625291" lon="7.980415791264227">
      <ele>2655.4</ele></trkpt>
      <trkpt lat="46.42322150769456" lon="7.9803576587426255">
      <ele>2655.4</ele></trkpt>
      <trkpt lat="46.42321540202501" lon="7.980311898603629">
      <ele>2655.3</ele></trkpt>
      <trkpt lat="46.42321883125354" lon="7.980254968188114">
      <ele>2655.2</ele></trkpt>
      <trkpt lat="46.4232156429381" lon="7.9802218294951945">
      <ele>2655.2</ele></trkpt>
      <trkpt lat="46.423199089286754" lon="7.980193825920377">
      <ele>2655.1</ele></trkpt>
      <trkpt lat="46.42317722530867" lon="7.980128694906591">
      <ele>2655.0</ele></trkpt>
      <trkpt lat="46.423181257895685" lon="7.9801055538394445">
      <ele>2654.9</ele></trkpt>
      <trkpt lat="46.42320635040358" lon="7.980025697271257">
      <ele>2654.9</ele></trkpt>
      <trkpt lat="46.42321308538566" lon="7.979986699647116">
      <ele>2654.8</ele></trkpt>
      <trkpt lat="46.42322635393748" lon="7.979935838295485">
      <ele>2654.9</ele></trkpt>
      <trkpt lat="46.42325546133428" lon="7.97989310915218">
      <ele>2654.9</ele></trkpt>
      <trkpt lat="46.42326259697255" lon="7.97985874653592">
      <ele>2655.0</ele></trkpt>
      <trkpt lat="46.42326782783327" lon="7.979789931133579">
      <ele>2655.0</ele></trkpt>
      <trkpt lat="46.42330590332255" lon="7.979698287837485">
      <ele>2655.1</ele></trkpt>
      <trkpt lat="46.42331787950671" lon="7.979646763015718">
      <ele>2655.1</ele></trkpt>
      <trkpt lat="46.42333279744617" lon="7.979606532960588">
      <ele>2655.2</ele></trkpt>
      <trkpt lat="46.42335352611338" lon="7.979592846364505">
      <ele>2655.2</ele></trkpt>
      <trkpt lat="46.423364396792465" lon="7.979575080860196">
      <ele>2655.3</ele></trkpt>
      <trkpt lat="46.423368997035936" lon="7.979534734911904">
      <ele>2655.4</ele></trkpt>
      <trkpt lat="46.42337515143991" lon="7.979515595507623">
      <ele>2655.4</ele></trkpt>
      <trkpt lat="46.42341889019099" lon="7.9795097222196905">
      <ele>2655.5</ele></trkpt>
      <trkpt lat="46.423446805027936" lon="7.979471807022776">
      <ele>2655.5</ele></trkpt>
      <trkpt lat="46.42347870499562" lon="7.979432006215891">
      <ele>2655.6</ele></trkpt>
      <trkpt lat="46.423501339449075" lon="7.979395937589235">
      <ele>2655.6</ele></trkpt>
      <trkpt lat="46.423522606307316" lon="7.97936557912071">
      <ele>2655.7</ele></trkpt>
      <trkpt lat="46.42353342162296" lon="7.979314107499544">
      <ele>2655.7</ele></trkpt>
      <trkpt lat="46.42353910215369" lon="7.9792320273387025">
      <ele>2655.8</ele></trkpt>
      <trkpt lat="46.42353932054549" lon="7.979186173946705">
      <ele>2655.8</ele></trkpt>
      <trkpt lat="46.42355578450461" lon="7.979149952663008">
      <ele>2655.9</ele></trkpt>
      <trkpt lat="46.42355809165863" lon="7.97913017643592">
      <ele>2655.5</ele></trkpt>
      <trkpt lat="46.42356705993733" lon="7.9790358357567595">
      <ele>2655.1</ele></trkpt>
      <trkpt lat="46.42356803796651" lon="7.97900613367408">
      <ele>2654.7</ele></trkpt>
      <trkpt lat="46.423598626424614" lon="7.978973461217101">
      <ele>2654.3</ele></trkpt>
      <trkpt lat="46.4236129404588" lon="7.978935319157857">
      <ele>2653.9</ele></trkpt>
      <trkpt lat="46.42361569049953" lon="7.9788924178600915">
      <ele>2653.5</ele></trkpt>
      <trkpt lat="46.42360183844318" lon="7.978820276889983">
      <ele>2653.1</ele></trkpt>
      <trkpt lat="46.42360709500543" lon="7.978742146999064">
      <ele>2652.7</ele></trkpt>
      <trkpt lat="46.42363368616579" lon="7.978712010313662">
      <ele>2652.3</ele></trkpt>
      <trkpt lat="46.42364948326118" lon="7.978676003336736">
      <ele>2651.9</ele></trkpt>
      <trkpt lat="46.4236642381189" lon="7.978607581294749">
      <ele>2651.4</ele></trkpt>
      <trkpt lat="46.423663422471556" lon="7.97853131617645">
      <ele>2651.0</ele></trkpt>
      <trkpt lat="46.423659153885005" lon="7.978420686758123">
      <ele>2650.6</ele></trkpt>
      <trkpt lat="46.423667990265685" lon="7.978336933563061">
      <ele>2650.2</ele></trkpt>
      <trkpt lat="46.42368153050452" lon="7.978270398601271">
      <ele>2649.8</ele></trkpt>
      <trkpt lat="46.423695106909186" lon="7.978198140134746">
      <ele>2649.4</ele></trkpt>
      <trkpt lat="46.42371588840476" lon="7.978125992281095">
      <ele>2649.0</ele></trkpt>
      <trkpt lat="46.423716187278345" lon="7.978066896669977">
      <ele>2648.6</ele></trkpt>
      <trkpt lat="46.42372891366435" lon="7.978006896878966">
      <ele>2648.2</ele></trkpt>
      <trkpt lat="46.42374282522073" lon="7.977985232523657">
      <ele>2647.8</ele></trkpt>
      <trkpt lat="46.42376967708677" lon="7.977964555328092">
      <ele>2647.3</ele></trkpt>
      <trkpt lat="46.42379175755409" lon="7.977948422779761">
      <ele>2646.7</ele></trkpt>
      <trkpt lat="46.42380620827631" lon="7.977909839378946">
      <ele>2646.2</ele></trkpt>
      <trkpt lat="46.42381389896971" lon="7.977847512891717">
      <ele>2645.7</ele></trkpt>
      <trkpt lat="46.423798735022714" lon="7.97778817249994">
      <ele>2645.2</ele></trkpt>
      <trkpt lat="46.42381013827059" lon="7.9777548143085335">
      <ele>2644.6</ele></trkpt>
      <trkpt lat="46.42381272449002" lon="7.9776819130281105">
      <ele>2644.1</ele></trkpt>
      <trkpt lat="46.42381692035954" lon="7.977628072516806">
      <ele>2643.6</ele></trkpt>
      <trkpt lat="46.423826935364225" lon="7.977610467086079">
      <ele>2643.0</ele></trkpt>
      <trkpt lat="46.423866629850515" lon="7.9776037585177555">
      <ele>2642.5</ele></trkpt>
      <trkpt lat="46.42388561648768" lon="7.977600720902168">
      <ele>2642.0</ele></trkpt>
      <trkpt lat="46.42388671218262" lon="7.977561315261574">
      <ele>2641.4</ele></trkpt>
      <trkpt lat="46.423866742823925" lon="7.977511761771999">
      <ele>2640.9</ele></trkpt>
      <trkpt lat="46.42385623255834" lon="7.977466946354251">
      <ele>2640.4</ele></trkpt>
      <trkpt lat="46.42383233348414" lon="7.9774265510944815">
      <ele>2639.8</ele></trkpt>
      <trkpt lat="46.42381995688577" lon="7.977405354070088">
      <ele>2639.3</ele></trkpt>
      <trkpt lat="46.42382545407552" lon="7.977350238583635">
      <ele>2638.8</ele></trkpt>
      <trkpt lat="46.423851819276024" lon="7.977284233747396">
      <ele>2638.3</ele></trkpt>
      <trkpt lat="46.42386424064723" lon="7.9772505082694884">
      <ele>2637.7</ele></trkpt>
      <trkpt lat="46.42389106812606" lon="7.977162900385655">
      <ele>2637.2</ele></trkpt>
      <trkpt lat="46.423917841017165" lon="7.977090577167271">
      <ele>2636.6</ele></trkpt>
      <trkpt lat="46.423935456645175" lon="7.977020036298474">
      <ele>2636.1</ele></trkpt>
      <trkpt lat="46.423941370923394" lon="7.976920564904386">
      <ele>2635.5</ele></trkpt>
      <trkpt lat="46.423942599759435" lon="7.976851136301121">
      <ele>2634.9</ele></trkpt>
      <trkpt lat="46.423947388006724" lon="7.976797496606027">
      <ele>2634.4</ele></trkpt>
      <trkpt lat="46.42394985824106" lon="7.97674513479514">
      <ele>2633.8</ele></trkpt>
      <trkpt lat="46.42395685930826" lon="7.97666115455559">
      <ele>2633.2</ele></trkpt>
      <trkpt lat="46.42398883980795" lon="7.976602255646406">
      <ele>2632.7</ele></trkpt>
      <trkpt lat="46.42401556715868" lon="7.9765375677286885">
      <ele>2632.1</ele></trkpt>
      <trkpt lat="46.42404842457853" lon="7.9764815393079385">
      <ele>2631.6</ele></trkpt>
      <trkpt lat="46.42407199009542" lon="7.976417743554033">
      <ele>2631.0</ele></trkpt>
      <trkpt lat="46.42407330272766" lon="7.976345752872537">
      <ele>2630.4</ele></trkpt>
      <trkpt lat="46.42405709519967" lon="7.9762957556076195">
      <ele>2629.9</ele></trkpt>
      <trkpt lat="46.42404015181497" lon="7.976233978129965">
      <ele>2629.3</ele></trkpt>
      <trkpt lat="46.42405124801816" lon="7.976181779697269">
      <ele>2628.7</ele></trkpt>
      <trkpt lat="46.42408306474677" lon="7.976119418443165">
      <ele>2628.2</ele></trkpt>
      <trkpt lat="46.42410894086628" lon="7.976080557234817">
      <ele>2627.6</ele></trkpt>
      <trkpt lat="46.42413501642474" lon="7.9760128704394715">
      <ele>2627.0</ele></trkpt>
      <trkpt lat="46.42413464672002" lon="7.975940850002524">
      <ele>2626.5</ele></trkpt>
      <trkpt lat="46.424149436566026" lon="7.975885591887334">
      <ele>2625.9</ele></trkpt>
      <trkpt lat="46.42415102112236" lon="7.975830203032213">
      <ele>2626.0</ele></trkpt>
      <trkpt lat="46.42418425117359" lon="7.9757847018721195">
      <ele>2626.1</ele></trkpt>
      <trkpt lat="46.42421096901802" lon="7.975723824816056">
      <ele>2626.1</ele></trkpt>
      <trkpt lat="46.42422973472065" lon="7.975666706617799">
      <ele>2626.2</ele></trkpt>
      <trkpt lat="46.42424585585665" lon="7.975607636906435">
      <ele>2626.3</ele></trkpt>
      <trkpt lat="46.42425670552809" lon="7.9755485410266544">
      <ele>2626.3</ele></trkpt>
      <trkpt lat="46.42427142288519" lon="7.975508567355519">
      <ele>2626.4</ele></trkpt>
      <trkpt lat="46.424292733766315" lon="7.975472483485165">
      <ele>2626.5</ele></trkpt>
      <trkpt lat="46.42431807490498" lon="7.975421154046568">
      <ele>2626.6</ele></trkpt>
      <trkpt lat="46.42434851560237" lon="7.975409994322616">
      <ele>2626.7</ele></trkpt>
      <trkpt lat="46.42437822316696" lon="7.975348417969915">
      <ele>2626.7</ele></trkpt>
      <trkpt lat="46.424394856660015" lon="7.975285593506218">
      <ele>2626.8</ele></trkpt>
      <trkpt lat="46.424416895303224" lon="7.97522875449413">
      <ele>2626.9</ele></trkpt>
      <trkpt lat="46.42443119864542" lon="7.975183091645202">
      <ele>2627.0</ele></trkpt>
      <trkpt lat="46.42442805524436" lon="7.975130621772184">
      <ele>2627.0</ele></trkpt>
      <trkpt lat="46.424429508722774" lon="7.975036269721731">
      <ele>2627.1</ele></trkpt>
      <trkpt lat="46.424456800808116" lon="7.974990852258543">
      <ele>2627.2</ele></trkpt>
      <trkpt lat="46.42450325272117" lon="7.97497806828005">
      <ele>2627.2</ele></trkpt>
      <trkpt lat="46.42454798294047" lon="7.974889867630507">
      <ele>2627.3</ele></trkpt>
      <trkpt lat="46.424578001781995" lon="7.974827084015656">
      <ele>2627.4</ele></trkpt>
      <trkpt lat="46.4246029427725" lon="7.974786131175146">
      <ele>2627.9</ele></trkpt>
      <trkpt lat="46.42464443874519" lon="7.974735090795772">
      <ele>2628.5</ele></trkpt>
      <trkpt lat="46.424661964375645" lon="7.9746966273785835">
      <ele>2629.0</ele></trkpt>
      <trkpt lat="46.424660673680656" lon="7.974630867470179">
      <ele>2629.6</ele></trkpt>
      <trkpt lat="46.424646962504184" lon="7.9745778507457965">
      <ele>2630.1</ele></trkpt>
      <trkpt lat="46.424650561517375" lon="7.974522455224307">
      <ele>2630.7</ele></trkpt>
      <trkpt lat="46.42464019416442" lon="7.97446045636357">
      <ele>2631.2</ele></trkpt>
      <trkpt lat="46.42463456143501" lon="7.974378795739962">
      <ele>2631.8</ele></trkpt>
      <trkpt lat="46.424652488668364" lon="7.974340986626651">
      <ele>2632.3</ele></trkpt>
      <trkpt lat="46.42467519366872" lon="7.97428771799167">
      <ele>2632.9</ele></trkpt>
      <trkpt lat="46.42468864230888" lon="7.974238182590181">
      <ele>2633.4</ele></trkpt>
      <trkpt lat="46.42469813300098" lon="7.974184783477202">
      <ele>2633.9</ele></trkpt>
      <trkpt lat="46.424715512511526" lon="7.974141023762339">
      <ele>2634.5</ele></trkpt>
      <trkpt lat="46.424739404458336" lon="7.974118350743556">
      <ele>2635.0</ele></trkpt>
      <trkpt lat="46.42475671192354" lon="7.9740879504632005">
      <ele>2635.6</ele></trkpt>
      <trkpt lat="46.42478060398249" lon="7.974065251387172">
      <ele>2636.1</ele></trkpt>
      <trkpt lat="46.42480837361404" lon="7.974013866739251">
      <ele>2636.7</ele></trkpt>
      <trkpt lat="46.42482819589315" lon="7.973975157645089">
      <ele>2637.2</ele></trkpt>
      <trkpt lat="46.42484815737807" lon="7.973892431411814">
      <ele>2637.8</ele></trkpt>
      <trkpt lat="46.42485072719984" lon="7.973857201120315">
      <ele>2638.3</ele></trkpt>
    </trkseg>
  </trk>
</gpx>