<?xml version='1.0' encoding='utf-8'?>
<gpx xmlns="http://www.topografix.com/GPX/1/1" xmlns:xsi="http://www.w3.org/2001/XMLSchema-instance" xsi:schemaLocation="http://www.topografix.com/GPX/1/1 http://www.topografix.com/GPX/1/1/gpx.xsd" version="1.1" creator="gpx.py -- https://github.com/tkrajina/gpxpy">
  <trk>
    <name>tristelhorn-piz-da-sterls</name>
    <trkseg>
      <trkpt lat="46.85417020874249" lon="9.326452023757241">
      <ele>1549.6</ele></trkpt>
    <trkpt lat="46.85425158518918" lon="9.326357241565033">
      <ele>1548.7</ele></trkpt>
      <trkpt lat="46.85446127832257" lon="9.326172694122754">
      <ele>1547.8</ele></trkpt>
      <trkpt lat="46.85463226139106" lon="9.326011078783274">
      <ele>1546.9</ele></trkpt>
      <trkpt lat="46.85475366243625" lon="9.325925437886221">
      <ele>1546.1</ele></trkpt>
      <trkpt lat="46.8548447678841" lon="9.325883382215675">
      <ele>1545.2</ele></trkpt>
      <trkpt lat="46.85491990643085" lon="9.325848688637166">
      <ele>1544.3</ele></trkpt>
      <trkpt lat="46.85507417562176" lon="9.325790931272941">
      <ele>1543.4</ele></trkpt>
      <trkpt lat="46.85516781796721" lon="9.325772350860724">
      <ele>1542.5</ele></trkpt>
      <trkpt lat="46.85525445811864" lon="9.325772963470387">
      <ele>1541.6</ele></trkpt>
      <trkpt lat="46.85532083582576" lon="9.325789877482606">
      <ele>1540.7</ele></trkpt>
      <trkpt lat="46.85538011846618" lon="9.325833247982171">
      <ele>1539.9</ele></trkpt>
      <trkpt lat="46.85550940748671" lon="9.32597625530088">
      <ele>1539.0</ele></trkpt>
      <trkpt lat="46.855576616444885" lon="9.326044209328995">
      <ele>1538.1</ele></trkpt>
      <trkpt lat="46.855657143831294" lon="9.326112617684256">
      <ele>1537.2</ele></trkpt>
      <trkpt lat="46.85571876550501" lon="9.326137471469417">
      <ele>1537.6</ele></trkpt>
      <trkpt lat="46.85577111525303" lon="9.32614185280346">
      <ele>1538.0</ele></trkpt>
      <trkpt lat="46.85584290137247" lon="9.326105296847347">
      <ele>1538.4</ele></trkpt>
      <trkpt lat="46.85585332612532" lon="9.326105531429286">
      <ele>1538.8</ele></trkpt>
      <trkpt lat="46.8558787805645" lon="9.326106122806019">
      <ele>1539.2</ele></trkpt>
      <trkpt lat="46.855945536718565" lon="9.326087019111613">
      <ele>1539.5</ele></trkpt>
      <trkpt lat="46.85600753411865" lon="9.326073296786817">
      <ele>1539.9</ele></trkpt>
      <trkpt lat="46.85603802593201" lon="9.326066890031166">
      <ele>1540.3</ele></trkpt>
      <trkpt lat="46.85607031641584" lon="9.326061084158956">
      <ele>1540.7</ele></trkpt>
      <trkpt lat="46.85610709820919" lon="9.326052471467682">
      <ele>1541.1</ele></trkpt>
      <trkpt lat="46.85615172053467" lon="9.326042022041696">
      <ele>1541.5</ele></trkpt>
      <trkpt lat="46.85616436656789" lon="9.326036877971172">
      <ele>1541.9</ele></trkpt>
      <trkpt lat="46.85621219577467" lon="9.326012033880065">
      <ele>1542.3</ele></trkpt>
      <trkpt lat="46.85624822013919" lon="9.326032959782703">
      <ele>1542.7</ele></trkpt>
      <trkpt lat="46.85627723283852" lon="9.326044208746167">
      <ele>1543.0</ele></trkpt>
      <trkpt lat="46.85631053796953" lon="9.326046164224714">
      <ele>1543.4</ele></trkpt>
      <trkpt lat="46.856357890864686" lon="9.326024556331685">
      <ele>1543.8</ele></trkpt>
      <trkpt lat="46.8564291458233" lon="9.326000009314122">
      <ele>1544.2</ele></trkpt>
      <trkpt lat="46.85656091897416" lon="9.32599248612145">
      <ele>1544.6</ele></trkpt>
      <trkpt lat="46.85669238049527" lon="9.32600439118789">
      <ele>1545.0</ele></trkpt>
      <trkpt lat="46.85684128781904" lon="9.32607034672779">
      <ele>1546.5</ele></trkpt>
      <trkpt lat="46.85697384298428" lon="9.326116302688712">
      <ele>1547.9</ele></trkpt>
      <trkpt lat="46.85722284967917" lon="9.326275648883861">
      <ele>1549.4</ele></trkpt>
      <trkpt lat="46.857305681484576" lon="9.326305287875453">
      <ele>1550.8</ele></trkpt>
      <trkpt lat="46.85751022465044" lon="9.326331891590245">
      <ele>1552.3</ele></trkpt>
      <trkpt lat="46.85757803471792" lon="9.326363417254122">
      <ele>1553.7</ele></trkpt>
      <trkpt lat="46.857711612022285" lon="9.326448289640057">
      <ele>1555.2</ele></trkpt>
      <trkpt lat="46.857795284053445" lon="9.326528958172213">
      <ele>1556.6</ele></trkpt>
      <trkpt lat="46.8578259585812" lon="9.326588340468298">
      <ele>1558.1</ele></trkpt>
      <trkpt lat="46.857847272727525" lon="9.326710553510608">
      <ele>1559.5</ele></trkpt>
      <trkpt lat="46.85786945747741" lon="9.326881396362246">
      <ele>1561.0</ele></trkpt>
      <trkpt lat="46.85787496762445" lon="9.326950402502458">
      <ele>1562.5</ele></trkpt>
      <trkpt lat="46.857877040650024" lon="9.327086972664949">
      <ele>1563.9</ele></trkpt>
      <trkpt lat="46.85788655461413" lon="9.327136915837919">
      <ele>1565.4</ele></trkpt>
      <trkpt lat="46.85790172804022" lon="9.327174884959852">
      <ele>1566.8</ele></trkpt>
      <trkpt lat="46.85792850945749" lon="9.327206821077969">
      <ele>1568.3</ele></trkpt>
      <trkpt lat="46.85796039253665" lon="9.327223510501799">
      <ele>1569.7</ele></trkpt>
      <trkpt lat="46.85799535942109" lon="9.327237081375062">
      <ele>1571.2</ele></trkpt>
      <trkpt lat="46.85804195229488" lon="9.327244619867518">
      <ele>1572.6</ele></trkpt>
      <trkpt lat="46.85807356341244" lon="9.327240181059476">
      <ele>1574.1</ele></trkpt>
      <trkpt lat="46.858106647563396" lon="9.327219554818459">
      <ele>1575.6</ele></trkpt>
      <trkpt lat="46.85813325164939" lon="9.327186488904626">
      <ele>1577.0</ele></trkpt>
      <trkpt lat="46.858169076962355" lon="9.327108295391414">
      <ele>1578.5</ele></trkpt>
      <trkpt lat="46.858244845417204" lon="9.326915035661846">
      <ele>1580.0</ele></trkpt>
      <trkpt lat="46.85827985762567" lon="9.32681468442157">
      <ele>1581.4</ele></trkpt>
      <trkpt lat="46.85830507643734" lon="9.32671400244656">
      <ele>1582.9</ele></trkpt>
      <trkpt lat="46.858331136011174" lon="9.32656183828544">
      <ele>1584.4</ele></trkpt>
      <trkpt lat="46.85835844403427" lon="9.326393990155417">
      <ele>1585.9</ele></trkpt>
      <trkpt lat="46.85837296574417" lon="9.326287200230073">
      <ele>1587.3</ele></trkpt>
      <trkpt lat="46.858398396560084" lon="9.326173644094162">
      <ele>1588.8</ele></trkpt>
      <trkpt lat="46.85843690055677" lon="9.326040503276742">
      <ele>1590.3</ele></trkpt>
      <trkpt lat="46.85846397557166" lon="9.325945618059416">
      <ele>1591.7</ele></trkpt>
      <trkpt lat="46.85848970201701" lon="9.32587356205726">
      <ele>1593.2</ele></trkpt>
      <trkpt lat="46.85852730903233" lon="9.325794760701315">
      <ele>1594.7</ele></trkpt>
      <trkpt lat="46.85853779595388" lon="9.32576777893863">
      <ele>1596.2</ele></trkpt>
      <trkpt lat="46.858555743728715" lon="9.325704710733786">
      <ele>1597.6</ele></trkpt>
      <trkpt lat="46.858562880737196" lon="9.325661529566819">
      <ele>1599.1</ele></trkpt>
      <trkpt lat="46.85857773599217" lon="9.32559338134834">
      <ele>1600.6</ele></trkpt>
      <trkpt lat="46.85860530475543" lon="9.325528538611014">
      <ele>1602.0</ele></trkpt>
      <trkpt lat="46.85864410369473" lon="9.325436923642933">
      <ele>1603.5</ele></trkpt>
      <trkpt lat="46.858657311246986" lon="9.325390649710208">
      <ele>1605.0</ele></trkpt>
      <trkpt lat="46.85867228082538" lon="9.325291561438826">
      <ele>1606.5</ele></trkpt>
      <trkpt lat="46.858710639301705" lon="9.325188453039665">
      <ele>1608.0</ele></trkpt>
      <trkpt lat="46.85879270763507" lon="9.325062557639267">
      <ele>1609.5</ele></trkpt>
      <trkpt lat="46.85891206191165" lon="9.324899102352468">
      <ele>1611.0</ele></trkpt>
      <trkpt lat="46.858997136392986" lon="9.324792777740987">
      <ele>1612.6</ele></trkpt>
      <trkpt lat="46.85908552557851" lon="9.324586928730207">
      <ele>1614.1</ele></trkpt>
      <trkpt lat="46.859102941827075" lon="9.324513491193024">
      <ele>1615.6</ele></trkpt>
      <trkpt lat="46.85911341702194" lon="9.324455551253985">
      <ele>1617.1</ele></trkpt>
      <trkpt lat="46.85911651302178" lon="9.324383474328856">
      <ele>1618.6</ele></trkpt>
      <trkpt lat="46.859123687415405" lon="9.324294881164978">
      <ele>1620.1</ele></trkpt>
      <trkpt lat="46.85913638928024" lon="9.324217579111867">
      <ele>1621.6</ele></trkpt>
      <trkpt lat="46.85916635951307" lon="9.324132552680803">
      <ele>1623.1</ele></trkpt>
      <trkpt lat="46.859240883950676" lon="9.324001890941698">
      <ele>1624.6</ele></trkpt>
      <trkpt lat="46.85925888432738" lon="9.323949763200838">
      <ele>1626.2</ele></trkpt>
      <trkpt lat="46.85927815060954" lon="9.323936560093877">
      <ele>1627.7</ele></trkpt>
      <trkpt lat="46.859287527705696" lon="9.323945218349236">
      <ele>1629.2</ele></trkpt>
      <trkpt lat="46.85928888525002" lon="9.323978584412322">
      <ele>1630.7</ele></trkpt>
      <trkpt lat="46.85928919050273" lon="9.324075782774718">
      <ele>1632.2</ele></trkpt>
      <trkpt lat="46.85928726911574" lon="9.324192330134558">
      <ele>1633.7</ele></trkpt>
      <trkpt lat="46.859293001294745" lon="9.32430636486045">
      <ele>1635.6</ele></trkpt>
      <trkpt lat="46.859300740250745" lon="9.324414921252812">
      <ele>1637.6</ele></trkpt>
      <trkpt lat="46.8593217515274" lon="9.324526723888788">
      <ele>1639.5</ele></trkpt>
      <trkpt lat="46.85932608918367" lon="9.32461017224382">
      <ele>1641.5</ele></trkpt>
      <trkpt lat="46.85932861198336" lon="9.324687995153171">
      <ele>1643.4</ele></trkpt>
      <trkpt lat="46.859335816986835" lon="9.32471323665608">
      <ele>1645.3</ele></trkpt>
      <trkpt lat="46.85934904357163" lon="9.324719262226601">
      <ele>1647.3</ele></trkpt>
      <trkpt lat="46.859368355775665" lon="9.324703280062462">
      <ele>1649.2</ele></trkpt>
      <trkpt lat="46.859380280071306" lon="9.324673147388886">
      <ele>1651.2</ele></trkpt>
      <trkpt lat="46.85939864675258" lon="9.32459882456794">
      <ele>1653.1</ele></trkpt>
      <trkpt lat="46.859438817714214" lon="9.324472520421994">
      <ele>1655.0</ele></trkpt>
      <trkpt lat="46.859490006754235" lon="9.324371578165925">
      <ele>1657.0</ele></trkpt>
      <trkpt lat="46.85958189131493" lon="9.324227646067623">
      <ele>1658.9</ele></trkpt>
      <trkpt lat="46.85964045933452" lon="9.324140840373689">
      <ele>1660.9</ele></trkpt>
      <trkpt lat="46.859723637866594" lon="9.324063239872144">
      <ele>1662.8</ele></trkpt>
      <trkpt lat="46.85977000718238" lon="9.324023216596231">
      <ele>1664.7</ele></trkpt>
      <trkpt lat="46.859818465991715" lon="9.32397215583973">
      <ele>1666.7</ele></trkpt>
      <trkpt lat="46.859864637461946" lon="9.323937582426138">
      <ele>1668.6</ele></trkpt>
      <trkpt lat="46.85996263245362" lon="9.323863438901025">
      <ele>1670.6</ele></trkpt>
      <trkpt lat="46.860034621112874" lon="9.323809083458897">
      <ele>1672.5</ele></trkpt>
      <trkpt lat="46.86014797815832" lon="9.323720038244828">
      <ele>1673.9</ele></trkpt>
      <trkpt lat="46.860293272668564" lon="9.323629120943444">
      <ele>1675.2</ele></trkpt>
      <trkpt lat="46.86031925978373" lon="9.323617044982335">
      <ele>1676.6</ele></trkpt>
      <trkpt lat="46.86034579156905" lon="9.323616689146792">
      <ele>1677.9</ele></trkpt>
      <trkpt lat="46.86037679097022" lon="9.323626970966295">
      <ele>1679.3</ele></trkpt>
      <trkpt lat="46.86039260343641" lon="9.323647529675457">
      <ele>1680.6</ele></trkpt>
      <trkpt lat="46.86040198730938" lon="9.323675432086409">
      <ele>1682.0</ele></trkpt>
      <trkpt lat="46.86040446455115" lon="9.323705834096431">
      <ele>1683.3</ele></trkpt>
      <trkpt lat="46.86039864382049" lon="9.323756002411592">
      <ele>1684.7</ele></trkpt>
      <trkpt lat="46.860374110481125" lon="9.323815261447253">
      <ele>1686.0</ele></trkpt>
      <trkpt lat="46.86033981378545" lon="9.323871279236066">
      <ele>1687.4</ele></trkpt>
      <trkpt lat="46.86031035280857" lon="9.323933067716526">
      <ele>1688.8</ele></trkpt>
      <trkpt lat="46.860305186335616" lon="9.323947906484298">
      <ele>1690.1</ele></trkpt>
      <trkpt lat="46.86029268835554" lon="9.324020495028561">
      <ele>1691.5</ele></trkpt>
      <trkpt lat="46.860291030565094" lon="9.324038093428653">
      <ele>1692.8</ele></trkpt>
      <trkpt lat="46.86029061870865" lon="9.324117113491655">
      <ele>1694.2</ele></trkpt>
      <trkpt lat="46.860293002985564" lon="9.324183166276278">
      <ele>1695.5</ele></trkpt>
      <trkpt lat="46.86029491438562" lon="9.32420258197097">
      <ele>1696.9</ele></trkpt>
      <trkpt lat="46.86033832756946" lon="9.324378976707099">
      <ele>1698.2</ele></trkpt>
      <trkpt lat="46.860361916851126" lon="9.324471405081804">
      <ele>1699.6</ele></trkpt>
      <trkpt lat="46.860376299622885" lon="9.324499535348696">
      <ele>1701.4</ele></trkpt>
      <trkpt lat="46.86039304216293" lon="9.324508425861602">
      <ele>1703.1</ele></trkpt>
      <trkpt lat="46.86041395007153" lon="9.324511900466259">
      <ele>1704.9</ele></trkpt>
      <trkpt lat="46.86045253438143" lon="9.324500371472846">
      <ele>1706.7</ele></trkpt>
      <trkpt lat="46.86052092326206" lon="9.324452619620677">
      <ele>1708.4</ele></trkpt>
      <trkpt lat="46.86055666987676" lon="9.324435835776336">
      <ele>1710.2</ele></trkpt>
      <trkpt lat="46.860654270219975" lon="9.324384555886951">
      <ele>1712.0</ele></trkpt>
      <trkpt lat="46.86072772304069" lon="9.324334187119842">
      <ele>1713.8</ele></trkpt>
      <trkpt lat="46.860773305692305" lon="9.324308591651617">
      <ele>1715.5</ele></trkpt>
      <trkpt lat="46.86085520318601" lon="9.324281409416692">
      <ele>1717.3</ele></trkpt>
      <trkpt lat="46.86093490764432" lon="9.324269904844007">
      <ele>1719.1</ele></trkpt>
      <trkpt lat="46.86104206715734" lon="9.32425934951774">
      <ele>1720.8</ele></trkpt>
      <trkpt lat="46.86115905917114" lon="9.324258754286152">
      <ele>1722.6</ele></trkpt>
      <trkpt lat="46.86123087751313" lon="9.32424912452882">
      <ele>1724.4</ele></trkpt>
      <trkpt lat="46.861284697958375" lon="9.32421942297876">
      <ele>1726.2</ele></trkpt>
      <trkpt lat="46.86133744616365" lon="9.324153241939293">
      <ele>1727.9</ele></trkpt>
      <trkpt lat="46.86139072374407" lon="9.324055491115892">
      <ele>1729.7</ele></trkpt>
      <trkpt lat="46.861453302650304" lon="9.323999374812585">
      <ele>1731.5</ele></trkpt>
      <trkpt lat="46.861538258482604" lon="9.323941130437213">
      <ele>1733.2</ele></trkpt>
      <trkpt lat="46.861615114795185" lon="9.323888426443196">
      <ele>1735.0</ele></trkpt>
      <trkpt lat="46.86168448616422" lon="9.323825267218508">
      <ele>1736.2</ele></trkpt>
      <trkpt lat="46.86179332737387" lon="9.323693020482153">
      <ele>1737.4</ele></trkpt>
      <trkpt lat="46.86190492649403" lon="9.323594885221446">
      <ele>1738.5</ele></trkpt>
      <trkpt lat="46.86201271791767" lon="9.323525777841763">
      <ele>1739.7</ele></trkpt>
      <trkpt lat="46.86204513267458" lon="9.323480750781641">
      <ele>1740.9</ele></trkpt>
      <trkpt lat="46.862059355308766" lon="9.323439441473678">
      <ele>1742.1</ele></trkpt>
      <trkpt lat="46.8620944267959" lon="9.32332273775832">
      <ele>1743.3</ele></trkpt>
      <trkpt lat="46.86211035767181" lon="9.323283692080373">
      <ele>1744.4</ele></trkpt>
      <trkpt lat="46.86214949305576" lon="9.323226149355733">
      <ele>1745.6</ele></trkpt>
      <trkpt lat="46.86218893357749" lon="9.32318885865001">
      <ele>1746.8</ele></trkpt>
      <trkpt lat="46.86221858339843" lon="9.323168554061377">
      <ele>1748.0</ele></trkpt>
      <trkpt lat="46.86224831578334" lon="9.32315470651363">
      <ele>1749.2</ele></trkpt>
      <trkpt lat="46.86229286549658" lon="9.323149734376356">
      <ele>1750.3</ele></trkpt>
      <trkpt lat="46.86234037456706" lon="9.32315301234474">
      <ele>1751.5</ele></trkpt>
      <trkpt lat="46.862376002591844" lon="9.323164164822167">
      <ele>1752.7</ele></trkpt>
      <trkpt lat="46.862448500890586" lon="9.323194082591767">
      <ele>1753.9</ele></trkpt>
      <trkpt lat="46.86248443001634" lon="9.323203343515821">
      <ele>1755.1</ele></trkpt>
      <trkpt lat="46.86253105226527" lon="9.323210748975292">
      <ele>1756.2</ele></trkpt>
      <trkpt lat="46.86256026174911" lon="9.323213346528767">
      <ele>1757.4</ele></trkpt>
      <trkpt lat="46.862575612514384" lon="9.323227527390605">
      <ele>1758.6</ele></trkpt>
      <trkpt lat="46.862581407745296" lon="9.323240599495543">
      <ele>1759.6</ele></trkpt>
      <trkpt lat="46.86257940360308" lon="9.323262843531827">
      <ele>1760.5</ele></trkpt>
      <trkpt lat="46.862566235248686" lon="9.323282768020386">
      <ele>1761.5</ele></trkpt>
      <trkpt lat="46.86251102415363" lon="9.323315518402909">
      <ele>1762.5</ele></trkpt>
      <trkpt lat="46.86245771265121" lon="9.323349843878407">
      <ele>1763.4</ele></trkpt>
      <trkpt lat="46.86243036918074" lon="9.32338362303067">
      <ele>1764.4</ele></trkpt>
      <trkpt lat="46.86241333086784" lon="9.323422708818981">
      <ele>1765.4</ele></trkpt>
      <trkpt lat="46.86241152193511" lon="9.323449485424739">
      <ele>1766.3</ele></trkpt>
      <trkpt lat="46.86242061662675" lon="9.323478559359453">
      <ele>1767.3</ele></trkpt>
      <trkpt lat="46.8624411480238" lon="9.323510342869966">
      <ele>1768.2</ele></trkpt>
      <trkpt lat="46.86247654610153" lon="9.323568752749186">
      <ele>1769.2</ele></trkpt>
      <trkpt lat="46.86251200049342" lon="9.323657048166005">
      <ele>1770.2</ele></trkpt>
      <trkpt lat="46.862533654383526" lon="9.32372063055352">
      <ele>1771.1</ele></trkpt>
      <trkpt lat="46.86254675976471" lon="9.32378260157385">
      <ele>1772.1</ele></trkpt>
      <trkpt lat="46.8625438555184" lon="9.323857811998543">
      <ele>1773.1</ele></trkpt>
      <trkpt lat="46.862502705060194" lon="9.324130922667246">
      <ele>1774.0</ele></trkpt>
      <trkpt lat="46.8625010662781" lon="9.324193216499221">
      <ele>1775.0</ele></trkpt>
      <trkpt lat="46.86250098487741" lon="9.324248913944023">
      <ele>1776.0</ele></trkpt>
      <trkpt lat="46.862508989992676" lon="9.324279117403474">
      <ele>1776.9</ele></trkpt>
      <trkpt lat="46.86253169600841" lon="9.32430069275974">
      <ele>1777.9</ele></trkpt>
      <trkpt lat="46.862574805262206" lon="9.324305050645627">
      <ele>1779.9</ele></trkpt>
      <trkpt lat="46.86267517933207" lon="9.324288550720944">
      <ele>1782.0</ele></trkpt>
      <trkpt lat="46.86275113386127" lon="9.324265448866825">
      <ele>1784.0</ele></trkpt>
      <trkpt lat="46.86289831191475" lon="9.3242076661175">
      <ele>1786.1</ele></trkpt>
      <trkpt lat="46.86299119832484" lon="9.324169415472532">
      <ele>1788.1</ele></trkpt>
      <trkpt lat="46.86304539583821" lon="9.324143582905727">
      <ele>1790.2</ele></trkpt>
      <trkpt lat="46.863096223999854" lon="9.324115270863544">
      <ele>1792.2</ele></trkpt>
      <trkpt lat="46.8632637881735" lon="9.324060405799289">
      <ele>1794.3</ele></trkpt>
      <trkpt lat="46.86341054297503" lon="9.324053402015965">
      <ele>1796.3</ele></trkpt>
      <trkpt lat="46.86349456064647" lon="9.324029690074383">
      <ele>1798.3</ele></trkpt>
      <trkpt lat="46.86358042041882" lon="9.324001214994679">
      <ele>1800.4</ele></trkpt>
      <trkpt lat="46.8636486092343" lon="9.323972133576458">
      <ele>1802.4</ele></trkpt>
      <trkpt lat="46.86367915523761" lon="9.323964611539159">
      <ele>1804.5</ele></trkpt>
      <trkpt lat="46.863708242846116" lon="9.323963138522636">
      <ele>1806.5</ele></trkpt>
      <trkpt lat="46.86372925272974" lon="9.323962064549027">
      <ele>1808.6</ele></trkpt>
      <trkpt lat="46.86385252424345" lon="9.323930413924082">
      <ele>1810.6</ele></trkpt>
      <trkpt lat="46.863894610038315" lon="9.323905153218426">
      <ele>1812.7</ele></trkpt>
      <trkpt lat="46.8639366866185" lon="9.323879905269056">
      <ele>1814.7</ele></trkpt>
      <trkpt lat="46.86401337571982" lon="9.3238777391974">
      <ele>1816.8</ele></trkpt>
      <trkpt lat="46.86410168842432" lon="9.323878407466044">
      <ele>1818.8</ele></trkpt>
      <trkpt lat="46.864178667012105" lon="9.323859223449546">
      <ele>1820.5</ele></trkpt>
      <trkpt lat="46.86425032516236" lon="9.323859307976821">
      <ele>1822.2</ele></trkpt>
      <trkpt lat="46.86448837791097" lon="9.32387493226578">
      <ele>1824.0</ele></trkpt>
      <trkpt lat="46.86464538146179" lon="9.323853725128295">
      <ele>1825.7</ele></trkpt>
      <trkpt lat="46.86473722631638" lon="9.323832254483696">
      <ele>1827.4</ele></trkpt>
      <trkpt lat="46.86483787952785" lon="9.323806999391746">
      <ele>1829.1</ele></trkpt>
      <trkpt lat="46.86496198969616" lon="9.323770864249868">
      <ele>1830.8</ele></trkpt>
      <trkpt lat="46.86498513164966" lon="9.323765994821889">
      <ele>1832.6</ele></trkpt>
      <trkpt lat="46.86505336528094" lon="9.32375165958323">
      <ele>1834.3</ele></trkpt>
      <trkpt lat="46.865112145183495" lon="9.323739866034607">
      <ele>1836.0</ele></trkpt>
      <trkpt lat="46.86520497640281" lon="9.323718600124119">
      <ele>1837.7</ele></trkpt>
      <trkpt lat="46.865288669329736" lon="9.323693839088095">
      <ele>1839.4</ele></trkpt>
      <trkpt lat="46.865354578748565" lon="9.323678031610275">
      <ele>1841.2</ele></trkpt>
      <trkpt lat="46.86541857615914" lon="9.323654849798679">
      <ele>1842.9</ele></trkpt>
      <trkpt lat="46.86549031424429" lon="9.323650082815982">
      <ele>1844.6</ele></trkpt>
      <trkpt lat="46.865548854220044" lon="9.323637559105007">
      <ele>1846.3</ele></trkpt>
      <trkpt lat="46.86561084088664" lon="9.32360425749923">
      <ele>1848.0</ele></trkpt>
      <trkpt lat="46.86565858972025" lon="9.323551486698385">
      <ele>1849.8</ele></trkpt>
      <trkpt lat="46.86568794817296" lon="9.32348934717644">
      <ele>1851.5</ele></trkpt>
      <trkpt lat="46.865718177980696" lon="9.323373777865342">
      <ele>1853.2</ele></trkpt>
      <trkpt lat="46.86575308669125" lon="9.323309536815726">
      <ele>1854.1</ele></trkpt>
      <trkpt lat="46.8657844620563" lon="9.323223276110948">
      <ele>1855.0</ele></trkpt>
      <trkpt lat="46.86580435510246" lon="9.323144169618088">
      <ele>1856.0</ele></trkpt>
      <trkpt lat="46.86581959141644" lon="9.323034765339473">
      <ele>1856.9</ele></trkpt>
      <trkpt lat="46.86583742542676" lon="9.32295556035852">
      <ele>1857.8</ele></trkpt>
      <trkpt lat="46.86586887482265" lon="9.322864788938723">
      <ele>1858.7</ele></trkpt>
      <trkpt lat="46.865912533506304" lon="9.322784992872878">
      <ele>1859.6</ele></trkpt>
      <trkpt lat="46.86595899702822" lon="9.322723373097784">
      <ele>1860.6</ele></trkpt>
      <trkpt lat="46.866016669550376" lon="9.322671184930726">
      <ele>1861.5</ele></trkpt>
      <trkpt lat="46.86607309400957" lon="9.322632491915313">
      <ele>1862.4</ele></trkpt>
      <trkpt lat="46.86611078188647" lon="9.32260216854565">
      <ele>1863.3</ele></trkpt>
      <trkpt lat="46.86614467969173" lon="9.322550656097857">
      <ele>1864.2</ele></trkpt>
      <trkpt lat="46.86618404608079" lon="9.322481243753717">
      <ele>1865.2</ele></trkpt>
      <trkpt lat="46.866225388059945" lon="9.322416439743083">
      <ele>1866.1</ele></trkpt>
      <trkpt lat="46.86626955336979" lon="9.322369786546247">
      <ele>1867.0</ele></trkpt>
      <trkpt lat="46.86633882577941" lon="9.322319132195421">
      <ele>1867.9</ele></trkpt>
      <trkpt lat="46.86645633646759" lon="9.3222673594996">
      <ele>1868.8</ele></trkpt>
      <trkpt lat="46.86665192000991" lon="9.322230469100258">
      <ele>1869.8</ele></trkpt>
      <trkpt lat="46.866822161569516" lon="9.322214574053607">
      <ele>1870.7</ele></trkpt>
      <trkpt lat="46.866932409014666" lon="9.322198978815445">
      <ele>1871.6</ele></trkpt>
      <trkpt lat="46.866982772318956" lon="9.322176458510073">
      <ele>1872.5</ele></trkpt>
      <trkpt lat="46.8670165613793" lon="9.3221484773473">
      <ele>1873.4</ele></trkpt>
      <trkpt lat="46.86705947767188" lon="9.322043240732675">
      <ele>1874.3</ele></trkpt>
      <trkpt lat="46.86708026672154" lon="9.321982346827514">
      <ele>1875.2</ele></trkpt>
      <trkpt lat="46.86708617204293" lon="9.321937370357523">
      <ele>1876.1</ele></trkpt>
      <trkpt lat="46.86708158033504" lon="9.321902561225876">
      <ele>1877.0</ele></trkpt>
      <trkpt lat="46.867066723376865" lon="9.321864388340227">
      <ele>1877.9</ele></trkpt>
      <trkpt lat="46.86703465047441" lon="9.321804529839264">
      <ele>1878.8</ele></trkpt>
      <trkpt lat="46.86698844847467" lon="9.321724589501429">
      <ele>1879.7</ele></trkpt>
      <trkpt lat="46.86695488598771" lon="9.321630043872268">
      <ele>1880.6</ele></trkpt>
      <trkpt lat="46.86690151715416" lon="9.32154927566665">
      <ele>1881.5</ele></trkpt>
      <trkpt lat="46.866869341856564" lon="9.321495081520242">
      <ele>1882.4</ele></trkpt>
      <trkpt lat="46.86684627927177" lon="9.32143555198975">
      <ele>1883.3</ele></trkpt>
      <trkpt lat="46.86684561949096" lon="9.321432996860038">
      <ele>1884.2</ele></trkpt>
      <trkpt lat="46.86681448260621" lon="9.321312429088835">
      <ele>1885.1</ele></trkpt>
      <trkpt lat="46.86679894785659" lon="9.32125200868359">
      <ele>1886.0</ele></trkpt>
      <trkpt lat="46.86676567955263" lon="9.32117291544186">
      <ele>1886.9</ele></trkpt>
      <trkpt lat="46.86673857622692" lon="9.321084985732652">
      <ele>1887.8</ele></trkpt>
      <trkpt lat="46.86680316800863" lon="9.321108211029498">
      <ele>1888.7</ele></trkpt>
      <trkpt lat="46.86685139990822" lon="9.321133723818981">
      <ele>1889.6</ele></trkpt>
      <trkpt lat="46.866939665063086" lon="9.321166252896113">
      <ele>1892.2</ele></trkpt>
      <trkpt lat="46.86704350334299" lon="9.321202200294955">
      <ele>1894.8</ele></trkpt>
      <trkpt lat="46.86712059030978" lon="9.321215761260254">
      <ele>1897.4</ele></trkpt>
      <trkpt lat="46.86721234349282" lon="9.32125886891334">
      <ele>1900.0</ele></trkpt>
      <trkpt lat="46.867298381771725" lon="9.32128182198179">
      <ele>1902.6</ele></trkpt>
      <trkpt lat="46.867355990231566" lon="9.321294714449069">
      <ele>1905.3</ele></trkpt>
      <trkpt lat="46.86745856269047" lon="9.321311896544875">
      <ele>1907.9</ele></trkpt>
      <trkpt lat="46.86757073105946" lon="9.321337574938852">
      <ele>1910.5</ele></trkpt>
      <trkpt lat="46.867656128245784" lon="9.321362303223681">
      <ele>1913.1</ele></trkpt>
      <trkpt lat="46.867706523933876" lon="9.321369511888781">
      <ele>1915.7</ele></trkpt>
      <trkpt lat="46.86778646881251" lon="9.321358679049311">
      <ele>1918.3</ele></trkpt>
      <trkpt lat="46.86787563638901" lon="9.321376284308828">
      <ele>1920.9</ele></trkpt>
      <trkpt lat="46.86797104995149" lon="9.321385055725845">
      <ele>1923.5</ele></trkpt>
      <trkpt lat="46.86801644654227" lon="9.32140023675524">
      <ele>1926.1</ele></trkpt>
      <trkpt lat="46.86807984739729" lon="9.321429666249236">
      <ele>1928.8</ele></trkpt>
      <trkpt lat="46.868131674587204" lon="9.321458690664784">
      <ele>1931.4</ele></trkpt>
      <trkpt lat="46.8682372716647" lon="9.321476884461255">
      <ele>1934.0</ele></trkpt>
      <trkpt lat="46.86836618597455" lon="9.321519457609027">
      <ele>1936.6</ele></trkpt>
      <trkpt lat="46.86851766844801" lon="9.321559213098903">
      <ele>1939.2</ele></trkpt>
      <trkpt lat="46.86864672596597" lon="9.321593631172066">
      <ele>1941.8</ele></trkpt>
      <trkpt lat="46.868702311721485" lon="9.321617342920428">
      <ele>1944.6</ele></trkpt>
      <trkpt lat="46.8687549177142" lon="9.321637316208216">
      <ele>1947.3</ele></trkpt>
      <trkpt lat="46.86884301424755" lon="9.321646737331982">
      <ele>1950.1</ele></trkpt>
      <trkpt lat="46.86895208409742" lon="9.32164145068771">
      <ele>1952.9</ele></trkpt>
      <trkpt lat="46.86905625508334" lon="9.321671389973519">
      <ele>1955.7</ele></trkpt>
      <trkpt lat="46.869207648126945" lon="9.321716574921469">
      <ele>1958.5</ele></trkpt>
      <trkpt lat="46.86934435916496" lon="9.321764880300423">
      <ele>1961.2</ele></trkpt>
      <trkpt lat="46.86956476320836" lon="9.321865998607228">
      <ele>1964.0</ele></trkpt>
      <trkpt lat="46.86962263367447" lon="9.321897951700686">
      <ele>1966.8</ele></trkpt>
      <trkpt lat="46.8697257632727" lon="9.321952337414121">
      <ele>1969.5</ele></trkpt>
      <trkpt lat="46.86988859225806" lon="9.32200519270591">
      <ele>1972.3</ele></trkpt>
      <trkpt lat="46.8699342269321" lon="9.322040338819656">
      <ele>1975.1</ele></trkpt>
      <trkpt lat="46.870025142484224" lon="9.322165998895894">
      <ele>1977.9</ele></trkpt>
      <trkpt lat="46.87012508427001" lon="9.322296488858836">
      <ele>1980.6</ele></trkpt>
      <trkpt lat="46.87017694410903" lon="9.322324611074057">
      <ele>1983.4</ele></trkpt>
      <trkpt lat="46.87033182642064" lon="9.322378094908597">
      <ele>1986.2</ele></trkpt>
      <trkpt lat="46.87043213825925" lon="9.322386108530713">
      <ele>1989.0</ele></trkpt>
      <trkpt lat="46.87058805718096" lon="9.322381558807521">
      <ele>1991.8</ele></trkpt>
      <trkpt lat="46.87070109969213" lon="9.32239184208677">
      <ele>1994.5</ele></trkpt>
      <trkpt lat="46.87084731236116" lon="9.322386047092273">
      <ele>1997.3</ele></trkpt>
      <trkpt lat="46.87097952241968" lon="9.322414241934784">
      <ele>1997.9</ele></trkpt>
      <trkpt lat="46.8710233562584" lon="9.322413940392263">
      <ele>1998.6</ele></trkpt>
      <trkpt lat="46.87107303676284" lon="9.322392995341778">
      <ele>1999.2</ele></trkpt>
      <trkpt lat="46.87112863315704" lon="9.32234774855323">
      <ele>1999.8</ele></trkpt>
      <trkpt lat="46.87115780888947" lon="9.32234966260677">
      <ele>2000.5</ele></trkpt>
      <trkpt lat="46.87118996593157" lon="9.322365601839632">
      <ele>2001.1</ele></trkpt>
      <trkpt lat="46.871195231914335" lon="9.32236820043625">
      <ele>2001.7</ele></trkpt>
      <trkpt lat="46.87128699245781" lon="9.322445807224113">
      <ele>2002.3</ele></trkpt>
      <trkpt lat="46.871484148072064" lon="9.322518892633578">
      <ele>2003.0</ele></trkpt>
      <trkpt lat="46.87168161908497" lon="9.32260833781416">
      <ele>2003.6</ele></trkpt>
      <trkpt lat="46.87170964839951" lon="9.322641071382186">
      <ele>2004.2</ele></trkpt>
      <trkpt lat="46.87173050363174" lon="9.322704019578044">
      <ele>2004.9</ele></trkpt>
      <trkpt lat="46.871746710804786" lon="9.32287271407506">
      <ele>2005.5</ele></trkpt>
      <trkpt lat="46.87209524158121" lon="9.323085434381966">
      <ele>2006.1</ele></trkpt>
      <trkpt lat="46.87216636875095" lon="9.323072955933547">
      <ele>2006.8</ele></trkpt>
      <trkpt lat="46.87221097905138" lon="9.323077956634702">
      <ele>2007.4</ele></trkpt>
      <trkpt lat="46.87224260140309" lon="9.323066809936018">
      <ele>2008.0</ele></trkpt>
      <trkpt lat="46.872275161453125" lon="9.323055000683523">
      <ele>2008.6</ele></trkpt>
      <trkpt lat="46.87235907673001" lon="9.32307844860171">
      <ele>2009.3</ele></trkpt>
      <trkpt lat="46.8724333974232" lon="9.323120637931208">
      <ele>2009.9</ele></trkpt>
      <trkpt lat="46.87248356854646" lon="9.323179707272768">
      <ele>2010.8</ele></trkpt>
      <trkpt lat="46.87251153938201" lon="9.323248206718723">
      <ele>2011.7</ele></trkpt>
      <trkpt lat="46.872498617283675" lon="9.323269573684803">
      <ele>2012.7</ele></trkpt>
      <trkpt lat="46.872495126284996" lon="9.323289224299456">
      <ele>2013.6</ele></trkpt>
      <trkpt lat="46.872511178924704" lon="9.32332798130312">
      <ele>2014.5</ele></trkpt>
      <trkpt lat="46.87251660422138" lon="9.323349308938761">
      <ele>2015.4</ele></trkpt>
      <trkpt lat="46.872550924746605" lon="9.323392852327526">
      <ele>2016.3</ele></trkpt>
      <trkpt lat="46.87259065832308" lon="9.323405489277373">
      <ele>2017.3</ele></trkpt>
      <trkpt lat="46.872624078001245" lon="9.323421788720047">
      <ele>2018.2</ele></trkpt>
      <trkpt lat="46.87267115051556" lon="9.323408415107616">
      <ele>2019.1</ele></trkpt>
      <trkpt lat="46.8727031752414" lon="9.323420362071564">
      <ele>2020.0</ele></trkpt>
      <trkpt lat="46.87273690648642" lon="9.323462533563863">
      <ele>2020.9</ele></trkpt>
      <trkpt lat="46.872753012248204" lon="9.323463111132035">
      <ele>2021.9</ele></trkpt>
      <trkpt lat="46.87284093807753" lon="9.323413525639959">
      <ele>2022.8</ele></trkpt>
      <trkpt lat="46.872951569823016" lon="9.323363686038105">
      <ele>2023.7</ele></trkpt>
      <trkpt lat="46.87300657580724" lon="9.323358121690742">
      <ele>2024.6</ele></trkpt>
      <trkpt lat="46.873102138295025" lon="9.32334855968853">
      <ele>2025.5</ele></trkpt>
      <trkpt lat="46.87315143605935" lon="9.323364510352024">
      <ele>2026.5</ele></trkpt>
      <trkpt lat="46.87345984924908" lon="9.323470435217931">
      <ele>2027.4</ele></trkpt>
      <trkpt lat="46.873699857872346" lon="9.323582232662293">
      <ele>2028.3</ele></trkpt>
      <trkpt lat="46.87393986637815" lon="9.323694031104628">
      <ele>2030.0</ele></trkpt>
      <trkpt lat="46.87400999772171" lon="9.323808609168843">
      <ele>2031.8</ele></trkpt>
      <trkpt lat="46.87407990546913" lon="9.323866312742776">
      <ele>2033.5</ele></trkpt>
      <trkpt lat="46.874172178247846" lon="9.323904042836814">
      <ele>2035.3</ele></trkpt>
      <trkpt lat="46.874270803628626" lon="9.323914467540833">
      <ele>2037.0</ele></trkpt>
      <trkpt lat="46.87430814376603" lon="9.323951124987085">
      <ele>2038.8</ele></trkpt>
      <trkpt lat="46.87433732213971" lon="9.323962159342775">
      <ele>2040.5</ele></trkpt>
      <trkpt lat="46.87440964236173" lon="9.323971202766957">
      <ele>2042.3</ele></trkpt>
      <trkpt lat="46.874432047038894" lon="9.323989229475947">
      <ele>2044.0</ele></trkpt>
      <trkpt lat="46.87445993854745" lon="9.32399208360849">
      <ele>2045.8</ele></trkpt>
      <trkpt lat="46.87452624798679" lon="9.324019154886471">
      <ele>2047.6</ele></trkpt>
      <trkpt lat="46.874550311105416" lon="9.324054481106577">
      <ele>2049.3</ele></trkpt>
      <trkpt lat="46.87460858253083" lon="9.324065892592133">
      <ele>2051.1</ele></trkpt>
      <trkpt lat="46.87464606682146" lon="9.324107449661064">
      <ele>2052.8</ele></trkpt>
      <trkpt lat="46.87468903424658" lon="9.324138426462513">
      <ele>2054.6</ele></trkpt>
      <trkpt lat="46.87473210492616" lon="9.324134202525832">
      <ele>2056.3</ele></trkpt>
      <trkpt lat="46.874790355062444" lon="9.324116877744736">
      <ele>2058.1</ele></trkpt>
      <trkpt lat="46.87481719413485" lon="9.324100603564354">
      <ele>2059.8</ele></trkpt>
      <trkpt lat="46.87487295144013" lon="9.324088216788127">
      <ele>2061.6</ele></trkpt>
      <trkpt lat="46.87490655655868" lon="9.32410090236556">
      <ele>2063.3</ele></trkpt>
      <trkpt lat="46.87493349050604" lon="9.324078871202653">
      <ele>2064.3</ele></trkpt>
      <trkpt lat="46.87495947742363" lon="9.324084820877873">
      <ele>2065.2</ele></trkpt>
      <trkpt lat="46.874977999801736" lon="9.324074710756978">
      <ele>2066.2</ele></trkpt>
      <trkpt lat="46.87499290384463" lon="9.32404938422332">
      <ele>2067.2</ele></trkpt>
      <trkpt lat="46.87505256635139" lon="9.324034260685435">
      <ele>2068.1</ele></trkpt>
      <trkpt lat="46.87507319797471" lon="9.324073062208088">
      <ele>2069.1</ele></trkpt>
      <trkpt lat="46.875094900407426" lon="9.324075279549959">
      <ele>2070.1</ele></trkpt>
      <trkpt lat="46.87510616297799" lon="9.324065623432782">
      <ele>2071.0</ele></trkpt>
      <trkpt lat="46.875121636035594" lon="9.32406473567311">
      <ele>2072.0</ele></trkpt>
      <trkpt lat="46.87512710502863" lon="9.324085042488342">
      <ele>2072.9</ele></trkpt>
      <trkpt lat="46.87514431052753" lon="9.324096418360881">
      <ele>2073.9</ele></trkpt>
      <trkpt lat="46.87527892680584" lon="9.324165852807894">
      <ele>2074.9</ele></trkpt>
      <trkpt lat="46.87531529417438" lon="9.324157798550786">
      <ele>2075.8</ele></trkpt>
      <trkpt lat="46.875342395287326" lon="9.324214068707851">
      <ele>2076.8</ele></trkpt>
      <trkpt lat="46.87537367312083" lon="9.324221647363032">
      <ele>2077.8</ele></trkpt>
      <trkpt lat="46.87538818454693" lon="9.324250170451265">
      <ele>2078.7</ele></trkpt>
      <trkpt lat="46.87543039303226" lon="9.324238752002866">
      <ele>2079.7</ele></trkpt>
      <trkpt lat="46.87547859175043" lon="9.324245493735928">
      <ele>2080.7</ele></trkpt>
      <trkpt lat="46.87550379447188" lon="9.324270087913765">
      <ele>2081.6</ele></trkpt>
      <trkpt lat="46.875530859150544" lon="9.324269606644544">
      <ele>2082.6</ele></trkpt>
      <trkpt lat="46.87555466115807" lon="9.324291291259659">
      <ele>2084.8</ele></trkpt>
      <trkpt lat="46.87563715237397" lon="9.324327971577807">
      <ele>2087.1</ele></trkpt>
      <trkpt lat="46.87567292792908" lon="9.324355823334754">
      <ele>2089.3</ele></trkpt>
      <trkpt lat="46.87570577203252" lon="9.324356266445516">
      <ele>2091.6</ele></trkpt>
      <trkpt lat="46.87575641422739" lon="9.324420566328186">
      <ele>2093.8</ele></trkpt>
      <trkpt lat="46.87580441136091" lon="9.324410059482403">
      <ele>2096.1</ele></trkpt>
      <trkpt lat="46.875859243001464" lon="9.324454377971055">
      <ele>2098.3</ele></trkpt>
      <trkpt lat="46.87585215808443" lon="9.324474244877434">
      <ele>2100.6</ele></trkpt>
      <trkpt lat="46.87584385547232" lon="9.324502479995978">
      <ele>2102.8</ele></trkpt>
      <trkpt lat="46.875881748253" lon="9.324505055356667">
      <ele>2105.1</ele></trkpt>
      <trkpt lat="46.875939172360304" lon="9.324494721683532">
      <ele>2107.3</ele></trkpt>
      <trkpt lat="46.87604628156061" lon="9.324510129737842">
      <ele>2109.5</ele></trkpt>
      <trkpt lat="46.87611272208122" lon="9.324518325037799">
      <ele>2111.8</ele></trkpt>
      <trkpt lat="46.876193244551494" lon="9.324540700062613">
      <ele>2114.0</ele></trkpt>
      <trkpt lat="46.87623629820111" lon="9.324541330743706">
      <ele>2116.3</ele></trkpt>
      <trkpt lat="46.876243332887356" lon="9.324541433102322">
      <ele>2118.5</ele></trkpt>
      <trkpt lat="46.876310429447344" lon="9.324508738103612">
      <ele>2120.8</ele></trkpt>
      <trkpt lat="46.87650070351759" lon="9.32474538191987">
      <ele>2123.0</ele></trkpt>
      <trkpt lat="46.876690977093105" lon="9.324982027412055">
      <ele>2125.3</ele></trkpt>
      <trkpt lat="46.876727426987955" lon="9.325008263588366">
      <ele>2127.5</ele></trkpt>
      <trkpt lat="46.87675909342411" lon="9.32503811107941">
      <ele>2128.3</ele></trkpt>
      <trkpt lat="46.876796642918066" lon="9.325083333769376">
      <ele>2129.0</ele></trkpt>
      <trkpt lat="46.87683606324024" lon="9.325101315679769">
      <ele>2129.8</ele></trkpt>
      <trkpt lat="46.87683737983918" lon="9.325103868129748">
      <ele>2130.5</ele></trkpt>
      <trkpt lat="46.87685896292056" lon="9.325146063925137">
      <ele>2131.3</ele></trkpt>
      <trkpt lat="46.87688544891919" lon="9.325203049456986">
      <ele>2132.1</ele></trkpt>
      <trkpt lat="46.87693204328308" lon="9.325215955701715">
      <ele>2132.8</ele></trkpt>
      <trkpt lat="46.87695285291127" lon="9.325243939782856">
      <ele>2133.6</ele></trkpt>
      <trkpt lat="46.87697863541417" lon="9.325285745059839">
      <ele>2134.3</ele></trkpt>
      <trkpt lat="46.877006565366635" lon="9.325312456864761">
      <ele>2135.1</ele></trkpt>
      <trkpt lat="46.877053248998884" lon="9.325348867611474">
      <ele>2135.9</ele></trkpt>
      <trkpt lat="46.877092899218184" lon="9.325381278801366">
      <ele>2136.6</ele></trkpt>
      <trkpt lat="46.87715074811075" lon="9.325428670764289">
      <ele>2137.4</ele></trkpt>
      <trkpt lat="46.87716514932728" lon="9.32547313435563">
      <ele>2138.1</ele></trkpt>
      <trkpt lat="46.877222948002526" lon="9.325523569001119">
      <ele>2138.9</ele></trkpt>
      <trkpt lat="46.877285187952374" lon="9.32556276977186">
      <ele>2139.7</ele></trkpt>
      <trkpt lat="46.877355768740614" lon="9.325640172567926">
      <ele>2140.4</ele></trkpt>
      <trkpt lat="46.87738025150299" lon="9.325675122459067">
      <ele>2141.2</ele></trkpt>
      <trkpt lat="46.87738737700656" lon="9.325701905059073">
      <ele>2141.9</ele></trkpt>
      <trkpt lat="46.87738280167598" lon="9.32572071882995">
      <ele>2142.7</ele></trkpt>
      <trkpt lat="46.87739084297463" lon="9.325749803670389">
      <ele>2143.3</ele></trkpt>
      <trkpt lat="46.877401481426055" lon="9.3257638106932">
      <ele>2143.9</ele></trkpt>
      <trkpt lat="46.8774357197314" lon="9.325780102434424">
      <ele>2144.5</ele></trkpt>
      <trkpt lat="46.87747334930566" lon="9.325778995387202">
      <ele>2145.1</ele></trkpt>
      <trkpt lat="46.877504886265875" lon="9.325770313108862">
      <ele>2145.7</ele></trkpt>
      <trkpt lat="46.87754147574929" lon="9.325808259926632">
      <ele>2146.3</ele></trkpt>
      <trkpt lat="46.877569277612984" lon="9.325807818405236">
      <ele>2146.9</ele></trkpt>
      <trkpt lat="46.87759579172334" lon="9.325828169414562">
      <ele>2147.5</ele></trkpt>
      <trkpt lat="46.8776237915459" lon="9.32584354685814">
      <ele>2148.1</ele></trkpt>
      <trkpt lat="46.87764710351363" lon="9.32583000949095">
      <ele>2148.7</ele></trkpt>
      <trkpt lat="46.877663868533816" lon="9.325784618318911">
      <ele>2149.3</ele></trkpt>
      <trkpt lat="46.87768542224582" lon="9.325763119762877">
      <ele>2149.9</ele></trkpt>
      <trkpt lat="46.877698090573766" lon="9.325766438045475">
      <ele>2150.5</ele></trkpt>
      <trkpt lat="46.87770541587088" lon="9.32577892482842">
      <ele>2151.1</ele></trkpt>
      <trkpt lat="46.877722224804394" lon="9.325788148988693">
      <ele>2151.7</ele></trkpt>
      <trkpt lat="46.87775933830113" lon="9.325793781676559">
      <ele>2152.3</ele></trkpt>
      <trkpt lat="46.87782143893991" lon="9.325798874066864">
      <ele>2152.9</ele></trkpt>
      <trkpt lat="46.877855479737875" lon="9.325819502426747">
      <ele>2153.5</ele></trkpt>
      <trkpt lat="46.877868663059544" lon="9.3258199650754">
      <ele>2154.1</ele></trkpt>
      <trkpt lat="46.877895485210075" lon="9.32582164119438">
      <ele>2154.7</ele></trkpt>
      <trkpt lat="46.87789971443627" lon="9.325850540058893">
      <ele>2155.9</ele></trkpt>
      <trkpt lat="46.87788967128161" lon="9.325888267831665">
      <ele>2157.0</ele></trkpt>
      <trkpt lat="46.87789797034885" lon="9.325927361033573">
      <ele>2158.2</ele></trkpt>
      <trkpt lat="46.877925783479164" lon="9.32598296433816">
      <ele>2159.4</ele></trkpt>
      <trkpt lat="46.87797702691249" lon="9.326017856707281">
      <ele>2160.5</ele></trkpt>
      <trkpt lat="46.87801375563529" lon="9.326018450314143">
      <ele>2161.7</ele></trkpt>
      <trkpt lat="46.87802475690468" lon="9.326065551094526">
      <ele>2162.9</ele></trkpt>
      <trkpt lat="46.87805450850989" lon="9.326117640308622">
      <ele>2164.1</ele></trkpt>
      <trkpt lat="46.87808011402719" lon="9.326135794616983">
      <ele>2165.2</ele></trkpt>
      <trkpt lat="46.87809826286369" lon="9.32620614943256">
      <ele>2166.4</ele></trkpt>
      <trkpt lat="46.87811107256317" lon="9.326257617862233">
      <ele>2167.6</ele></trkpt>
      <trkpt lat="46.87813110160393" lon="9.326271272454244">
      <ele>2168.7</ele></trkpt>
      <trkpt lat="46.87816139272228" lon="9.32626229730507">
      <ele>2169.9</ele></trkpt>
      <trkpt lat="46.878177174509695" lon="9.326276511418977">
      <ele>2171.1</ele></trkpt>
      <trkpt lat="46.8781996898968" lon="9.326282353782961">
      <ele>2172.2</ele></trkpt>
      <trkpt lat="46.87822432190701" lon="9.326273888577536">
      <ele>2173.4</ele></trkpt>
      <trkpt lat="46.8782577238085" lon="9.32627651761674">
      <ele>2174.6</ele></trkpt>
      <trkpt lat="46.878268041255666" lon="9.326307795585565">
      <ele>2175.8</ele></trkpt>
      <trkpt lat="46.87829850108517" lon="9.326317499197058">
      <ele>2176.9</ele></trkpt>
      <trkpt lat="46.87833603166236" lon="9.326326755550475">
      <ele>2178.1</ele></trkpt>
      <trkpt lat="46.8783658315778" lon="9.326319193473152">
      <ele>2183.6</ele></trkpt>
      <trkpt lat="46.87840548130886" lon="9.326342893028148">
      <ele>2189.2</ele></trkpt>
      <trkpt lat="46.878436947350366" lon="9.326348327924949">
      <ele>2194.7</ele></trkpt>
      <trkpt lat="46.878499100016754" lon="9.326486217033718">
      <ele>2200.2</ele></trkpt>
      <trkpt lat="46.87850287928911" lon="9.326487462473919">
      <ele>2205.8</ele></trkpt>
      <trkpt lat="46.87890186506748" lon="9.326730372518714">
      <ele>2211.3</ele></trkpt>
      <trkpt lat="46.87930085030716" lon="9.326973286169325">
      <ele>2216.8</ele></trkpt>
      <trkpt lat="46.87969983500816" lon="9.327216203425822">
      <ele>2222.3</ele></trkpt>
      <trkpt lat="46.8797544817117" lon="9.327256401060609">
      <ele>2227.9</ele></trkpt>
      <trkpt lat="46.87980116566689" lon="9.327263867076391">
      <ele>2233.4</ele></trkpt>
      <trkpt lat="46.879850992127565" lon="9.327239581928724">
      <ele>2238.9</ele></trkpt>
      <trkpt lat="46.879876496866" lon="9.327193512064678">
      <ele>2244.5</ele></trkpt>
      <trkpt lat="46.87995449034915" lon="9.327069250967163">
      <ele>2250.0</ele></trkpt>
      <trkpt lat="46.87999723307079" lon="9.327073455263477">
      <ele>2255.5</ele></trkpt>
      <trkpt lat="46.88005053075327" lon="9.327078725736627">
      <ele>2261.0</ele></trkpt>
      <trkpt lat="46.88014115774271" lon="9.327105988415646">
      <ele>2266.6</ele></trkpt>
      <trkpt lat="46.88019412812126" lon="9.327144172122843">
      <ele>2272.1</ele></trkpt>
      <trkpt lat="46.88023060120415" lon="9.327104103605773">
      <ele>2277.6</ele></trkpt>
      <trkpt lat="46.880283986406795" lon="9.327070271699048">
      <ele>2283.2</ele></trkpt>
      <trkpt lat="46.880341350361746" lon="9.327004717614809">
      <ele>2288.7</ele></trkpt>
      <trkpt lat="46.88040036779695" lon="9.326942016586496">
      <ele>2290.2</ele></trkpt>
      <trkpt lat="46.88040072804947" lon="9.326872754604118">
      <ele>2291.7</ele></trkpt>
      <trkpt lat="46.88043492580036" lon="9.32681734416871">
      <ele>2293.2</ele></trkpt>
      <trkpt lat="46.88045506267074" lon="9.326786294330171">
      <ele>2294.7</ele></trkpt>
      <trkpt lat="46.880487720479024" lon="9.326721145160802">
      <ele>2296.2</ele></trkpt>
      <trkpt lat="46.88049620660344" lon="9.32657875997262">
      <ele>2297.7</ele></trkpt>
      <trkpt lat="46.88051731319762" lon="9.326483482156949">
      <ele>2299.2</ele></trkpt>
      <trkpt lat="46.88052941063238" lon="9.326443961337244">
      <ele>2300.7</ele></trkpt>
      <trkpt lat="46.88053501933494" lon="9.326385972136931">
      <ele>2302.2</ele></trkpt>
      <trkpt lat="46.88053609921307" lon="9.326325973640385">
      <ele>2303.6</ele></trkpt>
      <trkpt lat="46.88053505025088" lon="9.326260297015098">
      <ele>2305.1</ele></trkpt>
      <trkpt lat="46.88056851641383" lon="9.326197944708387">
      <ele>2306.6</ele></trkpt>
      <trkpt lat="46.88061571066271" lon="9.326129211008631">
      <ele>2308.1</ele></trkpt>
      <trkpt lat="46.88066457349824" lon="9.326110415299222">
      <ele>2309.6</ele></trkpt>
      <trkpt lat="46.880722244374994" lon="9.3261238563872">
      <ele>2311.1</ele></trkpt>
      <trkpt lat="46.88075007124794" lon="9.326187349982426">
      <ele>2312.6</ele></trkpt>
      <trkpt lat="46.880803949782006" lon="9.326174320641574">
      <ele>2314.1</ele></trkpt>
      <trkpt lat="46.880877638477685" lon="9.326243846639274">
      <ele>2315.6</ele></trkpt>
      <trkpt lat="46.880929174096785" lon="9.326237572062876">
      <ele>2317.1</ele></trkpt>
      <trkpt lat="46.88099699907224" lon="9.326196201447242">
      <ele>2318.6</ele></trkpt>
      <trkpt lat="46.881067859097804" lon="9.326057027749108">
      <ele>2322.6</ele></trkpt>
      <trkpt lat="46.88115173089119" lon="9.325864336044983">
      <ele>2326.7</ele></trkpt>
      <trkpt lat="46.88121277001315" lon="9.3257352101857">
      <ele>2330.7</ele></trkpt>
      <trkpt lat="46.88125586187189" lon="9.325636411123222">
      <ele>2334.7</ele></trkpt>
      <trkpt lat="46.88128637489265" lon="9.325586696302244">
      <ele>2338.7</ele></trkpt>
      <trkpt lat="46.88128637489265" lon="9.325586696302244">
      <ele>2342.8</ele></trkpt>
      <trkpt lat="46.88165252150697" lon="9.325931334632964">
      <ele>2346.8</ele></trkpt>
      <trkpt lat="46.88201866706365" lon="9.32627597766014">
      <ele>2350.8</ele></trkpt>
      <trkpt lat="46.88234664704591" lon="9.326514713518744">
      <ele>2354.8</ele></trkpt>
      <trkpt lat="46.88267462651438" lon="9.326753452291065">
      <ele>2358.8</ele></trkpt>
      <trkpt lat="46.88300260546909" lon="9.326992193977159">
      <ele>2362.9</ele></trkpt>
      <trkpt lat="46.883312208900975" lon="9.327314747474631">
      <ele>2366.9</ele></trkpt>
      <trkpt lat="46.88362181140956" lon="9.327637304689157">
      <ele>2370.9</ele></trkpt>
      <trkpt lat="46.88393141299479" lon="9.327959865620798">
      <ele>2374.9</ele></trkpt>
      <trkpt lat="46.88424101365667" lon="9.328282430269603">
      <ele>2379.0</ele></trkpt>
      <trkpt lat="46.884589671168726" lon="9.328419358623613">
      <ele>2383.0</ele></trkpt>
      <trkpt lat="46.88493832849921" lon="9.328556288753221">
      <ele>2387.0</ele></trkpt>
      <trkpt lat="46.88528698564806" lon="9.32869322065845">
      <ele>2391.0</ele></trkpt>
      <trkpt lat="46.88563564261531" lon="9.328830154339334">
      <ele>2395.1</ele></trkpt>
      <trkpt lat="46.885984299400896" lon="9.328967089795904">
      <ele>2399.1</ele></trkpt>
      </trkseg>
  <trkseg>
      <trkpt lat="46.890002837739004" lon="9.328091191206964">
      <ele>2535.9</ele></trkpt>
    </trkseg>
    <trkseg>
      <trkpt lat="46.900994667407225" lon="9.325946647558602">
      <ele>3038.2</ele></trkpt>
    </trkseg>
    <trkseg>
      <trkpt lat="46.90099230761233" lon="9.321719445291983">
      <ele>2986.3</ele></trkpt>
    </trkseg>
    <trkseg>
      <trkpt lat="46.9013651580509" lon="9.317304619345874">
      <ele>3077.5</ele></trkpt>
    <trkpt lat="46.901664983786" lon="9.316876073889153">
      <ele>3065.8</ele></trkpt>
      <trkpt lat="46.9019648079019" lon="9.316447523647003">
      <ele>3054.2</ele></trkpt>
      <trkpt lat="46.90225632072202" lon="9.316068268668007">
      <ele>3042.5</ele></trkpt>
      <trkpt lat="46.90254783227173" lon="9.315689009571134">
      <ele>3030.8</ele></trkpt>
      <trkpt lat="46.90284815408179" lon="9.315221499917008">
      <ele>3019.2</ele></trkpt>
      <trkpt lat="46.903148473967406" lon="9.314753985033885">
      <ele>3007.5</ele></trkpt>
      <trkpt lat="46.903448791928604" lon="9.314286464921715">
      <ele>2995.9</ele></trkpt>
      <trkpt lat="46.90374910796529" lon="9.31381893958045">
      <ele>2984.2</ele></trkpt>
      <trkpt lat="46.90406726577679" lon="9.313459816584299">
      <ele>2972.5</ele></trkpt>
      <trkpt lat="46.904385422445316" lon="9.313100689331954">
      <ele>2960.9</ele></trkpt>
      <trkpt lat="46.90470357797079" lon="9.312741557823363">
      <ele>2949.2</ele></trkpt>
      <trkpt lat="46.90491128879063" lon="9.312172664390186">
      <ele>2937.6</ele></trkpt>
      <trkpt lat="46.905118996775094" lon="9.311603766557674">
      <ele>2925.9</ele></trkpt>
      <trkpt lat="46.90532670192417" lon="9.311034864325837">
      <ele>2914.2</ele></trkpt>
      <trkpt lat="46.905534404237784" lon="9.310465957694692">
      <ele>2902.6</ele></trkpt>
      <trkpt lat="46.90574210371593" lon="9.309897046664256">
      <ele>2890.9</ele></trkpt>
      </trkseg>
    <trkseg>
      <trkpt lat="46.905655215253105" lon="9.305298950987382">
      <ele>2840.4</ele></trkpt>
    <trkpt lat="46.905742707984274" lon="9.304715570495247">
      <ele>2834.1</ele></trkpt>
      <trkpt lat="46.90583019773992" lon="9.304132188104452">
      <ele>2827.8</ele></trkpt>
      <trkpt lat="46.90591768452005" lon="9.303548803815062">
      <ele>2821.5</ele></trkpt>
      <trkpt lat="46.90581307672373" lon="9.30306597329732">
      <ele>2815.2</ele></trkpt>
      <trkpt lat="46.90570846688868" lon="9.302583144662147">
      <ele>2809.0</ele></trkpt>
      <trkpt lat="46.905603855014846" lon="9.302100317909574">
      <ele>2802.7</ele></trkpt>
      <trkpt lat="46.90549924110226" lon="9.301617493039618">
      <ele>2796.4</ele></trkpt>
      <trkpt lat="46.90554030766117" lon="9.301093558002215">
      <ele>2790.1</ele></trkpt>
      <trkpt lat="46.90558137182082" lon="9.300569622165423">
      <ele>2783.8</ele></trkpt>
      <trkpt lat="46.9056224335812" lon="9.300045685529277">
      <ele>2780.0</ele></trkpt>
      <trkpt lat="46.9057452135198" lon="9.299570894881105">
      <ele>2776.2</ele></trkpt>
      <trkpt lat="46.9058679914859" lon="9.29909610206319">
      <ele>2772.4</ele></trkpt>
      <trkpt lat="46.90599076747947" lon="9.298621307075564">
      <ele>2768.6</ele></trkpt>
      <trkpt lat="46.90611354150053" lon="9.298146509918233">
      <ele>2764.8</ele></trkpt>
      <trkpt lat="46.90617157417348" lon="9.297551154490552">
      <ele>2760.9</ele></trkpt>
      <trkpt lat="46.90622960374834" lon="9.296955797778597">
      <ele>2757.1</ele></trkpt>
      <trkpt lat="46.90628763022508" lon="9.296360439782433">
      <ele>2753.3</ele></trkpt>
      <trkpt lat="46.90634565360372" lon="9.295765080502123">
      <ele>2749.5</ele></trkpt>
      <trkpt lat="46.906523440137015" lon="9.295228560435074">
      <ele>2745.7</ele></trkpt>
      <trkpt lat="46.90670122414964" lon="9.294692036817008">
      <ele>2741.9</ele></trkpt>
      <trkpt lat="46.906879005641535" lon="9.294155509647958">
      <ele>2738.1</ele></trkpt>
      <trkpt lat="46.9070567846127" lon="9.293618978927935">
      <ele>2734.3</ele></trkpt>
      <trkpt lat="46.907044386074986" lon="9.293051375850592">
      <ele>2730.5</ele></trkpt>
      <trkpt lat="46.9070319847219" lon="9.292483773037674">
      <ele>2726.7</ele></trkpt>
      <trkpt lat="46.90701958055347" lon="9.291916170489221">
      <ele>2722.8</ele></trkpt>
      <trkpt lat="46.90700717356969" lon="9.291348568205306">
      <ele>2719.0</ele></trkpt>
      <trkpt lat="46.906994763770555" lon="9.290780966185977">
      <ele>2715.2</ele></trkpt>
      <trkpt lat="46.90680605034094" lon="9.290209916910989">
      <ele>2711.4</ele></trkpt>
      <trkpt lat="46.90661733405658" lon="9.289638871651222">
      <ele>2707.6</ele></trkpt>
      </trkseg>
    <trkseg>
      <trkpt lat="46.90502155578639" lon="9.286885332397961">
      <ele>2793.9</ele></trkpt>
    <trkpt lat="46.9051337800633" lon="9.286302582256825">
      <ele>2777.8</ele></trkpt>
      <trkpt lat="46.90524600137033" lon="9.285719829682302">
      <ele>2761.8</ele></trkpt>
      <trkpt lat="46.90538321885435" lon="9.285290928238297">
      <ele>2745.7</ele></trkpt>
      <trkpt lat="46.90552043472768" lon="9.284862024603452">
      <ele>2729.6</ele></trkpt>
      <trkpt lat="46.90565764899034" lon="9.284433118777796">
      <ele>2713.6</ele></trkpt>
      <trkpt lat="46.90583655077721" lon="9.283940370854236">
      <ele>2697.5</ele></trkpt>
      <trkpt lat="46.90601545043706" lon="9.283447619648792">
      <ele>2681.4</ele></trkpt>
      <trkpt lat="46.906194347969894" lon="9.282954865161477">
      <ele>2665.3</ele></trkpt>
      <trkpt lat="46.90637324337567" lon="9.282462107392295">
      <ele>2649.3</ele></trkpt>
      <trkpt lat="46.906588002194106" lon="9.281977140793925">
      <ele>2633.2</ele></trkpt>
      <trkpt lat="46.906802758949816" lon="9.281492170317552">
      <ele>2617.1</ele></trkpt>
      <trkpt lat="46.907017513642764" lon="9.281007195963172">
      <ele>2601.1</ele></trkpt>
      <trkpt lat="46.90723226627293" lon="9.280522217730782">
      <ele>2585.0</ele></trkpt>
      </trkseg>
    <trkseg>
      <trkpt lat="46.907346545531745" lon="9.276912022616965">
      <ele>2500.7</ele></trkpt>
    <trkpt lat="46.90730147698731" lon="9.276586483817292">
      <ele>2499.9</ele></trkpt>
      <trkpt lat="46.907256407516535" lon="9.276260945564744">
      <ele>2499.2</ele></trkpt>
      <trkpt lat="46.90721961600338" lon="9.276195906881117">
      <ele>2498.4</ele></trkpt>
      <trkpt lat="46.907203286124464" lon="9.276176784159508">
      <ele>2497.6</ele></trkpt>
      <trkpt lat="46.907205126146216" lon="9.276203971630897">
      <ele>2496.9</ele></trkpt>
      <trkpt lat="46.90718750747624" lon="9.276183859561966">
      <ele>2496.1</ele></trkpt>
      <trkpt lat="46.90717987918326" lon="9.276151235738585">
      <ele>2495.3</ele></trkpt>
      <trkpt lat="46.90716880807722" lon="9.27610943520698">
      <ele>2494.6</ele></trkpt>
      <trkpt lat="46.90715575335533" lon="9.276069011074132">
      <ele>2493.8</ele></trkpt>
      <trkpt lat="46.90714315669876" lon="9.276040970147001">
      <ele>2493.0</ele></trkpt>
      <trkpt lat="46.9071283858338" lon="9.276026180850453">
      <ele>2492.3</ele></trkpt>
      <trkpt lat="46.90711803501034" lon="9.27600060619802">
      <ele>2491.5</ele></trkpt>
      <trkpt lat="46.907111801034596" lon="9.275961833218433">
      <ele>2490.0</ele></trkpt>
      <trkpt lat="46.907093750725785" lon="9.275929929800489">
      <ele>2488.5</ele></trkpt>
      <trkpt lat="46.90707247239127" lon="9.275901815374189">
      <ele>2487.0</ele></trkpt>
      <trkpt lat="46.907055491578504" lon="9.275869987944311">
      <ele>2485.4</ele></trkpt>
      <trkpt lat="46.90704563162588" lon="9.275851388498339">
      <ele>2483.9</ele></trkpt>
      <trkpt lat="46.9069991600291" lon="9.27581091202731">
      <ele>2482.4</ele></trkpt>
      <trkpt lat="46.906983950359944" lon="9.275809446869365">
      <ele>2480.9</ele></trkpt>
      <trkpt lat="46.90692690049037" lon="9.275760928482065">
      <ele>2479.4</ele></trkpt>
      <trkpt lat="46.90690435145061" lon="9.275741908529334">
      <ele>2477.9</ele></trkpt>
      <trkpt lat="46.90683023254059" lon="9.275719760596017">
      <ele>2476.3</ele></trkpt>
      <trkpt lat="46.906757549691015" lon="9.27571353466252">
      <ele>2474.8</ele></trkpt>
      <trkpt lat="46.90670487768264" lon="9.275708439064307">
      <ele>2473.3</ele></trkpt>
      <trkpt lat="46.90663597213314" lon="9.275695594015245">
      <ele>2471.8</ele></trkpt>
      <trkpt lat="46.9066068705978" lon="9.275698012891361">
      <ele>2470.3</ele></trkpt>
      <trkpt lat="46.906582136074434" lon="9.2756923886054">
      <ele>2468.8</ele></trkpt>
      <trkpt lat="46.90656377631184" lon="9.275676400333639">
      <ele>2467.3</ele></trkpt>
      <trkpt lat="46.90653549611284" lon="9.275662961368338">
      <ele>2465.7</ele></trkpt>
      <trkpt lat="46.906477045593036" lon="9.275649016438543">
      <ele>2464.2</ele></trkpt>
      <trkpt lat="46.906466449340684" lon="9.275640973917286">
      <ele>2462.7</ele></trkpt>
      <trkpt lat="46.9064534349579" lon="9.275643443728654">
      <ele>2461.2</ele></trkpt>
      <trkpt lat="46.90641259910964" lon="9.275639212259103">
      <ele>2459.8</ele></trkpt>
      <trkpt lat="46.90637731585517" lon="9.27562314456578">
      <ele>2458.4</ele></trkpt>
      <trkpt lat="46.90634489471747" lon="9.275621603274804">
      <ele>2457.0</ele></trkpt>
      <trkpt lat="46.90631480026178" lon="9.27561580899755">
      <ele>2455.7</ele></trkpt>
      <trkpt lat="46.90629735106157" lon="9.275607558557379">
      <ele>2454.3</ele></trkpt>
      <trkpt lat="46.90624743357485" lon="9.275606312078843">
      <ele>2452.9</ele></trkpt>
      <trkpt lat="46.90619469652878" lon="9.275603026182424">
      <ele>2451.5</ele></trkpt>
      <trkpt lat="46.90615308218065" lon="9.275599647785253">
      <ele>2450.1</ele></trkpt>
      <trkpt lat="46.90613136877711" lon="9.275582941137603">
      <ele>2448.7</ele></trkpt>
      <trkpt lat="46.90610284498326" lon="9.275582438955729">
      <ele>2447.3</ele></trkpt>
      <trkpt lat="46.906056125909096" lon="9.275559061723754">
      <ele>2446.0</ele></trkpt>
      <trkpt lat="46.9060340560273" lon="9.275547187444019">
      <ele>2444.6</ele></trkpt>
      <trkpt lat="46.90600160033468" lon="9.275542192172189">
      <ele>2443.2</ele></trkpt>
      <trkpt lat="46.90595661524645" lon="9.275535797193838">
      <ele>2441.8</ele></trkpt>
      <trkpt lat="46.90592996405048" lon="9.275543078715778">
      <ele>2440.4</ele></trkpt>
      <trkpt lat="46.9059122851702" lon="9.275560355843412">
      <ele>2439.0</ele></trkpt>
      <trkpt lat="46.90589228555189" lon="9.275615718783968">
      <ele>2437.7</ele></trkpt>
      <trkpt lat="46.90561128659357" lon="9.275679596359062">
      <ele>2436.3</ele></trkpt>
      <trkpt lat="46.9053959707474" lon="9.275745179919705">
      <ele>2434.9</ele></trkpt>
      <trkpt lat="46.90514313268864" lon="9.275924105581364">
      <ele>2433.5</ele></trkpt>
      <trkpt lat="46.90493702252066" lon="9.276083792056193">
      <ele>2431.3</ele></trkpt>
      <trkpt lat="46.90471312430364" lon="9.27612824499296">
      <ele>2429.0</ele></trkpt>
      <trkpt lat="46.9044892260616" lon="9.276172697558227">
      <ele>2426.8</ele></trkpt>
      <trkpt lat="46.904260724941714" lon="9.276170098090985">
      <ele>2424.6</ele></trkpt>
      <trkpt lat="46.9040769459573" lon="9.276273226484346">
      <ele>2422.3</ele></trkpt>
      <trkpt lat="46.90387722308688" lon="9.276480020821054">
      <ele>2420.1</ele></trkpt>
      <trkpt lat="46.90368953911226" lon="9.276603861433983">
      <ele>2417.9</ele></trkpt>
      <trkpt lat="46.90347796909545" lon="9.276659143317424">
      <ele>2415.6</ele></trkpt>
      <trkpt lat="46.90318555762951" lon="9.276633522285398">
      <ele>2413.4</ele></trkpt>
      <trkpt lat="46.9028973017585" lon="9.276571560983564">
      <ele>2411.2</ele></trkpt>
      <trkpt lat="46.90273031127171" lon="9.276518958288584">
      <ele>2408.9</ele></trkpt>
      <trkpt lat="46.90251973548078" lon="9.276511758539481">
      <ele>2406.7</ele></trkpt>
      <trkpt lat="46.90236526065337" lon="9.276569004879427">
      <ele>2404.4</ele></trkpt>
      <trkpt lat="46.90217301207565" lon="9.276755200183972">
      <ele>2402.2</ele></trkpt>
      <trkpt lat="46.90190971261643" lon="9.276918130635702">
      <ele>2400.0</ele></trkpt>
      <trkpt lat="46.901769518374415" lon="9.276975850413935">
      <ele>2397.7</ele></trkpt>
      <trkpt lat="46.9014580107334" lon="9.277027724152857">
      <ele>2395.5</ele></trkpt>
      <trkpt lat="46.90109321080095" lon="9.277062139782158">
      <ele>2393.3</ele></trkpt>
      <trkpt lat="46.90084346500226" lon="9.277048386907635">
      <ele>2391.0</ele></trkpt>
      <trkpt lat="46.90055637999333" lon="9.276913530256254">
      <ele>2388.8</ele></trkpt>
      </trkseg>
    <trkseg>
      <trkpt lat="46.897173524344005" lon="9.278660606477537">
      <ele>2347.9</ele></trkpt>
    <trkpt lat="46.89684762431234" lon="9.27879443704274">
      <ele>2336.5</ele></trkpt>
      <trkpt lat="46.896521724107984" lon="9.278928265982245">
      <ele>2325.0</ele></trkpt>
      <trkpt lat="46.8961958237309" lon="9.279062093296085">
      <ele>2313.6</ele></trkpt>
      <trkpt lat="46.89586992318117" lon="9.279195918984291">
      <ele>2302.1</ele></trkpt>
      <trkpt lat="46.89553782323091" lon="9.27945684856414">
      <ele>2290.7</ele></trkpt>
      <trkpt lat="46.895205722668685" lon="9.279717774916039">
      <ele>2279.2</ele></trkpt>
      <trkpt lat="46.894873621494526" lon="9.279978698040047">
      <ele>2267.8</ele></trkpt>
      <trkpt lat="46.89454151970846" lon="9.28023961793621">
      <ele>2256.4</ele></trkpt>
      <trkpt lat="46.89419299062118" lon="9.280625048828286">
      <ele>2244.9</ele></trkpt>
      <trkpt lat="46.89384446021674" lon="9.281010474717544">
      <ele>2233.5</ele></trkpt>
      <trkpt lat="46.89349592849523" lon="9.281395895604065">
      <ele>2222.0</ele></trkpt>
      <trkpt lat="46.89314739545668" lon="9.281781311487926">
      <ele>2210.6</ele></trkpt>
      </trkseg>
    <trkseg>
      <trkpt lat="46.89241488444611" lon="9.285064138014674">
      <ele>2112.5</ele></trkpt>
    <trkpt lat="46.89241488444611" lon="9.285064138014674">
      <ele>2112.1</ele></trkpt>
      <trkpt lat="46.89240642621169" lon="9.285095387969875">
      <ele>2111.7</ele></trkpt>
      <trkpt lat="46.89239240717536" lon="9.285117167244477">
      <ele>2111.3</ele></trkpt>
      <trkpt lat="46.892354585665686" lon="9.285135805810931">
      <ele>2110.9</ele></trkpt>
      <trkpt lat="46.89234313919514" lon="9.285135885198232">
      <ele>2110.6</ele></trkpt>
      <trkpt lat="46.89231767165771" lon="9.285137793107666">
      <ele>2110.2</ele></trkpt>
      <trkpt lat="46.89229651195352" lon="9.285148196733019">
      <ele>2109.8</ele></trkpt>
      <trkpt lat="46.89227489482934" lon="9.28514791368">
      <ele>2109.4</ele></trkpt>
      <trkpt lat="46.892247311275" lon="9.285162743057649">
      <ele>2109.0</ele></trkpt>
      <trkpt lat="46.89221250853841" lon="9.28519169678246">
      <ele>2108.6</ele></trkpt>
      <trkpt lat="46.892182606252774" lon="9.28519799373021">
      <ele>2108.2</ele></trkpt>
      <trkpt lat="46.892141023503896" lon="9.285218314285025">
      <ele>2107.8</ele></trkpt>
      <trkpt lat="46.89211256373082" lon="9.285231682829133">
      <ele>2107.5</ele></trkpt>
      <trkpt lat="46.89208556106177" lon="9.285253449138782">
      <ele>2107.1</ele></trkpt>
      <trkpt lat="46.89206270715159" lon="9.285273494124352">
      <ele>2106.7</ele></trkpt>
      <trkpt lat="46.892053695466565" lon="9.285281046686997">
      <ele>2106.3</ele></trkpt>
      <trkpt lat="46.892037271342126" lon="9.28527678121052">
      <ele>2105.9</ele></trkpt>
      <trkpt lat="46.89201916436925" lon="9.285277550571267">
      <ele>2105.8</ele></trkpt>
      <trkpt lat="46.89200104416354" lon="9.285279697638224">
      <ele>2105.7</ele></trkpt>
      <trkpt lat="46.89196586590387" lon="9.285257200061215">
      <ele>2105.6</ele></trkpt>
      <trkpt lat="46.89194723558335" lon="9.285251926924541">
      <ele>2105.5</ele></trkpt>
      <trkpt lat="46.891935754815364" lon="9.285255247064867">
      <ele>2105.4</ele></trkpt>
      <trkpt lat="46.89192222754914" lon="9.285267737142508">
      <ele>2105.3</ele></trkpt>
      <trkpt lat="46.89187372249715" lon="9.285330621432657">
      <ele>2105.2</ele></trkpt>
      <trkpt lat="46.89187193342132" lon="9.285352833639429">
      <ele>2105.1</ele></trkpt>
      <trkpt lat="46.89186516498782" lon="9.285388091998549">
      <ele>2105.0</ele></trkpt>
      <trkpt lat="46.89185466414442" lon="9.285417670134699">
      <ele>2104.9</ele></trkpt>
      <trkpt lat="46.891854159053" lon="9.285448969775361">
      <ele>2104.9</ele></trkpt>
      <trkpt lat="46.89184480015254" lon="9.285467443734289">
      <ele>2104.8</ele></trkpt>
      <trkpt lat="46.891833654582015" lon="9.285507421189841">
      <ele>2104.7</ele></trkpt>
      <trkpt lat="46.89182763716208" lon="9.285555239970636">
      <ele>2104.6</ele></trkpt>
      <trkpt lat="46.891813132576715" lon="9.28559650641077">
      <ele>2104.5</ele></trkpt>
      <trkpt lat="46.89179621122025" lon="9.28563977672576">
      <ele>2104.4</ele></trkpt>
      <trkpt lat="46.891778314167695" lon="9.285684404775335">
      <ele>2104.3</ele></trkpt>
      <trkpt lat="46.89176705098254" lon="9.285702117606181">
      <ele>2104.2</ele></trkpt>
      <trkpt lat="46.89174899169769" lon="9.285727248988467">
      <ele>2104.1</ele></trkpt>
      <trkpt lat="46.89173410041562" lon="9.28576292379341">
      <ele>2104.0</ele></trkpt>
      <trkpt lat="46.891719719194725" lon="9.285796542308997">
      <ele>2103.9</ele></trkpt>
      <trkpt lat="46.89171357312831" lon="9.28582277858382">
      <ele>2103.8</ele></trkpt>
      <trkpt lat="46.89170568276813" lon="9.285868445957261">
      <ele>2103.6</ele></trkpt>
      <trkpt lat="46.89169819268069" lon="9.28591830090809">
      <ele>2103.5</ele></trkpt>
      <trkpt lat="46.89169375084097" lon="9.285957130351868">
      <ele>2103.4</ele></trkpt>
      <trkpt lat="46.89168891114173" lon="9.28599106351777">
      <ele>2103.2</ele></trkpt>
      <trkpt lat="46.891621076931955" lon="9.286065187322372">
      <ele>2103.1</ele></trkpt>
      <trkpt lat="46.891570852089735" lon="9.286130347751504">
      <ele>2103.0</ele></trkpt>
      <trkpt lat="46.89147399067515" lon="9.286167143111136">
      <ele>2102.9</ele></trkpt>
      <trkpt lat="46.89143309276815" lon="9.286189061212504">
      <ele>2102.8</ele></trkpt>
      <trkpt lat="46.891352978329536" lon="9.28628090141897">
      <ele>2102.6</ele></trkpt>
      <trkpt lat="46.891269354759224" lon="9.286397256701239">
      <ele>2102.5</ele></trkpt>
      <trkpt lat="46.89124584019967" lon="9.286427555201824">
      <ele>2102.4</ele></trkpt>
      <trkpt lat="46.891206483249306" lon="9.28645211162995">
      <ele>2102.2</ele></trkpt>
      <trkpt lat="46.8911604369566" lon="9.286499761497979">
      <ele>2102.1</ele></trkpt>
      <trkpt lat="46.89111499156363" lon="9.28654808819489">
      <ele>2102.0</ele></trkpt>
      <trkpt lat="46.89108594301883" lon="9.286589549570259">
      <ele>2101.9</ele></trkpt>
      <trkpt lat="46.8910442292457" lon="9.28660403658571">
      <ele>2101.8</ele></trkpt>
      <trkpt lat="46.89100888270007" lon="9.286630423777748">
      <ele>2101.6</ele></trkpt>
      <trkpt lat="46.890947035579714" lon="9.286687584023714">
      <ele>2101.5</ele></trkpt>
      <trkpt lat="46.890878308024554" lon="9.286747907026204">
      <ele>2100.7</ele></trkpt>
      <trkpt lat="46.89082060271647" lon="9.28683274575801">
      <ele>2100.0</ele></trkpt>
      <trkpt lat="46.89075387601147" lon="9.286878371539611">
      <ele>2099.2</ele></trkpt>
      <trkpt lat="46.89068498635936" lon="9.28696543732476">
      <ele>2098.4</ele></trkpt>
      <trkpt lat="46.89062933201727" lon="9.287073695440597">
      <ele>2097.7</ele></trkpt>
      <trkpt lat="46.89061016223501" lon="9.287135248947076">
      <ele>2096.9</ele></trkpt>
      <trkpt lat="46.890591724458275" lon="9.28714368441777">
      <ele>2096.1</ele></trkpt>
      <trkpt lat="46.89054862883514" lon="9.287151245862686">
      <ele>2095.3</ele></trkpt>
      <trkpt lat="46.89051455722878" lon="9.287196733775758">
      <ele>2094.6</ele></trkpt>
      <trkpt lat="46.89047381987067" lon="9.287262729912383">
      <ele>2093.8</ele></trkpt>
      <trkpt lat="46.89044909542651" lon="9.287322792809977">
      <ele>2093.0</ele></trkpt>
      <trkpt lat="46.89041539681268" lon="9.287398100157045">
      <ele>2092.3</ele></trkpt>
      <trkpt lat="46.89039534331596" lon="9.287409078691887">
      <ele>2091.5</ele></trkpt>
      <trkpt lat="46.89037707613858" lon="9.287405838689697">
      <ele>2090.7</ele></trkpt>
      <trkpt lat="46.890349748118616" lon="9.287424323916868">
      <ele>2089.9</ele></trkpt>
      <trkpt lat="46.89024026516634" lon="9.287509953070154">
      <ele>2089.2</ele></trkpt>
      <trkpt lat="46.89018636427787" lon="9.287550860498895">
      <ele>2088.4</ele></trkpt>
      <trkpt lat="46.8901223730016" lon="9.287571956624378">
      <ele>2087.6</ele></trkpt>
      <trkpt lat="46.890010715670606" lon="9.287610050814585">
      <ele>2086.9</ele></trkpt>
      <trkpt lat="46.889957339143905" lon="9.287652472235715">
      <ele>2086.1</ele></trkpt>
      <trkpt lat="46.88991231546331" lon="9.287733137888166">
      <ele>2085.5</ele></trkpt>
      <trkpt lat="46.889874023625325" lon="9.287795332045961">
      <ele>2084.8</ele></trkpt>
      <trkpt lat="46.88983608486202" lon="9.287832889834833">
      <ele>2084.2</ele></trkpt>
      <trkpt lat="46.889771889410234" lon="9.287862719590315">
      <ele>2083.5</ele></trkpt>
      <trkpt lat="46.88972534896581" lon="9.287877433001581">
      <ele>2082.9</ele></trkpt>
      <trkpt lat="46.88962986874733" lon="9.287955667017258">
      <ele>2082.2</ele></trkpt>
      <trkpt lat="46.88958611705914" lon="9.288008275558902">
      <ele>2081.6</ele></trkpt>
      <trkpt lat="46.889564771134985" lon="9.288010140032771">
      <ele>2080.9</ele></trkpt>
      <trkpt lat="46.88954026995234" lon="9.28801015038214">
      <ele>2080.3</ele></trkpt>
      <trkpt lat="46.88951836962079" lon="9.288012914516386">
      <ele>2079.6</ele></trkpt>
      <trkpt lat="46.88949526383168" lon="9.288026241978013">
      <ele>2079.0</ele></trkpt>
      <trkpt lat="46.88947577558028" lon="9.288046781220855">
      <ele>2078.4</ele></trkpt>
      <trkpt lat="46.889462823878404" lon="9.288058712343506">
      <ele>2077.7</ele></trkpt>
      <trkpt lat="46.889388373603886" lon="9.288077794100575">
      <ele>2077.1</ele></trkpt>
      <trkpt lat="46.88930158451025" lon="9.288112082886704">
      <ele>2076.4</ele></trkpt>
      <trkpt lat="46.88920940956933" lon="9.288183434122487">
      <ele>2075.8</ele></trkpt>
      <trkpt lat="46.88914652154662" lon="9.2882208810185">
      <ele>2075.1</ele></trkpt>
      <trkpt lat="46.889113618063455" lon="9.28824584093529">
      <ele>2074.5</ele></trkpt>
      <trkpt lat="46.8890789586793" lon="9.288276449636403">
      <ele>2073.8</ele></trkpt>
      <trkpt lat="46.88906087973121" lon="9.288316120339012">
      <ele>2073.2</ele></trkpt>
      <trkpt lat="46.8890163837298" lon="9.288370789244745">
      <ele>2072.7</ele></trkpt>
      <trkpt lat="46.888988056621656" lon="9.288414333423125">
      <ele>2072.2</ele></trkpt>
      <trkpt lat="46.88895853821872" lon="9.288441955785887">
      <ele>2071.7</ele></trkpt>
      <trkpt lat="46.88891695524834" lon="9.28845111670703">
      <ele>2071.2</ele></trkpt>
      <trkpt lat="46.88887098519828" lon="9.288462265986762">
      <ele>2070.8</ele></trkpt>
      <trkpt lat="46.888851063591346" lon="9.288480663742321">
      <ele>2070.3</ele></trkpt>
      <trkpt lat="46.8888114258378" lon="9.288504748564455">
      <ele>2069.8</ele></trkpt>
      <trkpt lat="46.88878138489032" lon="9.288519608849326">
      <ele>2069.3</ele></trkpt>
      <trkpt lat="46.8887576760238" lon="9.288547417808378">
      <ele>2068.8</ele></trkpt>
      <trkpt lat="46.8887323046271" lon="9.288587900364341">
      <ele>2068.3</ele></trkpt>
      <trkpt lat="46.888709169996694" lon="9.288625270577686">
      <ele>2067.8</ele></trkpt>
      <trkpt lat="46.88868970258794" lon="9.288660653889643">
      <ele>2067.3</ele></trkpt>
      <trkpt lat="46.88866589104812" lon="9.288694811486781">
      <ele>2066.8</ele></trkpt>
      <trkpt lat="46.88864276435518" lon="9.288731131919086">
      <ele>2066.3</ele></trkpt>
      <trkpt lat="46.88862687868429" lon="9.288769814535934">
      <ele>2065.8</ele></trkpt>
      <trkpt lat="46.88860425791524" lon="9.288819919951614">
      <ele>2065.4</ele></trkpt>
      <trkpt lat="46.888570952349085" lon="9.288856939977725">
      <ele>2064.9</ele></trkpt>
      <trkpt lat="46.88854935993498" lon="9.288889073857368">
      <ele>2064.4</ele></trkpt>
      <trkpt lat="46.88852943825843" lon="9.288907471344437">
      <ele>2063.9</ele></trkpt>
      <trkpt lat="46.88850849696054" lon="9.288943853677731">
      <ele>2063.4</ele></trkpt>
      <trkpt lat="46.88848591094464" lon="9.288973997741287">
      <ele>2063.1</ele></trkpt>
      <trkpt lat="46.88843446312119" lon="9.289062930563453">
      <ele>2062.7</ele></trkpt>
      <trkpt lat="46.888388405868255" lon="9.289172391688084">
      <ele>2062.4</ele></trkpt>
      <trkpt lat="46.888345013917125" lon="9.289260026505065">
      <ele>2062.0</ele></trkpt>
      <trkpt lat="46.88828805209326" lon="9.28933660266167">
      <ele>2061.7</ele></trkpt>
      <trkpt lat="46.888245661539514" lon="9.289420728056948">
      <ele>2061.4</ele></trkpt>
      <trkpt lat="46.888223616989336" lon="9.289473018220637">
      <ele>2061.0</ele></trkpt>
      <trkpt lat="46.88820722417162" lon="9.28952690721256">
      <ele>2060.7</ele></trkpt>
      <trkpt lat="46.88816753064176" lon="9.289587803077072">
      <ele>2060.3</ele></trkpt>
      <trkpt lat="46.88814924939347" lon="9.289607687212772">
      <ele>2060.0</ele></trkpt>
      <trkpt lat="46.88812709457853" lon="9.289634525168875">
      <ele>2059.7</ele></trkpt>
      <trkpt lat="46.888115693186045" lon="9.289670198553369">
      <ele>2059.3</ele></trkpt>
      <trkpt lat="46.888105772186094" lon="9.289701683704179">
      <ele>2059.0</ele></trkpt>
      <trkpt lat="46.888046195110526" lon="9.289795847585347">
      <ele>2058.6</ele></trkpt>
      <trkpt lat="46.88798989088923" lon="9.289892932565404">
      <ele>2058.3</ele></trkpt>
      <trkpt lat="46.88795579835609" lon="9.289959664254543">
      <ele>2058.0</ele></trkpt>
      <trkpt lat="46.8879296718673" lon="9.290032326760512">
      <ele>2057.6</ele></trkpt>
      <trkpt lat="46.88790148089572" lon="9.29008298729642">
      <ele>2057.3</ele></trkpt>
      <trkpt lat="46.88788263773779" lon="9.290143156725067">
      <ele>2056.9</ele></trkpt>
      <trkpt lat="46.887860164336324" lon="9.290191901031271">
      <ele>2056.6</ele></trkpt>
      <trkpt lat="46.88782724503719" lon="9.290275642558159">
      <ele>2055.6</ele></trkpt>
      <trkpt lat="46.88781361107735" lon="9.290335282524289">
      <ele>2054.6</ele></trkpt>
      <trkpt lat="46.88776741988614" lon="9.290420692946292">
      <ele>2053.6</ele></trkpt>
      <trkpt lat="46.88773694915891" lon="9.29046431872129">
      <ele>2052.6</ele></trkpt>
      <trkpt lat="46.88769914799649" lon="9.290530567654274">
      <ele>2051.6</ele></trkpt>
      <trkpt lat="46.88762508782247" lon="9.290640045847745">
      <ele>2050.5</ele></trkpt>
      <trkpt lat="46.88758587159725" lon="9.290708660648995">
      <ele>2049.5</ele></trkpt>
      <trkpt lat="46.88752711749224" lon="9.29080362521233">
      <ele>2048.5</ele></trkpt>
      <trkpt lat="46.88748286255701" lon="9.290885571063347">
      <ele>2047.5</ele></trkpt>
      <trkpt lat="46.8874104459341" lon="9.290983542498607">
      <ele>2046.5</ele></trkpt>
      <trkpt lat="46.887368650177244" lon="9.291059194372849">
      <ele>2045.5</ele></trkpt>
      <trkpt lat="46.88732774106867" lon="9.291138433344843">
      <ele>2044.5</ele></trkpt>
      <trkpt lat="46.887290892595146" lon="9.291265859872476">
      <ele>2043.5</ele></trkpt>
      <trkpt lat="46.88725836473252" lon="9.29132203940134">
      <ele>2042.5</ele></trkpt>
      <trkpt lat="46.88721069028369" lon="9.291378418773595">
      <ele>2041.5</ele></trkpt>
      <trkpt lat="46.88716305247517" lon="9.291431977608818">
      <ele>2040.4</ele></trkpt>
      <trkpt lat="46.88712458668416" lon="9.291473108838812">
      <ele>2039.4</ele></trkpt>
      <trkpt lat="46.887091612227024" lon="9.291494624869795">
      <ele>2038.4</ele></trkpt>
      <trkpt lat="46.8870673233141" lon="9.291537648833312">
      <ele>2037.4</ele></trkpt>
      <trkpt lat="46.8870001516077" lon="9.291666194934823">
      <ele>2036.4</ele></trkpt>
      <trkpt lat="46.88691091386495" lon="9.29184772350775">
      <ele>2035.2</ele></trkpt>
      <trkpt lat="46.88689709831143" lon="9.291886855943588">
      <ele>2034.0</ele></trkpt>
      <trkpt lat="46.88685792380276" lon="9.291976180223708">
      <ele>2032.8</ele></trkpt>
      <trkpt lat="46.88682055308606" lon="9.292070238735851">
      <ele>2031.7</ele></trkpt>
      <trkpt lat="46.886793442961824" lon="9.292121328169241">
      <ele>2030.5</ele></trkpt>
      <trkpt lat="46.88678124664961" lon="9.292189363038922">
      <ele>2029.3</ele></trkpt>
      <trkpt lat="46.886779401526354" lon="9.292249945888392">
      <ele>2028.1</ele></trkpt>
      <trkpt lat="46.88680228560117" lon="9.292320883126806">
      <ele>2026.9</ele></trkpt>
      <trkpt lat="46.886836324647916" lon="9.292363633820209">
      <ele>2025.7</ele></trkpt>
      <trkpt lat="46.88690416169134" lon="9.292382364615593">
      <ele>2024.6</ele></trkpt>
      <trkpt lat="46.88696976006335" lon="9.292407094755085">
      <ele>2023.4</ele></trkpt>
      <trkpt lat="46.88703691096142" lon="9.292480398508117">
      <ele>2022.2</ele></trkpt>
      <trkpt lat="46.88707562222152" lon="9.292537996533333">
      <ele>2021.0</ele></trkpt>
      <trkpt lat="46.887095391843935" lon="9.292598445679312">
      <ele>2019.8</ele></trkpt>
      <trkpt lat="46.88711041443695" lon="9.29264921615421">
      <ele>2018.6</ele></trkpt>
      <trkpt lat="46.887101090077465" lon="9.292704357413006">
      <ele>2017.4</ele></trkpt>
      <trkpt lat="46.887096191649306" lon="9.292793432908514">
      <ele>2016.3</ele></trkpt>
      <trkpt lat="46.887100219168026" lon="9.292816972204873">
      <ele>2015.1</ele></trkpt>
      <trkpt lat="46.887125261537044" lon="9.292844648493185">
      <ele>2013.9</ele></trkpt>
      <trkpt lat="46.88718963389089" lon="9.292923933697441">
      <ele>2012.7</ele></trkpt>
      <trkpt lat="46.88724531195658" lon="9.293007250233789">
      <ele>2011.4</ele></trkpt>
      <trkpt lat="46.8872598942973" lon="9.293050196876981">
      <ele>2010.2</ele></trkpt>
      <trkpt lat="46.88727421581027" lon="9.293114789514924">
      <ele>2008.9</ele></trkpt>
      <trkpt lat="46.88729314264174" lon="9.29319946361022">
      <ele>2007.6</ele></trkpt>
      <trkpt lat="46.887294694635216" lon="9.29324805053576">
      <ele>2006.3</ele></trkpt>
      <trkpt lat="46.88727976147136" lon="9.29327339017042">
      <ele>2005.0</ele></trkpt>
      <trkpt lat="46.887240337120524" lon="9.293250375341083">
      <ele>2003.8</ele></trkpt>
      <trkpt lat="46.88717985078501" lon="9.293197262108727">
      <ele>2002.5</ele></trkpt>
      <trkpt lat="46.88712668888907" lon="9.293168563249882">
      <ele>2001.2</ele></trkpt>
      <trkpt lat="46.88709803253951" lon="9.293129593481632">
      <ele>2000.0</ele></trkpt>
      <trkpt lat="46.887074809599355" lon="9.293129566837122">
      <ele>1998.7</ele></trkpt>
      <trkpt lat="46.88705830225993" lon="9.293158211892687">
      <ele>1997.4</ele></trkpt>
      <trkpt lat="46.88708265074037" lon="9.29322370138715">
      <ele>1996.1</ele></trkpt>
      <trkpt lat="46.88711403633816" lon="9.293330774856637">
      <ele>1994.9</ele></trkpt>
      <trkpt lat="46.88713087887183" lon="9.293415796855582">
      <ele>1993.6</ele></trkpt>
      <trkpt lat="46.88715785313189" lon="9.293489146665923">
      <ele>1992.3</ele></trkpt>
      <trkpt lat="46.88718144817113" lon="9.293533939828613">
      <ele>1991.0</ele></trkpt>
      <trkpt lat="46.8871726510804" lon="9.293563743258897">
      <ele>1989.8</ele></trkpt>
      <trkpt lat="46.8870907173343" lon="9.293536518810624">
      <ele>1988.5</ele></trkpt>
      <trkpt lat="46.88705731603188" lon="9.293517176429283">
      <ele>1987.2</ele></trkpt>
      <trkpt lat="46.887046157633016" lon="9.29349004443546">
      <ele>1985.4</ele></trkpt>
      <trkpt lat="46.88702677310304" lon="9.29349190868735">
      <ele>1983.6</ele></trkpt>
      <trkpt lat="46.88699505023356" lon="9.293504463459195">
      <ele>1981.7</ele></trkpt>
      <trkpt lat="46.886934224986504" lon="9.293471155940143">
      <ele>1979.9</ele></trkpt>
      <trkpt lat="46.886861413387116" lon="9.293427933149415">
      <ele>1978.1</ele></trkpt>
      <trkpt lat="46.886758431488445" lon="9.293369758207195">
      <ele>1976.3</ele></trkpt>
      <trkpt lat="46.88662632379219" lon="9.293301024516081">
      <ele>1974.5</ele></trkpt>
      <trkpt lat="46.886515198918495" lon="9.293233959835653">
      <ele>1972.6</ele></trkpt>
      <trkpt lat="46.88640941950044" lon="9.293177395275668">
      <ele>1970.8</ele></trkpt>
      <trkpt lat="46.886354923451044" lon="9.293163284089944">
      <ele>1969.0</ele></trkpt>
      <trkpt lat="46.88631743805868" lon="9.293189407207176">
      <ele>1967.2</ele></trkpt>
      <trkpt lat="46.88630992367766" lon="9.293208912752197">
      <ele>1965.4</ele></trkpt>
      <trkpt lat="46.88632674349256" lon="9.293294785713092">
      <ele>1963.5</ele></trkpt>
      <trkpt lat="46.88637202522374" lon="9.293413295611492">
      <ele>1961.7</ele></trkpt>
      <trkpt lat="46.886379913671746" lon="9.293490618760766">
      <ele>1959.9</ele></trkpt>
      <trkpt lat="46.88640532876734" lon="9.293556905574606">
      <ele>1958.1</ele></trkpt>
      <trkpt lat="46.886417114657874" lon="9.293579741105956">
      <ele>1956.3</ele></trkpt>
      <trkpt lat="46.88641607878463" lon="9.293608118861602">
      <ele>1954.4</ele></trkpt>
      <trkpt lat="46.88640325617459" lon="9.293613713539818">
      <ele>1952.6</ele></trkpt>
      <trkpt lat="46.8863873068387" lon="9.293609593572306">
      <ele>1950.8</ele></trkpt>
      <trkpt lat="46.886280165320194" lon="9.293512730160872">
      <ele>1949.4</ele></trkpt>
      <trkpt lat="46.886226526595166" lon="9.293489028373907">
      <ele>1948.1</ele></trkpt>
      <trkpt lat="46.88619892319029" lon="9.293467261546915">
      <ele>1946.7</ele></trkpt>
      <trkpt lat="46.886144506443955" lon="9.293414397839324">
      <ele>1945.3</ele></trkpt>
      <trkpt lat="46.886123353348" lon="9.293386593466046">
      <ele>1944.0</ele></trkpt>
      <trkpt lat="46.886107708215405" lon="9.293354267613518">
      <ele>1942.6</ele></trkpt>
      <trkpt lat="46.88609602351542" lon="9.293310752433037">
      <ele>1941.2</ele></trkpt>
      <trkpt lat="46.886049836971665" lon="9.293255836807425">
      <ele>1939.9</ele></trkpt>
      <trkpt lat="46.885994748756424" lon="9.293174445171708">
      <ele>1938.5</ele></trkpt>
      <trkpt lat="46.88596739737582" lon="9.293133237670158">
      <ele>1937.2</ele></trkpt>
      <trkpt lat="46.885890238632356" lon="9.293043998215719">
      <ele>1935.8</ele></trkpt>
      <trkpt lat="46.885867136063446" lon="9.293037098847671">
      <ele>1934.4</ele></trkpt>
      <trkpt lat="46.88585706504589" lon="9.293044468357316">
      <ele>1933.1</ele></trkpt>
      <trkpt lat="46.885869572555904" lon="9.293123275523856">
      <ele>1931.7</ele></trkpt>
      <trkpt lat="46.88586886250589" lon="9.293232599196426">
      <ele>1930.3</ele></trkpt>
      <trkpt lat="46.88585876443471" lon="9.293274391666623">
      <ele>1929.0</ele></trkpt>
      <trkpt lat="46.88585333273185" lon="9.293368026903785">
      <ele>1927.6</ele></trkpt>
      <trkpt lat="46.88585745994961" lon="9.293419824849938">
      <ele>1926.2</ele></trkpt>
      <trkpt lat="46.88584967611221" lon="9.293489257249197">
      <ele>1924.9</ele></trkpt>
      <trkpt lat="46.88583465653668" lon="9.293560999168513">
      <ele>1923.5</ele></trkpt>
      <trkpt lat="46.88581726672768" lon="9.293608550732161">
      <ele>1922.3</ele></trkpt>
      <trkpt lat="46.88580455550806" lon="9.293608939016188">
      <ele>1921.1</ele></trkpt>
      <trkpt lat="46.88578053326975" lon="9.293589946861022">
      <ele>1920.0</ele></trkpt>
      <trkpt lat="46.88577498858925" lon="9.293557877728336">
      <ele>1918.8</ele></trkpt>
      <trkpt lat="46.885774653557334" lon="9.293511381466642">
      <ele>1917.6</ele></trkpt>
      <trkpt lat="46.88575079754889" lon="9.293416631105739">
      <ele>1916.4</ele></trkpt>
      <trkpt lat="46.885706329529754" lon="9.293230707228474">
      <ele>1915.2</ele></trkpt>
      <trkpt lat="46.88567743076164" lon="9.293140074690562">
      <ele>1914.1</ele></trkpt>
      <trkpt lat="46.8856459344619" lon="9.29307258183783">
      <ele>1912.9</ele></trkpt>
      <trkpt lat="46.88556447251252" lon="9.29288353243519">
      <ele>1911.7</ele></trkpt>
      <trkpt lat="46.88555117555295" lon="9.292818452297404">
      <ele>1910.5</ele></trkpt>
      <trkpt lat="46.885526631520115" lon="9.292765018884786">
      <ele>1909.3</ele></trkpt>
      <trkpt lat="46.88550359885542" lon="9.292753804368022">
      <ele>1908.2</ele></trkpt>
      <trkpt lat="46.88549076749224" lon="9.292761052448705">
      <ele>1907.0</ele></trkpt>
      <trkpt lat="46.885486233671614" lon="9.292900362567169">
      <ele>1905.8</ele></trkpt>
      <trkpt lat="46.885482116864786" lon="9.292948411132047">
      <ele>1904.6</ele></trkpt>
      <trkpt lat="46.88546947561551" lon="9.292962805056797">
      <ele>1903.4</ele></trkpt>
      <trkpt lat="46.885466913893225" lon="9.2930326008425">
      <ele>1902.3</ele></trkpt>
      <trkpt lat="46.885463540514365" lon="9.293108615549151">
      <ele>1901.1</ele></trkpt>
      <trkpt lat="46.88545764494941" lon="9.293163702695832">
      <ele>1899.9</ele></trkpt>
      <trkpt lat="46.885472333979266" lon="9.29322782029579">
      <ele>1899.2</ele></trkpt>
      <trkpt lat="46.88547147236508" lon="9.293280981267955">
      <ele>1898.6</ele></trkpt>
      <trkpt lat="46.8854521666109" lon="9.293325172441298">
      <ele>1897.9</ele></trkpt>
      <trkpt lat="46.88545213358813" lon="9.293371065154323">
      <ele>1897.3</ele></trkpt>
      <trkpt lat="46.88543029008897" lon="9.293439145875118">
      <ele>1896.6</ele></trkpt>
      <trkpt lat="46.88543623886426" lon="9.293469601380123">
      <ele>1895.9</ele></trkpt>
      <trkpt lat="46.88543511398798" lon="9.293494589614633">
      <ele>1895.3</ele></trkpt>
      <trkpt lat="46.88542090977647" lon="9.29353268350979">
      <ele>1894.6</ele></trkpt>
      <trkpt lat="46.8854190066293" lon="9.293561831370948">
      <ele>1894.0</ele></trkpt>
      <trkpt lat="46.88541256067419" lon="9.2936064529217">
      <ele>1893.3</ele></trkpt>
      <trkpt lat="46.88541825594817" lon="9.293652543226306">
      <ele>1892.6</ele></trkpt>
      <trkpt lat="46.88543270739324" lon="9.293687452326871">
      <ele>1892.0</ele></trkpt>
      <trkpt lat="46.88545042467658" lon="9.2937412542478">
      <ele>1891.3</ele></trkpt>
      <trkpt lat="46.88546563692237" lon="9.293773079306261">
      <ele>1890.7</ele></trkpt>
      <trkpt lat="46.88548358282732" lon="9.293813332305122">
      <ele>1890.0</ele></trkpt>
      <trkpt lat="46.88548756829733" lon="9.293832236830562">
      <ele>1889.3</ele></trkpt>
      <trkpt lat="46.88548157411665" lon="9.293866191234338">
      <ele>1888.7</ele></trkpt>
      <trkpt lat="46.88549198044606" lon="9.293912509798979">
      <ele>1888.0</ele></trkpt>
      <trkpt lat="46.88550297140784" lon="9.293936643097195">
      <ele>1887.4</ele></trkpt>
      <trkpt lat="46.88550479673398" lon="9.293956142417251">
      <ele>1886.7</ele></trkpt>
      <trkpt lat="46.88548761879811" lon="9.293967308609671">
      <ele>1886.4</ele></trkpt>
      <trkpt lat="46.88547685506356" lon="9.293955243912128">
      <ele>1886.1</ele></trkpt>
      <trkpt lat="46.88546009878634" lon="9.29396704146613">
      <ele>1885.8</ele></trkpt>
      <trkpt lat="46.88541907496483" lon="9.293998842205584">
      <ele>1885.5</ele></trkpt>
      <trkpt lat="46.8853695896273" lon="9.294007554949681">
      <ele>1885.2</ele></trkpt>
      <trkpt lat="46.885305222344215" lon="9.294008470484426">
      <ele>1885.0</ele></trkpt>
      <trkpt lat="46.8852801537782" lon="9.294010728924945">
      <ele>1884.7</ele></trkpt>
      <trkpt lat="46.885237090264525" lon="9.294020713124697">
      <ele>1884.4</ele></trkpt>
      <trkpt lat="46.88516138559305" lon="9.294014977424883">
      <ele>1884.1</ele></trkpt>
      <trkpt lat="46.88510213676015" lon="9.29400875966477">
      <ele>1883.8</ele></trkpt>
      <trkpt lat="46.88506623032454" lon="9.294017954022321">
      <ele>1883.5</ele></trkpt>
      <trkpt lat="46.88504095886518" lon="9.294032725438496">
      <ele>1883.2</ele></trkpt>
      <trkpt lat="46.88501080565941" lon="9.294040031627583">
      <ele>1882.9</ele></trkpt>
      <trkpt lat="46.8849617015795" lon="9.294069624044488">
      <ele>1882.6</ele></trkpt>
      <trkpt lat="46.88490872300086" lon="9.294117862650396">
      <ele>1882.4</ele></trkpt>
      <trkpt lat="46.88487599009049" lon="9.294152193195735">
      <ele>1882.1</ele></trkpt>
      <trkpt lat="46.88483284258155" lon="9.29421119106761">
      <ele>1881.8</ele></trkpt>
      <trkpt lat="46.88478183512824" lon="9.29426993072035">
      <ele>1881.5</ele></trkpt>
      <trkpt lat="46.884731622733455" lon="9.29432347450594">
      <ele>1881.2</ele></trkpt>
      <trkpt lat="46.88470043809565" lon="9.29435054840434">
      <ele>1880.9</ele></trkpt>
      <trkpt lat="46.88462136661728" lon="9.294375982715186">
      <ele>1880.5</ele></trkpt>
      <trkpt lat="46.88459924219759" lon="9.294373132505628">
      <ele>1880.1</ele></trkpt>
      <trkpt lat="46.88457260848042" lon="9.29438368331863">
      <ele>1879.7</ele></trkpt>
      <trkpt lat="46.88453655891138" lon="9.294402255740367">
      <ele>1879.3</ele></trkpt>
      <trkpt lat="46.88445023668103" lon="9.29443369957995">
      <ele>1878.9</ele></trkpt>
      <trkpt lat="46.88438117415971" lon="9.294459479095137">
      <ele>1878.4</ele></trkpt>
      <trkpt lat="46.8843516639202" lon="9.294470967300706">
      <ele>1878.0</ele></trkpt>
      <trkpt lat="46.884304573705016" lon="9.29450897501895">
      <ele>1877.6</ele></trkpt>
      <trkpt lat="46.884265418640744" lon="9.29454204652689">
      <ele>1877.2</ele></trkpt>
      <trkpt lat="46.8842155441577" lon="9.294574747999608">
      <ele>1876.8</ele></trkpt>
      <trkpt lat="46.884142488956485" lon="9.294626452608416">
      <ele>1876.4</ele></trkpt>
      <trkpt lat="46.88411432388037" lon="9.294643210238094">
      <ele>1876.0</ele></trkpt>
      <trkpt lat="46.88406695399372" lon="9.29469790100798">
      <ele>1875.6</ele></trkpt>
      <trkpt lat="46.884018738547994" lon="9.294760895875038">
      <ele>1875.2</ele></trkpt>
      <trkpt lat="46.883983898985065" lon="9.294793066121017">
      <ele>1874.8</ele></trkpt>
      <trkpt lat="46.88394100454783" lon="9.294836441258553">
      <ele>1874.3</ele></trkpt>
      <trkpt lat="46.88392106344851" lon="9.294875385584692">
      <ele>1873.9</ele></trkpt>
      <trkpt lat="46.8838885332942" lon="9.294897202318536">
      <ele>1873.5</ele></trkpt>
      <trkpt lat="46.88385730547935" lon="9.294926373716144">
      <ele>1873.1</ele></trkpt>
      <trkpt lat="46.88382585003524" lon="9.294970130428602">
      <ele>1872.7</ele></trkpt>
      <trkpt lat="46.88378280338565" lon="9.295022883259149">
      <ele>1872.0</ele></trkpt>
      <trkpt lat="46.883731812531224" lon="9.295080571711154">
      <ele>1871.2</ele></trkpt>
      <trkpt lat="46.883695314207" lon="9.295126240738716">
      <ele>1870.5</ele></trkpt>
      <trkpt lat="46.883677792973536" lon="9.295148575427792">
      <ele>1869.8</ele></trkpt>
      <trkpt lat="46.88366360501926" lon="9.295185631475468">
      <ele>1869.0</ele></trkpt>
      <trkpt lat="46.88363570258835" lon="9.295230560425544">
      <ele>1868.3</ele></trkpt>
      <trkpt lat="46.88357900923812" lon="9.295287001761201">
      <ele>1867.6</ele></trkpt>
      <trkpt lat="46.883529870773394" lon="9.295318690803656">
      <ele>1866.8</ele></trkpt>
      <trkpt lat="46.88349657045666" lon="9.29534360386723">
      <ele>1866.1</ele></trkpt>
      <trkpt lat="46.88347026680463" lon="9.295378167902008">
      <ele>1865.3</ele></trkpt>
      <trkpt lat="46.883435900823336" lon="9.295424946881136">
      <ele>1864.6</ele></trkpt>
      <trkpt lat="46.88341104402752" lon="9.29545851093712">
      <ele>1863.9</ele></trkpt>
      <trkpt lat="46.88338058636002" lon="9.295484571884762">
      <ele>1863.1</ele></trkpt>
      <trkpt lat="46.883365079279294" lon="9.29549645101403">
      <ele>1862.4</ele></trkpt>
      <trkpt lat="46.88329566009413" lon="9.2955364288241">
      <ele>1861.7</ele></trkpt>
      <trkpt lat="46.88320925750974" lon="9.295555059068503">
      <ele>1860.9</ele></trkpt>
      <trkpt lat="46.88306788852069" lon="9.29584359889828">
      <ele>1860.2</ele></trkpt>
      <trkpt lat="46.88296752791207" lon="9.296066363127897">
      <ele>1859.5</ele></trkpt>
      <trkpt lat="46.88270594106696" lon="9.296570257521623">
      <ele>1858.7</ele></trkpt>
      <trkpt lat="46.88262778096596" lon="9.296748983831112">
      <ele>1858.0</ele></trkpt>
      <trkpt lat="46.88254067550563" lon="9.296911718411017">
      <ele>1858.1</ele></trkpt>
      <trkpt lat="46.882481522863074" lon="9.297055261518937">
      <ele>1858.2</ele></trkpt>
      <trkpt lat="46.882434206949796" lon="9.297132036508687">
      <ele>1858.2</ele></trkpt>
      <trkpt lat="46.88237169667715" lon="9.297293375995324">
      <ele>1858.3</ele></trkpt>
      <trkpt lat="46.88217413702961" lon="9.297826361730836">
      <ele>1858.4</ele></trkpt>
      <trkpt lat="46.882050343080834" lon="9.29817806827766">
      <ele>1858.5</ele></trkpt>
      <trkpt lat="46.882020490867944" lon="9.298264828547888">
      <ele>1858.5</ele></trkpt>
      <trkpt lat="46.88196938172106" lon="9.298352940111611">
      <ele>1858.6</ele></trkpt>
      <trkpt lat="46.881895862301086" lon="9.298455787728367">
      <ele>1858.7</ele></trkpt>
      <trkpt lat="46.88181586071132" lon="9.298567715003479">
      <ele>1858.8</ele></trkpt>
      <trkpt lat="46.88174179295749" lon="9.298701513100387">
      <ele>1858.8</ele></trkpt>
      <trkpt lat="46.881694312409905" lon="9.298763437947011">
      <ele>1858.9</ele></trkpt>
      <trkpt lat="46.88162298406516" lon="9.29880288498826">
      <ele>1859.0</ele></trkpt>
      <trkpt lat="46.88144485533048" lon="9.2988620090883">
      <ele>1859.0</ele></trkpt>
      <trkpt lat="46.881276499721444" lon="9.298904437526113">
      <ele>1859.1</ele></trkpt>
      <trkpt lat="46.881158495227965" lon="9.298902087444969">
      <ele>1859.2</ele></trkpt>
      <trkpt lat="46.88097674982704" lon="9.298868203063147">
      <ele>1859.3</ele></trkpt>
      <trkpt lat="46.88086152565765" lon="9.29882877270561">
      <ele>1859.3</ele></trkpt>
      <trkpt lat="46.8807684311139" lon="9.29878854642775">
      <ele>1859.4</ele></trkpt>
      <trkpt lat="46.880614190568814" lon="9.298690552161322">
      <ele>1859.5</ele></trkpt>
      <trkpt lat="46.880569230926135" lon="9.298670467888199">
      <ele>1859.5</ele></trkpt>
      <trkpt lat="46.8805166341585" lon="9.298664095049578">
      <ele>1859.4</ele></trkpt>
      <trkpt lat="46.880432848689395" lon="9.298693832802952">
      <ele>1859.4</ele></trkpt>
      <trkpt lat="46.88028067924427" lon="9.298773957633122">
      <ele>1859.4</ele></trkpt>
      <trkpt lat="46.880206692262384" lon="9.298785439423803">
      <ele>1859.3</ele></trkpt>
      <trkpt lat="46.88015036337748" lon="9.298818239319052">
      <ele>1859.3</ele></trkpt>
      <trkpt lat="46.88008426400481" lon="9.298847092474354">
      <ele>1859.3</ele></trkpt>
      <trkpt lat="46.8800218680015" lon="9.29888336976538">
      <ele>1859.3</ele></trkpt>
      <trkpt lat="46.87998016034141" lon="9.298907883198666">
      <ele>1859.2</ele></trkpt>
      <trkpt lat="46.87995980125688" lon="9.298928725982044">
      <ele>1859.2</ele></trkpt>
      <trkpt lat="46.87989714027937" lon="9.29905766462879">
      <ele>1859.2</ele></trkpt>
      <trkpt lat="46.8798548846805" lon="9.29910535937777">
      <ele>1859.1</ele></trkpt>
      <trkpt lat="46.879758611285055" lon="9.299187035568274">
      <ele>1859.1</ele></trkpt>
      <trkpt lat="46.87971598710505" lon="9.29923415307836">
      <ele>1859.1</ele></trkpt>
      <trkpt lat="46.879668245980135" lon="9.299273902396774">
      <ele>1859.1</ele></trkpt>
      <trkpt lat="46.87961224155691" lon="9.299293380348736">
      <ele>1859.0</ele></trkpt>
      <trkpt lat="46.87957584948357" lon="9.29930252719971">
      <ele>1859.0</ele></trkpt>
      <trkpt lat="46.87951106818814" lon="9.299333314680261">
      <ele>1859.0</ele></trkpt>
      <trkpt lat="46.87943876951469" lon="9.299366571417444">
      <ele>1858.9</ele></trkpt>
      <trkpt lat="46.87940276423372" lon="9.299374065037968">
      <ele>1858.9</ele></trkpt>
      <trkpt lat="46.87938060645244" lon="9.299404253887614">
      <ele>1858.0</ele></trkpt>
      <trkpt lat="46.879362162718074" lon="9.299435122367134">
      <ele>1857.0</ele></trkpt>
      <trkpt lat="46.8793322514836" lon="9.299549235601145">
      <ele>1856.1</ele></trkpt>
      <trkpt lat="46.87928141449798" lon="9.299686375885758">
      <ele>1855.1</ele></trkpt>
      <trkpt lat="46.879246898394584" lon="9.299831324289233">
      <ele>1854.2</ele></trkpt>
      <trkpt lat="46.87924750855906" lon="9.29988508118024">
      <ele>1853.2</ele></trkpt>
      <trkpt lat="46.8792626851162" lon="9.299962135673807">
      <ele>1852.3</ele></trkpt>
      <trkpt lat="46.87926137118215" lon="9.299996995493625">
      <ele>1851.3</ele></trkpt>
      <trkpt lat="46.8792538171156" lon="9.30002439581081">
      <ele>1850.4</ele></trkpt>
      <trkpt lat="46.879235426981985" lon="9.300051959049647">
      <ele>1849.5</ele></trkpt>
      <trkpt lat="46.87917323461059" lon="9.300106665099412">
      <ele>1848.5</ele></trkpt>
      <trkpt lat="46.87912338884777" lon="9.300161273528511">
      <ele>1847.6</ele></trkpt>
      <trkpt lat="46.87911976367819" lon="9.300199373178586">
      <ele>1846.6</ele></trkpt>
      <trkpt lat="46.87913025505302" lon="9.300288967740432">
      <ele>1845.7</ele></trkpt>
      <trkpt lat="46.87915826009453" lon="9.300472323662019">
      <ele>1844.7</ele></trkpt>
      <trkpt lat="46.8791955735291" lon="9.300612252415325">
      <ele>1843.8</ele></trkpt>
      <trkpt lat="46.87921037229816" lon="9.300688716595193">
      <ele>1842.8</ele></trkpt>
      <trkpt lat="46.87922578037015" lon="9.300820066201325">
      <ele>1841.9</ele></trkpt>
      <trkpt lat="46.87923693471095" lon="9.300960113000237">
      <ele>1840.9</ele></trkpt>
      <trkpt lat="46.879248057974706" lon="9.301018590608082">
      <ele>1840.0</ele></trkpt>
      <trkpt lat="46.879289634895706" lon="9.301178469222016">
      <ele>1838.4</ele></trkpt>
      <trkpt lat="46.87930723459247" lon="9.301260830781251">
      <ele>1836.8</ele></trkpt>
      <trkpt lat="46.87931495931533" lon="9.301357271761864">
      <ele>1835.2</ele></trkpt>
      <trkpt lat="46.879322191595094" lon="9.301621556354517">
      <ele>1833.6</ele></trkpt>
      <trkpt lat="46.87934101437618" lon="9.301779085772608">
      <ele>1832.0</ele></trkpt>
      <trkpt lat="46.87933650728125" lon="9.30191385329743">
      <ele>1830.4</ele></trkpt>
      <trkpt lat="46.87934548583583" lon="9.301980786422469">
      <ele>1828.8</ele></trkpt>
      <trkpt lat="46.8793468102714" lon="9.302038137494419">
      <ele>1827.2</ele></trkpt>
      <trkpt lat="46.879342143146665" lon="9.30222911550252">
      <ele>1825.6</ele></trkpt>
      <trkpt lat="46.87932488437666" lon="9.302541261604485">
      <ele>1824.0</ele></trkpt>
      <trkpt lat="46.879308507566854" lon="9.302617525123232">
      <ele>1822.5</ele></trkpt>
      <trkpt lat="46.87926953987298" lon="9.302733933985998">
      <ele>1820.9</ele></trkpt>
      <trkpt lat="46.87920691569248" lon="9.30290894032957">
      <ele>1819.3</ele></trkpt>
      <trkpt lat="46.8791522739452" lon="9.303073908921597">
      <ele>1817.7</ele></trkpt>
      <trkpt lat="46.87912960420339" lon="9.303164716414065">
      <ele>1816.1</ele></trkpt>
      <trkpt lat="46.87910590028393" lon="9.303257692514352">
      <ele>1814.5</ele></trkpt>
      <trkpt lat="46.87906187288474" lon="9.303405707153845">
      <ele>1812.9</ele></trkpt>
      <trkpt lat="46.87904192287554" lon="9.303461021127912">
      <ele>1811.3</ele></trkpt>
      <trkpt lat="46.87895689791959" lon="9.303620814583148">
      <ele>1809.7</ele></trkpt>
      <trkpt lat="46.878842102365894" lon="9.303796948787788">
      <ele>1808.1</ele></trkpt>
      <trkpt lat="46.87878810177861" lon="9.30389215381815">
      <ele>1807.3</ele></trkpt>
      <trkpt lat="46.87875982274025" lon="9.30395720378179">
      <ele>1806.5</ele></trkpt>
      <trkpt lat="46.87872245300227" lon="9.30406878451346">
      <ele>1805.8</ele></trkpt>
      <trkpt lat="46.878687388987494" lon="9.304162008433345">
      <ele>1805.0</ele></trkpt>
      <trkpt lat="46.87866813399498" lon="9.304183503801653">
      <ele>1804.2</ele></trkpt>
      <trkpt lat="46.878643777289874" lon="9.304193405890615">
      <ele>1803.4</ele></trkpt>
      <trkpt lat="46.87861351579555" lon="9.304194613093134">
      <ele>1802.7</ele></trkpt>
      <trkpt lat="46.878597307605276" lon="9.304183763047584">
      <ele>1801.9</ele></trkpt>
      <trkpt lat="46.878583198364765" lon="9.304152344690243">
      <ele>1801.1</ele></trkpt>
      <trkpt lat="46.87858470400491" lon="9.304121809202993">
      <ele>1800.3</ele></trkpt>
      <trkpt lat="46.8785983270475" lon="9.30407543571766">
      <ele>1799.6</ele></trkpt>
      <trkpt lat="46.87862507463936" lon="9.304012156866335">
      <ele>1798.8</ele></trkpt>
      <trkpt lat="46.87864801586981" lon="9.303919640974547">
      <ele>1798.0</ele></trkpt>
      <trkpt lat="46.87868184762424" lon="9.303824169707582">
      <ele>1797.2</ele></trkpt>
      <trkpt lat="46.87874152951582" lon="9.303688994845963">
      <ele>1796.5</ele></trkpt>
      <trkpt lat="46.87876884380998" lon="9.303606944322667">
      <ele>1795.7</ele></trkpt>
      <trkpt lat="46.87877647156723" lon="9.30355630788523">
      <ele>1794.9</ele></trkpt>
      <trkpt lat="46.87878089268826" lon="9.303456194555555">
      <ele>1794.1</ele></trkpt>
      <trkpt lat="46.8787864517041" lon="9.303408819387176">
      <ele>1793.4</ele></trkpt>
      <trkpt lat="46.87880963548409" lon="9.303301942582966">
      <ele>1792.6</ele></trkpt>
      <trkpt lat="46.87882546850713" lon="9.303212145244508">
      <ele>1791.5</ele></trkpt>
      <trkpt lat="46.87884595545552" lon="9.303038842041763">
      <ele>1790.5</ele></trkpt>
      <trkpt lat="46.87885859137478" lon="9.30288294215915">
      <ele>1789.4</ele></trkpt>
      <trkpt lat="46.87885703705619" lon="9.302788920161326">
      <ele>1788.4</ele></trkpt>
      <trkpt lat="46.87885303235228" lon="9.302707777970536">
      <ele>1787.3</ele></trkpt>
      <trkpt lat="46.878841451510816" lon="9.30255593321466">
      <ele>1786.3</ele></trkpt>
      <trkpt lat="46.878819105985" lon="9.302412008675809">
      <ele>1785.2</ele></trkpt>
      <trkpt lat="46.878796543665814" lon="9.302281382649227">
      <ele>1784.2</ele></trkpt>
      <trkpt lat="46.87878400090578" lon="9.302118954595036">
      <ele>1783.1</ele></trkpt>
      <trkpt lat="46.87876917966352" lon="9.30200249340821">
      <ele>1782.1</ele></trkpt>
      <trkpt lat="46.87875054564514" lon="9.301887540455477">
      <ele>1781.0</ele></trkpt>
      <trkpt lat="46.87874796955161" lon="9.301812562945607">
      <ele>1780.0</ele></trkpt>
      <trkpt lat="46.878745148145164" lon="9.301775854326914">
      <ele>1778.9</ele></trkpt>
      <trkpt lat="46.87873149909924" lon="9.301751499088168">
      <ele>1777.9</ele></trkpt>
      <trkpt lat="46.87871494472714" lon="9.3017420024757">
      <ele>1776.8</ele></trkpt>
      <trkpt lat="46.878694792685934" lon="9.30174457171438">
      <ele>1775.8</ele></trkpt>
      <trkpt lat="46.8786759618122" lon="9.301759390329932">
      <ele>1774.8</ele></trkpt>
      <trkpt lat="46.8786693142072" lon="9.30179464232599">
      <ele>1773.7</ele></trkpt>
      <trkpt lat="46.87867356543173" lon="9.301977817461273">
      <ele>1772.6</ele></trkpt>
      <trkpt lat="46.878674364249534" lon="9.302139811934454">
      <ele>1771.6</ele></trkpt>
      <trkpt lat="46.87866303409004" lon="9.302276926379848">
      <ele>1770.5</ele></trkpt>
      <trkpt lat="46.87864726360959" lon="9.302399938032003">
      <ele>1769.3</ele></trkpt>
      <trkpt lat="46.8786192251954" lon="9.302603816105883">
      <ele>1768.2</ele></trkpt>
      <trkpt lat="46.878582851035496" lon="9.302725614729765">
      <ele>1767.0</ele></trkpt>
      <trkpt lat="46.87852637756897" lon="9.302863302795021">
      <ele>1765.9</ele></trkpt>
      <trkpt lat="46.87844641486098" lon="9.30303661631935">
      <ele>1764.7</ele></trkpt>
      <trkpt lat="46.87833450044381" lon="9.303249132513251">
      <ele>1763.6</ele></trkpt>
      <trkpt lat="46.878225256285695" lon="9.3034623046814">
      <ele>1762.4</ele></trkpt>
      <trkpt lat="46.87815473470844" lon="9.30357193450068">
      <ele>1761.3</ele></trkpt>
      <trkpt lat="46.8781016768162" lon="9.303641333959655">
      <ele>1760.2</ele></trkpt>
      <trkpt lat="46.87807421259811" lon="9.303663030087353">
      <ele>1759.0</ele></trkpt>
      <trkpt lat="46.878011423600746" lon="9.303697371038872">
      <ele>1757.9</ele></trkpt>
      <trkpt lat="46.87788845427373" lon="9.303746224023266">
      <ele>1756.7</ele></trkpt>
      <trkpt lat="46.877844298893194" lon="9.303762407258153">
      <ele>1755.6</ele></trkpt>
      <trkpt lat="46.87779360573536" lon="9.30380375468982">
      <ele>1754.4</ele></trkpt>
      <trkpt lat="46.87774861403469" lon="9.303847504279963">
      <ele>1753.3</ele></trkpt>
      <trkpt lat="46.87771057401859" lon="9.303885406341145">
      <ele>1752.1</ele></trkpt>
      <trkpt lat="46.87769005207319" lon="9.303902934015587">
      <ele>1751.0</ele></trkpt>
      <trkpt lat="46.8776689820212" lon="9.303930900835464">
      <ele>1749.8</ele></trkpt>
      <trkpt lat="46.87765743075866" lon="9.303966099933032">
      <ele>1748.7</ele></trkpt>
      <trkpt lat="46.877656281536346" lon="9.304000715053467">
      <ele>1747.9</ele></trkpt>
      <trkpt lat="46.87766459324569" lon="9.304050525484849">
      <ele>1747.1</ele></trkpt>
      <trkpt lat="46.877685769257724" lon="9.304118155608906">
      <ele>1746.4</ele></trkpt>
      <trkpt lat="46.87775174557654" lon="9.304210618256935">
      <ele>1745.6</ele></trkpt>
      <trkpt lat="46.87781049609325" lon="9.304290417081477">
      <ele>1744.8</ele></trkpt>
      <trkpt lat="46.87784169705725" lon="9.304340300104165">
      <ele>1744.0</ele></trkpt>
      <trkpt lat="46.8778702648065" lon="9.304411506884358">
      <ele>1743.2</ele></trkpt>
      <trkpt lat="46.87787597672239" lon="9.304446373309355">
      <ele>1742.5</ele></trkpt>
      <trkpt lat="46.87787185598989" lon="9.304486632889306">
      <ele>1741.7</ele></trkpt>
      <trkpt lat="46.87786166018859" lon="9.304514294538308">
      <ele>1740.9</ele></trkpt>
      <trkpt lat="46.877841600308955" lon="9.304549828270904">
      <ele>1740.1</ele></trkpt>
      <trkpt lat="46.87782256854575" lon="9.304558182705899">
      <ele>1739.3</ele></trkpt>
      <trkpt lat="46.87778736349767" lon="9.304541962789541">
      <ele>1738.6</ele></trkpt>
      <trkpt lat="46.87766279465218" lon="9.304462110838092">
      <ele>1737.8</ele></trkpt>
      <trkpt lat="46.87749741762026" lon="9.304359257966995">
      <ele>1737.0</ele></trkpt>
      <trkpt lat="46.87744013136418" lon="9.304328166205792">
      <ele>1736.2</ele></trkpt>
      <trkpt lat="46.877394826952255" lon="9.304300035829302">
      <ele>1735.4</ele></trkpt>
      <trkpt lat="46.877337516048435" lon="9.304236794827432">
      <ele>1734.7</ele></trkpt>
      <trkpt lat="46.87725349157095" lon="9.30412878727044">
      <ele>1733.9</ele></trkpt>
      <trkpt lat="46.87717472408585" lon="9.304048229504007">
      <ele>1733.1</ele></trkpt>
      <trkpt lat="46.87710837312704" lon="9.304011850681098">
      <ele>1732.4</ele></trkpt>
      <trkpt lat="46.87705444076341" lon="9.303985862125097">
      <ele>1731.8</ele></trkpt>
      <trkpt lat="46.87700197519555" lon="9.303974765205794">
      <ele>1731.1</ele></trkpt>
      <trkpt lat="46.87696585367551" lon="9.303978327973446">
      <ele>1730.5</ele></trkpt>
      <trkpt lat="46.87693059199765" lon="9.303999241257475">
      <ele>1729.8</ele></trkpt>
      <trkpt lat="46.876890172714084" lon="9.304037926139678">
      <ele>1729.1</ele></trkpt>
      <trkpt lat="46.87684034000201" lon="9.304100441515224">
      <ele>1728.5</ele></trkpt>
      <trkpt lat="46.87680822412905" lon="9.304165159091005">
      <ele>1727.8</ele></trkpt>
      <trkpt lat="46.876785354402735" lon="9.304225132367927">
      <ele>1727.2</ele></trkpt>
      <trkpt lat="46.87675902478068" lon="9.304317396162032">
      <ele>1726.5</ele></trkpt>
      <trkpt lat="46.87674199026071" lon="9.304402463621447">
      <ele>1725.8</ele></trkpt>
      <trkpt lat="46.876722975540325" lon="9.304440119264065">
      <ele>1725.2</ele></trkpt>
      <trkpt lat="46.87669953621056" lon="9.30446935470561">
      <ele>1724.5</ele></trkpt>
      <trkpt lat="46.876675230282565" lon="9.304482761552638">
      <ele>1723.9</ele></trkpt>
      <trkpt lat="46.87661768347738" lon="9.304498544804423">
      <ele>1723.2</ele></trkpt>
      <trkpt lat="46.87656765112897" lon="9.304510389814071">
      <ele>1722.5</ele></trkpt>
      <trkpt lat="46.87653076301895" lon="9.30452343878789">
      <ele>1721.9</ele></trkpt>
      <trkpt lat="46.876486400870405" lon="9.304537947356819">
      <ele>1721.2</ele></trkpt>
      <trkpt lat="46.87645597497527" lon="9.304542061613143">
      <ele>1720.6</ele></trkpt>
      <trkpt lat="46.87638269502163" lon="9.304541592285808">
      <ele>1719.9</ele></trkpt>
      <trkpt lat="46.87630764738892" lon="9.304543580973213">
      <ele>1718.9</ele></trkpt>
      <trkpt lat="46.87626571402522" lon="9.304551507973077">
      <ele>1718.0</ele></trkpt>
      <trkpt lat="46.876234518579025" lon="9.304566394557988">
      <ele>1717.0</ele></trkpt>
      <trkpt lat="46.87619712772647" lon="9.304592062034196">
      <ele>1716.0</ele></trkpt>
      <trkpt lat="46.87612122219433" lon="9.304647753603016">
      <ele>1715.1</ele></trkpt>
      <trkpt lat="46.87603315612753" lon="9.30473460656354">
      <ele>1714.1</ele></trkpt>
      <trkpt lat="46.87597533115356" lon="9.304805503167614">
      <ele>1713.1</ele></trkpt>
      <trkpt lat="46.87593757601195" lon="9.304872254254505">
      <ele>1712.2</ele></trkpt>
      <trkpt lat="46.87590348360983" lon="9.304919660063113">
      <ele>1711.2</ele></trkpt>
      <trkpt lat="46.87581547829" lon="9.305001672518259">
      <ele>1710.2</ele></trkpt>
      <trkpt lat="46.87570845952976" lon="9.305126758606583">
      <ele>1709.3</ele></trkpt>
      <trkpt lat="46.87564698989753" lon="9.305216973830905">
      <ele>1708.3</ele></trkpt>
      <trkpt lat="46.87560582823336" lon="9.30528844779465">
      <ele>1707.4</ele></trkpt>
      <trkpt lat="46.875568667224115" lon="9.305318767431533">
      <ele>1706.4</ele></trkpt>
      <trkpt lat="46.87551509873244" lon="9.305333913392893">
      <ele>1705.4</ele></trkpt>
      <trkpt lat="46.875429796499695" lon="9.305352812733922">
      <ele>1704.5</ele></trkpt>
      <trkpt lat="46.87536079196679" lon="9.305394164157674">
      <ele>1703.5</ele></trkpt>
      <trkpt lat="46.875301518838185" lon="9.305452871662515">
      <ele>1702.5</ele></trkpt>
      <trkpt lat="46.87524199016043" lon="9.305526134848195">
      <ele>1701.6</ele></trkpt>
      <trkpt lat="46.87517798554578" lon="9.305567659477113">
      <ele>1700.6</ele></trkpt>
      <trkpt lat="46.87506389828631" lon="9.305614727689234">
      <ele>1699.5</ele></trkpt>
      <trkpt lat="46.87497801026359" lon="9.305670070099364">
      <ele>1698.3</ele></trkpt>
      <trkpt lat="46.87486796241683" lon="9.305775615204515">
      <ele>1697.2</ele></trkpt>
      <trkpt lat="46.874779926080606" lon="9.305860037925914">
      <ele>1696.0</ele></trkpt>
      <trkpt lat="46.87474122047004" lon="9.305882994561783">
      <ele>1694.9</ele></trkpt>
      <trkpt lat="46.87465961104088" lon="9.305880161070053">
      <ele>1693.8</ele></trkpt>
      <trkpt lat="46.87460107308907" lon="9.305892706258204">
      <ele>1692.6</ele></trkpt>
      <trkpt lat="46.87454230633108" lon="9.305919821088331">
      <ele>1691.5</ele></trkpt>
      <trkpt lat="46.8744628347873" lon="9.305989975983136">
      <ele>1690.3</ele></trkpt>
      <trkpt lat="46.87436600411806" lon="9.306103260605976">
      <ele>1689.2</ele></trkpt>
      <trkpt lat="46.87428344178091" lon="9.306260772942771">
      <ele>1688.1</ele></trkpt>
      <trkpt lat="46.87423489304369" lon="9.306375733493196">
      <ele>1686.9</ele></trkpt>
      <trkpt lat="46.87415781483911" lon="9.306504293611683">
      <ele>1685.8</ele></trkpt>
      <trkpt lat="46.87408884774866" lon="9.306645272073219">
      <ele>1684.6</ele></trkpt>
      <trkpt lat="46.87403618900495" lon="9.306706633974263">
      <ele>1683.5</ele></trkpt>
      <trkpt lat="46.873934824466886" lon="9.306790604031542">
      <ele>1682.4</ele></trkpt>
      <trkpt lat="46.8738888601272" lon="9.306849757657575">
      <ele>1681.2</ele></trkpt>
      <trkpt lat="46.87384726098191" lon="9.306947953465123">
      <ele>1680.1</ele></trkpt>
      <trkpt lat="46.87380704785087" lon="9.307063202077828">
      <ele>1678.9</ele></trkpt>
      <trkpt lat="46.87377546774653" lon="9.30712090005531">
      <ele>1677.8</ele></trkpt>
      <trkpt lat="46.873733387305855" lon="9.307170872280366">
      <ele>1677.0</ele></trkpt>
      <trkpt lat="46.8736771469992" lon="9.307234444360597">
      <ele>1676.3</ele></trkpt>
      <trkpt lat="46.87360889515413" lon="9.307321662765895">
      <ele>1675.5</ele></trkpt>
      <trkpt lat="46.873544598941386" lon="9.307415696953356">
      <ele>1674.8</ele></trkpt>
      <trkpt lat="46.87352202513242" lon="9.307446429012495">
      <ele>1674.0</ele></trkpt>
      <trkpt lat="46.873495531187956" lon="9.307467066050348">
      <ele>1673.3</ele></trkpt>
      <trkpt lat="46.873448669655915" lon="9.307490236172526">
      <ele>1672.5</ele></trkpt>
      <trkpt lat="46.873379309999336" lon="9.307502600093805">
      <ele>1671.8</ele></trkpt>
      <trkpt lat="46.87329208960624" lon="9.307516613238183">
      <ele>1671.0</ele></trkpt>
      <trkpt lat="46.87324775618229" lon="9.307530437187076">
      <ele>1670.3</ele></trkpt>
      <trkpt lat="46.87320283943099" lon="9.307553530399963">
      <ele>1669.5</ele></trkpt>
      <trkpt lat="46.873163030525205" lon="9.30758176075116">
      <ele>1668.8</ele></trkpt>
      <trkpt lat="46.873144153332206" lon="9.30761368377357">
      <ele>1668.0</ele></trkpt>
      <trkpt lat="46.87313505721261" lon="9.307629060180433">
      <ele>1667.3</ele></trkpt>
      <trkpt lat="46.873110359438705" lon="9.307714891161105">
      <ele>1666.5</ele></trkpt>
      <trkpt lat="46.87308789621937" lon="9.307768588121514">
      <ele>1665.8</ele></trkpt>
      <trkpt lat="46.87305003018596" lon="9.307811174338417">
      <ele>1665.0</ele></trkpt>
      <trkpt lat="46.872971548514194" lon="9.307850958064163">
      <ele>1664.3</ele></trkpt>
      <trkpt lat="46.87293945441732" lon="9.307884468352023">
      <ele>1663.5</ele></trkpt>
      <trkpt lat="46.872907827203285" lon="9.307943370403368">
      <ele>1662.8</ele></trkpt>
      <trkpt lat="46.87286766427519" lon="9.308022444089808">
      <ele>1662.0</ele></trkpt>
      <trkpt lat="46.87282237375017" lon="9.308097586887724">
      <ele>1661.1</ele></trkpt>
      <trkpt lat="46.87277822125537" lon="9.30816805877379">
      <ele>1660.3</ele></trkpt>
      <trkpt lat="46.872757563216936" lon="9.308192768659287">
      <ele>1659.5</ele></trkpt>
      <trkpt lat="46.872736819277364" lon="9.308205115809509">
      <ele>1658.7</ele></trkpt>
      <trkpt lat="46.87270316283678" lon="9.308213642054776">
      <ele>1657.8</ele></trkpt>
      <trkpt lat="46.87265482863815" lon="9.30821074162171">
      <ele>1657.0</ele></trkpt>
      <trkpt lat="46.87258804197926" lon="9.308202751830972">
      <ele>1656.2</ele></trkpt>
      <trkpt lat="46.87254828282717" lon="9.308199296654593">
      <ele>1655.3</ele></trkpt>
      <trkpt lat="46.872495621604095" lon="9.308196337672044">
      <ele>1654.5</ele></trkpt>
      <trkpt lat="46.8724441962005" lon="9.308196491889245">
      <ele>1653.7</ele></trkpt>
      <trkpt lat="46.872408629434204" lon="9.308205187858425">
      <ele>1652.8</ele></trkpt>
      <trkpt lat="46.87235454127807" lon="9.308237237623613">
      <ele>1652.0</ele></trkpt>
      <trkpt lat="46.8723015571215" lon="9.308281016181404">
      <ele>1651.2</ele></trkpt>
      <trkpt lat="46.87227443180487" lon="9.308302286426217">
      <ele>1650.3</ele></trkpt>
      <trkpt lat="46.87224913490432" lon="9.308316836855328">
      <ele>1649.5</ele></trkpt>
      <trkpt lat="46.87219399372952" lon="9.308333485582823">
      <ele>1648.7</ele></trkpt>
      <trkpt lat="46.872106779502836" lon="9.308356471762693">
      <ele>1647.9</ele></trkpt>
      <trkpt lat="46.87201311256776" lon="9.308376779995804">
      <ele>1647.0</ele></trkpt>
      <trkpt lat="46.871948413281906" lon="9.308397426077892">
      <ele>1646.2</ele></trkpt>
      <trkpt lat="46.87187226170117" lon="9.30843061079995">
      <ele>1645.1</ele></trkpt>
      <trkpt lat="46.87179602865472" lon="9.308469329448668">
      <ele>1644.0</ele></trkpt>
      <trkpt lat="46.87168527168825" lon="9.308532760632525">
      <ele>1642.9</ele></trkpt>
      <trkpt lat="46.87159752390335" lon="9.30858893559591">
      <ele>1641.7</ele></trkpt>
      <trkpt lat="46.871489513616154" lon="9.30867038430981">
      <ele>1640.6</ele></trkpt>
      <trkpt lat="46.8714140503206" lon="9.308737967775256">
      <ele>1639.5</ele></trkpt>
      <trkpt lat="46.871342837669964" lon="9.308811379988608">
      <ele>1638.4</ele></trkpt>
      <trkpt lat="46.87127362618054" lon="9.308869156504443">
      <ele>1637.3</ele></trkpt>
      <trkpt lat="46.87114407377239" lon="9.308947362176761">
      <ele>1636.2</ele></trkpt>
      <trkpt lat="46.87109677196826" lon="9.308968271115543">
      <ele>1635.1</ele></trkpt>
      <trkpt lat="46.871055434692316" lon="9.308970533530696">
      <ele>1633.9</ele></trkpt>
      <trkpt lat="46.870955078381876" lon="9.308966308874211">
      <ele>1632.8</ele></trkpt>
      <trkpt lat="46.870855513769946" lon="9.308966493937147">
      <ele>1631.7</ele></trkpt>
      <trkpt lat="46.87078458572689" lon="9.308970207049107">
      <ele>1630.6</ele></trkpt>
      <trkpt lat="46.87072832989876" lon="9.308980728098406">
      <ele>1629.5</ele></trkpt>
      <trkpt lat="46.870679005769006" lon="9.308992146190564">
      <ele>1628.4</ele></trkpt>
      <trkpt lat="46.870631240919515" lon="9.308988543351965">
      <ele>1627.2</ele></trkpt>
      <trkpt lat="46.87057429535465" lon="9.308962002019058">
      <ele>1626.1</ele></trkpt>
      <trkpt lat="46.870526437367644" lon="9.308937679185764">
      <ele>1625.0</ele></trkpt>
      <trkpt lat="46.870480406822594" lon="9.308934766483896">
      <ele>1623.9</ele></trkpt>
      <trkpt lat="46.87043155551103" lon="9.308943681934128">
      <ele>1623.0</ele></trkpt>
      <trkpt lat="46.87035862386296" lon="9.308964276612691">
      <ele>1622.1</ele></trkpt>
      <trkpt lat="46.870270776039966" lon="9.308991883480447">
      <ele>1621.2</ele></trkpt>
      <trkpt lat="46.87016551495143" lon="9.309020734634935">
      <ele>1620.3</ele></trkpt>
      <trkpt lat="46.87009344789113" lon="9.309040729409846">
      <ele>1619.4</ele></trkpt>
      <trkpt lat="46.87000141167642" lon="9.309072454381432">
      <ele>1618.5</ele></trkpt>
      <trkpt lat="46.86997051506923" lon="9.309081679151538">
      <ele>1617.6</ele></trkpt>
      <trkpt lat="46.869905051997414" lon="9.309087943711873">
      <ele>1616.7</ele></trkpt>
      <trkpt lat="46.869857103959696" lon="9.30909939626698">
      <ele>1615.8</ele></trkpt>
      <trkpt lat="46.8698163351298" lon="9.30911201687587">
      <ele>1614.9</ele></trkpt>
      <trkpt lat="46.86975596997583" lon="9.309124021556604">
      <ele>1614.0</ele></trkpt>
      <trkpt lat="46.869691977786964" lon="9.309152588702185">
      <ele>1613.1</ele></trkpt>
      <trkpt lat="46.86963822065121" lon="9.309190787564434">
      <ele>1612.2</ele></trkpt>
      <trkpt lat="46.869592629449215" lon="9.309244095920839">
      <ele>1611.3</ele></trkpt>
      <trkpt lat="46.86955616652884" lon="9.309297682313797">
      <ele>1610.4</ele></trkpt>
      <trkpt lat="46.86952622631788" lon="9.309352413901117">
      <ele>1609.5</ele></trkpt>
      <trkpt lat="46.86949749337486" lon="9.309410900365034">
      <ele>1608.6</ele></trkpt>
      <trkpt lat="46.86947634218376" lon="9.309451991046751">
      <ele>1607.7</ele></trkpt>
      <trkpt lat="46.86944076542952" lon="9.3094954007027">
      <ele>1606.8</ele></trkpt>
      <trkpt lat="46.86938362597405" lon="9.309568747737732">
      <ele>1605.9</ele></trkpt>
      <trkpt lat="46.86933079469618" lon="9.309624598211123">
      <ele>1605.2</ele></trkpt>
      <trkpt lat="46.86926612130714" lon="9.309683802027823">
      <ele>1604.5</ele></trkpt>
      <trkpt lat="46.86923063837396" lon="9.309722570188837">
      <ele>1603.8</ele></trkpt>
      <trkpt lat="46.86913396158624" lon="9.309841051119047">
      <ele>1603.0</ele></trkpt>
      <trkpt lat="46.869082300756745" lon="9.309903449235613">
      <ele>1602.3</ele></trkpt>
      <trkpt lat="46.869046999134426" lon="9.309933879212204">
      <ele>1601.6</ele></trkpt>
      <trkpt lat="46.86899016795262" lon="9.309963612560324">
      <ele>1600.9</ele></trkpt>
      <trkpt lat="46.86889116698525" lon="9.31000964284235">
      <ele>1600.2</ele></trkpt>
      <trkpt lat="46.86879343092495" lon="9.310057553735469">
      <ele>1599.5</ele></trkpt>
      <trkpt lat="46.86871677629878" lon="9.310097801337646">
      <ele>1598.8</ele></trkpt>
      <trkpt lat="46.86867421926733" lon="9.310131717654844">
      <ele>1598.0</ele></trkpt>
      <trkpt lat="46.86861537283758" lon="9.310193878048906">
      <ele>1597.3</ele></trkpt>
      <trkpt lat="46.868555773430614" lon="9.310259711867188">
      <ele>1596.6</ele></trkpt>
      <trkpt lat="46.868517343264266" lon="9.310284469689279">
      <ele>1595.9</ele></trkpt>
      <trkpt lat="46.86846210027851" lon="9.310301269143062">
      <ele>1595.2</ele></trkpt>
      <trkpt lat="46.8683952937161" lon="9.310309348286378">
      <ele>1594.5</ele></trkpt>
      <trkpt lat="46.86831378656914" lon="9.310303009007503">
      <ele>1593.7</ele></trkpt>
      <trkpt lat="46.868246093569354" lon="9.310291574607028">
      <ele>1593.0</ele></trkpt>
      <trkpt lat="46.86819656600042" lon="9.310286269480542">
      <ele>1592.3</ele></trkpt>
      <trkpt lat="46.868129704960914" lon="9.310297128065388">
      <ele>1591.6</ele></trkpt>
      <trkpt lat="46.868053413287385" lon="9.310320686213391">
      <ele>1591.1</ele></trkpt>
      <trkpt lat="46.86798399890539" lon="9.310358364134025">
      <ele>1590.7</ele></trkpt>
      <trkpt lat="46.86793029604621" lon="9.310393768010115">
      <ele>1590.2</ele></trkpt>
      <trkpt lat="46.86787943994634" lon="9.310419063869935">
      <ele>1589.8</ele></trkpt>
      <trkpt lat="46.867816530421074" lon="9.310428183645982">
      <ele>1589.3</ele></trkpt>
      <trkpt lat="46.86772164712485" lon="9.310435364166487">
      <ele>1588.8</ele></trkpt>
      <trkpt lat="46.86763853600809" lon="9.31044291498183">
      <ele>1588.4</ele></trkpt>
      <trkpt lat="46.86753833396876" lon="9.310454554649986">
      <ele>1587.9</ele></trkpt>
      <trkpt lat="46.86743815615344" lon="9.310465263636843">
      <ele>1587.5</ele></trkpt>
      <trkpt lat="46.86739683943175" lon="9.31047231405616">
      <ele>1587.0</ele></trkpt>
      <trkpt lat="46.86734215016245" lon="9.310493763393934">
      <ele>1586.5</ele></trkpt>
      <trkpt lat="46.86724156063954" lon="9.310552724214965">
      <ele>1586.1</ele></trkpt>
      <trkpt lat="46.86711543255042" lon="9.310614587485256">
      <ele>1585.6</ele></trkpt>
      <trkpt lat="46.86697632499083" lon="9.310672325307758">
      <ele>1585.2</ele></trkpt>
      <trkpt lat="46.86684564374033" lon="9.310733098048196">
      <ele>1584.7</ele></trkpt>
      <trkpt lat="46.866715280071475" lon="9.31077996199925">
      <ele>1584.2</ele></trkpt>
      <trkpt lat="46.8666125875902" lon="9.310815666691528">
      <ele>1583.8</ele></trkpt>
      <trkpt lat="46.866547464797954" lon="9.31082861828257">
      <ele>1583.3</ele></trkpt>
      <trkpt lat="46.86646069639381" lon="9.310835319468282">
      <ele>1582.9</ele></trkpt>
      <trkpt lat="46.866392007837575" lon="9.310857225366618">
      <ele>1582.4</ele></trkpt>
      <trkpt lat="46.86630821821076" lon="9.310885886714683">
      <ele>1582.0</ele></trkpt>
      <trkpt lat="46.866236410040656" lon="9.310895535558824">
      <ele>1581.6</ele></trkpt>
      <trkpt lat="46.86596674972229" lon="9.310876441108382">
      <ele>1581.2</ele></trkpt>
      <trkpt lat="46.86586875505301" lon="9.310856014725976">
      <ele>1580.8</ele></trkpt>
      <trkpt lat="46.86577227379797" lon="9.310845375425068">
      <ele>1580.4</ele></trkpt>
      <trkpt lat="46.86569375328649" lon="9.310857217609447">
      <ele>1580.0</ele></trkpt>
      <trkpt lat="46.86562641932245" lon="9.310898612686033">
      <ele>1579.6</ele></trkpt>
      <trkpt lat="46.865451650581136" lon="9.310987274558151">
      <ele>1579.2</ele></trkpt>
      <trkpt lat="46.86535111746268" lon="9.311020232610735">
      <ele>1578.8</ele></trkpt>
      <trkpt lat="46.865268991231" lon="9.311048964172361">
      <ele>1578.3</ele></trkpt>
      <trkpt lat="46.865174812857695" lon="9.311101572300712">
      <ele>1577.9</ele></trkpt>
      <trkpt lat="46.86506880279137" lon="9.311163489442892">
      <ele>1577.5</ele></trkpt>
      <trkpt lat="46.864986557606976" lon="9.311199484339014">
      <ele>1577.1</ele></trkpt>
      <trkpt lat="46.86487778574092" lon="9.311227287806584">
      <ele>1576.7</ele></trkpt>
      <trkpt lat="46.86480402668437" lon="9.31125386999606">
      <ele>1576.3</ele></trkpt>
      <trkpt lat="46.86467371933898" lon="9.311273642595333">
      <ele>1575.9</ele></trkpt>
      <trkpt lat="46.86452487701099" lon="9.311298319040734">
      <ele>1575.5</ele></trkpt>
      <trkpt lat="46.864439747211634" lon="9.31131429872243">
      <ele>1575.1</ele></trkpt>
      <trkpt lat="46.864367709061185" lon="9.311323151529763">
      <ele>1574.7</ele></trkpt>
      <trkpt lat="46.864332921382235" lon="9.311332054913954">
      <ele>1574.3</ele></trkpt>
      <trkpt lat="46.86429424477633" lon="9.311345466907213">
      <ele>1574.0</ele></trkpt>
      <trkpt lat="46.86418835392064" lon="9.31140009273372">
      <ele>1573.7</ele></trkpt>
      <trkpt lat="46.86410777188519" lon="9.311436170822846">
      <ele>1573.4</ele></trkpt>
      <trkpt lat="46.86404076505423" lon="9.311458120430954">
      <ele>1573.1</ele></trkpt>
      <trkpt lat="46.86391572686942" lon="9.311461074017572">
      <ele>1572.8</ele></trkpt>
      <trkpt lat="46.863798985697414" lon="9.31146671716586">
      <ele>1572.5</ele></trkpt>
      <trkpt lat="46.86371700941986" lon="9.31148573159809">
      <ele>1572.2</ele></trkpt>
      <trkpt lat="46.863618029640136" lon="9.31152602252055">
      <ele>1571.9</ele></trkpt>
      <trkpt lat="46.86353899206989" lon="9.311569434583301">
      <ele>1571.6</ele></trkpt>
      <trkpt lat="46.86344798167147" lon="9.311631871214312">
      <ele>1571.3</ele></trkpt>
      <trkpt lat="46.863329671934565" lon="9.311727255116477">
      <ele>1571.0</ele></trkpt>
      <trkpt lat="46.86323167221955" lon="9.311801647988778">
      <ele>1570.7</ele></trkpt>
      <trkpt lat="46.86315277006165" lon="9.311849970337567">
      <ele>1570.4</ele></trkpt>
      <trkpt lat="46.86305319363424" lon="9.311926682262003">
      <ele>1570.1</ele></trkpt>
      <trkpt lat="46.86296321042751" lon="9.31202802321035">
      <ele>1569.8</ele></trkpt>
      <trkpt lat="46.862872120314435" lon="9.312095309413703">
      <ele>1569.5</ele></trkpt>
      <trkpt lat="46.862749464267864" lon="9.312156629071689">
      <ele>1569.2</ele></trkpt>
      <trkpt lat="46.862678833217245" lon="9.312195478544972">
      <ele>1568.9</ele></trkpt>
      <trkpt lat="46.86262659989336" lon="9.312230114959219">
      <ele>1568.6</ele></trkpt>
      <trkpt lat="46.862580681390575" lon="9.31228682629736">
      <ele>1568.3</ele></trkpt>
      <trkpt lat="46.86250877751215" lon="9.312403369908429">
      <ele>1568.2</ele></trkpt>
      <trkpt lat="46.862436595135904" lon="9.312536904743448">
      <ele>1568.0</ele></trkpt>
      <trkpt lat="46.86238995131694" lon="9.312637326517144">
      <ele>1567.9</ele></trkpt>
      <trkpt lat="46.86236710321218" lon="9.31270941535934">
      <ele>1567.8</ele></trkpt>
      <trkpt lat="46.862314035945964" lon="9.312897072144352">
      <ele>1567.6</ele></trkpt>
      <trkpt lat="46.86226576789476" lon="9.312995009925471">
      <ele>1567.5</ele></trkpt>
      <trkpt lat="46.862238754760114" lon="9.313053297287022">
      <ele>1567.4</ele></trkpt>
      <trkpt lat="46.86218776514828" lon="9.313177835446858">
      <ele>1567.2</ele></trkpt>
      <trkpt lat="46.862128600029294" lon="9.313318066379603">
      <ele>1567.1</ele></trkpt>
      <trkpt lat="46.86207917953336" lon="9.313429199507368">
      <ele>1566.9</ele></trkpt>
      <trkpt lat="46.86203626274234" lon="9.313514086708508">
      <ele>1566.8</ele></trkpt>
      <trkpt lat="46.86200108719115" lon="9.313588355552149">
      <ele>1566.7</ele></trkpt>
      <trkpt lat="46.86196654323826" lon="9.313676236693894">
      <ele>1566.5</ele></trkpt>
      <trkpt lat="46.861944744190666" lon="9.313763328893769">
      <ele>1566.4</ele></trkpt>
      <trkpt lat="46.861930376809475" lon="9.313863076717219">
      <ele>1566.3</ele></trkpt>
      <trkpt lat="46.86191570538264" lon="9.313981362904368">
      <ele>1566.1</ele></trkpt>
      <trkpt lat="46.861899262361014" lon="9.31410451967434">
      <ele>1566.0</ele></trkpt>
      <trkpt lat="46.86188747127584" lon="9.314201877837837">
      <ele>1565.9</ele></trkpt>
      <trkpt lat="46.86186025726922" lon="9.314308589233299">
      <ele>1565.7</ele></trkpt>
      <trkpt lat="46.86182749345468" lon="9.314391586254098">
      <ele>1565.6</ele></trkpt>
      <trkpt lat="46.861771005327036" lon="9.314508400716129">
      <ele>1565.5</ele></trkpt>
      <trkpt lat="46.86170062147922" lon="9.314634713175288">
      <ele>1565.3</ele></trkpt>
      <trkpt lat="46.86149310078756" lon="9.314991920633936">
      <ele>1565.2</ele></trkpt>
      <trkpt lat="46.86145173375721" lon="9.315075508608045">
      <ele>1565.0</ele></trkpt>
      <trkpt lat="46.86126187968236" lon="9.31547462447765">
      <ele>1564.9</ele></trkpt>
      <trkpt lat="46.86113717939581" lon="9.315761819687278">
      <ele>1564.8</ele></trkpt>
      <trkpt lat="46.86106395245516" lon="9.315908861094423">
      <ele>1564.6</ele></trkpt>
      <trkpt lat="46.86104303851442" lon="9.315952338591185">
      <ele>1564.5</ele></trkpt>
      <trkpt lat="46.86102448894366" lon="9.315981140927438">
      <ele>1564.3</ele></trkpt>
      <trkpt lat="46.86100769404308" lon="9.316007197251215">
      <ele>1564.2</ele></trkpt>
      <trkpt lat="46.860951916797404" lon="9.316083341414647">
      <ele>1564.1</ele></trkpt>
      <trkpt lat="46.86089268147707" lon="9.316178293817215">
      <ele>1563.9</ele></trkpt>
      <trkpt lat="46.86085714125828" lon="9.316245069486136">
      <ele>1563.8</ele></trkpt>
      <trkpt lat="46.860803469292456" lon="9.316365611905006">
      <ele>1563.6</ele></trkpt>
      <trkpt lat="46.86076787719603" lon="9.316468971199962">
      <ele>1563.5</ele></trkpt>
      <trkpt lat="46.86073056440037" lon="9.316569712313283">
      <ele>1563.4</ele></trkpt>
      <trkpt lat="46.86068990005693" lon="9.31665755951755">
      <ele>1563.2</ele></trkpt>
      <trkpt lat="46.86064167255772" lon="9.316737481731439">
      <ele>1563.1</ele></trkpt>
      <trkpt lat="46.86057947789292" lon="9.316803299867365">
      <ele>1562.9</ele></trkpt>
      <trkpt lat="46.86050441090127" lon="9.316892450944522">
      <ele>1562.8</ele></trkpt>
      <trkpt lat="46.8604415848981" lon="9.316993966370546">
      <ele>1562.7</ele></trkpt>
      <trkpt lat="46.86040453212565" lon="9.317079394062386">
      <ele>1562.7</ele></trkpt>
      <trkpt lat="46.860379534814584" lon="9.317187385394975">
      <ele>1562.6</ele></trkpt>
      <trkpt lat="46.86035630552057" lon="9.317240868547666">
      <ele>1562.5</ele></trkpt>
      <trkpt lat="46.86031395108674" lon="9.317283123960442">
      <ele>1562.5</ele></trkpt>
      <trkpt lat="46.86019782712191" lon="9.31735195053043">
      <ele>1562.4</ele></trkpt>
      <trkpt lat="46.8601151806612" lon="9.317412238939912">
      <ele>1562.3</ele></trkpt>
      <trkpt lat="46.86002535214325" lon="9.317503850545446">
      <ele>1562.3</ele></trkpt>
      <trkpt lat="46.85996070488245" lon="9.317584194454078">
      <ele>1562.2</ele></trkpt>
      <trkpt lat="46.85986809553935" lon="9.31774373640701">
      <ele>1562.2</ele></trkpt>
      <trkpt lat="46.85977679053503" lon="9.317925190437595">
      <ele>1562.1</ele></trkpt>
      <trkpt lat="46.85970904281953" lon="9.31809289326595">
      <ele>1562.0</ele></trkpt>
      <trkpt lat="46.85966191537367" lon="9.31822243566187">
      <ele>1562.0</ele></trkpt>
      <trkpt lat="46.85960352321163" lon="9.318327290480433">
      <ele>1561.9</ele></trkpt>
      <trkpt lat="46.85954847625953" lon="9.318432261970113">
      <ele>1561.8</ele></trkpt>
      <trkpt lat="46.85947157510426" lon="9.318548616368256">
      <ele>1561.8</ele></trkpt>
      <trkpt lat="46.8594253649557" lon="9.318622322327123">
      <ele>1561.7</ele></trkpt>
      <trkpt lat="46.85933552264139" lon="9.318815971351027">
      <ele>1561.6</ele></trkpt>
      <trkpt lat="46.85911210678248" lon="9.319228458972827">
      <ele>1561.6</ele></trkpt>
      <trkpt lat="46.85897819565166" lon="9.319466725346807">
      <ele>1561.5</ele></trkpt>
      <trkpt lat="46.85891969145838" lon="9.319578866880335">
      <ele>1560.7</ele></trkpt>
      <trkpt lat="46.85878134318381" lon="9.31988498997027">
      <ele>1560.0</ele></trkpt>
      <trkpt lat="46.85863988839773" lon="9.32017642949389">
      <ele>1559.2</ele></trkpt>
      <trkpt lat="46.858447030523934" lon="9.320553548596227">
      <ele>1558.5</ele></trkpt>
      <trkpt lat="46.85827703412707" lon="9.320858559255468">
      <ele>1557.7</ele></trkpt>
      <trkpt lat="46.85811254728918" lon="9.321132187678442">
      <ele>1556.9</ele></trkpt>
      <trkpt lat="46.85792771812677" lon="9.321426968823737">
      <ele>1556.2</ele></trkpt>
      <trkpt lat="46.85772265728107" lon="9.321735626013895">
      <ele>1555.4</ele></trkpt>
      <trkpt lat="46.85749926879879" lon="9.322043612991513">
      <ele>1554.7</ele></trkpt>
      <trkpt lat="46.85735616934488" lon="9.32223297130246">
      <ele>1553.9</ele></trkpt>
      <trkpt lat="46.85715896553853" lon="9.322468999696195">
      <ele>1553.1</ele></trkpt>
      <trkpt lat="46.85696176123941" lon="9.322705026357632">
      <ele>1552.4</ele></trkpt>
      <trkpt lat="46.85675186989562" lon="9.32295275972279">
      <ele>1551.6</ele></trkpt>
      <trkpt lat="46.856541978008764" lon="9.323200491152758">
      <ele>1550.9</ele></trkpt>
      <trkpt lat="46.85634661580942" lon="9.323425650722767">
      <ele>1550.1</ele></trkpt>
      <trkpt lat="46.856151253161244" lon="9.32365080865567">
      <ele>1549.3</ele></trkpt>
      <trkpt lat="46.85607484472831" lon="9.323755491796527">
      <ele>1548.6</ele></trkpt>
      <trkpt lat="46.85603873320088" lon="9.3238200723466">
      <ele>1547.8</ele></trkpt>
      <trkpt lat="46.856015001823295" lon="9.323889625037166">
      <ele>1547.1</ele></trkpt>
      <trkpt lat="46.85600541206788" lon="9.323951724530158">
      <ele>1546.3</ele></trkpt>
      <trkpt lat="46.85600621963758" lon="9.323997162891363">
      <ele>1545.7</ele></trkpt>
      <trkpt lat="46.856015625674374" lon="9.324040633407717">
      <ele>1545.2</ele></trkpt>
      <trkpt lat="46.856034980176" lon="9.324094670530295">
      <ele>1544.6</ele></trkpt>
      <trkpt lat="46.85607494839749" lon="9.324174391307974">
      <ele>1544.1</ele></trkpt>
      <trkpt lat="46.85612939207231" lon="9.324272799383596">
      <ele>1543.5</ele></trkpt>
      <trkpt lat="46.856155714636266" lon="9.324329337031905">
      <ele>1543.0</ele></trkpt>
      <trkpt lat="46.85618475546879" lon="9.324409829402878">
      <ele>1542.4</ele></trkpt>
      <trkpt lat="46.85620383820222" lon="9.324480882866588">
      <ele>1541.9</ele></trkpt>
      <trkpt lat="46.8562176306955" lon="9.324541532966514">
      <ele>1541.3</ele></trkpt>
      <trkpt lat="46.85622265603873" lon="9.324614376029796">
      <ele>1540.8</ele></trkpt>
      <trkpt lat="46.85622300471644" lon="9.324688170076893">
      <ele>1540.2</ele></trkpt>
      <trkpt lat="46.856218171852206" lon="9.324792436349163">
      <ele>1539.6</ele></trkpt>
      <trkpt lat="46.856211974719784" lon="9.32492103884134">
      <ele>1539.1</ele></trkpt>
      <trkpt lat="46.85622728028149" lon="9.325353051701295">
      <ele>1538.5</ele></trkpt>
      <trkpt lat="46.85624189164138" lon="9.325765417814038">
      <ele>1538.0</ele></trkpt>
      <trkpt lat="46.856247642069725" lon="9.32586734015512">
      <ele>1537.4</ele></trkpt>
      <trkpt lat="46.85624465536513" lon="9.325909287773477">
      <ele>1536.9</ele></trkpt>
      <trkpt lat="46.85623507424051" lon="9.325954440637638">
      <ele>1536.3</ele></trkpt>
      <trkpt lat="46.85622696055466" lon="9.325979917338708">
      <ele>1535.8</ele></trkpt>
      <trkpt lat="46.85621219577467" lon="9.326012033880065">
      <ele>1535.2</ele></trkpt>
      </trkseg>
    </trk>
</gpx>