<?xml version='1.0' encoding='utf-8'?>
<gpx xmlns="http://www.topografix.com/GPX/1/1" xmlns:xsi="http://www.w3.org/2001/XMLSchema-instance" xsi:schemaLocation="http://www.topografix.com/GPX/1/1 http://www.topografix.com/GPX/1/1/gpx.xsd" version="1.1" creator="gpx.py -- https://github.com/tkrajina/gpxpy">
  <trk>
    <name>wildhuser-schafberg</name>
    <trkseg>
      <trkpt lat="47.20340253854111" lon="9.350767081022624">
      <ele>1090.9</ele></trkpt>
      <trkpt lat="47.20342321621044" lon="9.350886151546828">
      <ele>1091.3</ele></trkpt>
      <trkpt lat="47.203429235576905" lon="9.350920811291068">
      <ele>1091.6</ele></trkpt>
      <trkpt lat="47.20344606601289" lon="9.351017445860041">
      <ele>1092.0</ele></trkpt>
      <trkpt lat="47.20350744248157" lon="9.351396774898099">
      <ele>1092.3</ele></trkpt>
      <trkpt lat="47.203533130014314" lon="9.351547855659188">
      <ele>1092.7</ele></trkpt>
      <trkpt lat="47.20355818983654" lon="9.35163978148796">
      <ele>1093.0</ele></trkpt>
      <trkpt lat="47.20358034463371" lon="9.351712684695116">
      <ele>1093.4</ele></trkpt>
      <trkpt lat="47.2036050660394" lon="9.351776240239932">
      <ele>1093.7</ele></trkpt>
      <trkpt lat="47.20363964882608" lon="9.351829494580791">
      <ele>1094.1</ele></trkpt>
      <trkpt lat="47.203736557751746" lon="9.351960641620757">
      <ele>1094.5</ele></trkpt>
      <trkpt lat="47.20393561467687" lon="9.352207598789422">
      <ele>1094.8</ele></trkpt>
      <trkpt lat="47.204136107451795" lon="9.352423359284787">
      <ele>1095.2</ele></trkpt>
      <trkpt lat="47.20416146852864" lon="9.352449496883175">
      <ele>1095.5</ele></trkpt>
      <trkpt lat="47.20418560559837" lon="9.352469161141242">
      <ele>1095.9</ele></trkpt>
      <trkpt lat="47.20422873979593" lon="9.352501057597895">
      <ele>1096.2</ele></trkpt>
      <trkpt lat="47.204282118133065" lon="9.35253535403006">
      <ele>1096.6</ele></trkpt>
      <trkpt lat="47.20436113635287" lon="9.352568192071084">
      <ele>1096.9</ele></trkpt>
      <trkpt lat="47.20445212742819" lon="9.35258982754479">
      <ele>1097.3</ele></trkpt>
      <trkpt lat="47.204527575658076" lon="9.352596568759873">
      <ele>1097.6</ele></trkpt>
      <trkpt lat="47.204570540847364" lon="9.352595334533248">
      <ele>1098.0</ele></trkpt>
      <trkpt lat="47.2046162376669" lon="9.352589445220348">
      <ele>1097.8</ele></trkpt>
      <trkpt lat="47.20466207661327" lon="9.352580960099385">
      <ele>1097.5</ele></trkpt>
      <trkpt lat="47.204721853519004" lon="9.352560510835735">
      <ele>1097.3</ele></trkpt>
      <trkpt lat="47.20477125226923" lon="9.35253760397138">
      <ele>1097.0</ele></trkpt>
      <trkpt lat="47.204845704944276" lon="9.35249219918289">
      <ele>1096.8</ele></trkpt>
      <trkpt lat="47.20494881493695" lon="9.352416992285036">
      <ele>1096.5</ele></trkpt>
      <trkpt lat="47.20503071433723" lon="9.352352287571756">
      <ele>1096.3</ele></trkpt>
      <trkpt lat="47.20506261733389" lon="9.352331288956147">
      <ele>1096.0</ele></trkpt>
      <trkpt lat="47.205094593359654" lon="9.352310226917005">
      <ele>1095.8</ele></trkpt>
      <trkpt lat="47.20513249536953" lon="9.35229044639877">
      <ele>1095.5</ele></trkpt>
      <trkpt lat="47.20517718769747" lon="9.352273536244759">
      <ele>1095.3</ele></trkpt>
      <trkpt lat="47.20519791835694" lon="9.352268086329842">
      <ele>1095.1</ele></trkpt>
      <trkpt lat="47.20522129706971" lon="9.35226192584475">
      <ele>1094.8</ele></trkpt>
      <trkpt lat="47.20527884277812" lon="9.352247957843632">
      <ele>1094.6</ele></trkpt>
      <trkpt lat="47.205314827042116" lon="9.352249364797865">
      <ele>1094.3</ele></trkpt>
      <trkpt lat="47.205366147157356" lon="9.352255387147364">
      <ele>1094.1</ele></trkpt>
      <trkpt lat="47.205417397525146" lon="9.352265605455955">
      <ele>1093.8</ele></trkpt>
      <trkpt lat="47.20546850861655" lon="9.35228420249234">
      <ele>1093.6</ele></trkpt>
      <trkpt lat="47.20551948042751" lon="9.352311178280509">
      <ele>1093.3</ele></trkpt>
      <trkpt lat="47.205570347607555" lon="9.352344448059277">
      <ele>1093.1</ele></trkpt>
      <trkpt lat="47.205612610685876" lon="9.35237949590488">
      <ele>1092.7</ele></trkpt>
      <trkpt lat="47.205654743460286" lon="9.35242292286504">
      <ele>1092.2</ele></trkpt>
      <trkpt lat="47.20569791397313" lon="9.352489439005197">
      <ele>1091.8</ele></trkpt>
      <trkpt lat="47.20573102450942" lon="9.352559793545426">
      <ele>1091.4</ele></trkpt>
      <trkpt lat="47.20576813131666" lon="9.352657119233562">
      <ele>1090.9</ele></trkpt>
      <trkpt lat="47.205800804310606" lon="9.352751619343273">
      <ele>1090.5</ele></trkpt>
      <trkpt lat="47.20594128583127" lon="9.353236676506876">
      <ele>1090.1</ele></trkpt>
      <trkpt lat="47.20606027683806" lon="9.353608306734632">
      <ele>1089.6</ele></trkpt>
      <trkpt lat="47.206064453579415" lon="9.353622794621579">
      <ele>1089.2</ele></trkpt>
      <trkpt lat="47.20615022846719" lon="9.353920119121948">
      <ele>1088.8</ele></trkpt>
      <trkpt lat="47.20627235597839" lon="9.354203696009247">
      <ele>1088.3</ele></trkpt>
      <trkpt lat="47.206346641491365" lon="9.354353306187676">
      <ele>1087.9</ele></trkpt>
      <trkpt lat="47.20641095927485" lon="9.354500117007623">
      <ele>1087.4</ele></trkpt>
      <trkpt lat="47.206473482029644" lon="9.354654217879377">
      <ele>1087.0</ele></trkpt>
      <trkpt lat="47.206510108517236" lon="9.354760837294888">
      <ele>1086.6</ele></trkpt>
      <trkpt lat="47.206541350560805" lon="9.354889312761477">
      <ele>1086.1</ele></trkpt>
      <trkpt lat="47.20657034052567" lon="9.35505199571396">
      <ele>1085.7</ele></trkpt>
      <trkpt lat="47.20660399019164" lon="9.355236881660497">
      <ele>1085.3</ele></trkpt>
      <trkpt lat="47.20662097053633" lon="9.355308628050837">
      <ele>1084.8</ele></trkpt>
      <trkpt lat="47.20663204944532" lon="9.355355460128473">
      <ele>1084.4</ele></trkpt>
      <trkpt lat="47.20667822626181" lon="9.355489356903536">
      <ele>1084.4</ele></trkpt>
      <trkpt lat="47.206732298886784" lon="9.355650497584348">
      <ele>1084.5</ele></trkpt>
      <trkpt lat="47.206768580165964" lon="9.355776712315306">
      <ele>1084.5</ele></trkpt>
      <trkpt lat="47.206798035145674" lon="9.355912479022706">
      <ele>1084.6</ele></trkpt>
      <trkpt lat="47.20682846057596" lon="9.356089909818529">
      <ele>1084.6</ele></trkpt>
      <trkpt lat="47.206852743755164" lon="9.356235274782186">
      <ele>1084.7</ele></trkpt>
      <trkpt lat="47.20687742526606" lon="9.356356175750596">
      <ele>1084.7</ele></trkpt>
      <trkpt lat="47.20690919548936" lon="9.35645283951636">
      <ele>1084.8</ele></trkpt>
      <trkpt lat="47.206949636682445" lon="9.356530207970394">
      <ele>1084.8</ele></trkpt>
      <trkpt lat="47.206993486216426" lon="9.35660281370061">
      <ele>1084.8</ele></trkpt>
      <trkpt lat="47.20705572958158" lon="9.356673610567148">
      <ele>1084.9</ele></trkpt>
      <trkpt lat="47.207073608880485" lon="9.35669566749774">
      <ele>1084.9</ele></trkpt>
      <trkpt lat="47.207137675529424" lon="9.356768272814577">
      <ele>1085.0</ele></trkpt>
      <trkpt lat="47.20716626872007" lon="9.356807191739245">
      <ele>1085.0</ele></trkpt>
      <trkpt lat="47.20718460302768" lon="9.35684675921181">
      <ele>1085.1</ele></trkpt>
      <trkpt lat="47.20720246566694" lon="9.356889254081098">
      <ele>1085.1</ele></trkpt>
      <trkpt lat="47.207216127137904" lon="9.356929010404675">
      <ele>1085.2</ele></trkpt>
      <trkpt lat="47.20722895164457" lon="9.35699577670991">
      <ele>1085.2</ele></trkpt>
      <trkpt lat="47.20724006141016" lon="9.357130886908305">
      <ele>1085.3</ele></trkpt>
      <trkpt lat="47.2073394169777" lon="9.357153742567409">
      <ele>1085.3</ele></trkpt>
      <trkpt lat="47.207386573400484" lon="9.357161785746646">
      <ele>1085.6</ele></trkpt>
      <trkpt lat="47.20745405884998" lon="9.357180936261186">
      <ele>1085.8</ele></trkpt>
      <trkpt lat="47.207509938165025" lon="9.3571752179507">
      <ele>1086.1</ele></trkpt>
      <trkpt lat="47.20755730920009" lon="9.357145005987942">
      <ele>1086.3</ele></trkpt>
      <trkpt lat="47.20762929109524" lon="9.357108679540467">
      <ele>1086.6</ele></trkpt>
      <trkpt lat="47.20767093637906" lon="9.357088388839612">
      <ele>1086.9</ele></trkpt>
      <trkpt lat="47.20772025337615" lon="9.357063963552605">
      <ele>1087.1</ele></trkpt>
      <trkpt lat="47.20777912137531" lon="9.357036553769436">
      <ele>1087.4</ele></trkpt>
      <trkpt lat="47.207826797599964" lon="9.357018261835682">
      <ele>1087.6</ele></trkpt>
      <trkpt lat="47.20785480195803" lon="9.357012599202085">
      <ele>1087.9</ele></trkpt>
      <trkpt lat="47.20788476442804" lon="9.357006056198415">
      <ele>1088.2</ele></trkpt>
      <trkpt lat="47.20792040420665" lon="9.357009236508425">
      <ele>1088.4</ele></trkpt>
      <trkpt lat="47.20795096639098" lon="9.357005580133752">
      <ele>1088.7</ele></trkpt>
      <trkpt lat="47.207974699546185" lon="9.356983563737549">
      <ele>1088.9</ele></trkpt>
      <trkpt lat="47.208006321628176" lon="9.356955175961579">
      <ele>1089.2</ele></trkpt>
      <trkpt lat="47.20803970457458" lon="9.356938285421599">
      <ele>1089.5</ele></trkpt>
      <trkpt lat="47.208081938649016" lon="9.356935034659593">
      <ele>1089.7</ele></trkpt>
      <trkpt lat="47.20811376402375" lon="9.356933324844181">
      <ele>1090.0</ele></trkpt>
      <trkpt lat="47.208155264461155" lon="9.356935764797445">
      <ele>1090.2</ele></trkpt>
      <trkpt lat="47.2082294122707" lon="9.356926040959713">
      <ele>1090.5</ele></trkpt>
      <trkpt lat="47.20832274144878" lon="9.356916384886484">
      <ele>1091.3</ele></trkpt>
      <trkpt lat="47.208353649674386" lon="9.35691895965094">
      <ele>1092.1</ele></trkpt>
      <trkpt lat="47.208423245147365" lon="9.356918393999917">
      <ele>1092.8</ele></trkpt>
      <trkpt lat="47.208472145354825" lon="9.35691628025591">
      <ele>1093.6</ele></trkpt>
      <trkpt lat="47.20851440872951" lon="9.356915050627595">
      <ele>1094.4</ele></trkpt>
      <trkpt lat="47.208566901696436" lon="9.356931669475054">
      <ele>1095.2</ele></trkpt>
      <trkpt lat="47.208606645657355" lon="9.356948807885091">
      <ele>1096.0</ele></trkpt>
      <trkpt lat="47.208672712965104" lon="9.356953172586367">
      <ele>1096.7</ele></trkpt>
      <trkpt lat="47.20874217701567" lon="9.356937814342412">
      <ele>1097.5</ele></trkpt>
      <trkpt lat="47.208803657498905" lon="9.356910207170932">
      <ele>1098.3</ele></trkpt>
      <trkpt lat="47.20886417558636" lon="9.356872319462273">
      <ele>1099.1</ele></trkpt>
      <trkpt lat="47.208895909891424" lon="9.356844753794055">
      <ele>1099.9</ele></trkpt>
      <trkpt lat="47.2089386574812" lon="9.356806360291374">
      <ele>1100.6</ele></trkpt>
      <trkpt lat="47.20897337856191" lon="9.356786916281514">
      <ele>1101.4</ele></trkpt>
      <trkpt lat="47.209004380638284" lon="9.356784397794785">
      <ele>1102.2</ele></trkpt>
      <trkpt lat="47.209057360387085" lon="9.356782060596098">
      <ele>1103.0</ele></trkpt>
      <trkpt lat="47.209098378767486" lon="9.356756729240333">
      <ele>1103.8</ele></trkpt>
      <trkpt lat="47.209112939990305" lon="9.356739783407512">
      <ele>1104.5</ele></trkpt>
      <trkpt lat="47.209114883185414" lon="9.356694432792061">
      <ele>1105.3</ele></trkpt>
      <trkpt lat="47.20910943613844" lon="9.356650903164415">
      <ele>1106.1</ele></trkpt>
      <trkpt lat="47.20910070550482" lon="9.35661706599072">
      <ele>1106.9</ele></trkpt>
      <trkpt lat="47.20913705463869" lon="9.356578204915754">
      <ele>1107.7</ele></trkpt>
      <trkpt lat="47.20918919911897" lon="9.356520686073928">
      <ele>1108.5</ele></trkpt>
      <trkpt lat="47.20923385504788" lon="9.356483852582484">
      <ele>1109.2</ele></trkpt>
      <trkpt lat="47.20928956032868" lon="9.356426461299831">
      <ele>1110.0</ele></trkpt>
      <trkpt lat="47.20935249252215" lon="9.356364087330029">
      <ele>1110.8</ele></trkpt>
      <trkpt lat="47.209406923534424" lon="9.356311891934364">
      <ele>1111.6</ele></trkpt>
      <trkpt lat="47.20942924393664" lon="9.35625854446983">
      <ele>1112.4</ele></trkpt>
      <trkpt lat="47.20945976568998" lon="9.356212475917879">
      <ele>1113.2</ele></trkpt>
      <trkpt lat="47.20951503457719" lon="9.356181277774255">
      <ele>1113.9</ele></trkpt>
      <trkpt lat="47.20956163703252" lon="9.356170722942805">
      <ele>1114.7</ele></trkpt>
      <trkpt lat="47.2096023449942" lon="9.356156457656924">
      <ele>1115.5</ele></trkpt>
      <trkpt lat="47.209633646639865" lon="9.356134870153793">
      <ele>1116.3</ele></trkpt>
      <trkpt lat="47.20969173441252" lon="9.356077576750947">
      <ele>1117.1</ele></trkpt>
      <trkpt lat="47.20975454723139" lon="9.35603100250576">
      <ele>1117.9</ele></trkpt>
      <trkpt lat="47.20981329401192" lon="9.356006530635328">
      <ele>1118.7</ele></trkpt>
      <trkpt lat="47.2098875957225" lon="9.356015111159314">
      <ele>1119.4</ele></trkpt>
      <trkpt lat="47.209931443641864" lon="9.356040292381898">
      <ele>1120.2</ele></trkpt>
      <trkpt lat="47.20997504541857" lon="9.356080253070566">
      <ele>1121.0</ele></trkpt>
      <trkpt lat="47.21002707068075" lon="9.356096867971269">
      <ele>1121.8</ele></trkpt>
      <trkpt lat="47.21004143209415" lon="9.356229672170778">
      <ele>1122.9</ele></trkpt>
      <trkpt lat="47.210079829334745" lon="9.3562585268203">
      <ele>1124.0</ele></trkpt>
      <trkpt lat="47.21013170671739" lon="9.356288340460797">
      <ele>1125.1</ele></trkpt>
      <trkpt lat="47.21019896314455" lon="9.356323947835136">
      <ele>1126.1</ele></trkpt>
      <trkpt lat="47.21025934187681" lon="9.356343569533804">
      <ele>1127.2</ele></trkpt>
      <trkpt lat="47.21032569313732" lon="9.356361675846284">
      <ele>1128.3</ele></trkpt>
      <trkpt lat="47.21040774347104" lon="9.356366362513645">
      <ele>1129.4</ele></trkpt>
      <trkpt lat="47.21047206986815" lon="9.356363428427834">
      <ele>1130.5</ele></trkpt>
      <trkpt lat="47.210520755435006" lon="9.35637041710595">
      <ele>1131.6</ele></trkpt>
      <trkpt lat="47.21057832757649" lon="9.356382979799099">
      <ele>1132.7</ele></trkpt>
      <trkpt lat="47.210649333007396" lon="9.356412278563974">
      <ele>1133.7</ele></trkpt>
      <trkpt lat="47.21072690981204" lon="9.356443001540507">
      <ele>1134.8</ele></trkpt>
      <trkpt lat="47.210800906321346" lon="9.35645963951387">
      <ele>1135.9</ele></trkpt>
      <trkpt lat="47.21089378514622" lon="9.356485115116653">
      <ele>1137.0</ele></trkpt>
      <trkpt lat="47.21093843551393" lon="9.356519912126302">
      <ele>1138.1</ele></trkpt>
      <trkpt lat="47.21097603368016" lon="9.35654920094074">
      <ele>1139.2</ele></trkpt>
      <trkpt lat="47.211017201458034" lon="9.35657863108492">
      <ele>1140.2</ele></trkpt>
      <trkpt lat="47.21106478732596" lon="9.356580338555043">
      <ele>1141.3</ele></trkpt>
      <trkpt lat="47.21115021154542" lon="9.356587193317766">
      <ele>1142.4</ele></trkpt>
      <trkpt lat="47.211173961915726" lon="9.35658844165395">
      <ele>1143.5</ele></trkpt>
      <trkpt lat="47.21123013930074" lon="9.356585888797705">
      <ele>1146.5</ele></trkpt>
      <trkpt lat="47.211316745027624" lon="9.356580149630634">
      <ele>1149.5</ele></trkpt>
      <trkpt lat="47.21139884899715" lon="9.356603760193824">
      <ele>1152.5</ele></trkpt>
      <trkpt lat="47.21150457806432" lon="9.356657743114827">
      <ele>1155.5</ele></trkpt>
      <trkpt lat="47.21159466266013" lon="9.356684597999475">
      <ele>1158.5</ele></trkpt>
      <trkpt lat="47.211681121094784" lon="9.356687700496014">
      <ele>1161.5</ele></trkpt>
      <trkpt lat="47.21181193681753" lon="9.356686479233153">
      <ele>1164.5</ele></trkpt>
      <trkpt lat="47.21186686057629" lon="9.356650078534862">
      <ele>1167.5</ele></trkpt>
      <trkpt lat="47.21191560338211" lon="9.356622302838495">
      <ele>1170.5</ele></trkpt>
      <trkpt lat="47.21196004094641" lon="9.356612079562524">
      <ele>1173.5</ele></trkpt>
      <trkpt lat="47.21216161260818" lon="9.356589774488508">
      <ele>1176.6</ele></trkpt>
      <trkpt lat="47.21249244961912" lon="9.356536706561592">
      <ele>1179.6</ele></trkpt>
      <trkpt lat="47.21250410050081" lon="9.356535672131821">
      <ele>1182.6</ele></trkpt>
      <trkpt lat="47.21261133650761" lon="9.356526196688515">
      <ele>1185.6</ele></trkpt>
      <trkpt lat="47.21272749861422" lon="9.35654963015005">
      <ele>1188.6</ele></trkpt>
      <trkpt lat="47.212988068841724" lon="9.356566599101265">
      <ele>1191.6</ele></trkpt>
      <trkpt lat="47.21304730944079" lon="9.356569200191085">
      <ele>1194.6</ele></trkpt>
      <trkpt lat="47.213198283649575" lon="9.356559075797348">
      <ele>1197.6</ele></trkpt>
      <trkpt lat="47.213355869180944" lon="9.356520428880499">
      <ele>1200.6</ele></trkpt>
      <trkpt lat="47.21348676359723" lon="9.356518800641776">
      <ele>1203.6</ele></trkpt>
      <trkpt lat="47.21352012649895" lon="9.356518769745303">
      <ele>1205.1</ele></trkpt>
      <trkpt lat="47.21359764681544" lon="9.35652155135843">
      <ele>1206.6</ele></trkpt>
      <trkpt lat="47.213621634072744" lon="9.356533424801261">
      <ele>1208.1</ele></trkpt>
      <trkpt lat="47.213647203301875" lon="9.356550253967379">
      <ele>1209.6</ele></trkpt>
      <trkpt lat="47.21368799299645" lon="9.356555388536686">
      <ele>1211.1</ele></trkpt>
      <trkpt lat="47.213737007315615" lon="9.356566945235036">
      <ele>1212.6</ele></trkpt>
      <trkpt lat="47.213791877905486" lon="9.356577484057542">
      <ele>1214.1</ele></trkpt>
      <trkpt lat="47.21383452590649" lon="9.356570444536622">
      <ele>1215.6</ele></trkpt>
      <trkpt lat="47.21387059236409" lon="9.356558269869026">
      <ele>1217.1</ele></trkpt>
      <trkpt lat="47.213928472059784" lon="9.35653832121546">
      <ele>1218.5</ele></trkpt>
      <trkpt lat="47.213966263147974" lon="9.356522537458405">
      <ele>1220.0</ele></trkpt>
      <trkpt lat="47.21399641221922" lon="9.356515049376856">
      <ele>1221.5</ele></trkpt>
      <trkpt lat="47.21402648873061" lon="9.356512457664696">
      <ele>1223.0</ele></trkpt>
      <trkpt lat="47.21406726943092" lon="9.356517591918324">
      <ele>1224.5</ele></trkpt>
      <trkpt lat="47.21413376201971" lon="9.356530990678792">
      <ele>1226.0</ele></trkpt>
      <trkpt lat="47.214207119013345" lon="9.356533622947442">
      <ele>1227.5</ele></trkpt>
      <trkpt lat="47.214298015164694" lon="9.356534441682548">
      <ele>1229.0</ele></trkpt>
      <trkpt lat="47.21435802798103" lon="9.356536595131818">
      <ele>1230.5</ele></trkpt>
      <trkpt lat="47.214405532881266" lon="9.356538299760931">
      <ele>1232.0</ele></trkpt>
      <trkpt lat="47.21443647732311" lon="9.356533296278634">
      <ele>1233.5</ele></trkpt>
      <trkpt lat="47.21447756378335" lon="9.356520073523903">
      <ele>1234.8</ele></trkpt>
      <trkpt lat="47.214503365994375" lon="9.356523455499232">
      <ele>1236.2</ele></trkpt>
      <trkpt lat="47.21456155239783" lon="9.356535328263073">
      <ele>1237.5</ele></trkpt>
      <trkpt lat="47.214600619687744" lon="9.356542857221498">
      <ele>1238.9</ele></trkpt>
      <trkpt lat="47.214624831152065" lon="9.35654126989246">
      <ele>1240.2</ele></trkpt>
      <trkpt lat="47.214649173606915" lon="9.356532358511716">
      <ele>1241.6</ele></trkpt>
      <trkpt lat="47.21467125193876" lon="9.356508668756888">
      <ele>1242.9</ele></trkpt>
      <trkpt lat="47.21469099358089" lon="9.35647509705154">
      <ele>1244.3</ele></trkpt>
      <trkpt lat="47.21470908291764" lon="9.356440251177013">
      <ele>1245.6</ele></trkpt>
      <trkpt lat="47.21473025241605" lon="9.356421427794137">
      <ele>1247.0</ele></trkpt>
      <trkpt lat="47.214756249614375" lon="9.356412562510538">
      <ele>1248.3</ele></trkpt>
      <trkpt lat="47.214786357789166" lon="9.356407528916243">
      <ele>1249.6</ele></trkpt>
      <trkpt lat="47.21481132242134" lon="9.35639907553698">
      <ele>1251.0</ele></trkpt>
      <trkpt lat="47.21486728184817" lon="9.356423650775398">
      <ele>1252.3</ele></trkpt>
      <trkpt lat="47.214924720274965" lon="9.356462065179763">
      <ele>1253.7</ele></trkpt>
      <trkpt lat="47.214984951120734" lon="9.35648678060148">
      <ele>1255.0</ele></trkpt>
      <trkpt lat="47.215039285570214" lon="9.35650627978287">
      <ele>1256.4</ele></trkpt>
      <trkpt lat="47.21511497782121" lon="9.356503753443269">
      <ele>1257.7</ele></trkpt>
      <trkpt lat="47.215187919893005" lon="9.356493482664849">
      <ele>1259.1</ele></trkpt>
      <trkpt lat="47.21522598418474" lon="9.35646723666273">
      <ele>1260.4</ele></trkpt>
      <trkpt lat="47.21526262381128" lon="9.356451978973382">
      <ele>1261.6</ele></trkpt>
      <trkpt lat="47.215293939472076" lon="9.356454938159494">
      <ele>1262.7</ele></trkpt>
      <trkpt lat="47.215331470242255" lon="9.356461804591532">
      <ele>1263.9</ele></trkpt>
      <trkpt lat="47.21537653990947" lon="9.35646710603434">
      <ele>1265.0</ele></trkpt>
      <trkpt lat="47.21542685065402" lon="9.356459707325357">
      <ele>1266.2</ele></trkpt>
      <trkpt lat="47.21546599905374" lon="9.356444539593493">
      <ele>1267.4</ele></trkpt>
      <trkpt lat="47.21549761213093" lon="9.356429101457548">
      <ele>1268.5</ele></trkpt>
      <trkpt lat="47.215537211359255" lon="9.356386324633315">
      <ele>1269.7</ele></trkpt>
      <trkpt lat="47.21556826663485" lon="9.356330366133173">
      <ele>1270.8</ele></trkpt>
      <trkpt lat="47.215623690571974" lon="9.356254734609582">
      <ele>1272.0</ele></trkpt>
      <trkpt lat="47.215642325515226" lon="9.35623196397705">
      <ele>1273.2</ele></trkpt>
      <trkpt lat="47.21567416550404" lon="9.356218025994888">
      <ele>1274.3</ele></trkpt>
      <trkpt lat="47.21570548051882" lon="9.356226967005647">
      <ele>1275.5</ele></trkpt>
      <trkpt lat="47.21572048704092" lon="9.356242163207538">
      <ele>1276.6</ele></trkpt>
      <trkpt lat="47.21571773802124" lon="9.35625703929518">
      <ele>1277.8</ele></trkpt>
      <trkpt lat="47.2157051797759" lon="9.356272038822995">
      <ele>1279.0</ele></trkpt>
      <trkpt lat="47.21567740815337" lon="9.35628534364423">
      <ele>1280.1</ele></trkpt>
      <trkpt lat="47.21565834208012" lon="9.356306448154161">
      <ele>1281.3</ele></trkpt>
      <trkpt lat="47.21565659212985" lon="9.356325083935717">
      <ele>1282.4</ele></trkpt>
      <trkpt lat="47.21567082698525" lon="9.35634285389003">
      <ele>1283.6</ele></trkpt>
      <trkpt lat="47.21568484940821" lon="9.356364194844065">
      <ele>1284.6</ele></trkpt>
      <trkpt lat="47.215700275211894" lon="9.356362318575002">
      <ele>1285.7</ele></trkpt>
      <trkpt lat="47.21572651252688" lon="9.356354161593256">
      <ele>1286.7</ele></trkpt>
      <trkpt lat="47.2157521104452" lon="9.356342257787281">
      <ele>1287.7</ele></trkpt>
      <trkpt lat="47.215775238333485" lon="9.356332259334955">
      <ele>1288.8</ele></trkpt>
      <trkpt lat="47.21582833345964" lon="9.35630840096807">
      <ele>1289.8</ele></trkpt>
      <trkpt lat="47.215895305670685" lon="9.356279494245518">
      <ele>1290.8</ele></trkpt>
      <trkpt lat="47.21593839667035" lon="9.356253414891636">
      <ele>1291.9</ele></trkpt>
      <trkpt lat="47.21595145244401" lon="9.356222586812434">
      <ele>1292.9</ele></trkpt>
      <trkpt lat="47.215952247426436" lon="9.356205105137827">
      <ele>1293.9</ele></trkpt>
      <trkpt lat="47.215955423191076" lon="9.356134346353343">
      <ele>1295.0</ele></trkpt>
      <trkpt lat="47.215969379355045" lon="9.356125629768265">
      <ele>1296.0</ele></trkpt>
      <trkpt lat="47.215994182309764" lon="9.356143092247736">
      <ele>1297.1</ele></trkpt>
      <trkpt lat="47.216012647508734" lon="9.356164011638839">
      <ele>1298.1</ele></trkpt>
      <trkpt lat="47.216022743466205" lon="9.356167741204395">
      <ele>1299.1</ele></trkpt>
      <trkpt lat="47.21605130554645" lon="9.35617828695886">
      <ele>1300.2</ele></trkpt>
      <trkpt lat="47.21606340138763" lon="9.356146209469335">
      <ele>1301.2</ele></trkpt>
      <trkpt lat="47.21606706279708" lon="9.356136516082664">
      <ele>1302.2</ele></trkpt>
      <trkpt lat="47.21607267871" lon="9.356141286599648">
      <ele>1303.3</ele></trkpt>
      <trkpt lat="47.216107883487666" lon="9.35617112594037">
      <ele>1304.3</ele></trkpt>
      <trkpt lat="47.21611522476914" lon="9.356118752933577">
      <ele>1305.8</ele></trkpt>
      <trkpt lat="47.21615011402154" lon="9.356121074269709">
      <ele>1307.3</ele></trkpt>
      <trkpt lat="47.21616044649062" lon="9.356103036736007">
      <ele>1308.8</ele></trkpt>
      <trkpt lat="47.21619045993801" lon="9.356109633335974">
      <ele>1310.2</ele></trkpt>
      <trkpt lat="47.21619203111247" lon="9.356071473462485">
      <ele>1311.7</ele></trkpt>
      <trkpt lat="47.21620863321365" lon="9.356047044955153">
      <ele>1313.2</ele></trkpt>
      <trkpt lat="47.21624290944865" lon="9.356037010461042">
      <ele>1314.7</ele></trkpt>
      <trkpt lat="47.216284555269034" lon="9.35604476384764">
      <ele>1316.2</ele></trkpt>
      <trkpt lat="47.216312557508395" lon="9.356053269081979">
      <ele>1317.7</ele></trkpt>
      <trkpt lat="47.21631853962103" lon="9.35600092633305">
      <ele>1319.2</ele></trkpt>
      <trkpt lat="47.21632137308728" lon="9.355984758969493">
      <ele>1320.6</ele></trkpt>
      <trkpt lat="47.216355369587085" lon="9.355990983401902">
      <ele>1322.1</ele></trkpt>
      <trkpt lat="47.21638402940851" lon="9.356010789606394">
      <ele>1323.6</ele></trkpt>
      <trkpt lat="47.21642993313758" lon="9.356042729562022">
      <ele>1325.1</ele></trkpt>
      <trkpt lat="47.216449151655844" lon="9.356019490848707">
      <ele>1326.6</ele></trkpt>
      <trkpt lat="47.21648899596583" lon="9.355961984519062">
      <ele>1328.1</ele></trkpt>
      <trkpt lat="47.21650917958138" lon="9.355955353166816">
      <ele>1329.5</ele></trkpt>
      <trkpt lat="47.21654942717851" lon="9.356024923778055">
      <ele>1331.0</ele></trkpt>
      <trkpt lat="47.216567093249395" lon="9.35601818891984">
      <ele>1332.5</ele></trkpt>
      <trkpt lat="47.21658688511611" lon="9.355959976309547">
      <ele>1334.0</ele></trkpt>
      <trkpt lat="47.216601567548416" lon="9.35590710024014">
      <ele>1335.5</ele></trkpt>
      <trkpt lat="47.21669141624281" lon="9.355878960409365">
      <ele>1336.9</ele></trkpt>
      <trkpt lat="47.21673770846815" lon="9.355834071741976">
      <ele>1338.4</ele></trkpt>
      <trkpt lat="47.21676696922859" lon="9.355812922965105">
      <ele>1339.8</ele></trkpt>
      <trkpt lat="47.21678608291879" lon="9.355843532217014">
      <ele>1341.3</ele></trkpt>
      <trkpt lat="47.21680892312038" lon="9.355891878084472">
      <ele>1342.7</ele></trkpt>
      <trkpt lat="47.216850883170686" lon="9.355887784174177">
      <ele>1344.2</ele></trkpt>
      <trkpt lat="47.216889420386984" lon="9.355861223753273">
      <ele>1345.6</ele></trkpt>
      <trkpt lat="47.2169496479857" lon="9.355798056532757">
      <ele>1347.1</ele></trkpt>
      <trkpt lat="47.216969284581204" lon="9.355771319833348">
      <ele>1348.5</ele></trkpt>
      <trkpt lat="47.21698970734608" lon="9.355740055406066">
      <ele>1350.0</ele></trkpt>
      <trkpt lat="47.217009981007905" lon="9.355757197103575">
      <ele>1351.5</ele></trkpt>
      <trkpt lat="47.21703430616659" lon="9.355766072213225">
      <ele>1352.9</ele></trkpt>
      <trkpt lat="47.21705413799668" lon="9.35579407945741">
      <ele>1354.4</ele></trkpt>
      <trkpt lat="47.21706796954953" lon="9.355827431020465">
      <ele>1355.8</ele></trkpt>
      <trkpt lat="47.21709218050674" lon="9.355902607178837">
      <ele>1357.3</ele></trkpt>
      <trkpt lat="47.2171218261027" lon="9.355931296699639">
      <ele>1358.7</ele></trkpt>
      <trkpt lat="47.217143045183995" lon="9.35593596675405">
      <ele>1360.2</ele></trkpt>
      <trkpt lat="47.21715182156859" lon="9.355937892675547">
      <ele>1361.6</ele></trkpt>
      <trkpt lat="47.217169980465115" lon="9.355977210033192">
      <ele>1363.1</ele></trkpt>
      <trkpt lat="47.21718732741258" lon="9.35599072099415">
      <ele>1364.1</ele></trkpt>
      <trkpt lat="47.21719940701305" lon="9.355983930892586">
      <ele>1365.1</ele></trkpt>
      <trkpt lat="47.21721242979608" lon="9.355966966705019">
      <ele>1366.1</ele></trkpt>
      <trkpt lat="47.21722095025082" lon="9.35595508361163">
      <ele>1367.1</ele></trkpt>
      <trkpt lat="47.21723979470533" lon="9.355961873830447">
      <ele>1368.0</ele></trkpt>
      <trkpt lat="47.21726210790755" lon="9.35597486306929">
      <ele>1369.0</ele></trkpt>
      <trkpt lat="47.21728563429175" lon="9.35600361051251">
      <ele>1370.0</ele></trkpt>
      <trkpt lat="47.2172973224666" lon="9.356014924454067">
      <ele>1371.0</ele></trkpt>
      <trkpt lat="47.21739279741121" lon="9.356082793139157">
      <ele>1372.0</ele></trkpt>
      <trkpt lat="47.217416494437664" lon="9.356091025261051">
      <ele>1373.0</ele></trkpt>
      <trkpt lat="47.217424722795826" lon="9.356110732759989">
      <ele>1374.0</ele></trkpt>
      <trkpt lat="47.21746838797581" lon="9.35612149047815">
      <ele>1375.0</ele></trkpt>
      <trkpt lat="47.217510914918485" lon="9.356137925428342">
      <ele>1376.0</ele></trkpt>
      <trkpt lat="47.217550978618185" lon="9.35616936611152">
      <ele>1377.0</ele></trkpt>
      <trkpt lat="47.217577325969884" lon="9.356218895103902">
      <ele>1378.0</ele></trkpt>
      <trkpt lat="47.21758522213518" lon="9.356260710279322">
      <ele>1378.9</ele></trkpt>
      <trkpt lat="47.21759527060865" lon="9.35627971724469">
      <ele>1379.9</ele></trkpt>
      <trkpt lat="47.2176208941689" lon="9.356323000483677">
      <ele>1380.9</ele></trkpt>
      <trkpt lat="47.217640596871405" lon="9.356345787364226">
      <ele>1381.9</ele></trkpt>
      <trkpt lat="47.21766361871003" lon="9.356344857069642">
      <ele>1382.9</ele></trkpt>
      <trkpt lat="47.21768676299103" lon="9.356360345860821">
      <ele>1383.1</ele></trkpt>
      <trkpt lat="47.21770607541524" lon="9.35639197981174">
      <ele>1383.3</ele></trkpt>
      <trkpt lat="47.21770951900692" lon="9.35642561947488">
      <ele>1383.6</ele></trkpt>
      <trkpt lat="47.21771275673191" lon="9.356457033195626">
      <ele>1383.8</ele></trkpt>
      <trkpt lat="47.21772113465222" lon="9.35648126258425">
      <ele>1384.0</ele></trkpt>
      <trkpt lat="47.217758358759085" lon="9.35650654032581">
      <ele>1384.2</ele></trkpt>
      <trkpt lat="47.2177882007563" lon="9.356522348798086">
      <ele>1384.4</ele></trkpt>
      <trkpt lat="47.21781701661283" lon="9.356525218457028">
      <ele>1384.7</ele></trkpt>
      <trkpt lat="47.21783676217997" lon="9.356544349044373">
      <ele>1384.9</ele></trkpt>
      <trkpt lat="47.21786523502088" lon="9.356564571971742">
      <ele>1385.1</ele></trkpt>
      <trkpt lat="47.21786017680323" lon="9.356635437390269">
      <ele>1385.3</ele></trkpt>
      <trkpt lat="47.21785833194872" lon="9.356746193840944">
      <ele>1385.5</ele></trkpt>
      <trkpt lat="47.21786276873643" lon="9.356828770172298">
      <ele>1385.8</ele></trkpt>
      <trkpt lat="47.21787823726943" lon="9.356945852944902">
      <ele>1386.0</ele></trkpt>
      <trkpt lat="47.21789613034489" lon="9.357034590815513">
      <ele>1386.2</ele></trkpt>
      <trkpt lat="47.21791773888333" lon="9.357131993045705">
      <ele>1386.4</ele></trkpt>
      <trkpt lat="47.217950965030504" lon="9.357229812412287">
      <ele>1386.6</ele></trkpt>
      <trkpt lat="47.21798239986999" lon="9.35731903665883">
      <ele>1386.9</ele></trkpt>
      <trkpt lat="47.21802704520588" lon="9.357428636428253">
      <ele>1387.1</ele></trkpt>
      <trkpt lat="47.21805850919154" lon="9.3575150227234">
      <ele>1387.3</ele></trkpt>
      <trkpt lat="47.21808069441608" lon="9.35757833556033">
      <ele>1387.8</ele></trkpt>
      <trkpt lat="47.21812340599995" lon="9.357687879527756">
      <ele>1388.4</ele></trkpt>
      <trkpt lat="47.218154840483145" lon="9.357777104332625">
      <ele>1388.9</ele></trkpt>
      <trkpt lat="47.2181801257848" lon="9.357885996412286">
      <ele>1389.5</ele></trkpt>
      <trkpt lat="47.21820358106454" lon="9.35798915757152">
      <ele>1390.0</ele></trkpt>
      <trkpt lat="47.218223113612865" lon="9.358095003991771">
      <ele>1390.5</ele></trkpt>
      <trkpt lat="47.218250198763535" lon="9.358212491999344">
      <ele>1391.1</ele></trkpt>
      <trkpt lat="47.21827869605957" lon="9.358361302334139">
      <ele>1391.6</ele></trkpt>
      <trkpt lat="47.218329434141936" lon="9.358570589133683">
      <ele>1392.2</ele></trkpt>
      <trkpt lat="47.21836184507595" lon="9.358716688031004">
      <ele>1392.7</ele></trkpt>
      <trkpt lat="47.21838349972566" lon="9.358811241029711">
      <ele>1393.2</ele></trkpt>
      <trkpt lat="47.21841402439092" lon="9.358954433188773">
      <ele>1393.8</ele></trkpt>
      <trkpt lat="47.21843860661635" lon="9.359105956203924">
      <ele>1394.3</ele></trkpt>
      <trkpt lat="47.21849060457823" lon="9.359355065892421">
      <ele>1394.9</ele></trkpt>
      <trkpt lat="47.21853175112357" lon="9.359558331240683">
      <ele>1395.4</ele></trkpt>
      <trkpt lat="47.21855138611524" lon="9.359658490864511">
      <ele>1395.9</ele></trkpt>
      <trkpt lat="47.2185793037867" lon="9.35984139299445">
      <ele>1396.5</ele></trkpt>
      <trkpt lat="47.218610215144594" lon="9.359961872776706">
      <ele>1397.0</ele></trkpt>
      <trkpt lat="47.21863971457912" lon="9.360051030231752">
      <ele>1397.6</ele></trkpt>
      <trkpt lat="47.21868426260685" lon="9.360166308800919">
      <ele>1398.1</ele></trkpt>
      <trkpt lat="47.2187246887636" lon="9.360295662200961">
      <ele>1399.2</ele></trkpt>
      <trkpt lat="47.21877637158135" lon="9.36044813488867">
      <ele>1400.2</ele></trkpt>
      <trkpt lat="47.21890264237098" lon="9.360770967145356">
      <ele>1401.3</ele></trkpt>
      <trkpt lat="47.21894685765727" lon="9.36090613644113">
      <ele>1402.4</ele></trkpt>
      <trkpt lat="47.21898347300058" lon="9.361032501485676">
      <ele>1403.5</ele></trkpt>
      <trkpt lat="47.21901824967229" lon="9.361153121962197">
      <ele>1404.5</ele></trkpt>
      <trkpt lat="47.219062511886456" lon="9.361285454267557">
      <ele>1405.6</ele></trkpt>
      <trkpt lat="47.21913111866266" lon="9.361466957316281">
      <ele>1406.7</ele></trkpt>
      <trkpt lat="47.21919963914966" lon="9.361654149568064">
      <ele>1407.8</ele></trkpt>
      <trkpt lat="47.219266122275044" lon="9.361846947627733">
      <ele>1408.8</ele></trkpt>
      <trkpt lat="47.21933256645163" lon="9.36204259730381">
      <ele>1409.9</ele></trkpt>
      <trkpt lat="47.21940083956045" lon="9.362244005161928">
      <ele>1411.0</ele></trkpt>
      <trkpt lat="47.21949511397449" lon="9.36251170691014">
      <ele>1412.1</ele></trkpt>
      <trkpt lat="47.219549995755614" lon="9.36270410269194">
      <ele>1413.1</ele></trkpt>
      <trkpt lat="47.2196081069751" lon="9.362900286486079">
      <ele>1414.2</ele></trkpt>
      <trkpt lat="47.21964530073566" lon="9.363025830175282">
      <ele>1415.3</ele></trkpt>
      <trkpt lat="47.21969668572468" lon="9.363195373205336">
      <ele>1416.4</ele></trkpt>
      <trkpt lat="47.21972764143317" lon="9.363312993425819">
      <ele>1417.4</ele></trkpt>
      <trkpt lat="47.21975339600991" lon="9.363393501793478">
      <ele>1418.5</ele></trkpt>
      <trkpt lat="47.219786949286075" lon="9.36347143857268">
      <ele>1419.6</ele></trkpt>
      <trkpt lat="47.219837815711195" lon="9.363555704147675">
      <ele>1419.6</ele></trkpt>
      <trkpt lat="47.2198903873867" lon="9.363654214856647">
      <ele>1419.5</ele></trkpt>
      <trkpt lat="47.21992606351651" lon="9.363720871063268">
      <ele>1419.5</ele></trkpt>
      <trkpt lat="47.219954083383556" lon="9.363781572852545">
      <ele>1419.5</ele></trkpt>
      <trkpt lat="47.21999113219417" lon="9.363882364159798">
      <ele>1419.4</ele></trkpt>
      <trkpt lat="47.220028029149915" lon="9.363991694627767">
      <ele>1419.4</ele></trkpt>
      <trkpt lat="47.220061107110475" lon="9.364098035090956">
      <ele>1419.4</ele></trkpt>
      <trkpt lat="47.220106966833015" lon="9.364250318856861">
      <ele>1419.4</ele></trkpt>
      <trkpt lat="47.22014943477876" lon="9.364374060605034">
      <ele>1419.3</ele></trkpt>
      <trkpt lat="47.22017480852045" lon="9.364477297772085">
      <ele>1419.3</ele></trkpt>
      <trkpt lat="47.22019046853605" lon="9.364583011142052">
      <ele>1419.3</ele></trkpt>
      <trkpt lat="47.22020598584858" lon="9.364697250747117">
      <ele>1419.2</ele></trkpt>
      <trkpt lat="47.2202373526246" lon="9.364905853341238">
      <ele>1419.2</ele></trkpt>
      <trkpt lat="47.22025248042259" lon="9.365042820496733">
      <ele>1419.2</ele></trkpt>
      <trkpt lat="47.220274409005256" lon="9.365236859972613">
      <ele>1419.2</ele></trkpt>
      <trkpt lat="47.22028496518003" lon="9.365350736222739">
      <ele>1419.1</ele></trkpt>
      <trkpt lat="47.22030073025054" lon="9.365489377422389">
      <ele>1419.1</ele></trkpt>
      <trkpt lat="47.220314085300146" lon="9.365627931811268">
      <ele>1419.1</ele></trkpt>
      <trkpt lat="47.22033121216259" lon="9.365757760791816">
      <ele>1419.0</ele></trkpt>
      <trkpt lat="47.220358996412045" lon="9.365898605350287">
      <ele>1419.0</ele></trkpt>
      <trkpt lat="47.22038781679848" lon="9.366050105389455">
      <ele>1419.9</ele></trkpt>
      <trkpt lat="47.22042404408793" lon="9.366263824100818">
      <ele>1420.8</ele></trkpt>
      <trkpt lat="47.220458701540345" lon="9.366498735643999">
      <ele>1421.6</ele></trkpt>
      <trkpt lat="47.220488914991556" lon="9.366710468345454">
      <ele>1422.5</ele></trkpt>
      <trkpt lat="47.220519560865924" lon="9.366897428391175">
      <ele>1423.4</ele></trkpt>
      <trkpt lat="47.220550484626386" lon="9.367066702032027">
      <ele>1424.2</ele></trkpt>
      <trkpt lat="47.2205747207249" lon="9.367203880534806">
      <ele>1425.1</ele></trkpt>
      <trkpt lat="47.220614907348335" lon="9.36739649453077">
      <ele>1426.0</ele></trkpt>
      <trkpt lat="47.220667526867715" lon="9.367639134760912">
      <ele>1426.9</ele></trkpt>
      <trkpt lat="47.22073853556417" lon="9.367935542719987">
      <ele>1427.8</ele></trkpt>
      <trkpt lat="47.2208309937024" lon="9.368319453284677">
      <ele>1428.6</ele></trkpt>
      <trkpt lat="47.22087720308554" lon="9.368512286608482">
      <ele>1429.5</ele></trkpt>
      <trkpt lat="47.220922414494616" lon="9.368692709688638">
      <ele>1430.4</ele></trkpt>
      <trkpt lat="47.2209655807206" lon="9.368851809841404">
      <ele>1431.2</ele></trkpt>
      <trkpt lat="47.221015827822015" lon="9.369020027648409">
      <ele>1432.1</ele></trkpt>
      <trkpt lat="47.221086250935194" lon="9.369279241767394">
      <ele>1433.0</ele></trkpt>
      <trkpt lat="47.22115201361249" lon="9.36945684297337">
      <ele>1433.9</ele></trkpt>
      <trkpt lat="47.221174875176324" lon="9.369532022262808">
      <ele>1434.8</ele></trkpt>
      <trkpt lat="47.221311636348695" lon="9.369661859000434">
      <ele>1435.6</ele></trkpt>
      <trkpt lat="47.221410398997385" lon="9.369757491467043">
      <ele>1436.5</ele></trkpt>
      <trkpt lat="47.22147460987742" lon="9.369835512577685">
      <ele>1437.3</ele></trkpt>
      <trkpt lat="47.221518197378316" lon="9.369896438669127">
      <ele>1438.0</ele></trkpt>
      <trkpt lat="47.22157693584628" lon="9.369968134414819">
      <ele>1438.8</ele></trkpt>
      <trkpt lat="47.22163679375268" lon="9.370056233932315">
      <ele>1439.6</ele></trkpt>
      <trkpt lat="47.22171013430595" lon="9.37017141937073">
      <ele>1440.4</ele></trkpt>
      <trkpt lat="47.22176160397214" lon="9.370261276404603">
      <ele>1441.2</ele></trkpt>
      <trkpt lat="47.22181024318874" lon="9.370353051940896">
      <ele>1441.9</ele></trkpt>
      <trkpt lat="47.22184404879252" lon="9.370415672304564">
      <ele>1442.7</ele></trkpt>
      <trkpt lat="47.22189575872592" lon="9.370491195896973">
      <ele>1443.5</ele></trkpt>
      <trkpt lat="47.22196128522311" lon="9.370573360294221">
      <ele>1444.2</ele></trkpt>
      <trkpt lat="47.22203106157364" lon="9.37065158441754">
      <ele>1445.0</ele></trkpt>
      <trkpt lat="47.222083285759794" lon="9.370696447572872">
      <ele>1445.8</ele></trkpt>
      <trkpt lat="47.2221643591993" lon="9.370745391425963">
      <ele>1446.6</ele></trkpt>
      <trkpt lat="47.222241227864316" lon="9.37079022133396">
      <ele>1447.3</ele></trkpt>
      <trkpt lat="47.22232854717638" lon="9.370835310365736">
      <ele>1448.1</ele></trkpt>
      <trkpt lat="47.22240653779334" lon="9.37086957593791">
      <ele>1448.9</ele></trkpt>
      <trkpt lat="47.222498437980285" lon="9.370925317200973">
      <ele>1449.7</ele></trkpt>
      <trkpt lat="47.22257142850524" lon="9.370973375200379">
      <ele>1450.5</ele></trkpt>
      <trkpt lat="47.22264407629263" lon="9.371042393649322">
      <ele>1451.2</ele></trkpt>
      <trkpt lat="47.22270695799107" lon="9.371125045355633">
      <ele>1452.0</ele></trkpt>
      <trkpt lat="47.22276072183013" lon="9.371197713188453">
      <ele>1452.7</ele></trkpt>
      <trkpt lat="47.222812534239075" lon="9.371267101285689">
      <ele>1453.3</ele></trkpt>
      <trkpt lat="47.22285618064487" lon="9.37132393804443">
      <ele>1454.0</ele></trkpt>
      <trkpt lat="47.2228886608489" lon="9.371382404937652">
      <ele>1454.6</ele></trkpt>
      <trkpt lat="47.22291264136609" lon="9.371448739659696">
      <ele>1455.3</ele></trkpt>
      <trkpt lat="47.222936406604106" lon="9.371527362439586">
      <ele>1455.9</ele></trkpt>
      <trkpt lat="47.22296579036234" lon="9.371604128215395">
      <ele>1456.6</ele></trkpt>
      <trkpt lat="47.222976244839494" lon="9.371645435111228">
      <ele>1457.2</ele></trkpt>
      <trkpt lat="47.22297977385837" lon="9.371684444413697">
      <ele>1457.9</ele></trkpt>
      <trkpt lat="47.22300049431519" lon="9.371709138377414">
      <ele>1458.5</ele></trkpt>
      <trkpt lat="47.223009336822415" lon="9.371781080288907">
      <ele>1459.2</ele></trkpt>
      <trkpt lat="47.22304048314128" lon="9.371821445279144">
      <ele>1459.9</ele></trkpt>
      <trkpt lat="47.22307395101494" lon="9.371936831426387">
      <ele>1460.5</ele></trkpt>
      <trkpt lat="47.223088097086105" lon="9.371988692441157">
      <ele>1461.2</ele></trkpt>
      <trkpt lat="47.22313181237057" lon="9.372103036397723">
      <ele>1461.8</ele></trkpt>
      <trkpt lat="47.22316930849277" lon="9.372179977443354">
      <ele>1462.5</ele></trkpt>
      <trkpt lat="47.2232053186643" lon="9.372249495247505">
      <ele>1463.1</ele></trkpt>
      <trkpt lat="47.223221786945" lon="9.37233398291178">
      <ele>1463.8</ele></trkpt>
      <trkpt lat="47.22322900284585" lon="9.372466870193994">
      <ele>1464.4</ele></trkpt>
      <trkpt lat="47.22325867496093" lon="9.372596079774292">
      <ele>1465.1</ele></trkpt>
      <trkpt lat="47.223267998526374" lon="9.372653274008876">
      <ele>1466.3</ele></trkpt>
      <trkpt lat="47.22330355966822" lon="9.372772012340448">
      <ele>1467.4</ele></trkpt>
      <trkpt lat="47.223316357798694" lon="9.372832858731194">
      <ele>1468.6</ele></trkpt>
      <trkpt lat="47.223347209703896" lon="9.372865553760906">
      <ele>1469.8</ele></trkpt>
      <trkpt lat="47.22334598004389" lon="9.372910374039014">
      <ele>1470.9</ele></trkpt>
      <trkpt lat="47.223367320628505" lon="9.373024015075663">
      <ele>1472.1</ele></trkpt>
      <trkpt lat="47.22339676543544" lon="9.373081554870929">
      <ele>1473.3</ele></trkpt>
      <trkpt lat="47.22339446574611" lon="9.37312579495905">
      <ele>1474.5</ele></trkpt>
      <trkpt lat="47.223405265894804" lon="9.373190412509937">
      <ele>1475.6</ele></trkpt>
      <trkpt lat="47.22342105138996" lon="9.373283368317358">
      <ele>1476.8</ele></trkpt>
      <trkpt lat="47.22343887040072" lon="9.373322221856247">
      <ele>1478.0</ele></trkpt>
      <trkpt lat="47.22345284127654" lon="9.373397863453578">
      <ele>1479.1</ele></trkpt>
      <trkpt lat="47.22345472635059" lon="9.373451143543107">
      <ele>1480.3</ele></trkpt>
      <trkpt lat="47.223455054993345" lon="9.373514589662827">
      <ele>1481.5</ele></trkpt>
      <trkpt lat="47.22347190262661" lon="9.373590903411921">
      <ele>1482.7</ele></trkpt>
      <trkpt lat="47.223492784753745" lon="9.373675564983161">
      <ele>1483.8</ele></trkpt>
      <trkpt lat="47.22349989239457" lon="9.373749479020212">
      <ele>1485.0</ele></trkpt>
      <trkpt lat="47.22350178629782" lon="9.37380275949507">
      <ele>1486.2</ele></trkpt>
      <trkpt lat="47.22351887439751" lon="9.373864752277614">
      <ele>1487.3</ele></trkpt>
      <trkpt lat="47.22354003137016" lon="9.373933047025089">
      <ele>1488.5</ele></trkpt>
      <trkpt lat="47.223563804121824" lon="9.37401165896405">
      <ele>1489.7</ele></trkpt>
      <trkpt lat="47.22357663264459" lon="9.374077618276507">
      <ele>1490.8</ele></trkpt>
      <trkpt lat="47.223582501573475" lon="9.37414331234462">
      <ele>1492.0</ele></trkpt>
      <trkpt lat="47.22359891839478" lon="9.374244163158231">
      <ele>1493.2</ele></trkpt>
      <trkpt lat="47.223600399863564" lon="9.374321967885386">
      <ele>1494.3</ele></trkpt>
      <trkpt lat="47.22360703826121" lon="9.37442163252003">
      <ele>1495.5</ele></trkpt>
      <trkpt lat="47.22362493714258" lon="9.374450359517903">
      <ele>1496.7</ele></trkpt>
      <trkpt lat="47.22362815894349" lon="9.374480826499891">
      <ele>1497.8</ele></trkpt>
      <trkpt lat="47.223652997227504" lon="9.374567216883277">
      <ele>1499.0</ele></trkpt>
      <trkpt lat="47.2236844531228" lon="9.374680631440901">
      <ele>1500.2</ele></trkpt>
      <trkpt lat="47.22369819634183" lon="9.374785281908522">
      <ele>1501.3</ele></trkpt>
      <trkpt lat="47.22371017776387" lon="9.374801525120422">
      <ele>1502.5</ele></trkpt>
      <trkpt lat="47.22372771569489" lon="9.374796058782312">
      <ele>1503.6</ele></trkpt>
      <trkpt lat="47.22373758651249" lon="9.374743574073857">
      <ele>1504.8</ele></trkpt>
      <trkpt lat="47.22374885283736" lon="9.374612358444503">
      <ele>1506.0</ele></trkpt>
      <trkpt lat="47.223756975935444" lon="9.374531097726777">
      <ele>1507.1</ele></trkpt>
      <trkpt lat="47.223754056570066" lon="9.374435001409948">
      <ele>1508.3</ele></trkpt>
      <trkpt lat="47.22374064380611" lon="9.374335830720193">
      <ele>1509.5</ele></trkpt>
      <trkpt lat="47.223709970786174" lon="9.374232561387931">
      <ele>1510.6</ele></trkpt>
      <trkpt lat="47.22370718250059" lon="9.3741837915902">
      <ele>1511.8</ele></trkpt>
      <trkpt lat="47.22371506004041" lon="9.374146568251755">
      <ele>1512.6</ele></trkpt>
      <trkpt lat="47.223746576586656" lon="9.374105433244305">
      <ele>1513.5</ele></trkpt>
      <trkpt lat="47.223771168009094" lon="9.374066266201114">
      <ele>1514.3</ele></trkpt>
      <trkpt lat="47.22378870926599" lon="9.373976008915479">
      <ele>1515.2</ele></trkpt>
      <trkpt lat="47.22379942987023" lon="9.373960205029594">
      <ele>1516.0</ele></trkpt>
      <trkpt lat="47.223810963804816" lon="9.373983273256998">
      <ele>1516.8</ele></trkpt>
      <trkpt lat="47.2238089528966" lon="9.374023694005155">
      <ele>1517.7</ele></trkpt>
      <trkpt lat="47.2238128257163" lon="9.37413267562056">
      <ele>1518.5</ele></trkpt>
      <trkpt lat="47.223805960696154" lon="9.37419209754837">
      <ele>1519.4</ele></trkpt>
      <trkpt lat="47.223815708507715" lon="9.374230963104146">
      <ele>1520.2</ele></trkpt>
      <trkpt lat="47.223830300301145" lon="9.374227872830524">
      <ele>1521.0</ele></trkpt>
      <trkpt lat="47.22384666480136" lon="9.374197468014055">
      <ele>1521.9</ele></trkpt>
      <trkpt lat="47.22385283867461" lon="9.374146513308729">
      <ele>1522.7</ele></trkpt>
      <trkpt lat="47.223856302705826" lon="9.374079056967245">
      <ele>1523.6</ele></trkpt>
      <trkpt lat="47.22386714498081" lon="9.374062438634759">
      <ele>1524.4</ele></trkpt>
      <trkpt lat="47.22387711243882" lon="9.37406521657248">
      <ele>1525.2</ele></trkpt>
      <trkpt lat="47.22387598338011" lon="9.374128650036315">
      <ele>1526.1</ele></trkpt>
      <trkpt lat="47.22389249609711" lon="9.374210948588495">
      <ele>1526.9</ele></trkpt>
      <trkpt lat="47.22390373362006" lon="9.374220600743572">
      <ele>1527.8</ele></trkpt>
      <trkpt lat="47.223919856991564" lon="9.374197583252048">
      <ele>1528.6</ele></trkpt>
      <trkpt lat="47.22393215893259" lon="9.374123024410046">
      <ele>1530.6</ele></trkpt>
      <trkpt lat="47.22394358359318" lon="9.374062116558">
      <ele>1532.5</ele></trkpt>
      <trkpt lat="47.22393910727127" lon="9.373968697476569">
      <ele>1534.5</ele></trkpt>
      <trkpt lat="47.22392001368849" lon="9.37388630546939">
      <ele>1536.5</ele></trkpt>
      <trkpt lat="47.2239003302596" lon="9.373830980376209">
      <ele>1538.5</ele></trkpt>
      <trkpt lat="47.22390592477594" lon="9.37376469731854">
      <ele>1540.4</ele></trkpt>
      <trkpt lat="47.22392426469785" lon="9.37365366709809">
      <ele>1542.4</ele></trkpt>
      <trkpt lat="47.22393329051643" lon="9.373624132157495">
      <ele>1544.4</ele></trkpt>
      <trkpt lat="47.22394976987908" lon="9.373623830770006">
      <ele>1546.4</ele></trkpt>
      <trkpt lat="47.22398033331828" lon="9.373708487086233">
      <ele>1548.3</ele></trkpt>
      <trkpt lat="47.22401832722718" lon="9.373836059109724">
      <ele>1550.3</ele></trkpt>
      <trkpt lat="47.22405480125056" lon="9.37396411777766">
      <ele>1552.3</ele></trkpt>
      <trkpt lat="47.22409000089465" lon="9.37409679267081">
      <ele>1554.3</ele></trkpt>
      <trkpt lat="47.22410853470332" lon="9.37423496589715">
      <ele>1556.2</ele></trkpt>
      <trkpt lat="47.224127639432105" lon="9.374323103942656">
      <ele>1558.2</ele></trkpt>
      <trkpt lat="47.22414230308505" lon="9.374358027124162">
      <ele>1560.2</ele></trkpt>
      <trkpt lat="47.224156523314655" lon="9.374363125193184">
      <ele>1562.2</ele></trkpt>
      <trkpt lat="47.22417179728366" lon="9.37435156729514">
      <ele>1564.1</ele></trkpt>
      <trkpt lat="47.22418471504654" lon="9.374315318669238">
      <ele>1566.1</ele></trkpt>
      <trkpt lat="47.224197305539654" lon="9.374188798833806">
      <ele>1568.1</ele></trkpt>
      <trkpt lat="47.224198732720524" lon="9.374096385554104">
      <ele>1569.5</ele></trkpt>
      <trkpt lat="47.22421524890703" lon="9.374093893216164">
      <ele>1570.9</ele></trkpt>
      <trkpt lat="47.224230863325715" lon="9.37413595640809">
      <ele>1572.3</ele></trkpt>
      <trkpt lat="47.22424854460814" lon="9.374206543243275">
      <ele>1573.7</ele></trkpt>
      <trkpt lat="47.224283715520784" lon="9.37429326914427">
      <ele>1575.1</ele></trkpt>
      <trkpt lat="47.22429330961683" lon="9.374346631245787">
      <ele>1576.5</ele></trkpt>
      <trkpt lat="47.22430326146263" lon="9.374380314060536">
      <ele>1577.9</ele></trkpt>
      <trkpt lat="47.22432985650992" lon="9.374470321924335">
      <ele>1579.3</ele></trkpt>
      <trkpt lat="47.224333687290276" lon="9.37457000509763">
      <ele>1580.7</ele></trkpt>
      <trkpt lat="47.224338036770625" lon="9.374627588580973">
      <ele>1582.0</ele></trkpt>
      <trkpt lat="47.2243552282549" lon="9.374647547091657">
      <ele>1583.4</ele></trkpt>
      <trkpt lat="47.224372231096105" lon="9.374641797102246">
      <ele>1584.8</ele></trkpt>
      <trkpt lat="47.22438575508386" lon="9.374595717616707">
      <ele>1586.2</ele></trkpt>
      <trkpt lat="47.22441536565641" lon="9.374528811604028">
      <ele>1587.6</ele></trkpt>
      <trkpt lat="47.22441744962769" lon="9.374435880232253">
      <ele>1589.0</ele></trkpt>
      <trkpt lat="47.22442697149617" lon="9.374403074456742">
      <ele>1590.4</ele></trkpt>
      <trkpt lat="47.22443677146375" lon="9.374408857719775">
      <ele>1591.8</ele></trkpt>
      <trkpt lat="47.22446864757973" lon="9.374492466613129">
      <ele>1593.2</ele></trkpt>
      <trkpt lat="47.224498454742154" lon="9.374589960951965">
      <ele>1594.6</ele></trkpt>
      <trkpt lat="47.22450419582749" lon="9.374678764667692">
      <ele>1596.0</ele></trkpt>
      <trkpt lat="47.2244981623291" lon="9.37480002840083">
      <ele>1597.3</ele></trkpt>
      <trkpt lat="47.22449173585121" lon="9.374852612231482">
      <ele>1598.6</ele></trkpt>
      <trkpt lat="47.22449320799427" lon="9.374896699280256">
      <ele>1599.9</ele></trkpt>
      <trkpt lat="47.2245154558337" lon="9.374983023817196">
      <ele>1601.2</ele></trkpt>
      <trkpt lat="47.22454709719638" lon="9.375068262413926">
      <ele>1602.5</ele></trkpt>
      <trkpt lat="47.224561028325745" lon="9.37515048197099">
      <ele>1603.8</ele></trkpt>
      <trkpt lat="47.22457558849586" lon="9.37520920182468">
      <ele>1605.1</ele></trkpt>
      <trkpt lat="47.22461185643907" lon="9.375294317766198">
      <ele>1606.4</ele></trkpt>
      <trkpt lat="47.22463166318007" lon="9.37535457503207">
      <ele>1607.7</ele></trkpt>
      <trkpt lat="47.22464806681795" lon="9.375449193816635">
      <ele>1609.0</ele></trkpt>
      <trkpt lat="47.22465672344863" lon="9.375506907426589">
      <ele>1610.2</ele></trkpt>
      <trkpt lat="47.224670417762056" lon="9.375511709432539">
      <ele>1611.5</ele></trkpt>
      <trkpt lat="47.22468853434265" lon="9.375473443508378">
      <ele>1612.8</ele></trkpt>
      <trkpt lat="47.22472732331618" lon="9.375404902318442">
      <ele>1614.1</ele></trkpt>
      <trkpt lat="47.22474383935853" lon="9.375354268887772">
      <ele>1615.4</ele></trkpt>
      <trkpt lat="47.22475742339864" lon="9.375292329173714">
      <ele>1616.7</ele></trkpt>
      <trkpt lat="47.224764614775424" lon="9.37522690870302">
      <ele>1618.0</ele></trkpt>
      <trkpt lat="47.22479392949408" lon="9.375194740885497">
      <ele>1619.3</ele></trkpt>
      <trkpt lat="47.2248159909282" lon="9.37516479320107">
      <ele>1620.6</ele></trkpt>
      <trkpt lat="47.22485180147687" lon="9.375112309753128">
      <ele>1621.9</ele></trkpt>
      <trkpt lat="47.22490988010733" lon="9.375030427443024">
      <ele>1623.4</ele></trkpt>
      <trkpt lat="47.22493086422802" lon="9.374982676394708">
      <ele>1625.0</ele></trkpt>
      <trkpt lat="47.22494475131346" lon="9.374976549396152">
      <ele>1626.5</ele></trkpt>
      <trkpt lat="47.224952719236896" lon="9.375000321205215">
      <ele>1628.1</ele></trkpt>
      <trkpt lat="47.224963899330206" lon="9.375031579253523">
      <ele>1629.6</ele></trkpt>
      <trkpt lat="47.22496891223124" lon="9.37513102914837">
      <ele>1631.2</ele></trkpt>
      <trkpt lat="47.22497308024419" lon="9.375253429655263">
      <ele>1632.7</ele></trkpt>
      <trkpt lat="47.22499068265727" lon="9.375316896114983">
      <ele>1634.3</ele></trkpt>
      <trkpt lat="47.225029820754884" lon="9.375446415130211">
      <ele>1635.8</ele></trkpt>
      <trkpt lat="47.225030631351764" lon="9.375527684499005">
      <ele>1637.3</ele></trkpt>
      <trkpt lat="47.22504464696653" lon="9.375611281586869">
      <ele>1638.9</ele></trkpt>
      <trkpt lat="47.22505103713009" lon="9.375705313679044">
      <ele>1640.4</ele></trkpt>
      <trkpt lat="47.225047962343616" lon="9.375835693429572">
      <ele>1642.0</ele></trkpt>
      <trkpt lat="47.22506284350863" lon="9.375925054118758">
      <ele>1643.5</ele></trkpt>
      <trkpt lat="47.225082105469895" lon="9.376010188756261">
      <ele>1645.1</ele></trkpt>
      <trkpt lat="47.22512649672707" lon="9.376110327106863">
      <ele>1646.6</ele></trkpt>
      <trkpt lat="47.225153000764635" lon="9.376187482937759">
      <ele>1648.2</ele></trkpt>
      <trkpt lat="47.22517130966019" lon="9.376259732224376">
      <ele>1649.7</ele></trkpt>
      <trkpt lat="47.22518367685397" lon="9.376302233807838">
      <ele>1651.3</ele></trkpt>
      <trkpt lat="47.22519759121356" lon="9.376319089423568">
      <ele>1652.8</ele></trkpt>
      <trkpt lat="47.22520971504865" lon="9.376315091273002">
      <ele>1654.2</ele></trkpt>
      <trkpt lat="47.22520084981466" lon="9.376251082512447">
      <ele>1655.6</ele></trkpt>
      <trkpt lat="47.22521829187909" lon="9.376190352183947">
      <ele>1657.0</ele></trkpt>
      <trkpt lat="47.225229607796656" lon="9.376062701022652">
      <ele>1658.4</ele></trkpt>
      <trkpt lat="47.22525709793658" lon="9.3759694610186">
      <ele>1659.8</ele></trkpt>
      <trkpt lat="47.22529605914812" lon="9.375909418225767">
      <ele>1661.2</ele></trkpt>
      <trkpt lat="47.2253370570443" lon="9.37587431925013">
      <ele>1662.6</ele></trkpt>
      <trkpt lat="47.22537527431707" lon="9.375807685107198">
      <ele>1664.0</ele></trkpt>
      <trkpt lat="47.22539010304543" lon="9.375808698147184">
      <ele>1665.4</ele></trkpt>
      <trkpt lat="47.22540689223409" lon="9.375833305173394">
      <ele>1666.8</ele></trkpt>
      <trkpt lat="47.22541136963902" lon="9.375884317143003">
      <ele>1668.3</ele></trkpt>
      <trkpt lat="47.22540717895409" lon="9.375968166202234">
      <ele>1669.7</ele></trkpt>
      <trkpt lat="47.2253922259231" lon="9.37610664832399">
      <ele>1671.1</ele></trkpt>
      <trkpt lat="47.2253728411139" lon="9.376191940785906">
      <ele>1672.5</ele></trkpt>
      <trkpt lat="47.22538017948079" lon="9.376239213056778">
      <ele>1673.9</ele></trkpt>
      <trkpt lat="47.22540171470566" lon="9.376305266377662">
      <ele>1675.3</ele></trkpt>
      <trkpt lat="47.22542071068995" lon="9.376332397016395">
      <ele>1676.7</ele></trkpt>
      <trkpt lat="47.2254577723678" lon="9.376385264223282">
      <ele>1678.1</ele></trkpt>
      <trkpt lat="47.225534139195055" lon="9.376491344372656">
      <ele>1679.5</ele></trkpt>
      <trkpt lat="47.22557048221554" lon="9.376577825869083">
      <ele>1680.9</ele></trkpt>
      <trkpt lat="47.2256161998158" lon="9.376688408234337">
      <ele>1682.1</ele></trkpt>
      <trkpt lat="47.225642751611595" lon="9.37676911969504">
      <ele>1683.4</ele></trkpt>
      <trkpt lat="47.22564192588134" lon="9.37689410123145">
      <ele>1684.6</ele></trkpt>
      <trkpt lat="47.22565766322228" lon="9.376941097361229">
      <ele>1685.9</ele></trkpt>
      <trkpt lat="47.22568567314581" lon="9.377006263526901">
      <ele>1687.1</ele></trkpt>
      <trkpt lat="47.225704698812365" lon="9.377013980205298">
      <ele>1688.4</ele></trkpt>
      <trkpt lat="47.225729566900256" lon="9.376959502029457">
      <ele>1689.6</ele></trkpt>
      <trkpt lat="47.22575145896747" lon="9.376926814374956">
      <ele>1690.9</ele></trkpt>
      <trkpt lat="47.22578910739467" lon="9.376867820335725">
      <ele>1692.1</ele></trkpt>
      <trkpt lat="47.22579444218806" lon="9.376780181956434">
      <ele>1693.3</ele></trkpt>
      <trkpt lat="47.22580844245278" lon="9.376725098095143">
      <ele>1694.6</ele></trkpt>
      <trkpt lat="47.22580253946051" lon="9.376675949089718">
      <ele>1695.8</ele></trkpt>
      <trkpt lat="47.22580463861223" lon="9.376642635894731">
      <ele>1697.1</ele></trkpt>
      <trkpt lat="47.225811428516984" lon="9.376629991329077">
      <ele>1698.3</ele></trkpt>
      <trkpt lat="47.22582487691876" lon="9.376630690389131">
      <ele>1699.6</ele></trkpt>
      <trkpt lat="47.225836897234586" lon="9.376650488983307">
      <ele>1700.8</ele></trkpt>
      <trkpt lat="47.22586606661867" lon="9.376729103197132">
      <ele>1702.1</ele></trkpt>
      <trkpt lat="47.22590132812852" lon="9.376786277625747">
      <ele>1703.3</ele></trkpt>
      <trkpt lat="47.225963116263976" lon="9.37690694021579">
      <ele>1704.6</ele></trkpt>
      <trkpt lat="47.22600381674599" lon="9.377002865885888">
      <ele>1705.8</ele></trkpt>
      <trkpt lat="47.226031956756316" lon="9.377115360994386">
      <ele>1706.8</ele></trkpt>
      <trkpt lat="47.22603932403602" lon="9.377191362142733">
      <ele>1707.9</ele></trkpt>
      <trkpt lat="47.2260234977307" lon="9.37728168449237">
      <ele>1708.9</ele></trkpt>
      <trkpt lat="47.22603519790597" lon="9.377349891723446">
      <ele>1709.9</ele></trkpt>
      <trkpt lat="47.22603989910448" lon="9.377424448981165">
      <ele>1711.0</ele></trkpt>
      <trkpt lat="47.22605617424398" lon="9.3774293320362">
      <ele>1712.0</ele></trkpt>
      <trkpt lat="47.22607021327278" lon="9.3774029633839">
      <ele>1713.0</ele></trkpt>
      <trkpt lat="47.22610566182129" lon="9.377358682331899">
      <ele>1714.1</ele></trkpt>
      <trkpt lat="47.226143254930705" lon="9.377327039730297">
      <ele>1715.1</ele></trkpt>
      <trkpt lat="47.226162896821194" lon="9.377299751609264">
      <ele>1716.2</ele></trkpt>
      <trkpt lat="47.22619325809969" lon="9.37720277123316">
      <ele>1717.2</ele></trkpt>
      <trkpt lat="47.22620214035354" lon="9.377139589862239">
      <ele>1718.2</ele></trkpt>
      <trkpt lat="47.22621047624031" lon="9.377070379054686">
      <ele>1719.3</ele></trkpt>
      <trkpt lat="47.22622367559748" lon="9.376982166763232">
      <ele>1720.3</ele></trkpt>
      <trkpt lat="47.22623184179053" lon="9.376910202506288">
      <ele>1721.3</ele></trkpt>
      <trkpt lat="47.22626197271711" lon="9.376826355318494">
      <ele>1722.4</ele></trkpt>
      <trkpt lat="47.22629222776354" lon="9.376747425888025">
      <ele>1723.4</ele></trkpt>
      <trkpt lat="47.22629809694132" lon="9.37670822631051">
      <ele>1724.4</ele></trkpt>
      <trkpt lat="47.22630375591717" lon="9.376583669478727">
      <ele>1725.5</ele></trkpt>
      <trkpt lat="47.22630183437189" lon="9.3765406608235">
      <ele>1726.5</ele></trkpt>
      <trkpt lat="47.22632540483616" lon="9.376504467376884">
      <ele>1727.1</ele></trkpt>
      <trkpt lat="47.226349043986914" lon="9.376452426864896">
      <ele>1727.7</ele></trkpt>
      <trkpt lat="47.22638885529389" lon="9.376380909890862">
      <ele>1728.3</ele></trkpt>
      <trkpt lat="47.22642111669863" lon="9.376298222478546">
      <ele>1729.0</ele></trkpt>
      <trkpt lat="47.22644913476361" lon="9.376236183644457">
      <ele>1729.6</ele></trkpt>
      <trkpt lat="47.22648733383137" lon="9.376194708886258">
      <ele>1730.2</ele></trkpt>
      <trkpt lat="47.22650458740323" lon="9.37615641059019">
      <ele>1730.8</ele></trkpt>
      <trkpt lat="47.2264982477463" lon="9.376119832381564">
      <ele>1731.4</ele></trkpt>
      <trkpt lat="47.226516142097054" lon="9.376063766142543">
      <ele>1732.0</ele></trkpt>
      <trkpt lat="47.22651269815006" lon="9.37596736834026">
      <ele>1732.7</ele></trkpt>
      <trkpt lat="47.22652611746881" lon="9.375871912103262">
      <ele>1733.3</ele></trkpt>
      <trkpt lat="47.226534484668726" lon="9.375828074372158">
      <ele>1733.9</ele></trkpt>
      <trkpt lat="47.226552203588135" lon="9.375762637182069">
      <ele>1734.5</ele></trkpt>
      <trkpt lat="47.22655542979682" lon="9.375724886843207">
      <ele>1735.1</ele></trkpt>
      <trkpt lat="47.22657071652773" lon="9.375685830239116">
      <ele>1735.7</ele></trkpt>
      <trkpt lat="47.22656783871782" lon="9.375637067691562">
      <ele>1736.3</ele></trkpt>
      <trkpt lat="47.226578876461545" lon="9.37560830455626">
      <ele>1737.0</ele></trkpt>
      <trkpt lat="47.22657253371358" lon="9.375555850254242">
      <ele>1737.6</ele></trkpt>
      <trkpt lat="47.22656978556455" lon="9.375530404512121">
      <ele>1738.2</ele></trkpt>
      <trkpt lat="47.22657920532788" lon="9.375519202167226">
      <ele>1738.8</ele></trkpt>
      <trkpt lat="47.226591127150066" lon="9.375494578732834">
      <ele>1739.3</ele></trkpt>
      <trkpt lat="47.226588317783644" lon="9.375456186934528">
      <ele>1739.8</ele></trkpt>
      <trkpt lat="47.22659164229688" lon="9.375433985925854">
      <ele>1740.3</ele></trkpt>
      <trkpt lat="47.22660081569743" lon="9.37538392991746">
      <ele>1740.8</ele></trkpt>
      <trkpt lat="47.22659104826266" lon="9.375335551644001">
      <ele>1741.3</ele></trkpt>
      <trkpt lat="47.22657963278056" lon="9.375299568793471">
      <ele>1741.8</ele></trkpt>
      <trkpt lat="47.22656042591222" lon="9.375259816675403">
      <ele>1742.3</ele></trkpt>
      <trkpt lat="47.226542043150374" lon="9.37521386028678">
      <ele>1742.8</ele></trkpt>
      <trkpt lat="47.22653239498056" lon="9.375186209738375">
      <ele>1743.3</ele></trkpt>
      <trkpt lat="47.226517590090694" lon="9.375159164799008">
      <ele>1743.8</ele></trkpt>
      <trkpt lat="47.22651384296123" lon="9.375151923113924">
      <ele>1744.2</ele></trkpt>
      <trkpt lat="47.226504774511604" lon="9.375110662975663">
      <ele>1744.7</ele></trkpt>
      <trkpt lat="47.226517437280485" lon="9.375021096321063">
      <ele>1745.2</ele></trkpt>
      <trkpt lat="47.22654081061986" lon="9.374874581900833">
      <ele>1745.7</ele></trkpt>
      <trkpt lat="47.22654974884818" lon="9.374807994149597">
      <ele>1746.2</ele></trkpt>
      <trkpt lat="47.226549676570805" lon="9.374756097379427">
      <ele>1746.7</ele></trkpt>
      <trkpt lat="47.226554668587994" lon="9.37472407719616">
      <ele>1747.2</ele></trkpt>
      <trkpt lat="47.22656477473717" lon="9.374685955299137">
      <ele>1747.7</ele></trkpt>
      <trkpt lat="47.22658604577194" lon="9.374637182811489">
      <ele>1748.2</ele></trkpt>
      <trkpt lat="47.2265979077969" lon="9.374602188745124">
      <ele>1748.7</ele></trkpt>
      <trkpt lat="47.22659754024682" lon="9.374540018626224">
      <ele>1749.2</ele></trkpt>
      <trkpt lat="47.2266032784615" lon="9.374491436192216">
      <ele>1749.8</ele></trkpt>
      <trkpt lat="47.226599535679235" lon="9.374441110236784">
      <ele>1750.4</ele></trkpt>
      <trkpt lat="47.22660535271586" lon="9.374405500894987">
      <ele>1750.9</ele></trkpt>
      <trkpt lat="47.22662289528823" lon="9.374373525849872">
      <ele>1751.5</ele></trkpt>
      <trkpt lat="47.22662235962481" lon="9.37433526929812">
      <ele>1752.0</ele></trkpt>
      <trkpt lat="47.22662639475957" lon="9.374255784459795">
      <ele>1752.5</ele></trkpt>
      <trkpt lat="47.226646876360334" lon="9.374210073828559">
      <ele>1753.1</ele></trkpt>
      <trkpt lat="47.22669083671329" lon="9.374149641352657">
      <ele>1753.7</ele></trkpt>
      <trkpt lat="47.22670362302254" lon="9.374124956428401">
      <ele>1754.2</ele></trkpt>
      <trkpt lat="47.22671193791041" lon="9.374079372950254">
      <ele>1754.8</ele></trkpt>
      <trkpt lat="47.22672979858876" lon="9.374049879159042">
      <ele>1755.3</ele></trkpt>
      <trkpt lat="47.22676271419991" lon="9.374040597375497">
      <ele>1755.9</ele></trkpt>
      <trkpt lat="47.226779993391986" lon="9.374040351484311">
      <ele>1756.4</ele></trkpt>
      <trkpt lat="47.22680721421086" lon="9.374002122731463">
      <ele>1757.0</ele></trkpt>
      <trkpt lat="47.22681910028843" lon="9.373963008348216">
      <ele>1757.5</ele></trkpt>
      <trkpt lat="47.226834219960324" lon="9.373934392583607">
      <ele>1758.0</ele></trkpt>
      <trkpt lat="47.226848212514156" lon="9.373858266253094">
      <ele>1758.6</ele></trkpt>
      <trkpt lat="47.226853641411" lon="9.373830752375262">
      <ele>1759.2</ele></trkpt>
      <trkpt lat="47.22687029491288" lon="9.373796525847915">
      <ele>1759.7</ele></trkpt>
      <trkpt lat="47.226861917554785" lon="9.373734989934167">
      <ele>1760.4</ele></trkpt>
      <trkpt lat="47.226862665567126" lon="9.37370492907943">
      <ele>1761.2</ele></trkpt>
      <trkpt lat="47.22687075453264" lon="9.373679743668704">
      <ele>1761.9</ele></trkpt>
      <trkpt lat="47.226888864293386" lon="9.373672368969492">
      <ele>1762.6</ele></trkpt>
      <trkpt lat="47.22691350446097" lon="9.373684910762398">
      <ele>1763.3</ele></trkpt>
      <trkpt lat="47.22694748816298" lon="9.37373522260287">
      <ele>1764.0</ele></trkpt>
      <trkpt lat="47.226983660081146" lon="9.373765075185425">
      <ele>1764.8</ele></trkpt>
      <trkpt lat="47.226999616828856" lon="9.373818366519293">
      <ele>1765.5</ele></trkpt>
      <trkpt lat="47.22702302694573" lon="9.373875731749441">
      <ele>1766.2</ele></trkpt>
      <trkpt lat="47.22704011151134" lon="9.373956140603232">
      <ele>1767.0</ele></trkpt>
      <trkpt lat="47.22703454865112" lon="9.374008758304106">
      <ele>1767.7</ele></trkpt>
      <trkpt lat="47.22703783504494" lon="9.37406001908472">
      <ele>1768.4</ele></trkpt>
      <trkpt lat="47.2270511852922" lon="9.37409600600157">
      <ele>1769.1</ele></trkpt>
      <trkpt lat="47.227069865048186" lon="9.374129134905301">
      <ele>1769.9</ele></trkpt>
      <trkpt lat="47.22707133505586" lon="9.374167478449095">
      <ele>1770.6</ele></trkpt>
      <trkpt lat="47.2270761617265" lon="9.374198824412481">
      <ele>1771.3</ele></trkpt>
      <trkpt lat="47.22708949834219" lon="9.374223306633445">
      <ele>1772.0</ele></trkpt>
      <trkpt lat="47.22710902244226" lon="9.374233497279135">
      <ele>1772.8</ele></trkpt>
      <trkpt lat="47.227149301688215" lon="9.374232024113779">
      <ele>1773.5</ele></trkpt>
      <trkpt lat="47.22716907944705" lon="9.37425870770911">
      <ele>1774.2</ele></trkpt>
      <trkpt lat="47.227218483907805" lon="9.374303701151439">
      <ele>1774.7</ele></trkpt>
      <trkpt lat="47.227231594108176" lon="9.374325058140263">
      <ele>1775.1</ele></trkpt>
      <trkpt lat="47.227238018937854" lon="9.37434482572935">
      <ele>1775.6</ele></trkpt>
      <trkpt lat="47.22724537609636" lon="9.374387279074448">
      <ele>1776.1</ele></trkpt>
      <trkpt lat="47.22725124256795" lon="9.374438659971954">
      <ele>1776.5</ele></trkpt>
      <trkpt lat="47.22725787308649" lon="9.374487942048827">
      <ele>1777.0</ele></trkpt>
      <trkpt lat="47.22726386983469" lon="9.374559404086765">
      <ele>1777.5</ele></trkpt>
      <trkpt lat="47.22726962062972" lon="9.374651382707306">
      <ele>1778.0</ele></trkpt>
      <trkpt lat="47.22727149593381" lon="9.374695579105882">
      <ele>1778.4</ele></trkpt>
      <trkpt lat="47.22727095173843" lon="9.374729557186322">
      <ele>1778.9</ele></trkpt>
      <trkpt lat="47.22727068937189" lon="9.374748910839285">
      <ele>1779.4</ele></trkpt>
      <trkpt lat="47.22727355540059" lon="9.374765749420355">
      <ele>1779.8</ele></trkpt>
      <trkpt lat="47.22728351566012" lon="9.374786081051282">
      <ele>1780.3</ele></trkpt>
      <trkpt lat="47.2272930241326" lon="9.37479742797696">
      <ele>1780.8</ele></trkpt>
      <trkpt lat="47.22730957294568" lon="9.374806375164502">
      <ele>1781.2</ele></trkpt>
      <trkpt lat="47.22733233586808" lon="9.374803197878375">
      <ele>1781.7</ele></trkpt>
      <trkpt lat="47.22735047394834" lon="9.374815016001726">
      <ele>1782.2</ele></trkpt>
      <trkpt lat="47.22738855338466" lon="9.374812737109435">
      <ele>1782.7</ele></trkpt>
      <trkpt lat="47.227421572634874" lon="9.374817631827474">
      <ele>1783.1</ele></trkpt>
      <trkpt lat="47.2274451784491" lon="9.374825329014008">
      <ele>1783.6</ele></trkpt>
      <trkpt lat="47.22745389917633" lon="9.37483643610628">
      <ele>1784.1</ele></trkpt>
      <trkpt lat="47.22745835445882" lon="9.37485614568427">
      <ele>1784.7</ele></trkpt>
      <trkpt lat="47.22745343551623" lon="9.374882212146868">
      <ele>1785.2</ele></trkpt>
      <trkpt lat="47.22746227271413" lon="9.374911009258284">
      <ele>1785.7</ele></trkpt>
      <trkpt lat="47.22747741661418" lon="9.374943046384304">
      <ele>1786.2</ele></trkpt>
      <trkpt lat="47.22750157952293" lon="9.374972729084709">
      <ele>1786.8</ele></trkpt>
      <trkpt lat="47.22753555596265" lon="9.375001499442986">
      <ele>1787.3</ele></trkpt>
      <trkpt lat="47.22755931698899" lon="9.375030467602976">
      <ele>1787.8</ele></trkpt>
      <trkpt lat="47.22759262956895" lon="9.375077850797005">
      <ele>1788.4</ele></trkpt>
      <trkpt lat="47.22762554181019" lon="9.375123357179618">
      <ele>1788.9</ele></trkpt>
      <trkpt lat="47.227685527723146" lon="9.375221277768356">
      <ele>1789.4</ele></trkpt>
      <trkpt lat="47.22770849240518" lon="9.375249979499223">
      <ele>1790.0</ele></trkpt>
      <trkpt lat="47.227725695195204" lon="9.375293873272422">
      <ele>1790.5</ele></trkpt>
      <trkpt lat="47.22774325996659" lon="9.375334966831222">
      <ele>1791.0</ele></trkpt>
      <trkpt lat="47.22775912340688" lon="9.375358986486763">
      <ele>1791.5</ele></trkpt>
      <trkpt lat="47.22778590401429" lon="9.375368899149798">
      <ele>1792.1</ele></trkpt>
      <trkpt lat="47.22781585889869" lon="9.375381594950044">
      <ele>1792.6</ele></trkpt>
      <trkpt lat="47.2278326180046" lon="9.375382849591237">
      <ele>1793.1</ele></trkpt>
      <trkpt lat="47.227852692328426" lon="9.37537422570714">
      <ele>1793.7</ele></trkpt>
      <trkpt lat="47.227884895597285" lon="9.375374138123028">
      <ele>1794.2</ele></trkpt>
      <trkpt lat="47.227915136405365" lon="9.37537518136654">
      <ele>1794.7</ele></trkpt>
      <trkpt lat="47.22795024826299" lon="9.37539902702944">
      <ele>1795.2</ele></trkpt>
      <trkpt lat="47.22797392166838" lon="9.37541500862604">
      <ele>1795.7</ele></trkpt>
      <trkpt lat="47.22802140085228" lon="9.375465851387256">
      <ele>1796.3</ele></trkpt>
      <trkpt lat="47.22807155992716" lon="9.375508747488883">
      <ele>1796.8</ele></trkpt>
      <trkpt lat="47.22813196681099" lon="9.37555379826914">
      <ele>1797.3</ele></trkpt>
      <trkpt lat="47.22819745179234" lon="9.375597567098263">
      <ele>1797.8</ele></trkpt>
      <trkpt lat="47.22824573961752" lon="9.375652217154235">
      <ele>1798.3</ele></trkpt>
      <trkpt lat="47.228294831363726" lon="9.375708283336836">
      <ele>1798.8</ele></trkpt>
      <trkpt lat="47.2283553667219" lon="9.375774578347619">
      <ele>1799.3</ele></trkpt>
      <trkpt lat="47.228412769958204" lon="9.375839861783795">
      <ele>1799.9</ele></trkpt>
      <trkpt lat="47.22843295064639" lon="9.375862360940669">
      <ele>1800.4</ele></trkpt>
      <trkpt lat="47.2284439802069" lon="9.375868321569993">
      <ele>1800.9</ele></trkpt>
      <trkpt lat="47.228462987939906" lon="9.375891015977752">
      <ele>1801.4</ele></trkpt>
      <trkpt lat="47.22847055525687" lon="9.375907034814707">
      <ele>1801.9</ele></trkpt>
      <trkpt lat="47.22850499036355" lon="9.375945967030741">
      <ele>1802.4</ele></trkpt>
      <trkpt lat="47.22853185992879" lon="9.375967704938471">
      <ele>1803.0</ele></trkpt>
      <trkpt lat="47.228560256349546" lon="9.375986394233989">
      <ele>1803.5</ele></trkpt>
      <trkpt lat="47.2285740500911" lon="9.375993842015179">
      <ele>1804.0</ele></trkpt>
      <trkpt lat="47.228600478605905" lon="9.37601131084955">
      <ele>1804.5</ele></trkpt>
      <trkpt lat="47.22864891095924" lon="9.376030079433077">
      <ele>1805.0</ele></trkpt>
      <trkpt lat="47.228691540144425" lon="9.376061674443097">
      <ele>1805.5</ele></trkpt>
      <trkpt lat="47.22872316141044" lon="9.376090836255702">
      <ele>1806.0</ele></trkpt>
      <trkpt lat="47.22873548175689" lon="9.376113129880274">
      <ele>1806.5</ele></trkpt>
      <trkpt lat="47.22874707206151" lon="9.376143520289524">
      <ele>1807.0</ele></trkpt>
      <trkpt lat="47.22876348938584" lon="9.376168300404851">
      <ele>1807.6</ele></trkpt>
      <trkpt lat="47.22878332847135" lon="9.376177407199911">
      <ele>1808.1</ele></trkpt>
      <trkpt lat="47.22879853728428" lon="9.376179358785798">
      <ele>1808.6</ele></trkpt>
      <trkpt lat="47.22882928956912" lon="9.376162298919171">
      <ele>1809.1</ele></trkpt>
      <trkpt lat="47.22885603562313" lon="9.376157681520908">
      <ele>1809.6</ele></trkpt>
      <trkpt lat="47.228878015946776" lon="9.376152891311765">
      <ele>1810.1</ele></trkpt>
      <trkpt lat="47.228917290471564" lon="9.376138940637041">
      <ele>1810.6</ele></trkpt>
      <trkpt lat="47.2289448634285" lon="9.376141327332014">
      <ele>1811.1</ele></trkpt>
      <trkpt lat="47.22897852199954" lon="9.376121585766183">
      <ele>1811.6</ele></trkpt>
      <trkpt lat="47.229012992926876" lon="9.376110247880039">
      <ele>1812.2</ele></trkpt>
      <trkpt lat="47.22903578538541" lon="9.37611387454602">
      <ele>1812.7</ele></trkpt>
      <trkpt lat="47.22904966510111" lon="9.376138140096772">
      <ele>1813.2</ele></trkpt>
      <trkpt lat="47.22904795981742" lon="9.376182815803656">
      <ele>1813.7</ele></trkpt>
      <trkpt lat="47.22903690559721" lon="9.376217364926818">
      <ele>1814.2</ele></trkpt>
      <trkpt lat="47.22903727113376" lon="9.376252328140835">
      <ele>1814.7</ele></trkpt>
      <trkpt lat="47.22902720812771" lon="9.37628411296459">
      <ele>1815.2</ele></trkpt>
      <trkpt lat="47.229013565781614" lon="9.376312056362586">
      <ele>1815.7</ele></trkpt>
      <trkpt lat="47.229034404616634" lon="9.376298639217932">
      <ele>1816.2</ele></trkpt>
      <trkpt lat="47.229096305939755" lon="9.376271957079352">
      <ele>1816.7</ele></trkpt>
      <trkpt lat="47.229121937805886" lon="9.376259228841066">
      <ele>1817.2</ele></trkpt>
      <trkpt lat="47.22913604980354" lon="9.376265407075538">
      <ele>1817.7</ele></trkpt>
      <trkpt lat="47.22915873664661" lon="9.376277985438527">
      <ele>1818.2</ele></trkpt>
      <trkpt lat="47.22918879283451" lon="9.376276631759533">
      <ele>1818.7</ele></trkpt>
      <trkpt lat="47.22921023062181" lon="9.376277884663006">
      <ele>1819.2</ele></trkpt>
      <trkpt lat="47.229234972032174" lon="9.376272626623532">
      <ele>1819.7</ele></trkpt>
      <trkpt lat="47.22925710369359" lon="9.37626151496902">
      <ele>1820.2</ele></trkpt>
      <trkpt lat="47.2292981646939" lon="9.376258499787793">
      <ele>1820.7</ele></trkpt>
      <trkpt lat="47.22931708652672" lon="9.376256346075438">
      <ele>1821.2</ele></trkpt>
      <trkpt lat="47.229331730374916" lon="9.376236258356169">
      <ele>1821.7</ele></trkpt>
      <trkpt lat="47.22935026781137" lon="9.376224329482">
      <ele>1822.2</ele></trkpt>
      <trkpt lat="47.22935788420015" lon="9.376226732263783">
      <ele>1822.7</ele></trkpt>
      <trkpt lat="47.22936390808951" lon="9.376238759263092">
      <ele>1823.2</ele></trkpt>
      <trkpt lat="47.22936185352575" lon="9.376256595732702">
      <ele>1823.7</ele></trkpt>
      <trkpt lat="47.22935877197431" lon="9.376278251894437">
      <ele>1824.2</ele></trkpt>
      <trkpt lat="47.22937799317423" lon="9.376283439863103">
      <ele>1824.7</ele></trkpt>
      <trkpt lat="47.22941030823702" lon="9.376279381060472">
      <ele>1825.2</ele></trkpt>
      <trkpt lat="47.22942729590937" lon="9.376278279952004">
      <ele>1825.7</ele></trkpt>
      <trkpt lat="47.229453021790775" lon="9.376267985448361">
      <ele>1826.1</ele></trkpt>
      <trkpt lat="47.229482248096744" lon="9.376256061110379">
      <ele>1826.6</ele></trkpt>
      <trkpt lat="47.22950588552415" lon="9.376243154779537">
      <ele>1827.1</ele></trkpt>
      <trkpt lat="47.22952638290929" lon="9.376221152641781">
      <ele>1827.6</ele></trkpt>
      <trkpt lat="47.22954516931443" lon="9.376185866509065">
      <ele>1828.1</ele></trkpt>
      <trkpt lat="47.22956440856731" lon="9.376171796786428">
      <ele>1828.5</ele></trkpt>
      <trkpt lat="47.22959257316771" lon="9.376153454052297">
      <ele>1829.0</ele></trkpt>
      <trkpt lat="47.229606104180874" lon="9.376144962751393">
      <ele>1829.5</ele></trkpt>
      <trkpt lat="47.229628192283855" lon="9.376142857752988">
      <ele>1830.0</ele></trkpt>
      <trkpt lat="47.229658069920454" lon="9.376117351908098">
      <ele>1830.5</ele></trkpt>
      <trkpt lat="47.22967966161265" lon="9.376103037211088">
      <ele>1830.9</ele></trkpt>
      <trkpt lat="47.22969903711484" lon="9.376111889570137">
      <ele>1831.4</ele></trkpt>
      <trkpt lat="47.22969022185386" lon="9.376128873408042">
      <ele>1831.9</ele></trkpt>
      <trkpt lat="47.22969580925766" lon="9.376140105326536">
      <ele>1832.4</ele></trkpt>
      <trkpt lat="47.22971532209868" lon="9.376142397923745">
      <ele>1832.9</ele></trkpt>
      <trkpt lat="47.22973323373724" lon="9.376135042892784">
      <ele>1833.3</ele></trkpt>
      <trkpt lat="47.22975231072332" lon="9.376107084793153">
      <ele>1833.8</ele></trkpt>
      <trkpt lat="47.229778482347015" lon="9.376078314009415">
      <ele>1834.3</ele></trkpt>
      <trkpt lat="47.22981670346666" lon="9.376063334188665">
      <ele>1835.3</ele></trkpt>
      <trkpt lat="47.22987034474309" lon="9.376058067166786">
      <ele>1836.4</ele></trkpt>
      <trkpt lat="47.229914196808146" lon="9.37604531242609">
      <ele>1837.5</ele></trkpt>
      <trkpt lat="47.229966136524546" lon="9.376026735223137">
      <ele>1838.5</ele></trkpt>
      <trkpt lat="47.23002859405946" lon="9.3759942605792">
      <ele>1839.5</ele></trkpt>
      <trkpt lat="47.23006370818514" lon="9.375971427587253">
      <ele>1840.6</ele></trkpt>
      <trkpt lat="47.230084162555514" lon="9.375948234759964">
      <ele>1841.6</ele></trkpt>
      <trkpt lat="47.23009522010467" lon="9.375937553439853">
      <ele>1842.7</ele></trkpt>
      <trkpt lat="47.230102512377385" lon="9.375912153013454">
      <ele>1843.8</ele></trkpt>
      <trkpt lat="47.230116584145236" lon="9.375858137003744">
      <ele>1844.8</ele></trkpt>
      <trkpt lat="47.23013443894268" lon="9.375780336853063">
      <ele>1845.8</ele></trkpt>
      <trkpt lat="47.23014590210867" lon="9.37575302701323">
      <ele>1846.9</ele></trkpt>
      <trkpt lat="47.23015454714268" lon="9.375770234578019">
      <ele>1848.0</ele></trkpt>
      <trkpt lat="47.23017454299413" lon="9.375828867237887">
      <ele>1849.0</ele></trkpt>
      <trkpt lat="47.230181387840936" lon="9.375865373780465">
      <ele>1850.0</ele></trkpt>
      <trkpt lat="47.23018913434208" lon="9.375866460376766">
      <ele>1851.1</ele></trkpt>
      <trkpt lat="47.23019689174602" lon="9.375817683822023">
      <ele>1852.1</ele></trkpt>
      <trkpt lat="47.23022277910249" lon="9.375766222684648">
      <ele>1853.2</ele></trkpt>
      <trkpt lat="47.2302563357632" lon="9.375686732858412">
      <ele>1854.2</ele></trkpt>
      <trkpt lat="47.230285237117876" lon="9.375621366213245">
      <ele>1855.3</ele></trkpt>
      <trkpt lat="47.23031879239808" lon="9.375567633541717">
      <ele>1856.1</ele></trkpt>
      <trkpt lat="47.23033630224992" lon="9.375562231800142">
      <ele>1856.8</ele></trkpt>
      <trkpt lat="47.23036370988936" lon="9.375503824786694">
      <ele>1857.6</ele></trkpt>
      <trkpt lat="47.23038415379605" lon="9.375506930256272">
      <ele>1858.4</ele></trkpt>
      <trkpt lat="47.23042925444682" lon="9.3754514892728">
      <ele>1859.2</ele></trkpt>
      <trkpt lat="47.230439743859876" lon="9.37542697063247">
      <ele>1860.0</ele></trkpt>
      <trkpt lat="47.23044469766683" lon="9.375400441707288">
      <ele>1860.7</ele></trkpt>
      <trkpt lat="47.230447851295786" lon="9.375371813349359">
      <ele>1861.5</ele></trkpt>
      <trkpt lat="47.23045369772159" lon="9.375341961696662">
      <ele>1862.3</ele></trkpt>
      <trkpt lat="47.230465700416715" lon="9.37531626944176">
      <ele>1863.0</ele></trkpt>
      <trkpt lat="47.230476747201784" lon="9.375294452378698">
      <ele>1863.8</ele></trkpt>
      <trkpt lat="47.23049818197071" lon="9.375289998537117">
      <ele>1864.6</ele></trkpt>
      <trkpt lat="47.23051215273989" lon="9.375306183946485">
      <ele>1865.4</ele></trkpt>
      <trkpt lat="47.230532003542265" lon="9.375343492285348">
      <ele>1866.1</ele></trkpt>
      <trkpt lat="47.23054841616341" lon="9.375372843109231">
      <ele>1866.9</ele></trkpt>
      <trkpt lat="47.23056245284803" lon="9.375385107879644">
      <ele>1867.7</ele></trkpt>
      <trkpt lat="47.23058185249838" lon="9.375396272568546">
      <ele>1868.5</ele></trkpt>
      <trkpt lat="47.23060063863985" lon="9.375390415064581">
      <ele>1869.2</ele></trkpt>
      <trkpt lat="47.230610058640565" lon="9.375359398376958">
      <ele>1870.0</ele></trkpt>
      <trkpt lat="47.23062377604003" lon="9.37533767806261">
      <ele>1870.8</ele></trkpt>
      <trkpt lat="47.230643483347535" lon="9.375330546231513">
      <ele>1871.5</ele></trkpt>
      <trkpt lat="47.230663379215244" lon="9.375311665219968">
      <ele>1872.1</ele></trkpt>
      <trkpt lat="47.23067640395247" lon="9.375278163753968">
      <ele>1872.8</ele></trkpt>
      <trkpt lat="47.23069049467471" lon="9.37523423937509">
      <ele>1873.4</ele></trkpt>
      <trkpt lat="47.230692889901704" lon="9.375197737239986">
      <ele>1874.0</ele></trkpt>
      <trkpt lat="47.23068374345305" lon="9.375159509108592">
      <ele>1874.7</ele></trkpt>
      <trkpt lat="47.23066457205792" lon="9.37513530226677">
      <ele>1875.3</ele></trkpt>
      <trkpt lat="47.230635586681956" lon="9.375112034247499">
      <ele>1876.0</ele></trkpt>
      <trkpt lat="47.230621077018824" lon="9.37507491949399">
      <ele>1876.6</ele></trkpt>
      <trkpt lat="47.230617416553095" lon="9.375027736422709">
      <ele>1877.3</ele></trkpt>
      <trkpt lat="47.230630595006524" lon="9.374985086659903">
      <ele>1878.0</ele></trkpt>
      <trkpt lat="47.2306500485797" lon="9.374940062106475">
      <ele>1878.6</ele></trkpt>
      <trkpt lat="47.230666958843244" lon="9.374878803960724">
      <ele>1879.2</ele></trkpt>
      <trkpt lat="47.23067858996902" lon="9.374850588328103">
      <ele>1879.9</ele></trkpt>
      <trkpt lat="47.230677320942505" lon="9.374817427377087">
      <ele>1880.5</ele></trkpt>
      <trkpt lat="47.230695801610665" lon="9.374779962649942">
      <ele>1881.2</ele></trkpt>
      <trkpt lat="47.23072094598136" lon="9.374744839588947">
      <ele>1881.8</ele></trkpt>
      <trkpt lat="47.23074447293632" lon="9.374737423243207">
      <ele>1882.5</ele></trkpt>
      <trkpt lat="47.23078109054997" lon="9.374748775728772">
      <ele>1883.1</ele></trkpt>
      <trkpt lat="47.230833969917256" lon="9.374747614112941">
      <ele>1883.8</ele></trkpt>
      <trkpt lat="47.230876456412034" lon="9.37475024996766">
      <ele>1884.5</ele></trkpt>
      <trkpt lat="47.23092696927601" lon="9.374741605525436">
      <ele>1885.2</ele></trkpt>
      <trkpt lat="47.23094917710686" lon="9.374749503496986">
      <ele>1885.9</ele></trkpt>
      <trkpt lat="47.23096788365629" lon="9.37474784332711">
      <ele>1886.7</ele></trkpt>
      <trkpt lat="47.2310084590762" lon="9.374713226373082">
      <ele>1887.4</ele></trkpt>
      <trkpt lat="47.23105949796069" lon="9.374652411800678">
      <ele>1888.1</ele></trkpt>
      <trkpt lat="47.2310909392756" lon="9.374602907330411">
      <ele>1888.8</ele></trkpt>
      <trkpt lat="47.23113024014444" lon="9.374559539203759">
      <ele>1889.5</ele></trkpt>
      <trkpt lat="47.23116068569627" lon="9.374514674565468">
      <ele>1890.2</ele></trkpt>
      <trkpt lat="47.23118907053454" lon="9.374451625505074">
      <ele>1890.9</ele></trkpt>
      <trkpt lat="47.231206197234656" lon="9.374427795902067">
      <ele>1891.7</ele></trkpt>
      <trkpt lat="47.231226282538834" lon="9.374444744397582">
      <ele>1892.4</ele></trkpt>
      <trkpt lat="47.231305258865724" lon="9.374390317585332">
      <ele>1893.1</ele></trkpt>
      <trkpt lat="47.23135511337847" lon="9.37432661949443">
      <ele>1893.8</ele></trkpt>
      <trkpt lat="47.231390875951455" lon="9.374272674314936">
      <ele>1894.5</ele></trkpt>
      <trkpt lat="47.2314248923407" lon="9.374239113623313">
      <ele>1895.2</ele></trkpt>
      <trkpt lat="47.23143391785697" lon="9.374234764529554">
      <ele>1896.0</ele></trkpt>
      <trkpt lat="47.23143280163259" lon="9.374259425269893">
      <ele>1896.7</ele></trkpt>
      <trkpt lat="47.23142482928556" lon="9.374280878776915">
      <ele>1897.4</ele></trkpt>
      <trkpt lat="47.231420322505954" lon="9.374311875972428">
      <ele>1898.1</ele></trkpt>
      <trkpt lat="47.2314704439066" lon="9.374294934680938">
      <ele>1899.1</ele></trkpt>
      <trkpt lat="47.23148392885045" lon="9.374272042919737">
      <ele>1900.2</ele></trkpt>
      <trkpt lat="47.23150816390111" lon="9.374263714058543">
      <ele>1901.2</ele></trkpt>
      <trkpt lat="47.23153335374301" lon="9.374245684590413">
      <ele>1902.3</ele></trkpt>
      <trkpt lat="47.23157008460834" lon="9.374222459270324">
      <ele>1903.3</ele></trkpt>
      <trkpt lat="47.231596228787424" lon="9.374194755552496">
      <ele>1904.4</ele></trkpt>
      <trkpt lat="47.23161898421405" lon="9.374198446276532">
      <ele>1905.4</ele></trkpt>
      <trkpt lat="47.23163705316673" lon="9.37418546889905">
      <ele>1906.5</ele></trkpt>
      <trkpt lat="47.2316556121778" lon="9.374168493656148">
      <ele>1907.5</ele></trkpt>
      <trkpt lat="47.23169551676176" lon="9.374170573235768">
      <ele>1908.5</ele></trkpt>
      <trkpt lat="47.23168394046667" lon="9.37420999297597">
      <ele>1909.6</ele></trkpt>
      <trkpt lat="47.2316772320261" lon="9.374241901262948">
      <ele>1910.6</ele></trkpt>
      <trkpt lat="47.23165776121657" lon="9.374271907395789">
      <ele>1911.7</ele></trkpt>
      <trkpt lat="47.23168425786511" lon="9.374337803944934">
      <ele>1912.7</ele></trkpt>
      <trkpt lat="47.23170146668814" lon="9.37430533820926">
      <ele>1913.8</ele></trkpt>
      <trkpt lat="47.23173193660766" lon="9.374306666612336">
      <ele>1914.8</ele></trkpt>
      <trkpt lat="47.23176838340943" lon="9.37430088040005">
      <ele>1915.9</ele></trkpt>
      <trkpt lat="47.23182696558352" lon="9.374286425027812">
      <ele>1916.9</ele></trkpt>
      <trkpt lat="47.2318728292282" lon="9.374294228857758">
      <ele>1918.0</ele></trkpt>
      <trkpt lat="47.23190697670509" lon="9.374336388349004">
      <ele>1919.0</ele></trkpt>
      <trkpt lat="47.231945468147245" lon="9.374368481263721">
      <ele>1919.9</ele></trkpt>
      <trkpt lat="47.23197497242979" lon="9.374383367115179">
      <ele>1920.7</ele></trkpt>
      <trkpt lat="47.23198181231979" lon="9.374403600621552">
      <ele>1921.6</ele></trkpt>
      <trkpt lat="47.23197726180775" lon="9.374447369960338">
      <ele>1922.4</ele></trkpt>
      <trkpt lat="47.231968716665754" lon="9.374503437741255">
      <ele>1923.3</ele></trkpt>
      <trkpt lat="47.23194684372626" lon="9.374544135711952">
      <ele>1924.2</ele></trkpt>
      <trkpt lat="47.23191656126596" lon="9.374580368018174">
      <ele>1925.0</ele></trkpt>
      <trkpt lat="47.231910296267344" lon="9.374617470516604">
      <ele>1925.9</ele></trkpt>
      <trkpt lat="47.23192226108961" lon="9.374661468340644">
      <ele>1926.7</ele></trkpt>
      <trkpt lat="47.231943720439865" lon="9.37468820220434">
      <ele>1927.6</ele></trkpt>
      <trkpt lat="47.23198034780043" lon="9.374697904097388">
      <ele>1928.5</ele></trkpt>
      <trkpt lat="47.23201030657955" lon="9.37469538350443">
      <ele>1929.3</ele></trkpt>
      <trkpt lat="47.23203594922694" lon="9.374716258761374">
      <ele>1930.2</ele></trkpt>
      <trkpt lat="47.23207082833081" lon="9.374795708732174">
      <ele>1931.0</ele></trkpt>
      <trkpt lat="47.23210218110113" lon="9.374875651860094">
      <ele>1931.9</ele></trkpt>
      <trkpt lat="47.232114958173696" lon="9.374900763539877">
      <ele>1932.8</ele></trkpt>
      <trkpt lat="47.23213960852806" lon="9.374931959118559">
      <ele>1933.6</ele></trkpt>
      <trkpt lat="47.23216106585425" lon="9.37494864079922">
      <ele>1934.5</ele></trkpt>
      <trkpt lat="47.23218862198296" lon="9.374941859104167">
      <ele>1935.3</ele></trkpt>
      <trkpt lat="47.23221013584904" lon="9.374933233679648">
      <ele>1936.2</ele></trkpt>
      <trkpt lat="47.23225115482335" lon="9.374930572437867">
      <ele>1937.0</ele></trkpt>
      <trkpt lat="47.232296478906505" lon="9.374923906244948">
      <ele>1937.8</ele></trkpt>
      <trkpt lat="47.232334795572875" lon="9.374912864760798">
      <ele>1938.6</ele></trkpt>
      <trkpt lat="47.2323716141841" lon="9.374907977400401">
      <ele>1939.4</ele></trkpt>
      <trkpt lat="47.232420999258835" lon="9.37491182774413">
      <ele>1940.2</ele></trkpt>
      <trkpt lat="47.23248173845548" lon="9.374911968212817">
      <ele>1941.0</ele></trkpt>
      <trkpt lat="47.232541249561365" lon="9.374901668329569">
      <ele>1941.8</ele></trkpt>
      <trkpt lat="47.23258656420364" lon="9.37489502815234">
      <ele>1942.6</ele></trkpt>
      <trkpt lat="47.23262652906562" lon="9.374871576563477">
      <ele>1943.4</ele></trkpt>
      <trkpt lat="47.23266231019508" lon="9.374843838757759">
      <ele>1944.2</ele></trkpt>
      <trkpt lat="47.23269488460547" lon="9.374838797518073">
      <ele>1945.0</ele></trkpt>
      <trkpt lat="47.23272570786684" lon="9.374854431741543">
      <ele>1945.8</ele></trkpt>
      <trkpt lat="47.23274643094707" lon="9.374882143327786">
      <ele>1946.6</ele></trkpt>
      <trkpt lat="47.23277675742446" lon="9.374926794115234">
      <ele>1947.4</ele></trkpt>
      <trkpt lat="47.23279353301594" lon="9.37493777153521">
      <ele>1948.2</ele></trkpt>
      <trkpt lat="47.23281436060398" lon="9.374959265288354">
      <ele>1949.0</ele></trkpt>
      <trkpt lat="47.232856503350504" lon="9.374973249154227">
      <ele>1949.8</ele></trkpt>
      <trkpt lat="47.23289886436726" lon="9.374974784345598">
      <ele>1950.6</ele></trkpt>
      <trkpt lat="47.23295671084591" lon="9.374978941436469">
      <ele>1951.4</ele></trkpt>
      <trkpt lat="47.232905295567406" lon="9.375052504655011">
      <ele>1952.2</ele></trkpt>
      <trkpt lat="47.23283854900711" lon="9.375128721991869">
      <ele>1953.2</ele></trkpt>
      <trkpt lat="47.23283229685799" lon="9.37513240541441">
      <ele>1954.1</ele></trkpt>
      <trkpt lat="47.23277344925984" lon="9.37516424745574">
      <ele>1955.0</ele></trkpt>
      <trkpt lat="47.232730422669846" lon="9.37519320196355">
      <ele>1956.0</ele></trkpt>
      <trkpt lat="47.232679529789344" lon="9.375244248199515">
      <ele>1957.0</ele></trkpt>
      <trkpt lat="47.23263213940115" lon="9.375293003956136">
      <ele>1957.9</ele></trkpt>
      <trkpt lat="47.23260182424018" lon="9.375343474945893">
      <ele>1958.9</ele></trkpt>
      <trkpt lat="47.23257361011909" lon="9.375378685840666">
      <ele>1959.8</ele></trkpt>
      <trkpt lat="47.2325570722778" lon="9.375409221093697">
      <ele>1960.8</ele></trkpt>
      <trkpt lat="47.23253822139987" lon="9.3754424728888">
      <ele>1961.7</ele></trkpt>
      <trkpt lat="47.23251950174723" lon="9.375482902154273">
      <ele>1962.7</ele></trkpt>
      <trkpt lat="47.23248546581148" lon="9.375521349545082">
      <ele>1963.6</ele></trkpt>
      <trkpt lat="47.232446225541835" lon="9.375565909126859">
      <ele>1964.5</ele></trkpt>
      <trkpt lat="47.232423645553084" lon="9.375621877936378">
      <ele>1965.5</ele></trkpt>
      <trkpt lat="47.2324014083252" lon="9.375662813583661">
      <ele>1966.5</ele></trkpt>
      <trkpt lat="47.23238755079596" lon="9.375712123955646">
      <ele>1967.4</ele></trkpt>
      <trkpt lat="47.23237923737852" lon="9.375742072145105">
      <ele>1968.4</ele></trkpt>
      <trkpt lat="47.23234531869448" lon="9.375787986844946">
      <ele>1969.3</ele></trkpt>
      <trkpt lat="47.232328610107864" lon="9.375847391432943">
      <ele>1970.2</ele></trkpt>
      <trkpt lat="47.23229752229261" lon="9.375887081358464">
      <ele>1971.2</ele></trkpt>
      <trkpt lat="47.23228603780022" lon="9.375901750099636">
      <ele>1971.8</ele></trkpt>
      <trkpt lat="47.23226269756954" lon="9.375944600526319">
      <ele>1972.4</ele></trkpt>
      <trkpt lat="47.23225926096585" lon="9.375957949505633">
      <ele>1973.0</ele></trkpt>
      <trkpt lat="47.232255891300895" lon="9.375971063141275">
      <ele>1973.6</ele></trkpt>
      <trkpt lat="47.23225378351117" lon="9.375979229378153">
      <ele>1974.2</ele></trkpt>
      <trkpt lat="47.232281892367354" lon="9.376006456036386">
      <ele>1974.7</ele></trkpt>
      <trkpt lat="47.232318386370785" lon="9.376030499485472">
      <ele>1975.3</ele></trkpt>
      <trkpt lat="47.23239281228454" lon="9.376082429729472">
      <ele>1975.9</ele></trkpt>
      <trkpt lat="47.2324381016468" lon="9.376091205072964">
      <ele>1976.5</ele></trkpt>
      <trkpt lat="47.232491831109286" lon="9.376137391842986">
      <ele>1977.1</ele></trkpt>
      <trkpt lat="47.23252278250541" lon="9.37615930590544">
      <ele>1977.7</ele></trkpt>
      <trkpt lat="47.23255522450401" lon="9.37616481504576">
      <ele>1978.3</ele></trkpt>
      <trkpt lat="47.23258899316962" lon="9.37617971140376">
      <ele>1978.9</ele></trkpt>
      <trkpt lat="47.23260313770118" lon="9.37618128108685">
      <ele>1979.5</ele></trkpt>
      <trkpt lat="47.2326122180615" lon="9.37619614080338">
      <ele>1980.0</ele></trkpt>
      <trkpt lat="47.23263220813308" lon="9.376196271284527">
      <ele>1980.6</ele></trkpt>
      <trkpt lat="47.23265439942715" lon="9.376171449594501">
      <ele>1981.2</ele></trkpt>
      <trkpt lat="47.23266847460685" lon="9.376163770112724">
      <ele>1981.8</ele></trkpt>
      <trkpt lat="47.23269171437067" lon="9.376147757524032">
      <ele>1982.4</ele></trkpt>
      <trkpt lat="47.232751172483034" lon="9.376112266497351">
      <ele>1983.0</ele></trkpt>
      <trkpt lat="47.23278065805749" lon="9.376105251470896">
      <ele>1983.6</ele></trkpt>
      <trkpt lat="47.232793861152444" lon="9.376087368992042">
      <ele>1984.3</ele></trkpt>
      <trkpt lat="47.23280360855953" lon="9.376072201246767">
      <ele>1984.9</ele></trkpt>
      <trkpt lat="47.23283007455943" lon="9.376041973214498">
      <ele>1985.5</ele></trkpt>
      <trkpt lat="47.23283783955993" lon="9.376057472169661">
      <ele>1986.2</ele></trkpt>
      <trkpt lat="47.23285110747731" lon="9.376086551940451">
      <ele>1986.8</ele></trkpt>
      <trkpt lat="47.232855963632886" lon="9.376103279592657">
      <ele>1987.4</ele></trkpt>
      <trkpt lat="47.23285929275109" lon="9.37614392720139">
      <ele>1988.1</ele></trkpt>
      <trkpt lat="47.23288444060843" lon="9.376154085815077">
      <ele>1988.7</ele></trkpt>
      <trkpt lat="47.232898600180484" lon="9.376172947354691">
      <ele>1989.3</ele></trkpt>
      <trkpt lat="47.232914523443625" lon="9.376207843220838">
      <ele>1990.0</ele></trkpt>
      <trkpt lat="47.232933223295326" lon="9.376219419240378">
      <ele>1990.6</ele></trkpt>
      <trkpt lat="47.232942068611905" lon="9.376211880314774">
      <ele>1991.3</ele></trkpt>
      <trkpt lat="47.232950361261146" lon="9.376187452724714">
      <ele>1991.9</ele></trkpt>
      <trkpt lat="47.232976625897464" lon="9.376162778594619">
      <ele>1992.5</ele></trkpt>
      <trkpt lat="47.232999795789965" lon="9.376124174994931">
      <ele>1993.2</ele></trkpt>
      <trkpt lat="47.233021496636546" lon="9.37609213609514">
      <ele>1993.8</ele></trkpt>
      <trkpt lat="47.23304884727743" lon="9.376067620152176">
      <ele>1994.4</ele></trkpt>
      <trkpt lat="47.233064361080196" lon="9.37604555466293">
      <ele>1995.1</ele></trkpt>
      <trkpt lat="47.233080541158955" lon="9.376028810370446">
      <ele>1995.7</ele></trkpt>
      <trkpt lat="47.23312701335712" lon="9.376031988166394">
      <ele>1995.5</ele></trkpt>
      <trkpt lat="47.23315729464392" lon="9.376030087602622">
      <ele>1995.4</ele></trkpt>
      <trkpt lat="47.23321063729213" lon="9.37600405705001">
      <ele>1995.2</ele></trkpt>
      <trkpt lat="47.23322503892509" lon="9.376006388976252">
      <ele>1995.0</ele></trkpt>
      <trkpt lat="47.233241019570926" lon="9.376016479379642">
      <ele>1994.8</ele></trkpt>
      <trkpt lat="47.23325645250765" lon="9.376015268892552">
      <ele>1994.7</ele></trkpt>
      <trkpt lat="47.233278884733714" lon="9.37600768095766">
      <ele>1994.5</ele></trkpt>
      <trkpt lat="47.23331263402657" lon="9.376001797921777">
      <ele>1994.3</ele></trkpt>
      <trkpt lat="47.233351867532356" lon="9.375983326778169">
      <ele>1994.2</ele></trkpt>
      <trkpt lat="47.2333826595944" lon="9.375972990507002">
      <ele>1994.0</ele></trkpt>
      <trkpt lat="47.2334157692513" lon="9.375956992046488">
      <ele>1993.8</ele></trkpt>
      <trkpt lat="47.23345343271991" lon="9.375932902625642">
      <ele>1993.7</ele></trkpt>
      <trkpt lat="47.23347391343768" lon="9.375948796759928">
      <ele>1993.5</ele></trkpt>
      <trkpt lat="47.233492368293675" lon="9.375971195881323">
      <ele>1993.3</ele></trkpt>
      <trkpt lat="47.23350955960593" lon="9.375997036564648">
      <ele>1993.2</ele></trkpt>
      <trkpt lat="47.2335181017959" lon="9.376016077674132">
      <ele>1993.0</ele></trkpt>
      <trkpt lat="47.23353165629514" lon="9.376020096161934">
      <ele>1992.8</ele></trkpt>
      <trkpt lat="47.23355466929838" lon="9.376029332010582">
      <ele>1992.6</ele></trkpt>
      <trkpt lat="47.23356368140806" lon="9.376042366548766">
      <ele>1992.5</ele></trkpt>
      <trkpt lat="47.233577648890076" lon="9.376036809762347">
      <ele>1992.3</ele></trkpt>
      <trkpt lat="47.23360037396245" lon="9.376029998573733">
      <ele>1992.6</ele></trkpt>
      <trkpt lat="47.23362374322826" lon="9.376026077250891">
      <ele>1992.9</ele></trkpt>
      <trkpt lat="47.233641563879246" lon="9.37603964256884">
      <ele>1993.2</ele></trkpt>
      <trkpt lat="47.23365478586374" lon="9.376058615653411">
      <ele>1993.4</ele></trkpt>
      <trkpt lat="47.23366935580325" lon="9.376054150697126">
      <ele>1993.7</ele></trkpt>
      <trkpt lat="47.23369604411666" lon="9.376039055393806">
      <ele>1994.0</ele></trkpt>
      <trkpt lat="47.23374790839853" lon="9.376023353855862">
      <ele>1994.3</ele></trkpt>
      <trkpt lat="47.23378504711915" lon="9.37600318181633">
      <ele>1994.6</ele></trkpt>
      <trkpt lat="47.2338215746083" lon="9.375981904383188">
      <ele>1994.9</ele></trkpt>
      <trkpt lat="47.233843664250664" lon="9.375972216784765">
      <ele>1995.2</ele></trkpt>
      <trkpt lat="47.23387283664492" lon="9.375965097712204">
      <ele>1995.4</ele></trkpt>
      <trkpt lat="47.23388364417596" lon="9.375961790848296">
      <ele>1995.7</ele></trkpt>
      <trkpt lat="47.23392280905884" lon="9.375947398819939">
      <ele>1996.0</ele></trkpt>
      <trkpt lat="47.23394706029982" lon="9.375948278160287">
      <ele>1996.3</ele></trkpt>
      <trkpt lat="47.233991965573196" lon="9.37594351285391">
      <ele>1996.6</ele></trkpt>
      <trkpt lat="47.23403859106524" lon="9.375949879757579">
      <ele>1996.9</ele></trkpt>
      <trkpt lat="47.23409194110096" lon="9.375939991399672">
      <ele>1997.1</ele></trkpt>
      <trkpt lat="47.23415413953592" lon="9.375924519049525">
      <ele>1997.4</ele></trkpt>
      <trkpt lat="47.234194232663356" lon="9.375933040083284">
      <ele>1997.7</ele></trkpt>
      <trkpt lat="47.234225491238846" lon="9.375965045002655">
      <ele>1998.0</ele></trkpt>
      <trkpt lat="47.234257003378" lon="9.375984113460147">
      <ele>1998.0</ele></trkpt>
      <trkpt lat="47.23429048372816" lon="9.37601347777211">
      <ele>1998.0</ele></trkpt>
      <trkpt lat="47.23430755071526" lon="9.376029591857383">
      <ele>1998.0</ele></trkpt>
      <trkpt lat="47.234326498714566" lon="9.376029090046313">
      <ele>1998.0</ele></trkpt>
      <trkpt lat="47.23434865711626" lon="9.376051689900155">
      <ele>1998.0</ele></trkpt>
      <trkpt lat="47.23434865711626" lon="9.376051689900155">
      <ele>1998.0</ele></trkpt>
      <trkpt lat="47.234344689596675" lon="9.37597891792536">
      <ele>1998.0</ele></trkpt>
      <trkpt lat="47.234347073724194" lon="9.375949506636875">
      <ele>1998.0</ele></trkpt>
      <trkpt lat="47.23435413012311" lon="9.375893726039289">
      <ele>1998.0</ele></trkpt>
      <trkpt lat="47.234359729799266" lon="9.375844312629859">
      <ele>1998.0</ele></trkpt>
      <trkpt lat="47.234369131042975" lon="9.375796225937064">
      <ele>1998.1</ele></trkpt>
      <trkpt lat="47.23438548814034" lon="9.375761997640872">
      <ele>1998.1</ele></trkpt>
      <trkpt lat="47.23439833748114" lon="9.375719134955556">
      <ele>1998.1</ele></trkpt>
      <trkpt lat="47.23442937359391" lon="9.375672347761741">
      <ele>1998.1</ele></trkpt>
      <trkpt lat="47.23446073572261" lon="9.375621688611007">
      <ele>1998.1</ele></trkpt>
      <trkpt lat="47.234460748981775" lon="9.375583446313746">
      <ele>1998.1</ele></trkpt>
      <trkpt lat="47.23445516751009" lon="9.37551353512017">
      <ele>1998.1</ele></trkpt>
      <trkpt lat="47.234450707767465" lon="9.375482858490598">
      <ele>1998.1</ele></trkpt>
      <trkpt lat="47.23445216077692" lon="9.375437112309543">
      <ele>1998.1</ele></trkpt>
      <trkpt lat="47.23444875803387" lon="9.375397081739816">
      <ele>1998.1</ele></trkpt>
      <trkpt lat="47.23444620277803" lon="9.37536764984497">
      <ele>1998.4</ele></trkpt>
      <trkpt lat="47.234444553759936" lon="9.375353349759145">
      <ele>1998.6</ele></trkpt>
      <trkpt lat="47.23444196650762" lon="9.375320468916314">
      <ele>1998.9</ele></trkpt>
      <trkpt lat="47.234439651171556" lon="9.375275695782895">
      <ele>1999.2</ele></trkpt>
      <trkpt lat="47.23444292339286" lon="9.37526141556337">
      <ele>1999.5</ele></trkpt>
      <trkpt lat="47.234450814718954" lon="9.375253352920838">
      <ele>1999.8</ele></trkpt>
      <trkpt lat="47.23446698847707" lon="9.375240187621799">
      <ele>2000.0</ele></trkpt>
      <trkpt lat="47.23446986870334" lon="9.375224070212655">
      <ele>2000.3</ele></trkpt>
      <trkpt lat="47.2344669709468" lon="9.375197347149582">
      <ele>2000.6</ele></trkpt>
      <trkpt lat="47.23447361922522" lon="9.375180269888423">
      <ele>2000.8</ele></trkpt>
      <trkpt lat="47.23448777626438" lon="9.375153266702222">
      <ele>2001.1</ele></trkpt>
      <trkpt lat="47.23450363033242" lon="9.375146272033236">
      <ele>2001.4</ele></trkpt>
      <trkpt lat="47.234523270219704" lon="9.375138331360198">
      <ele>2001.7</ele></trkpt>
      <trkpt lat="47.234540204283626" lon="9.375125431345099">
      <ele>2001.9</ele></trkpt>
      <trkpt lat="47.23456179800536" lon="9.375123294598762">
      <ele>2002.2</ele></trkpt>
      <trkpt lat="47.234572587540924" lon="9.375141928624013">
      <ele>2002.5</ele></trkpt>
      <trkpt lat="47.23458671103179" lon="9.375112638837203">
      <ele>2002.8</ele></trkpt>
      <trkpt lat="47.23458909538178" lon="9.375083200973261">
      <ele>2003.0</ele></trkpt>
      <trkpt lat="47.23459253362218" lon="9.375046733969068">
      <ele>2003.3</ele></trkpt>
      <trkpt lat="47.234603737008214" lon="9.37502897630146">
      <ele>2003.6</ele></trkpt>
      <trkpt lat="47.2346180018074" lon="9.375035701987162">
      <ele>2003.9</ele></trkpt>
      <trkpt lat="47.23463162510972" lon="9.37501475593782">
      <ele>2004.2</ele></trkpt>
      <trkpt lat="47.23467267527591" lon="9.374982941316345">
      <ele>2004.5</ele></trkpt>
      <trkpt lat="47.23469163504613" lon="9.374983879446336">
      <ele>2004.8</ele></trkpt>
      <trkpt lat="47.234710923256046" lon="9.374978660410408">
      <ele>2005.1</ele></trkpt>
      <trkpt lat="47.23473140992282" lon="9.374939614352892">
      <ele>2005.5</ele></trkpt>
      <trkpt lat="47.234741235003646" lon="9.374896800123066">
      <ele>2005.8</ele></trkpt>
      <trkpt lat="47.23474149000627" lon="9.374883771087644">
      <ele>2006.1</ele></trkpt>
      <trkpt lat="47.234726745837115" lon="9.374847754688018">
      <ele>2006.4</ele></trkpt>
      <trkpt lat="47.23473117097865" lon="9.374834467268704">
      <ele>2006.7</ele></trkpt>
      <trkpt lat="47.23475197872073" lon="9.374830914862834">
      <ele>2007.0</ele></trkpt>
      <trkpt lat="47.23476372839034" lon="9.374829900770159">
      <ele>2007.3</ele></trkpt>
      <trkpt lat="47.23477197946035" lon="9.374820239431541">
      <ele>2007.6</ele></trkpt>
      <trkpt lat="47.23478295237035" lon="9.374817796925331">
      <ele>2007.9</ele></trkpt>
      <trkpt lat="47.234810911965795" lon="9.374768810213112">
      <ele>2008.2</ele></trkpt>
      <trkpt lat="47.23481418500189" lon="9.37475340704301">
      <ele>2008.6</ele></trkpt>
      <trkpt lat="47.234811429002214" lon="9.37470218438073">
      <ele>2008.9</ele></trkpt>
      <trkpt lat="47.23481577301146" lon="9.374680875504128">
      <ele>2009.2</ele></trkpt>
      <trkpt lat="47.23483233957916" lon="9.374668424309348">
      <ele>2009.5</ele></trkpt>
      <trkpt lat="47.23486139070039" lon="9.374654060900573">
      <ele>2009.8</ele></trkpt>
      <trkpt lat="47.23487585492765" lon="9.374641427826711">
      <ele>2010.9</ele></trkpt>
      <trkpt lat="47.23489699383495" lon="9.374607464604304">
      <ele>2012.1</ele></trkpt>
      <trkpt lat="47.23491633076608" lon="9.374550093905542">
      <ele>2013.2</ele></trkpt>
      <trkpt lat="47.234941505845796" lon="9.374480477618258">
      <ele>2014.3</ele></trkpt>
      <trkpt lat="47.23497747901039" lon="9.374442375406437">
      <ele>2015.5</ele></trkpt>
      <trkpt lat="47.235020318682515" lon="9.374414891834583">
      <ele>2016.6</ele></trkpt>
      <trkpt lat="47.23504952888241" lon="9.374357865440617">
      <ele>2017.7</ele></trkpt>
      <trkpt lat="47.23507267392516" lon="9.374325520260616">
      <ele>2018.8</ele></trkpt>
      <trkpt lat="47.23510195797323" lon="9.374316567969133">
      <ele>2020.0</ele></trkpt>
      <trkpt lat="47.23514528813834" lon="9.374329498502293">
      <ele>2021.1</ele></trkpt>
      <trkpt lat="47.235177951007216" lon="9.374335252579193">
      <ele>2022.2</ele></trkpt>
      <trkpt lat="47.2351993603775" lon="9.374355328226873">
      <ele>2023.4</ele></trkpt>
      <trkpt lat="47.23521395163993" lon="9.374375288965489">
      <ele>2024.5</ele></trkpt>
      <trkpt lat="47.2352520007785" lon="9.374389798393082">
      <ele>2025.6</ele></trkpt>
      <trkpt lat="47.23527512528226" lon="9.37442988353965">
      <ele>2026.8</ele></trkpt>
      <trkpt lat="47.23530029720731" lon="9.374445577719813">
      <ele>2027.9</ele></trkpt>
      <trkpt lat="47.235339761507994" lon="9.37445029693226">
      <ele>2029.0</ele></trkpt>
      <trkpt lat="47.23535933189267" lon="9.37447486356044">
      <ele>2030.1</ele></trkpt>
      <trkpt lat="47.23538570556333" lon="9.374485436155512">
      <ele>2031.3</ele></trkpt>
      <trkpt lat="47.2353977239008" lon="9.37448663780723">
      <ele>2032.4</ele></trkpt>
      <trkpt lat="47.235454028059145" lon="9.374499047879132">
      <ele>2033.1</ele></trkpt>
      <trkpt lat="47.23548215800244" lon="9.37450630233285">
      <ele>2033.8</ele></trkpt>
      <trkpt lat="47.23551997050615" lon="9.374526325215609">
      <ele>2034.5</ele></trkpt>
      <trkpt lat="47.2355519524603" lon="9.374556533292568">
      <ele>2035.3</ele></trkpt>
      <trkpt lat="47.235559267460886" lon="9.374578476299632">
      <ele>2036.0</ele></trkpt>
      <trkpt lat="47.23558262380903" lon="9.374597803705871">
      <ele>2036.7</ele></trkpt>
      <trkpt lat="47.23558111479342" lon="9.374637802393458">
      <ele>2037.4</ele></trkpt>
      <trkpt lat="47.23558778315174" lon="9.374661280797529">
      <ele>2038.1</ele></trkpt>
      <trkpt lat="47.23560143073882" lon="9.374702053296353">
      <ele>2038.8</ele></trkpt>
      <trkpt lat="47.23560572211396" lon="9.374714388627126">
      <ele>2039.6</ele></trkpt>
      <trkpt lat="47.235602881855165" lon="9.374735091798566">
      <ele>2040.3</ele></trkpt>
      <trkpt lat="47.235603803075975" lon="9.374752549461489">
      <ele>2041.0</ele></trkpt>
      <trkpt lat="47.23561903336242" lon="9.37476018206071">
      <ele>2041.7</ele></trkpt>
      <trkpt lat="47.235637529013346" lon="9.374751261688637">
      <ele>2042.4</ele></trkpt>
      <trkpt lat="47.23565706452305" lon="9.374731863647597">
      <ele>2043.1</ele></trkpt>
      <trkpt lat="47.23567000618059" lon="9.374737550669686">
      <ele>2043.8</ele></trkpt>
      <trkpt lat="47.23568551341324" lon="9.374742088903675">
      <ele>2044.6</ele></trkpt>
      <trkpt lat="47.235703027581" lon="9.374730002119408">
      <ele>2045.3</ele></trkpt>
      <trkpt lat="47.235713774807245" lon="9.374716362294468">
      <ele>2046.0</ele></trkpt>
      <trkpt lat="47.2357207516584" lon="9.37469311408733">
      <ele>2046.7</ele></trkpt>
      <trkpt lat="47.2357275787534" lon="9.37469322937988">
      <ele>2047.1</ele></trkpt>
      <trkpt lat="47.235737568139236" lon="9.374707012984349">
      <ele>2047.5</ele></trkpt>
      <trkpt lat="47.23574306794634" lon="9.374727212608274">
      <ele>2047.9</ele></trkpt>
      <trkpt lat="47.235738763602185" lon="9.374753120457251">
      <ele>2048.3</ele></trkpt>
      <trkpt lat="47.23574196600168" lon="9.374771360975373">
      <ele>2048.7</ele></trkpt>
      <trkpt lat="47.23574698479993" lon="9.374780565454554">
      <ele>2049.0</ele></trkpt>
      <trkpt lat="47.23575154671885" lon="9.374782157481128">
      <ele>2049.4</ele></trkpt>
      <trkpt lat="47.23576243829428" lon="9.374771706557503">
      <ele>2049.8</ele></trkpt>
      <trkpt lat="47.23577481938433" lon="9.37475721442621">
      <ele>2050.2</ele></trkpt>
      <trkpt lat="47.23579632298956" lon="9.374747055582908">
      <ele>2050.6</ele></trkpt>
      <trkpt lat="47.235806158917526" lon="9.374744809597082">
      <ele>2051.0</ele></trkpt>
      <trkpt lat="47.23581641906808" lon="9.37474783667189">
      <ele>2051.4</ele></trkpt>
      <trkpt lat="47.23581535597489" lon="9.374754878852976">
      <ele>2051.8</ele></trkpt>
      <trkpt lat="47.23581020274779" lon="9.374771337049292">
      <ele>2052.2</ele></trkpt>
      <trkpt lat="47.23580959543174" lon="9.374787127735026">
      <ele>2052.6</ele></trkpt>
      <trkpt lat="47.23581688663983" lon="9.374797101511911">
      <ele>2052.9</ele></trkpt>
      <trkpt lat="47.23583136559467" lon="9.374804469141544">
      <ele>2053.3</ele></trkpt>
      <trkpt lat="47.235842241832444" lon="9.374791719062346">
      <ele>2053.7</ele></trkpt>
      <trkpt lat="47.2358428885987" lon="9.374780540184036">
      <ele>2054.1</ele></trkpt>
      <trkpt lat="47.23585001234224" lon="9.374771035943603">
      <ele>2054.5</ele></trkpt>
      <trkpt lat="47.23584939389752" lon="9.374746270676507">
      <ele>2055.5</ele></trkpt>
      <trkpt lat="47.23587054671979" lon="9.37473771075774">
      <ele>2056.5</ele></trkpt>
      <trkpt lat="47.23588796129188" lon="9.374735831874998">
      <ele>2057.5</ele></trkpt>
      <trkpt lat="47.23589276263291" lon="9.374722108640427">
      <ele>2058.5</ele></trkpt>
      <trkpt lat="47.23589349623776" lon="9.37467953203571">
      <ele>2059.5</ele></trkpt>
      <trkpt lat="47.23589154809656" lon="9.374634308667781">
      <ele>2060.5</ele></trkpt>
      <trkpt lat="47.235893033873595" lon="9.374590874229872">
      <ele>2061.5</ele></trkpt>
      <trkpt lat="47.235897002967675" lon="9.374568851182547">
      <ele>2062.5</ele></trkpt>
      <trkpt lat="47.23590899882668" lon="9.37455479415988">
      <ele>2063.5</ele></trkpt>
      <trkpt lat="47.23592857464864" lon="9.374539954963254">
      <ele>2064.6</ele></trkpt>
      <trkpt lat="47.23592564296154" lon="9.374510957812548">
      <ele>2065.6</ele></trkpt>
      <trkpt lat="47.23593271756434" lon="9.37449688097787">
      <ele>2066.6</ele></trkpt>
      <trkpt lat="47.23594821861375" lon="9.374493756963542">
      <ele>2067.6</ele></trkpt>
      <trkpt lat="47.235957918156195" lon="9.37447660475771">
      <ele>2068.6</ele></trkpt>
      <trkpt lat="47.235970617531265" lon="9.37445709091086">
      <ele>2069.6</ele></trkpt>
      <trkpt lat="47.23597650148949" lon="9.374477991450725">
      <ele>2070.6</ele></trkpt>
      <trkpt lat="47.23598425883584" lon="9.374495564824862">
      <ele>2071.6</ele></trkpt>
      <trkpt lat="47.235992702169305" lon="9.374507654359004">
      <ele>2072.6</ele></trkpt>
      <trkpt lat="47.236009110227094" lon="9.374518552936415">
      <ele>2073.6</ele></trkpt>
      <trkpt lat="47.236028805534204" lon="9.374517483185656">
      <ele>2074.6</ele></trkpt>
      <trkpt lat="47.236039843772495" lon="9.374520789418664">
      <ele>2075.3</ele></trkpt>
      <trkpt lat="47.23605330614199" lon="9.374542070276519">
      <ele>2075.9</ele></trkpt>
      <trkpt lat="47.23606322209266" lon="9.374548981902175">
      <ele>2076.6</ele></trkpt>
      <trkpt lat="47.236055662550854" lon="9.37455979145153">
      <ele>2077.2</ele></trkpt>
      <trkpt lat="47.236050388536825" lon="9.374594145359417">
      <ele>2077.9</ele></trkpt>
      <trkpt lat="47.236058031195476" lon="9.374601410561043">
      <ele>2078.5</ele></trkpt>
      <trkpt lat="47.23606951689674" lon="9.374613425427519">
      <ele>2079.2</ele></trkpt>
      <trkpt lat="47.23608617246616" lon="9.374610131908481">
      <ele>2079.8</ele></trkpt>
      <trkpt lat="47.23609741831432" lon="9.37463748850842">
      <ele>2080.5</ele></trkpt>
      <trkpt lat="47.236117308085774" lon="9.374655897896865">
      <ele>2081.1</ele></trkpt>
      <trkpt lat="47.236123223790415" lon="9.374680260779">
      <ele>2081.8</ele></trkpt>
      <trkpt lat="47.23613620556783" lon="9.374690520073315">
      <ele>2082.5</ele></trkpt>
      <trkpt lat="47.236143711866774" lon="9.374682879080995">
      <ele>2083.1</ele></trkpt>
      <trkpt lat="47.23615661123302" lon="9.374643438033685">
      <ele>2083.8</ele></trkpt>
      <trkpt lat="47.23616405307305" lon="9.374628925310168">
      <ele>2084.4</ele></trkpt>
      <trkpt lat="47.236175250260594" lon="9.37460885499623">
      <ele>2085.1</ele></trkpt>
      <trkpt lat="47.236175399551165" lon="9.374585517698918">
      <ele>2085.7</ele></trkpt>
      <trkpt lat="47.236171772459315" lon="9.374563100392953">
      <ele>2086.4</ele></trkpt>
      <trkpt lat="47.236174557217296" lon="9.374535525594526">
      <ele>2087.0</ele></trkpt>
      <trkpt lat="47.236192498592295" lon="9.374508724555646">
      <ele>2087.7</ele></trkpt>
      <trkpt lat="47.2362065499998" lon="9.374471399202454">
      <ele>2088.6</ele></trkpt>
      <trkpt lat="47.23622996462307" lon="9.374421942492368">
      <ele>2089.4</ele></trkpt>
      <trkpt lat="47.23625383007006" lon="9.374420614274186">
      <ele>2090.3</ele></trkpt>
      <trkpt lat="47.23626746759326" lon="9.374419694884523">
      <ele>2091.1</ele></trkpt>
      <trkpt lat="47.23628737566532" lon="9.374360454255342">
      <ele>2092.0</ele></trkpt>
      <trkpt lat="47.23629748385767" lon="9.374346289060446">
      <ele>2092.8</ele></trkpt>
      <trkpt lat="47.236320014183036" lon="9.374363908982088">
      <ele>2093.7</ele></trkpt>
      <trkpt lat="47.236333740517" lon="9.374372160811182">
      <ele>2094.5</ele></trkpt>
      <trkpt lat="47.23634281655935" lon="9.374369622993896">
      <ele>2095.4</ele></trkpt>
      <trkpt lat="47.23634642474666" lon="9.374350334433613">
      <ele>2096.2</ele></trkpt>
      <trkpt lat="47.23635661769782" lon="9.374305960097818">
      <ele>2097.1</ele></trkpt>
      <trkpt lat="47.236367474457325" lon="9.374251530254988">
      <ele>2098.0</ele></trkpt>
      <trkpt lat="47.2363762283204" lon="9.374214620470616">
      <ele>2098.8</ele></trkpt>
      <trkpt lat="47.23639041605078" lon="9.374192201198401">
      <ele>2099.7</ele></trkpt>
      <trkpt lat="47.23640757399564" lon="9.37416168585066">
      <ele>2100.5</ele></trkpt>
      <trkpt lat="47.23640404359705" lon="9.37403979755835">
      <ele>2101.4</ele></trkpt>
      <trkpt lat="47.23640972335309" lon="9.373980212967606">
      <ele>2102.2</ele></trkpt>
      <trkpt lat="47.236427249568095" lon="9.373935271893947">
      <ele>2103.1</ele></trkpt>
      <trkpt lat="47.23644342357354" lon="9.37387923789657">
      <ele>2103.9</ele></trkpt>
      <trkpt lat="47.23646225361862" lon="9.373823630332502">
      <ele>2104.8</ele></trkpt>
      <trkpt lat="47.23648670367716" lon="9.37376661461638">
      <ele>2105.2</ele></trkpt>
      <trkpt lat="47.23649645359424" lon="9.373729318018736">
      <ele>2105.6</ele></trkpt>
      <trkpt lat="47.23650557477814" lon="9.373676423529275">
      <ele>2106.1</ele></trkpt>
      <trkpt lat="47.236521613751364" lon="9.373660557439507">
      <ele>2106.5</ele></trkpt>
      <trkpt lat="47.23653447949994" lon="9.37362309622835">
      <ele>2106.9</ele></trkpt>
      <trkpt lat="47.23655561212845" lon="9.373584666198074">
      <ele>2107.3</ele></trkpt>
      <trkpt lat="47.2365620229821" lon="9.37355867563342">
      <ele>2107.7</ele></trkpt>
      <trkpt lat="47.23657619253799" lon="9.373510547910106">
      <ele>2108.2</ele></trkpt>
      <trkpt lat="47.236575072655995" lon="9.37348830057873">
      <ele>2108.6</ele></trkpt>
      <trkpt lat="47.23656556051345" lon="9.373465379431982">
      <ele>2109.0</ele></trkpt>
      <trkpt lat="47.23655792356014" lon="9.373425630036664">
      <ele>2109.4</ele></trkpt>
      <trkpt lat="47.23654834570559" lon="9.373366443851005">
      <ele>2109.8</ele></trkpt>
      <trkpt lat="47.23656431385848" lon="9.373321578152083">
      <ele>2110.3</ele></trkpt>
      <trkpt lat="47.236572015104315" lon="9.373277681275532">
      <ele>2110.7</ele></trkpt>
      <trkpt lat="47.23656642268014" lon="9.37323726615294">
      <ele>2111.1</ele></trkpt>
      <trkpt lat="47.23655532636365" lon="9.373199914725642">
      <ele>2111.5</ele></trkpt>
      <trkpt lat="47.23653956972336" lon="9.37317004341564">
      <ele>2111.9</ele></trkpt>
      <trkpt lat="47.23652462988737" lon="9.37313010892238">
      <ele>2112.4</ele></trkpt>
      <trkpt lat="47.23654544941494" lon="9.373115670753153">
      <ele>2112.8</ele></trkpt>
      <trkpt lat="47.23655368121821" lon="9.373100182327105">
      <ele>2113.2</ele></trkpt>
      <trkpt lat="47.236555337428754" lon="9.373087282845665">
      <ele>2113.5</ele></trkpt>
      <trkpt lat="47.23657307683915" lon="9.373087489203613">
      <ele>2113.9</ele></trkpt>
      <trkpt lat="47.23657159525325" lon="9.37306748777654">
      <ele>2114.2</ele></trkpt>
      <trkpt lat="47.23655957009039" lon="9.373045796765744">
      <ele>2114.5</ele></trkpt>
      <trkpt lat="47.236568868542754" lon="9.373023583194069">
      <ele>2114.9</ele></trkpt>
      <trkpt lat="47.236574832860384" lon="9.373005423401821">
      <ele>2115.2</ele></trkpt>
      <trkpt lat="47.23658855096065" lon="9.372972378734572">
      <ele>2115.5</ele></trkpt>
      <trkpt lat="47.23657900756404" lon="9.372942204007584">
      <ele>2115.9</ele></trkpt>
      <trkpt lat="47.236572080718844" lon="9.372890696670531">
      <ele>2116.2</ele></trkpt>
      <trkpt lat="47.23655585939284" lon="9.372868668838267">
      <ele>2116.6</ele></trkpt>
      <trkpt lat="47.23653036270041" lon="9.372819791867864">
      <ele>2116.9</ele></trkpt>
      <trkpt lat="47.236548728077715" lon="9.372772000831153">
      <ele>2117.2</ele></trkpt>
      <trkpt lat="47.236566494914676" lon="9.372730383795178">
      <ele>2117.6</ele></trkpt>
      <trkpt lat="47.23657291515371" lon="9.372648090530054">
      <ele>2117.9</ele></trkpt>
      <trkpt lat="47.2365827764534" lon="9.372605209692267">
      <ele>2118.2</ele></trkpt>
      <trkpt lat="47.2365968470593" lon="9.372569918693708">
      <ele>2118.6</ele></trkpt>
      <trkpt lat="47.23661403351854" lon="9.372534463042939">
      <ele>2118.9</ele></trkpt>
      <trkpt lat="47.236613329005955" lon="9.372482639329048">
      <ele>2119.2</ele></trkpt>
      <trkpt lat="47.23661213349382" lon="9.372424152984637">
      <ele>2119.6</ele></trkpt>
      <trkpt lat="47.236600420997775" lon="9.372378470025367">
      <ele>2119.9</ele></trkpt>
      <trkpt lat="47.23659995308449" lon="9.3723227313875">
      <ele>2120.5</ele></trkpt>
      <trkpt lat="47.23661255508887" lon="9.372274691903165">
      <ele>2121.1</ele></trkpt>
      <trkpt lat="47.236616425630196" lon="9.37223546481883">
      <ele>2121.6</ele></trkpt>
      <trkpt lat="47.23662078292489" lon="9.372195647664235">
      <ele>2122.2</ele></trkpt>
      <trkpt lat="47.236641424306015" lon="9.372150541172099">
      <ele>2122.8</ele></trkpt>
      <trkpt lat="47.23664671023544" lon="9.372095063566057">
      <ele>2123.3</ele></trkpt>
      <trkpt lat="47.23664844239381" lon="9.37206208687467">
      <ele>2123.9</ele></trkpt>
      <trkpt lat="47.236650875971904" lon="9.372017338617576">
      <ele>2124.5</ele></trkpt>
      <trkpt lat="47.23664768899523" lon="9.371988503735288">
      <ele>2125.1</ele></trkpt>
      <trkpt lat="47.23663444518759" lon="9.371957389417359">
      <ele>2125.7</ele></trkpt>
      <trkpt lat="47.23665945646084" lon="9.37193603484959">
      <ele>2126.2</ele></trkpt>
      <trkpt lat="47.23664655156999" lon="9.371895447688201">
      <ele>2126.8</ele></trkpt>
      <trkpt lat="47.23664386456313" lon="9.371873275771666">
      <ele>2127.4</ele></trkpt>
      <trkpt lat="47.236660461548276" lon="9.371843981043043">
      <ele>2128.0</ele></trkpt>
      <trkpt lat="47.2366805818507" lon="9.371828843306456">
      <ele>2128.5</ele></trkpt>
      <trkpt lat="47.236678071931294" lon="9.371778962215865">
      <ele>2129.1</ele></trkpt>
      <trkpt lat="47.23666030603607" lon="9.371764250240291">
      <ele>2129.7</ele></trkpt>
      <trkpt lat="47.23664384784523" lon="9.371746137659644">
      <ele>2130.2</ele></trkpt>
      <trkpt lat="47.23664211165837" lon="9.371715558669512">
      <ele>2130.8</ele></trkpt>
      <trkpt lat="47.23664795060081" lon="9.371695742869665">
      <ele>2131.4</ele></trkpt>
      <trkpt lat="47.23665349046448" lon="9.37165085599079">
      <ele>2131.8</ele></trkpt>
      <trkpt lat="47.23667033728954" lon="9.371624899267594">
      <ele>2132.3</ele></trkpt>
      <trkpt lat="47.23667780102245" lon="9.371584930211249">
      <ele>2132.7</ele></trkpt>
      <trkpt lat="47.23666699427626" lon="9.371572649805776">
      <ele>2133.1</ele></trkpt>
      <trkpt lat="47.236660597615575" lon="9.371549564270502">
      <ele>2133.6</ele></trkpt>
      <trkpt lat="47.236670494456376" lon="9.371521163135268">
      <ele>2134.0</ele></trkpt>
      <trkpt lat="47.23668393953492" lon="9.371477552998693">
      <ele>2134.4</ele></trkpt>
      <trkpt lat="47.23669575104689" lon="9.371454082560488">
      <ele>2134.9</ele></trkpt>
      <trkpt lat="47.23671379405775" lon="9.371430295917595">
      <ele>2135.3</ele></trkpt>
      <trkpt lat="47.23670906282437" lon="9.371394284728787">
      <ele>2135.8</ele></trkpt>
      <trkpt lat="47.23671160266817" lon="9.37135123118585">
      <ele>2136.2</ele></trkpt>
      <trkpt lat="47.23672424923484" lon="9.371317671687285">
      <ele>2136.6</ele></trkpt>
      <trkpt lat="47.236743515720384" lon="9.371283704328208">
      <ele>2137.1</ele></trkpt>
      <trkpt lat="47.23679238995481" lon="9.371247214701658">
      <ele>2137.5</ele></trkpt>
      <trkpt lat="47.23681619731448" lon="9.371176408908223">
      <ele>2137.9</ele></trkpt>
      <trkpt lat="47.236887859385476" lon="9.371090728367964">
      <ele>2138.4</ele></trkpt>
      <trkpt lat="47.23694497752918" lon="9.371036398583731">
      <ele>2138.8</ele></trkpt>
      <trkpt lat="47.23700167085779" lon="9.370991300703567">
      <ele>2139.2</ele></trkpt>
      <trkpt lat="47.23702357728394" lon="9.370951206364065">
      <ele>2139.7</ele></trkpt>
      <trkpt lat="47.237047033951086" lon="9.37092114203282">
      <ele>2140.1</ele></trkpt>
      <trkpt lat="47.23705132264833" lon="9.370868758742706">
      <ele>2140.3</ele></trkpt>
      <trkpt lat="47.23704842595047" lon="9.370833328941949">
      <ele>2140.4</ele></trkpt>
      <trkpt lat="47.23703724145418" lon="9.370815671458816">
      <ele>2140.6</ele></trkpt>
      <trkpt lat="47.23702837989651" lon="9.370780752533895">
      <ele>2140.8</ele></trkpt>
      <trkpt lat="47.237019526553325" lon="9.370758753838402">
      <ele>2141.0</ele></trkpt>
      <trkpt lat="47.23702118912489" lon="9.370737412868486">
      <ele>2141.2</ele></trkpt>
      <trkpt lat="47.23703904694133" lon="9.370721439796299">
      <ele>2141.3</ele></trkpt>
      <trkpt lat="47.23704231628821" lon="9.370690130110455">
      <ele>2141.5</ele></trkpt>
      <trkpt lat="47.23703128957146" lon="9.370651262214636">
      <ele>2141.7</ele></trkpt>
      <trkpt lat="47.23703096330624" lon="9.370591855761962">
      <ele>2141.8</ele></trkpt>
      <trkpt lat="47.2370282578159" lon="9.370573989733213">
      <ele>2142.0</ele></trkpt>
      <trkpt lat="47.237019579453815" lon="9.370543701174528">
      <ele>2142.2</ele></trkpt>
      <trkpt lat="47.23702170184373" lon="9.370508888852843">
      <ele>2142.4</ele></trkpt>
      <trkpt lat="47.23702864879791" lon="9.370469666918096">
      <ele>2142.5</ele></trkpt>
      <trkpt lat="47.23703238601699" lon="9.370422257266796">
      <ele>2142.7</ele></trkpt>
      <trkpt lat="47.237042743174975" lon="9.370396435227185">
      <ele>2142.9</ele></trkpt>
      <trkpt lat="47.23704934271404" lon="9.370347345625975">
      <ele>2143.1</ele></trkpt>
      <trkpt lat="47.23705092464405" lon="9.370298616231155">
      <ele>2143.2</ele></trkpt>
      <trkpt lat="47.23704989864146" lon="9.370272342967247">
      <ele>2143.4</ele></trkpt>
      <trkpt lat="47.23704694651344" lon="9.370235378778167">
      <ele>2143.6</ele></trkpt>
      <trkpt lat="47.23704817933157" lon="9.370190296086665">
      <ele>2143.9</ele></trkpt>
      <trkpt lat="47.23704331004111" lon="9.370142641306368">
      <ele>2144.3</ele></trkpt>
      <trkpt lat="47.237039037319825" lon="9.370097504897396">
      <ele>2144.6</ele></trkpt>
      <trkpt lat="47.237041573564746" lon="9.370047660689842">
      <ele>2145.0</ele></trkpt>
      <trkpt lat="47.23705558936185" lon="9.369984466063524">
      <ele>2145.3</ele></trkpt>
      <trkpt lat="47.23708349956567" lon="9.369906634362389">
      <ele>2145.6</ele></trkpt>
      <trkpt lat="47.237105376000414" lon="9.369890845895162">
      <ele>2146.0</ele></trkpt>
      <trkpt lat="47.23713461592566" lon="9.369821173434094">
      <ele>2146.3</ele></trkpt>
      <trkpt lat="47.237169679895196" lon="9.369785147402864">
      <ele>2146.7</ele></trkpt>
      <trkpt lat="47.2372057278538" lon="9.36972370007667">
      <ele>2147.0</ele></trkpt>
      <trkpt lat="47.237208391765044" lon="9.36967696480597">
      <ele>2147.3</ele></trkpt>
      <trkpt lat="47.2372110002037" lon="9.36964158863805">
      <ele>2147.7</ele></trkpt>
      <trkpt lat="47.23720828707282" lon="9.369597869193855">
      <ele>2148.0</ele></trkpt>
      <trkpt lat="47.237211913929364" lon="9.369562926148545">
      <ele>2148.4</ele></trkpt>
      <trkpt lat="47.23723004886655" lon="9.36951591773994">
      <ele>2148.7</ele></trkpt>
      <trkpt lat="47.23723296840055" lon="9.369488280995633">
      <ele>2149.0</ele></trkpt>
      <trkpt lat="47.23723216381955" lon="9.369442345084469">
      <ele>2149.4</ele></trkpt>
      <trkpt lat="47.2372297362375" lon="9.36938051101421">
      <ele>2149.7</ele></trkpt>
      <trkpt lat="47.237217524915515" lon="9.369349487185723">
      <ele>2150.1</ele></trkpt>
      <trkpt lat="47.237210277134906" lon="9.36933045301192">
      <ele>2150.4</ele></trkpt>
      <trkpt lat="47.23721229747017" lon="9.3693054655255">
      <ele>2150.9</ele></trkpt>
      <trkpt lat="47.23721700649017" lon="9.369272516734805">
      <ele>2151.3</ele></trkpt>
      <trkpt lat="47.23723604030776" lon="9.369235752502586">
      <ele>2151.8</ele></trkpt>
      <trkpt lat="47.237259615397846" lon="9.369213089532922">
      <ele>2152.3</ele></trkpt>
      <trkpt lat="47.237285732032525" lon="9.369177822984678">
      <ele>2152.8</ele></trkpt>
      <trkpt lat="47.23731130635409" lon="9.36916739918875">
      <ele>2153.2</ele></trkpt>
      <trkpt lat="47.237332726277344" lon="9.369127841159099">
      <ele>2153.7</ele></trkpt>
      <trkpt lat="47.23732594830387" lon="9.369069495932811">
      <ele>2154.2</ele></trkpt>
      <trkpt lat="47.23733569847524" lon="9.368986991205816">
      <ele>2154.7</ele></trkpt>
      <trkpt lat="47.23735222676732" lon="9.368949938107818">
      <ele>2155.2</ele></trkpt>
      <trkpt lat="47.23734520942863" lon="9.368911241648028">
      <ele>2155.6</ele></trkpt>
      <trkpt lat="47.23736264627497" lon="9.368871513167306">
      <ele>2156.1</ele></trkpt>
      <trkpt lat="47.23737778963065" lon="9.36882475300811">
      <ele>2156.6</ele></trkpt>
      <trkpt lat="47.23738707822296" lon="9.368781599179082">
      <ele>2157.1</ele></trkpt>
      <trkpt lat="47.23738561390697" lon="9.368718637236526">
      <ele>2157.5</ele></trkpt>
      <trkpt lat="47.237398904496985" lon="9.368649814373262">
      <ele>2158.0</ele></trkpt>
      <trkpt lat="47.23742239134988" lon="9.368611466859374">
      <ele>2158.5</ele></trkpt>
      <trkpt lat="47.237448869792665" lon="9.368583056102318">
      <ele>2159.0</ele></trkpt>
      <trkpt lat="47.23748214672524" lon="9.368543040941521">
      <ele>2159.4</ele></trkpt>
      <trkpt lat="47.2375051898311" lon="9.368506473943096">
      <ele>2159.9</ele></trkpt>
      <trkpt lat="47.23750672390335" lon="9.368482036788016">
      <ele>2160.5</ele></trkpt>
      <trkpt lat="47.23750360532339" lon="9.368453362687028">
      <ele>2161.1</ele></trkpt>
      <trkpt lat="47.23749284294824" lon="9.368433580686757">
      <ele>2161.7</ele></trkpt>
      <trkpt lat="47.237478474662595" lon="9.368411528320577">
      <ele>2162.3</ele></trkpt>
      <trkpt lat="47.237464243448734" lon="9.368392572210098">
      <ele>2162.9</ele></trkpt>
      <trkpt lat="47.23745748181504" lon="9.368372974375312">
      <ele>2163.5</ele></trkpt>
      <trkpt lat="47.237457051779096" lon="9.368349232514587">
      <ele>2164.1</ele></trkpt>
      <trkpt lat="47.23746426524497" lon="9.368329505344464">
      <ele>2164.7</ele></trkpt>
      <trkpt lat="47.23747471762755" lon="9.368315694631875">
      <ele>2165.3</ele></trkpt>
      <trkpt lat="47.23749144584313" lon="9.368309125447702">
      <ele>2165.9</ele></trkpt>
      <trkpt lat="47.23750728391905" lon="9.368305205873325">
      <ele>2166.5</ele></trkpt>
      <trkpt lat="47.237518745753526" lon="9.368291827924706">
      <ele>2167.1</ele></trkpt>
      <trkpt lat="47.23753212538499" lon="9.368276220581365">
      <ele>2167.7</ele></trkpt>
      <trkpt lat="47.237552863342124" lon="9.368269835833647">
      <ele>2168.3</ele></trkpt>
      <trkpt lat="47.237578134636024" lon="9.36826460561658">
      <ele>2168.9</ele></trkpt>
      <trkpt lat="47.2375961266946" lon="9.368247579557039">
      <ele>2169.5</ele></trkpt>
      <trkpt lat="47.2376325764993" lon="9.368203451253532">
      <ele>2170.1</ele></trkpt>
      <trkpt lat="47.237672411284045" lon="9.368169947650957">
      <ele>2170.7</ele></trkpt>
      <trkpt lat="47.23769382110542" lon="9.368170720892783">
      <ele>2171.3</ele></trkpt>
      <trkpt lat="47.23771957046497" lon="9.368126206005863">
      <ele>2171.9</ele></trkpt>
      <trkpt lat="47.23773091440236" lon="9.368088172510689">
      <ele>2174.5</ele></trkpt>
      <trkpt lat="47.23776519174251" lon="9.368103374164413">
      <ele>2177.1</ele></trkpt>
      <trkpt lat="47.23778750823092" lon="9.368050016128775">
      <ele>2179.7</ele></trkpt>
      <trkpt lat="47.23782513590285" lon="9.368005930071384">
      <ele>2182.2</ele></trkpt>
      <trkpt lat="47.23788802430328" lon="9.367947035380384">
      <ele>2184.8</ele></trkpt>
      <trkpt lat="47.23791251005795" lon="9.367905975447993">
      <ele>2187.4</ele></trkpt>
      <trkpt lat="47.237982040725775" lon="9.367877031438999">
      <ele>2190.0</ele></trkpt>
      <trkpt lat="47.2380480511855" lon="9.367844459378055">
      <ele>2192.6</ele></trkpt>
      <trkpt lat="47.238113379804616" lon="9.36785206311168">
      <ele>2195.2</ele></trkpt>
      <trkpt lat="47.23818547692214" lon="9.36788262069317">
      <ele>2197.8</ele></trkpt>
      <trkpt lat="47.238268224618274" lon="9.3679170770545">
      <ele>2200.3</ele></trkpt>
      <trkpt lat="47.23834954242383" lon="9.367965458985713">
      <ele>2202.9</ele></trkpt>
      <trkpt lat="47.23844737980197" lon="9.36795150095137">
      <ele>2205.5</ele></trkpt>
      <trkpt lat="47.238545965181835" lon="9.367963793549972">
      <ele>2208.1</ele></trkpt>
      <trkpt lat="47.238555484196" lon="9.367952524910256">
      <ele>2210.7</ele></trkpt>
      <trkpt lat="47.23858603405397" lon="9.367916307277591">
      <ele>2213.3</ele></trkpt>
      <trkpt lat="47.23862698588246" lon="9.367888087944513">
      <ele>2215.8</ele></trkpt>
      <trkpt lat="47.238680339576945" lon="9.367900490914396">
      <ele>2218.4</ele></trkpt>
      <trkpt lat="47.2387269133516" lon="9.367891696485563">
      <ele>2221.0</ele></trkpt>
      <trkpt lat="47.23879770994875" lon="9.367857539758779">
      <ele>2223.6</ele></trkpt>
      <trkpt lat="47.23886164664454" lon="9.367877339942602">
      <ele>2225.0</ele></trkpt>
      <trkpt lat="47.238924028914234" lon="9.367848124033044">
      <ele>2226.5</ele></trkpt>
      <trkpt lat="47.23899012690819" lon="9.36781032295388">
      <ele>2227.9</ele></trkpt>
      <trkpt lat="47.23903461077225" lon="9.367783948302382">
      <ele>2229.3</ele></trkpt>
      <trkpt lat="47.239090961121555" lon="9.367759785590666">
      <ele>2230.8</ele></trkpt>
      <trkpt lat="47.239086358610706" lon="9.367820786562874">
      <ele>2232.2</ele></trkpt>
      <trkpt lat="47.23905744973857" lon="9.367829399920728">
      <ele>2233.6</ele></trkpt>
      <trkpt lat="47.23906562135497" lon="9.367862590508585">
      <ele>2235.0</ele></trkpt>
      <trkpt lat="47.239062913968766" lon="9.367873286165441">
      <ele>2236.5</ele></trkpt>
      <trkpt lat="47.23905575925115" lon="9.367898644011712">
      <ele>2237.9</ele></trkpt>
      <trkpt lat="47.239082071790605" lon="9.367941909205715">
      <ele>2239.3</ele></trkpt>
      <trkpt lat="47.23906707999015" lon="9.367967287883577">
      <ele>2240.8</ele></trkpt>
      <trkpt lat="47.23907850351161" lon="9.367972311081163">
      <ele>2242.2</ele></trkpt>
      <trkpt lat="47.23909620245621" lon="9.367971708411442">
      <ele>2243.6</ele></trkpt>
      <trkpt lat="47.2391193123532" lon="9.367955315766693">
      <ele>2245.0</ele></trkpt>
      <trkpt lat="47.23914041476644" lon="9.367928242126768">
      <ele>2246.5</ele></trkpt>
      <trkpt lat="47.23915829672092" lon="9.367923695940878">
      <ele>2247.9</ele></trkpt>
      <trkpt lat="47.239170348841725" lon="9.367965323297788">
      <ele>2249.3</ele></trkpt>
      <trkpt lat="47.239179466269256" lon="9.367997372349425">
      <ele>2250.8</ele></trkpt>
      <trkpt lat="47.23916780658633" lon="9.368054260903685">
      <ele>2252.2</ele></trkpt>
      <trkpt lat="47.23919162536143" lon="9.368051950460373">
      <ele>2253.3</ele></trkpt>
      <trkpt lat="47.239217433899626" lon="9.368024848613977">
      <ele>2254.4</ele></trkpt>
      <trkpt lat="47.23922694777994" lon="9.367996695888712">
      <ele>2255.5</ele></trkpt>
      <trkpt lat="47.239240516646575" lon="9.367973009619528">
      <ele>2256.5</ele></trkpt>
      <trkpt lat="47.23925293905772" lon="9.368001122265666">
      <ele>2257.6</ele></trkpt>
      <trkpt lat="47.23926344793534" lon="9.368037118898394">
      <ele>2258.7</ele></trkpt>
      <trkpt lat="47.239272578676626" lon="9.368028081984196">
      <ele>2259.8</ele></trkpt>
      <trkpt lat="47.23927852881274" lon="9.36798923164951">
      <ele>2260.9</ele></trkpt>
      <trkpt lat="47.23930361399102" lon="9.367972011935393">
      <ele>2262.0</ele></trkpt>
      <trkpt lat="47.23934142019365" lon="9.367943586188275">
      <ele>2263.1</ele></trkpt>
      <trkpt lat="47.2393647700737" lon="9.367913938157464">
      <ele>2264.1</ele></trkpt>
      <trkpt lat="47.2393693887375" lon="9.367953513725059">
      <ele>2265.2</ele></trkpt>
      <trkpt lat="47.23938397444477" lon="9.36798837617748">
      <ele>2266.3</ele></trkpt>
      <trkpt lat="47.239383523843884" lon="9.368024413066072">
      <ele>2267.4</ele></trkpt>
      <trkpt lat="47.23940555857872" lon="9.368037297026504">
      <ele>2268.5</ele></trkpt>
      <trkpt lat="47.239416607170114" lon="9.367979289622438">
      <ele>2269.6</ele></trkpt>
      <trkpt lat="47.23943112166142" lon="9.36795447483435">
      <ele>2270.6</ele></trkpt>
      <trkpt lat="47.23944400773333" lon="9.367905477684214">
      <ele>2271.7</ele></trkpt>
      <trkpt lat="47.23947083696787" lon="9.367879746825087">
      <ele>2272.8</ele></trkpt>
      <trkpt lat="47.23949688580963" lon="9.36782862234567">
      <ele>2273.9</ele></trkpt>
      <trkpt lat="47.23954174997308" lon="9.36777953798929">
      <ele>2275.3</ele></trkpt>
      <trkpt lat="47.23958205938805" lon="9.367718755728381">
      <ele>2276.7</ele></trkpt>
      <trkpt lat="47.239613902049676" lon="9.36765959649302">
      <ele>2278.0</ele></trkpt>
      <trkpt lat="47.23966222654809" lon="9.367603740589235">
      <ele>2279.4</ele></trkpt>
      <trkpt lat="47.239678810655036" lon="9.367649297092814">
      <ele>2280.8</ele></trkpt>
      <trkpt lat="47.23969060423355" lon="9.3676408185836">
      <ele>2282.2</ele></trkpt>
      <trkpt lat="47.239703423433" lon="9.36760870262739">
      <ele>2283.5</ele></trkpt>
      <trkpt lat="47.23972050725934" lon="9.367586265916668">
      <ele>2284.9</ele></trkpt>
      <trkpt lat="47.23975137106888" lon="9.367558157097099">
      <ele>2286.3</ele></trkpt>
      <trkpt lat="47.23982522291482" lon="9.367483921015271">
      <ele>2287.7</ele></trkpt>
      <trkpt lat="47.23987573746826" lon="9.367452558183832">
      <ele>2289.0</ele></trkpt>
      <trkpt lat="47.23993730391157" lon="9.367400588403244">
      <ele>2290.4</ele></trkpt>
      <trkpt lat="47.23996547260807" lon="9.367374918625952">
      <ele>2291.8</ele></trkpt>
      <trkpt lat="47.23998762109698" lon="9.367343931927305">
      <ele>2293.2</ele></trkpt>
      <trkpt lat="47.23999824157192" lon="9.36735177972022">
      <ele>2294.5</ele></trkpt>
      <trkpt lat="47.240000686195295" lon="9.367367523338352">
      <ele>2295.9</ele></trkpt>
      <trkpt lat="47.23999661808286" lon="9.367404143445746">
      <ele>2297.3</ele></trkpt>
      <trkpt lat="47.2399942678677" lon="9.367442410923903">
      <ele>2298.7</ele></trkpt>
      <trkpt lat="47.2400070560702" lon="9.367498122192602">
      <ele>2300.0</ele></trkpt>
      <trkpt lat="47.240006027869285" lon="9.367539647748231">
      <ele>2301.4</ele></trkpt>
      <trkpt lat="47.23999017592226" lon="9.367694849531164">
      <ele>2302.6</ele></trkpt>
      <trkpt lat="47.240013695746995" lon="9.367697495538064">
      <ele>2303.7</ele></trkpt>
      <trkpt lat="47.240031971131955" lon="9.36769954262643">
      <ele>2304.9</ele></trkpt>
      <trkpt lat="47.24008071267766" lon="9.36765102043683">
      <ele>2306.0</ele></trkpt>
      <trkpt lat="47.24009937042568" lon="9.367608202528455">
      <ele>2307.2</ele></trkpt>
      <trkpt lat="47.24012123572974" lon="9.36754845781924">
      <ele>2308.3</ele></trkpt>
      <trkpt lat="47.24013704331665" lon="9.367514652741734">
      <ele>2309.5</ele></trkpt>
      <trkpt lat="47.240140397348426" lon="9.367458348333223">
      <ele>2310.6</ele></trkpt>
      <trkpt lat="47.24015562490703" lon="9.36741888104553">
      <ele>2311.8</ele></trkpt>
      <trkpt lat="47.24021164571478" lon="9.367313363399928">
      <ele>2312.9</ele></trkpt>
      <trkpt lat="47.240231064237" lon="9.367237993593205">
      <ele>2314.1</ele></trkpt>
      <trkpt lat="47.24025867851037" lon="9.367190082103765">
      <ele>2315.3</ele></trkpt>
      <trkpt lat="47.240255083260074" lon="9.367149552046678">
      <ele>2316.4</ele></trkpt>
      <trkpt lat="47.24027197890508" lon="9.367116314501153">
      <ele>2317.6</ele></trkpt>
      <trkpt lat="47.24028134123386" lon="9.367086451331822">
      <ele>2318.7</ele></trkpt>
      <trkpt lat="47.24028774613734" lon="9.367052663319372">
      <ele>2319.9</ele></trkpt>
      <trkpt lat="47.2403050256126" lon="9.367000256699662">
      <ele>2321.0</ele></trkpt>
      <trkpt lat="47.24032645355069" lon="9.366970921485454">
      <ele>2322.2</ele></trkpt>
      <trkpt lat="47.24034221653941" lon="9.366948370580658">
      <ele>2323.3</ele></trkpt>
      <trkpt lat="47.240362993174884" lon="9.366923543314794">
      <ele>2324.5</ele></trkpt>
      <trkpt lat="47.24033806290468" lon="9.366848739137433">
      <ele>2324.4</ele></trkpt>
      <trkpt lat="47.240323935627714" lon="9.366777865573198">
      <ele>2324.4</ele></trkpt>
      <trkpt lat="47.24032100450482" lon="9.366727213150675">
      <ele>2324.3</ele></trkpt>
      <trkpt lat="47.240360338799185" lon="9.366782178409773">
      <ele>2324.3</ele></trkpt>
      <trkpt lat="47.24037003330978" lon="9.366760954145413">
      <ele>2324.2</ele></trkpt>
      <trkpt lat="47.24036361248147" lon="9.36672366453595">
      <ele>2324.2</ele></trkpt>
      <trkpt lat="47.240385847108286" lon="9.366693433499021">
      <ele>2324.1</ele></trkpt>
      <trkpt lat="47.24040049324826" lon="9.366726858397493">
      <ele>2324.1</ele></trkpt>
      <trkpt lat="47.240408484248164" lon="9.366693986252427">
      <ele>2324.0</ele></trkpt>
      <trkpt lat="47.240408484248164" lon="9.366693986252427">
      <ele>2323.9</ele></trkpt>
      <trkpt lat="47.24040049324826" lon="9.366726858397493">
      <ele>2323.9</ele></trkpt>
      <trkpt lat="47.240385847108286" lon="9.366693433499021">
      <ele>2323.8</ele></trkpt>
      <trkpt lat="47.24036361248147" lon="9.36672366453595">
      <ele>2323.8</ele></trkpt>
      <trkpt lat="47.24037003330978" lon="9.366760954145413">
      <ele>2323.7</ele></trkpt>
      <trkpt lat="47.240360338799185" lon="9.366782178409773">
      <ele>2323.7</ele></trkpt>
      <trkpt lat="47.24032100450482" lon="9.366727213150675">
      <ele>2323.6</ele></trkpt>
      <trkpt lat="47.24031443932657" lon="9.366709299421073">
      <ele>2323.6</ele></trkpt>
      <trkpt lat="47.24030351095236" lon="9.366666087033307">
      <ele>2323.5</ele></trkpt>
      <trkpt lat="47.24029707088477" lon="9.366624569157963">
      <ele>2323.5</ele></trkpt>
      <trkpt lat="47.24028781245979" lon="9.366573503473639">
      <ele>2323.4</ele></trkpt>
      <trkpt lat="47.24027231681268" lon="9.366519332653363">
      <ele>2322.7</ele></trkpt>
      <trkpt lat="47.24026621895312" lon="9.366482094432904">
      <ele>2321.9</ele></trkpt>
      <trkpt lat="47.240264508519004" lon="9.366453654758285">
      <ele>2321.2</ele></trkpt>
      <trkpt lat="47.2402623739164" lon="9.366419915245102">
      <ele>2320.5</ele></trkpt>
      <trkpt lat="47.24025083033924" lon="9.366397330077378">
      <ele>2319.8</ele></trkpt>
      <trkpt lat="47.240241563970486" lon="9.366377918542208">
      <ele>2319.0</ele></trkpt>
      <trkpt lat="47.2402298217938" lon="9.366347306950505">
      <ele>2318.3</ele></trkpt>
      <trkpt lat="47.2402026933118" lon="9.366307064009726">
      <ele>2317.6</ele></trkpt>
      <trkpt lat="47.24017307476896" lon="9.366239264943381">
      <ele>2316.8</ele></trkpt>
      <trkpt lat="47.240155513536735" lon="9.36622034685448">
      <ele>2316.1</ele></trkpt>
      <trkpt lat="47.240130445861965" lon="9.3661752373637">
      <ele>2315.4</ele></trkpt>
      <trkpt lat="47.240107499049806" lon="9.366127588598973">
      <ele>2314.6</ele></trkpt>
      <trkpt lat="47.240092992760395" lon="9.366093323577804">
      <ele>2313.9</ele></trkpt>
      <trkpt lat="47.24008010070489" lon="9.366038401512624">
      <ele>2313.2</ele></trkpt>
      <trkpt lat="47.24005773297196" lon="9.365993244255188">
      <ele>2312.5</ele></trkpt>
      <trkpt lat="47.240029692606164" lon="9.365955333549884">
      <ele>2311.7</ele></trkpt>
      <trkpt lat="47.240018102635716" lon="9.365927449190146">
      <ele>2311.0</ele></trkpt>
      <trkpt lat="47.239989689795564" lon="9.365888137928415">
      <ele>2310.3</ele></trkpt>
      <trkpt lat="47.23996581842065" lon="9.36585917642022">
      <ele>2309.5</ele></trkpt>
      <trkpt lat="47.23993416086043" lon="9.36581536204969">
      <ele>2308.8</ele></trkpt>
      <trkpt lat="47.23992625512834" lon="9.365804428594496">
      <ele>2308.7</ele></trkpt>
      <trkpt lat="47.239909779407284" lon="9.36577278783264">
      <ele>2308.6</ele></trkpt>
      <trkpt lat="47.23989514956999" lon="9.365751280642188">
      <ele>2308.6</ele></trkpt>
      <trkpt lat="47.23987951916701" lon="9.365724505720994">
      <ele>2308.5</ele></trkpt>
      <trkpt lat="47.23987137958506" lon="9.36569904470681">
      <ele>2308.4</ele></trkpt>
      <trkpt lat="47.23985757368442" lon="9.365670235038566">
      <ele>2308.3</ele></trkpt>
      <trkpt lat="47.23984094361144" lon="9.36563975138087">
      <ele>2308.2</ele></trkpt>
      <trkpt lat="47.23982250684301" lon="9.36561077471133">
      <ele>2308.2</ele></trkpt>
      <trkpt lat="47.239804052462006" lon="9.365582312664298">
      <ele>2308.1</ele></trkpt>
      <trkpt lat="47.23978909780508" lon="9.36555870648214">
      <ele>2308.0</ele></trkpt>
      <trkpt lat="47.23976831016714" lon="9.365520199063123">
      <ele>2307.9</ele></trkpt>
      <trkpt lat="47.23975646029149" lon="9.365482027245365">
      <ele>2307.8</ele></trkpt>
      <trkpt lat="47.239749302866414" lon="9.365461318152178">
      <ele>2307.8</ele></trkpt>
      <trkpt lat="47.23974493035372" lon="9.365440326381469">
      <ele>2307.7</ele></trkpt>
      <trkpt lat="47.23971337259689" lon="9.365370093654684">
      <ele>2307.6</ele></trkpt>
      <trkpt lat="47.2396946330433" lon="9.36536083053827">
      <ele>2307.5</ele></trkpt>
      <trkpt lat="47.23967133512735" lon="9.36531963013254">
      <ele>2307.4</ele></trkpt>
      <trkpt lat="47.23966297569968" lon="9.365292245732858">
      <ele>2307.4</ele></trkpt>
      <trkpt lat="47.239647783141464" lon="9.365275329184836">
      <ele>2307.3</ele></trkpt>
      <trkpt lat="47.2396192889731" lon="9.365260773354171">
      <ele>2307.2</ele></trkpt>
      <trkpt lat="47.239599364089365" lon="9.365264282378355">
      <ele>2307.1</ele></trkpt>
      <trkpt lat="47.23958949735838" lon="9.365261390011158">
      <ele>2307.0</ele></trkpt>
      <trkpt lat="47.23956810090016" lon="9.365258742408248">
      <ele>2306.9</ele></trkpt>
      <trkpt lat="47.23954130170323" lon="9.365256890806133">
      <ele>2306.7</ele></trkpt>
      <trkpt lat="47.23951379903882" lon="9.36523092991834">
      <ele>2306.6</ele></trkpt>
      <trkpt lat="47.23949619486322" lon="9.365223715923282">
      <ele>2306.5</ele></trkpt>
      <trkpt lat="47.23946140021965" lon="9.365187240275267">
      <ele>2306.4</ele></trkpt>
      <trkpt lat="47.239434629058856" lon="9.365174028155575">
      <ele>2306.3</ele></trkpt>
      <trkpt lat="47.239404975219635" lon="9.365156722339355">
      <ele>2306.2</ele></trkpt>
      <trkpt lat="47.239390969347575" lon="9.36516138282198">
      <ele>2306.1</ele></trkpt>
      <trkpt lat="47.23938001240861" lon="9.365166113616409">
      <ele>2305.9</ele></trkpt>
      <trkpt lat="47.23936797768494" lon="9.36516750276551">
      <ele>2305.8</ele></trkpt>
      <trkpt lat="47.23935674064693" lon="9.365174456132953">
      <ele>2305.7</ele></trkpt>
      <trkpt lat="47.23933979012517" lon="9.365156670445193">
      <ele>2305.6</ele></trkpt>
      <trkpt lat="47.23932461468457" lon="9.36514141925448">
      <ele>2305.5</ele></trkpt>
      <trkpt lat="47.23930743472205" lon="9.365123902747435">
      <ele>2305.4</ele></trkpt>
      <trkpt lat="47.2392945012583" lon="9.365113395935813">
      <ele>2305.2</ele></trkpt>
      <trkpt lat="47.239278722285825" lon="9.365099800815418">
      <ele>2305.1</ele></trkpt>
      <trkpt lat="47.23927449478148" lon="9.365079818533236">
      <ele>2305.0</ele></trkpt>
      <trkpt lat="47.239269825200886" lon="9.365063136295774">
      <ele>2304.9</ele></trkpt>
      <trkpt lat="47.239261121704445" lon="9.365046638880703">
      <ele>2305.1</ele></trkpt>
      <trkpt lat="47.23925042903247" lon="9.365043637523442">
      <ele>2305.3</ele></trkpt>
      <trkpt lat="47.239236695977304" lon="9.365040592590951">
      <ele>2305.5</ele></trkpt>
      <trkpt lat="47.239221264286996" lon="9.365035821814738">
      <ele>2305.8</ele></trkpt>
      <trkpt lat="47.23920915478322" lon="9.365023389513997">
      <ele>2306.0</ele></trkpt>
      <trkpt lat="47.239202896689854" lon="9.365008618472876">
      <ele>2306.2</ele></trkpt>
      <trkpt lat="47.23919766761071" lon="9.364986116432071">
      <ele>2306.4</ele></trkpt>
      <trkpt lat="47.23918289660529" lon="9.364978423430768">
      <ele>2306.6</ele></trkpt>
      <trkpt lat="47.23917472464919" lon="9.364988248444211">
      <ele>2306.8</ele></trkpt>
      <trkpt lat="47.239161206434694" lon="9.364976122069537">
      <ele>2307.1</ele></trkpt>
      <trkpt lat="47.23913549679347" lon="9.364944624678506">
      <ele>2307.3</ele></trkpt>
      <trkpt lat="47.23911383348008" lon="9.364911661465328">
      <ele>2307.5</ele></trkpt>
      <trkpt lat="47.239106679633664" lon="9.364879432800956">
      <ele>2307.7</ele></trkpt>
      <trkpt lat="47.23909757194954" lon="9.3648585876728">
      <ele>2307.9</ele></trkpt>
      <trkpt lat="47.239071955379" lon="9.3648360508141">
      <ele>2308.1</ele></trkpt>
      <trkpt lat="47.23904668377601" lon="9.364817635044455">
      <ele>2308.3</ele></trkpt>
      <trkpt lat="47.23903725151364" lon="9.364800596234845">
      <ele>2308.6</ele></trkpt>
      <trkpt lat="47.239020813349796" lon="9.364791984484626">
      <ele>2308.8</ele></trkpt>
      <trkpt lat="47.23898464411909" lon="9.364785514943193">
      <ele>2309.0</ele></trkpt>
      <trkpt lat="47.23894098317403" lon="9.36476164063908">
      <ele>2309.2</ele></trkpt>
      <trkpt lat="47.238884916437854" lon="9.364686549286953">
      <ele>2309.3</ele></trkpt>
      <trkpt lat="47.2388730259801" lon="9.364662089835095">
      <ele>2309.5</ele></trkpt>
      <trkpt lat="47.2388458881303" lon="9.364648204357827">
      <ele>2309.6</ele></trkpt>
      <trkpt lat="47.23882741423184" lon="9.36464995596472">
      <ele>2309.8</ele></trkpt>
      <trkpt lat="47.23880056153235" lon="9.364635697667303">
      <ele>2309.9</ele></trkpt>
      <trkpt lat="47.238772480088954" lon="9.364610443202274">
      <ele>2310.1</ele></trkpt>
      <trkpt lat="47.23874923273616" lon="9.36457373739237">
      <ele>2310.2</ele></trkpt>
      <trkpt lat="47.238720100009644" lon="9.364555394044636">
      <ele>2310.4</ele></trkpt>
      <trkpt lat="47.23869702934301" lon="9.364547943686595">
      <ele>2310.5</ele></trkpt>
      <trkpt lat="47.23866721708108" lon="9.364540646636561">
      <ele>2310.6</ele></trkpt>
      <trkpt lat="47.23864023405361" lon="9.36452880133871">
      <ele>2310.8</ele></trkpt>
      <trkpt lat="47.23862448150517" lon="9.364501243567679">
      <ele>2310.9</ele></trkpt>
      <trkpt lat="47.23861685780793" lon="9.3645137965521">
      <ele>2311.1</ele></trkpt>
      <trkpt lat="47.23858496609708" lon="9.364493107972116">
      <ele>2311.2</ele></trkpt>
      <trkpt lat="47.23855504926402" lon="9.364468923661887">
      <ele>2311.4</ele></trkpt>
      <trkpt lat="47.23853768580786" lon="9.364478522991915">
      <ele>2311.5</ele></trkpt>
      <trkpt lat="47.23852261489398" lon="9.364491996484116">
      <ele>2311.7</ele></trkpt>
      <trkpt lat="47.23850529559853" lon="9.364484423232174">
      <ele>2311.8</ele></trkpt>
      <trkpt lat="47.238488341493344" lon="9.36448891147969">
      <ele>2312.0</ele></trkpt>
      <trkpt lat="47.238442830393524" lon="9.364466450567068">
      <ele>2312.1</ele></trkpt>
      <trkpt lat="47.238405116023586" lon="9.364433464250364">
      <ele>2312.2</ele></trkpt>
      <trkpt lat="47.23836687915232" lon="9.364378449857085">
      <ele>2312.4</ele></trkpt>
      <trkpt lat="47.23833913320465" lon="9.364357342823634">
      <ele>2312.5</ele></trkpt>
      <trkpt lat="47.2383146050172" lon="9.364359576460952">
      <ele>2312.7</ele></trkpt>
      <trkpt lat="47.23829100022944" lon="9.364365238566021">
      <ele>2312.8</ele></trkpt>
      <trkpt lat="47.238258067694616" lon="9.364370749395686">
      <ele>2313.0</ele></trkpt>
      <trkpt lat="47.238237035383285" lon="9.364360849387317">
      <ele>2313.1</ele></trkpt>
      <trkpt lat="47.23821620215624" lon="9.364322355136304">
      <ele>2313.3</ele></trkpt>
      <trkpt lat="47.23819741627646" lon="9.36428141144399">
      <ele>2313.4</ele></trkpt>
      <trkpt lat="47.23817201449196" lon="9.364265395916467">
      <ele>2313.6</ele></trkpt>
      <trkpt lat="47.238149702102795" lon="9.364240032819929">
      <ele>2313.7</ele></trkpt>
      <trkpt lat="47.23812021940036" lon="9.364201715734753">
      <ele>2313.8</ele></trkpt>
      <trkpt lat="47.23809784446643" lon="9.364163945503464">
      <ele>2314.0</ele></trkpt>
      <trkpt lat="47.23808060662462" lon="9.364157419006629">
      <ele>2314.1</ele></trkpt>
      <trkpt lat="47.23805915184501" lon="9.364143725606274">
      <ele>2314.3</ele></trkpt>
      <trkpt lat="47.23804252531413" lon="9.364123772582271">
      <ele>2314.4</ele></trkpt>
      <trkpt lat="47.23802651401142" lon="9.364120302366398">
      <ele>2314.6</ele></trkpt>
      <trkpt lat="47.23800605109546" lon="9.364109709640056">
      <ele>2314.7</ele></trkpt>
      <trkpt lat="47.2379793871797" lon="9.364078231807362">
      <ele>2314.9</ele></trkpt>
      <trkpt lat="47.2379442102828" lon="9.364005929830489">
      <ele>2315.0</ele></trkpt>
      <trkpt lat="47.23791537613843" lon="9.363960027008561">
      <ele>2313.9</ele></trkpt>
      <trkpt lat="47.23789127560621" lon="9.363912986957">
      <ele>2312.8</ele></trkpt>
      <trkpt lat="47.23787451150631" lon="9.363888880941095">
      <ele>2311.7</ele></trkpt>
      <trkpt lat="47.237861447787104" lon="9.363870549268082">
      <ele>2310.6</ele></trkpt>
      <trkpt lat="47.23786333040356" lon="9.363846732107769">
      <ele>2309.6</ele></trkpt>
      <trkpt lat="47.237856656541254" lon="9.363832065496835">
      <ele>2308.5</ele></trkpt>
      <trkpt lat="47.23782690452684" lon="9.363829236357414">
      <ele>2307.4</ele></trkpt>
      <trkpt lat="47.23778866109072" lon="9.363855891390788">
      <ele>2306.3</ele></trkpt>
      <trkpt lat="47.23776724838092" lon="9.3638725182769">
      <ele>2305.2</ele></trkpt>
      <trkpt lat="47.237718101325136" lon="9.363875952243621">
      <ele>2304.1</ele></trkpt>
      <trkpt lat="47.23769639065469" lon="9.363865724240691">
      <ele>2303.0</ele></trkpt>
      <trkpt lat="47.23766953019195" lon="9.363870767170917">
      <ele>2301.9</ele></trkpt>
      <trkpt lat="47.23763442619528" lon="9.363863544163683">
      <ele>2300.8</ele></trkpt>
      <trkpt lat="47.23760957369115" lon="9.36385665094949">
      <ele>2299.7</ele></trkpt>
      <trkpt lat="47.23757513310654" lon="9.363840957411531">
      <ele>2298.6</ele></trkpt>
      <trkpt lat="47.23755209449091" lon="9.363830509859527">
      <ele>2297.6</ele></trkpt>
      <trkpt lat="47.237531205073545" lon="9.363834129839013">
      <ele>2296.5</ele></trkpt>
      <trkpt lat="47.2375118675511" lon="9.36381595533289">
      <ele>2295.4</ele></trkpt>
      <trkpt lat="47.237493365931385" lon="9.363783834104813">
      <ele>2294.3</ele></trkpt>
      <trkpt lat="47.237470560751575" lon="9.36375941815492">
      <ele>2293.2</ele></trkpt>
      <trkpt lat="47.237465307775246" lon="9.363788939584218">
      <ele>2292.6</ele></trkpt>
      <trkpt lat="47.237464188941956" lon="9.36382035378314">
      <ele>2291.9</ele></trkpt>
      <trkpt lat="47.2374708524443" lon="9.363848560811238">
      <ele>2291.3</ele></trkpt>
      <trkpt lat="47.23747386774433" lon="9.363881867792827">
      <ele>2290.6</ele></trkpt>
      <trkpt lat="47.23745574072282" lon="9.363862865007825">
      <ele>2290.0</ele></trkpt>
      <trkpt lat="47.23743041561049" lon="9.36384710366837">
      <ele>2289.3</ele></trkpt>
      <trkpt lat="47.23741454573516" lon="9.363835170664247">
      <ele>2288.7</ele></trkpt>
      <trkpt lat="47.23739659947198" lon="9.363804813300801">
      <ele>2288.0</ele></trkpt>
      <trkpt lat="47.23739783437709" lon="9.363838056076903">
      <ele>2287.4</ele></trkpt>
      <trkpt lat="47.23740854442461" lon="9.36387339730822">
      <ele>2286.8</ele></trkpt>
      <trkpt lat="47.23741869911126" lon="9.36390697473903">
      <ele>2286.1</ele></trkpt>
      <trkpt lat="47.237417118071235" lon="9.363930511933392">
      <ele>2285.5</ele></trkpt>
      <trkpt lat="47.23740595628766" lon="9.363957191468554">
      <ele>2284.8</ele></trkpt>
      <trkpt lat="47.237403679598444" lon="9.36398682010286">
      <ele>2284.2</ele></trkpt>
      <trkpt lat="47.237392157803214" lon="9.363999509815066">
      <ele>2283.5</ele></trkpt>
      <trkpt lat="47.237382260755794" lon="9.36398604821918">
      <ele>2282.9</ele></trkpt>
      <trkpt lat="47.23737626357586" lon="9.36395350573014">
      <ele>2282.2</ele></trkpt>
      <trkpt lat="47.237363755161276" lon="9.363918099696669">
      <ele>2281.6</ele></trkpt>
      <trkpt lat="47.237349373155524" lon="9.363888742673844">
      <ele>2280.9</ele></trkpt>
      <trkpt lat="47.23733662547606" lon="9.36386818997804">
      <ele>2280.3</ele></trkpt>
      <trkpt lat="47.237332929324424" lon="9.3638400899462">
      <ele>2279.8</ele></trkpt>
      <trkpt lat="47.2373281976472" lon="9.363802348499021">
      <ele>2279.2</ele></trkpt>
      <trkpt lat="47.237313757140825" lon="9.363776490227682">
      <ele>2278.7</ele></trkpt>
      <trkpt lat="47.237296491925655" lon="9.36374091287769">
      <ele>2278.1</ele></trkpt>
      <trkpt lat="47.237284294002386" lon="9.363722995743926">
      <ele>2277.6</ele></trkpt>
      <trkpt lat="47.2372738447003" lon="9.363700583973532">
      <ele>2277.1</ele></trkpt>
      <trkpt lat="47.237243160644056" lon="9.363639925081104">
      <ele>2276.5</ele></trkpt>
      <trkpt lat="47.2372260797932" lon="9.363600312031547">
      <ele>2276.0</ele></trkpt>
      <trkpt lat="47.237211876275005" lon="9.363552731019379">
      <ele>2275.4</ele></trkpt>
      <trkpt lat="47.2372043468628" lon="9.363519803218955">
      <ele>2274.9</ele></trkpt>
      <trkpt lat="47.237194788755545" lon="9.363477977681423">
      <ele>2274.4</ele></trkpt>
      <trkpt lat="47.23717543545118" lon="9.363445667554068">
      <ele>2273.8</ele></trkpt>
      <trkpt lat="47.23716274587532" lon="9.363408709617053">
      <ele>2273.3</ele></trkpt>
      <trkpt lat="47.23716518519363" lon="9.363387647396848">
      <ele>2272.7</ele></trkpt>
      <trkpt lat="47.23713828583331" lon="9.363341709604436">
      <ele>2272.2</ele></trkpt>
      <trkpt lat="47.237134825710704" lon="9.363323169447712">
      <ele>2271.7</ele></trkpt>
      <trkpt lat="47.23712206568692" lon="9.363293118146713">
      <ele>2271.1</ele></trkpt>
      <trkpt lat="47.237116492620935" lon="9.363256720490542">
      <ele>2270.6</ele></trkpt>
      <trkpt lat="47.237101174048796" lon="9.363215017827121">
      <ele>2270.0</ele></trkpt>
      <trkpt lat="47.237086923460915" lon="9.363190170671613">
      <ele>2269.5</ele></trkpt>
      <trkpt lat="47.237081747921756" lon="9.363142901890534">
      <ele>2269.6</ele></trkpt>
      <trkpt lat="47.23706452239206" lon="9.363091473700905">
      <ele>2269.6</ele></trkpt>
      <trkpt lat="47.23705466215867" lon="9.363072570948681">
      <ele>2269.7</ele></trkpt>
      <trkpt lat="47.23704982342722" lon="9.36304176144601">
      <ele>2269.7</ele></trkpt>
      <trkpt lat="47.23703622738268" lon="9.363008430361615">
      <ele>2269.8</ele></trkpt>
      <trkpt lat="47.237034058670716" lon="9.362981521676408">
      <ele>2269.9</ele></trkpt>
      <trkpt lat="47.23702557414192" lon="9.362937357150443">
      <ele>2269.9</ele></trkpt>
      <trkpt lat="47.23701907057493" lon="9.362892022198498">
      <ele>2270.0</ele></trkpt>
      <trkpt lat="47.23701342067361" lon="9.362864525779944">
      <ele>2270.0</ele></trkpt>
      <trkpt lat="47.2370053335531" lon="9.36283642637899">
      <ele>2270.1</ele></trkpt>
      <trkpt lat="47.23699698069859" lon="9.362814539567522">
      <ele>2270.2</ele></trkpt>
      <trkpt lat="47.23698960785059" lon="9.362786769749427">
      <ele>2270.2</ele></trkpt>
      <trkpt lat="47.23698002973822" lon="9.362756899310407">
      <ele>2270.3</ele></trkpt>
      <trkpt lat="47.23697239838643" lon="9.36273059977656">
      <ele>2270.3</ele></trkpt>
      <trkpt lat="47.23696521984344" lon="9.36269550515159">
      <ele>2270.4</ele></trkpt>
      <trkpt lat="47.23695750041804" lon="9.362672861771546">
      <ele>2270.5</ele></trkpt>
      <trkpt lat="47.23694740706099" lon="9.36265067453797">
      <ele>2270.5</ele></trkpt>
      <trkpt lat="47.23694198993691" lon="9.362626475980719">
      <ele>2270.6</ele></trkpt>
      <trkpt lat="47.23693476971094" lon="9.36260087823631">
      <ele>2270.6</ele></trkpt>
      <trkpt lat="47.236927725371544" lon="9.362567981429748">
      <ele>2270.7</ele></trkpt>
      <trkpt lat="47.23691682489107" lon="9.362533783249035">
      <ele>2270.8</ele></trkpt>
      <trkpt lat="47.23689752539576" lon="9.362502545629214">
      <ele>2271.0</ele></trkpt>
      <trkpt lat="47.23688797241559" lon="9.362467933636923">
      <ele>2271.1</ele></trkpt>
      <trkpt lat="47.23688619674993" lon="9.362441726151276">
      <ele>2271.2</ele></trkpt>
      <trkpt lat="47.236876833625445" lon="9.362415139775909">
      <ele>2271.4</ele></trkpt>
      <trkpt lat="47.236873245635906" lon="9.362387545993045">
      <ele>2271.5</ele></trkpt>
      <trkpt lat="47.23686503136906" lon="9.362352506663777">
      <ele>2271.6</ele></trkpt>
      <trkpt lat="47.23684940729042" lon="9.36231453203263">
      <ele>2271.8</ele></trkpt>
      <trkpt lat="47.236819978252264" lon="9.36227458080201">
      <ele>2271.9</ele></trkpt>
      <trkpt lat="47.23678898845343" lon="9.362260743339315">
      <ele>2272.1</ele></trkpt>
      <trkpt lat="47.23676517155838" lon="9.362267798876594">
      <ele>2272.2</ele></trkpt>
      <trkpt lat="47.236753959140714" lon="9.362283525132723">
      <ele>2272.3</ele></trkpt>
      <trkpt lat="47.236733089850844" lon="9.362275706140899">
      <ele>2272.5</ele></trkpt>
      <trkpt lat="47.236716798908056" lon="9.36223402190419">
      <ele>2272.6</ele></trkpt>
      <trkpt lat="47.236705761875115" lon="9.362205301345632">
      <ele>2272.7</ele></trkpt>
      <trkpt lat="47.23669568481347" lon="9.3621686626796">
      <ele>2272.9</ele></trkpt>
      <trkpt lat="47.236688246473996" lon="9.362125408128314">
      <ele>2273.0</ele></trkpt>
      <trkpt lat="47.23666633719132" lon="9.362089347504421">
      <ele>2273.1</ele></trkpt>
      <trkpt lat="47.236672153244584" lon="9.362066491483375">
      <ele>2273.3</ele></trkpt>
      <trkpt lat="47.23664538884019" lon="9.362033994657931">
      <ele>2273.4</ele></trkpt>
      <trkpt lat="47.23661113860533" lon="9.361992337768426">
      <ele>2273.6</ele></trkpt>
      <trkpt lat="47.23659903595067" lon="9.361954688351611">
      <ele>2273.7</ele></trkpt>
      <trkpt lat="47.23658223825882" lon="9.361926104012518">
      <ele>2273.9</ele></trkpt>
      <trkpt lat="47.23655282750112" lon="9.361888822359374">
      <ele>2274.1</ele></trkpt>
      <trkpt lat="47.23652751301936" lon="9.361865942214148">
      <ele>2274.2</ele></trkpt>
      <trkpt lat="47.23651376355197" lon="9.36186657015364">
      <ele>2274.4</ele></trkpt>
      <trkpt lat="47.23649221798195" lon="9.361823270349097">
      <ele>2274.6</ele></trkpt>
      <trkpt lat="47.23645918315771" lon="9.361765395495619">
      <ele>2274.7</ele></trkpt>
      <trkpt lat="47.23643623609843" lon="9.361709033118608">
      <ele>2274.9</ele></trkpt>
      <trkpt lat="47.236426462720516" lon="9.361660661652568">
      <ele>2275.1</ele></trkpt>
      <trkpt lat="47.2364072869063" lon="9.361591819198315">
      <ele>2275.2</ele></trkpt>
      <trkpt lat="47.23639109105056" lon="9.361523942719238">
      <ele>2275.4</ele></trkpt>
      <trkpt lat="47.236369962731686" lon="9.361485823421386">
      <ele>2275.5</ele></trkpt>
      <trkpt lat="47.23634476087469" lon="9.361460503688127">
      <ele>2275.7</ele></trkpt>
      <trkpt lat="47.23631787722055" lon="9.361449694455423">
      <ele>2275.9</ele></trkpt>
      <trkpt lat="47.236301724518924" lon="9.361449839698649">
      <ele>2276.0</ele></trkpt>
      <trkpt lat="47.23627833791164" lon="9.36144944718145">
      <ele>2276.2</ele></trkpt>
      <trkpt lat="47.23626558812931" lon="9.361438697482207">
      <ele>2276.4</ele></trkpt>
      <trkpt lat="47.236246408462" lon="9.361419129675532">
      <ele>2276.5</ele></trkpt>
      <trkpt lat="47.23622604070265" lon="9.361397431895735">
      <ele>2276.7</ele></trkpt>
      <trkpt lat="47.236209328326495" lon="9.361389062782795">
      <ele>2276.6</ele></trkpt>
      <trkpt lat="47.23619780064652" lon="9.361374631786184">
      <ele>2276.4</ele></trkpt>
      <trkpt lat="47.23617607134314" lon="9.361377905358028">
      <ele>2276.3</ele></trkpt>
      <trkpt lat="47.23614368311603" lon="9.361352432831819">
      <ele>2276.2</ele></trkpt>
      <trkpt lat="47.2361300568524" lon="9.361331664661023">
      <ele>2276.1</ele></trkpt>
      <trkpt lat="47.23612219112506" lon="9.361308607058623">
      <ele>2275.9</ele></trkpt>
      <trkpt lat="47.23610066599856" lon="9.361275929608226">
      <ele>2275.8</ele></trkpt>
      <trkpt lat="47.23607642482693" lon="9.361251807178427">
      <ele>2275.7</ele></trkpt>
      <trkpt lat="47.23604901372226" lon="9.361229472979558">
      <ele>2275.6</ele></trkpt>
      <trkpt lat="47.236032703269096" lon="9.361216428765884">
      <ele>2275.4</ele></trkpt>
      <trkpt lat="47.23601216037679" lon="9.361190127678677">
      <ele>2275.3</ele></trkpt>
      <trkpt lat="47.23598976018219" lon="9.361159743861434">
      <ele>2275.2</ele></trkpt>
      <trkpt lat="47.23596970113916" lon="9.361149735256722">
      <ele>2275.1</ele></trkpt>
      <trkpt lat="47.235958307384564" lon="9.36113590365786">
      <ele>2274.9</ele></trkpt>
      <trkpt lat="47.23594699534307" lon="9.361120410514369">
      <ele>2274.8</ele></trkpt>
      <trkpt lat="47.23593527990868" lon="9.361097280552844">
      <ele>2274.7</ele></trkpt>
      <trkpt lat="47.235918998022335" lon="9.36108899312139">
      <ele>2274.6</ele></trkpt>
      <trkpt lat="47.23589835703571" lon="9.361085819727908">
      <ele>2274.4</ele></trkpt>
      <trkpt lat="47.23587958562262" lon="9.361081141591042">
      <ele>2274.3</ele></trkpt>
      <trkpt lat="47.23584739213924" lon="9.36108335180662">
      <ele>2274.2</ele></trkpt>
      <trkpt lat="47.23583181923405" lon="9.361081642170781">
      <ele>2273.9</ele></trkpt>
      <trkpt lat="47.23582126434126" lon="9.361082239938991">
      <ele>2273.5</ele></trkpt>
      <trkpt lat="47.23580924348662" lon="9.361091966054815">
      <ele>2273.2</ele></trkpt>
      <trkpt lat="47.23579429315552" lon="9.361082603689152">
      <ele>2272.9</ele></trkpt>
      <trkpt lat="47.23578277252396" lon="9.361087156188967">
      <ele>2272.5</ele></trkpt>
      <trkpt lat="47.23576078323168" lon="9.36107473999109">
      <ele>2272.2</ele></trkpt>
      <trkpt lat="47.23574842066794" lon="9.361070437784722">
      <ele>2271.9</ele></trkpt>
      <trkpt lat="47.23573197105444" lon="9.36108136518381">
      <ele>2271.5</ele></trkpt>
      <trkpt lat="47.235698677248386" lon="9.36106378657717">
      <ele>2271.2</ele></trkpt>
      <trkpt lat="47.23567318877197" lon="9.361065339761318">
      <ele>2270.8</ele></trkpt>
      <trkpt lat="47.23565920439611" lon="9.361052009501044">
      <ele>2270.5</ele></trkpt>
      <trkpt lat="47.23564156993595" lon="9.361018560927812">
      <ele>2270.2</ele></trkpt>
      <trkpt lat="47.235638784278265" lon="9.360991393063209">
      <ele>2269.8</ele></trkpt>
      <trkpt lat="47.235610712754244" lon="9.360971968076626">
      <ele>2269.5</ele></trkpt>
      <trkpt lat="47.23558314737974" lon="9.360952944416054">
      <ele>2269.2</ele></trkpt>
      <trkpt lat="47.235540440084655" lon="9.36092309848972">
      <ele>2268.8</ele></trkpt>
      <trkpt lat="47.23550811198527" lon="9.36090156532957">
      <ele>2268.5</ele></trkpt>
      <trkpt lat="47.23548178033556" lon="9.360872771003931">
      <ele>2268.2</ele></trkpt>
      <trkpt lat="47.23545894763366" lon="9.360861830575063">
      <ele>2267.8</ele></trkpt>
      <trkpt lat="47.235425556986684" lon="9.360857062523301">
      <ele>2267.5</ele></trkpt>
      <trkpt lat="47.235402402365416" lon="9.360836837034455">
      <ele>2267.6</ele></trkpt>
      <trkpt lat="47.23537115806221" lon="9.360824761776286">
      <ele>2267.7</ele></trkpt>
      <trkpt lat="47.23535630167954" lon="9.36080815059942">
      <ele>2267.9</ele></trkpt>
      <trkpt lat="47.23534977639134" lon="9.360784018778073">
      <ele>2268.0</ele></trkpt>
      <trkpt lat="47.23532125294375" lon="9.360715647581328">
      <ele>2268.1</ele></trkpt>
      <trkpt lat="47.23529749959966" lon="9.360691939613922">
      <ele>2268.2</ele></trkpt>
      <trkpt lat="47.23527964115502" lon="9.360657888878968">
      <ele>2268.3</ele></trkpt>
      <trkpt lat="47.235258687443704" lon="9.36063031864671">
      <ele>2268.5</ele></trkpt>
      <trkpt lat="47.235235823654875" lon="9.360594278123157">
      <ele>2268.6</ele></trkpt>
      <trkpt lat="47.235212991196576" lon="9.360543417069863">
      <ele>2268.7</ele></trkpt>
      <trkpt lat="47.2351971795869" lon="9.360530668627879">
      <ele>2268.8</ele></trkpt>
      <trkpt lat="47.235174726755595" lon="9.360519068356512">
      <ele>2268.9</ele></trkpt>
      <trkpt lat="47.23513675931762" lon="9.360490939079702">
      <ele>2269.1</ele></trkpt>
      <trkpt lat="47.23511838168734" lon="9.360469128755888">
      <ele>2269.2</ele></trkpt>
      <trkpt lat="47.235093346945725" lon="9.360428386799091">
      <ele>2269.3</ele></trkpt>
      <trkpt lat="47.23506552792871" lon="9.360412696619298">
      <ele>2269.4</ele></trkpt>
      <trkpt lat="47.23502758258818" lon="9.36037569114192">
      <ele>2269.5</ele></trkpt>
      <trkpt lat="47.23499611931712" lon="9.36034869426707">
      <ele>2269.7</ele></trkpt>
      <trkpt lat="47.23495935898234" lon="9.360326407811888">
      <ele>2269.8</ele></trkpt>
      <trkpt lat="47.234912203561194" lon="9.360327499061036">
      <ele>2269.9</ele></trkpt>
      <trkpt lat="47.23487693564396" lon="9.360286944095972">
      <ele>2269.8</ele></trkpt>
      <trkpt lat="47.23486423093407" lon="9.360288587536134">
      <ele>2269.7</ele></trkpt>
      <trkpt lat="47.23484763874059" lon="9.360266537780817">
      <ele>2269.5</ele></trkpt>
      <trkpt lat="47.2348385594822" lon="9.360253648555732">
      <ele>2269.4</ele></trkpt>
      <trkpt lat="47.234819822818366" lon="9.360234480726525">
      <ele>2269.3</ele></trkpt>
      <trkpt lat="47.23481049856414" lon="9.360224951242087">
      <ele>2269.2</ele></trkpt>
      <trkpt lat="47.23477877626449" lon="9.360210243716137">
      <ele>2269.0</ele></trkpt>
      <trkpt lat="47.23473373945412" lon="9.360195440441862">
      <ele>2268.9</ele></trkpt>
      <trkpt lat="47.23468718967983" lon="9.360179103267521">
      <ele>2268.8</ele></trkpt>
      <trkpt lat="47.23465976208264" lon="9.360141564994038">
      <ele>2268.7</ele></trkpt>
      <trkpt lat="47.23462076072788" lon="9.360112844260684">
      <ele>2268.5</ele></trkpt>
      <trkpt lat="47.23457651300856" lon="9.360082019460739">
      <ele>2268.4</ele></trkpt>
      <trkpt lat="47.23453923213699" lon="9.360076372319774">
      <ele>2268.3</ele></trkpt>
      <trkpt lat="47.23451878725324" lon="9.36006899249846">
      <ele>2268.2</ele></trkpt>
      <trkpt lat="47.234495549834115" lon="9.360051565216773">
      <ele>2268.0</ele></trkpt>
      <trkpt lat="47.23447075309843" lon="9.360017582741277">
      <ele>2267.9</ele></trkpt>
      <trkpt lat="47.234454858627295" lon="9.36000979856578">
      <ele>2267.8</ele></trkpt>
      <trkpt lat="47.234424911897655" lon="9.360017559045522">
      <ele>2267.7</ele></trkpt>
      <trkpt lat="47.23439152773968" lon="9.360013478760258">
      <ele>2267.5</ele></trkpt>
      <trkpt lat="47.23435409249574" lon="9.359991194939532">
      <ele>2267.4</ele></trkpt>
      <trkpt lat="47.23433266414064" lon="9.359990992383082">
      <ele>2267.8</ele></trkpt>
      <trkpt lat="47.23432333303827" lon="9.359978635877189">
      <ele>2268.2</ele></trkpt>
      <trkpt lat="47.234312161553845" lon="9.35997412588632">
      <ele>2268.6</ele></trkpt>
      <trkpt lat="47.23428539765498" lon="9.359993348064243">
      <ele>2268.9</ele></trkpt>
      <trkpt lat="47.234276564671724" lon="9.359999674966364">
      <ele>2269.3</ele></trkpt>
      <trkpt lat="47.2342635762584" lon="9.359990278051296">
      <ele>2269.7</ele></trkpt>
      <trkpt lat="47.23422931264625" lon="9.359989296895751">
      <ele>2270.1</ele></trkpt>
      <trkpt lat="47.23419583085503" lon="9.359963020657155">
      <ele>2270.5</ele></trkpt>
      <trkpt lat="47.23417916270282" lon="9.35995738833386">
      <ele>2270.9</ele></trkpt>
      <trkpt lat="47.23416070969594" lon="9.359946024827641">
      <ele>2271.2</ele></trkpt>
      <trkpt lat="47.23414101561132" lon="9.359934088309041">
      <ele>2271.6</ele></trkpt>
      <trkpt lat="47.23412300269925" lon="9.359930323063029">
      <ele>2272.0</ele></trkpt>
      <trkpt lat="47.23410938488664" lon="9.359936543944603">
      <ele>2272.4</ele></trkpt>
      <trkpt lat="47.23408088694596" lon="9.359905453717088">
      <ele>2272.8</ele></trkpt>
      <trkpt lat="47.234051587487635" lon="9.359863079977545">
      <ele>2273.2</ele></trkpt>
      <trkpt lat="47.23402402679504" lon="9.359839989012059">
      <ele>2273.6</ele></trkpt>
      <trkpt lat="47.23400887942581" lon="9.359840276562318">
      <ele>2273.9</ele></trkpt>
      <trkpt lat="47.23401217062873" lon="9.359864661236449">
      <ele>2274.3</ele></trkpt>
      <trkpt lat="47.23400474590179" lon="9.359867472130688">
      <ele>2274.7</ele></trkpt>
      <trkpt lat="47.2339810224017" lon="9.359880264751105">
      <ele>2275.1</ele></trkpt>
      <trkpt lat="47.2339597770783" lon="9.359881495474667">
      <ele>2275.4</ele></trkpt>
      <trkpt lat="47.233931825113345" lon="9.359861904260837">
      <ele>2275.8</ele></trkpt>
      <trkpt lat="47.23390572171695" lon="9.359846382087245">
      <ele>2276.1</ele></trkpt>
      <trkpt lat="47.23389984197228" lon="9.359860674951348">
      <ele>2276.4</ele></trkpt>
      <trkpt lat="47.23388447816294" lon="9.359853979975439">
      <ele>2276.7</ele></trkpt>
      <trkpt lat="47.233867152668886" lon="9.359845682137571">
      <ele>2277.0</ele></trkpt>
      <trkpt lat="47.233843653052936" lon="9.359859077222232">
      <ele>2277.4</ele></trkpt>
      <trkpt lat="47.23381589115049" lon="9.359896598481818">
      <ele>2277.7</ele></trkpt>
      <trkpt lat="47.23379594427638" lon="9.359909526847192">
      <ele>2278.0</ele></trkpt>
      <trkpt lat="47.233775053132064" lon="9.359920809664203">
      <ele>2278.3</ele></trkpt>
      <trkpt lat="47.233749542036996" lon="9.35990322167345">
      <ele>2278.7</ele></trkpt>
      <trkpt lat="47.23372455620455" lon="9.359872482526873">
      <ele>2279.0</ele></trkpt>
      <trkpt lat="47.23371103099962" lon="9.359851574011408">
      <ele>2279.3</ele></trkpt>
      <trkpt lat="47.23369181063156" lon="9.359852771875318">
      <ele>2279.7</ele></trkpt>
      <trkpt lat="47.23368054401199" lon="9.359850728753166">
      <ele>2280.0</ele></trkpt>
      <trkpt lat="47.233668779248845" lon="9.35983000244837">
      <ele>2280.3</ele></trkpt>
      <trkpt lat="47.233661558456376" lon="9.359796850721098">
      <ele>2280.6</ele></trkpt>
      <trkpt lat="47.23365413917712" lon="9.359786927678648">
      <ele>2280.9</ele></trkpt>
      <trkpt lat="47.23364536225564" lon="9.359797985616918">
      <ele>2281.3</ele></trkpt>
      <trkpt lat="47.23363443339305" lon="9.35981237426851">
      <ele>2281.6</ele></trkpt>
      <trkpt lat="47.23362283154963" lon="9.359818561933766">
      <ele>2284.3</ele></trkpt>
      <trkpt lat="47.2336079775696" lon="9.359793167248023">
      <ele>2287.0</ele></trkpt>
      <trkpt lat="47.23359597759567" lon="9.359747162453212">
      <ele>2289.7</ele></trkpt>
      <trkpt lat="47.233571614867145" lon="9.359695244383751">
      <ele>2292.4</ele></trkpt>
      <trkpt lat="47.23353891810605" lon="9.35968663175318">
      <ele>2295.1</ele></trkpt>
      <trkpt lat="47.233516390193394" lon="9.359731857358636">
      <ele>2297.8</ele></trkpt>
      <trkpt lat="47.23350290814261" lon="9.359734793901977">
      <ele>2300.5</ele></trkpt>
      <trkpt lat="47.23347689203154" lon="9.359715655616032">
      <ele>2303.2</ele></trkpt>
      <trkpt lat="47.233450533112766" lon="9.359693334714283">
      <ele>2305.9</ele></trkpt>
      <trkpt lat="47.233431324811896" lon="9.359677624754505">
      <ele>2308.6</ele></trkpt>
      <trkpt lat="47.23341758538526" lon="9.35968574343075">
      <ele>2311.2</ele></trkpt>
      <trkpt lat="47.23340272088733" lon="9.359676622740515">
      <ele>2313.9</ele></trkpt>
      <trkpt lat="47.23338814393534" lon="9.359650260649474">
      <ele>2316.6</ele></trkpt>
      <trkpt lat="47.23337734994849" lon="9.359644694401155">
      <ele>2319.3</ele></trkpt>
      <trkpt lat="47.23335154451024" lon="9.359643674135143">
      <ele>2322.0</ele></trkpt>
      <trkpt lat="47.233342995293775" lon="9.359616802266736">
      <ele>2324.7</ele></trkpt>
      <trkpt lat="47.23322034439537" lon="9.359166248870899">
      <ele>2327.4</ele></trkpt>
      <trkpt lat="47.23292428367216" lon="9.358753153703502">
      <ele>2330.1</ele></trkpt>
      <trkpt lat="47.2326282214452" lon="9.358340063117703">
      <ele>2332.8</ele></trkpt>
      <trkpt lat="47.23233215771443" lon="9.357926977113438">
      <ele>2335.5</ele></trkpt>
      <trkpt lat="47.23233215771443" lon="9.357926977113438">
      <ele>2332.9</ele></trkpt>
      <trkpt lat="47.232465317077875" lon="9.35820751449454">
      <ele>2330.3</ele></trkpt>
      <trkpt lat="47.23259847575349" lon="9.358488053275916">
      <ele>2327.8</ele></trkpt>
      <trkpt lat="47.232746969487295" lon="9.359011850261238">
      <ele>2325.2</ele></trkpt>
      <trkpt lat="47.232807709177024" lon="9.35947804664797">
      <ele>2322.6</ele></trkpt>
      <trkpt lat="47.23286844697842" lon="9.359944244099436">
      <ele>2320.1</ele></trkpt>
      <trkpt lat="47.23279672475991" lon="9.359993578227682">
      <ele>2317.5</ele></trkpt>
      <trkpt lat="47.23278343560319" lon="9.36001407697018">
      <ele>2314.9</ele></trkpt>
      <trkpt lat="47.23276280410198" lon="9.360044852810674">
      <ele>2312.3</ele></trkpt>
      <trkpt lat="47.2327420027065" lon="9.360064777561991">
      <ele>2309.8</ele></trkpt>
      <trkpt lat="47.232706859954234" lon="9.360071730061385">
      <ele>2307.2</ele></trkpt>
      <trkpt lat="47.23268780907756" lon="9.360105376287496">
      <ele>2304.6</ele></trkpt>
      <trkpt lat="47.23266515748352" lon="9.360157465455691">
      <ele>2302.0</ele></trkpt>
      <trkpt lat="47.23264733003275" lon="9.360195977064247">
      <ele>2299.4</ele></trkpt>
      <trkpt lat="47.2326191002465" lon="9.360232952107067">
      <ele>2296.9</ele></trkpt>
      <trkpt lat="47.23258505828878" lon="9.360220301678174">
      <ele>2294.3</ele></trkpt>
      <trkpt lat="47.23256084553239" lon="9.360178283603124">
      <ele>2291.7</ele></trkpt>
      <trkpt lat="47.232512755964144" lon="9.360167413255638">
      <ele>2289.2</ele></trkpt>
      <trkpt lat="47.232473971181285" lon="9.36015914956592">
      <ele>2286.6</ele></trkpt>
      <trkpt lat="47.23244175174386" lon="9.360130555000683">
      <ele>2284.0</ele></trkpt>
      <trkpt lat="47.23241936125527" lon="9.360072606067687">
      <ele>2282.5</ele></trkpt>
      <trkpt lat="47.23241571428223" lon="9.36001076075961">
      <ele>2281.0</ele></trkpt>
      <trkpt lat="47.23239765691839" lon="9.359973521487674">
      <ele>2279.5</ele></trkpt>
      <trkpt lat="47.23235659022734" lon="9.359914887902049">
      <ele>2278.1</ele></trkpt>
      <trkpt lat="47.23231692630205" lon="9.359865472129501">
      <ele>2276.6</ele></trkpt>
      <trkpt lat="47.232275563801785" lon="9.359825109795079">
      <ele>2275.1</ele></trkpt>
      <trkpt lat="47.23226088282165" lon="9.359816854465116">
      <ele>2273.6</ele></trkpt>
      <trkpt lat="47.2322486062587" lon="9.359807932661372">
      <ele>2272.1</ele></trkpt>
      <trkpt lat="47.23221814226917" lon="9.35978413048496">
      <ele>2270.6</ele></trkpt>
      <trkpt lat="47.232198192465106" lon="9.35975839474443">
      <ele>2269.2</ele></trkpt>
      <trkpt lat="47.2321782932822" lon="9.359723150143006">
      <ele>2267.7</ele></trkpt>
      <trkpt lat="47.232175490363026" lon="9.359697000615764">
      <ele>2266.2</ele></trkpt>
      <trkpt lat="47.232170130340684" lon="9.35965855375828">
      <ele>2264.7</ele></trkpt>
      <trkpt lat="47.2321698150378" lon="9.359623511348879">
      <ele>2263.2</ele></trkpt>
      <trkpt lat="47.23217686260485" lon="9.359585589834175">
      <ele>2261.7</ele></trkpt>
      <trkpt lat="47.23218858295677" lon="9.359560966353563">
      <ele>2260.2</ele></trkpt>
      <trkpt lat="47.23219268364471" lon="9.35954544753825">
      <ele>2258.8</ele></trkpt>
      <trkpt lat="47.23218885427829" lon="9.359519340369312">
      <ele>2257.3</ele></trkpt>
      <trkpt lat="47.23218083303019" lon="9.359476993571825">
      <ele>2255.8</ele></trkpt>
      <trkpt lat="47.23217904251563" lon="9.359435451985203">
      <ele>2254.3</ele></trkpt>
      <trkpt lat="47.232170730393264" lon="9.359404071683473">
      <ele>2252.3</ele></trkpt>
      <trkpt lat="47.232154267310605" lon="9.359394233353875">
      <ele>2250.2</ele></trkpt>
      <trkpt lat="47.23214256858882" lon="9.35937871458135">
      <ele>2248.2</ele></trkpt>
      <trkpt lat="47.232111260655024" lon="9.359367748209344">
      <ele>2246.2</ele></trkpt>
      <trkpt lat="47.2320996503241" lon="9.35934854724215">
      <ele>2244.2</ele></trkpt>
      <trkpt lat="47.23206274741489" lon="9.359315914700735">
      <ele>2242.1</ele></trkpt>
      <trkpt lat="47.232026904969864" lon="9.359278498941858">
      <ele>2240.1</ele></trkpt>
      <trkpt lat="47.23201491020305" lon="9.359258610533825">
      <ele>2238.1</ele></trkpt>
      <trkpt lat="47.23199042528637" lon="9.359257175622183">
      <ele>2236.0</ele></trkpt>
      <trkpt lat="47.23196307089662" lon="9.359243828497265">
      <ele>2234.0</ele></trkpt>
      <trkpt lat="47.23193853962337" lon="9.359236540232097">
      <ele>2232.0</ele></trkpt>
      <trkpt lat="47.23190629321779" lon="9.359221960549325">
      <ele>2229.9</ele></trkpt>
      <trkpt lat="47.23188161441544" lon="9.359227836601963">
      <ele>2227.9</ele></trkpt>
      <trkpt lat="47.23182681789643" lon="9.359204785040408">
      <ele>2225.9</ele></trkpt>
      <trkpt lat="47.23181003347224" lon="9.359195331562105">
      <ele>2223.8</ele></trkpt>
      <trkpt lat="47.23180859967178" lon="9.359179336506067">
      <ele>2221.8</ele></trkpt>
      <trkpt lat="47.23179213113633" lon="9.359154175435656">
      <ele>2219.8</ele></trkpt>
      <trkpt lat="47.231789961741356" lon="9.359127256350556">
      <ele>2217.8</ele></trkpt>
      <trkpt lat="47.23176868390464" lon="9.359081870878814">
      <ele>2215.7</ele></trkpt>
      <trkpt lat="47.2317608473754" lon="9.359032213228623">
      <ele>2213.7</ele></trkpt>
      <trkpt lat="47.23176071469388" lon="9.359009950958395">
      <ele>2211.8</ele></trkpt>
      <trkpt lat="47.231759107045896" lon="9.358981176379338">
      <ele>2209.8</ele></trkpt>
      <trkpt lat="47.23174730472027" lon="9.358940028250277">
      <ele>2207.9</ele></trkpt>
      <trkpt lat="47.23173742805858" lon="9.358946357141214">
      <ele>2206.0</ele></trkpt>
      <trkpt lat="47.23172726704152" lon="9.358962186427828">
      <ele>2204.1</ele></trkpt>
      <trkpt lat="47.23168454839762" lon="9.358944324583002">
      <ele>2202.1</ele></trkpt>
      <trkpt lat="47.23166336125484" lon="9.358906986923474">
      <ele>2200.2</ele></trkpt>
      <trkpt lat="47.231634861914294" lon="9.35884196427591">
      <ele>2198.3</ele></trkpt>
      <trkpt lat="47.23161273772084" lon="9.358768003639476">
      <ele>2196.4</ele></trkpt>
      <trkpt lat="47.23159311490591" lon="9.35873073552615">
      <ele>2194.4</ele></trkpt>
      <trkpt lat="47.23156745443597" lon="9.358775530279022">
      <ele>2192.5</ele></trkpt>
      <trkpt lat="47.23154548548385" lon="9.358786166709876">
      <ele>2190.6</ele></trkpt>
      <trkpt lat="47.231528017395995" lon="9.358757812983349">
      <ele>2188.7</ele></trkpt>
      <trkpt lat="47.23151104346007" lon="9.35873651750302">
      <ele>2186.8</ele></trkpt>
      <trkpt lat="47.23149252333868" lon="9.35871514005592">
      <ele>2184.8</ele></trkpt>
      <trkpt lat="47.23149299760709" lon="9.358686149844734">
      <ele>2182.9</ele></trkpt>
      <trkpt lat="47.231473662030766" lon="9.358645682349694">
      <ele>2181.0</ele></trkpt>
      <trkpt lat="47.231476835599274" lon="9.358613447233811">
      <ele>2179.0</ele></trkpt>
      <trkpt lat="47.231485538571036" lon="9.358569575419482">
      <ele>2177.1</ele></trkpt>
      <trkpt lat="47.231487221920624" lon="9.358544155494238">
      <ele>2175.2</ele></trkpt>
      <trkpt lat="47.231477857158566" lon="9.358506820235304">
      <ele>2173.5</ele></trkpt>
      <trkpt lat="47.231478500369036" lon="9.358487663693282">
      <ele>2171.7</ele></trkpt>
      <trkpt lat="47.23146749847673" lon="9.35844058734052">
      <ele>2170.0</ele></trkpt>
      <trkpt lat="47.23146724241888" lon="9.358422481639842">
      <ele>2168.2</ele></trkpt>
      <trkpt lat="47.2314536726194" lon="9.358373463773185">
      <ele>2166.5</ele></trkpt>
      <trkpt lat="47.23142393793763" lon="9.358297248803003">
      <ele>2164.8</ele></trkpt>
      <trkpt lat="47.231413524458766" lon="9.358265608712001">
      <ele>2163.0</ele></trkpt>
      <trkpt lat="47.23140295510994" lon="9.3582492591807">
      <ele>2161.3</ele></trkpt>
      <trkpt lat="47.23137876109466" lon="9.358208234312405">
      <ele>2159.5</ele></trkpt>
      <trkpt lat="47.23136709050116" lon="9.35817590185901">
      <ele>2157.8</ele></trkpt>
      <trkpt lat="47.23135384671553" lon="9.35810569526499">
      <ele>2156.1</ele></trkpt>
      <trkpt lat="47.23133282049806" lon="9.358055445470965">
      <ele>2154.3</ele></trkpt>
      <trkpt lat="47.23131422508927" lon="9.357993764713838">
      <ele>2152.6</ele></trkpt>
      <trkpt lat="47.23129165223115" lon="9.35794723724363">
      <ele>2150.8</ele></trkpt>
      <trkpt lat="47.23125991818134" lon="9.357888941691854">
      <ele>2149.1</ele></trkpt>
      <trkpt lat="47.231242535882906" lon="9.35781060839332">
      <ele>2147.4</ele></trkpt>
      <trkpt lat="47.23123417611176" lon="9.357748582171965">
      <ele>2145.6</ele></trkpt>
      <trkpt lat="47.23121675483212" lon="9.357758444450248">
      <ele>2143.9</ele></trkpt>
      <trkpt lat="47.231196153522234" lon="9.35778042408931">
      <ele>2142.1</ele></trkpt>
      <trkpt lat="47.23117792056778" lon="9.357803360574712">
      <ele>2140.4</ele></trkpt>
      <trkpt lat="47.23116563743182" lon="9.357754864879515">
      <ele>2139.0</ele></trkpt>
      <trkpt lat="47.23115572816065" lon="9.357706454466907">
      <ele>2137.6</ele></trkpt>
      <trkpt lat="47.2311486933832" lon="9.357664263096927">
      <ele>2136.2</ele></trkpt>
      <trkpt lat="47.23114436169901" lon="9.357602936454544">
      <ele>2134.8</ele></trkpt>
      <trkpt lat="47.23112739981709" lon="9.357549042032819">
      <ele>2133.4</ele></trkpt>
      <trkpt lat="47.23111456686789" lon="9.357497898103588">
      <ele>2132.0</ele></trkpt>
      <trkpt lat="47.23110157379361" lon="9.357456364623221">
      <ele>2130.6</ele></trkpt>
      <trkpt lat="47.23109105346498" lon="9.357444627062756">
      <ele>2129.2</ele></trkpt>
      <trkpt lat="47.23106498859591" lon="9.357437575272943">
      <ele>2127.8</ele></trkpt>
      <trkpt lat="47.23103846367856" lon="9.357457598657327">
      <ele>2126.4</ele></trkpt>
      <trkpt lat="47.23102384437267" lon="9.357478036361371">
      <ele>2124.9</ele></trkpt>
      <trkpt lat="47.23100644315333" lon="9.35748615581967">
      <ele>2123.5</ele></trkpt>
      <trkpt lat="47.230979322417916" lon="9.357471193539046">
      <ele>2122.1</ele></trkpt>
      <trkpt lat="47.23094860813337" lon="9.357456987227954">
      <ele>2120.7</ele></trkpt>
      <trkpt lat="47.230933758887716" lon="9.357455582182554">
      <ele>2119.3</ele></trkpt>
      <trkpt lat="47.23090820570395" lon="9.357452920956101">
      <ele>2117.9</ele></trkpt>
      <trkpt lat="47.23087729676265" lon="9.357450939194397">
      <ele>2116.5</ele></trkpt>
      <trkpt lat="47.230869007898484" lon="9.357412190215843">
      <ele>2115.1</ele></trkpt>
      <trkpt lat="47.23084999829567" lon="9.357374813066782">
      <ele>2113.7</ele></trkpt>
      <trkpt lat="47.23083177387389" lon="9.357361055346747">
      <ele>2112.3</ele></trkpt>
      <trkpt lat="47.23079907259365" lon="9.357394831964577">
      <ele>2111.0</ele></trkpt>
      <trkpt lat="47.230774148179194" lon="9.357426259231168">
      <ele>2109.8</ele></trkpt>
      <trkpt lat="47.23075043420563" lon="9.357456858146529">
      <ele>2108.5</ele></trkpt>
      <trkpt lat="47.23072374917789" lon="9.35748649175921">
      <ele>2107.2</ele></trkpt>
      <trkpt lat="47.2307047859279" lon="9.357481438604653">
      <ele>2105.9</ele></trkpt>
      <trkpt lat="47.23068069060632" lon="9.3574630979002">
      <ele>2104.7</ele></trkpt>
      <trkpt lat="47.23066834631865" lon="9.35745391029763">
      <ele>2103.4</ele></trkpt>
      <trkpt lat="47.23065400618476" lon="9.357421944895572">
      <ele>2102.1</ele></trkpt>
      <trkpt lat="47.23063608428917" lon="9.357425673467164">
      <ele>2100.8</ele></trkpt>
      <trkpt lat="47.23062197409855" lon="9.357415550679157">
      <ele>2099.6</ele></trkpt>
      <trkpt lat="47.230607948050036" lon="9.35743602274783">
      <ele>2098.3</ele></trkpt>
      <trkpt lat="47.230585167567455" lon="9.357445692558695">
      <ele>2097.0</ele></trkpt>
      <trkpt lat="47.23056676875703" lon="9.357442403275508">
      <ele>2095.7</ele></trkpt>
      <trkpt lat="47.23055828501921" lon="9.357415892171653">
      <ele>2094.5</ele></trkpt>
      <trkpt lat="47.23054906244054" lon="9.357398085623192">
      <ele>2093.2</ele></trkpt>
      <trkpt lat="47.23053187407782" lon="9.357393968038775">
      <ele>2091.9</ele></trkpt>
      <trkpt lat="47.23051763539744" lon="9.35742666387045">
      <ele>2090.6</ele></trkpt>
      <trkpt lat="47.23049670259996" lon="9.357432899666744">
      <ele>2089.4</ele></trkpt>
      <trkpt lat="47.23047364310464" lon="9.357424212312813">
      <ele>2088.1</ele></trkpt>
      <trkpt lat="47.23045907581432" lon="9.357405342077996">
      <ele>2086.8</ele></trkpt>
      <trkpt lat="47.23043748543317" lon="9.357379218959947">
      <ele>2086.3</ele></trkpt>
      <trkpt lat="47.23042719223802" lon="9.357354386525332">
      <ele>2085.9</ele></trkpt>
      <trkpt lat="47.23040712912174" lon="9.357344063243472">
      <ele>2085.4</ele></trkpt>
      <trkpt lat="47.23038920170552" lon="9.357348663409775">
      <ele>2085.0</ele></trkpt>
      <trkpt lat="47.23037763707859" lon="9.357363966671151">
      <ele>2084.5</ele></trkpt>
      <trkpt lat="47.23036857947938" lon="9.357398367483867">
      <ele>2084.1</ele></trkpt>
      <trkpt lat="47.23035929534448" lon="9.357403159126568">
      <ele>2083.6</ele></trkpt>
      <trkpt lat="47.23033791424578" lon="9.357390397711105">
      <ele>2083.2</ele></trkpt>
      <trkpt lat="47.23029667447339" lon="9.357351800002355">
      <ele>2082.7</ele></trkpt>
      <trkpt lat="47.23023455685089" lon="9.357286972870245">
      <ele>2082.2</ele></trkpt>
      <trkpt lat="47.23018911892342" lon="9.357242214570142">
      <ele>2081.8</ele></trkpt>
      <trkpt lat="47.23015267692916" lon="9.357197541593779">
      <ele>2081.3</ele></trkpt>
      <trkpt lat="47.230096438014975" lon="9.357127642378954">
      <ele>2080.9</ele></trkpt>
      <trkpt lat="47.23010081374827" lon="9.357088569408315">
      <ele>2080.4</ele></trkpt>
      <trkpt lat="47.230110228342596" lon="9.35705325692156">
      <ele>2080.0</ele></trkpt>
      <trkpt lat="47.23012489054946" lon="9.357007011026212">
      <ele>2079.5</ele></trkpt>
      <trkpt lat="47.2301156696012" lon="9.356937782958802">
      <ele>2079.1</ele></trkpt>
      <trkpt lat="47.23010750531278" lon="9.356846164339917">
      <ele>2078.6</ele></trkpt>
      <trkpt lat="47.23009738413141" lon="9.356789386305687">
      <ele>2078.2</ele></trkpt>
      <trkpt lat="47.230088454102116" lon="9.356747524134548">
      <ele>2077.7</ele></trkpt>
      <trkpt lat="47.230092243934386" lon="9.35673011892329">
      <ele>2078.5</ele></trkpt>
      <trkpt lat="47.230104398985155" lon="9.356717716317938">
      <ele>2079.4</ele></trkpt>
      <trkpt lat="47.230101970585366" lon="9.356692809850419">
      <ele>2080.2</ele></trkpt>
      <trkpt lat="47.23007828930248" lon="9.356666347971293">
      <ele>2081.0</ele></trkpt>
      <trkpt lat="47.230071541697995" lon="9.356629041948839">
      <ele>2081.8</ele></trkpt>
      <trkpt lat="47.230081468898014" lon="9.356605622492921">
      <ele>2082.7</ele></trkpt>
      <trkpt lat="47.23008780929048" lon="9.356578772089385">
      <ele>2083.5</ele></trkpt>
      <trkpt lat="47.23007636432808" lon="9.356552855144145">
      <ele>2084.3</ele></trkpt>
      <trkpt lat="47.23006982670938" lon="9.356529412675888">
      <ele>2085.2</ele></trkpt>
      <trkpt lat="47.230072874918136" lon="9.35649656620164">
      <ele>2086.0</ele></trkpt>
      <trkpt lat="47.23005625756462" lon="9.356458694623171">
      <ele>2086.8</ele></trkpt>
      <trkpt lat="47.230043063911545" lon="9.356428105098765">
      <ele>2087.7</ele></trkpt>
      <trkpt lat="47.2300412639327" lon="9.3564173281886">
      <ele>2088.5</ele></trkpt>
      <trkpt lat="47.23003497345516" lon="9.356369854678102">
      <ele>2089.3</ele></trkpt>
      <trkpt lat="47.23002515358792" lon="9.356356029308198">
      <ele>2090.2</ele></trkpt>
      <trkpt lat="47.23001044207323" lon="9.356342028384304">
      <ele>2091.0</ele></trkpt>
      <trkpt lat="47.230007921519125" lon="9.356322111582523">
      <ele>2091.8</ele></trkpt>
      <trkpt lat="47.22999543940723" lon="9.356300661695403">
      <ele>2092.6</ele></trkpt>
      <trkpt lat="47.23000520957428" lon="9.356287750746425">
      <ele>2093.5</ele></trkpt>
      <trkpt lat="47.23001159506219" lon="9.356267374254584">
      <ele>2094.3</ele></trkpt>
      <trkpt lat="47.22999498555661" lon="9.356247400932581">
      <ele>2095.4</ele></trkpt>
      <trkpt lat="47.22998113597965" lon="9.356232427115069">
      <ele>2096.6</ele></trkpt>
      <trkpt lat="47.22999747574382" lon="9.356195645951383">
      <ele>2097.7</ele></trkpt>
      <trkpt lat="47.230003634324945" lon="9.356178629541175">
      <ele>2098.8</ele></trkpt>
      <trkpt lat="47.229986790010585" lon="9.356149520578906">
      <ele>2100.0</ele></trkpt>
      <trkpt lat="47.229982297142755" lon="9.356109178339484">
      <ele>2101.1</ele></trkpt>
      <trkpt lat="47.22996921538385" lon="9.356068078802755">
      <ele>2102.2</ele></trkpt>
      <trkpt lat="47.22996726960375" lon="9.356028765804135">
      <ele>2103.3</ele></trkpt>
      <trkpt lat="47.2299623570873" lon="9.355983362793824">
      <ele>2104.5</ele></trkpt>
      <trkpt lat="47.229951163041534" lon="9.355919123286396">
      <ele>2105.6</ele></trkpt>
      <trkpt lat="47.22994211119629" lon="9.355884019889455">
      <ele>2106.7</ele></trkpt>
      <trkpt lat="47.229928619051485" lon="9.355848651515808">
      <ele>2107.9</ele></trkpt>
      <trkpt lat="47.22992632047774" lon="9.355818096497808">
      <ele>2109.0</ele></trkpt>
      <trkpt lat="47.22990490169635" lon="9.355798399893583">
      <ele>2110.1</ele></trkpt>
      <trkpt lat="47.22988946676368" lon="9.355764612952935">
      <ele>2111.2</ele></trkpt>
      <trkpt lat="47.22989737628231" lon="9.355734292121591">
      <ele>2112.4</ele></trkpt>
      <trkpt lat="47.22989097867855" lon="9.355702427696823">
      <ele>2113.5</ele></trkpt>
      <trkpt lat="47.22987207741055" lon="9.355617425112591">
      <ele>2114.6</ele></trkpt>
      <trkpt lat="47.22986847164398" lon="9.355579452779459">
      <ele>2115.8</ele></trkpt>
      <trkpt lat="47.22989032048756" lon="9.355526278982586">
      <ele>2116.9</ele></trkpt>
      <trkpt lat="47.22987682823273" lon="9.35549091073387">
      <ele>2118.4</ele></trkpt>
      <trkpt lat="47.22987146725298" lon="9.355444329403314">
      <ele>2120.0</ele></trkpt>
      <trkpt lat="47.229875971878755" lon="9.355402883535525">
      <ele>2121.5</ele></trkpt>
      <trkpt lat="47.22986710156375" lon="9.355324422581383">
      <ele>2123.1</ele></trkpt>
      <trkpt lat="47.22986135534019" lon="9.355238808920896">
      <ele>2124.6</ele></trkpt>
      <trkpt lat="47.22984787138524" lon="9.355218076315516">
      <ele>2126.2</ele></trkpt>
      <trkpt lat="47.22985125965565" lon="9.355199916991857">
      <ele>2127.7</ele></trkpt>
      <trkpt lat="47.22983524077236" lon="9.35515579332023">
      <ele>2129.3</ele></trkpt>
      <trkpt lat="47.22985398387115" lon="9.355120551098198">
      <ele>2130.8</ele></trkpt>
      <trkpt lat="47.229858276875504" lon="9.355056127681381">
      <ele>2132.4</ele></trkpt>
      <trkpt lat="47.22985970880566" lon="9.355002512041452">
      <ele>2133.9</ele></trkpt>
      <trkpt lat="47.22983524852897" lon="9.354959036713714">
      <ele>2135.4</ele></trkpt>
      <trkpt lat="47.22982144658134" lon="9.354898468550298">
      <ele>2137.0</ele></trkpt>
      <trkpt lat="47.22981728774742" lon="9.354838563242394">
      <ele>2138.5</ele></trkpt>
      <trkpt lat="47.22979804120809" lon="9.354776980950087">
      <ele>2140.1</ele></trkpt>
      <trkpt lat="47.22974162125283" lon="9.354714633678487">
      <ele>2141.6</ele></trkpt>
      <trkpt lat="47.22970277631364" lon="9.354659666370747">
      <ele>2143.2</ele></trkpt>
      <trkpt lat="47.22965683502173" lon="9.354619687485071">
      <ele>2144.7</ele></trkpt>
      <trkpt lat="47.22961306503778" lon="9.354596838889636">
      <ele>2146.3</ele></trkpt>
      <trkpt lat="47.229540268819136" lon="9.354554021595204">
      <ele>2147.8</ele></trkpt>
      <trkpt lat="47.22949982544447" lon="9.354530235690662">
      <ele>2148.8</ele></trkpt>
      <trkpt lat="47.22946607155477" lon="9.354512673174002">
      <ele>2149.8</ele></trkpt>
      <trkpt lat="47.22941121254056" lon="9.354484130509057">
      <ele>2150.7</ele></trkpt>
      <trkpt lat="47.2293823152934" lon="9.354473174765026">
      <ele>2151.7</ele></trkpt>
      <trkpt lat="47.2293410440371" lon="9.354457509004522">
      <ele>2152.7</ele></trkpt>
      <trkpt lat="47.22927136475322" lon="9.354434471422381">
      <ele>2153.7</ele></trkpt>
      <trkpt lat="47.22921474967268" lon="9.35441575918616">
      <ele>2154.6</ele></trkpt>
      <trkpt lat="47.22914701515944" lon="9.35438777219544">
      <ele>2155.6</ele></trkpt>
      <trkpt lat="47.2291343172265" lon="9.354382522248006">
      <ele>2156.6</ele></trkpt>
      <trkpt lat="47.22912584594305" lon="9.354379022069546">
      <ele>2157.6</ele></trkpt>
      <trkpt lat="47.22911738343191" lon="9.354375535415219">
      <ele>2158.5</ele></trkpt>
      <trkpt lat="47.22909197857243" lon="9.354365035212135">
      <ele>2159.5</ele></trkpt>
      <trkpt lat="47.229067285479005" lon="9.354350148893792">
      <ele>2160.5</ele></trkpt>
      <trkpt lat="47.229030255046496" lon="9.354327806563754">
      <ele>2161.5</ele></trkpt>
      <trkpt lat="47.22900967761083" lon="9.354315392525745">
      <ele>2162.4</ele></trkpt>
      <trkpt lat="47.22899733106092" lon="9.35430794938776">
      <ele>2163.4</ele></trkpt>
      <trkpt lat="47.22897642815236" lon="9.354283728515007">
      <ele>2164.4</ele></trkpt>
      <trkpt lat="47.22896248995299" lon="9.35426757676938">
      <ele>2165.4</ele></trkpt>
      <trkpt lat="47.22894506489759" lon="9.354247390318726">
      <ele>2166.3</ele></trkpt>
      <trkpt lat="47.22892764861104" lon="9.354227217404222">
      <ele>2167.3</ele></trkpt>
      <trkpt lat="47.22891022354843" lon="9.354207030979943">
      <ele>2168.4</ele></trkpt>
      <trkpt lat="47.22888932061822" lon="9.354182810186208">
      <ele>2169.5</ele></trkpt>
      <trkpt lat="47.22887538240437" lon="9.354166658493211">
      <ele>2170.7</ele></trkpt>
      <trkpt lat="47.22884955284997" lon="9.354160594463696">
      <ele>2171.8</ele></trkpt>
      <trkpt lat="47.22880599342349" lon="9.35414401494446">
      <ele>2172.9</ele></trkpt>
      <trkpt lat="47.22878200745716" lon="9.354137462267168">
      <ele>2174.0</ele></trkpt>
      <trkpt lat="47.22876414974727" lon="9.354125436441075">
      <ele>2175.1</ele></trkpt>
      <trkpt lat="47.22875945456323" lon="9.354101545781178">
      <ele>2176.3</ele></trkpt>
      <trkpt lat="47.2287276435593" lon="9.354108898478946">
      <ele>2177.4</ele></trkpt>
      <trkpt lat="47.22871038898306" lon="9.354122280885216">
      <ele>2178.5</ele></trkpt>
      <trkpt lat="47.228674497307956" lon="9.354119647014024">
      <ele>2179.6</ele></trkpt>
      <trkpt lat="47.22862666098378" lon="9.35411515845921">
      <ele>2180.7</ele></trkpt>
      <trkpt lat="47.22858918130973" lon="9.354120907835593">
      <ele>2181.9</ele></trkpt>
      <trkpt lat="47.228527249371766" lon="9.354121633230356">
      <ele>2183.0</ele></trkpt>
      <trkpt lat="47.228480983973974" lon="9.354106541846722">
      <ele>2184.1</ele></trkpt>
      <trkpt lat="47.228446021355275" lon="9.354062110430753">
      <ele>2185.2</ele></trkpt>
      <trkpt lat="47.22839857479312" lon="9.354014167250721">
      <ele>2186.3</ele></trkpt>
      <trkpt lat="47.228359510601535" lon="9.353989137285694">
      <ele>2187.5</ele></trkpt>
      <trkpt lat="47.228326608090406" lon="9.353994496037576">
      <ele>2188.6</ele></trkpt>
      <trkpt lat="47.22830735456618" lon="9.354000396858366">
      <ele>2189.7</ele></trkpt>
      <trkpt lat="47.22828395630341" lon="9.3539833911768">
      <ele>2190.1</ele></trkpt>
      <trkpt lat="47.22826374959329" lon="9.353977357140902">
      <ele>2190.4</ele></trkpt>
      <trkpt lat="47.22822850637119" lon="9.354006605060832">
      <ele>2190.8</ele></trkpt>
      <trkpt lat="47.228199401549674" lon="9.354012456539884">
      <ele>2191.1</ele></trkpt>
      <trkpt lat="47.22817238871835" lon="9.354009374945786">
      <ele>2191.5</ele></trkpt>
      <trkpt lat="47.228136522630145" lon="9.354024678939563">
      <ele>2191.8</ele></trkpt>
      <trkpt lat="47.22811531383579" lon="9.354047521901206">
      <ele>2192.2</ele></trkpt>
      <trkpt lat="47.228111844349414" lon="9.354080854097568">
      <ele>2192.5</ele></trkpt>
      <trkpt lat="47.228094671583285" lon="9.354107170188131">
      <ele>2192.9</ele></trkpt>
      <trkpt lat="47.2280456887601" lon="9.354122928480656">
      <ele>2193.2</ele></trkpt>
      <trkpt lat="47.22799579045928" lon="9.35411528853844">
      <ele>2193.6</ele></trkpt>
      <trkpt lat="47.22797680353964" lon="9.354112732352785">
      <ele>2194.0</ele></trkpt>
      <trkpt lat="47.227958211287856" lon="9.354103216366967">
      <ele>2194.3</ele></trkpt>
      <trkpt lat="47.22792213649495" lon="9.354086165803514">
      <ele>2194.7</ele></trkpt>
      <trkpt lat="47.22785842367226" lon="9.354087936880571">
      <ele>2195.0</ele></trkpt>
      <trkpt lat="47.22780254392168" lon="9.354093713449242">
      <ele>2195.4</ele></trkpt>
      <trkpt lat="47.22775529729407" lon="9.354078111626123">
      <ele>2195.7</ele></trkpt>
      <trkpt lat="47.227719837526244" lon="9.354057081112122">
      <ele>2196.1</ele></trkpt>
      <trkpt lat="47.227671753378026" lon="9.354078313317135">
      <ele>2196.4</ele></trkpt>
      <trkpt lat="47.22763446566068" lon="9.354093618993911">
      <ele>2196.8</ele></trkpt>
      <trkpt lat="47.22757936781281" lon="9.354123251051405">
      <ele>2196.0</ele></trkpt>
      <trkpt lat="47.22757936781281" lon="9.354123251051405">
      <ele>2195.2</ele></trkpt>
      <trkpt lat="47.22753546237365" lon="9.354127475569785">
      <ele>2194.4</ele></trkpt>
      <trkpt lat="47.22749737873005" lon="9.354078112085555">
      <ele>2193.6</ele></trkpt>
      <trkpt lat="47.22749196323302" lon="9.354071564857561">
      <ele>2192.8</ele></trkpt>
      <trkpt lat="47.22745045819784" lon="9.354050476256178">
      <ele>2192.0</ele></trkpt>
      <trkpt lat="47.227422011427294" lon="9.354008643539878">
      <ele>2191.2</ele></trkpt>
      <trkpt lat="47.22741870902255" lon="9.35400379666683">
      <ele>2190.4</ele></trkpt>
      <trkpt lat="47.22738935722656" lon="9.353982839977963">
      <ele>2189.6</ele></trkpt>
      <trkpt lat="47.22738197285955" lon="9.354007578217916">
      <ele>2188.9</ele></trkpt>
      <trkpt lat="47.227375874633275" lon="9.354028017089746">
      <ele>2188.1</ele></trkpt>
      <trkpt lat="47.22735624455395" lon="9.354005163495492">
      <ele>2187.3</ele></trkpt>
      <trkpt lat="47.2273481240373" lon="9.35399571921949">
      <ele>2186.5</ele></trkpt>
      <trkpt lat="47.22733063670478" lon="9.354013359182732">
      <ele>2185.7</ele></trkpt>
      <trkpt lat="47.22732079928376" lon="9.354023295662024">
      <ele>2184.9</ele></trkpt>
      <trkpt lat="47.2272850335209" lon="9.353962233934134">
      <ele>2184.1</ele></trkpt>
      <trkpt lat="47.22726074771699" lon="9.353956397220875">
      <ele>2183.3</ele></trkpt>
      <trkpt lat="47.227250890093906" lon="9.353954023059709">
      <ele>2182.5</ele></trkpt>
      <trkpt lat="47.227227679598606" lon="9.353948449433029">
      <ele>2181.7</ele></trkpt>
      <trkpt lat="47.22721601173605" lon="9.353945640565158">
      <ele>2180.9</ele></trkpt>
      <trkpt lat="47.227202289944216" lon="9.353986806926095">
      <ele>2178.9</ele></trkpt>
      <trkpt lat="47.22719814289596" lon="9.353999205927307">
      <ele>2176.9</ele></trkpt>
      <trkpt lat="47.22714987827557" lon="9.353963121834413">
      <ele>2174.9</ele></trkpt>
      <trkpt lat="47.2271143312779" lon="9.353936514721001">
      <ele>2172.9</ele></trkpt>
      <trkpt lat="47.22703799525746" lon="9.353933950345013">
      <ele>2170.9</ele></trkpt>
      <trkpt lat="47.22704072345932" lon="9.354025262647255">
      <ele>2168.9</ele></trkpt>
      <trkpt lat="47.2270474971428" lon="9.354128131698403">
      <ele>2166.9</ele></trkpt>
      <trkpt lat="47.227032877445794" lon="9.354241672002939">
      <ele>2164.9</ele></trkpt>
      <trkpt lat="47.22702118208496" lon="9.354316247804539">
      <ele>2162.9</ele></trkpt>
      <trkpt lat="47.22701863682525" lon="9.354332415613104">
      <ele>2160.9</ele></trkpt>
      <trkpt lat="47.22696436683006" lon="9.354279275857433">
      <ele>2159.0</ele></trkpt>
      <trkpt lat="47.22690405267661" lon="9.354248729716751">
      <ele>2157.0</ele></trkpt>
      <trkpt lat="47.226793845126686" lon="9.354242163791797">
      <ele>2155.0</ele></trkpt>
      <trkpt lat="47.22676662134269" lon="9.35423715944713">
      <ele>2153.0</ele></trkpt>
      <trkpt lat="47.22671771678389" lon="9.354228194785481">
      <ele>2151.0</ele></trkpt>
      <trkpt lat="47.226703278517384" lon="9.3542372397444">
      <ele>2149.0</ele></trkpt>
      <trkpt lat="47.226680543826994" lon="9.354263104753914">
      <ele>2147.0</ele></trkpt>
      <trkpt lat="47.22666067556021" lon="9.354267556802663">
      <ele>2145.0</ele></trkpt>
      <trkpt lat="47.22661999327519" lon="9.354267326738288">
      <ele>2143.0</ele></trkpt>
      <trkpt lat="47.22660433468729" lon="9.354278335524567">
      <ele>2141.0</ele></trkpt>
      <trkpt lat="47.22659280848169" lon="9.354301088982455">
      <ele>2139.9</ele></trkpt>
      <trkpt lat="47.226584715351855" lon="9.35433002793036">
      <ele>2138.8</ele></trkpt>
      <trkpt lat="47.22657918302693" lon="9.354344028087944">
      <ele>2137.7</ele></trkpt>
      <trkpt lat="47.22657268047667" lon="9.354344415743096">
      <ele>2136.5</ele></trkpt>
      <trkpt lat="47.22654531734619" lon="9.35433210240856">
      <ele>2135.4</ele></trkpt>
      <trkpt lat="47.22653539424212" lon="9.354313110340776">
      <ele>2134.3</ele></trkpt>
      <trkpt lat="47.226524275306936" lon="9.3543238195647">
      <ele>2133.2</ele></trkpt>
      <trkpt lat="47.22650590857331" lon="9.354358624282112">
      <ele>2132.1</ele></trkpt>
      <trkpt lat="47.226499847914916" lon="9.354383832171367">
      <ele>2131.0</ele></trkpt>
      <trkpt lat="47.22649597499562" lon="9.354394893604473">
      <ele>2129.8</ele></trkpt>
      <trkpt lat="47.2264775008597" lon="9.354391259520307">
      <ele>2128.7</ele></trkpt>
      <trkpt lat="47.22645989212111" lon="9.354389148952855">
      <ele>2127.6</ele></trkpt>
      <trkpt lat="47.22643744495131" lon="9.35441341272957">
      <ele>2126.5</ele></trkpt>
      <trkpt lat="47.226413217696674" lon="9.354408925202595">
      <ele>2125.4</ele></trkpt>
      <trkpt lat="47.22638264935918" lon="9.35442486742181">
      <ele>2124.3</ele></trkpt>
      <trkpt lat="47.22635821184876" lon="9.354416793030849">
      <ele>2123.2</ele></trkpt>
      <trkpt lat="47.22634300192277" lon="9.354441395463619">
      <ele>2122.0</ele></trkpt>
      <trkpt lat="47.22631610524262" lon="9.35444268971441">
      <ele>2120.9</ele></trkpt>
      <trkpt lat="47.22628088856552" lon="9.354475741067493">
      <ele>2119.8</ele></trkpt>
      <trkpt lat="47.2262440074636" lon="9.354487692653642">
      <ele>2118.7</ele></trkpt>
      <trkpt lat="47.2262107223509" lon="9.35449657685959">
      <ele>2117.8</ele></trkpt>
      <trkpt lat="47.226186324592966" lon="9.354507747652475">
      <ele>2117.0</ele></trkpt>
      <trkpt lat="47.22615837413116" lon="9.354496126485863">
      <ele>2116.1</ele></trkpt>
      <trkpt lat="47.2261541077899" lon="9.354494058396886">
      <ele>2115.2</ele></trkpt>
      <trkpt lat="47.22612214171724" lon="9.354477736590106">
      <ele>2114.3</ele></trkpt>
      <trkpt lat="47.22611480592487" lon="9.354469799864345">
      <ele>2113.5</ele></trkpt>
      <trkpt lat="47.226097196789574" lon="9.35449854264187">
      <ele>2112.6</ele></trkpt>
      <trkpt lat="47.22608193670079" lon="9.354497493634007">
      <ele>2111.7</ele></trkpt>
      <trkpt lat="47.22605868430924" lon="9.354514992362063">
      <ele>2110.9</ele></trkpt>
      <trkpt lat="47.2260384573034" lon="9.354504770785022">
      <ele>2110.0</ele></trkpt>
      <trkpt lat="47.22603468093324" lon="9.354501914593103">
      <ele>2109.1</ele></trkpt>
      <trkpt lat="47.22601740030718" lon="9.35448819294207">
      <ele>2108.3</ele></trkpt>
      <trkpt lat="47.22600957844274" lon="9.3544835143274">
      <ele>2107.4</ele></trkpt>
      <trkpt lat="47.22600945578594" lon="9.354464385097774">
      <ele>2106.5</ele></trkpt>
      <trkpt lat="47.2260097489393" lon="9.354457038887224">
      <ele>2105.7</ele></trkpt>
      <trkpt lat="47.2260029914458" lon="9.354451117284988">
      <ele>2104.8</ele></trkpt>
      <trkpt lat="47.225990930326766" lon="9.354449773540182">
      <ele>2103.9</ele></trkpt>
      <trkpt lat="47.22597438085109" lon="9.354460789826952">
      <ele>2103.0</ele></trkpt>
      <trkpt lat="47.22596867137175" lon="9.3544378413923">
      <ele>2102.2</ele></trkpt>
      <trkpt lat="47.22597360419389" lon="9.354407415888614">
      <ele>2101.3</ele></trkpt>
      <trkpt lat="47.225949307418986" lon="9.354368163134549">
      <ele>2100.2</ele></trkpt>
      <trkpt lat="47.22592022132105" lon="9.35433285953625">
      <ele>2099.1</ele></trkpt>
      <trkpt lat="47.225898531823944" lon="9.354290477637612">
      <ele>2098.0</ele></trkpt>
      <trkpt lat="47.225880466664165" lon="9.354289301720135">
      <ele>2096.9</ele></trkpt>
      <trkpt lat="47.22585307430379" lon="9.354255485361405">
      <ele>2095.8</ele></trkpt>
      <trkpt lat="47.22582206308729" lon="9.354227733727775">
      <ele>2094.7</ele></trkpt>
      <trkpt lat="47.22578540393099" lon="9.35417873979995">
      <ele>2093.6</ele></trkpt>
      <trkpt lat="47.22576302986283" lon="9.354163448931168">
      <ele>2092.5</ele></trkpt>
      <trkpt lat="47.22570625886127" lon="9.354085945232754">
      <ele>2091.4</ele></trkpt>
      <trkpt lat="47.225674191825874" lon="9.354110313028556">
      <ele>2090.2</ele></trkpt>
      <trkpt lat="47.225663684241994" lon="9.35410211744408">
      <ele>2089.1</ele></trkpt>
      <trkpt lat="47.22564929330091" lon="9.354061252183604">
      <ele>2088.0</ele></trkpt>
      <trkpt lat="47.22563355771007" lon="9.354047678609525">
      <ele>2086.9</ele></trkpt>
      <trkpt lat="47.22561097460036" lon="9.35401952929722">
      <ele>2085.8</ele></trkpt>
      <trkpt lat="47.22559093590152" lon="9.353997982579601">
      <ele>2084.7</ele></trkpt>
      <trkpt lat="47.225567246120676" lon="9.353982816383942">
      <ele>2083.6</ele></trkpt>
      <trkpt lat="47.2255382853039" lon="9.35396485937154">
      <ele>2082.5</ele></trkpt>
      <trkpt lat="47.22552302896639" lon="9.353976027723427">
      <ele>2081.4</ele></trkpt>
      <trkpt lat="47.22551014405982" lon="9.354004200042816">
      <ele>2080.3</ele></trkpt>
      <trkpt lat="47.225495768935616" lon="9.354015399963105">
      <ele>2079.2</ele></trkpt>
      <trkpt lat="47.22547583846102" lon="9.353987345814453">
      <ele>2078.3</ele></trkpt>
      <trkpt lat="47.22546295921252" lon="9.353962159525734">
      <ele>2077.4</ele></trkpt>
      <trkpt lat="47.22544837350928" lon="9.3539330026331">
      <ele>2076.5</ele></trkpt>
      <trkpt lat="47.22542824830427" lon="9.353916656712217">
      <ele>2075.6</ele></trkpt>
      <trkpt lat="47.22540719841565" lon="9.353902892768199">
      <ele>2074.7</ele></trkpt>
      <trkpt lat="47.22538084698523" lon="9.35388763127216">
      <ele>2073.8</ele></trkpt>
      <trkpt lat="47.22535973233704" lon="9.353877761270997">
      <ele>2072.9</ele></trkpt>
      <trkpt lat="47.22535205934571" lon="9.353859259791363">
      <ele>2072.0</ele></trkpt>
      <trkpt lat="47.22533859277709" lon="9.353815826071964">
      <ele>2071.1</ele></trkpt>
      <trkpt lat="47.225325864946385" lon="9.353781532083834">
      <ele>2070.2</ele></trkpt>
      <trkpt lat="47.225307909526265" lon="9.353741833772226">
      <ele>2069.3</ele></trkpt>
      <trkpt lat="47.22529073961851" lon="9.353707380630775">
      <ele>2068.4</ele></trkpt>
      <trkpt lat="47.22526887367544" lon="9.35368966491229">
      <ele>2067.5</ele></trkpt>
      <trkpt lat="47.22525401925665" lon="9.353676123124083">
      <ele>2066.6</ele></trkpt>
      <trkpt lat="47.22523589062658" lon="9.353646839462018">
      <ele>2065.7</ele></trkpt>
      <trkpt lat="47.225209112271" lon="9.353604223203913">
      <ele>2064.8</ele></trkpt>
      <trkpt lat="47.225191864839886" lon="9.35357497116898">
      <ele>2063.9</ele></trkpt>
      <trkpt lat="47.22517528243653" lon="9.353558752417207">
      <ele>2063.0</ele></trkpt>
      <trkpt lat="47.22515405955828" lon="9.353555390024589">
      <ele>2062.1</ele></trkpt>
      <trkpt lat="47.22513754189643" lon="9.353535277387012">
      <ele>2061.2</ele></trkpt>
      <trkpt lat="47.22512728094887" lon="9.353512787077397">
      <ele>2059.7</ele></trkpt>
      <trkpt lat="47.22510487064474" lon="9.353474236922207">
      <ele>2058.1</ele></trkpt>
      <trkpt lat="47.22509311061616" lon="9.353434760875064">
      <ele>2056.6</ele></trkpt>
      <trkpt lat="47.2250804691371" lon="9.353395266469889">
      <ele>2055.1</ele></trkpt>
      <trkpt lat="47.22507048050848" lon="9.353355853929221">
      <ele>2053.6</ele></trkpt>
      <trkpt lat="47.22505595960697" lon="9.35332279031923">
      <ele>2052.0</ele></trkpt>
      <trkpt lat="47.22503032516332" lon="9.35331797562697">
      <ele>2050.5</ele></trkpt>
      <trkpt lat="47.22501389414019" lon="9.35329264925045">
      <ele>2049.0</ele></trkpt>
      <trkpt lat="47.22499523743687" lon="9.353294582673135">
      <ele>2047.5</ele></trkpt>
      <trkpt lat="47.22497894487088" lon="9.353261468858285">
      <ele>2045.9</ele></trkpt>
      <trkpt lat="47.2249470375172" lon="9.353206967408159">
      <ele>2044.4</ele></trkpt>
      <trkpt lat="47.22491883723655" lon="9.353181140203134">
      <ele>2042.9</ele></trkpt>
      <trkpt lat="47.22491154085487" lon="9.353144307284083">
      <ele>2041.4</ele></trkpt>
      <trkpt lat="47.22490309052151" lon="9.353121142395835">
      <ele>2039.8</ele></trkpt>
      <trkpt lat="47.22482220154837" lon="9.35298327747317">
      <ele>2038.3</ele></trkpt>
      <trkpt lat="47.2248038870869" lon="9.352703759545268">
      <ele>2036.8</ele></trkpt>
      <trkpt lat="47.22469617960712" lon="9.352292280970032">
      <ele>2035.3</ele></trkpt>
      <trkpt lat="47.22454349475776" lon="9.35197600392888">
      <ele>2033.8</ele></trkpt>
      <trkpt lat="47.22442228712343" lon="9.351958919094438">
      <ele>2032.2</ele></trkpt>
      <trkpt lat="47.22442935457751" lon="9.351847081315547">
      <ele>2030.7</ele></trkpt>
      <trkpt lat="47.22427333493795" lon="9.351627497420068">
      <ele>2023.4</ele></trkpt>
      <trkpt lat="47.22426419097224" lon="9.35155073937019">
      <ele>2016.0</ele></trkpt>
      <trkpt lat="47.22416050538158" lon="9.351419643558764">
      <ele>2008.7</ele></trkpt>
      <trkpt lat="47.224071576653" lon="9.351444486301762">
      <ele>2001.3</ele></trkpt>
      <trkpt lat="47.22401902905446" lon="9.35126426790537">
      <ele>1994.0</ele></trkpt>
      <trkpt lat="47.22394529663259" lon="9.351315131482137">
      <ele>1986.7</ele></trkpt>
      <trkpt lat="47.22385852454241" lon="9.35121011894633">
      <ele>1979.3</ele></trkpt>
      <trkpt lat="47.22377988169396" lon="9.351242976989367">
      <ele>1972.0</ele></trkpt>
      <trkpt lat="47.22364814144623" lon="9.351128708634569">
      <ele>1964.6</ele></trkpt>
      <trkpt lat="47.223590137158" lon="9.351172487995228">
      <ele>1957.3</ele></trkpt>
      <trkpt lat="47.223399344373775" lon="9.35116565981649">
      <ele>1950.0</ele></trkpt>
      <trkpt lat="47.22326404429829" lon="9.350847466894557">
      <ele>1942.6</ele></trkpt>
      <trkpt lat="47.22311953452326" lon="9.350979860407977">
      <ele>1935.3</ele></trkpt>
      <trkpt lat="47.22297061277405" lon="9.350645901792232">
      <ele>1927.9</ele></trkpt>
      <trkpt lat="47.22296167961331" lon="9.35055640860817">
      <ele>1920.6</ele></trkpt>
      <trkpt lat="47.22286607172728" lon="9.350565732804741">
      <ele>1913.3</ele></trkpt>
      <trkpt lat="47.2228097227161" lon="9.35040576172339">
      <ele>1905.9</ele></trkpt>
      <trkpt lat="47.222743684279095" lon="9.350411046099572">
      <ele>1898.6</ele></trkpt>
      <trkpt lat="47.22262043971376" lon="9.350202828298604">
      <ele>1891.2</ele></trkpt>
      <trkpt lat="47.22259006163801" lon="9.350046349388359">
      <ele>1883.9</ele></trkpt>
      <trkpt lat="47.2224179184114" lon="9.349752309502996">
      <ele>1875.0</ele></trkpt>
      <trkpt lat="47.222293072765176" lon="9.349536403746757">
      <ele>1866.0</ele></trkpt>
      <trkpt lat="47.22218137773866" lon="9.349468726732258">
      <ele>1857.1</ele></trkpt>
      <trkpt lat="47.22213234703569" lon="9.349494998383399">
      <ele>1848.2</ele></trkpt>
      <trkpt lat="47.2220797208232" lon="9.349319883563034">
      <ele>1839.2</ele></trkpt>
      <trkpt lat="47.221944715140104" lon="9.349088323614923">
      <ele>1830.3</ele></trkpt>
      <trkpt lat="47.221868897647205" lon="9.349055039727448">
      <ele>1821.4</ele></trkpt>
      <trkpt lat="47.22176727854421" lon="9.348799199040753">
      <ele>1812.5</ele></trkpt>
      <trkpt lat="47.221706859874054" lon="9.348779210500696">
      <ele>1803.5</ele></trkpt>
      <trkpt lat="47.22164035785558" lon="9.348603601911496">
      <ele>1794.6</ele></trkpt>
      <trkpt lat="47.22139311062413" lon="9.34823302386399">
      <ele>1785.7</ele></trkpt>
      <trkpt lat="47.22133768725586" lon="9.348225945735638">
      <ele>1776.7</ele></trkpt>
      <trkpt lat="47.22123643720002" lon="9.34794719585777">
      <ele>1767.8</ele></trkpt>
      <trkpt lat="47.22111857708848" lon="9.347833450257289">
      <ele>1758.9</ele></trkpt>
      <trkpt lat="47.221116372441394" lon="9.347756945380299">
      <ele>1750.0</ele></trkpt>
      <trkpt lat="47.22093662719204" lon="9.3475021436341">
      <ele>1741.0</ele></trkpt>
      <trkpt lat="47.2207568813708" lon="9.34724734360327">
      <ele>1732.1</ele></trkpt>
      <trkpt lat="47.220544422105576" lon="9.347186270217081">
      <ele>1723.2</ele></trkpt>
      <trkpt lat="47.22037954465963" lon="9.346924357585186">
      <ele>1714.2</ele></trkpt>
      <trkpt lat="47.22021466661118" lon="9.346662446570933">
      <ele>1705.3</ele></trkpt>
      <trkpt lat="47.220205401705265" lon="9.346593337452415">
      <ele>1698.4</ele></trkpt>
      <trkpt lat="47.21999969393835" lon="9.34633380731354">
      <ele>1691.6</ele></trkpt>
      <trkpt lat="47.21998898874988" lon="9.346246805508256">
      <ele>1684.7</ele></trkpt>
      <trkpt lat="47.21981739025669" lon="9.346024151819257">
      <ele>1677.9</ele></trkpt>
      <trkpt lat="47.219643988604716" lon="9.346224309221448">
      <ele>1671.0</ele></trkpt>
      <trkpt lat="47.21960760401713" lon="9.34622046175065">
      <ele>1664.1</ele></trkpt>
      <trkpt lat="47.21955233627147" lon="9.345994315122804">
      <ele>1657.3</ele></trkpt>
      <trkpt lat="47.21946747899682" lon="9.345983640326445">
      <ele>1650.4</ele></trkpt>
      <trkpt lat="47.219470051241665" lon="9.345828335921809">
      <ele>1643.6</ele></trkpt>
      <trkpt lat="47.21942976715849" lon="9.345745390354983">
      <ele>1636.7</ele></trkpt>
      <trkpt lat="47.21933382252441" lon="9.34577507426384">
      <ele>1629.8</ele></trkpt>
      <trkpt lat="47.219252328990954" lon="9.345560737376998">
      <ele>1623.0</ele></trkpt>
      <trkpt lat="47.219137387415834" lon="9.345584659367224">
      <ele>1616.1</ele></trkpt>
      <trkpt lat="47.2191262088976" lon="9.34552566541488">
      <ele>1609.3</ele></trkpt>
      <trkpt lat="47.21901465389442" lon="9.345554805768595">
      <ele>1602.4</ele></trkpt>
      <trkpt lat="47.21901496278926" lon="9.34574586782646">
      <ele>1595.5</ele></trkpt>
      <trkpt lat="47.21889817900188" lon="9.346090694453476">
      <ele>1588.7</ele></trkpt>
      <trkpt lat="47.21870515089525" lon="9.346333872148165">
      <ele>1581.8</ele></trkpt>
      <trkpt lat="47.21867730012885" lon="9.34630749626648">
      <ele>1575.0</ele></trkpt>
      <trkpt lat="47.21867835556482" lon="9.346274743669753">
      <ele>1568.1</ele></trkpt>
      <trkpt lat="47.21863118303744" lon="9.346175309868043">
      <ele>1566.7</ele></trkpt>
      <trkpt lat="47.218602727888275" lon="9.346113177400952">
      <ele>1565.2</ele></trkpt>
      <trkpt lat="47.21861440973274" lon="9.346077674308262">
      <ele>1563.8</ele></trkpt>
      <trkpt lat="47.21858124196102" lon="9.346034429816177">
      <ele>1562.4</ele></trkpt>
      <trkpt lat="47.218558930532055" lon="9.34601801098888">
      <ele>1560.9</ele></trkpt>
      <trkpt lat="47.21854303824555" lon="9.34598396692391">
      <ele>1559.5</ele></trkpt>
      <trkpt lat="47.21852327460674" lon="9.345979405483398">
      <ele>1558.1</ele></trkpt>
      <trkpt lat="47.21850406490437" lon="9.345994091552582">
      <ele>1556.7</ele></trkpt>
      <trkpt lat="47.21849420944891" lon="9.34602742798051">
      <ele>1555.2</ele></trkpt>
      <trkpt lat="47.21847277530008" lon="9.346056362989957">
      <ele>1553.8</ele></trkpt>
      <trkpt lat="47.21845135170664" lon="9.3460488105869">
      <ele>1552.4</ele></trkpt>
      <trkpt lat="47.218433623854786" lon="9.346016946066031">
      <ele>1550.9</ele></trkpt>
      <trkpt lat="47.218412662159274" lon="9.346017901524752">
      <ele>1549.5</ele></trkpt>
      <trkpt lat="47.218398031236816" lon="9.345981036901875">
      <ele>1548.1</ele></trkpt>
      <trkpt lat="47.21832602281911" lon="9.345844295946481">
      <ele>1546.7</ele></trkpt>
      <trkpt lat="47.218280435660226" lon="9.345837083096605">
      <ele>1545.2</ele></trkpt>
      <trkpt lat="47.218248311971024" lon="9.345805761504593">
      <ele>1543.8</ele></trkpt>
      <trkpt lat="47.21817802555333" lon="9.345808416826161">
      <ele>1542.4</ele></trkpt>
      <trkpt lat="47.21816802018726" lon="9.345842658931927">
      <ele>1540.9</ele></trkpt>
      <trkpt lat="47.21814394535054" lon="9.345872952236984">
      <ele>1539.5</ele></trkpt>
      <trkpt lat="47.218098773018724" lon="9.345895559597261">
      <ele>1537.7</ele></trkpt>
      <trkpt lat="47.21805584183453" lon="9.345925179918385">
      <ele>1536.0</ele></trkpt>
      <trkpt lat="47.217986986774605" lon="9.345953861835204">
      <ele>1534.2</ele></trkpt>
      <trkpt lat="47.2179416996565" lon="9.345983397969869">
      <ele>1532.4</ele></trkpt>
      <trkpt lat="47.21789228266015" lon="9.345978174494412">
      <ele>1530.6</ele></trkpt>
      <trkpt lat="47.217867863696625" lon="9.345955909796473">
      <ele>1528.8</ele></trkpt>
      <trkpt lat="47.21783900775412" lon="9.34593046267273">
      <ele>1527.1</ele></trkpt>
      <trkpt lat="47.21782162616124" lon="9.345906481507967">
      <ele>1525.3</ele></trkpt>
      <trkpt lat="47.21780153142357" lon="9.345839339785444">
      <ele>1523.5</ele></trkpt>
      <trkpt lat="47.21775662441001" lon="9.34574216779128">
      <ele>1521.8</ele></trkpt>
      <trkpt lat="47.217725515300714" lon="9.345653385280514">
      <ele>1520.0</ele></trkpt>
      <trkpt lat="47.21771350237639" lon="9.345626307607287">
      <ele>1518.2</ele></trkpt>
      <trkpt lat="47.21772164329183" lon="9.345600332007741">
      <ele>1516.4</ele></trkpt>
      <trkpt lat="47.21773481544432" lon="9.34556827642638">
      <ele>1514.7</ele></trkpt>
      <trkpt lat="47.217743657694776" lon="9.345530374696631">
      <ele>1512.9</ele></trkpt>
      <trkpt lat="47.21776165233534" lon="9.34547441719402">
      <ele>1511.1</ele></trkpt>
      <trkpt lat="47.217783619354435" lon="9.345427964206701">
      <ele>1509.3</ele></trkpt>
      <trkpt lat="47.217815115767706" lon="9.345374918168435">
      <ele>1507.5</ele></trkpt>
      <trkpt lat="47.21782751574831" lon="9.345337328155745">
      <ele>1505.8</ele></trkpt>
      <trkpt lat="47.21780919783014" lon="9.34531446268534">
      <ele>1504.0</ele></trkpt>
      <trkpt lat="47.21778614442903" lon="9.345288509838033">
      <ele>1502.9</ele></trkpt>
      <trkpt lat="47.21776117679563" lon="9.345284159240542">
      <ele>1501.8</ele></trkpt>
      <trkpt lat="47.21771865787862" lon="9.345237267730782">
      <ele>1500.7</ele></trkpt>
      <trkpt lat="47.21768520494515" lon="9.345227530284081">
      <ele>1499.6</ele></trkpt>
      <trkpt lat="47.217631603273226" lon="9.345225076700475">
      <ele>1498.5</ele></trkpt>
      <trkpt lat="47.21760787054064" lon="9.345230370697418">
      <ele>1497.4</ele></trkpt>
      <trkpt lat="47.21759218499618" lon="9.345242514961546">
      <ele>1496.3</ele></trkpt>
      <trkpt lat="47.21759087974561" lon="9.345255594799326">
      <ele>1495.2</ele></trkpt>
      <trkpt lat="47.21759993558199" lon="9.345266191841624">
      <ele>1494.1</ele></trkpt>
      <trkpt lat="47.21761985477339" lon="9.345271141451601">
      <ele>1493.0</ele></trkpt>
      <trkpt lat="47.217635109119705" lon="9.345276888662433">
      <ele>1491.8</ele></trkpt>
      <trkpt lat="47.21764528106984" lon="9.345291262732424">
      <ele>1490.7</ele></trkpt>
      <trkpt lat="47.217665093243966" lon="9.345318433652565">
      <ele>1489.6</ele></trkpt>
      <trkpt lat="47.217677119552235" lon="9.345351771187861">
      <ele>1488.5</ele></trkpt>
      <trkpt lat="47.21764689838801" lon="9.345354971656754">
      <ele>1487.4</ele></trkpt>
      <trkpt lat="47.217636618148035" lon="9.34536724270497">
      <ele>1486.3</ele></trkpt>
      <trkpt lat="47.21764163138143" lon="9.34539430825589">
      <ele>1485.2</ele></trkpt>
      <trkpt lat="47.21763342770069" lon="9.345400169408226">
      <ele>1484.1</ele></trkpt>
      <trkpt lat="47.217600193135716" lon="9.345403869798417">
      <ele>1483.0</ele></trkpt>
      <trkpt lat="47.21757409830642" lon="9.345419776002405">
      <ele>1481.9</ele></trkpt>
      <trkpt lat="47.21756658620354" lon="9.34540071638313">
      <ele>1480.6</ele></trkpt>
      <trkpt lat="47.21754450732617" lon="9.345416977145165">
      <ele>1479.4</ele></trkpt>
      <trkpt lat="47.21753661243915" lon="9.345400386537369">
      <ele>1478.1</ele></trkpt>
      <trkpt lat="47.21750461732406" lon="9.345416716090082">
      <ele>1476.9</ele></trkpt>
      <trkpt lat="47.217491901541706" lon="9.345466311696917">
      <ele>1475.6</ele></trkpt>
      <trkpt lat="47.21747841646778" lon="9.345483578916738">
      <ele>1474.3</ele></trkpt>
      <trkpt lat="47.217469056088696" lon="9.345496807113467">
      <ele>1473.1</ele></trkpt>
      <trkpt lat="47.217458802555306" lon="9.345497141181724">
      <ele>1471.8</ele></trkpt>
      <trkpt lat="47.217458002585715" lon="9.345461233017481">
      <ele>1470.6</ele></trkpt>
      <trkpt lat="47.21743777461681" lon="9.345426572945772">
      <ele>1469.3</ele></trkpt>
      <trkpt lat="47.21741869685365" lon="9.345431121723852">
      <ele>1468.0</ele></trkpt>
      <trkpt lat="47.217402647712255" lon="9.345455441673144">
      <ele>1466.8</ele></trkpt>
      <trkpt lat="47.217404906900725" lon="9.345508093727643">
      <ele>1465.5</ele></trkpt>
      <trkpt lat="47.21739578549385" lon="9.345516127426658">
      <ele>1464.3</ele></trkpt>
      <trkpt lat="47.21737980860766" lon="9.34550457034798">
      <ele>1463.0</ele></trkpt>
      <trkpt lat="47.21736311571397" lon="9.345467791485072">
      <ele>1461.7</ele></trkpt>
      <trkpt lat="47.21735016601019" lon="9.345485328669737">
      <ele>1460.5</ele></trkpt>
      <trkpt lat="47.217339762372966" lon="9.345529499888487">
      <ele>1459.2</ele></trkpt>
      <trkpt lat="47.2173189476057" lon="9.345572111123943">
      <ele>1458.0</ele></trkpt>
      <trkpt lat="47.21732327008968" lon="9.345597963387547">
      <ele>1456.7</ele></trkpt>
      <trkpt lat="47.21732991434388" lon="9.34564443316184">
      <ele>1455.8</ele></trkpt>
      <trkpt lat="47.217321302006035" lon="9.345707565422437">
      <ele>1454.9</ele></trkpt>
      <trkpt lat="47.21730423933343" lon="9.345778953334614">
      <ele>1454.0</ele></trkpt>
      <trkpt lat="47.21728760549725" lon="9.345808692957291">
      <ele>1453.1</ele></trkpt>
      <trkpt lat="47.217271512165894" lon="9.345876417829382">
      <ele>1452.2</ele></trkpt>
      <trkpt lat="47.2172222077496" lon="9.346006172425131">
      <ele>1451.3</ele></trkpt>
      <trkpt lat="47.21719778042842" lon="9.346057198445916">
      <ele>1450.4</ele></trkpt>
      <trkpt lat="47.21713650791506" lon="9.346096331805992">
      <ele>1449.5</ele></trkpt>
      <trkpt lat="47.21713105190637" lon="9.346099808220547">
      <ele>1448.6</ele></trkpt>
      <trkpt lat="47.2171319174542" lon="9.34610621737989">
      <ele>1447.8</ele></trkpt>
      <trkpt lat="47.21713525722278" lon="9.346131096935316">
      <ele>1446.9</ele></trkpt>
      <trkpt lat="47.21712083509691" lon="9.34614789464966">
      <ele>1446.0</ele></trkpt>
      <trkpt lat="47.21710065225128" lon="9.346175156809574">
      <ele>1445.1</ele></trkpt>
      <trkpt lat="47.21707071252874" lon="9.346184177247475">
      <ele>1444.2</ele></trkpt>
      <trkpt lat="47.21706790735026" lon="9.34621175587573">
      <ele>1443.3</ele></trkpt>
      <trkpt lat="47.21708264660972" lon="9.346232842925424">
      <ele>1442.4</ele></trkpt>
      <trkpt lat="47.2170882942519" lon="9.346262334331763">
      <ele>1441.5</ele></trkpt>
      <trkpt lat="47.217075964967506" lon="9.346290206887083">
      <ele>1440.6</ele></trkpt>
      <trkpt lat="47.21702564406711" lon="9.346253191721935">
      <ele>1439.7</ele></trkpt>
      <trkpt lat="47.21700366820886" lon="9.346236613584967">
      <ele>1438.8</ele></trkpt>
      <trkpt lat="47.21699123562482" lon="9.346221841885518">
      <ele>1437.8</ele></trkpt>
      <trkpt lat="47.216950714783835" lon="9.34616950171179">
      <ele>1436.8</ele></trkpt>
      <trkpt lat="47.216943246061966" lon="9.346193453996305">
      <ele>1435.8</ele></trkpt>
      <trkpt lat="47.216928085233" lon="9.346226600057244">
      <ele>1434.9</ele></trkpt>
      <trkpt lat="47.21692611532268" lon="9.346230913965421">
      <ele>1433.9</ele></trkpt>
      <trkpt lat="47.21691370561791" lon="9.346268529210583">
      <ele>1432.9</ele></trkpt>
      <trkpt lat="47.21693192261677" lon="9.346307250807328">
      <ele>1431.9</ele></trkpt>
      <trkpt lat="47.21692888804651" lon="9.346348673714612">
      <ele>1430.9</ele></trkpt>
      <trkpt lat="47.21690738936067" lon="9.346365205508507">
      <ele>1429.9</ele></trkpt>
      <trkpt lat="47.21687899456044" lon="9.346371124846925">
      <ele>1428.9</ele></trkpt>
      <trkpt lat="47.216854081570375" lon="9.346375425339804">
      <ele>1428.0</ele></trkpt>
      <trkpt lat="47.21682934863971" lon="9.34637971905036">
      <ele>1427.0</ele></trkpt>
      <trkpt lat="47.21682132688059" lon="9.346380026963324">
      <ele>1426.0</ele></trkpt>
      <trkpt lat="47.216782163999454" lon="9.346381494647224">
      <ele>1425.0</ele></trkpt>
      <trkpt lat="47.216732442367956" lon="9.346393572355684">
      <ele>1424.0</ele></trkpt>
      <trkpt lat="47.21672712994726" lon="9.346404673369905">
      <ele>1423.0</ele></trkpt>
      <trkpt lat="47.216712907566574" lon="9.34643439291651">
      <ele>1422.1</ele></trkpt>
      <trkpt lat="47.2166787697091" lon="9.346502383929328">
      <ele>1421.1</ele></trkpt>
      <trkpt lat="47.216648909636" lon="9.346593478562717">
      <ele>1420.1</ele></trkpt>
      <trkpt lat="47.21664400136584" lon="9.346608423535908">
      <ele>1419.1</ele></trkpt>
      <trkpt lat="47.21662685077288" lon="9.346614493217096">
      <ele>1418.3</ele></trkpt>
      <trkpt lat="47.216611238915114" lon="9.34659340149971">
      <ele>1417.5</ele></trkpt>
      <trkpt lat="47.21659458460022" lon="9.346603186408702">
      <ele>1416.7</ele></trkpt>
      <trkpt lat="47.21658515193604" lon="9.346602849676923">
      <ele>1415.8</ele></trkpt>
      <trkpt lat="47.216566648133536" lon="9.346581443456413">
      <ele>1415.0</ele></trkpt>
      <trkpt lat="47.21654289598312" lon="9.346554237610292">
      <ele>1414.2</ele></trkpt>
      <trkpt lat="47.21652217283119" lon="9.346549483410834">
      <ele>1413.4</ele></trkpt>
      <trkpt lat="47.21650157886672" lon="9.346531502045112">
      <ele>1412.6</ele></trkpt>
      <trkpt lat="47.21646576207638" lon="9.346474378015959">
      <ele>1411.8</ele></trkpt>
      <trkpt lat="47.21644528872279" lon="9.34644314282593">
      <ele>1410.9</ele></trkpt>
      <trkpt lat="47.21643141171538" lon="9.346441155275965">
      <ele>1410.1</ele></trkpt>
      <trkpt lat="47.216416954043964" lon="9.346449777306335">
      <ele>1409.3</ele></trkpt>
      <trkpt lat="47.21640285989486" lon="9.34647392858993">
      <ele>1408.5</ele></trkpt>
      <trkpt lat="47.21638503381946" lon="9.346497959849954">
      <ele>1407.7</ele></trkpt>
      <trkpt lat="47.21636617872515" lon="9.346509158389672">
      <ele>1406.9</ele></trkpt>
      <trkpt lat="47.21635066163934" lon="9.34650678214695">
      <ele>1406.1</ele></trkpt>
      <trkpt lat="47.2163291188516" lon="9.346492306014154">
      <ele>1405.2</ele></trkpt>
      <trkpt lat="47.21630799971534" lon="9.346489729806164">
      <ele>1404.4</ele></trkpt>
      <trkpt lat="47.21627952322607" lon="9.346480486393208">
      <ele>1403.6</ele></trkpt>
      <trkpt lat="47.216249124810744" lon="9.34647483225577">
      <ele>1402.8</ele></trkpt>
      <trkpt lat="47.21622400173384" lon="9.346488553735554">
      <ele>1401.8</ele></trkpt>
      <trkpt lat="47.216172635813145" lon="9.346508640954344">
      <ele>1400.8</ele></trkpt>
      <trkpt lat="47.21613118470576" lon="9.346530917595398">
      <ele>1399.8</ele></trkpt>
      <trkpt lat="47.21609811399637" lon="9.346536128427578">
      <ele>1398.8</ele></trkpt>
      <trkpt lat="47.21608486704341" lon="9.346546615924638">
      <ele>1397.8</ele></trkpt>
      <trkpt lat="47.216070076540795" lon="9.346575324401616">
      <ele>1396.8</ele></trkpt>
      <trkpt lat="47.216059314286746" lon="9.346586811744933">
      <ele>1395.8</ele></trkpt>
      <trkpt lat="47.21603981464959" lon="9.34659889833889">
      <ele>1394.8</ele></trkpt>
      <trkpt lat="47.216029285259395" lon="9.34659578897263">
      <ele>1393.8</ele></trkpt>
      <trkpt lat="47.21601563144497" lon="9.34659227755661">
      <ele>1392.8</ele></trkpt>
      <trkpt lat="47.21599743205955" lon="9.346611686646021">
      <ele>1391.7</ele></trkpt>
      <trkpt lat="47.215983645445334" lon="9.34661944776485">
      <ele>1390.7</ele></trkpt>
      <trkpt lat="47.215984390480514" lon="9.346574484097971">
      <ele>1389.7</ele></trkpt>
      <trkpt lat="47.215963702846494" lon="9.346542607649234">
      <ele>1388.7</ele></trkpt>
      <trkpt lat="47.21592410179127" lon="9.346513502650382">
      <ele>1387.7</ele></trkpt>
      <trkpt lat="47.21588134229952" lon="9.34653274809952">
      <ele>1386.7</ele></trkpt>
      <trkpt lat="47.215838410926956" lon="9.3465623666748">
      <ele>1385.7</ele></trkpt>
      <trkpt lat="47.21580582033935" lon="9.346536971741665">
      <ele>1384.7</ele></trkpt>
      <trkpt lat="47.21576312712676" lon="9.346552759735983">
      <ele>1383.7</ele></trkpt>
      <trkpt lat="47.2157230675191" lon="9.346551329728747">
      <ele>1382.7</ele></trkpt>
      <trkpt lat="47.21565007356908" lon="9.34654525111301">
      <ele>1381.5</ele></trkpt>
      <trkpt lat="47.21562404387989" lon="9.346551241437481">
      <ele>1380.3</ele></trkpt>
      <trkpt lat="47.21555823204929" lon="9.346538512924228">
      <ele>1379.1</ele></trkpt>
      <trkpt lat="47.2154786286692" lon="9.346504520484402">
      <ele>1377.9</ele></trkpt>
      <trkpt lat="47.21542506373732" lon="9.346464551325653">
      <ele>1376.7</ele></trkpt>
      <trkpt lat="47.21536862727211" lon="9.346455617352703">
      <ele>1375.4</ele></trkpt>
      <trkpt lat="47.21527453540766" lon="9.34644187957239">
      <ele>1374.2</ele></trkpt>
      <trkpt lat="47.21514982580306" lon="9.346427035756882">
      <ele>1373.0</ele></trkpt>
      <trkpt lat="47.215076774328956" lon="9.346424428241694">
      <ele>1371.8</ele></trkpt>
      <trkpt lat="47.21502740539425" lon="9.346415759842126">
      <ele>1370.6</ele></trkpt>
      <trkpt lat="47.2149851619409" lon="9.346403859675213">
      <ele>1369.4</ele></trkpt>
      <trkpt lat="47.214940161114676" lon="9.346416105457775">
      <ele>1368.2</ele></trkpt>
      <trkpt lat="47.21489792643379" lon="9.346404218828">
      <ele>1367.0</ele></trkpt>
      <trkpt lat="47.214870768150654" lon="9.346401757288263">
      <ele>1365.8</ele></trkpt>
      <trkpt lat="47.21482793291414" lon="9.346379958737156">
      <ele>1364.5</ele></trkpt>
      <trkpt lat="47.21478419466839" lon="9.3463610726931">
      <ele>1363.3</ele></trkpt>
      <trkpt lat="47.21475026979026" lon="9.346350499519765">
      <ele>1362.1</ele></trkpt>
      <trkpt lat="47.2146796977905" lon="9.346341061248753">
      <ele>1360.9</ele></trkpt>
      <trkpt lat="47.21459722262818" lon="9.346338117520471">
      <ele>1359.7</ele></trkpt>
      <trkpt lat="47.21450331157934" lon="9.346314007565283">
      <ele>1358.5</ele></trkpt>
      <trkpt lat="47.214391922226326" lon="9.3462864216257">
      <ele>1358.0</ele></trkpt>
      <trkpt lat="47.214370107259604" lon="9.346200392561984">
      <ele>1357.5</ele></trkpt>
      <trkpt lat="47.214347924968735" lon="9.346137075985492">
      <ele>1357.0</ele></trkpt>
      <trkpt lat="47.21431615219974" lon="9.346067739130218">
      <ele>1356.5</ele></trkpt>
      <trkpt lat="47.21427272341909" lon="9.34600083864688">
      <ele>1356.0</ele></trkpt>
      <trkpt lat="47.21422542823153" lon="9.345933787098415">
      <ele>1355.5</ele></trkpt>
      <trkpt lat="47.21413820327556" lon="9.345822699015407">
      <ele>1355.0</ele></trkpt>
      <trkpt lat="47.214071792258935" lon="9.345740757396696">
      <ele>1354.5</ele></trkpt>
      <trkpt lat="47.21401127526662" lon="9.34565333502986">
      <ele>1354.0</ele></trkpt>
      <trkpt lat="47.21396256369394" lon="9.345554991179363">
      <ele>1353.5</ele></trkpt>
      <trkpt lat="47.21392782661705" lon="9.3454315552897">
      <ele>1353.1</ele></trkpt>
      <trkpt lat="47.21390685760033" lon="9.345294402424013">
      <ele>1352.6</ele></trkpt>
      <trkpt lat="47.21389760012673" lon="9.345151989389064">
      <ele>1352.1</ele></trkpt>
      <trkpt lat="47.213894712207434" lon="9.345092201043615">
      <ele>1351.6</ele></trkpt>
      <trkpt lat="47.213833018755636" lon="9.345075805478638">
      <ele>1351.1</ele></trkpt>
      <trkpt lat="47.21376371719338" lon="9.34502821320961">
      <ele>1350.6</ele></trkpt>
      <trkpt lat="47.21372197403547" lon="9.344980653232975">
      <ele>1350.1</ele></trkpt>
      <trkpt lat="47.213670420720035" lon="9.34491860125399">
      <ele>1349.6</ele></trkpt>
      <trkpt lat="47.21362904114467" lon="9.344857229142667">
      <ele>1349.1</ele></trkpt>
      <trkpt lat="47.213593429874216" lon="9.34478981704431">
      <ele>1348.6</ele></trkpt>
      <trkpt lat="47.213562984753516" lon="9.344717954441627">
      <ele>1348.9</ele></trkpt>
      <trkpt lat="47.213536521301336" lon="9.344639275068676">
      <ele>1349.3</ele></trkpt>
      <trkpt lat="47.21351283609272" lon="9.344556905116143">
      <ele>1349.6</ele></trkpt>
      <trkpt lat="47.21348471166144" lon="9.344445934208757">
      <ele>1349.9</ele></trkpt>
      <trkpt lat="47.21345271466461" lon="9.344293864658166">
      <ele>1350.2</ele></trkpt>
      <trkpt lat="47.21342857094996" lon="9.344181557025463">
      <ele>1350.6</ele></trkpt>
      <trkpt lat="47.21340008191053" lon="9.344089878621812">
      <ele>1350.9</ele></trkpt>
      <trkpt lat="47.213372220223505" lon="9.344013025023305">
      <ele>1351.2</ele></trkpt>
      <trkpt lat="47.21332778967984" lon="9.343921227513537">
      <ele>1351.5</ele></trkpt>
      <trkpt lat="47.2132937272538" lon="9.343831410681743">
      <ele>1351.9</ele></trkpt>
      <trkpt lat="47.21327365042092" lon="9.343756049672587">
      <ele>1352.2</ele></trkpt>
    </trkseg>
  </trk>
</gpx>