<?xml version='1.0' encoding='utf-8'?>
<gpx xmlns="http://www.topografix.com/GPX/1/1" xmlns:xsi="http://www.w3.org/2001/XMLSchema-instance" xsi:schemaLocation="http://www.topografix.com/GPX/1/1 http://www.topografix.com/GPX/1/1/gpx.xsd" version="1.1" creator="gpx.py -- https://github.com/tkrajina/gpxpy">
  <trk>
    <name>pointe-de-bellevue</name>
    <trkseg>
      <trkpt lat="46.27846291761321" lon="6.928036535256947">
      <ele>402.3</ele></trkpt>
      <trkpt lat="46.2784747325333" lon="6.927623045485005">
      <ele>402.5</ele></trkpt>
      <trkpt lat="46.27847779445894" lon="6.92756401115776">
      <ele>402.8</ele></trkpt>
      <trkpt lat="46.278483752956234" lon="6.927449187526464">
      <ele>403.0</ele></trkpt>
      <trkpt lat="46.278491625249586" lon="6.927329895818828">
      <ele>403.2</ele></trkpt>
      <trkpt lat="46.27850783529493" lon="6.927196397070823">
      <ele>403.4</ele></trkpt>
      <trkpt lat="46.278526494837905" lon="6.927093377028431">
      <ele>403.7</ele></trkpt>
      <trkpt lat="46.27855729565714" lon="6.9269817448122915">
      <ele>403.9</ele></trkpt>
      <trkpt lat="46.278597407144424" lon="6.926864173645332">
      <ele>404.1</ele></trkpt>
      <trkpt lat="46.27862927261315" lon="6.926787106843859">
      <ele>404.4</ele></trkpt>
      <trkpt lat="46.27866814523405" lon="6.926707937119339">
      <ele>404.6</ele></trkpt>
      <trkpt lat="46.27870154158152" lon="6.926657102156594">
      <ele>404.8</ele></trkpt>
      <trkpt lat="46.27872795804936" lon="6.92661441561685">
      <ele>405.1</ele></trkpt>
      <trkpt lat="46.27878925631325" lon="6.926537071527823">
      <ele>405.3</ele></trkpt>
      <trkpt lat="46.27880914249194" lon="6.926516411366394">
      <ele>405.5</ele></trkpt>
      <trkpt lat="46.2787713886601" lon="6.926437209866761">
      <ele>405.8</ele></trkpt>
      <trkpt lat="46.27876773077532" lon="6.926410128566859">
      <ele>406.0</ele></trkpt>
      <trkpt lat="46.278773529409165" lon="6.9263914303040615">
      <ele>406.2</ele></trkpt>
      <trkpt lat="46.278785200676104" lon="6.9263743633842285">
      <ele>406.4</ele></trkpt>
      <trkpt lat="46.27881212318166" lon="6.9263520800457945">
      <ele>406.7</ele></trkpt>
      <trkpt lat="46.27888467911194" lon="6.926283594629102">
      <ele>406.9</ele></trkpt>
      <trkpt lat="46.278899839577235" lon="6.926256336109597">
      <ele>407.9</ele></trkpt>
      <trkpt lat="46.27890790662709" lon="6.926224058528711">
      <ele>408.9</ele></trkpt>
      <trkpt lat="46.27890775316954" lon="6.926190158740799">
      <ele>409.9</ele></trkpt>
      <trkpt lat="46.278901742392165" lon="6.926158013712355">
      <ele>410.8</ele></trkpt>
      <trkpt lat="46.27888628275558" lon="6.926119185214397">
      <ele>411.8</ele></trkpt>
      <trkpt lat="46.27872266407464" lon="6.925798671943448">
      <ele>412.8</ele></trkpt>
      <trkpt lat="46.27864439023483" lon="6.925643487971426">
      <ele>413.8</ele></trkpt>
      <trkpt lat="46.27854118818296" lon="6.925432595694989">
      <ele>414.8</ele></trkpt>
      <trkpt lat="46.27847908042553" lon="6.925283617512829">
      <ele>415.8</ele></trkpt>
      <trkpt lat="46.278529734694295" lon="6.92520802038251">
      <ele>416.8</ele></trkpt>
      <trkpt lat="46.27851399907729" lon="6.925148086367334">
      <ele>417.7</ele></trkpt>
      <trkpt lat="46.278499380840145" lon="6.925072715793281">
      <ele>418.7</ele></trkpt>
      <trkpt lat="46.27849386565337" lon="6.924907998445217">
      <ele>419.7</ele></trkpt>
      <trkpt lat="46.278491921402086" lon="6.924743247409297">
      <ele>420.7</ele></trkpt>
      <trkpt lat="46.27849976796958" lon="6.924636747843856">
      <ele>421.7</ele></trkpt>
      <trkpt lat="46.27851481140601" lon="6.924542207134407">
      <ele>422.7</ele></trkpt>
      <trkpt lat="46.27853457437865" lon="6.924439045981798">
      <ele>423.6</ele></trkpt>
      <trkpt lat="46.27856844137292" lon="6.924297984193807">
      <ele>424.6</ele></trkpt>
      <trkpt lat="46.27861177193913" lon="6.924143106276557">
      <ele>425.6</ele></trkpt>
      <trkpt lat="46.27865987637416" lon="6.923991595130598">
      <ele>426.6</ele></trkpt>
      <trkpt lat="46.278757446696986" lon="6.923719048122803">
      <ele>428.2</ele></trkpt>
      <trkpt lat="46.2787715034603" lon="6.923674738533655">
      <ele>429.8</ele></trkpt>
      <trkpt lat="46.278638125153485" lon="6.923394516614581">
      <ele>431.4</ele></trkpt>
      <trkpt lat="46.27855394481034" lon="6.923201365501104">
      <ele>433.1</ele></trkpt>
      <trkpt lat="46.27854202379153" lon="6.923177307877977">
      <ele>434.7</ele></trkpt>
      <trkpt lat="46.27845523808426" lon="6.922992887651645">
      <ele>436.3</ele></trkpt>
      <trkpt lat="46.27844023291231" lon="6.9229572995446285">
      <ele>437.9</ele></trkpt>
      <trkpt lat="46.278399799929154" lon="6.922855305244757">
      <ele>439.5</ele></trkpt>
      <trkpt lat="46.27830182321137" lon="6.92258806278186">
      <ele>441.1</ele></trkpt>
      <trkpt lat="46.278272229879434" lon="6.9224900270446845">
      <ele>442.8</ele></trkpt>
      <trkpt lat="46.278243074724024" lon="6.922359876827585">
      <ele>444.4</ele></trkpt>
      <trkpt lat="46.27819192851543" lon="6.922106346056597">
      <ele>446.0</ele></trkpt>
      <trkpt lat="46.27817133636839" lon="6.922029294932613">
      <ele>447.6</ele></trkpt>
      <trkpt lat="46.27814721455331" lon="6.921957440984281">
      <ele>449.2</ele></trkpt>
      <trkpt lat="46.27811951364156" lon="6.9218838955568645">
      <ele>450.8</ele></trkpt>
      <trkpt lat="46.278055718974265" lon="6.921656122317822">
      <ele>452.4</ele></trkpt>
      <trkpt lat="46.278043138376994" lon="6.921594084042585">
      <ele>454.1</ele></trkpt>
      <trkpt lat="46.278036190165516" lon="6.921522430542574">
      <ele>455.7</ele></trkpt>
      <trkpt lat="46.27804361585296" lon="6.921426859371053">
      <ele>457.3</ele></trkpt>
      <trkpt lat="46.278055420439166" lon="6.921295425702734">
      <ele>458.9</ele></trkpt>
      <trkpt lat="46.2780523209381" lon="6.921203807773306">
      <ele>459.8</ele></trkpt>
      <trkpt lat="46.27803457945643" lon="6.921095190616307">
      <ele>460.7</ele></trkpt>
      <trkpt lat="46.278017993177194" lon="6.921022824476122">
      <ele>461.6</ele></trkpt>
      <trkpt lat="46.27800282949879" lon="6.920956646350171">
      <ele>462.4</ele></trkpt>
      <trkpt lat="46.27798199183258" lon="6.920896892399881">
      <ele>463.3</ele></trkpt>
      <trkpt lat="46.277932145448226" lon="6.920814139427759">
      <ele>464.2</ele></trkpt>
      <trkpt lat="46.27789792402819" lon="6.920741072078567">
      <ele>465.1</ele></trkpt>
      <trkpt lat="46.277823596557056" lon="6.920626117845599">
      <ele>466.0</ele></trkpt>
      <trkpt lat="46.277789036841575" lon="6.920575472713784">
      <ele>466.9</ele></trkpt>
      <trkpt lat="46.27775853984536" lon="6.920518198279883">
      <ele>467.8</ele></trkpt>
      <trkpt lat="46.277762674516204" lon="6.920460464436303">
      <ele>468.6</ele></trkpt>
      <trkpt lat="46.277779873787914" lon="6.920413153880174">
      <ele>469.5</ele></trkpt>
      <trkpt lat="46.277827768802695" lon="6.920374165591608">
      <ele>470.4</ele></trkpt>
      <trkpt lat="46.277833192059" lon="6.9203169253694545">
      <ele>471.3</ele></trkpt>
      <trkpt lat="46.27781301038927" lon="6.920278702124354">
      <ele>472.2</ele></trkpt>
      <trkpt lat="46.277737014957175" lon="6.920184639420132">
      <ele>473.1</ele></trkpt>
      <trkpt lat="46.27768534211703" lon="6.920127463217227">
      <ele>473.9</ele></trkpt>
      <trkpt lat="46.27762411792069" lon="6.920064877254835">
      <ele>474.8</ele></trkpt>
      <trkpt lat="46.27755532144467" lon="6.920010627872092">
      <ele>475.7</ele></trkpt>
      <trkpt lat="46.2775075253992" lon="6.919967128317695">
      <ele>476.6</ele></trkpt>
      <trkpt lat="46.27750361076903" lon="6.919945214062035">
      <ele>478.7</ele></trkpt>
      <trkpt lat="46.27751291039636" lon="6.91989569548381">
      <ele>480.8</ele></trkpt>
      <trkpt lat="46.27754706960977" lon="6.919870654904187">
      <ele>483.0</ele></trkpt>
      <trkpt lat="46.277609826966135" lon="6.919853580020484">
      <ele>485.1</ele></trkpt>
      <trkpt lat="46.27767260941149" lon="6.9198419797923565">
      <ele>487.2</ele></trkpt>
      <trkpt lat="46.27773536676386" lon="6.919824904836184">
      <ele>489.3</ele></trkpt>
      <trkpt lat="46.27776195728248" lon="6.919810938046023">
      <ele>491.4</ele></trkpt>
      <trkpt lat="46.2777790180011" lon="6.919794298673785">
      <ele>493.6</ele></trkpt>
      <trkpt lat="46.277788308567146" lon="6.919744779904932">
      <ele>495.7</ele></trkpt>
      <trkpt lat="46.277774684258254" lon="6.919679002890525">
      <ele>497.8</ele></trkpt>
      <trkpt lat="46.27773260383764" lon="6.919638212362298">
      <ele>499.9</ele></trkpt>
      <trkpt lat="46.2776734500426" lon="6.919611298010202">
      <ele>502.0</ele></trkpt>
      <trkpt lat="46.2775977772202" lon="6.919568090535812">
      <ele>504.2</ele></trkpt>
      <trkpt lat="46.27764202061403" lon="6.919297891974461">
      <ele>506.3</ele></trkpt>
      <trkpt lat="46.2776697342832" lon="6.919064099520652">
      <ele>508.4</ele></trkpt>
      <trkpt lat="46.277709355944424" lon="6.918876898723143">
      <ele>510.5</ele></trkpt>
      <trkpt lat="46.277879928708415" lon="6.9186054140713615">
      <ele>512.6</ele></trkpt>
      <trkpt lat="46.27818299458326" lon="6.918193840288824">
      <ele>514.8</ele></trkpt>
      <trkpt lat="46.27825689278697" lon="6.918027067445227">
      <ele>516.9</ele></trkpt>
      <trkpt lat="46.2783340307669" lon="6.917782419521185">
      <ele>519.0</ele></trkpt>
      <trkpt lat="46.27840727740308" lon="6.917474235778914">
      <ele>521.9</ele></trkpt>
      <trkpt lat="46.27844895840488" lon="6.917344096981457">
      <ele>524.8</ele></trkpt>
      <trkpt lat="46.2785525461463" lon="6.91717833508001">
      <ele>527.7</ele></trkpt>
      <trkpt lat="46.278738460832486" lon="6.9169183704119614">
      <ele>530.7</ele></trkpt>
      <trkpt lat="46.27888465757758" lon="6.916628944548247">
      <ele>533.6</ele></trkpt>
      <trkpt lat="46.279000114346836" lon="6.916208773753303">
      <ele>536.5</ele></trkpt>
      <trkpt lat="46.279115569556964" lon="6.915788601176072">
      <ele>539.4</ele></trkpt>
      <trkpt lat="46.27913796896496" lon="6.9157048325733745">
      <ele>542.3</ele></trkpt>
      <trkpt lat="46.27914111877353" lon="6.915615540279684">
      <ele>545.2</ele></trkpt>
      <trkpt lat="46.2791444361965" lon="6.915560588893426">
      <ele>548.1</ele></trkpt>
      <trkpt lat="46.27916071700269" lon="6.915534938231405">
      <ele>551.1</ele></trkpt>
      <trkpt lat="46.27920626901298" lon="6.915547980524567">
      <ele>554.0</ele></trkpt>
      <trkpt lat="46.27923364889667" lon="6.915551155506242">
      <ele>556.9</ele></trkpt>
      <trkpt lat="46.279272555471444" lon="6.915518008810418">
      <ele>559.8</ele></trkpt>
      <trkpt lat="46.27935132672995" lon="6.91543713605878">
      <ele>562.7</ele></trkpt>
      <trkpt lat="46.279414897092074" lon="6.915389791844208">
      <ele>565.6</ele></trkpt>
      <trkpt lat="46.27946096443107" lon="6.915341110812457">
      <ele>568.6</ele></trkpt>
      <trkpt lat="46.27949319857427" lon="6.915300723507298">
      <ele>571.5</ele></trkpt>
      <trkpt lat="46.27950184397476" lon="6.915281360681555">
      <ele>574.4</ele></trkpt>
      <trkpt lat="46.27952012405935" lon="6.915227017507218">
      <ele>577.3</ele></trkpt>
      <trkpt lat="46.279533240760266" lon="6.915172723961347">
      <ele>580.6</ele></trkpt>
      <trkpt lat="46.279552112488254" lon="6.915135449114527">
      <ele>583.8</ele></trkpt>
      <trkpt lat="46.27957456304687" lon="6.915095908244499">
      <ele>587.1</ele></trkpt>
      <trkpt lat="46.279591864744546" lon="6.91505566437228">
      <ele>590.3</ele></trkpt>
      <trkpt lat="46.279598973984704" lon="6.915034824214086">
      <ele>593.6</ele></trkpt>
      <trkpt lat="46.27962233213053" lon="6.914927017019878">
      <ele>596.8</ele></trkpt>
      <trkpt lat="46.27966783816911" lon="6.914885385833233">
      <ele>600.1</ele></trkpt>
      <trkpt lat="46.27974265495111" lon="6.914638245364038">
      <ele>603.3</ele></trkpt>
      <trkpt lat="46.279798274766414" lon="6.914410659752131">
      <ele>606.6</ele></trkpt>
      <trkpt lat="46.279778061343556" lon="6.91401650106191">
      <ele>609.8</ele></trkpt>
      <trkpt lat="46.27978353164248" lon="6.913964278720803">
      <ele>613.1</ele></trkpt>
      <trkpt lat="46.279790857943894" lon="6.9139010362766555">
      <ele>616.4</ele></trkpt>
      <trkpt lat="46.27981898552693" lon="6.913807402036521">
      <ele>619.6</ele></trkpt>
      <trkpt lat="46.27986599435703" lon="6.913680604890091">
      <ele>622.9</ele></trkpt>
      <trkpt lat="46.27989025297943" lon="6.9135732679352735">
      <ele>626.1</ele></trkpt>
      <trkpt lat="46.279893249705644" lon="6.913565752843471">
      <ele>629.4</ele></trkpt>
      <trkpt lat="46.279937308884165" lon="6.913454734608198">
      <ele>632.6</ele></trkpt>
      <trkpt lat="46.280014183587575" lon="6.913236880090347">
      <ele>635.9</ele></trkpt>
      <trkpt lat="46.2801698930947" lon="6.912878698127337">
      <ele>639.1</ele></trkpt>
      <trkpt lat="46.28031408147713" lon="6.9125464575455515">
      <ele>642.4</ele></trkpt>
      <trkpt lat="46.28020462054199" lon="6.912238764183645">
      <ele>646.2</ele></trkpt>
      <trkpt lat="46.279963328424046" lon="6.912370802526975">
      <ele>650.1</ele></trkpt>
      <trkpt lat="46.27987501673529" lon="6.912337923318608">
      <ele>653.9</ele></trkpt>
      <trkpt lat="46.27988840814863" lon="6.911929102927349">
      <ele>657.8</ele></trkpt>
      <trkpt lat="46.27989598455632" lon="6.911624133174448">
      <ele>661.6</ele></trkpt>
      <trkpt lat="46.27984035149737" lon="6.9114611957074334">
      <ele>665.5</ele></trkpt>
      <trkpt lat="46.279801924280136" lon="6.9113227430058">
      <ele>669.4</ele></trkpt>
      <trkpt lat="46.2797630253362" lon="6.911083095647567">
      <ele>673.2</ele></trkpt>
      <trkpt lat="46.279759601068506" lon="6.910927437430896">
      <ele>677.0</ele></trkpt>
      <trkpt lat="46.27989608120171" lon="6.910679601985919">
      <ele>680.9</ele></trkpt>
      <trkpt lat="46.28007706193893" lon="6.910522153895611">
      <ele>684.8</ele></trkpt>
      <trkpt lat="46.280151136527856" lon="6.910395583584831">
      <ele>688.6</ele></trkpt>
      <trkpt lat="46.2801597080997" lon="6.910304679721232">
      <ele>692.4</ele></trkpt>
      <trkpt lat="46.28014277150137" lon="6.910145259316394">
      <ele>696.3</ele></trkpt>
      <trkpt lat="46.28007738678814" lon="6.9100135557990985">
      <ele>700.1</ele></trkpt>
      <trkpt lat="46.27995267474959" lon="6.909891511055166">
      <ele>704.0</ele></trkpt>
      <trkpt lat="46.279879256371856" lon="6.9098156240266135">
      <ele>707.9</ele></trkpt>
      <trkpt lat="46.27978031124471" lon="6.909775119665675">
      <ele>711.7</ele></trkpt>
      <trkpt lat="46.27967070685932" lon="6.909806025602783">
      <ele>715.5</ele></trkpt>
      <trkpt lat="46.27957809674226" lon="6.90981600749801">
      <ele>719.4</ele></trkpt>
      <trkpt lat="46.279499715610974" lon="6.909790820692787">
      <ele>721.6</ele></trkpt>
      <trkpt lat="46.27942731604193" lon="6.909698109957474">
      <ele>723.8</ele></trkpt>
      <trkpt lat="46.27930934517913" lon="6.909478695517466">
      <ele>726.1</ele></trkpt>
      <trkpt lat="46.2792880917077" lon="6.9093582423579525">
      <ele>728.3</ele></trkpt>
      <trkpt lat="46.27928742436251" lon="6.90921553293962">
      <ele>730.5</ele></trkpt>
      <trkpt lat="46.27933841417108" lon="6.908962040277795">
      <ele>732.7</ele></trkpt>
      <trkpt lat="46.27935287453906" lon="6.908784153140619">
      <ele>734.9</ele></trkpt>
      <trkpt lat="46.27933636756903" lon="6.908524830136982">
      <ele>737.2</ele></trkpt>
      <trkpt lat="46.27933515216994" lon="6.9082653582593">
      <ele>739.4</ele></trkpt>
      <trkpt lat="46.279383380418864" lon="6.907998917193365">
      <ele>741.6</ele></trkpt>
      <trkpt lat="46.27942408119101" lon="6.90769467737069">
      <ele>743.8</ele></trkpt>
      <trkpt lat="46.27930690374857" lon="6.907789065996666">
      <ele>746.0</ele></trkpt>
      <trkpt lat="46.27920630633961" lon="6.907858693517323">
      <ele>748.3</ele></trkpt>
      <trkpt lat="46.27911717165715" lon="6.907936447573504">
      <ele>750.5</ele></trkpt>
      <trkpt lat="46.27904706349596" lon="6.908008540784582">
      <ele>752.7</ele></trkpt>
      <trkpt lat="46.27895605646502" lon="6.908091813636532">
      <ele>754.9</ele></trkpt>
      <trkpt lat="46.27888401923739" lon="6.908161161757713">
      <ele>757.1</ele></trkpt>
      <trkpt lat="46.27878535056753" lon="6.908233532722918">
      <ele>759.4</ele></trkpt>
      <trkpt lat="46.27868861847444" lon="6.908314123063848">
      <ele>761.6</ele></trkpt>
      <trkpt lat="46.27861287505703" lon="6.908402721173279">
      <ele>763.8</ele></trkpt>
      <trkpt lat="46.27856753868351" lon="6.908480072772076">
      <ele>764.3</ele></trkpt>
      <trkpt lat="46.278535498551165" lon="6.9085517678127735">
      <ele>764.8</ele></trkpt>
      <trkpt lat="46.278513126082316" lon="6.90865361098606">
      <ele>765.3</ele></trkpt>
      <trkpt lat="46.27849837637587" lon="6.90875810439301">
      <ele>765.8</ele></trkpt>
      <trkpt lat="46.27848740206368" lon="6.908854322511625">
      <ele>766.2</ele></trkpt>
      <trkpt lat="46.27848391443327" lon="6.908920264292846">
      <ele>766.7</ele></trkpt>
      <trkpt lat="46.278467009506095" lon="6.908969859692934">
      <ele>767.2</ele></trkpt>
      <trkpt lat="46.27845001466122" lon="6.9090002414813405">
      <ele>767.7</ele></trkpt>
      <trkpt lat="46.2784101329104" lon="6.90902259453057">
      <ele>768.2</ele></trkpt>
      <trkpt lat="46.27836828378799" lon="6.909033990726123">
      <ele>768.7</ele></trkpt>
      <trkpt lat="46.27828073033215" lon="6.909040330709264">
      <ele>769.2</ele></trkpt>
      <trkpt lat="46.278210313096764" lon="6.9090465039184705">
      <ele>769.7</ele></trkpt>
      <trkpt lat="46.27816279043915" lon="6.909066193692002">
      <ele>770.2</ele></trkpt>
      <trkpt lat="46.27811158733628" lon="6.909110634509897">
      <ele>770.7</ele></trkpt>
      <trkpt lat="46.27807371919474" lon="6.909157682997165">
      <ele>771.1</ele></trkpt>
      <trkpt lat="46.27804729317157" lon="6.909204620108473">
      <ele>771.6</ele></trkpt>
      <trkpt lat="46.27800575224556" lon="6.909281920338986">
      <ele>772.1</ele></trkpt>
      <trkpt lat="46.277948888305325" lon="6.909337391762098">
      <ele>772.6</ele></trkpt>
      <trkpt lat="46.27790540308027" lon="6.90940098433057">
      <ele>773.1</ele></trkpt>
      <trkpt lat="46.27788281152354" lon="6.909456122280084">
      <ele>773.6</ele></trkpt>
      <trkpt lat="46.27785838093578" lon="6.9095277548308465">
      <ele>774.2</ele></trkpt>
      <trkpt lat="46.27781865315702" lon="6.909583072236803">
      <ele>774.7</ele></trkpt>
      <trkpt lat="46.277769378662995" lon="6.9096302310127555">
      <ele>775.3</ele></trkpt>
      <trkpt lat="46.27773909476369" lon="6.90967171720732">
      <ele>775.8</ele></trkpt>
      <trkpt lat="46.277695686272075" lon="6.909751772259963">
      <ele>776.4</ele></trkpt>
      <trkpt lat="46.27762386614436" lon="6.909867807078928">
      <ele>777.0</ele></trkpt>
      <trkpt lat="46.27754466662533" lon="6.910033343286845">
      <ele>777.5</ele></trkpt>
      <trkpt lat="46.277504320597316" lon="6.910156674391164">
      <ele>778.1</ele></trkpt>
      <trkpt lat="46.27749712457455" lon="6.910176075149511">
      <ele>778.6</ele></trkpt>
      <trkpt lat="46.27746011372249" lon="6.910275826328956">
      <ele>779.2</ele></trkpt>
      <trkpt lat="46.27738086233324" lon="6.910430373203837">
      <ele>779.8</ele></trkpt>
      <trkpt lat="46.27729577059775" lon="6.910557523949704">
      <ele>780.3</ele></trkpt>
      <trkpt lat="46.27724465653525" lon="6.910621175814317">
      <ele>780.9</ele></trkpt>
      <trkpt lat="46.27719336314681" lon="6.910646388306035">
      <ele>781.4</ele></trkpt>
      <trkpt lat="46.27712497195367" lon="6.9106800048877925">
      <ele>782.0</ele></trkpt>
      <trkpt lat="46.27705846601209" lon="6.910710865659382">
      <ele>782.6</ele></trkpt>
      <trkpt lat="46.27701669872441" lon="6.910735985578884">
      <ele>783.1</ele></trkpt>
      <trkpt lat="46.27695567406526" lon="6.910794465779343">
      <ele>783.7</ele></trkpt>
      <trkpt lat="46.27694278750406" lon="6.910810846699215">
      <ele>784.2</ele></trkpt>
      <trkpt lat="46.27685929888314" lon="6.910874811854637">
      <ele>784.8</ele></trkpt>
      <trkpt lat="46.27678143789922" lon="6.910916757986388">
      <ele>785.3</ele></trkpt>
      <trkpt lat="46.276673138913104" lon="6.9109672373168705">
      <ele>785.8</ele></trkpt>
      <trkpt lat="46.27655713501511" lon="6.911001314770299">
      <ele>786.3</ele></trkpt>
      <trkpt lat="46.27646963267371" lon="6.911018639433968">
      <ele>786.8</ele></trkpt>
      <trkpt lat="46.27636504532315" lon="6.9110471181998445">
      <ele>787.3</ele></trkpt>
      <trkpt lat="46.27625659646961" lon="6.91106738317361">
      <ele>787.8</ele></trkpt>
      <trkpt lat="46.276125308372826" lon="6.91108788242442">
      <ele>788.3</ele></trkpt>
      <trkpt lat="46.27599386670256" lon="6.911075430663259">
      <ele>788.8</ele></trkpt>
      <trkpt lat="46.27587580735476" lon="6.911073824700699">
      <ele>789.3</ele></trkpt>
      <trkpt lat="46.2757501673043" lon="6.911080530291089">
      <ele>789.8</ele></trkpt>
      <trkpt lat="46.27567213469061" lon="6.911089524729162">
      <ele>790.4</ele></trkpt>
      <trkpt lat="46.27563984605476" lon="6.911106313797625">
      <ele>790.9</ele></trkpt>
      <trkpt lat="46.275596171658734" lon="6.911131451241732">
      <ele>791.4</ele></trkpt>
      <trkpt lat="46.27555445930429" lon="6.911170308334961">
      <ele>791.9</ele></trkpt>
      <trkpt lat="46.275488102888026" lon="6.911231354954954">
      <ele>792.4</ele></trkpt>
      <trkpt lat="46.27538960234094" lon="6.911342153904337">
      <ele>792.9</ele></trkpt>
      <trkpt lat="46.27534795384612" lon="6.9113947357487575">
      <ele>793.4</ele></trkpt>
      <trkpt lat="46.2752874884591" lon="6.911494177417299">
      <ele>793.9</ele></trkpt>
      <trkpt lat="46.275243929059485" lon="6.911544027232355">
      <ele>794.4</ele></trkpt>
      <trkpt lat="46.27518519534945" lon="6.911607749548956">
      <ele>794.9</ele></trkpt>
      <trkpt lat="46.27512448693433" lon="6.911655027883645">
      <ele>795.4</ele></trkpt>
      <trkpt lat="46.275060028285594" lon="6.9117160550545815">
      <ele>795.9</ele></trkpt>
      <trkpt lat="46.27501079505786" lon="6.911774197359282">
      <ele>796.4</ele></trkpt>
      <trkpt lat="46.27499670550374" lon="6.911783401981335">
      <ele>796.9</ele></trkpt>
      <trkpt lat="46.27495767107536" lon="6.911815901332095">
      <ele>797.4</ele></trkpt>
      <trkpt lat="46.274932966895435" lon="6.911827128701035">
      <ele>797.9</ele></trkpt>
      <trkpt lat="46.27491394544526" lon="6.9118300631194485">
      <ele>798.4</ele></trkpt>
      <trkpt lat="46.27489868165124" lon="6.911824710257371">
      <ele>798.9</ele></trkpt>
      <trkpt lat="46.27487958352182" lon="6.9118111695545394">
      <ele>799.4</ele></trkpt>
      <trkpt lat="46.27486992957715" lon="6.9117837989109665">
      <ele>799.8</ele></trkpt>
      <trkpt lat="46.27486790377878" lon="6.911756367404824">
      <ele>800.3</ele></trkpt>
      <trkpt lat="46.27487917454496" lon="6.911723306571818">
      <ele>800.8</ele></trkpt>
      <trkpt lat="46.274899975169006" lon="6.911692890787638">
      <ele>801.3</ele></trkpt>
      <trkpt lat="46.27495311191011" lon="6.911653936920185">
      <ele>801.8</ele></trkpt>
      <trkpt lat="46.27503465933469" lon="6.911584493385195">
      <ele>802.3</ele></trkpt>
      <trkpt lat="46.27508386309913" lon="6.911518113205528">
      <ele>802.8</ele></trkpt>
      <trkpt lat="46.27512533643983" lon="6.911429844192462">
      <ele>803.3</ele></trkpt>
      <trkpt lat="46.27519507200124" lon="6.911275384423153">
      <ele>803.8</ele></trkpt>
      <trkpt lat="46.27526644951023" lon="6.9110660057042494">
      <ele>804.3</ele></trkpt>
      <trkpt lat="46.27530608845158" lon="6.910991479501231">
      <ele>804.8</ele></trkpt>
      <trkpt lat="46.275375989878185" lon="6.910872719397765">
      <ele>805.7</ele></trkpt>
      <trkpt lat="46.27543836174245" lon="6.910773258381387">
      <ele>806.6</ele></trkpt>
      <trkpt lat="46.27551415436207" lon="6.910692893335938">
      <ele>807.5</ele></trkpt>
      <trkpt lat="46.2755842898807" lon="6.91062630869014">
      <ele>808.4</ele></trkpt>
      <trkpt lat="46.275692524618215" lon="6.910562091573381">
      <ele>809.3</ele></trkpt>
      <trkpt lat="46.275739936066714" lon="6.9105204412406">
      <ele>810.2</ele></trkpt>
      <trkpt lat="46.27581579255357" lon="6.9104538005746186">
      <ele>811.1</ele></trkpt>
      <trkpt lat="46.275893470139984" lon="6.910370665875649">
      <ele>812.0</ele></trkpt>
      <trkpt lat="46.27599193134526" lon="6.910251639387582">
      <ele>812.9</ele></trkpt>
      <trkpt lat="46.276054469283736" lon="6.910187864744137">
      <ele>813.8</ele></trkpt>
      <trkpt lat="46.27609414611173" lon="6.910121574565022">
      <ele>814.8</ele></trkpt>
      <trkpt lat="46.27612622949011" lon="6.910060858767164">
      <ele>815.7</ele></trkpt>
      <trkpt lat="46.276154405150734" lon="6.909978203870285">
      <ele>816.6</ele></trkpt>
      <trkpt lat="46.2762203760211" lon="6.909834764385629">
      <ele>817.5</ele></trkpt>
      <trkpt lat="46.27628073347113" lon="6.909710605769648">
      <ele>818.4</ele></trkpt>
      <trkpt lat="46.276335545569246" lon="6.909622203769979">
      <ele>819.3</ele></trkpt>
      <trkpt lat="46.27639612863115" lon="6.909550208838735">
      <ele>820.2</ele></trkpt>
      <trkpt lat="46.276471813846044" lon="6.909445127189828">
      <ele>821.1</ele></trkpt>
      <trkpt lat="46.2765437182463" lon="6.909351057614742">
      <ele>822.0</ele></trkpt>
      <trkpt lat="46.27667034956843" lon="6.909146621395347">
      <ele>822.9</ele></trkpt>
      <trkpt lat="46.276717597348835" lon="6.909072017823215">
      <ele>823.7</ele></trkpt>
      <trkpt lat="46.276789288140826" lon="6.908928520072833">
      <ele>824.5</ele></trkpt>
      <trkpt lat="46.27683077233727" lon="6.908842996595968">
      <ele>825.4</ele></trkpt>
      <trkpt lat="46.27686460774521" lon="6.908749296250209">
      <ele>826.2</ele></trkpt>
      <trkpt lat="46.27691539925438" lon="6.9086169768925245">
      <ele>827.0</ele></trkpt>
      <trkpt lat="46.27693981133479" lon="6.9085453583228755">
      <ele>827.9</ele></trkpt>
      <trkpt lat="46.276971877101936" lon="6.908479139999942">
      <ele>828.7</ele></trkpt>
      <trkpt lat="46.277022784130885" lon="6.9083715467482785">
      <ele>829.5</ele></trkpt>
      <trkpt lat="46.27707558908498" lon="6.908263934798584">
      <ele>830.3</ele></trkpt>
      <trkpt lat="46.27711334098429" lon="6.908192159893167">
      <ele>831.1</ele></trkpt>
      <trkpt lat="46.27716810039739" lon="6.908092766815745">
      <ele>832.0</ele></trkpt>
      <trkpt lat="46.27720585998202" lon="6.908026492433262">
      <ele>832.8</ele></trkpt>
      <trkpt lat="46.2772398234733" lon="6.907960254973563">
      <ele>833.6</ele></trkpt>
      <trkpt lat="46.277273735465364" lon="6.90788304218715">
      <ele>834.4</ele></trkpt>
      <trkpt lat="46.27731129395902" lon="6.9077700771301105">
      <ele>835.3</ele></trkpt>
      <trkpt lat="46.277352480978095" lon="6.907621385827577">
      <ele>836.1</ele></trkpt>
      <trkpt lat="46.277401076791364" lon="6.907425929550674">
      <ele>836.9</ele></trkpt>
      <trkpt lat="46.27742726232163" lon="6.90732407666601">
      <ele>837.8</ele></trkpt>
      <trkpt lat="46.277472262800195" lon="6.907175347463983">
      <ele>838.6</ele></trkpt>
      <trkpt lat="46.27755313687429" lon="6.906963098349397">
      <ele>839.4</ele></trkpt>
      <trkpt lat="46.27761719696584" lon="6.906819683132333">
      <ele>840.0</ele></trkpt>
      <trkpt lat="46.277673930622356" lon="6.906736745161785">
      <ele>840.6</ele></trkpt>
      <trkpt lat="46.277709925518025" lon="6.906695201553378">
      <ele>841.2</ele></trkpt>
      <trkpt lat="46.2777516790458" lon="6.906667340864499">
      <ele>841.8</ele></trkpt>
      <trkpt lat="46.27778971382272" lon="6.906655967287204">
      <ele>842.4</ele></trkpt>
      <trkpt lat="46.27782380565844" lon="6.9066172055656105">
      <ele>842.9</ele></trkpt>
      <trkpt lat="46.27783508779103" lon="6.90658687922532">
      <ele>843.5</ele></trkpt>
      <trkpt lat="46.27783494577114" lon="6.906556664563421">
      <ele>844.1</ele></trkpt>
      <trkpt lat="46.27782340545601" lon="6.906532062248944">
      <ele>844.7</ele></trkpt>
      <trkpt lat="46.277798589556944" lon="6.906521329025718">
      <ele>845.3</ele></trkpt>
      <trkpt lat="46.27775477027219" lon="6.906513519093501">
      <ele>845.9</ele></trkpt>
      <trkpt lat="46.27771860767927" lon="6.906519373566051">
      <ele>846.5</ele></trkpt>
      <trkpt lat="46.277669256955846" lon="6.906550046098595">
      <ele>847.1</ele></trkpt>
      <trkpt lat="46.27760666947839" lon="6.9066028515049025">
      <ele>847.7</ele></trkpt>
      <trkpt lat="46.277515611787614" lon="6.90667512326395">
      <ele>848.2</ele></trkpt>
      <trkpt lat="46.27744357555426" lon="6.906744497369803">
      <ele>848.8</ele></trkpt>
      <trkpt lat="46.27739047527646" lon="6.906788945359189">
      <ele>849.4</ele></trkpt>
      <trkpt lat="46.277343004638915" lon="6.906819625037065">
      <ele>850.0</ele></trkpt>
      <trkpt lat="46.27728801916416" lon="6.906866828741544">
      <ele>850.6</ele></trkpt>
      <trkpt lat="46.27722168190658" lon="6.906933383230667">
      <ele>851.2</ele></trkpt>
      <trkpt lat="46.27717814135171" lon="6.90698873914071">
      <ele>851.9</ele></trkpt>
      <trkpt lat="46.277147992474156" lon="6.907054939877813">
      <ele>852.6</ele></trkpt>
      <trkpt lat="46.27710084921028" lon="6.907151522153719">
      <ele>853.3</ele></trkpt>
      <trkpt lat="46.27707057907183" lon="6.907195746531437">
      <ele>854.0</ele></trkpt>
      <trkpt lat="46.27701937664487" lon="6.907240175243385">
      <ele>854.7</ele></trkpt>
      <trkpt lat="46.27696812268099" lon="6.9072736286899">
      <ele>855.3</ele></trkpt>
      <trkpt lat="46.27694544203948" lon="6.907309566498464">
      <ele>856.0</ele></trkpt>
      <trkpt lat="46.27692663979191" lon="6.907359179524506">
      <ele>856.7</ele></trkpt>
      <trkpt lat="46.27689449735984" lon="6.907408922728318">
      <ele>857.4</ele></trkpt>
      <trkpt lat="46.27684721201975" lon="6.9074752901317105">
      <ele>858.1</ele></trkpt>
      <trkpt lat="46.276797868857805" lon="6.907511462028394">
      <ele>858.8</ele></trkpt>
      <trkpt lat="46.276748595289924" lon="6.907558634767649">
      <ele>859.5</ele></trkpt>
      <trkpt lat="46.276705054308465" lon="6.907613963750247">
      <ele>860.2</ele></trkpt>
      <trkpt lat="46.276648242730815" lon="6.907680423680028">
      <ele>860.9</ele></trkpt>
      <trkpt lat="46.27657822484765" lon="6.907771726866536">
      <ele>861.5</ele></trkpt>
      <trkpt lat="46.27650243819987" lon="6.907854847897642">
      <ele>862.2</ele></trkpt>
      <trkpt lat="46.27646082604786" lon="6.907912920938065">
      <ele>862.9</ele></trkpt>
      <trkpt lat="46.27643242017643" lon="6.907946150615084">
      <ele>863.6</ele></trkpt>
      <trkpt lat="46.27636226056851" lon="6.908007265195149">
      <ele>864.3</ele></trkpt>
      <trkpt lat="46.276295755236305" lon="6.908038102854032">
      <ele>865.0</ele></trkpt>
      <trkpt lat="46.27626347100919" lon="6.908057657232393">
      <ele>865.8</ele></trkpt>
      <trkpt lat="46.27621217819402" lon="6.908082871685095">
      <ele>866.6</ele></trkpt>
      <trkpt lat="46.27618183563624" lon="6.908107881868599">
      <ele>867.5</ele></trkpt>
      <trkpt lat="46.276132530880396" lon="6.908152290496299">
      <ele>868.3</ele></trkpt>
      <trkpt lat="46.2760870659285" lon="6.908202162346142">
      <ele>869.1</ele></trkpt>
      <trkpt lat="46.27603395225529" lon="6.908243870542734">
      <ele>870.0</ele></trkpt>
      <trkpt lat="46.2759656389729" lon="6.908293964870249">
      <ele>870.8</ele></trkpt>
      <trkpt lat="46.275855562735956" lon="6.908371917612215">
      <ele>871.6</ele></trkpt>
      <trkpt lat="46.2757682447436" lon="6.908430434827528">
      <ele>872.4</ele></trkpt>
      <trkpt lat="46.27567524940582" lon="6.90849450784157">
      <ele>873.2</ele></trkpt>
      <trkpt lat="46.27557470309429" lon="6.90857513025646">
      <ele>874.1</ele></trkpt>
      <trkpt lat="46.275476008419304" lon="6.908641995653823">
      <ele>874.9</ele></trkpt>
      <trkpt lat="46.275413419850224" lon="6.908694770580106">
      <ele>875.7</ele></trkpt>
      <trkpt lat="46.275364037797566" lon="6.908722715759209">
      <ele>876.5</ele></trkpt>
      <trkpt lat="46.275324053289125" lon="6.908723105067195">
      <ele>877.4</ele></trkpt>
      <trkpt lat="46.27529569861771" lon="6.908767321445659">
      <ele>878.2</ele></trkpt>
      <trkpt lat="46.275271183659775" lon="6.908816988069592">
      <ele>879.0</ele></trkpt>
      <trkpt lat="46.275216102316094" lon="6.908847725888377">
      <ele>879.9</ele></trkpt>
      <trkpt lat="46.275176156363095" lon="6.908856352706197">
      <ele>880.7</ele></trkpt>
      <trkpt lat="46.27513051120865" lon="6.908867785301095">
      <ele>881.5</ele></trkpt>
      <trkpt lat="46.275079218215495" lon="6.908892998464934">
      <ele>883.3</ele></trkpt>
      <trkpt lat="46.27505647270956" lon="6.908915183422324">
      <ele>885.2</ele></trkpt>
      <trkpt lat="46.27501856229264" lon="6.908951254525556">
      <ele>887.0</ele></trkpt>
      <trkpt lat="46.27495026150792" lon="6.909004084237858">
      <ele>888.8</ele></trkpt>
      <trkpt lat="46.27487237942157" lon="6.909043294456607">
      <ele>890.7</ele></trkpt>
      <trkpt lat="46.274769767620086" lon="6.909088219823845">
      <ele>892.5</ele></trkpt>
      <trkpt lat="46.27467851580133" lon="6.909119321962141">
      <ele>894.3</ele></trkpt>
      <trkpt lat="46.27462140787965" lon="6.909122614883957">
      <ele>896.2</ele></trkpt>
      <trkpt lat="46.27454145172814" lon="6.9091261430604005">
      <ele>898.0</ele></trkpt>
      <trkpt lat="46.27447103836932" lon="6.909135065975914">
      <ele>899.9</ele></trkpt>
      <trkpt lat="46.27446081287468" lon="6.90897606430178">
      <ele>901.7</ele></trkpt>
      <trkpt lat="46.27455258092388" lon="6.908874591226654">
      <ele>903.5</ele></trkpt>
      <trkpt lat="46.27453638340583" lon="6.9087774121564145">
      <ele>905.4</ele></trkpt>
      <trkpt lat="46.274448010617064" lon="6.908645247140898">
      <ele>907.2</ele></trkpt>
      <trkpt lat="46.27436890931653" lon="6.9085681404779065">
      <ele>909.0</ele></trkpt>
      <trkpt lat="46.27438452730962" lon="6.908426284233037">
      <ele>910.9</ele></trkpt>
      <trkpt lat="46.274461371206655" lon="6.908344090994238">
      <ele>912.7</ele></trkpt>
      <trkpt lat="46.2745409928598" lon="6.9082691742773275">
      <ele>914.5</ele></trkpt>
      <trkpt lat="46.274574969316326" lon="6.908205677402012">
      <ele>916.4</ele></trkpt>
      <trkpt lat="46.27461656878679" lon="6.908144869407526">
      <ele>918.2</ele></trkpt>
      <trkpt lat="46.274629600072984" lon="6.908078839225339">
      <ele>920.4</ele></trkpt>
      <trkpt lat="46.274610380494586" lon="6.908043324720432">
      <ele>922.7</ele></trkpt>
      <trkpt lat="46.274555098561315" lon="6.9080273878842675">
      <ele>924.9</ele></trkpt>
      <trkpt lat="46.27445026228926" lon="6.908006446616232">
      <ele>927.2</ele></trkpt>
      <trkpt lat="46.27425783911099" lon="6.9079808588434135">
      <ele>929.4</ele></trkpt>
      <trkpt lat="46.27413411017312" lon="6.907990303006703">
      <ele>931.7</ele></trkpt>
      <trkpt lat="46.27404083188776" lon="6.907993962700883">
      <ele>933.9</ele></trkpt>
      <trkpt lat="46.27392842407144" lon="6.907981320333967">
      <ele>936.2</ele></trkpt>
      <trkpt lat="46.27379505831894" lon="6.907963407810666">
      <ele>938.4</ele></trkpt>
      <trkpt lat="46.27377586443324" lon="6.907933381160355">
      <ele>940.7</ele></trkpt>
      <trkpt lat="46.273796647364385" lon="6.907897490158141">
      <ele>942.9</ele></trkpt>
      <trkpt lat="46.27389693565271" lon="6.907761957395324">
      <ele>945.1</ele></trkpt>
      <trkpt lat="46.274001135764884" lon="6.907651099369357">
      <ele>947.4</ele></trkpt>
      <trkpt lat="46.27411677281643" lon="6.9075428795802924">
      <ele>949.6</ele></trkpt>
      <trkpt lat="46.27423247932061" lon="6.907445646758324">
      <ele>951.9</ele></trkpt>
      <trkpt lat="46.27435366067053" lon="6.907301670254293">
      <ele>954.1</ele></trkpt>
      <trkpt lat="46.27443146095295" lon="6.9072432456706">
      <ele>956.4</ele></trkpt>
      <trkpt lat="46.27446925871306" lon="6.907185211527005">
      <ele>958.6</ele></trkpt>
      <trkpt lat="46.274480528143776" lon="6.907152149990182">
      <ele>960.9</ele></trkpt>
      <trkpt lat="46.27445752513509" lon="6.907119423136612">
      <ele>963.1</ele></trkpt>
      <trkpt lat="46.274400378651386" lon="6.907114493631876">
      <ele>964.8</ele></trkpt>
      <trkpt lat="46.27427263454739" lon="6.907077302217924">
      <ele>966.6</ele></trkpt>
      <trkpt lat="46.27411822804039" lon="6.907040358421459">
      <ele>968.3</ele></trkpt>
      <trkpt lat="46.27405518895318" lon="6.906997047797412">
      <ele>970.0</ele></trkpt>
      <trkpt lat="46.27403979599845" lon="6.906964246925496">
      <ele>971.8</ele></trkpt>
      <trkpt lat="46.274050949275455" lon="6.90690647331081">
      <ele>973.5</ele></trkpt>
      <trkpt lat="46.27408682812442" lon="6.906840220272142">
      <ele>975.2</ele></trkpt>
      <trkpt lat="46.274101867664214" lon="6.90680162152941">
      <ele>976.9</ele></trkpt>
      <trkpt lat="46.2740979426316" lon="6.906774209144091">
      <ele>978.7</ele></trkpt>
      <trkpt lat="46.27408261410651" lon="6.906755133044912">
      <ele>980.4</ele></trkpt>
      <trkpt lat="46.27405401504128" lon="6.9067471747164255">
      <ele>982.1</ele></trkpt>
      <trkpt lat="46.27401217122366" lon="6.906755821439579">
      <ele>983.9</ele></trkpt>
      <trkpt lat="46.2739759827781" lon="6.9067561750861355">
      <ele>985.6</ele></trkpt>
      <trkpt lat="46.27395301836572" lon="6.906731686119321">
      <ele>987.3</ele></trkpt>
      <trkpt lat="46.27395283773311" lon="6.906693249168588">
      <ele>989.1</ele></trkpt>
      <trkpt lat="46.27396978037572" lon="6.906651894594784">
      <ele>990.8</ele></trkpt>
      <trkpt lat="46.2740229243139" lon="6.90661292341242">
      <ele>992.5</ele></trkpt>
      <trkpt lat="46.27404371462942" lon="6.906582519214694">
      <ele>994.2</ele></trkpt>
      <trkpt lat="46.274032174321846" lon="6.90655791860823">
      <ele>996.0</ele></trkpt>
      <trkpt lat="46.27397686638529" lon="6.906536496161199">
      <ele>997.7</ele></trkpt>
      <trkpt lat="46.27383187750496" lon="6.906480249192089">
      <ele>1002.1</ele></trkpt>
      <trkpt lat="46.273431944146765" lon="6.906375434596099">
      <ele>1006.5</ele></trkpt>
      <trkpt lat="46.27303201069862" lon="6.90627062153925">
      <ele>1010.8</ele></trkpt>
      <trkpt lat="46.2728006361904" lon="6.906354248963543">
      <ele>1015.2</ele></trkpt>
      <trkpt lat="46.2725692616227" lon="6.906437875676355">
      <ele>1019.6</ele></trkpt>
      <trkpt lat="46.27222608681589" lon="6.906363584338912">
      <ele>1024.0</ele></trkpt>
      <trkpt lat="46.271882911965584" lon="6.906289293937373">
      <ele>1028.3</ele></trkpt>
      <trkpt lat="46.27168945063667" lon="6.906416058075234">
      <ele>1032.7</ele></trkpt>
      <trkpt lat="46.271518256438014" lon="6.906453444845929">
      <ele>1037.1</ele></trkpt>
      <trkpt lat="46.27142718599891" lon="6.906522971735265">
      <ele>1041.5</ele></trkpt>
      <trkpt lat="46.27128684627468" lon="6.906642417309304">
      <ele>1045.8</ele></trkpt>
      <trkpt lat="46.27121471967128" lon="6.90669254654916">
      <ele>1050.2</ele></trkpt>
      <trkpt lat="46.27116720250436" lon="6.906709485679718">
      <ele>1054.6</ele></trkpt>
      <trkpt lat="46.271134673256604" lon="6.9066768541063395">
      <ele>1059.0</ele></trkpt>
      <trkpt lat="46.271115161481035" lon="6.9065754463090805">
      <ele>1063.3</ele></trkpt>
      <trkpt lat="46.27109343668021" lon="6.906410911437815">
      <ele>1067.7</ele></trkpt>
      <trkpt lat="46.27107342104842" lon="6.9062024360455565">
      <ele>1072.1</ele></trkpt>
      <trkpt lat="46.271059741125775" lon="6.906128433650863">
      <ele>1076.5</ele></trkpt>
      <trkpt lat="46.27100637371794" lon="6.906117955333917">
      <ele>1080.8</ele></trkpt>
      <trkpt lat="46.2708865752563" lon="6.906152076704978">
      <ele>1085.2</ele></trkpt>
      <trkpt lat="46.270656491542994" lon="6.906217488824441">
      <ele>1087.8</ele></trkpt>
      <trkpt lat="46.270582324998436" lon="6.9062374259756165">
      <ele>1090.3</ele></trkpt>
      <trkpt lat="46.27058978010675" lon="6.906204403912649">
      <ele>1092.9</ele></trkpt>
      <trkpt lat="46.27066159645719" lon="6.906088379262285">
      <ele>1095.4</ele></trkpt>
      <trkpt lat="46.27072021470716" lon="6.906002695564897">
      <ele>1098.0</ele></trkpt>
      <trkpt lat="46.27073897370201" lon="6.905942113716782">
      <ele>1100.5</ele></trkpt>
      <trkpt lat="46.270710322811404" lon="6.905923156441988">
      <ele>1103.1</ele></trkpt>
      <trkpt lat="46.270598014318395" lon="6.905929755781104">
      <ele>1105.6</ele></trkpt>
      <trkpt lat="46.270371494197484" lon="6.905945710105403">
      <ele>1108.2</ele></trkpt>
      <trkpt lat="46.27026484600408" lon="6.905941253684132">
      <ele>1110.8</ele></trkpt>
      <trkpt lat="46.270211414047736" lon="6.905917064916715">
      <ele>1113.3</ele></trkpt>
      <trkpt lat="46.27021883928593" lon="6.9058758060966925">
      <ele>1115.9</ele></trkpt>
      <trkpt lat="46.27031524647683" lon="6.905726592079102">
      <ele>1118.4</ele></trkpt>
      <trkpt lat="46.270417430237615" lon="6.905591058373769">
      <ele>1121.0</ele></trkpt>
      <trkpt lat="46.270504475146396" lon="6.905474884108276">
      <ele>1123.5</ele></trkpt>
      <trkpt lat="46.27054029635458" lon="6.905400397722177">
      <ele>1126.1</ele></trkpt>
      <trkpt lat="46.27053824309622" lon="6.905367468723421">
      <ele>1128.6</ele></trkpt>
      <trkpt lat="46.27046398618958" lon="6.90536819623409">
      <ele>1131.2</ele></trkpt>
      <trkpt lat="46.270342086894495" lon="6.905361153254213">
      <ele>1133.7</ele></trkpt>
      <trkpt lat="46.270115511129426" lon="6.90536337307663">
      <ele>1136.3</ele></trkpt>
      <trkpt lat="46.269978434354165" lon="6.905367453127975">
      <ele>1138.7</ele></trkpt>
      <trkpt lat="46.269957380568" lon="6.905345684904999">
      <ele>1141.2</ele></trkpt>
      <trkpt lat="46.26998370658839" lon="6.905274055251739">
      <ele>1143.6</ele></trkpt>
      <trkpt lat="46.270074452643186" lon="6.905135870590369">
      <ele>1146.0</ele></trkpt>
      <trkpt lat="46.27020485940143" lon="6.904928661713965">
      <ele>1148.5</ele></trkpt>
      <trkpt lat="46.27026522839946" lon="6.90481001135944">
      <ele>1150.9</ele></trkpt>
      <trkpt lat="46.270272601348296" lon="6.904757752575834">
      <ele>1153.3</ele></trkpt>
      <trkpt lat="46.270215454833675" lon="6.904752838899233">
      <ele>1155.8</ele></trkpt>
      <trkpt lat="46.270055542712925" lon="6.9047598815604925">
      <ele>1158.2</ele></trkpt>
      <trkpt lat="46.269884310223134" lon="6.904789035616696">
      <ele>1160.7</ele></trkpt>
      <trkpt lat="46.269798668034795" lon="6.904798112737756">
      <ele>1163.1</ele></trkpt>
      <trkpt lat="46.26977748466938" lon="6.9047488975123334">
      <ele>1165.5</ele></trkpt>
      <trkpt lat="46.2697829376564" lon="6.904693920948605">
      <ele>1168.0</ele></trkpt>
      <trkpt lat="46.26977892539718" lon="6.904650037413351">
      <ele>1170.4</ele></trkpt>
      <trkpt lat="46.26973505814122" lon="6.904633993447673">
      <ele>1172.8</ele></trkpt>
      <trkpt lat="46.26965505031005" lon="6.904626541222204">
      <ele>1175.3</ele></trkpt>
      <trkpt lat="46.269615026962626" lon="6.904618696738655">
      <ele>1177.7</ele></trkpt>
      <trkpt lat="46.26961283888525" lon="6.904561058233088">
      <ele>1180.1</ele></trkpt>
      <trkpt lat="46.269637253343205" lon="6.9044866843976695">
      <ele>1182.6</ele></trkpt>
      <trkpt lat="46.26964455243279" lon="6.904420715619553">
      <ele>1185.0</ele></trkpt>
      <trkpt lat="46.26963681265905" lon="6.904393317143126">
      <ele>1189.3</ele></trkpt>
      <trkpt lat="46.26955297785004" lon="6.904383165784641">
      <ele>1193.6</ele></trkpt>
      <trkpt lat="46.26936066553079" lon="6.904385053347465">
      <ele>1197.9</ele></trkpt>
      <trkpt lat="46.26918724990964" lon="6.9043538071271975">
      <ele>1202.2</ele></trkpt>
      <trkpt lat="46.26900603772813" lon="6.9042869524141">
      <ele>1206.5</ele></trkpt>
      <trkpt lat="46.26888605831719" lon="6.904282630223669">
      <ele>1210.9</ele></trkpt>
      <trkpt lat="46.26872808821799" lon="6.904295155013245">
      <ele>1215.2</ele></trkpt>
      <trkpt lat="46.26866144141909" lon="6.904295809256563">
      <ele>1219.5</ele></trkpt>
      <trkpt lat="46.268636539564774" lon="6.904263105741609">
      <ele>1223.8</ele></trkpt>
      <trkpt lat="46.268592261398844" lon="6.904161959596683">
      <ele>1228.1</ele></trkpt>
      <trkpt lat="46.268599275044295" lon="6.904035598927684">
      <ele>1232.4</ele></trkpt>
      <trkpt lat="46.26862344262241" lon="6.9039090437671184">
      <ele>1236.7</ele></trkpt>
      <trkpt lat="46.26862126723862" lon="6.903854169170673">
      <ele>1241.0</ele></trkpt>
      <trkpt lat="46.268584966985735" lon="6.903827051900097">
      <ele>1245.3</ele></trkpt>
      <trkpt lat="46.26851448521669" lon="6.903819507420707">
      <ele>1249.7</ele></trkpt>
      <trkpt lat="46.26839635196063" lon="6.903804194200572">
      <ele>1254.0</ele></trkpt>
      <trkpt lat="46.268331608248815" lon="6.903802093341294">
      <ele>1258.3</ele></trkpt>
      <trkpt lat="46.26828395676166" lon="6.903794324605652">
      <ele>1262.6</ele></trkpt>
      <trkpt lat="46.26825716967147" lon="6.903764377067466">
      <ele>1266.9</ele></trkpt>
      <trkpt lat="46.26827411123971" lon="6.903723025910887">
      <ele>1271.2</ele></trkpt>
      <trkpt lat="46.268332714632436" lon="6.903634580611019">
      <ele>1273.7</ele></trkpt>
      <trkpt lat="46.268389368048396" lon="6.90353518033066">
      <ele>1276.2</ele></trkpt>
      <trkpt lat="46.26840999379451" lon="6.903466344903716">
      <ele>1278.7</ele></trkpt>
      <trkpt lat="46.26840985094192" lon="6.903436135482528">
      <ele>1281.2</ele></trkpt>
      <trkpt lat="46.268337505145794" lon="6.903439609752236">
      <ele>1283.7</ele></trkpt>
      <trkpt lat="46.26825387794141" lon="6.903473379729181">
      <ele>1286.2</ele></trkpt>
      <trkpt lat="46.26815504347987" lon="6.903510036096137">
      <ele>1288.7</ele></trkpt>
      <trkpt lat="46.26805053588003" lon="6.903554985001078">
      <ele>1291.2</ele></trkpt>
      <trkpt lat="46.267879407469735" lon="6.903606088461637">
      <ele>1293.7</ele></trkpt>
      <trkpt lat="46.267786331975486" lon="6.903656424486087">
      <ele>1296.2</ele></trkpt>
      <trkpt lat="46.26770096240288" lon="6.90372315831082">
      <ele>1298.6</ele></trkpt>
      <trkpt lat="46.26760785298819" lon="6.903762520502278">
      <ele>1301.1</ele></trkpt>
      <trkpt lat="46.26753946386896" lon="6.903796139806783">
      <ele>1303.6</ele></trkpt>
      <trkpt lat="46.26748996633733" lon="6.903799389047126">
      <ele>1306.1</ele></trkpt>
      <trkpt lat="46.26746312233292" lon="6.903761205688227">
      <ele>1308.6</ele></trkpt>
      <trkpt lat="46.267457046846886" lon="6.9036843711681275">
      <ele>1311.1</ele></trkpt>
      <trkpt lat="46.26747546314456" lon="6.903549664165091">
      <ele>1313.6</ele></trkpt>
      <trkpt lat="46.26752814664185" lon="6.903417357096516">
      <ele>1316.1</ele></trkpt>
      <trkpt lat="46.2676113582471" lon="6.9032957233299665">
      <ele>1318.6</ele></trkpt>
      <trkpt lat="46.267717231173144" lon="6.903138181888835">
      <ele>1321.1</ele></trkpt>
      <trkpt lat="46.26773799962766" lon="6.9030995562089315">
      <ele>1321.9</ele></trkpt>
      <trkpt lat="46.267724430535566" lon="6.9030475056684475">
      <ele>1322.7</ele></trkpt>
      <trkpt lat="46.267632777665476" lon="6.902993512495368">
      <ele>1323.5</ele></trkpt>
      <trkpt lat="46.2675222283662" lon="6.902972626820463">
      <ele>1324.3</ele></trkpt>
      <trkpt lat="46.26738520375254" lon="6.902987711881896">
      <ele>1325.1</ele></trkpt>
      <trkpt lat="46.26728449745383" lon="6.903029886803948">
      <ele>1325.9</ele></trkpt>
      <trkpt lat="46.26719911517931" lon="6.903093858237549">
      <ele>1326.7</ele></trkpt>
      <trkpt lat="46.267121459992445" lon="6.903182489688337">
      <ele>1327.5</ele></trkpt>
      <trkpt lat="46.267081852223235" lon="6.90326250992889">
      <ele>1328.3</ele></trkpt>
      <trkpt lat="46.267050075153435" lon="6.903389110679586">
      <ele>1329.1</ele></trkpt>
      <trkpt lat="46.26701870534221" lon="6.903598074747783">
      <ele>1329.9</ele></trkpt>
      <trkpt lat="46.266991027482376" lon="6.903785054945146">
      <ele>1330.7</ele></trkpt>
      <trkpt lat="46.26697617851732" lon="6.903867568249626">
      <ele>1331.5</ele></trkpt>
      <trkpt lat="46.26695729995582" lon="6.903900700664727">
      <ele>1332.3</ele></trkpt>
      <trkpt lat="46.26693084526586" lon="6.9039449070825105">
      <ele>1333.1</ele></trkpt>
      <trkpt lat="46.26690651392053" lon="6.904032987237267">
      <ele>1333.9</ele></trkpt>
      <trkpt lat="46.266897519514174" lon="6.9041456528398495">
      <ele>1334.7</ele></trkpt>
      <trkpt lat="46.26690001386615" lon="6.904271916205932">
      <ele>1335.5</ele></trkpt>
      <trkpt lat="46.26690066197213" lon="6.904409197301714">
      <ele>1336.3</ele></trkpt>
      <trkpt lat="46.26688695237277" lon="6.904479713704689">
      <ele>1337.1</ele></trkpt>
      <trkpt lat="46.266856251469754" lon="6.904701226074348">
      <ele>1337.1</ele></trkpt>
      <trkpt lat="46.26682249790616" lon="6.904910730840383">
      <ele>1337.1</ele></trkpt>
      <trkpt lat="46.266816998817184" lon="6.905028446564377">
      <ele>1337.1</ele></trkpt>
      <trkpt lat="46.2668143975732" lon="6.905117817722787">
      <ele>1337.0</ele></trkpt>
      <trkpt lat="46.26680427088708" lon="6.905213787132038">
      <ele>1337.0</ele></trkpt>
      <trkpt lat="46.26679402988711" lon="6.905283607686127">
      <ele>1337.0</ele></trkpt>
      <trkpt lat="46.26678974260215" lon="6.905335936595274">
      <ele>1337.0</ele></trkpt>
      <trkpt lat="46.26679293067073" lon="6.905372964078259">
      <ele>1337.0</ele></trkpt>
      <trkpt lat="46.26680367345603" lon="6.905407712457058">
      <ele>1337.0</ele></trkpt>
      <trkpt lat="46.26682204300602" lon="6.905455474091293">
      <ele>1336.9</ele></trkpt>
      <trkpt lat="46.26684050739659" lon="6.905527192654753">
      <ele>1336.9</ele></trkpt>
      <trkpt lat="46.26684374533079" lon="6.905572910406115">
      <ele>1336.9</ele></trkpt>
      <trkpt lat="46.26684098972291" lon="6.905629595639136">
      <ele>1336.9</ele></trkpt>
      <trkpt lat="46.2668171794947" lon="6.90570826565793">
      <ele>1336.9</ele></trkpt>
      <trkpt lat="46.26676642244334" lon="6.905839512204547">
      <ele>1336.9</ele></trkpt>
      <trkpt lat="46.266709529235776" lon="6.905953372314177">
      <ele>1336.9</ele></trkpt>
      <trkpt lat="46.26668416533982" lon="6.906021174386755">
      <ele>1336.8</ele></trkpt>
      <trkpt lat="46.266657506633194" lon="6.906136904551692">
      <ele>1336.8</ele></trkpt>
      <trkpt lat="46.266635309848986" lon="6.906237362820655">
      <ele>1336.8</ele></trkpt>
      <trkpt lat="46.266598021105295" lon="6.90634230095069">
      <ele>1336.8</ele></trkpt>
      <trkpt lat="46.266556165468586" lon="6.906436413767995">
      <ele>1336.7</ele></trkpt>
      <trkpt lat="46.26651578249698" lon="6.906526153743964">
      <ele>1336.5</ele></trkpt>
      <trkpt lat="46.26646042930537" lon="6.9066443558502915">
      <ele>1336.4</ele></trkpt>
      <trkpt lat="46.26644254161605" lon="6.9066989963765435">
      <ele>1336.2</ele></trkpt>
      <trkpt lat="46.2664322894593" lon="6.906766637140819">
      <ele>1336.1</ele></trkpt>
      <trkpt lat="46.266429594690294" lon="6.906836396165172">
      <ele>1336.0</ele></trkpt>
      <trkpt lat="46.266426366376805" lon="6.906963012770851">
      <ele>1335.8</ele></trkpt>
      <trkpt lat="46.26643368168222" lon="6.907062961566351">
      <ele>1335.7</ele></trkpt>
      <trkpt lat="46.26643562267799" lon="6.907154453810096">
      <ele>1335.5</ele></trkpt>
      <trkpt lat="46.26642097082211" lon="6.907252645476892">
      <ele>1335.4</ele></trkpt>
      <trkpt lat="46.26640469525179" lon="6.907326908278023">
      <ele>1335.3</ele></trkpt>
      <trkpt lat="46.26638230301176" lon="6.907385950772243">
      <ele>1335.1</ele></trkpt>
      <trkpt lat="46.26634939230073" lon="6.9074559915765175">
      <ele>1335.0</ele></trkpt>
      <trkpt lat="46.266282000755844" lon="6.907587397626615">
      <ele>1334.8</ele></trkpt>
      <trkpt lat="46.26623255839715" lon="6.907677198711048">
      <ele>1334.7</ele></trkpt>
      <trkpt lat="46.26621164659393" lon="6.907729701991769">
      <ele>1334.6</ele></trkpt>
      <trkpt lat="46.26618026739752" lon="6.907804098675847">
      <ele>1334.4</ele></trkpt>
      <trkpt lat="46.26615797710237" lon="6.907884931090286">
      <ele>1334.3</ele></trkpt>
      <trkpt lat="46.26613863773569" lon="6.907950493697518">
      <ele>1334.1</ele></trkpt>
      <trkpt lat="46.26611491661984" lon="6.908046593873226">
      <ele>1334.0</ele></trkpt>
      <trkpt lat="46.266087959685315" lon="6.908099142843078">
      <ele>1333.6</ele></trkpt>
      <trkpt lat="46.26605191379155" lon="6.908145255911528">
      <ele>1333.3</ele></trkpt>
      <trkpt lat="46.265978333520515" lon="6.908246199910522">
      <ele>1332.9</ele></trkpt>
      <trkpt lat="46.265907784665494" lon="6.90834712707581">
      <ele>1332.5</ele></trkpt>
      <trkpt lat="46.26585828045291" lon="6.908423852708235">
      <ele>1332.2</ele></trkpt>
      <trkpt lat="46.26581931520555" lon="6.908493951169087">
      <ele>1331.8</ele></trkpt>
      <trkpt lat="46.26578485309247" lon="6.9085574942596235">
      <ele>1331.4</ele></trkpt>
      <trkpt lat="46.26574593757692" lon="6.9086363085212925">
      <ele>1331.1</ele></trkpt>
      <trkpt lat="46.26567860581467" lon="6.9087807727850015">
      <ele>1330.7</ele></trkpt>
      <trkpt lat="46.26563222702574" lon="6.908881450509456">
      <ele>1330.3</ele></trkpt>
      <trkpt lat="46.26559633379529" lon="6.908960247879579">
      <ele>1330.0</ele></trkpt>
      <trkpt lat="46.26555590677465" lon="6.909039076282808">
      <ele>1329.6</ele></trkpt>
      <trkpt lat="46.265522884088476" lon="6.9090873250038385">
      <ele>1329.3</ele></trkpt>
      <trkpt lat="46.26547782141857" lon="6.909144420183164">
      <ele>1328.9</ele></trkpt>
      <trkpt lat="46.265437252757025" lon="6.9091949212692">
      <ele>1328.5</ele></trkpt>
      <trkpt lat="46.26537557794919" lon="6.909256536028377">
      <ele>1328.2</ele></trkpt>
      <trkpt lat="46.26529583735706" lon="6.90932922181741">
      <ele>1327.8</ele></trkpt>
      <trkpt lat="46.26518593449277" lon="6.909417441337727">
      <ele>1327.4</ele></trkpt>
      <trkpt lat="46.26500523710881" lon="6.909554288597195">
      <ele>1327.1</ele></trkpt>
      <trkpt lat="46.26488325445645" lon="6.909644803661338">
      <ele>1326.7</ele></trkpt>
      <trkpt lat="46.26480047079906" lon="6.909713159626674">
      <ele>1327.2</ele></trkpt>
      <trkpt lat="46.26479889846975" lon="6.909700100418486">
      <ele>1327.6</ele></trkpt>
      <trkpt lat="46.264786728384564" lon="6.909684965106755">
      <ele>1328.1</ele></trkpt>
      <trkpt lat="46.26477007310694" lon="6.909676397653328">
      <ele>1328.5</ele></trkpt>
      <trkpt lat="46.26474586301474" lon="6.909670108636482">
      <ele>1329.0</ele></trkpt>
      <trkpt lat="46.264721722904994" lon="6.909676867470633">
      <ele>1329.5</ele></trkpt>
      <trkpt lat="46.264696063884884" lon="6.909685846075993">
      <ele>1329.9</ele></trkpt>
      <trkpt lat="46.264626749970844" lon="6.909727909019205">
      <ele>1330.4</ele></trkpt>
      <trkpt lat="46.26456498085614" lon="6.909765553383354">
      <ele>1330.8</ele></trkpt>
      <trkpt lat="46.26452124816544" lon="6.909787768956962">
      <ele>1331.3</ele></trkpt>
      <trkpt lat="46.26446241102993" lon="6.90980795215891">
      <ele>1331.8</ele></trkpt>
      <trkpt lat="46.26437793272888" lon="6.9098370876838775">
      <ele>1332.2</ele></trkpt>
      <trkpt lat="46.26429346703328" lon="6.909872773148387">
      <ele>1332.7</ele></trkpt>
      <trkpt lat="46.26421356317243" lon="6.909910593252128">
      <ele>1333.1</ele></trkpt>
      <trkpt lat="46.26410958379923" lon="6.909974782731063">
      <ele>1333.6</ele></trkpt>
      <trkpt lat="46.26400252880754" lon="6.910023774427476">
      <ele>1334.1</ele></trkpt>
      <trkpt lat="46.26396178674138" lon="6.910037231364431">
      <ele>1334.5</ele></trkpt>
      <trkpt lat="46.26392254578177" lon="6.910048507630333">
      <ele>1335.0</ele></trkpt>
      <trkpt lat="46.26385156785562" lon="6.910057900024887">
      <ele>1335.4</ele></trkpt>
      <trkpt lat="46.26377455526702" lon="6.91006954299942">
      <ele>1335.9</ele></trkpt>
      <trkpt lat="46.263726245834214" lon="6.910078741184705">
      <ele>1336.7</ele></trkpt>
      <trkpt lat="46.2636779668702" lon="6.91009446319522">
      <ele>1337.5</ele></trkpt>
      <trkpt lat="46.26371577250187" lon="6.910001227634513">
      <ele>1338.4</ele></trkpt>
      <trkpt lat="46.26374061422061" lon="6.9099270547381515">
      <ele>1339.2</ele></trkpt>
      <trkpt lat="46.263806044778015" lon="6.909856702918726">
      <ele>1340.0</ele></trkpt>
      <trkpt lat="46.263860639776546" lon="6.90979307114779">
      <ele>1340.8</ele></trkpt>
      <trkpt lat="46.263863314218" lon="6.90975899761283">
      <ele>1341.6</ele></trkpt>
      <trkpt lat="46.26385771226436" lon="6.909736418523096">
      <ele>1342.5</ele></trkpt>
      <trkpt lat="46.2638424427148" lon="6.90971253255631">
      <ele>1343.3</ele></trkpt>
      <trkpt lat="46.26382133855614" lon="6.909708677844807">
      <ele>1344.1</ele></trkpt>
      <trkpt lat="46.263784759607994" lon="6.909714013916675">
      <ele>1344.9</ele></trkpt>
      <trkpt lat="46.26370990426328" lon="6.909738749539413">
      <ele>1345.7</ele></trkpt>
      <trkpt lat="46.263586871711944" lon="6.909795198910753">
      <ele>1346.6</ele></trkpt>
      <trkpt lat="46.26350212362643" lon="6.909841678045867">
      <ele>1347.4</ele></trkpt>
      <trkpt lat="46.26343399216737" lon="6.909880758161446">
      <ele>1348.2</ele></trkpt>
      <trkpt lat="46.26336915541802" lon="6.909912620590289">
      <ele>1349.0</ele></trkpt>
      <trkpt lat="46.26334090304934" lon="6.909924905552179">
      <ele>1349.8</ele></trkpt>
      <trkpt lat="46.26332257045269" lon="6.909925083600923">
      <ele>1350.7</ele></trkpt>
      <trkpt lat="46.26329419914194" lon="6.9099157610797475">
      <ele>1351.5</ele></trkpt>
      <trkpt lat="46.263274110379626" lon="6.909894334604189">
      <ele>1352.3</ele></trkpt>
      <trkpt lat="46.263253866687805" lon="6.909841677043262">
      <ele>1353.3</ele></trkpt>
      <trkpt lat="46.26322855204119" lon="6.90977227218637">
      <ele>1354.2</ele></trkpt>
      <trkpt lat="46.263194952361864" lon="6.90971252000169">
      <ele>1355.2</ele></trkpt>
      <trkpt lat="46.26315121296861" lon="6.909621672782463">
      <ele>1356.2</ele></trkpt>
      <trkpt lat="46.263119367277866" lon="6.9095811387122055">
      <ele>1357.2</ele></trkpt>
      <trkpt lat="46.263082610063435" lon="6.909559887396117">
      <ele>1358.1</ele></trkpt>
      <trkpt lat="46.263044177359276" lon="6.909536226946612">
      <ele>1359.1</ele></trkpt>
      <trkpt lat="46.26300415915495" lon="6.909529404409916">
      <ele>1360.1</ele></trkpt>
      <trkpt lat="46.2629492220693" lon="6.909537149837125">
      <ele>1361.0</ele></trkpt>
      <trkpt lat="46.26290768801778" lon="6.90956398692284">
      <ele>1362.0</ele></trkpt>
      <trkpt lat="46.26287952770699" lon="6.909597879524318">
      <ele>1363.0</ele></trkpt>
      <trkpt lat="46.26282336658909" lon="6.909701720363914">
      <ele>1363.9</ele></trkpt>
      <trkpt lat="46.26277048881829" lon="6.909795931118433">
      <ele>1364.9</ele></trkpt>
      <trkpt lat="46.26270829720547" lon="6.909929908058213">
      <ele>1365.9</ele></trkpt>
      <trkpt lat="46.26260791878346" lon="6.910100584985702">
      <ele>1366.8</ele></trkpt>
      <trkpt lat="46.26252798190966" lon="6.910175654253975">
      <ele>1367.8</ele></trkpt>
      <trkpt lat="46.26248259120214" lon="6.910201140271514">
      <ele>1368.8</ele></trkpt>
      <trkpt lat="46.262452781539615" lon="6.91018238943601">
      <ele>1369.8</ele></trkpt>
      <trkpt lat="46.262409601779765" lon="6.910124611529892">
      <ele>1370.7</ele></trkpt>
      <trkpt lat="46.26236649652664" lon="6.910061606025446">
      <ele>1371.7</ele></trkpt>
      <trkpt lat="46.26227701508577" lon="6.910040360787751">
      <ele>1373.3</ele></trkpt>
      <trkpt lat="46.26217575539006" lon="6.9100358576497936">
      <ele>1375.0</ele></trkpt>
      <trkpt lat="46.262126293206485" lon="6.910017816643811">
      <ele>1376.6</ele></trkpt>
      <trkpt lat="46.26204685250084" lon="6.909979548137155">
      <ele>1378.3</ele></trkpt>
      <trkpt lat="46.26168305488282" lon="6.909931680895863">
      <ele>1379.9</ele></trkpt>
      <trkpt lat="46.26134359856135" lon="6.909906638352985">
      <ele>1381.6</ele></trkpt>
      <trkpt lat="46.26124306074423" lon="6.909906460466429">
      <ele>1383.2</ele></trkpt>
      <trkpt lat="46.261228109283394" lon="6.909900587657281">
      <ele>1384.9</ele></trkpt>
      <trkpt lat="46.26120146630624" lon="6.909895360167208">
      <ele>1386.5</ele></trkpt>
      <trkpt lat="46.26111961317922" lon="6.909864469821098">
      <ele>1388.2</ele></trkpt>
      <trkpt lat="46.261070273502874" lon="6.909855325434371">
      <ele>1389.8</ele></trkpt>
      <trkpt lat="46.261014604520824" lon="6.909843129785408">
      <ele>1391.4</ele></trkpt>
      <trkpt lat="46.26095262298501" lon="6.909829542859921">
      <ele>1393.1</ele></trkpt>
      <trkpt lat="46.260857464946156" lon="6.909825577563911">
      <ele>1394.7</ele></trkpt>
      <trkpt lat="46.26073303422984" lon="6.909835009041343">
      <ele>1396.4</ele></trkpt>
      <trkpt lat="46.260620202249825" lon="6.909814315874727">
      <ele>1398.0</ele></trkpt>
      <trkpt lat="46.26053216244741" lon="6.909853250110204">
      <ele>1399.7</ele></trkpt>
      <trkpt lat="46.26045109106289" lon="6.909835646538893">
      <ele>1401.3</ele></trkpt>
      <trkpt lat="46.260323791607895" lon="6.909762502065109">
      <ele>1403.0</ele></trkpt>
      <trkpt lat="46.26026924752631" lon="6.909731152560606">
      <ele>1404.6</ele></trkpt>
      <trkpt lat="46.26015913916163" lon="6.909692690891528">
      <ele>1405.6</ele></trkpt>
      <trkpt lat="46.260055839874425" lon="6.909688714203998">
      <ele>1406.5</ele></trkpt>
      <trkpt lat="46.25988734303006" lon="6.909674035598929">
      <ele>1407.5</ele></trkpt>
      <trkpt lat="46.25980045399376" lon="6.909655075350404">
      <ele>1408.4</ele></trkpt>
      <trkpt lat="46.259623293735096" lon="6.90958834376152">
      <ele>1409.4</ele></trkpt>
      <trkpt lat="46.259534110580326" lon="6.909505855655109">
      <ele>1410.4</ele></trkpt>
      <trkpt lat="46.25949509295061" lon="6.909497545336688">
      <ele>1411.3</ele></trkpt>
      <trkpt lat="46.25939920589436" lon="6.9095242864599955">
      <ele>1412.3</ele></trkpt>
      <trkpt lat="46.259327458328464" lon="6.909521054023841">
      <ele>1413.2</ele></trkpt>
      <trkpt lat="46.25927562000876" lon="6.909537393472346">
      <ele>1414.2</ele></trkpt>
      <trkpt lat="46.25916898271735" lon="6.909587168749096">
      <ele>1415.2</ele></trkpt>
      <trkpt lat="46.25911722386436" lon="6.9096108868839705">
      <ele>1416.1</ele></trkpt>
      <trkpt lat="46.259078599349124" lon="6.909625087537208">
      <ele>1417.1</ele></trkpt>
      <trkpt lat="46.259060115860876" lon="6.909654564905516">
      <ele>1418.0</ele></trkpt>
      <trkpt lat="46.2590151766" lon="6.909716943124489">
      <ele>1419.0</ele></trkpt>
      <trkpt lat="46.2589819129774" lon="6.909767587300019">
      <ele>1420.0</ele></trkpt>
      <trkpt lat="46.258940256240265" lon="6.909816302692992">
      <ele>1420.9</ele></trkpt>
      <trkpt lat="46.258902687882724" lon="6.909842839683056">
      <ele>1421.9</ele></trkpt>
      <trkpt lat="46.25886089936935" lon="6.909863360958687">
      <ele>1422.8</ele></trkpt>
      <trkpt lat="46.258820186624895" lon="6.909863834194153">
      <ele>1423.8</ele></trkpt>
      <trkpt lat="46.25878267352043" lon="6.90985406952459">
      <ele>1424.2</ele></trkpt>
      <trkpt lat="46.258744860623466" lon="6.909828277753821">
      <ele>1424.6</ele></trkpt>
      <trkpt lat="46.25871261494414" lon="6.909798385529448">
      <ele>1425.0</ele></trkpt>
      <trkpt lat="46.25867891900213" lon="6.909758456250897">
      <ele>1425.4</ele></trkpt>
      <trkpt lat="46.25865498263707" lon="6.90971642197204">
      <ele>1425.8</ele></trkpt>
      <trkpt lat="46.25863377752116" lon="6.909658253384178">
      <ele>1426.2</ele></trkpt>
      <trkpt lat="46.25862787191275" lon="6.909591895237853">
      <ele>1426.6</ele></trkpt>
      <trkpt lat="46.258629059189055" lon="6.909547606681996">
      <ele>1427.0</ele></trkpt>
      <trkpt lat="46.25863583211639" lon="6.909501240633849">
      <ele>1427.4</ele></trkpt>
      <trkpt lat="46.25865783828018" lon="6.909430590721643">
      <ele>1427.8</ele></trkpt>
      <trkpt lat="46.25867718757908" lon="6.909388135816739">
      <ele>1428.3</ele></trkpt>
      <trkpt lat="46.258746389247285" lon="6.909258652228572">
      <ele>1428.7</ele></trkpt>
      <trkpt lat="46.258808751561304" lon="6.909159414373645">
      <ele>1429.1</ele></trkpt>
      <trkpt lat="46.25882955195281" lon="6.909131029797812">
      <ele>1429.5</ele></trkpt>
      <trkpt lat="46.25884202472919" lon="6.909112790375567">
      <ele>1429.9</ele></trkpt>
      <trkpt lat="46.25885168970833" lon="6.9090885475291115">
      <ele>1430.3</ele></trkpt>
      <trkpt lat="46.25885299879514" lon="6.909068406436834">
      <ele>1430.7</ele></trkpt>
      <trkpt lat="46.25884900908873" lon="6.909042441792991">
      <ele>1431.1</ele></trkpt>
      <trkpt lat="46.25883067689932" lon="6.909017719066756">
      <ele>1431.5</ele></trkpt>
      <trkpt lat="46.258807652018476" lon="6.909005194237027">
      <ele>1431.9</ele></trkpt>
      <trkpt lat="46.25878822495291" lon="6.9090079381769876">
      <ele>1432.3</ele></trkpt>
      <trkpt lat="46.25877238971676" lon="6.9090208280616245">
      <ele>1432.7</ele></trkpt>
      <trkpt lat="46.25875481813858" lon="6.909041373735429">
      <ele>1433.1</ele></trkpt>
      <trkpt lat="46.258714397641775" lon="6.909085071320764">
      <ele>1433.5</ele></trkpt>
      <trkpt lat="46.25866874429789" lon="6.909146652467246">
      <ele>1434.0</ele></trkpt>
      <trkpt lat="46.25863176941445" lon="6.909175025650502">
      <ele>1434.4</ele></trkpt>
      <trkpt lat="46.25860356544651" lon="6.9091880227634865">
      <ele>1434.8</ele></trkpt>
      <trkpt lat="46.25855777809542" lon="6.909219049487536">
      <ele>1435.2</ele></trkpt>
      <trkpt lat="46.258529529390046" lon="6.909224408120636">
      <ele>1435.6</ele></trkpt>
      <trkpt lat="46.25850657317167" lon="6.909224631349408">
      <ele>1436.0</ele></trkpt>
      <trkpt lat="46.25848175243843" lon="6.9092070400380505">
      <ele>1436.4</ele></trkpt>
      <trkpt lat="46.25843915754817" lon="6.909166705006694">
      <ele>1436.8</ele></trkpt>
      <trkpt lat="46.258405440849124" lon="6.9091339225468875">
      <ele>1437.2</ele></trkpt>
      <trkpt lat="46.25838417913739" lon="6.909121393586578">
      <ele>1437.6</ele></trkpt>
      <trkpt lat="46.25835587989875" lon="6.909114029974146">
      <ele>1438.0</ele></trkpt>
      <trkpt lat="46.258318762048276" lon="6.909111849027589">
      <ele>1438.5</ele></trkpt>
      <trkpt lat="46.25830109511568" lon="6.909112020858619">
      <ele>1438.9</ele></trkpt>
      <trkpt lat="46.25827996152663" lon="6.909124949159551">
      <ele>1439.3</ele></trkpt>
      <trkpt lat="46.25825526002736" lon="6.909132841208675">
      <ele>1439.7</ele></trkpt>
      <trkpt lat="46.25822878341694" lon="6.9091381826219935">
      <ele>1440.1</ele></trkpt>
      <trkpt lat="46.25819691325004" lon="6.909123214924157">
      <ele>1440.8</ele></trkpt>
      <trkpt lat="46.25816851867054" lon="6.909095477743612">
      <ele>1441.4</ele></trkpt>
      <trkpt lat="46.258088624055105" lon="6.9090121889847484">
      <ele>1442.1</ele></trkpt>
      <trkpt lat="46.258021098090985" lon="6.908928793098741">
      <ele>1442.8</ele></trkpt>
      <trkpt lat="46.25796413286337" lon="6.908837655857532">
      <ele>1443.4</ele></trkpt>
      <trkpt lat="46.257914202163484" lon="6.908738811552532">
      <ele>1444.1</ele></trkpt>
      <trkpt lat="46.257833922656566" lon="6.908571487932891">
      <ele>1444.8</ele></trkpt>
      <trkpt lat="46.25777139921875" lon="6.908426908182839">
      <ele>1445.5</ele></trkpt>
      <trkpt lat="46.257707061868395" lon="6.908269623813">
      <ele>1446.1</ele></trkpt>
      <trkpt lat="46.25768559411027" lon="6.908211238879855">
      <ele>1446.8</ele></trkpt>
      <trkpt lat="46.25766422785621" lon="6.908178350099455">
      <ele>1447.5</ele></trkpt>
      <trkpt lat="46.25764295114194" lon="6.908160725004545">
      <ele>1448.1</ele></trkpt>
      <trkpt lat="46.257628251233314" lon="6.908164395804363">
      <ele>1448.8</ele></trkpt>
      <trkpt lat="46.2576217818537" lon="6.9081660151195825">
      <ele>1449.5</ele></trkpt>
      <trkpt lat="46.257609484880625" lon="6.908181425394536">
      <ele>1450.2</ele></trkpt>
      <trkpt lat="46.25759545156083" lon="6.908204478354271">
      <ele>1450.8</ele></trkpt>
      <trkpt lat="46.257583333601985" lon="6.908258080579987">
      <ele>1451.5</ele></trkpt>
      <trkpt lat="46.25757835466807" lon="6.908324348801195">
      <ele>1452.2</ele></trkpt>
      <trkpt lat="46.25756816692455" lon="6.9084136098977185">
      <ele>1452.8</ele></trkpt>
      <trkpt lat="46.25755826538273" lon="6.908563978081331">
      <ele>1453.5</ele></trkpt>
      <trkpt lat="46.25754631132403" lon="6.908650688431827">
      <ele>1453.9</ele></trkpt>
      <trkpt lat="46.25749536892968" lon="6.908791080721801">
      <ele>1454.3</ele></trkpt>
      <trkpt lat="46.25739194313351" lon="6.909048327874188">
      <ele>1454.7</ele></trkpt>
      <trkpt lat="46.257349124406545" lon="6.9091658539535805">
      <ele>1455.1</ele></trkpt>
      <trkpt lat="46.2573145071553" lon="6.909325137895937">
      <ele>1455.5</ele></trkpt>
      <trkpt lat="46.25729989608242" lon="6.909367039910595">
      <ele>1455.8</ele></trkpt>
      <trkpt lat="46.2572812263204" lon="6.909389372334697">
      <ele>1456.2</ele></trkpt>
      <trkpt lat="46.25726889339479" lon="6.909397130918497">
      <ele>1456.6</ele></trkpt>
      <trkpt lat="46.25726009860757" lon="6.909407409984155">
      <ele>1457.0</ele></trkpt>
      <trkpt lat="46.257230405531104" lon="6.909479014688746">
      <ele>1457.4</ele></trkpt>
      <trkpt lat="46.25717959360571" lon="6.909568643819725">
      <ele>1457.8</ele></trkpt>
      <trkpt lat="46.25713044952158" lon="6.909637895416767">
      <ele>1458.2</ele></trkpt>
      <trkpt lat="46.25706187831423" lon="6.909709890490897">
      <ele>1458.6</ele></trkpt>
      <trkpt lat="46.257021386097634" lon="6.909738296621118">
      <ele>1459.0</ele></trkpt>
      <trkpt lat="46.25696501680231" lon="6.909774508560032">
      <ele>1459.3</ele></trkpt>
      <trkpt lat="46.25692805364369" lon="6.909805422206503">
      <ele>1459.7</ele></trkpt>
      <trkpt lat="46.256882352278836" lon="6.909856807687337">
      <ele>1460.1</ele></trkpt>
      <trkpt lat="46.25683161149181" lon="6.909961725439139">
      <ele>1460.5</ele></trkpt>
      <trkpt lat="46.25675840505218" lon="6.910173840758208">
      <ele>1460.9</ele></trkpt>
      <trkpt lat="46.2567254289659" lon="6.910301514407403">
      <ele>1461.3</ele></trkpt>
      <trkpt lat="46.2566857005003" lon="6.910495484999033">
      <ele>1462.0</ele></trkpt>
      <trkpt lat="46.256620065285" lon="6.910817033901037">
      <ele>1462.7</ele></trkpt>
      <trkpt lat="46.256607910462535" lon="6.910862996326999">
      <ele>1463.4</ele></trkpt>
      <trkpt lat="46.256599231413674" lon="6.910896189715269">
      <ele>1464.0</ele></trkpt>
      <trkpt lat="46.256590347134626" lon="6.910920099447917">
      <ele>1464.7</ele></trkpt>
      <trkpt lat="46.25656905924149" lon="6.91093663344868">
      <ele>1465.4</ele></trkpt>
      <trkpt lat="46.256549358278164" lon="6.910938523302781">
      <ele>1466.1</ele></trkpt>
      <trkpt lat="46.25653533208077" lon="6.910926572373683">
      <ele>1466.8</ele></trkpt>
      <trkpt lat="46.25652527266009" lon="6.910906827691183">
      <ele>1467.5</ele></trkpt>
      <trkpt lat="46.256515806952756" lon="6.910848508213555">
      <ele>1468.2</ele></trkpt>
      <trkpt lat="46.256509639018205" lon="6.910822189580585">
      <ele>1468.8</ele></trkpt>
      <trkpt lat="46.256492567497844" lon="6.910749444824974">
      <ele>1469.5</ele></trkpt>
      <trkpt lat="46.2564618050736" lon="6.910653722595015">
      <ele>1470.2</ele></trkpt>
      <trkpt lat="46.25643958329305" lon="6.91058963914132">
      <ele>1470.9</ele></trkpt>
      <trkpt lat="46.25641955349725" lon="6.910494085325973">
      <ele>1471.6</ele></trkpt>
      <trkpt lat="46.256410078001686" lon="6.910345075865529">
      <ele>1472.3</ele></trkpt>
      <trkpt lat="46.25641394648124" lon="6.910256513837704">
      <ele>1472.9</ele></trkpt>
      <trkpt lat="46.256429094754445" lon="6.910136950807634">
      <ele>1473.6</ele></trkpt>
      <trkpt lat="46.256437196135174" lon="6.910035988440178">
      <ele>1474.3</ele></trkpt>
      <trkpt lat="46.25643674409437" lon="6.909939233156549">
      <ele>1475.0</ele></trkpt>
      <trkpt lat="46.25643485206896" lon="6.909840429831836">
      <ele>1476.1</ele></trkpt>
      <trkpt lat="46.25641880939157" lon="6.909768531420059">
      <ele>1477.3</ele></trkpt>
      <trkpt lat="46.25639699747184" lon="6.909686391936616">
      <ele>1478.4</ele></trkpt>
      <trkpt lat="46.256386801480666" lon="6.909643253295583">
      <ele>1479.6</ele></trkpt>
      <trkpt lat="46.25637651888963" lon="6.909581596189673">
      <ele>1480.7</ele></trkpt>
      <trkpt lat="46.25636334680755" lon="6.909513781113003">
      <ele>1481.9</ele></trkpt>
      <trkpt lat="46.25634594103769" lon="6.909456304371172">
      <ele>1483.0</ele></trkpt>
      <trkpt lat="46.25629974379429" lon="6.909349696804952">
      <ele>1484.2</ele></trkpt>
      <trkpt lat="46.256272449993325" lon="6.9093149596481735">
      <ele>1485.3</ele></trkpt>
      <trkpt lat="46.25624085579872" lon="6.909278215285708">
      <ele>1486.5</ele></trkpt>
      <trkpt lat="46.256205075424674" lon="6.909260030934043">
      <ele>1487.6</ele></trkpt>
      <trkpt lat="46.25617356785439" lon="6.909241805060301">
      <ele>1488.7</ele></trkpt>
      <trkpt lat="46.25613484988495" lon="6.909207179126163">
      <ele>1489.9</ele></trkpt>
      <trkpt lat="46.25609606448794" lon="6.909158145730313">
      <ele>1491.0</ele></trkpt>
      <trkpt lat="46.25605146169326" lon="6.9090885877571875">
      <ele>1492.2</ele></trkpt>
      <trkpt lat="46.25600692563526" lon="6.909031375380051">
      <ele>1493.3</ele></trkpt>
      <trkpt lat="46.25595092686635" lon="6.908966039539289">
      <ele>1494.5</ele></trkpt>
      <trkpt lat="46.25590502792965" lon="6.90892324874377">
      <ele>1495.6</ele></trkpt>
      <trkpt lat="46.25587779185726" lon="6.908900870560696">
      <ele>1496.8</ele></trkpt>
      <trkpt lat="46.25586348788434" lon="6.9088968857198445">
      <ele>1497.9</ele></trkpt>
      <trkpt lat="46.2558420602874" lon="6.908895045165701">
      <ele>1498.9</ele></trkpt>
      <trkpt lat="46.25581779134411" lon="6.908897330329944">
      <ele>1500.0</ele></trkpt>
      <trkpt lat="46.25579357066628" lon="6.908909925039666">
      <ele>1501.0</ele></trkpt>
      <trkpt lat="46.25575802153861" lon="6.908941149067149">
      <ele>1502.1</ele></trkpt>
      <trkpt lat="46.255705298309444" lon="6.908966367095421">
      <ele>1503.1</ele></trkpt>
      <trkpt lat="46.255666840498854" lon="6.908987335274277">
      <ele>1504.2</ele></trkpt>
      <trkpt lat="46.25563977852163" lon="6.909004068574791">
      <ele>1505.2</ele></trkpt>
      <trkpt lat="46.25561983891753" lon="6.909014546586637">
      <ele>1506.3</ele></trkpt>
      <trkpt lat="46.25560421006679" lon="6.909031168647802">
      <ele>1507.3</ele></trkpt>
      <trkpt lat="46.255557304915406" lon="6.909078985928949">
      <ele>1508.3</ele></trkpt>
      <trkpt lat="46.255510418920544" lon="6.909130900989432">
      <ele>1509.4</ele></trkpt>
      <trkpt lat="46.255457801659695" lon="6.909178773648516">
      <ele>1510.4</ele></trkpt>
      <trkpt lat="46.25540941729187" lon="6.909214233123508">
      <ele>1511.5</ele></trkpt>
      <trkpt lat="46.25535527338392" lon="6.909241526525529">
      <ele>1512.5</ele></trkpt>
      <trkpt lat="46.25531961823507" lon="6.909250108180838">
      <ele>1513.6</ele></trkpt>
      <trkpt lat="46.255273931341485" lon="6.909252614379655">
      <ele>1514.6</ele></trkpt>
      <trkpt lat="46.25522682376822" lon="6.909257183400929">
      <ele>1515.7</ele></trkpt>
      <trkpt lat="46.255161063087854" lon="6.909243414865234">
      <ele>1516.7</ele></trkpt>
      <trkpt lat="46.25505239898803" lon="6.909215655638221">
      <ele>1517.8</ele></trkpt>
      <trkpt lat="46.254966641508844" lon="6.909202068674393">
      <ele>1518.8</ele></trkpt>
      <trkpt lat="46.25490519091551" lon="6.909192382298613">
      <ele>1520.3</ele></trkpt>
      <trkpt lat="46.254795183190474" lon="6.909183155154704">
      <ele>1521.9</ele></trkpt>
      <trkpt lat="46.25470807191443" lon="6.909184002238427">
      <ele>1523.5</ele></trkpt>
      <trkpt lat="46.25466232719597" lon="6.9091741502318">
      <ele>1525.0</ele></trkpt>
      <trkpt lat="46.25462943687706" lon="6.909164173239251">
      <ele>1526.5</ele></trkpt>
      <trkpt lat="46.25458936575128" lon="6.9091460441952">
      <ele>1528.1</ele></trkpt>
      <trkpt lat="46.25454206550769" lon="6.909109440846347">
      <ele>1529.6</ele></trkpt>
      <trkpt lat="46.2545096463315" lon="6.909075195701497">
      <ele>1531.2</ele></trkpt>
      <trkpt lat="46.254478694862236" lon="6.909020109293191">
      <ele>1532.8</ele></trkpt>
      <trkpt lat="46.25442512974194" lon="6.908915444859311">
      <ele>1534.3</ele></trkpt>
      <trkpt lat="46.25438640575124" lon="6.908862262775237">
      <ele>1535.8</ele></trkpt>
      <trkpt lat="46.254323754314996" lon="6.9087978496925935">
      <ele>1537.4</ele></trkpt>
      <trkpt lat="46.25421054926963" lon="6.908705217171422">
      <ele>1539.0</ele></trkpt>
      <trkpt lat="46.25412540007422" lon="6.908654419597832">
      <ele>1540.5</ele></trkpt>
      <trkpt lat="46.25404026871557" lon="6.908607434647581">
      <ele>1542.0</ele></trkpt>
      <trkpt lat="46.25392600109523" lon="6.9085702910107605">
      <ele>1543.6</ele></trkpt>
      <trkpt lat="46.25384099509756" lon="6.908550071322639">
      <ele>1545.1</ele></trkpt>
      <trkpt lat="46.253721402319165" lon="6.908511086449126">
      <ele>1546.7</ele></trkpt>
      <trkpt lat="46.253739647620435" lon="6.90827728873304">
      <ele>1548.2</ele></trkpt>
      <trkpt lat="46.25377367659909" lon="6.908044672758962">
      <ele>1549.8</ele></trkpt>
      <trkpt lat="46.253809862803934" lon="6.907832875200968">
      <ele>1551.8</ele></trkpt>
      <trkpt lat="46.25414281174159" lon="6.907502446395337">
      <ele>1553.9</ele></trkpt>
      <trkpt lat="46.25447575971963" lon="6.907172013547723">
      <ele>1556.0</ele></trkpt>
      <trkpt lat="46.25480870673808" lon="6.906841576658057">
      <ele>1558.0</ele></trkpt>
      <trkpt lat="46.25481366008515" lon="6.906282274925409">
      <ele>1560.0</ele></trkpt>
      <trkpt lat="46.25481861066744" lon="6.905722973092446">
      <ele>1562.1</ele></trkpt>
      <trkpt lat="46.254801926161115" lon="6.905620414157563">
      <ele>1564.1</ele></trkpt>
      <trkpt lat="46.254756873035966" lon="6.905354576456443">
      <ele>1566.2</ele></trkpt>
      <trkpt lat="46.25472734227155" lon="6.905148993537993">
      <ele>1568.2</ele></trkpt>
      <trkpt lat="46.25468782398815" lon="6.904841953855834">
      <ele>1570.3</ele></trkpt>
      <trkpt lat="46.254650625349285" lon="6.904628211796374">
      <ele>1572.3</ele></trkpt>
      <trkpt lat="46.25462498505996" lon="6.904439061231826">
      <ele>1574.4</ele></trkpt>
      <trkpt lat="46.254603192316424" lon="6.904260844258497">
      <ele>1576.5</ele></trkpt>
      <trkpt lat="46.25458725910135" lon="6.904110036741357">
      <ele>1578.5</ele></trkpt>
      <trkpt lat="46.25456000029714" lon="6.9039840451144405">
      <ele>1580.5</ele></trkpt>
      <trkpt lat="46.254561547987116" lon="6.90390989022132">
      <ele>1582.6</ele></trkpt>
      <trkpt lat="46.25457062012256" lon="6.903813745007237">
      <ele>1584.6</ele></trkpt>
      <trkpt lat="46.254587354007036" lon="6.903728469726695">
      <ele>1586.7</ele></trkpt>
      <trkpt lat="46.25457369453343" lon="6.90365725239074">
      <ele>1588.8</ele></trkpt>
      <trkpt lat="46.25454656498988" lon="6.903558700634935">
      <ele>1590.8</ele></trkpt>
      <trkpt lat="46.25450788132022" lon="6.9034327957394686">
      <ele>1592.4</ele></trkpt>
      <trkpt lat="46.2544559533969" lon="6.903323516869403">
      <ele>1594.1</ele></trkpt>
      <trkpt lat="46.254425144406085" lon="6.903249706198164">
      <ele>1595.7</ele></trkpt>
      <trkpt lat="46.254365879000765" lon="6.903198143662993">
      <ele>1597.3</ele></trkpt>
      <trkpt lat="46.254316251543486" lon="6.903173927223917">
      <ele>1599.0</ele></trkpt>
      <trkpt lat="46.25425919576631" lon="6.903188195740158">
      <ele>1600.6</ele></trkpt>
      <trkpt lat="46.254162142712694" lon="6.903200147203857">
      <ele>1602.2</ele></trkpt>
      <trkpt lat="46.25411822732054" lon="6.903175874678819">
      <ele>1603.9</ele></trkpt>
      <trkpt lat="46.25407973019626" lon="6.903085670586868">
      <ele>1605.5</ele></trkpt>
      <trkpt lat="46.25407362835088" lon="6.9030033827158785">
      <ele>1607.2</ele></trkpt>
      <trkpt lat="46.25409415767305" lon="6.902918070615318">
      <ele>1608.8</ele></trkpt>
      <trkpt lat="46.25411842813846" lon="6.902813541692608">
      <ele>1610.4</ele></trkpt>
      <trkpt lat="46.25413319329246" lon="6.902717315098027">
      <ele>1612.1</ele></trkpt>
      <trkpt lat="46.25414585735258" lon="6.9025744625584675">
      <ele>1613.7</ele></trkpt>
      <trkpt lat="46.254158438161895" lon="6.902417877454872">
      <ele>1615.3</ele></trkpt>
      <trkpt lat="46.254161588711206" lon="6.902277854781752">
      <ele>1617.0</ele></trkpt>
      <trkpt lat="46.25416083386128" lon="6.9021186387419045">
      <ele>1618.6</ele></trkpt>
      <trkpt lat="46.254159818475316" lon="6.90190454387871">
      <ele>1620.2</ele></trkpt>
      <trkpt lat="46.254157368651356" lon="6.9017920430201976">
      <ele>1621.9</ele></trkpt>
      <trkpt lat="46.25417238537431" lon="6.9017452224192315">
      <ele>1623.5</ele></trkpt>
      <trkpt lat="46.25420280464297" lon="6.9017366876550765">
      <ele>1624.1</ele></trkpt>
      <trkpt lat="46.254235205089465" lon="6.901741866680784">
      <ele>1624.7</ele></trkpt>
      <trkpt lat="46.25428299497913" lon="6.901782569543212">
      <ele>1625.3</ele></trkpt>
      <trkpt lat="46.254329147181394" lon="6.901878170188087">
      <ele>1625.9</ele></trkpt>
      <trkpt lat="46.2543715033774" lon="6.901973834346218">
      <ele>1626.5</ele></trkpt>
      <trkpt lat="46.25439830390016" lon="6.902006509541117">
      <ele>1627.2</ele></trkpt>
      <trkpt lat="46.254432615335645" lon="6.9020144062139375">
      <ele>1627.8</ele></trkpt>
      <trkpt lat="46.25446118863081" lon="6.902016860905406">
      <ele>1628.4</ele></trkpt>
      <trkpt lat="46.2545449585855" lon="6.9020132989806635">
      <ele>1629.0</ele></trkpt>
      <trkpt lat="46.25463253756587" lon="6.90201243581598">
      <ele>1629.6</ele></trkpt>
      <trkpt lat="46.25474488081685" lon="6.902011328574373">
      <ele>1630.2</ele></trkpt>
      <trkpt lat="46.254851590110206" lon="6.902026746670566">
      <ele>1630.8</ele></trkpt>
      <trkpt lat="46.25495439428275" lon="6.902022997139243">
      <ele>1631.4</ele></trkpt>
      <trkpt lat="46.25510295997188" lon="6.902032504193787">
      <ele>1632.0</ele></trkpt>
      <trkpt lat="46.25519999993004" lon="6.9020178142281425">
      <ele>1632.7</ele></trkpt>
      <trkpt lat="46.25527220662524" lon="6.901986924965435">
      <ele>1633.3</ele></trkpt>
      <trkpt lat="46.25537468523424" lon="6.901914536360213">
      <ele>1633.9</ele></trkpt>
      <trkpt lat="46.25544119281778" lon="6.901886439398279">
      <ele>1634.5</ele></trkpt>
      <trkpt lat="46.255545812778514" lon="6.901863439339764">
      <ele>1635.1</ele></trkpt>
      <trkpt lat="46.25569798820506" lon="6.901831735297504">
      <ele>1635.7</ele></trkpt>
      <trkpt lat="46.255819744471005" lon="6.901808592001288">
      <ele>1636.6</ele></trkpt>
      <trkpt lat="46.25594343770379" lon="6.901793638637672">
      <ele>1637.5</ele></trkpt>
      <trkpt lat="46.256082369103034" lon="6.901778534951099">
      <ele>1638.4</ele></trkpt>
      <trkpt lat="46.25618127710415" lon="6.901755616675837">
      <ele>1639.4</ele></trkpt>
      <trkpt lat="46.25627054165076" lon="6.901708062110547">
      <ele>1640.3</ele></trkpt>
      <trkpt lat="46.25635587090832" lon="6.901633104397039">
      <ele>1641.2</ele></trkpt>
      <trkpt lat="46.256407071085846" lon="6.901588687285377">
      <ele>1642.1</ele></trkpt>
      <trkpt lat="46.25647166745657" lon="6.901557845901852">
      <ele>1643.0</ele></trkpt>
      <trkpt lat="46.25653255405466" lon="6.901549010119939">
      <ele>1643.9</ele></trkpt>
      <trkpt lat="46.25658023575984" lon="6.901565010090383">
      <ele>1644.8</ele></trkpt>
      <trkpt lat="46.256621440281336" lon="6.901584757114289">
      <ele>1645.8</ele></trkpt>
      <trkpt lat="46.256649531545776" lon="6.901485657864621">
      <ele>1646.7</ele></trkpt>
      <trkpt lat="46.256683347779315" lon="6.901389238434993">
      <ele>1647.6</ele></trkpt>
      <trkpt lat="46.25669612249221" lon="6.901273819763503">
      <ele>1648.5</ele></trkpt>
      <trkpt lat="46.256697481954966" lon="6.901158513727395">
      <ele>1649.4</ele></trkpt>
      <trkpt lat="46.25668711716473" lon="6.900980178381525">
      <ele>1650.3</ele></trkpt>
      <trkpt lat="46.256673238161284" lon="6.900865022869659">
      <ele>1651.3</ele></trkpt>
      <trkpt lat="46.25665181423484" lon="6.900763675901633">
      <ele>1652.2</ele></trkpt>
      <trkpt lat="46.25660367563902" lon="6.900651595458327">
      <ele>1653.1</ele></trkpt>
      <trkpt lat="46.2565362808808" lon="6.900493056893492">
      <ele>1654.0</ele></trkpt>
      <trkpt lat="46.256486143635755" lon="6.900361789966483">
      <ele>1655.2</ele></trkpt>
      <trkpt lat="46.25646082270932" lon="6.900241249429463">
      <ele>1656.3</ele></trkpt>
      <trkpt lat="46.256448863119395" lon="6.900128837934647">
      <ele>1657.5</ele></trkpt>
      <trkpt lat="46.25645413090457" lon="6.900035436829113">
      <ele>1658.6</ele></trkpt>
      <trkpt lat="46.256480431402636" lon="6.899961060255506">
      <ele>1659.8</ele></trkpt>
      <trkpt lat="46.25652407722456" lon="6.8999304501270124">
      <ele>1660.9</ele></trkpt>
      <trkpt lat="46.256600241066366" lon="6.89992969652565">
      <ele>1662.1</ele></trkpt>
      <trkpt lat="46.256582830428094" lon="6.899872222600903">
      <ele>1663.2</ele></trkpt>
      <trkpt lat="46.256555981079" lon="6.899831312456868">
      <ele>1664.4</ele></trkpt>
      <trkpt lat="46.256530885905796" lon="6.899760180749075">
      <ele>1665.5</ele></trkpt>
      <trkpt lat="46.25651926568616" lon="6.899719119955832">
      <ele>1666.7</ele></trkpt>
      <trkpt lat="46.25651330525782" lon="6.899667031585409">
      <ele>1667.9</ele></trkpt>
      <trkpt lat="46.25649979101932" lon="6.899628725982757">
      <ele>1669.0</ele></trkpt>
      <trkpt lat="46.256493856620544" lon="6.899582110195955">
      <ele>1670.2</ele></trkpt>
      <trkpt lat="46.256510783614935" lon="6.899538030397112">
      <ele>1671.3</ele></trkpt>
      <trkpt lat="46.25654693681579" lon="6.8995321736637525">
      <ele>1672.5</ele></trkpt>
      <trkpt lat="46.25658322087607" lon="6.899553783488135">
      <ele>1673.6</ele></trkpt>
      <trkpt lat="46.256632840118286" lon="6.8995779977232115">
      <ele>1674.8</ele></trkpt>
      <trkpt lat="46.25669371352624" lon="6.899566423413245">
      <ele>1675.9</ele></trkpt>
      <trkpt lat="46.2567562846238" lon="6.899510893924994">
      <ele>1677.1</ele></trkpt>
      <trkpt lat="46.25679787522184" lon="6.899447336880398">
      <ele>1678.7</ele></trkpt>
      <trkpt lat="46.25682986131545" lon="6.8993674303877865">
      <ele>1680.4</ele></trkpt>
      <trkpt lat="46.25685810764523" lon="6.899301268910679">
      <ele>1682.0</ele></trkpt>
      <trkpt lat="46.25690723869652" lon="6.899221166440457">
      <ele>1683.6</ele></trkpt>
      <trkpt lat="46.25694122321907" lon="6.899160446730203">
      <ele>1685.3</ele></trkpt>
      <trkpt lat="46.256977184138805" lon="6.899116151881939">
      <ele>1686.9</ele></trkpt>
      <trkpt lat="46.25701314111242" lon="6.89906914651902">
      <ele>1688.5</ele></trkpt>
      <trkpt lat="46.2570661424773" lon="6.899002726331789">
      <ele>1690.2</ele></trkpt>
      <trkpt lat="46.25711929197357" lon="6.898969258524822">
      <ele>1691.8</ele></trkpt>
      <trkpt lat="46.257168710852476" lon="6.8989495487436905">
      <ele>1693.4</ele></trkpt>
      <trkpt lat="46.257214394305066" lon="6.8989463594583045">
      <ele>1695.1</ele></trkpt>
      <trkpt lat="46.257277148443364" lon="6.898929266843875">
      <ele>1696.7</ele></trkpt>
      <trkpt lat="46.257362593710674" lon="6.89887900808851">
      <ele>1698.4</ele></trkpt>
      <trkpt lat="46.25734130298126" lon="6.898807838038357">
      <ele>1700.0</ele></trkpt>
      <trkpt lat="46.25733339170092" lon="6.898744783619396">
      <ele>1701.6</ele></trkpt>
      <trkpt lat="46.257323538132134" lon="6.898676249646253">
      <ele>1703.3</ele></trkpt>
      <trkpt lat="46.25731743307867" lon="6.8985939573682895">
      <ele>1704.9</ele></trkpt>
      <trkpt lat="46.257288532145175" lon="6.898522875952721">
      <ele>1706.5</ele></trkpt>
      <trkpt lat="46.2572521127664" lon="6.898471076199004">
      <ele>1708.2</ele></trkpt>
      <trkpt lat="46.25722699060887" lon="6.898394471581112">
      <ele>1709.8</ele></trkpt>
      <trkpt lat="46.25720586585249" lon="6.898356241311287">
      <ele>1711.5</ele></trkpt>
      <trkpt lat="46.257148496233064" lon="6.898304662635525">
      <ele>1713.2</ele></trkpt>
      <trkpt lat="46.25712350501403" lon="6.898255499138518">
      <ele>1714.9</ele></trkpt>
      <trkpt lat="46.257121191566284" lon="6.898170420161168">
      <ele>1716.6</ele></trkpt>
      <trkpt lat="46.257132156787435" lon="6.8980742376595785">
      <ele>1718.3</ele></trkpt>
      <trkpt lat="46.25713562981651" lon="6.898002822316894">
      <ele>1720.1</ele></trkpt>
      <trkpt lat="46.25711403691596" lon="6.897868536259359">
      <ele>1721.8</ele></trkpt>
      <trkpt lat="46.25709638906528" lon="6.8977616532996695">
      <ele>1723.5</ele></trkpt>
      <trkpt lat="46.25706919771997" lon="6.89764936642626">
      <ele>1725.2</ele></trkpt>
      <trkpt lat="46.25704763962831" lon="6.897520566161597">
      <ele>1726.9</ele></trkpt>
      <trkpt lat="46.25703219140885" lon="6.897476794094724">
      <ele>1728.6</ele></trkpt>
      <trkpt lat="46.2570034867092" lon="6.897446887866794">
      <ele>1730.3</ele></trkpt>
      <trkpt lat="46.25698044152561" lon="6.897405940777737">
      <ele>1732.0</ele></trkpt>
      <trkpt lat="46.25695534073269" lon="6.897332073244688">
      <ele>1733.7</ele></trkpt>
      <trkpt lat="46.25692258556945" lon="6.89725279606526">
      <ele>1735.5</ele></trkpt>
      <trkpt lat="46.25690909266352" lon="6.897217239951058">
      <ele>1737.2</ele></trkpt>
      <trkpt lat="46.2568594770755" lon="6.897195777098223">
      <ele>1738.9</ele></trkpt>
      <trkpt lat="46.25681936127187" lon="6.897168721023001">
      <ele>1740.6</ele></trkpt>
      <trkpt lat="46.25679626342163" lon="6.897116790117063">
      <ele>1742.3</ele></trkpt>
      <trkpt lat="46.25678075837348" lon="6.8970592979161784">
      <ele>1744.0</ele></trkpt>
      <trkpt lat="46.25674813027066" lon="6.8970047254818665">
      <ele>1745.6</ele></trkpt>
      <trkpt lat="46.25670421354402" lon="6.896980456803285">
      <ele>1747.2</ele></trkpt>
      <trkpt lat="46.2566146093135" lon="6.896956642714">
      <ele>1748.8</ele></trkpt>
      <trkpt lat="46.25656113604915" lon="6.896924234047386">
      <ele>1750.4</ele></trkpt>
      <trkpt lat="46.25652660086251" lon="6.896869680890344">
      <ele>1752.0</ele></trkpt>
      <trkpt lat="46.2565052653295" lon="6.8967875415839295">
      <ele>1753.6</ele></trkpt>
      <trkpt lat="46.2564801945767" lon="6.896721909835101">
      <ele>1755.2</ele></trkpt>
      <trkpt lat="46.25645718857237" lon="6.896689198207704">
      <ele>1756.8</ele></trkpt>
      <trkpt lat="46.25641140002928" lon="6.89667043432047">
      <ele>1758.4</ele></trkpt>
      <trkpt lat="46.25637887690601" lon="6.896637817498171">
      <ele>1760.0</ele></trkpt>
      <trkpt lat="46.25635957074716" lon="6.896583113085164">
      <ele>1761.5</ele></trkpt>
      <trkpt lat="46.25634958021924" lon="6.89648439089875">
      <ele>1763.1</ele></trkpt>
      <trkpt lat="46.256347318075825" lon="6.896410297188655">
      <ele>1764.7</ele></trkpt>
      <trkpt lat="46.25635259603016" lon="6.896319658105066">
      <ele>1766.3</ele></trkpt>
      <trkpt lat="46.256359767752016" lon="6.896226250767313">
      <ele>1767.9</ele></trkpt>
      <trkpt lat="46.25635573897044" lon="6.896179616471808">
      <ele>1769.5</ele></trkpt>
      <trkpt lat="46.25633467031283" lon="6.896155120978904">
      <ele>1771.1</ele></trkpt>
      <trkpt lat="46.25632116394316" lon="6.896116829252871">
      <ele>1772.7</ele></trkpt>
      <trkpt lat="46.256292498369326" lon="6.8960951588683805">
      <ele>1774.3</ele></trkpt>
      <trkpt lat="46.256261938892884" lon="6.896076243775709">
      <ele>1775.9</ele></trkpt>
      <trkpt lat="46.25623723629637" lon="6.8960874744263165">
      <ele>1777.4</ele></trkpt>
      <trkpt lat="46.256208597020205" lon="6.896071289583396">
      <ele>1778.9</ele></trkpt>
      <trkpt lat="46.25618374541335" lon="6.896049568290085">
      <ele>1780.4</ele></trkpt>
      <trkpt lat="46.25615145004297" lon="6.896066360351372">
      <ele>1782.0</ele></trkpt>
      <trkpt lat="46.25612104438175" lon="6.896077647815671">
      <ele>1783.5</ele></trkpt>
      <trkpt lat="46.2560923919215" lon="6.896058713787895">
      <ele>1785.0</ele></trkpt>
      <trkpt lat="46.2560483302196" lon="6.896004256591459">
      <ele>1786.5</ele></trkpt>
      <trkpt lat="46.255987026946165" lon="6.895928002470484">
      <ele>1788.0</ele></trkpt>
      <trkpt lat="46.255923944162504" lon="6.895876484450752">
      <ele>1789.5</ele></trkpt>
      <trkpt lat="46.2558609271111" lon="6.895838673710346">
      <ele>1791.1</ele></trkpt>
      <trkpt lat="46.25579227705795" lon="6.895817402295538">
      <ele>1792.6</ele></trkpt>
      <trkpt lat="46.255719804575534" lon="6.895790670370579">
      <ele>1794.1</ele></trkpt>
      <trkpt lat="46.25567771978774" lon="6.895752664123009">
      <ele>1795.6</ele></trkpt>
      <trkpt lat="46.25566219672139" lon="6.895689687964879">
      <ele>1797.1</ele></trkpt>
      <trkpt lat="46.25563513927661" lon="6.895607607485525">
      <ele>1798.6</ele></trkpt>
      <trkpt lat="46.25559481228592" lon="6.89553663084">
      <ele>1800.1</ele></trkpt>
      <trkpt lat="46.25555453803955" lon="6.895476651088497">
      <ele>1801.7</ele></trkpt>
      <trkpt lat="46.2554876672864" lon="6.895430644505502">
      <ele>1803.2</ele></trkpt>
      <trkpt lat="46.255434215782365" lon="6.89540098710964">
      <ele>1804.7</ele></trkpt>
      <trkpt lat="46.25539601077533" lon="6.895376663315729">
      <ele>1806.2</ele></trkpt>
      <trkpt lat="46.25538437576517" lon="6.895332855126268">
      <ele>1807.8</ele></trkpt>
      <trkpt lat="46.255389639715716" lon="6.8952394813209805">
      <ele>1809.4</ele></trkpt>
      <trkpt lat="46.25538743844597" lon="6.895176359698689">
      <ele>1810.9</ele></trkpt>
      <trkpt lat="46.25539274182468" lon="6.895091220471993">
      <ele>1812.5</ele></trkpt>
      <trkpt lat="46.255394376079934" lon="6.895036295550518">
      <ele>1814.1</ele></trkpt>
      <trkpt lat="46.25538084297705" lon="6.894992519354712">
      <ele>1815.7</ele></trkpt>
      <trkpt lat="46.25535958937443" lon="6.894929588009912">
      <ele>1817.3</ele></trkpt>
      <trkpt lat="46.255346043018875" lon="6.894883062682126">
      <ele>1818.8</ele></trkpt>
      <trkpt lat="46.25531352359906" lon="6.89485319684057">
      <ele>1820.4</ele></trkpt>
      <trkpt lat="46.25526194354135" lon="6.894818022784466">
      <ele>1822.0</ele></trkpt>
      <trkpt lat="46.25521222675525" lon="6.894771858873075">
      <ele>1823.6</ele></trkpt>
      <trkpt lat="46.25517381048022" lon="6.89470361361409">
      <ele>1825.2</ele></trkpt>
      <trkpt lat="46.25515060594871" lon="6.894629730814553">
      <ele>1826.7</ele></trkpt>
      <trkpt lat="46.25509498743517" lon="6.894547937038606">
      <ele>1828.3</ele></trkpt>
      <trkpt lat="46.255046996936564" lon="6.894466067190511">
      <ele>1829.9</ele></trkpt>
      <trkpt lat="46.25499921763601" lon="6.894428119350177">
      <ele>1831.5</ele></trkpt>
      <trkpt lat="46.254960972813436" lon="6.894395561900186">
      <ele>1833.1</ele></trkpt>
      <trkpt lat="46.25492445910074" lon="6.894324548902105">
      <ele>1834.6</ele></trkpt>
      <trkpt lat="46.25488423699399" lon="6.8942755415026085">
      <ele>1836.2</ele></trkpt>
      <trkpt lat="46.25485748231941" lon="6.894256602843845">
      <ele>1837.8</ele></trkpt>
      <trkpt lat="46.25486675747112" lon="6.894204351323668">
      <ele>1839.0</ele></trkpt>
      <trkpt lat="46.25485700686381" lon="6.894157788636446">
      <ele>1840.1</ele></trkpt>
      <trkpt lat="46.254828221972424" lon="6.894111403359764">
      <ele>1841.3</ele></trkpt>
      <trkpt lat="46.25477091645692" lon="6.894073551260458">
      <ele>1842.5</ele></trkpt>
      <trkpt lat="46.25470035482111" lon="6.894049552327296">
      <ele>1843.7</ele></trkpt>
      <trkpt lat="46.25465643746531" lon="6.894025286944862">
      <ele>1844.8</ele></trkpt>
      <trkpt lat="46.25461796792951" lon="6.893946072246725">
      <ele>1846.0</ele></trkpt>
      <trkpt lat="46.254598563704604" lon="6.893869403215115">
      <ele>1847.2</ele></trkpt>
      <trkpt lat="46.25457353990744" lon="6.893812009493167">
      <ele>1848.3</ele></trkpt>
      <trkpt lat="46.254527486556285" lon="6.893738356549704">
      <ele>1849.5</ele></trkpt>
      <trkpt lat="46.25448723777782" lon="6.893683864622551">
      <ele>1850.7</ele></trkpt>
      <trkpt lat="46.254446896402946" lon="6.893610154725595">
      <ele>1851.8</ele></trkpt>
      <trkpt lat="46.254391184504485" lon="6.893509132050319">
      <ele>1853.0</ele></trkpt>
      <trkpt lat="46.25435271716231" lon="6.893424847492279">
      <ele>1854.2</ele></trkpt>
      <trkpt lat="46.25438965695294" lon="6.893188429374803">
      <ele>1855.3</ele></trkpt>
      <trkpt lat="46.25441935662624" lon="6.89302890749406">
      <ele>1856.5</ele></trkpt>
      <trkpt lat="46.25446026845561" lon="6.892825375439556">
      <ele>1857.7</ele></trkpt>
      <trkpt lat="46.254499392108144" lon="6.892646565589331">
      <ele>1858.9</ele></trkpt>
      <trkpt lat="46.25454047972568" lon="6.8924814562337575">
      <ele>1860.0</ele></trkpt>
      <trkpt lat="46.25458353608537" lon="6.892327298058031">
      <ele>1861.2</ele></trkpt>
      <trkpt lat="46.25462089773553" lon="6.892178695356816">
      <ele>1863.8</ele></trkpt>
      <trkpt lat="46.25465622860719" lon="6.8920026718675675">
      <ele>1866.4</ele></trkpt>
      <trkpt lat="46.25468405944674" lon="6.891851415168272">
      <ele>1869.0</ele></trkpt>
      <trkpt lat="46.25470454961916" lon="6.891757876296145">
      <ele>1871.7</ele></trkpt>
      <trkpt lat="46.254734658709566" lon="6.891683459803306">
      <ele>1874.3</ele></trkpt>
      <trkpt lat="46.25479139450614" lon="6.891603290095399">
      <ele>1876.9</ele></trkpt>
      <trkpt lat="46.254868845782966" lon="6.891476238882853">
      <ele>1879.5</ele></trkpt>
      <trkpt lat="46.254970746814266" lon="6.891285811382709">
      <ele>1882.1</ele></trkpt>
      <trkpt lat="46.25505190554145" lon="6.891136766486261">
      <ele>1884.7</ele></trkpt>
      <trkpt lat="46.25512352473513" lon="6.890985080756903">
      <ele>1887.3</ele></trkpt>
      <trkpt lat="46.255170583425176" lon="6.890872054274187">
      <ele>1890.0</ele></trkpt>
      <trkpt lat="46.255232685165836" lon="6.890720463640376">
      <ele>1892.6</ele></trkpt>
      <trkpt lat="46.25528350874849" lon="6.890599163823822">
      <ele>1895.2</ele></trkpt>
      <trkpt lat="46.25533632338883" lon="6.890497075998409">
      <ele>1897.8</ele></trkpt>
      <trkpt lat="46.25538347038515" lon="6.89040051774954">
      <ele>1900.4</ele></trkpt>
      <trkpt lat="46.255417343719884" lon="6.890317826659914">
      <ele>1903.0</ele></trkpt>
      <trkpt lat="46.25544190376848" lon="6.890279153621118">
      <ele>1905.7</ele></trkpt>
      <trkpt lat="46.2554682733463" lon="6.890218493652523">
      <ele>1908.3</ele></trkpt>
      <trkpt lat="46.255483200784994" lon="6.890157948890393">
      <ele>1910.9</ele></trkpt>
      <trkpt lat="46.25550575632521" lon="6.8900973402109775">
      <ele>1913.5</ele></trkpt>
      <trkpt lat="46.255528191992944" lon="6.890012014666783">
      <ele>1915.4</ele></trkpt>
      <trkpt lat="46.255558375463195" lon="6.8899513160363925">
      <ele>1917.3</ele></trkpt>
      <trkpt lat="46.255582301395975" lon="6.8898913547706115">
      <ele>1919.2</ele></trkpt>
      <trkpt lat="46.25561255022875" lon="6.88981817960617">
      <ele>1921.1</ele></trkpt>
      <trkpt lat="46.255643795482996" lon="6.889729743288149">
      <ele>1923.0</ele></trkpt>
      <trkpt lat="46.255692703317806" lon="6.889571656132144">
      <ele>1924.9</ele></trkpt>
      <trkpt lat="46.25572196143437" lon="6.88952052424733">
      <ele>1926.8</ele></trkpt>
      <trkpt lat="46.25574169750713" lon="6.88944067215853">
      <ele>1928.7</ele></trkpt>
      <trkpt lat="46.255779360861375" lon="6.889401321627308">
      <ele>1930.6</ele></trkpt>
      <trkpt lat="46.25580649911475" lon="6.889343441346657">
      <ele>1932.5</ele></trkpt>
      <trkpt lat="46.25583169445046" lon="6.889344899011652">
      <ele>1934.5</ele></trkpt>
      <trkpt lat="46.255875948861366" lon="6.8894105924778675">
      <ele>1936.4</ele></trkpt>
      <trkpt lat="46.25591804460676" lon="6.889455973018753">
      <ele>1938.3</ele></trkpt>
      <trkpt lat="46.25593394849946" lon="6.889515144079109">
      <ele>1940.2</ele></trkpt>
      <trkpt lat="46.256010768139056" lon="6.889595773500787">
      <ele>1942.1</ele></trkpt>
      <trkpt lat="46.256041283863944" lon="6.889627692880761">
      <ele>1944.0</ele></trkpt>
      <trkpt lat="46.25606961190507" lon="6.889624035379297">
      <ele>1945.9</ele></trkpt>
      <trkpt lat="46.25607681497355" lon="6.889569740764802">
      <ele>1947.8</ele></trkpt>
      <trkpt lat="46.25608091659732" lon="6.889530715596447">
      <ele>1949.7</ele></trkpt>
      <trkpt lat="46.25611116444735" lon="6.889459238464964">
      <ele>1951.6</ele></trkpt>
      <trkpt lat="46.256132910430296" lon="6.889350536137605">
      <ele>1953.3</ele></trkpt>
      <trkpt lat="46.25614528898406" lon="6.889269071693691">
      <ele>1955.1</ele></trkpt>
      <trkpt lat="46.256175721929466" lon="6.889265392759366">
      <ele>1956.8</ele></trkpt>
      <trkpt lat="46.2562115126668" lon="6.889309125184758">
      <ele>1958.6</ele></trkpt>
      <trkpt lat="46.256301135161124" lon="6.889464234600213">
      <ele>1960.3</ele></trkpt>
      <trkpt lat="46.256331527763244" lon="6.889450388691725">
      <ele>1962.0</ele></trkpt>
      <trkpt lat="46.25635242294595" lon="6.889412892827203">
      <ele>1963.8</ele></trkpt>
      <trkpt lat="46.25635438898638" lon="6.889362022605888">
      <ele>1965.5</ele></trkpt>
      <trkpt lat="46.25636884022027" lon="6.889272042399529">
      <ele>1967.3</ele></trkpt>
      <trkpt lat="46.25638869863607" lon="6.889239653616196">
      <ele>1969.0</ele></trkpt>
      <trkpt lat="46.256413732637846" lon="6.889180094936626">
      <ele>1970.7</ele></trkpt>
      <trkpt lat="46.256419897856176" lon="6.8891325671094785">
      <ele>1972.5</ele></trkpt>
      <trkpt lat="46.25645979168718" lon="6.88913388931337">
      <ele>1974.2</ele></trkpt>
      <trkpt lat="46.256471431345666" lon="6.889174454829758">
      <ele>1976.0</ele></trkpt>
      <trkpt lat="46.25651669950171" lon="6.889226586337559">
      <ele>1977.7</ele></trkpt>
      <trkpt lat="46.25653467780792" lon="6.889273870624806">
      <ele>1979.4</ele></trkpt>
      <trkpt lat="46.25658094382654" lon="6.889307343096888">
      <ele>1981.2</ele></trkpt>
      <trkpt lat="46.25661877004697" lon="6.889325636505953">
      <ele>1982.9</ele></trkpt>
      <trkpt lat="46.256665050983116" lon="6.889365891607306">
      <ele>1984.7</ele></trkpt>
      <trkpt lat="46.25669955924687" lon="6.889321488414726">
      <ele>1986.4</ele></trkpt>
      <trkpt lat="46.25670662465965" lon="6.889212933003315">
      <ele>1988.2</ele></trkpt>
      <trkpt lat="46.25670965801254" lon="6.8891688343612145">
      <ele>1989.9</ele></trkpt>
      <trkpt lat="46.256726329132285" lon="6.88912291212171">
      <ele>1991.7</ele></trkpt>
      <trkpt lat="46.25676494700666" lon="6.889041181862677">
      <ele>1993.5</ele></trkpt>
      <trkpt lat="46.256809692641966" lon="6.888894986368811">
      <ele>1995.2</ele></trkpt>
      <trkpt lat="46.25683466357748" lon="6.888815079588019">
      <ele>1997.0</ele></trkpt>
      <trkpt lat="46.256852247846865" lon="6.888718297054521">
      <ele>1998.8</ele></trkpt>
      <trkpt lat="46.2568752387709" lon="6.888680792347359">
      <ele>2000.6</ele></trkpt>
      <trkpt lat="46.25693167995915" lon="6.888590412813764">
      <ele>2002.3</ele></trkpt>
      <trkpt lat="46.25699025448682" lon="6.888516974833373">
      <ele>2004.1</ele></trkpt>
      <trkpt lat="46.25702070917927" lon="6.88852517470382">
      <ele>2005.9</ele></trkpt>
      <trkpt lat="46.25705558025862" lon="6.888614683854566">
      <ele>2007.6</ele></trkpt>
      <trkpt lat="46.25710295198681" lon="6.888670166125603">
      <ele>2009.4</ele></trkpt>
      <trkpt lat="46.2571524047003" lon="6.888718857697678">
      <ele>2011.2</ele></trkpt>
      <trkpt lat="46.25721023590419" lon="6.888758996024093">
      <ele>2013.0</ele></trkpt>
      <trkpt lat="46.25727838740273" lon="6.8887329274701345">
      <ele>2014.7</ele></trkpt>
      <trkpt lat="46.25730977027023" lon="6.888697036641986">
      <ele>2016.5</ele></trkpt>
      <trkpt lat="46.25732014511745" lon="6.888649465450866">
      <ele>2018.3</ele></trkpt>
      <trkpt lat="46.257366079693874" lon="6.888559191299396">
      <ele>2020.0</ele></trkpt>
      <trkpt lat="46.25735945949697" lon="6.888437220179199">
      <ele>2021.8</ele></trkpt>
      <trkpt lat="46.2573782262406" lon="6.888391275985006">
      <ele>2022.5</ele></trkpt>
      <trkpt lat="46.2574178818455" lon="6.88830106498687">
      <ele>2023.2</ele></trkpt>
      <trkpt lat="46.2574923775392" lon="6.888146006778726">
      <ele>2023.9</ele></trkpt>
      <trkpt lat="46.25758287178784" lon="6.888087950260455">
      <ele>2024.7</ele></trkpt>
      <trkpt lat="46.25763390862945" lon="6.887994407270552">
      <ele>2025.4</ele></trkpt>
      <trkpt lat="46.257665732790706" lon="6.8878514648307165">
      <ele>2026.1</ele></trkpt>
      <trkpt lat="46.25769636152519" lon="6.8877401788033925">
      <ele>2026.8</ele></trkpt>
      <trkpt lat="46.25769636152519" lon="6.8877401788033925">
      <ele>2027.5</ele></trkpt>
      <trkpt lat="46.257669935810526" lon="6.887576569344219">
      <ele>2028.2</ele></trkpt>
      <trkpt lat="46.25766654781515" lon="6.887486767067108">
      <ele>2028.9</ele></trkpt>
      <trkpt lat="46.257661141171695" lon="6.887425789483732">
      <ele>2029.7</ele></trkpt>
      <trkpt lat="46.257645221132414" lon="6.887359834502169">
      <ele>2030.4</ele></trkpt>
      <trkpt lat="46.25762608267101" lon="6.887268466904868">
      <ele>2031.1</ele></trkpt>
      <trkpt lat="46.257606929914225" lon="6.887168643708051">
      <ele>2031.8</ele></trkpt>
      <trkpt lat="46.25760141553509" lon="6.88706529749454">
      <ele>2032.5</ele></trkpt>
      <trkpt lat="46.25759486368017" lon="6.886968744615131">
      <ele>2033.2</ele></trkpt>
      <trkpt lat="46.25758001084895" lon="6.8869095488606185">
      <ele>2034.0</ele></trkpt>
      <trkpt lat="46.25756308549717" lon="6.886858868851228">
      <ele>2034.7</ele></trkpt>
      <trkpt lat="46.257552464262986" lon="6.88681148395201">
      <ele>2035.4</ele></trkpt>
      <trkpt lat="46.25753856978319" lon="6.886720089476966">
      <ele>2036.1</ele></trkpt>
      <trkpt lat="46.257531029100164" lon="6.886642183245124">
      <ele>2035.4</ele></trkpt>
      <trkpt lat="46.257532947246325" lon="6.886574374764556">
      <ele>2034.6</ele></trkpt>
      <trkpt lat="46.257546359617024" lon="6.886489486239174">
      <ele>2033.9</ele></trkpt>
      <trkpt lat="46.25755141916774" lon="6.886416549046504">
      <ele>2033.1</ele></trkpt>
      <trkpt lat="46.257548996730385" lon="6.8862962211348995">
      <ele>2032.4</ele></trkpt>
      <trkpt lat="46.257552956868466" lon="6.886206331598418">
      <ele>2031.6</ele></trkpt>
      <trkpt lat="46.25757160579204" lon="6.886118017860185">
      <ele>2030.9</ele></trkpt>
      <trkpt lat="46.2575934821773" lon="6.886055090597702">
      <ele>2030.1</ele></trkpt>
      <trkpt lat="46.25762511426629" lon="6.885974620903471">
      <ele>2029.4</ele></trkpt>
      <trkpt lat="46.257610745841745" lon="6.885907885456558">
      <ele>2028.7</ele></trkpt>
      <trkpt lat="46.25760781998394" lon="6.885833771204523">
      <ele>2027.9</ele></trkpt>
      <trkpt lat="46.25760984392132" lon="6.885749049902346">
      <ele>2027.2</ele></trkpt>
      <trkpt lat="46.25761691832545" lon="6.885670645092842">
      <ele>2026.4</ele></trkpt>
      <trkpt lat="46.25762036297502" lon="6.885613429630367">
      <ele>2025.7</ele></trkpt>
      <trkpt lat="46.257629825547006" lon="6.88551383505608">
      <ele>2024.9</ele></trkpt>
      <trkpt lat="46.2576395711414" lon="6.885462949284976">
      <ele>2024.2</ele></trkpt>
      <trkpt lat="46.257647965433186" lon="6.885395113719448">
      <ele>2023.4</ele></trkpt>
      <trkpt lat="46.257653778836385" lon="6.885314594699241">
      <ele>2022.7</ele></trkpt>
      <trkpt lat="46.257663292900794" lon="6.885225582227466">
      <ele>2021.9</ele></trkpt>
      <trkpt lat="46.25766914485364" lon="6.88514929068294">
      <ele>2021.2</ele></trkpt>
      <trkpt lat="46.25766741984025" lon="6.885068822313697">
      <ele>2019.8</ele></trkpt>
      <trkpt lat="46.25768316076016" lon="6.884969176675312">
      <ele>2018.3</ele></trkpt>
      <trkpt lat="46.257675103655025" lon="6.884876063025346">
      <ele>2016.9</ele></trkpt>
      <trkpt lat="46.25771098451687" lon="6.884788973983444">
      <ele>2015.4</ele></trkpt>
      <trkpt lat="46.257738147861375" lon="6.88471464429781">
      <ele>2014.0</ele></trkpt>
      <trkpt lat="46.25774659222301" lon="6.884655289749684">
      <ele>2012.5</ele></trkpt>
      <trkpt lat="46.25774744649772" lon="6.884585403725944">
      <ele>2011.1</ele></trkpt>
      <trkpt lat="46.25773580105218" lon="6.884521947885198">
      <ele>2009.6</ele></trkpt>
      <trkpt lat="46.25771790792871" lon="6.884464910505092">
      <ele>2008.2</ele></trkpt>
      <trkpt lat="46.25770242204957" lon="6.884388771175184">
      <ele>2006.8</ele></trkpt>
      <trkpt lat="46.257703305865434" lon="6.884323112814048">
      <ele>2005.3</ele></trkpt>
      <trkpt lat="46.25771557098678" lon="6.884274315057959">
      <ele>2003.9</ele></trkpt>
      <trkpt lat="46.25770782802126" lon="6.884236251900585">
      <ele>2002.4</ele></trkpt>
      <trkpt lat="46.25767961964372" lon="6.884128442105979">
      <ele>2001.0</ele></trkpt>
      <trkpt lat="46.257672913203095" lon="6.884052252399779">
      <ele>1999.5</ele></trkpt>
      <trkpt lat="46.25767107460419" lon="6.883950606752013">
      <ele>1998.1</ele></trkpt>
      <trkpt lat="46.25767190765313" lon="6.883876480147067">
      <ele>1996.6</ele></trkpt>
      <trkpt lat="46.25767511822559" lon="6.8837790498647555">
      <ele>1995.2</ele></trkpt>
      <trkpt lat="46.257690411721974" lon="6.883672781202422">
      <ele>1993.7</ele></trkpt>
      <trkpt lat="46.25767641040607" lon="6.883629814797615">
      <ele>1992.3</ele></trkpt>
      <trkpt lat="46.25767379489096" lon="6.88355141761353">
      <ele>1990.1</ele></trkpt>
      <trkpt lat="46.25767119530869" lon="6.88346527775133">
      <ele>1988.0</ele></trkpt>
      <trkpt lat="46.257668528205" lon="6.883365391393102">
      <ele>1985.8</ele></trkpt>
      <trkpt lat="46.257657812437316" lon="6.8832843792955165">
      <ele>1983.7</ele></trkpt>
      <trkpt lat="46.257626709331035" lon="6.8832522869320565">
      <ele>1981.5</ele></trkpt>
      <trkpt lat="46.257607888761065" lon="6.883186038555384">
      <ele>1979.3</ele></trkpt>
      <trkpt lat="46.257550897190235" lon="6.883055308654972">
      <ele>1977.2</ele></trkpt>
      <trkpt lat="46.257498730923125" lon="6.882963799934751">
      <ele>1975.0</ele></trkpt>
      <trkpt lat="46.25748444160748" lon="6.882882396667041">
      <ele>1972.9</ele></trkpt>
      <trkpt lat="46.25749388237028" lon="6.882756877018596">
      <ele>1970.7</ele></trkpt>
      <trkpt lat="46.25750865770093" lon="6.882431878347313">
      <ele>1968.5</ele></trkpt>
      <trkpt lat="46.25753490682253" lon="6.882179246050656">
      <ele>1966.4</ele></trkpt>
      <trkpt lat="46.25756270986839" lon="6.88199207822571">
      <ele>1964.2</ele></trkpt>
      <trkpt lat="46.25757931034112" lon="6.881873877360998">
      <ele>1962.1</ele></trkpt>
      <trkpt lat="46.25759068899171" lon="6.8817621495057">
      <ele>1959.9</ele></trkpt>
      <trkpt lat="46.25759421752896" lon="6.881654755755897">
      <ele>1957.7</ele></trkpt>
      <trkpt lat="46.257583417024584" lon="6.8815732261995395">
      <ele>1955.6</ele></trkpt>
      <trkpt lat="46.257591009650994" lon="6.881500171764961">
      <ele>1953.4</ele></trkpt>
      <trkpt lat="46.25756975346983" lon="6.8814272828743315">
      <ele>1951.3</ele></trkpt>
      <trkpt lat="46.257589172460854" lon="6.881362744758939">
      <ele>1949.1</ele></trkpt>
      <trkpt lat="46.25755603374676" lon="6.881266322064825">
      <ele>1947.9</ele></trkpt>
      <trkpt lat="46.25754776125546" lon="6.881161150164979">
      <ele>1946.7</ele></trkpt>
      <trkpt lat="46.25753947489707" lon="6.881049532834599">
      <ele>1945.5</ele></trkpt>
      <trkpt lat="46.25754420713097" lon="6.880916370324698">
      <ele>1944.3</ele></trkpt>
      <trkpt lat="46.25757123759973" lon="6.8807809302069805">
      <ele>1943.1</ele></trkpt>
      <trkpt lat="46.25756318758028" lon="6.880733740587374">
      <ele>1942.0</ele></trkpt>
      <trkpt lat="46.257582692524274" lon="6.880688538174049">
      <ele>1940.8</ele></trkpt>
      <trkpt lat="46.257637350756276" lon="6.880580840748814">
      <ele>1939.6</ele></trkpt>
      <trkpt lat="46.257659362623905" lon="6.880507703124022">
      <ele>1938.4</ele></trkpt>
      <trkpt lat="46.25767626350269" lon="6.880468946928492">
      <ele>1937.2</ele></trkpt>
      <trkpt lat="46.257721935793974" lon="6.880410701501538">
      <ele>1936.0</ele></trkpt>
      <trkpt lat="46.257753010670015" lon="6.880307447352113">
      <ele>1934.8</ele></trkpt>
      <trkpt lat="46.25780004025728" lon="6.880259939156568">
      <ele>1933.6</ele></trkpt>
      <trkpt lat="46.25783233868281" lon="6.880133042535083">
      <ele>1932.4</ele></trkpt>
      <trkpt lat="46.25786486192771" lon="6.880066294139386">
      <ele>1931.2</ele></trkpt>
      <trkpt lat="46.25788934365516" lon="6.879952329848147">
      <ele>1930.1</ele></trkpt>
      <trkpt lat="46.25793364606612" lon="6.879879053640984">
      <ele>1928.9</ele></trkpt>
      <trkpt lat="46.25793201816848" lon="6.879795328766534">
      <ele>1927.7</ele></trkpt>
      <trkpt lat="46.25795776568441" lon="6.879666320001955">
      <ele>1926.5</ele></trkpt>
      <trkpt lat="46.25799019896628" lon="6.879575955308798">
      <ele>1925.3</ele></trkpt>
      <trkpt lat="46.258029334263625" lon="6.879522042772191">
      <ele>1924.1</ele></trkpt>
      <trkpt lat="46.25806187993974" lon="6.879461726233025">
      <ele>1923.0</ele></trkpt>
      <trkpt lat="46.258065573537515" lon="6.879397270537704">
      <ele>1921.8</ele></trkpt>
      <trkpt lat="46.25809681640125" lon="6.879339107177756">
      <ele>1920.6</ele></trkpt>
      <trkpt lat="46.25811629950559" lon="6.879289598279222">
      <ele>1919.5</ele></trkpt>
      <trkpt lat="46.25814089315658" lon="6.879205707451454">
      <ele>1918.3</ele></trkpt>
      <trkpt lat="46.25816951662357" lon="6.879145417935701">
      <ele>1917.1</ele></trkpt>
      <trkpt lat="46.258190348072155" lon="6.8791066335228885">
      <ele>1915.9</ele></trkpt>
      <trkpt lat="46.25818753113089" lon="6.879057262875801">
      <ele>1914.8</ele></trkpt>
      <trkpt lat="46.25818087128735" lon="6.8790293827525755">
      <ele>1913.6</ele></trkpt>
      <trkpt lat="46.25819382845336" lon="6.8789863734626735">
      <ele>1912.4</ele></trkpt>
      <trkpt lat="46.25819351480695" lon="6.878904774611008">
      <ele>1911.3</ele></trkpt>
      <trkpt lat="46.25822594735264" lon="6.878814383136008">
      <ele>1910.1</ele></trkpt>
      <trkpt lat="46.258252774297254" lon="6.878627415740589">
      <ele>1908.9</ele></trkpt>
      <trkpt lat="46.25829192298922" lon="6.8785799348445">
      <ele>1907.8</ele></trkpt>
      <trkpt lat="46.2583431526546" lon="6.878603258230723">
      <ele>1906.6</ele></trkpt>
      <trkpt lat="46.25839771572611" lon="6.878467648387199">
      <ele>1905.4</ele></trkpt>
      <trkpt lat="46.258460389410445" lon="6.878398564833446">
      <ele>1904.2</ele></trkpt>
      <trkpt lat="46.25851907551654" lon="6.8783144648510905">
      <ele>1903.1</ele></trkpt>
      <trkpt lat="46.25859217077948" lon="6.878228128312837">
      <ele>1901.9</ele></trkpt>
      <trkpt lat="46.25864688153012" lon="6.878133317328611">
      <ele>1899.5</ele></trkpt>
      <trkpt lat="46.25869903263034" lon="6.878055703863899">
      <ele>1897.2</ele></trkpt>
      <trkpt lat="46.25873415842064" lon="6.877982493573983">
      <ele>1894.8</ele></trkpt>
      <trkpt lat="46.25876016345885" lon="6.87792220378058">
      <ele>1892.4</ele></trkpt>
      <trkpt lat="46.25878726080552" lon="6.877808235623966">
      <ele>1890.0</ele></trkpt>
      <trkpt lat="46.25881718785567" lon="6.877747931220074">
      <ele>1887.7</ele></trkpt>
      <trkpt lat="46.25883414269495" lon="6.8777220642953925">
      <ele>1885.3</ele></trkpt>
      <trkpt lat="46.258862747317295" lon="6.877661760448687">
      <ele>1882.9</ele></trkpt>
      <trkpt lat="46.25889125683061" lon="6.877571394572083">
      <ele>1880.5</ele></trkpt>
      <trkpt lat="46.258890850418936" lon="6.87746403850616">
      <ele>1878.2</ele></trkpt>
      <trkpt lat="46.25895098686184" lon="6.877418570589548">
      <ele>1875.8</ele></trkpt>
      <trkpt lat="46.25897380258554" lon="6.877212304030506">
      <ele>1873.4</ele></trkpt>
      <trkpt lat="46.258974732016036" lon="6.8771113538598305">
      <ele>1871.0</ele></trkpt>
      <trkpt lat="46.25894032396801" lon="6.8770299758465">
      <ele>1868.7</ele></trkpt>
      <trkpt lat="46.25895831220225" lon="6.8769332333744035">
      <ele>1866.3</ele></trkpt>
      <trkpt lat="46.25892141182201" lon="6.876886211097629">
      <ele>1863.9</ele></trkpt>
      <trkpt lat="46.25891698338367" lon="6.876755253346809">
      <ele>1861.5</ele></trkpt>
      <trkpt lat="46.258906101244584" lon="6.876654373317331">
      <ele>1859.2</ele></trkpt>
      <trkpt lat="46.258892532430956" lon="6.876534209705613">
      <ele>1856.8</ele></trkpt>
      <trkpt lat="46.258918481714986" lon="6.87646104104384">
      <ele>1854.4</ele></trkpt>
      <trkpt lat="46.25892911993921" lon="6.876391467315094">
      <ele>1851.6</ele></trkpt>
      <trkpt lat="46.2589107749789" lon="6.876159271900605">
      <ele>1848.7</ele></trkpt>
      <trkpt lat="46.258920759792204" lon="6.875931180436713">
      <ele>1845.9</ele></trkpt>
      <trkpt lat="46.25890603784146" lon="6.875834347782305">
      <ele>1843.0</ele></trkpt>
      <trkpt lat="46.258953716727355" lon="6.875519931441968">
      <ele>1840.2</ele></trkpt>
      <trkpt lat="46.25893324885785" lon="6.875407387537904">
      <ele>1837.3</ele></trkpt>
      <trkpt lat="46.25896648203137" lon="6.875285027917772">
      <ele>1834.5</ele></trkpt>
      <trkpt lat="46.25895348419033" lon="6.875240080904432">
      <ele>1831.6</ele></trkpt>
      <trkpt lat="46.258968481723606" lon="6.875142824043631">
      <ele>1828.8</ele></trkpt>
      <trkpt lat="46.258925577185835" lon="6.875064453329289">
      <ele>1825.9</ele></trkpt>
      <trkpt lat="46.25890951866033" lon="6.874981174737525">
      <ele>1823.1</ele></trkpt>
      <trkpt lat="46.25889893146288" lon="6.874863976562195">
      <ele>1820.2</ele></trkpt>
      <trkpt lat="46.25886863571189" lon="6.874765113707495">
      <ele>1817.4</ele></trkpt>
      <trkpt lat="46.25879956421156" lon="6.874535571637221">
      <ele>1814.5</ele></trkpt>
      <trkpt lat="46.25877635787948" lon="6.874418867700933">
      <ele>1811.7</ele></trkpt>
      <trkpt lat="46.258741342811064" lon="6.874317175042223">
      <ele>1808.8</ele></trkpt>
      <trkpt lat="46.25873560299997" lon="6.874244930614219">
      <ele>1806.0</ele></trkpt>
      <trkpt lat="46.25870733238118" lon="6.874164424905724">
      <ele>1803.1</ele></trkpt>
      <trkpt lat="46.2586830408836" lon="6.874088131948795">
      <ele>1800.2</ele></trkpt>
      <trkpt lat="46.25866259961089" lon="6.873988415487133">
      <ele>1797.4</ele></trkpt>
      <trkpt lat="46.25863556045329" lon="6.873895135462536">
      <ele>1797.0</ele></trkpt>
      <trkpt lat="46.258605814506346" lon="6.873791248800135">
      <ele>1796.6</ele></trkpt>
      <trkpt lat="46.2585829055372" lon="6.873723449650062">
      <ele>1796.2</ele></trkpt>
      <trkpt lat="46.258553509187216" lon="6.873677000453303">
      <ele>1795.7</ele></trkpt>
      <trkpt lat="46.258514765828664" lon="6.873617873586696">
      <ele>1795.3</ele></trkpt>
      <trkpt lat="46.258480122649715" lon="6.873579986792049">
      <ele>1794.9</ele></trkpt>
      <trkpt lat="46.25844814364434" lon="6.873544186379533">
      <ele>1794.5</ele></trkpt>
      <trkpt lat="46.25840689048191" lon="6.873508495245829">
      <ele>1794.1</ele></trkpt>
      <trkpt lat="46.25836705021708" lon="6.873485525279687">
      <ele>1793.7</ele></trkpt>
      <trkpt lat="46.258332149611846" lon="6.873405115276667">
      <ele>1793.2</ele></trkpt>
      <trkpt lat="46.258296174984785" lon="6.873367229598694">
      <ele>1792.8</ele></trkpt>
      <trkpt lat="46.25829594775364" lon="6.873328946850269">
      <ele>1792.4</ele></trkpt>
      <trkpt lat="46.25826528036017" lon="6.873291006136363">
      <ele>1792.0</ele></trkpt>
      <trkpt lat="46.258237147265056" lon="6.873245361382684">
      <ele>1791.6</ele></trkpt>
      <trkpt lat="46.25822594331016" lon="6.873176118489369">
      <ele>1791.2</ele></trkpt>
      <trkpt lat="46.25825413316782" lon="6.873101706722595">
      <ele>1790.8</ele></trkpt>
      <trkpt lat="46.25820430287822" lon="6.873056222630031">
      <ele>1790.3</ele></trkpt>
      <trkpt lat="46.258162091205435" lon="6.872990777717998">
      <ele>1789.9</ele></trkpt>
      <trkpt lat="46.258093503838005" lon="6.873045921889826">
      <ele>1789.5</ele></trkpt>
      <trkpt lat="46.25804789896549" lon="6.873064708103221">
      <ele>1789.1</ele></trkpt>
      <trkpt lat="46.25799461112943" lon="6.873072589234841">
      <ele>1787.6</ele></trkpt>
      <trkpt lat="46.25795158842903" lon="6.873098650187849">
      <ele>1786.1</ele></trkpt>
      <trkpt lat="46.25790356586552" lon="6.873143075426645">
      <ele>1784.5</ele></trkpt>
      <trkpt lat="46.25783760350575" lon="6.873151075137413">
      <ele>1783.0</ele></trkpt>
      <trkpt lat="46.257710706682765" lon="6.873159720692299">
      <ele>1781.5</ele></trkpt>
      <trkpt lat="46.257606667274175" lon="6.8731717731049935">
      <ele>1780.0</ele></trkpt>
      <trkpt lat="46.257545878727775" lon="6.873198018304903">
      <ele>1778.5</ele></trkpt>
      <trkpt lat="46.25745488833383" lon="6.873279500855152">
      <ele>1776.9</ele></trkpt>
      <trkpt lat="46.25735630629518" lon="6.873368363493347">
      <ele>1775.4</ele></trkpt>
      <trkpt lat="46.25729899663858" lon="6.8733941183202765">
      <ele>1773.9</ele></trkpt>
      <trkpt lat="46.25724953634152" lon="6.873402867110526">
      <ele>1772.4</ele></trkpt>
      <trkpt lat="46.25721514063415" lon="6.873378518349068">
      <ele>1770.9</ele></trkpt>
      <trkpt lat="46.25717289274802" lon="6.873307588891091">
      <ele>1769.3</ele></trkpt>
      <trkpt lat="46.25712880161755" lon="6.873247650401162">
      <ele>1767.8</ele></trkpt>
      <trkpt lat="46.25707912185633" lon="6.873212475843573">
      <ele>1766.3</ele></trkpt>
      <trkpt lat="46.25696448308265" lon="6.873134063342615">
      <ele>1764.8</ele></trkpt>
      <trkpt lat="46.25688234669298" lon="6.87308275566577">
      <ele>1763.3</ele></trkpt>
      <trkpt lat="46.2568060321374" lon="6.873053356903399">
      <ele>1761.7</ele></trkpt>
      <trkpt lat="46.25674513402734" lon="6.873059475346569">
      <ele>1760.2</ele></trkpt>
      <trkpt lat="46.25664223481602" lon="6.873044073876789">
      <ele>1758.7</ele></trkpt>
      <trkpt lat="46.25655660897837" lon="6.8730559479591005">
      <ele>1757.7</ele></trkpt>
      <trkpt lat="46.25647294499071" lon="6.873078773208926">
      <ele>1756.7</ele></trkpt>
      <trkpt lat="46.256381579683506" lon="6.8730852210351285">
      <ele>1755.6</ele></trkpt>
      <trkpt lat="46.256280564755535" lon="6.873067050674864">
      <ele>1754.6</ele></trkpt>
      <trkpt lat="46.25620643159145" lon="6.873092526157703">
      <ele>1753.6</ele></trkpt>
      <trkpt lat="46.25613807904235" lon="6.873131662408797">
      <ele>1752.6</ele></trkpt>
      <trkpt lat="46.25607340337523" lon="6.873143318645313">
      <ele>1751.6</ele></trkpt>
      <trkpt lat="46.256016214312815" lon="6.873130191785766">
      <ele>1750.5</ele></trkpt>
      <trkpt lat="46.255945598081354" lon="6.873097984880703">
      <ele>1749.5</ele></trkpt>
      <trkpt lat="46.25587682021183" lon="6.873052025179131">
      <ele>1748.5</ele></trkpt>
      <trkpt lat="46.25580433810674" lon="6.873028072913147">
      <ele>1747.5</ele></trkpt>
      <trkpt lat="46.25569954087651" lon="6.873012691486036">
      <ele>1746.5</ele></trkpt>
      <trkpt lat="46.25560242236384" lon="6.873010964057813">
      <ele>1745.4</ele></trkpt>
      <trkpt lat="46.25549009308007" lon="6.873014867381795">
      <ele>1744.4</ele></trkpt>
      <trkpt lat="46.2553759481677" lon="6.8730352725335635">
      <ele>1743.4</ele></trkpt>
      <trkpt lat="46.25526549379715" lon="6.8730309342923555">
      <ele>1742.4</ele></trkpt>
      <trkpt lat="46.2551206483252" lon="6.8730049847761245">
      <ele>1741.4</ele></trkpt>
      <trkpt lat="46.25500450033205" lon="6.873006191410923">
      <ele>1740.3</ele></trkpt>
      <trkpt lat="46.254873164371524" lon="6.873015790754476">
      <ele>1739.3</ele></trkpt>
      <trkpt lat="46.25474192447773" lon="6.87304460816844">
      <ele>1738.3</ele></trkpt>
      <trkpt lat="46.254652589610586" lon="6.873075726477487">
      <ele>1737.7</ele></trkpt>
      <trkpt lat="46.254504254713304" lon="6.873112956067812">
      <ele>1737.1</ele></trkpt>
      <trkpt lat="46.254338838486476" lon="6.873161334015433">
      <ele>1736.5</ele></trkpt>
      <trkpt lat="46.254169713241645" lon="6.873228969098736">
      <ele>1735.9</ele></trkpt>
      <trkpt lat="46.25401190703607" lon="6.873277267376419">
      <ele>1735.3</ele></trkpt>
      <trkpt lat="46.25386729008581" lon="6.873295238569383">
      <ele>1734.8</ele></trkpt>
      <trkpt lat="46.253707297907106" lon="6.873285928770011">
      <ele>1734.2</ele></trkpt>
      <trkpt lat="46.2535452936269" lon="6.873257408257574">
      <ele>1733.6</ele></trkpt>
      <trkpt lat="46.253402245525926" lon="6.873209485393609">
      <ele>1733.0</ele></trkpt>
      <trkpt lat="46.2532228488038" lon="6.873126265308446">
      <ele>1732.4</ele></trkpt>
      <trkpt lat="46.25314654320415" lon="6.873096855397815">
      <ele>1731.8</ele></trkpt>
      <trkpt lat="46.25304367149877" lon="6.873086953001058">
      <ele>1731.2</ele></trkpt>
      <trkpt lat="46.252942656588054" lon="6.873068783748346">
      <ele>1730.6</ele></trkpt>
      <trkpt lat="46.25283572381406" lon="6.873009502921833">
      <ele>1730.0</ele></trkpt>
      <trkpt lat="46.25268689497333" lon="6.8729479213776115">
      <ele>1729.5</ele></trkpt>
      <trkpt lat="46.25259145914259" lon="6.872899505378249">
      <ele>1728.9</ele></trkpt>
      <trkpt lat="46.25252662825804" lon="6.872883709832979">
      <ele>1728.3</ele></trkpt>
      <trkpt lat="46.25245618566149" lon="6.872884441765965">
      <ele>1727.7</ele></trkpt>
      <trkpt lat="46.25238395057187" lon="6.872909895984903">
      <ele>1727.1</ele></trkpt>
      <trkpt lat="46.25226620175549" lon="6.872968761147131">
      <ele>1726.5</ele></trkpt>
      <trkpt lat="46.25218452289956" lon="6.873010782318946">
      <ele>1724.7</ele></trkpt>
      <trkpt lat="46.252097328350686" lon="6.873088547860721">
      <ele>1723.0</ele></trkpt>
      <trkpt lat="46.25198167890759" lon="6.873191299174818">
      <ele>1721.2</ele></trkpt>
      <trkpt lat="46.25185071327784" lon="6.873275003950585">
      <ele>1719.4</ele></trkpt>
      <trkpt lat="46.251755743920626" lon="6.873319911470266">
      <ele>1717.6</ele></trkpt>
      <trkpt lat="46.251656723092765" lon="6.873320939535854">
      <ele>1715.8</ele></trkpt>
      <trkpt lat="46.2515480433454" lon="6.873291879300185">
      <ele>1714.1</ele></trkpt>
      <trkpt lat="46.25140872700743" lon="6.873227450538586">
      <ele>1712.3</ele></trkpt>
      <trkpt lat="46.25133419600671" lon="6.873173319850696">
      <ele>1710.5</ele></trkpt>
      <trkpt lat="46.25125764355536" lon="6.873094520121267">
      <ele>1708.8</ele></trkpt>
      <trkpt lat="46.251188577622976" lon="6.872990939723821">
      <ele>1707.0</ele></trkpt>
      <trkpt lat="46.25114632044686" lon="6.872920005542104">
      <ele>1705.2</ele></trkpt>
      <trkpt lat="46.251115464201334" lon="6.872840731609588">
      <ele>1703.4</ele></trkpt>
      <trkpt lat="46.25107099319189" lon="6.872706694906292">
      <ele>1701.7</ele></trkpt>
      <trkpt lat="46.251034108949675" lon="6.872564358165995">
      <ele>1699.9</ele></trkpt>
      <trkpt lat="46.25101440181237" lon="6.87243006437761">
      <ele>1698.1</ele></trkpt>
      <trkpt lat="46.25100049852264" lon="6.872317677218856">
      <ele>1696.3</ele></trkpt>
      <trkpt lat="46.25096197680684" lon="6.872227500130196">
      <ele>1694.5</ele></trkpt>
      <trkpt lat="46.25089314367837" lon="6.87217057584253">
      <ele>1692.8</ele></trkpt>
      <trkpt lat="46.25086053575223" lon="6.872124245254503">
      <ele>1691.0</ele></trkpt>
      <trkpt lat="46.2508507622953" lon="6.872074941000464">
      <ele>1690.1</ele></trkpt>
      <trkpt lat="46.250850418717654" lon="6.8720063338617505">
      <ele>1689.2</ele></trkpt>
      <trkpt lat="46.25083538939404" lon="6.871927842771758">
      <ele>1688.3</ele></trkpt>
      <trkpt lat="46.250861777916285" lon="6.871845989957685">
      <ele>1687.5</ele></trkpt>
      <trkpt lat="46.25090062616761" lon="6.871760661746466">
      <ele>1686.6</ele></trkpt>
      <trkpt lat="46.25094696741596" lon="6.871675242425489">
      <ele>1685.7</ele></trkpt>
      <trkpt lat="46.25100272011797" lon="6.871604559738783">
      <ele>1684.8</ele></trkpt>
      <trkpt lat="46.251065956971864" lon="6.871533811926967">
      <ele>1683.9</ele></trkpt>
      <trkpt lat="46.251216521787136" lon="6.871347547320385">
      <ele>1683.0</ele></trkpt>
      <trkpt lat="46.251235951314975" lon="6.871304201920746">
      <ele>1682.2</ele></trkpt>
      <trkpt lat="46.251242294889984" lon="6.8712650387163094">
      <ele>1681.3</ele></trkpt>
      <trkpt lat="46.251237461893965" lon="6.87123409667711">
      <ele>1680.4</ele></trkpt>
      <trkpt lat="46.25122423163444" lon="6.871205913462851">
      <ele>1679.5</ele></trkpt>
      <trkpt lat="46.25110277015185" lon="6.871042725395223">
      <ele>1678.6</ele></trkpt>
      <trkpt lat="46.25106143599117" lon="6.871005394934832">
      <ele>1677.7</ele></trkpt>
      <trkpt lat="46.25102016731469" lon="6.8709829116123124">
      <ele>1676.8</ele></trkpt>
      <trkpt lat="46.250952722102994" lon="6.870960688260135">
      <ele>1676.0</ele></trkpt>
      <trkpt lat="46.25087783564953" lon="6.870945298583836">
      <ele>1675.1</ele></trkpt>
      <trkpt lat="46.25085072827018" lon="6.870948291393962">
      <ele>1674.2</ele></trkpt>
      <trkpt lat="46.250793715762654" lon="6.870954267271171">
      <ele>1673.3</ele></trkpt>
      <trkpt lat="46.250734796226965" lon="6.8709548815417385">
      <ele>1672.0</ele></trkpt>
      <trkpt lat="46.250663624772606" lon="6.870934058766703">
      <ele>1670.8</ele></trkpt>
      <trkpt lat="46.25049208243467" lon="6.870854969865554">
      <ele>1669.5</ele></trkpt>
      <trkpt lat="46.25043867448383" lon="6.870835297716734">
      <ele>1668.3</ele></trkpt>
      <trkpt lat="46.250392791202266" lon="6.870823625785395">
      <ele>1667.0</ele></trkpt>
      <trkpt lat="46.25034040227118" lon="6.870818790655307">
      <ele>1665.7</ele></trkpt>
      <trkpt lat="46.25027961170508" lon="6.870819424578181">
      <ele>1664.5</ele></trkpt>
      <trkpt lat="46.25022541036022" lon="6.8708280813767715">
      <ele>1663.2</ele></trkpt>
      <trkpt lat="46.25013765886458" lon="6.870857303979406">
      <ele>1662.0</ele></trkpt>
      <trkpt lat="46.2500704301907" lon="6.870878233903652">
      <ele>1660.7</ele></trkpt>
      <trkpt lat="46.25000870181566" lon="6.870880213160827">
      <ele>1659.4</ele></trkpt>
      <trkpt lat="46.249962854669434" lon="6.870873948240921">
      <ele>1658.2</ele></trkpt>
      <trkpt lat="46.24991877265287" lon="6.87085014621597">
      <ele>1656.9</ele></trkpt>
      <trkpt lat="46.24986993635469" lon="6.870807526521655">
      <ele>1655.7</ele></trkpt>
      <trkpt lat="46.249827598982016" lon="6.870756734629862">
      <ele>1654.4</ele></trkpt>
      <trkpt lat="46.249791756110525" lon="6.870695099346818">
      <ele>1653.1</ele></trkpt>
      <trkpt lat="46.24971146564279" lon="6.870536868535325">
      <ele>1651.9</ele></trkpt>
      <trkpt lat="46.249675715169886" lon="6.870495448365396">
      <ele>1650.6</ele></trkpt>
      <trkpt lat="46.249640970143275" lon="6.8704661550121475">
      <ele>1649.4</ele></trkpt>
      <trkpt lat="46.24959506657378" lon="6.870450450993192">
      <ele>1648.1</ele></trkpt>
      <trkpt lat="46.249544498966245" lon="6.870437492832149">
      <ele>1646.5</ele></trkpt>
      <trkpt lat="46.2494556000223" lon="6.870426296231049">
      <ele>1645.0</ele></trkpt>
      <trkpt lat="46.249356356217255" lon="6.870404419003496">
      <ele>1643.4</ele></trkpt>
      <trkpt lat="46.24917373166501" lon="6.870352394837411">
      <ele>1641.8</ele></trkpt>
      <trkpt lat="46.248977881348964" lon="6.870274925181389">
      <ele>1640.3</ele></trkpt>
      <trkpt lat="46.248698510052144" lon="6.870137629776229">
      <ele>1638.7</ele></trkpt>
      <trkpt lat="46.24864500040072" lon="6.870097744618611">
      <ele>1637.1</ele></trkpt>
      <trkpt lat="46.2486102146115" lon="6.870060361148255">
      <ele>1635.6</ele></trkpt>
      <trkpt lat="46.24857369110462" lon="6.870051315576256">
      <ele>1634.0</ele></trkpt>
      <trkpt lat="46.248523252218604" lon="6.870063979250378">
      <ele>1632.4</ele></trkpt>
      <trkpt lat="46.248411211326975" lon="6.870100185575385">
      <ele>1630.9</ele></trkpt>
      <trkpt lat="46.248328987436466" lon="6.87011587812201">
      <ele>1629.3</ele></trkpt>
      <trkpt lat="46.248208339502995" lon="6.870113092098951">
      <ele>1627.8</ele></trkpt>
      <trkpt lat="46.24814662242689" lon="6.870113736456991">
      <ele>1626.2</ele></trkpt>
      <trkpt lat="46.24802417578222" lon="6.870127151752398">
      <ele>1624.6</ele></trkpt>
      <trkpt lat="46.247804593280954" lon="6.870165828836235">
      <ele>1623.1</ele></trkpt>
      <trkpt lat="46.247746733454804" lon="6.870189357988931">
      <ele>1621.5</ele></trkpt>
      <trkpt lat="46.24770106014806" lon="6.870219489593452">
      <ele>1619.9</ele></trkpt>
      <trkpt lat="46.247637839961726" lon="6.870291595892648">
      <ele>1618.4</ele></trkpt>
      <trkpt lat="46.247591303401606" lon="6.870337918756398">
      <ele>1616.8</ele></trkpt>
      <trkpt lat="46.2475323000609" lon="6.870411394134214">
      <ele>1615.3</ele></trkpt>
      <trkpt lat="46.24747218609477" lon="6.870493011020276">
      <ele>1613.8</ele></trkpt>
      <trkpt lat="46.24740506354661" lon="6.8706120965672515">
      <ele>1612.4</ele></trkpt>
      <trkpt lat="46.24728507379435" lon="6.870821060010468">
      <ele>1610.9</ele></trkpt>
      <trkpt lat="46.24716220501557" lon="6.871030026605166">
      <ele>1609.4</ele></trkpt>
      <trkpt lat="46.24708928987002" lon="6.8711439845554345">
      <ele>1608.0</ele></trkpt>
      <trkpt lat="46.24704778917058" lon="6.871202571950594">
      <ele>1606.5</ele></trkpt>
      <trkpt lat="46.247009132856846" lon="6.871250743434265">
      <ele>1605.0</ele></trkpt>
      <trkpt lat="46.24694606836286" lon="6.871319941492995">
      <ele>1603.5</ele></trkpt>
      <trkpt lat="46.246844241887544" lon="6.871414464750506">
      <ele>1602.0</ele></trkpt>
      <trkpt lat="46.246761039520045" lon="6.871488021414872">
      <ele>1600.6</ele></trkpt>
      <trkpt lat="46.24670368884074" lon="6.8715467732527875">
      <ele>1599.1</ele></trkpt>
      <trkpt lat="46.246617659993575" lon="6.871630758031987">
      <ele>1597.6</ele></trkpt>
      <trkpt lat="46.24655318720068" lon="6.8717061936914945">
      <ele>1596.1</ele></trkpt>
      <trkpt lat="46.24649156928123" lon="6.871773300957909">
      <ele>1594.7</ele></trkpt>
      <trkpt lat="46.24643564725161" lon="6.871829949744463">
      <ele>1593.2</ele></trkpt>
      <trkpt lat="46.24640108858917" lon="6.871832397039814">
      <ele>1591.7</ele></trkpt>
      <trkpt lat="46.246365020582196" lon="6.871824461013468">
      <ele>1590.2</ele></trkpt>
      <trkpt lat="46.24632894078221" lon="6.87181237588469">
      <ele>1588.8</ele></trkpt>
      <trkpt lat="46.24626676228663" lon="6.871769404306455">
      <ele>1587.3</ele></trkpt>
      <trkpt lat="46.24621038104412" lon="6.871732609280171">
      <ele>1587.0</ele></trkpt>
      <trkpt lat="46.246155489689855" lon="6.871704110229797">
      <ele>1586.6</ele></trkpt>
      <trkpt lat="46.24607458284049" lon="6.871661333904939">
      <ele>1586.2</ele></trkpt>
      <trkpt lat="46.24601676364492" lon="6.871626615732065">
      <ele>1585.9</ele></trkpt>
      <trkpt lat="46.24595166644365" lon="6.871577464159987">
      <ele>1585.5</ele></trkpt>
      <trkpt lat="46.24589958063963" lon="6.8715343880417725">
      <ele>1585.2</ele></trkpt>
      <trkpt lat="46.245859028258806" lon="6.871493266488141">
      <ele>1584.8</ele></trkpt>
      <trkpt lat="46.24582420021292" lon="6.871443774013226">
      <ele>1584.5</ele></trkpt>
      <trkpt lat="46.24576312623391" lon="6.871332265237429">
      <ele>1584.1</ele></trkpt>
      <trkpt lat="46.24566117814584" lon="6.871117336285494">
      <ele>1583.8</ele></trkpt>
      <trkpt lat="46.245599916156436" lon="6.870968422711919">
      <ele>1583.5</ele></trkpt>
      <trkpt lat="46.245550302213644" lon="6.870844334941632">
      <ele>1583.1</ele></trkpt>
      <trkpt lat="46.24551371291224" lon="6.8707325590859085">
      <ele>1582.8</ele></trkpt>
      <trkpt lat="46.245490230322375" lon="6.87064764221892">
      <ele>1582.4</ele></trkpt>
      <trkpt lat="46.2454695518386" lon="6.8705460994905865">
      <ele>1582.0</ele></trkpt>
      <trkpt lat="46.2454310431409" lon="6.8703388094386675">
      <ele>1581.7</ele></trkpt>
      <trkpt lat="46.245384962078596" lon="6.870056835974389">
      <ele>1581.3</ele></trkpt>
      <trkpt lat="46.24534323986965" lon="6.869783128735771">
      <ele>1581.0</ele></trkpt>
      <trkpt lat="46.24531513734855" lon="6.869640107745458">
      <ele>1580.6</ele></trkpt>
      <trkpt lat="46.24529459519134" lon="6.869567634328111">
      <ele>1580.3</ele></trkpt>
      <trkpt lat="46.245271235654485" lon="6.869505563299914">
      <ele>1577.8</ele></trkpt>
      <trkpt lat="46.24523627236549" lon="6.869431153183896">
      <ele>1575.3</ele></trkpt>
      <trkpt lat="46.24518971147277" lon="6.869340267803339">
      <ele>1572.7</ele></trkpt>
      <trkpt lat="46.24507926140942" lon="6.869154503642012">
      <ele>1570.2</ele></trkpt>
      <trkpt lat="46.244928174023606" lon="6.868910999718494">
      <ele>1567.7</ele></trkpt>
      <trkpt lat="46.244884501672836" lon="6.868822159631416">
      <ele>1565.2</ele></trkpt>
      <trkpt lat="46.24484950664969" lon="6.868741540090252">
      <ele>1562.7</ele></trkpt>
      <trkpt lat="46.24478676046834" lon="6.868584348675639">
      <ele>1560.1</ele></trkpt>
      <trkpt lat="46.24463932853271" lon="6.868207895261934">
      <ele>1557.6</ele></trkpt>
      <trkpt lat="46.24449768235995" lon="6.867835545293027">
      <ele>1555.1</ele></trkpt>
      <trkpt lat="46.24437656947171" lon="6.867535668729819">
      <ele>1552.6</ele></trkpt>
      <trkpt lat="46.244321047902055" lon="6.86738256631727">
      <ele>1550.1</ele></trkpt>
      <trkpt lat="46.24425087580362" lon="6.867183926206544">
      <ele>1547.5</ele></trkpt>
      <trkpt lat="46.24411468028037" lon="6.866753359532833">
      <ele>1545.0</ele></trkpt>
      <trkpt lat="46.244050250616176" lon="6.866548437054238">
      <ele>1542.5</ele></trkpt>
      <trkpt lat="46.24400621919882" lon="6.866388979257538">
      <ele>1540.0</ele></trkpt>
      <trkpt lat="46.24397842758106" lon="6.866308260926776">
      <ele>1537.5</ele></trkpt>
      <trkpt lat="46.24394193746428" lon="6.866215199906524">
      <ele>1534.9</ele></trkpt>
      <trkpt lat="46.24386894937935" lon="6.866031126913956">
      <ele>1532.4</ele></trkpt>
      <trkpt lat="46.24372147592252" lon="6.865646389031232">
      <ele>1529.9</ele></trkpt>
      <trkpt lat="46.243644021802695" lon="6.865433282411494">
      <ele>1528.5</ele></trkpt>
      <trkpt lat="46.243592783612186" lon="6.86527391553237">
      <ele>1527.1</ele></trkpt>
      <trkpt lat="46.2435590973472" lon="6.865166265839153">
      <ele>1525.8</ele></trkpt>
      <trkpt lat="46.2435401389486" lon="6.865122848848437">
      <ele>1524.4</ele></trkpt>
      <trkpt lat="46.24351846897419" lon="6.86511061702259">
      <ele>1523.0</ele></trkpt>
      <trkpt lat="46.243488240264504" lon="6.865117171872812">
      <ele>1521.6</ele></trkpt>
      <trkpt lat="46.243468188458436" lon="6.865140215620949">
      <ele>1520.2</ele></trkpt>
      <trkpt lat="46.243449714388575" lon="6.86519233773093">
      <ele>1518.9</ele></trkpt>
      <trkpt lat="46.24341570473011" lon="6.865304848939743">
      <ele>1517.5</ele></trkpt>
      <trkpt lat="46.2433249245235" lon="6.865588248449907">
      <ele>1516.1</ele></trkpt>
      <trkpt lat="46.24320871629637" lon="6.865973694601423">
      <ele>1514.7</ele></trkpt>
      <trkpt lat="46.243139131398976" lon="6.866175872979079">
      <ele>1513.3</ele></trkpt>
      <trkpt lat="46.24311939459565" lon="6.866261212600587">
      <ele>1512.0</ele></trkpt>
      <trkpt lat="46.243113849246804" lon="6.866304887168709">
      <ele>1510.6</ele></trkpt>
      <trkpt lat="46.24310536390522" lon="6.866338220143137">
      <ele>1509.2</ele></trkpt>
      <trkpt lat="46.24308858913617" lon="6.8663564834325355">
      <ele>1507.8</ele></trkpt>
      <trkpt lat="46.24306078605408" lon="6.866355297523584">
      <ele>1506.4</ele></trkpt>
      <trkpt lat="46.243030429647405" lon="6.866334845661399">
      <ele>1505.1</ele></trkpt>
      <trkpt lat="46.24300423494365" lon="6.866285281264453">
      <ele>1503.7</ele></trkpt>
      <trkpt lat="46.24295162168947" lon="6.866138376864352">
      <ele>1502.3</ele></trkpt>
      <trkpt lat="46.242922411770124" lon="6.866061850043889">
      <ele>1500.6</ele></trkpt>
      <trkpt lat="46.24288745521595" lon="6.865987445254565">
      <ele>1498.9</ele></trkpt>
      <trkpt lat="46.242846753734845" lon="6.86591727588079">
      <ele>1497.2</ele></trkpt>
      <trkpt lat="46.24280180796923" lon="6.86586167264354">
      <ele>1495.5</ele></trkpt>
      <trkpt lat="46.24275537177845" lon="6.865797761312795">
      <ele>1493.8</ele></trkpt>
      <trkpt lat="46.24271188635065" lon="6.865746317797811">
      <ele>1492.2</ele></trkpt>
      <trkpt lat="46.24265825697572" lon="6.865686657237301">
      <ele>1490.5</ele></trkpt>
      <trkpt lat="46.2426104220809" lon="6.865629010302997">
      <ele>1488.8</ele></trkpt>
      <trkpt lat="46.24257701122677" lon="6.8655774351163">
      <ele>1487.1</ele></trkpt>
      <trkpt lat="46.24255367058863" lon="6.865519530592014">
      <ele>1485.4</ele></trkpt>
      <trkpt lat="46.24252581528702" lon="6.8654263686773875">
      <ele>1483.7</ele></trkpt>
      <trkpt lat="46.242484713370246" lon="6.865277257755427">
      <ele>1482.0</ele></trkpt>
      <trkpt lat="46.24244084862497" lon="6.865151034227897">
      <ele>1480.3</ele></trkpt>
      <trkpt lat="46.24237218563889" lon="6.864966935123061">
      <ele>1478.6</ele></trkpt>
      <trkpt lat="46.24230347707467" lon="6.864770364234522">
      <ele>1477.0</ele></trkpt>
      <trkpt lat="46.242253729838154" lon="6.864621358496562">
      <ele>1475.3</ele></trkpt>
      <trkpt lat="46.24217333204023" lon="6.864395830366494">
      <ele>1473.6</ele></trkpt>
      <trkpt lat="46.242073880132274" lon="6.864108205349207">
      <ele>1471.9</ele></trkpt>
      <trkpt lat="46.24198461532443" lon="6.8638391828317005">
      <ele>1470.2</ele></trkpt>
      <trkpt lat="46.2419349180289" lon="6.8636984760848385">
      <ele>1468.5</ele></trkpt>
      <trkpt lat="46.24190995034725" lon="6.863607373071766">
      <ele>1466.4</ele></trkpt>
      <trkpt lat="46.24185997975161" lon="6.863414743559459">
      <ele>1464.3</ele></trkpt>
      <trkpt lat="46.24180700363323" lon="6.8631972398227">
      <ele>1462.2</ele></trkpt>
      <trkpt lat="46.241774786443095" lon="6.8630958286667765">
      <ele>1460.1</ele></trkpt>
      <trkpt lat="46.2417557744783" lon="6.863042042151528">
      <ele>1458.0</ele></trkpt>
      <trkpt lat="46.24173103551253" lon="6.8629924521316">
      <ele>1455.9</ele></trkpt>
      <trkpt lat="46.241694692166185" lon="6.8629305381679995">
      <ele>1453.8</ele></trkpt>
      <trkpt lat="46.241592939545846" lon="6.862757166449907">
      <ele>1451.7</ele></trkpt>
      <trkpt lat="46.24151874660143" lon="6.862616720775878">
      <ele>1449.6</ele></trkpt>
      <trkpt lat="46.2414662465711" lon="6.862494754788218">
      <ele>1447.5</ele></trkpt>
      <trkpt lat="46.24140205410642" lon="6.862339682950746">
      <ele>1445.3</ele></trkpt>
      <trkpt lat="46.241343701433074" lon="6.862199070671452">
      <ele>1443.2</ele></trkpt>
      <trkpt lat="46.241294035527176" lon="6.862066690365799">
      <ele>1441.1</ele></trkpt>
      <trkpt lat="46.241198957414476" lon="6.861789412944679">
      <ele>1439.0</ele></trkpt>
      <trkpt lat="46.241089434691254" lon="6.8615039789097">
      <ele>1436.9</ele></trkpt>
      <trkpt lat="46.24098769101835" lon="6.861216466913135">
      <ele>1434.8</ele></trkpt>
      <trkpt lat="46.240952065667756" lon="6.861115652077083">
      <ele>1432.7</ele></trkpt>
      <trkpt lat="46.240918234668406" lon="6.8610156740364845">
      <ele>1430.6</ele></trkpt>
      <trkpt lat="46.240885041038176" lon="6.860924259274216">
      <ele>1428.5</ele></trkpt>
      <trkpt lat="46.240857894037106" lon="6.860852513309305">
      <ele>1426.4</ele></trkpt>
      <trkpt lat="46.240833654565094" lon="6.86076529517247">
      <ele>1425.4</ele></trkpt>
      <trkpt lat="46.24082142515884" lon="6.860701105259843">
      <ele>1424.5</ele></trkpt>
      <trkpt lat="46.24081625918221" lon="6.860621411987908">
      <ele>1423.5</ele></trkpt>
      <trkpt lat="46.24081571135255" lon="6.8605142097096525">
      <ele>1422.5</ele></trkpt>
      <trkpt lat="46.240823823824975" lon="6.860355470111531">
      <ele>1421.6</ele></trkpt>
      <trkpt lat="46.24082722142837" lon="6.860205363413963">
      <ele>1420.6</ele></trkpt>
      <trkpt lat="46.24083093895878" lon="6.860117848633323">
      <ele>1419.6</ele></trkpt>
      <trkpt lat="46.240837651208054" lon="6.860035449155266">
      <ele>1418.6</ele></trkpt>
      <trkpt lat="46.24084226521926" lon="6.860005386002271">
      <ele>1417.7</ele></trkpt>
      <trkpt lat="46.24085571898965" lon="6.859960643214138">
      <ele>1416.7</ele></trkpt>
      <trkpt lat="46.240875734545" lon="6.859918410726299">
      <ele>1415.7</ele></trkpt>
      <trkpt lat="46.24089161595529" lon="6.85988222497324">
      <ele>1414.8</ele></trkpt>
      <trkpt lat="46.24092119677044" lon="6.8598493163899885">
      <ele>1413.8</ele></trkpt>
      <trkpt lat="46.24094715199131" lon="6.859825145882087">
      <ele>1412.8</ele></trkpt>
      <trkpt lat="46.24097407161767" lon="6.859796064293146">
      <ele>1411.8</ele></trkpt>
      <trkpt lat="46.24099983344912" lon="6.859760473533275">
      <ele>1410.9</ele></trkpt>
      <trkpt lat="46.24101400117624" lon="6.859714633895606">
      <ele>1409.9</ele></trkpt>
      <trkpt lat="46.241018113788186" lon="6.859670988511465">
      <ele>1408.9</ele></trkpt>
      <trkpt lat="46.241011924175744" lon="6.859590048310147">
      <ele>1408.0</ele></trkpt>
      <trkpt lat="46.2409778588233" lon="6.859407667402398">
      <ele>1407.0</ele></trkpt>
      <trkpt lat="46.24091032784153" lon="6.859165406973771">
      <ele>1405.7</ele></trkpt>
      <trkpt lat="46.24086918578982" lon="6.85901008230849">
      <ele>1404.5</ele></trkpt>
      <trkpt lat="46.2408559313683" lon="6.858951452699697">
      <ele>1403.2</ele></trkpt>
      <trkpt lat="46.24082937639424" lon="6.858833986616844">
      <ele>1402.0</ele></trkpt>
      <trkpt lat="46.240813141804004" lon="6.8587573284909285">
      <ele>1400.7</ele></trkpt>
      <trkpt lat="46.2407985093431" lon="6.858715944240923">
      <ele>1399.5</ele></trkpt>
      <trkpt lat="46.240778246029535" lon="6.858697477367797">
      <ele>1398.2</ele></trkpt>
      <trkpt lat="46.240753751735504" lon="6.858697738199446">
      <ele>1397.0</ele></trkpt>
      <trkpt lat="46.24072502646094" lon="6.858716726710529">
      <ele>1395.7</ele></trkpt>
      <trkpt lat="46.24070215075587" lon="6.858750199686482">
      <ele>1394.5</ele></trkpt>
      <trkpt lat="46.240660867693634" lon="6.858848239975322">
      <ele>1393.2</ele></trkpt>
      <trkpt lat="46.24060967438416" lon="6.858983776700828">
      <ele>1391.9</ele></trkpt>
      <trkpt lat="46.24057975296155" lon="6.859048479390537">
      <ele>1390.7</ele></trkpt>
      <trkpt lat="46.240562580901894" lon="6.859071493508786">
      <ele>1389.4</ele></trkpt>
      <trkpt lat="46.24053671118517" lon="6.859084228169802">
      <ele>1388.2</ele></trkpt>
      <trkpt lat="46.24051364551664" lon="6.859082399224946">
      <ele>1386.9</ele></trkpt>
      <trkpt lat="46.240487564681096" lon="6.859055683666661">
      <ele>1385.7</ele></trkpt>
      <trkpt lat="46.24046706732734" lon="6.8589915306737055">
      <ele>1384.4</ele></trkpt>
      <trkpt lat="46.24040549306162" lon="6.858786587595592">
      <ele>1383.2</ele></trkpt>
      <trkpt lat="46.24034979992585" lon="6.8586023521931825">
      <ele>1381.9</ele></trkpt>
      <trkpt lat="46.24029719804688" lon="6.858459623900213">
      <ele>1380.6</ele></trkpt>
      <trkpt lat="46.24025053403325" lon="6.85835212314774">
      <ele>1379.2</ele></trkpt>
      <trkpt lat="46.24019960715123" lon="6.858257140257772">
      <ele>1377.9</ele></trkpt>
      <trkpt lat="46.24014576803445" lon="6.858153878080445">
      <ele>1376.5</ele></trkpt>
      <trkpt lat="46.24009634253183" lon="6.858069264431068">
      <ele>1375.2</ele></trkpt>
      <trkpt lat="46.240067361591535" lon="6.858038418748458">
      <ele>1373.8</ele></trkpt>
      <trkpt lat="46.24003702669838" lon="6.858024208508137">
      <ele>1372.5</ele></trkpt>
      <trkpt lat="46.2400067966874" lon="6.858028679545644">
      <ele>1371.1</ele></trkpt>
      <trkpt lat="46.23997231451327" lon="6.858047729521209">
      <ele>1369.8</ele></trkpt>
      <trkpt lat="46.23994653186411" lon="6.8580791589276835">
      <ele>1368.5</ele></trkpt>
      <trkpt lat="46.239922313033595" lon="6.858131341327207">
      <ele>1367.1</ele></trkpt>
      <trkpt lat="46.23988402622021" lon="6.858252192807111">
      <ele>1365.8</ele></trkpt>
      <trkpt lat="46.239837149742115" lon="6.858385607801095">
      <ele>1364.4</ele></trkpt>
      <trkpt lat="46.239805832031756" lon="6.8584586352312735">
      <ele>1363.1</ele></trkpt>
      <trkpt lat="46.23977725586692" lon="6.8585066890684026">
      <ele>1361.7</ele></trkpt>
      <trkpt lat="46.239725740272796" lon="6.858575782730505">
      <ele>1360.4</ele></trkpt>
      <trkpt lat="46.2396799725216" lon="6.8586447891206115">
      <ele>1359.0</ele></trkpt>
      <trkpt lat="46.23963570464168" lon="6.858722102813916">
      <ele>1357.7</ele></trkpt>
      <trkpt lat="46.23961290343561" lon="6.8587701078397005">
      <ele>1356.3</ele></trkpt>
      <trkpt lat="46.23958591543915" lon="6.858847224414183">
      <ele>1355.0</ele></trkpt>
      <trkpt lat="46.239559055150245" lon="6.858949270793712">
      <ele>1354.1</ele></trkpt>
      <trkpt lat="46.239532086721866" lon="6.859028474319596">
      <ele>1353.2</ele></trkpt>
      <trkpt lat="46.23950214558644" lon="6.8590910885887935">
      <ele>1352.4</ele></trkpt>
      <trkpt lat="46.239452861150724" lon="6.859147996681184">
      <ele>1351.5</ele></trkpt>
      <trkpt lat="46.23939836153673" lon="6.859196597906976">
      <ele>1350.6</ele></trkpt>
      <trkpt lat="46.2393560850904" lon="6.859237756901757">
      <ele>1349.7</ele></trkpt>
      <trkpt lat="46.23933047187306" lon="6.859281253727648">
      <ele>1348.8</ele></trkpt>
      <trkpt lat="46.23931224291443" lon="6.85932976709611">
      <ele>1348.0</ele></trkpt>
      <trkpt lat="46.239295513135566" lon="6.859386458177753">
      <ele>1347.1</ele></trkpt>
      <trkpt lat="46.23927470734228" lon="6.859451762235258">
      <ele>1346.2</ele></trkpt>
      <trkpt lat="46.23925815332563" lon="6.859472513245108">
      <ele>1345.3</ele></trkpt>
      <trkpt lat="46.23924042232536" lon="6.859475981864751">
      <ele>1344.4</ele></trkpt>
      <trkpt lat="46.239211557103694" lon="6.859465904109919">
      <ele>1343.6</ele></trkpt>
      <trkpt lat="46.239188374483554" lon="6.859441232533582">
      <ele>1342.7</ele></trkpt>
      <trkpt lat="46.23917226946318" lon="6.859391554643756">
      <ele>1341.8</ele></trkpt>
      <trkpt lat="46.23916173008798" lon="6.859304453407845">
      <ele>1340.9</ele></trkpt>
      <trkpt lat="46.23915083790676" lon="6.859146737419434">
      <ele>1340.0</ele></trkpt>
      <trkpt lat="46.239147661518956" lon="6.8590886246897975">
      <ele>1339.2</ele></trkpt>
      <trkpt lat="46.23913447579658" lon="6.85904515187529">
      <ele>1338.3</ele></trkpt>
      <trkpt lat="46.23911265793744" lon="6.859005945571117">
      <ele>1337.4</ele></trkpt>
      <trkpt lat="46.239070576661135" lon="6.858948246982736">
      <ele>1336.1</ele></trkpt>
      <trkpt lat="46.23903291948917" lon="6.858911257776459">
      <ele>1334.7</ele></trkpt>
      <trkpt lat="46.23897065999639" lon="6.858851699811258">
      <ele>1333.4</ele></trkpt>
      <trkpt lat="46.23886927373433" lon="6.858751019968298">
      <ele>1332.0</ele></trkpt>
      <trkpt lat="46.23871875876516" lon="6.858621797123311">
      <ele>1330.7</ele></trkpt>
      <trkpt lat="46.2385552404653" lon="6.858486490529831">
      <ele>1329.3</ele></trkpt>
      <trkpt lat="46.23846545144818" lon="6.858400221784312">
      <ele>1328.0</ele></trkpt>
      <trkpt lat="46.23844893586314" lon="6.858382830837655">
      <ele>1326.6</ele></trkpt>
      <trkpt lat="46.23842053556714" lon="6.858352926143217">
      <ele>1325.3</ele></trkpt>
      <trkpt lat="46.238363945945736" lon="6.8582746272507835">
      <ele>1324.0</ele></trkpt>
      <trkpt lat="46.23823621001833" lon="6.8580932415070155">
      <ele>1322.6</ele></trkpt>
      <trkpt lat="46.238143321991814" lon="6.857943079354758">
      <ele>1321.3</ele></trkpt>
      <trkpt lat="46.2380894577209" lon="6.857856001241776">
      <ele>1319.9</ele></trkpt>
      <trkpt lat="46.238076843582" lon="6.85783458890003">
      <ele>1318.6</ele></trkpt>
      <trkpt lat="46.23803993861156" lon="6.857779481840767">
      <ele>1317.2</ele></trkpt>
      <trkpt lat="46.23799964259626" lon="6.857719199338184">
      <ele>1315.9</ele></trkpt>
      <trkpt lat="46.23797369388359" lon="6.857681490451736">
      <ele>1314.5</ele></trkpt>
      <trkpt lat="46.23796870896544" lon="6.8576742446747865">
      <ele>1313.2</ele></trkpt>
      <trkpt lat="46.23793846483963" lon="6.857625172998471">
      <ele>1311.8</ele></trkpt>
      <trkpt lat="46.237813232443" lon="6.857661655300164">
      <ele>1310.5</ele></trkpt>
      <trkpt lat="46.23762603838392" lon="6.857684433890128">
      <ele>1310.2</ele></trkpt>
      <trkpt lat="46.23752384107495" lon="6.857706279802917">
      <ele>1309.9</ele></trkpt>
      <trkpt lat="46.23747061103231" lon="6.857723454792816">
      <ele>1309.5</ele></trkpt>
      <trkpt lat="46.237500702547294" lon="6.857972333140219">
      <ele>1309.2</ele></trkpt>
      <trkpt lat="46.237543017988685" lon="6.858356052659512">
      <ele>1308.9</ele></trkpt>
      <trkpt lat="46.2375629481165" lon="6.858588419670334">
      <ele>1308.6</ele></trkpt>
      <trkpt lat="46.237571420308235" lon="6.8588354547592605">
      <ele>1308.3</ele></trkpt>
      <trkpt lat="46.23756913779428" lon="6.858951768742581">
      <ele>1307.9</ele></trkpt>
      <trkpt lat="46.23756094016235" lon="6.859039066760432">
      <ele>1307.6</ele></trkpt>
      <trkpt lat="46.23754127433829" lon="6.859138958415138">
      <ele>1307.3</ele></trkpt>
      <trkpt lat="46.2374822185571" lon="6.85936586511854">
      <ele>1307.0</ele></trkpt>
      <trkpt lat="46.23746919703146" lon="6.859415916036121">
      <ele>1306.7</ele></trkpt>
      <trkpt lat="46.23738643777721" lon="6.8597361833305595">
      <ele>1306.3</ele></trkpt>
      <trkpt lat="46.237313863119844" lon="6.859991818486958">
      <ele>1306.0</ele></trkpt>
      <trkpt lat="46.237376312156314" lon="6.860102621578127">
      <ele>1305.7</ele></trkpt>
      <trkpt lat="46.23744950097685" lon="6.860218483604039">
      <ele>1305.4</ele></trkpt>
      <trkpt lat="46.237510648226866" lon="6.860308726747037">
      <ele>1305.1</ele></trkpt>
      <trkpt lat="46.237583740283675" lon="6.860405701387133">
      <ele>1304.7</ele></trkpt>
      <trkpt lat="46.2376890778683" lon="6.8605229343037255">
      <ele>1304.4</ele></trkpt>
      <trkpt lat="46.23776842101881" lon="6.860601969275914">
      <ele>1304.1</ele></trkpt>
    </trkseg>
  </trk>
</gpx>