<?xml version='1.0' encoding='utf-8'?>
<gpx xmlns="http://www.topografix.com/GPX/1/1" xmlns:xsi="http://www.w3.org/2001/XMLSchema-instance" xsi:schemaLocation="http://www.topografix.com/GPX/1/1 http://www.topografix.com/GPX/1/1/gpx.xsd" version="1.1" creator="gpx.py -- https://github.com/tkrajina/gpxpy">
  <trk>
    <name>ortstock</name>
    <trkseg>
      <trkpt lat="46.95599333010935" lon="8.985231277665582">
      <ele>1900.3</ele></trkpt>
    <trkpt lat="46.95600241471354" lon="8.985026110298236">
      <ele>1901.4</ele></trkpt>
      <trkpt lat="46.956016009117036" lon="8.984977437343886">
      <ele>1902.5</ele></trkpt>
      <trkpt lat="46.95604002688511" lon="8.984971072673071">
      <ele>1903.7</ele></trkpt>
      <trkpt lat="46.956050810781356" lon="8.984926654927495">
      <ele>1904.8</ele></trkpt>
      <trkpt lat="46.95605179899545" lon="8.984858750117132">
      <ele>1904.9</ele></trkpt>
      <trkpt lat="46.95607071965993" lon="8.984824736849177">
      <ele>1905.0</ele></trkpt>
      <trkpt lat="46.9561236133891" lon="8.984732663870084">
      <ele>1905.1</ele></trkpt>
      <trkpt lat="46.9561580300598" lon="8.98464572219312">
      <ele>1905.2</ele></trkpt>
      <trkpt lat="46.95619177066977" lon="8.984603554965258">
      <ele>1905.3</ele></trkpt>
      <trkpt lat="46.956208668214444" lon="8.984567446602552">
      <ele>1905.5</ele></trkpt>
      <trkpt lat="46.95622590666221" lon="8.98451140160494">
      <ele>1905.6</ele></trkpt>
      <trkpt lat="46.95622813663162" lon="8.984468143411767">
      <ele>1905.7</ele></trkpt>
      <trkpt lat="46.956222712538214" lon="8.984442719211156">
      <ele>1905.8</ele></trkpt>
      <trkpt lat="46.956197650511825" lon="8.984407111430977">
      <ele>1905.9</ele></trkpt>
      <trkpt lat="46.95618754854806" lon="8.984362302638026">
      <ele>1906.0</ele></trkpt>
      <trkpt lat="46.95617984593261" lon="8.98432237212085">
      <ele>1906.1</ele></trkpt>
      <trkpt lat="46.95616751414731" lon="8.984259444941578">
      <ele>1906.2</ele></trkpt>
      <trkpt lat="46.95616080098601" lon="8.984207519900181">
      <ele>1906.3</ele></trkpt>
      <trkpt lat="46.95615496375513" lon="8.984090643181641">
      <ele>1906.5</ele></trkpt>
      <trkpt lat="46.9561478774518" lon="8.98400500355533">
      <ele>1906.6</ele></trkpt>
      <trkpt lat="46.95615159952911" lon="8.983912461091158">
      <ele>1906.7</ele></trkpt>
      <trkpt lat="46.956162131924955" lon="8.98386464571831">
      <ele>1906.8</ele></trkpt>
      <trkpt lat="46.95614814509193" lon="8.98380167106116">
      <ele>1906.9</ele></trkpt>
      <trkpt lat="46.95615798884856" lon="8.983744204301734">
      <ele>1907.0</ele></trkpt>
      <trkpt lat="46.956173264136574" lon="8.983710952956677">
      <ele>1907.1</ele></trkpt>
      <trkpt lat="46.95617875300255" lon="8.983670193129038">
      <ele>1907.1</ele></trkpt>
      <trkpt lat="46.95617777197513" lon="8.983620837642643">
      <ele>1907.2</ele></trkpt>
      <trkpt lat="46.95614423709717" lon="8.983541664281681">
      <ele>1907.2</ele></trkpt>
      <trkpt lat="46.95611022425005" lon="8.983437209237415">
      <ele>1907.3</ele></trkpt>
      <trkpt lat="46.95607266744167" lon="8.983350706625295">
      <ele>1907.4</ele></trkpt>
      <trkpt lat="46.95604541652731" lon="8.98329457770968">
      <ele>1907.4</ele></trkpt>
      <trkpt lat="46.95602139239557" lon="8.983243350840612">
      <ele>1907.5</ele></trkpt>
      <trkpt lat="46.95600253260469" lon="8.983175427200234">
      <ele>1907.5</ele></trkpt>
      <trkpt lat="46.95599577044714" lon="8.983127101385584">
      <ele>1907.6</ele></trkpt>
      <trkpt lat="46.95601619407395" lon="8.98304895449589">
      <ele>1907.7</ele></trkpt>
      <trkpt lat="46.956033984495576" lon="8.982963912238949">
      <ele>1907.7</ele></trkpt>
      <trkpt lat="46.95605328054745" lon="8.982901999999452">
      <ele>1907.8</ele></trkpt>
      <trkpt lat="46.956066504054995" lon="8.982836050006409">
      <ele>1907.8</ele></trkpt>
      <trkpt lat="46.9560849099769" lon="8.982750052945748">
      <ele>1907.9</ele></trkpt>
      <trkpt lat="46.956098241994496" lon="8.982677378369832">
      <ele>1908.0</ele></trkpt>
      <trkpt lat="46.956104620853765" lon="8.982617946009121">
      <ele>1908.0</ele></trkpt>
      <trkpt lat="46.956105296666436" lon="8.982571791824382">
      <ele>1908.1</ele></trkpt>
      <trkpt lat="46.956097904658854" lon="8.982532133369723">
      <ele>1908.1</ele></trkpt>
      <trkpt lat="46.95608095758074" lon="8.982475801697955">
      <ele>1908.2</ele></trkpt>
      <trkpt lat="46.956073356617736" lon="8.982408241278346">
      <ele>1908.3</ele></trkpt>
      <trkpt lat="46.956074686146025" lon="8.982316891538886">
      <ele>1908.5</ele></trkpt>
      <trkpt lat="46.956077443579915" lon="8.982254451176253">
      <ele>1908.6</ele></trkpt>
      <trkpt lat="46.95607692196564" lon="8.982206344179206">
      <ele>1908.7</ele></trkpt>
      <trkpt lat="46.956078131325484" lon="8.982165986903134">
      <ele>1908.8</ele></trkpt>
      <trkpt lat="46.95608304874682" lon="8.98212285854401">
      <ele>1909.0</ele></trkpt>
      <trkpt lat="46.956084513144646" lon="8.982064230998567">
      <ele>1909.1</ele></trkpt>
      <trkpt lat="46.956075312476095" lon="8.982022575960023">
      <ele>1909.2</ele></trkpt>
      <trkpt lat="46.95605280759652" lon="8.98192663885088">
      <ele>1909.3</ele></trkpt>
      <trkpt lat="46.956031113476534" lon="8.981817256741051">
      <ele>1909.5</ele></trkpt>
      <trkpt lat="46.95602780200689" lon="8.98174981972179">
      <ele>1909.6</ele></trkpt>
      <trkpt lat="46.956015282527204" lon="8.981684023468576">
      <ele>1909.7</ele></trkpt>
      <trkpt lat="46.95601398790148" lon="8.981605107606384">
      <ele>1909.8</ele></trkpt>
      <trkpt lat="46.95602134144842" lon="8.981520684901058">
      <ele>1910.0</ele></trkpt>
      <trkpt lat="46.9560266829291" lon="8.981448713544964">
      <ele>1910.1</ele></trkpt>
      <trkpt lat="46.95602904029799" lon="8.98137184727073">
      <ele>1910.2</ele></trkpt>
      <trkpt lat="46.95603848525124" lon="8.981312502912344">
      <ele>1910.3</ele></trkpt>
      <trkpt lat="46.956068522951206" lon="8.981227851235552">
      <ele>1910.5</ele></trkpt>
      <trkpt lat="46.95608135607177" lon="8.981188826403264">
      <ele>1910.6</ele></trkpt>
      <trkpt lat="46.95608415552171" lon="8.981122550351714">
      <ele>1910.7</ele></trkpt>
      <trkpt lat="46.95608921994738" lon="8.981069807724484">
      <ele>1910.7</ele></trkpt>
      <trkpt lat="46.95610287701891" lon="8.981016352616999">
      <ele>1910.6</ele></trkpt>
      <trkpt lat="46.9561074074451" lon="8.980957826215123">
      <ele>1910.6</ele></trkpt>
      <trkpt lat="46.95611551649185" lon="8.980906143325349">
      <ele>1910.6</ele></trkpt>
      <trkpt lat="46.95612794102877" lon="8.980852679043135">
      <ele>1910.5</ele></trkpt>
      <trkpt lat="46.95616169560161" lon="8.980765242912499">
      <ele>1910.5</ele></trkpt>
      <trkpt lat="46.95617763404411" lon="8.980723429419607">
      <ele>1910.5</ele></trkpt>
      <trkpt lat="46.95618737459296" lon="8.980686220894642">
      <ele>1910.4</ele></trkpt>
      <trkpt lat="46.95619444786432" lon="8.980663363410493">
      <ele>1910.4</ele></trkpt>
      <trkpt lat="46.95621081175979" lon="8.980634058140687">
      <ele>1910.3</ele></trkpt>
      <trkpt lat="46.95622725906091" lon="8.98056913291431">
      <ele>1910.3</ele></trkpt>
      <trkpt lat="46.95624593140282" lon="8.980504665718852">
      <ele>1910.3</ele></trkpt>
      <trkpt lat="46.95626299764421" lon="8.980462608520805">
      <ele>1910.2</ele></trkpt>
      <trkpt lat="46.956278691139545" lon="8.980410906599628">
      <ele>1910.2</ele></trkpt>
      <trkpt lat="46.95628435063812" lon="8.980362057085712">
      <ele>1910.2</ele></trkpt>
      <trkpt lat="46.95628229030486" lon="8.980302539735304">
      <ele>1910.1</ele></trkpt>
      <trkpt lat="46.956264788660945" lon="8.98022381538587">
      <ele>1910.1</ele></trkpt>
      <trkpt lat="46.95624264227326" lon="8.98011783698167">
      <ele>1910.1</ele></trkpt>
      <trkpt lat="46.95623200589939" lon="8.980059124772698">
      <ele>1910.0</ele></trkpt>
      <trkpt lat="46.95622117304112" lon="8.980015018540847">
      <ele>1910.0</ele></trkpt>
      <trkpt lat="46.95619219349581" lon="8.979940130371215">
      <ele>1909.9</ele></trkpt>
      <trkpt lat="46.95617786049381" lon="8.979890694078541">
      <ele>1909.8</ele></trkpt>
      <trkpt lat="46.95616935031676" lon="8.979833094189097">
      <ele>1909.7</ele></trkpt>
      <trkpt lat="46.956163480836054" lon="8.979791206573879">
      <ele>1909.7</ele></trkpt>
      <trkpt lat="46.95613757639734" lon="8.97969971916674">
      <ele>1909.6</ele></trkpt>
      <trkpt lat="46.95612507984312" lon="8.979620087639622">
      <ele>1909.5</ele></trkpt>
      <trkpt lat="46.956116877899966" lon="8.979539554442892">
      <ele>1909.4</ele></trkpt>
      <trkpt lat="46.956119303233024" lon="8.979465567579787">
      <ele>1909.3</ele></trkpt>
      <trkpt lat="46.95612248103223" lon="8.979388475001162">
      <ele>1909.2</ele></trkpt>
      <trkpt lat="46.956113171410706" lon="8.979283916634513">
      <ele>1909.2</ele></trkpt>
      <trkpt lat="46.95610462337201" lon="8.979176239716493">
      <ele>1909.1</ele></trkpt>
      <trkpt lat="46.956104405787435" lon="8.979113451087205">
      <ele>1909.0</ele></trkpt>
      <trkpt lat="46.95612044103223" lon="8.979046319369724">
      <ele>1908.9</ele></trkpt>
      <trkpt lat="46.956139060082165" lon="8.978985752819225">
      <ele>1908.8</ele></trkpt>
      <trkpt lat="46.956151202112025" lon="8.978943199250672">
      <ele>1908.7</ele></trkpt>
      <trkpt lat="46.956156248219926" lon="8.978832837392398">
      <ele>1908.6</ele></trkpt>
      <trkpt lat="46.95615525397677" lon="8.978707992972648">
      <ele>1908.6</ele></trkpt>
      <trkpt lat="46.95615705262208" lon="8.978574148963125">
      <ele>1908.5</ele></trkpt>
      <trkpt lat="46.95616432379942" lon="8.97849635897221">
      <ele>1908.4</ele></trkpt>
      <trkpt lat="46.95619051964631" lon="8.978335896442589">
      <ele>1908.3</ele></trkpt>
      <trkpt lat="46.95620697371926" lon="8.978237555975648">
      <ele>1908.1</ele></trkpt>
      <trkpt lat="46.95622279885626" lon="8.978119724071352">
      <ele>1907.9</ele></trkpt>
      <trkpt lat="46.95622511189069" lon="8.97801317309827">
      <ele>1907.7</ele></trkpt>
      <trkpt lat="46.95622274651604" lon="8.977924699967742">
      <ele>1907.5</ele></trkpt>
      <trkpt lat="46.956217587753656" lon="8.977845252758323">
      <ele>1907.3</ele></trkpt>
      <trkpt lat="46.9562153178664" lon="8.977748990420233">
      <ele>1907.1</ele></trkpt>
      <trkpt lat="46.956223461373526" lon="8.977672526095924">
      <ele>1906.9</ele></trkpt>
      <trkpt lat="46.95624150367279" lon="8.977588527116604">
      <ele>1906.7</ele></trkpt>
      <trkpt lat="46.956248407657334" lon="8.977538031120227">
      <ele>1906.5</ele></trkpt>
      <trkpt lat="46.95625046722992" lon="8.977450985605287">
      <ele>1906.3</ele></trkpt>
      <trkpt lat="46.95624454018249" lon="8.97736239729811">
      <ele>1906.1</ele></trkpt>
      <trkpt lat="46.95623525181278" lon="8.977258128786417">
      <ele>1905.9</ele></trkpt>
      <trkpt lat="46.95623321719928" lon="8.977144975266198">
      <ele>1905.7</ele></trkpt>
      <trkpt lat="46.95623298081429" lon="8.977030559269883">
      <ele>1905.5</ele></trkpt>
      <trkpt lat="46.95623277917791" lon="8.976978558859017">
      <ele>1905.3</ele></trkpt>
      <trkpt lat="46.95623909826829" lon="8.976905931573647">
      <ele>1905.1</ele></trkpt>
      <trkpt lat="46.95624175117258" lon="8.976841004391451">
      <ele>1904.9</ele></trkpt>
      <trkpt lat="46.95623371979337" lon="8.976775771244244">
      <ele>1904.7</ele></trkpt>
      <trkpt lat="46.956212787014614" lon="8.97667767369332">
      <ele>1904.5</ele></trkpt>
      <trkpt lat="46.95619361740846" lon="8.976580927556189">
      <ele>1904.3</ele></trkpt>
      <trkpt lat="46.956178637553236" lon="8.976502487065954">
      <ele>1904.3</ele></trkpt>
      <trkpt lat="46.95617538911379" lon="8.976412687981316">
      <ele>1904.3</ele></trkpt>
      <trkpt lat="46.956166781570396" lon="8.976325337188582">
      <ele>1904.3</ele></trkpt>
      <trkpt lat="46.95614313345581" lon="8.976229763915297">
      <ele>1904.2</ele></trkpt>
      <trkpt lat="46.956129995224245" lon="8.976147486913975">
      <ele>1904.2</ele></trkpt>
      <trkpt lat="46.95612281046092" lon="8.976086180796244">
      <ele>1904.2</ele></trkpt>
      <trkpt lat="46.95611504014643" lon="8.976001455808197">
      <ele>1904.2</ele></trkpt>
      <trkpt lat="46.9561205378623" lon="8.975923614823778">
      <ele>1904.2</ele></trkpt>
      <trkpt lat="46.956123399524785" lon="8.975843083547144">
      <ele>1904.2</ele></trkpt>
      <trkpt lat="46.95612722107614" lon="8.975757389479353">
      <ele>1904.2</ele></trkpt>
      <trkpt lat="46.9561280402979" lon="8.97569631246715">
      <ele>1904.1</ele></trkpt>
      <trkpt lat="46.95612880716569" lon="8.975639136501126">
      <ele>1904.1</ele></trkpt>
      <trkpt lat="46.9561252268729" lon="8.975574031054302">
      <ele>1904.1</ele></trkpt>
      <trkpt lat="46.95610817832647" lon="8.975517633048705">
      <ele>1904.1</ele></trkpt>
      <trkpt lat="46.95608315181366" lon="8.97545971910808">
      <ele>1904.1</ele></trkpt>
      <trkpt lat="46.95605692066162" lon="8.975423872008989">
      <ele>1904.1</ele></trkpt>
      <trkpt lat="46.95603710534709" lon="8.975375200044189">
      <ele>1904.0</ele></trkpt>
      <trkpt lat="46.95600477274146" lon="8.975330072540993">
      <ele>1904.0</ele></trkpt>
      <trkpt lat="46.95594765850726" lon="8.975273842516318">
      <ele>1904.0</ele></trkpt>
      <trkpt lat="46.955904781823484" lon="8.97521929447194">
      <ele>1904.0</ele></trkpt>
      <trkpt lat="46.9558530617889" lon="8.975159329593897">
      <ele>1903.9</ele></trkpt>
      <trkpt lat="46.95582237932257" lon="8.975124656307004">
      <ele>1903.8</ele></trkpt>
      <trkpt lat="46.95577797419757" lon="8.975050565335003">
      <ele>1903.6</ele></trkpt>
      <trkpt lat="46.95575193433064" lon="8.975000441164509">
      <ele>1903.5</ele></trkpt>
      <trkpt lat="46.95571360488921" lon="8.97493821857281">
      <ele>1903.4</ele></trkpt>
      <trkpt lat="46.9556795350824" lon="8.974890453389198">
      <ele>1903.2</ele></trkpt>
      <trkpt lat="46.955634169549654" lon="8.97482155182949">
      <ele>1903.1</ele></trkpt>
      <trkpt lat="46.95557914934328" lon="8.974741980740923">
      <ele>1903.0</ele></trkpt>
      <trkpt lat="46.95551381122381" lon="8.974636111235286">
      <ele>1902.9</ele></trkpt>
      <trkpt lat="46.95546583557573" lon="8.974563246115563">
      <ele>1902.8</ele></trkpt>
      <trkpt lat="46.95537938192834" lon="8.9744385485467">
      <ele>1902.6</ele></trkpt>
      <trkpt lat="46.955348036941054" lon="8.974369378501018">
      <ele>1902.5</ele></trkpt>
      <trkpt lat="46.955303880886284" lon="8.974325004752108">
      <ele>1902.4</ele></trkpt>
      <trkpt lat="46.955272202616634" lon="8.974272644119687">
      <ele>1902.2</ele></trkpt>
      <trkpt lat="46.95524579712156" lon="8.97425380903104">
      <ele>1902.1</ele></trkpt>
      <trkpt lat="46.95519214072438" lon="8.974195301537165">
      <ele>1902.0</ele></trkpt>
      <trkpt lat="46.955174183718505" lon="8.974140179824465">
      <ele>1901.9</ele></trkpt>
      <trkpt lat="46.95514496572119" lon="8.97406266165602">
      <ele>1901.8</ele></trkpt>
      <trkpt lat="46.95510948912525" lon="8.973986239222722">
      <ele>1901.6</ele></trkpt>
      <trkpt lat="46.955075384251664" lon="8.973941062694927">
      <ele>1901.5</ele></trkpt>
      <trkpt lat="46.95505188867358" lon="8.973902457057019">
      <ele>1901.5</ele></trkpt>
      <trkpt lat="46.95504967984743" lon="8.97387929448427">
      <ele>1901.5</ele></trkpt>
      <trkpt lat="46.955013673571244" lon="8.973814866770796">
      <ele>1901.6</ele></trkpt>
      <trkpt lat="46.95498402074403" lon="8.973751658750608">
      <ele>1901.6</ele></trkpt>
      <trkpt lat="46.9549599350378" lon="8.973700685183163">
      <ele>1901.6</ele></trkpt>
      <trkpt lat="46.95494164939161" lon="8.973643885762216">
      <ele>1901.6</ele></trkpt>
      <trkpt lat="46.95492296076774" lon="8.97361515414958">
      <ele>1901.6</ele></trkpt>
      <trkpt lat="46.95489456036913" lon="8.9735961311069">
      <ele>1901.7</ele></trkpt>
      <trkpt lat="46.95487404131313" lon="8.973562327914863">
      <ele>1901.7</ele></trkpt>
      <trkpt lat="46.95485681307794" lon="8.973520616790038">
      <ele>1901.7</ele></trkpt>
      <trkpt lat="46.954826824547126" lon="8.973480446312358">
      <ele>1901.7</ele></trkpt>
      <trkpt lat="46.954805005843156" lon="8.973447617817959">
      <ele>1901.7</ele></trkpt>
      <trkpt lat="46.954790754011704" lon="8.973393929724246">
      <ele>1901.8</ele></trkpt>
      <trkpt lat="46.95474713238165" lon="8.973380161360927">
      <ele>1901.8</ele></trkpt>
      <trkpt lat="46.954736306272466" lon="8.973335361569916">
      <ele>1901.8</ele></trkpt>
      <trkpt lat="46.95471504919686" lon="8.973287465058025">
      <ele>1901.8</ele></trkpt>
      <trkpt lat="46.95468326775225" lon="8.973243446274111">
      <ele>1901.8</ele></trkpt>
      <trkpt lat="46.954642080424215" lon="8.973176217240864">
      <ele>1901.9</ele></trkpt>
      <trkpt lat="46.95457858061084" lon="8.973074726938599">
      <ele>1901.9</ele></trkpt>
      <trkpt lat="46.954533751579234" lon="8.973003977876662">
      <ele>1901.9</ele></trkpt>
      <trkpt lat="46.95451612471551" lon="8.972989336281387">
      <ele>1902.1</ele></trkpt>
      <trkpt lat="46.954476522812996" lon="8.97295285988231">
      <ele>1902.2</ele></trkpt>
      <trkpt lat="46.95446112043232" lon="8.97291721929639">
      <ele>1902.4</ele></trkpt>
      <trkpt lat="46.95445320509086" lon="8.972892882290145">
      <ele>1902.5</ele></trkpt>
      <trkpt lat="46.95445285765547" lon="8.97284020939707">
      <ele>1902.7</ele></trkpt>
      <trkpt lat="46.95443914026017" lon="8.972801686886328">
      <ele>1902.9</ele></trkpt>
      <trkpt lat="46.95441823037989" lon="8.972768162197251">
      <ele>1903.0</ele></trkpt>
      <trkpt lat="46.954396063719344" lon="8.972739804862584">
      <ele>1903.2</ele></trkpt>
      <trkpt lat="46.95437175469145" lon="8.972694055440838">
      <ele>1903.3</ele></trkpt>
      <trkpt lat="46.9543487950701" lon="8.97263621689764">
      <ele>1903.5</ele></trkpt>
      <trkpt lat="46.95433228673196" lon="8.972595814710834">
      <ele>1903.7</ele></trkpt>
      <trkpt lat="46.95432125470845" lon="8.972564359213921">
      <ele>1903.8</ele></trkpt>
      <trkpt lat="46.95431622270687" lon="8.972514824402367">
      <ele>1904.0</ele></trkpt>
      <trkpt lat="46.95431513711067" lon="8.972470907711172">
      <ele>1904.1</ele></trkpt>
      <trkpt lat="46.9543181044881" lon="8.97242531979006">
      <ele>1904.3</ele></trkpt>
      <trkpt lat="46.95432315171658" lon="8.972394402297654">
      <ele>1904.5</ele></trkpt>
      <trkpt lat="46.954332273225035" lon="8.972360894410404">
      <ele>1904.6</ele></trkpt>
      <trkpt lat="46.954351501416504" lon="8.972343284734452">
      <ele>1904.8</ele></trkpt>
      <trkpt lat="46.95436257440681" lon="8.972332695165047">
      <ele>1904.9</ele></trkpt>
      <trkpt lat="46.954362952812325" lon="8.972307110341273">
      <ele>1905.1</ele></trkpt>
      <trkpt lat="46.9543631752645" lon="8.972292505636025">
      <ele>1905.8</ele></trkpt>
      <trkpt lat="46.95437519323389" lon="8.97225634740099">
      <ele>1906.5</ele></trkpt>
      <trkpt lat="46.95439128530115" lon="8.972217611881472">
      <ele>1907.3</ele></trkpt>
      <trkpt lat="46.9544016313961" lon="8.972178646595518">
      <ele>1908.0</ele></trkpt>
      <trkpt lat="46.954418598385544" lon="8.972082595442066">
      <ele>1908.7</ele></trkpt>
      <trkpt lat="46.95442776429002" lon="8.972038366917465">
      <ele>1909.4</ele></trkpt>
      <trkpt lat="46.954427066646495" lon="8.971947960696815">
      <ele>1910.1</ele></trkpt>
      <trkpt lat="46.95444243680018" lon="8.971866343533076">
      <ele>1910.9</ele></trkpt>
      <trkpt lat="46.95446843770301" lon="8.971844840590926">
      <ele>1911.6</ele></trkpt>
      <trkpt lat="46.95447459492128" lon="8.97181164209857">
      <ele>1912.3</ele></trkpt>
      <trkpt lat="46.954495866519096" lon="8.971787218562945">
      <ele>1913.0</ele></trkpt>
      <trkpt lat="46.95451260372286" lon="8.971745978454647">
      <ele>1913.7</ele></trkpt>
      <trkpt lat="46.95451212435763" lon="8.971711197724396">
      <ele>1914.5</ele></trkpt>
      <trkpt lat="46.95453830231773" lon="8.97167578502371">
      <ele>1915.2</ele></trkpt>
      <trkpt lat="46.954554853406044" lon="8.971648454251348">
      <ele>1915.9</ele></trkpt>
      <trkpt lat="46.954563419346755" lon="8.971577771776635">
      <ele>1916.6</ele></trkpt>
      <trkpt lat="46.954584555619725" lon="8.971492166776905">
      <ele>1917.3</ele></trkpt>
      <trkpt lat="46.954591633097564" lon="8.971427827559944">
      <ele>1918.1</ele></trkpt>
      <trkpt lat="46.9545891181852" lon="8.971335358888757">
      <ele>1918.8</ele></trkpt>
      <trkpt lat="46.954580665625954" lon="8.971291967618678">
      <ele>1919.5</ele></trkpt>
      <trkpt lat="46.95456438864355" lon="8.971250376592687">
      <ele>1920.0</ele></trkpt>
      <trkpt lat="46.9545676360538" lon="8.971207358596262">
      <ele>1920.4</ele></trkpt>
      <trkpt lat="46.95457992070968" lon="8.971168724236088">
      <ele>1920.9</ele></trkpt>
      <trkpt lat="46.9545856576717" lon="8.971131952811046">
      <ele>1921.4</ele></trkpt>
      <trkpt lat="46.95456137330827" lon="8.971104494840066">
      <ele>1921.8</ele></trkpt>
      <trkpt lat="46.95455416057236" lon="8.971065264799694">
      <ele>1922.3</ele></trkpt>
      <trkpt lat="46.95456130226953" lon="8.971022344760334">
      <ele>1922.8</ele></trkpt>
      <trkpt lat="46.954553998139964" lon="8.970989274541548">
      <ele>1923.2</ele></trkpt>
      <trkpt lat="46.954573058577424" lon="8.970932385597369">
      <ele>1923.7</ele></trkpt>
      <trkpt lat="46.954582634850055" lon="8.970899823194513">
      <ele>1924.2</ele></trkpt>
      <trkpt lat="46.95457938900498" lon="8.970856606804876">
      <ele>1924.6</ele></trkpt>
      <trkpt lat="46.95457882480024" lon="8.970807291354186">
      <ele>1925.1</ele></trkpt>
      <trkpt lat="46.95458591108417" lon="8.970768508622001">
      <ele>1925.5</ele></trkpt>
      <trkpt lat="46.95458912192586" lon="8.970727539301796">
      <ele>1926.0</ele></trkpt>
      <trkpt lat="46.95458902287291" lon="8.97064746442826">
      <ele>1926.5</ele></trkpt>
      <trkpt lat="46.9545664626136" lon="8.970591306660943">
      <ele>1926.9</ele></trkpt>
      <trkpt lat="46.9545655601412" lon="8.970564594631659">
      <ele>1927.4</ele></trkpt>
      <trkpt lat="46.95457143397867" lon="8.970519588604407">
      <ele>1927.9</ele></trkpt>
      <trkpt lat="46.95456911769771" lon="8.970501048432038">
      <ele>1928.3</ele></trkpt>
      <trkpt lat="46.95455405314689" lon="8.97046565465536">
      <ele>1928.8</ele></trkpt>
      <trkpt lat="46.954559579998055" lon="8.970443238640845">
      <ele>1929.4</ele></trkpt>
      <trkpt lat="46.95456152304915" lon="8.970400183412215">
      <ele>1930.0</ele></trkpt>
      <trkpt lat="46.954545218004256" lon="8.970360667918209">
      <ele>1930.6</ele></trkpt>
      <trkpt lat="46.95453253348749" lon="8.970339716650344">
      <ele>1931.3</ele></trkpt>
      <trkpt lat="46.95452284026132" lon="8.970292190701215">
      <ele>1931.9</ele></trkpt>
      <trkpt lat="46.9545155633067" lon="8.970257071629213">
      <ele>1932.5</ele></trkpt>
      <trkpt lat="46.95452422760736" lon="8.970199833493627">
      <ele>1933.1</ele></trkpt>
      <trkpt lat="46.9545182458627" lon="8.97016473822406">
      <ele>1933.7</ele></trkpt>
      <trkpt lat="46.954498037912415" lon="8.970125085278873">
      <ele>1934.3</ele></trkpt>
      <trkpt lat="46.95447182960449" lon="8.970052399502821">
      <ele>1934.9</ele></trkpt>
      <trkpt lat="46.954459801682795" lon="8.969988369643465">
      <ele>1935.6</ele></trkpt>
      <trkpt lat="46.954457869118805" lon="8.969943127962772">
      <ele>1936.2</ele></trkpt>
      <trkpt lat="46.95446225586574" lon="8.96991041752089">
      <ele>1936.8</ele></trkpt>
      <trkpt lat="46.954478771756655" lon="8.969849329980118">
      <ele>1937.4</ele></trkpt>
      <trkpt lat="46.95448492786016" lon="8.969785871059182">
      <ele>1938.0</ele></trkpt>
      <trkpt lat="46.95449623645272" lon="8.969724635026791">
      <ele>1938.6</ele></trkpt>
      <trkpt lat="46.95448766461221" lon="8.969689452866628">
      <ele>1939.3</ele></trkpt>
      <trkpt lat="46.954481883285325" lon="8.969642038581704">
      <ele>1939.9</ele></trkpt>
      <trkpt lat="46.95448509372423" lon="8.96960106927384">
      <ele>1940.5</ele></trkpt>
      <trkpt lat="46.954488240232884" lon="8.969564210790715">
      <ele>1941.1</ele></trkpt>
      <trkpt lat="46.95448251359912" lon="8.969512698567762">
      <ele>1941.5</ele></trkpt>
      <trkpt lat="46.95448192126886" lon="8.96946544533068">
      <ele>1941.9</ele></trkpt>
      <trkpt lat="46.95448401914409" lon="8.969412119494729">
      <ele>1942.3</ele></trkpt>
      <trkpt lat="46.95448598917756" lon="8.969367015313999">
      <ele>1942.7</ele></trkpt>
      <trkpt lat="46.95448146624225" lon="8.969321699823967">
      <ele>1943.1</ele></trkpt>
      <trkpt lat="46.954474225702896" lon="8.969284505922888">
      <ele>1943.6</ele></trkpt>
      <trkpt lat="46.95447874888853" lon="8.969243587149563">
      <ele>1944.0</ele></trkpt>
      <trkpt lat="46.95448309925059" lon="8.969212912222911">
      <ele>1944.4</ele></trkpt>
      <trkpt lat="46.954494170269975" lon="8.969168093637942">
      <ele>1944.8</ele></trkpt>
      <trkpt lat="46.9545076215008" lon="8.969137717427975">
      <ele>1945.2</ele></trkpt>
      <trkpt lat="46.95450292511571" lon="8.969104708676564">
      <ele>1945.6</ele></trkpt>
      <trkpt lat="46.954477244946546" lon="8.969083374314996">
      <ele>1946.0</ele></trkpt>
      <trkpt lat="46.95444150632714" lon="8.969039127262143">
      <ele>1946.4</ele></trkpt>
      <trkpt lat="46.95442135271349" lon="8.968995376850724">
      <ele>1946.8</ele></trkpt>
      <trkpt lat="46.9544012809637" lon="8.968947516160952">
      <ele>1947.2</ele></trkpt>
      <trkpt lat="46.95438478409104" lon="8.96892030742493">
      <ele>1947.7</ele></trkpt>
      <trkpt lat="46.95434762273803" lon="8.968884232167685">
      <ele>1948.1</ele></trkpt>
      <trkpt lat="46.95430677722658" lon="8.968833664349111">
      <ele>1948.5</ele></trkpt>
      <trkpt lat="46.954268594349244" lon="8.968779086102346">
      <ele>1948.9</ele></trkpt>
      <trkpt lat="46.95424050683346" lon="8.96874533238206">
      <ele>1949.3</ele></trkpt>
      <trkpt lat="46.95422803133984" lon="8.968710052498189">
      <ele>1949.8</ele></trkpt>
      <trkpt lat="46.95420151223858" lon="8.96865788267577">
      <ele>1950.3</ele></trkpt>
      <trkpt lat="46.9541634480455" lon="8.968595082793161">
      <ele>1950.8</ele></trkpt>
      <trkpt lat="46.954135125383594" lon="8.968544569841187">
      <ele>1951.3</ele></trkpt>
      <trkpt lat="46.954102888604616" lon="8.968498807029574">
      <ele>1951.8</ele></trkpt>
      <trkpt lat="46.95405925794733" lon="8.968450630616694">
      <ele>1952.2</ele></trkpt>
      <trkpt lat="46.95401421115527" lon="8.968401375944289">
      <ele>1952.7</ele></trkpt>
      <trkpt lat="46.95397907265771" lon="8.968358657848356">
      <ele>1953.2</ele></trkpt>
      <trkpt lat="46.95395055028779" lon="8.968301530429873">
      <ele>1953.7</ele></trkpt>
      <trkpt lat="46.95394104556218" lon="8.968264758722489">
      <ele>1954.2</ele></trkpt>
      <trkpt lat="46.953905503430825" lon="8.968252275982358">
      <ele>1954.7</ele></trkpt>
      <trkpt lat="46.9538314013225" lon="8.968239733225486">
      <ele>1955.2</ele></trkpt>
      <trkpt lat="46.95376665010099" lon="8.968222240483325">
      <ele>1955.7</ele></trkpt>
      <trkpt lat="46.95371400322803" lon="8.968207181602889">
      <ele>1956.2</ele></trkpt>
      <trkpt lat="46.95365241325846" lon="8.968177979907157">
      <ele>1956.6</ele></trkpt>
      <trkpt lat="46.9536231090972" lon="8.968172678132797">
      <ele>1957.1</ele></trkpt>
      <trkpt lat="46.953596290855394" lon="8.968156383911527">
      <ele>1957.6</ele></trkpt>
      <trkpt lat="46.953570481825224" lon="8.968131210044048">
      <ele>1958.1</ele></trkpt>
      <trkpt lat="46.95352579973613" lon="8.968108547119044">
      <ele>1958.6</ele></trkpt>
      <trkpt lat="46.95348845885912" lon="8.968084555970842">
      <ele>1959.1</ele></trkpt>
      <trkpt lat="46.95345096611503" lon="8.968071268981765">
      <ele>1959.8</ele></trkpt>
      <trkpt lat="46.95341436258089" lon="8.968070226778838">
      <ele>1960.4</ele></trkpt>
      <trkpt lat="46.95337777703349" lon="8.96806918508945">
      <ele>1961.1</ele></trkpt>
      <trkpt lat="46.95333177764165" lon="8.968066351220418">
      <ele>1961.8</ele></trkpt>
      <trkpt lat="46.95329837401644" lon="8.968060814564273">
      <ele>1962.4</ele></trkpt>
      <trkpt lat="46.9532744997712" lon="8.968046391245375">
      <ele>1963.1</ele></trkpt>
      <trkpt lat="46.95324622833802" lon="8.968048647718149">
      <ele>1963.8</ele></trkpt>
      <trkpt lat="46.95321341972049" lon="8.96807672481381">
      <ele>1964.5</ele></trkpt>
      <trkpt lat="46.95319146659266" lon="8.968076099748407">
      <ele>1965.1</ele></trkpt>
      <trkpt lat="46.95317683651964" lon="8.968074159050968">
      <ele>1965.8</ele></trkpt>
      <trkpt lat="46.95317384947573" lon="8.968063378746606">
      <ele>1966.5</ele></trkpt>
      <trkpt lat="46.95318156875392" lon="8.968033050042301">
      <ele>1967.1</ele></trkpt>
      <trkpt lat="46.95318723103517" lon="8.968001125484946">
      <ele>1967.8</ele></trkpt>
      <trkpt lat="46.95318421465723" lon="8.967991868487426">
      <ele>1968.5</ele></trkpt>
      <trkpt lat="46.95316738473207" lon="8.967999036295424">
      <ele>1969.2</ele></trkpt>
      <trkpt lat="46.953137059558514" lon="8.96800282415008">
      <ele>1969.8</ele></trkpt>
      <trkpt lat="46.95307436791177" lon="8.96798673074775">
      <ele>1970.5</ele></trkpt>
      <trkpt lat="46.95305155429355" lon="8.967982494246389">
      <ele>1971.2</ele></trkpt>
      <trkpt lat="46.9529998570935" lon="8.96793807069274">
      <ele>1971.8</ele></trkpt>
      <trkpt lat="46.95295974948956" lon="8.967944089627682">
      <ele>1972.5</ele></trkpt>
      <trkpt lat="46.95291888710514" lon="8.967945317581957">
      <ele>1973.5</ele></trkpt>
      <trkpt lat="46.952883608334666" lon="8.9679562434602">
      <ele>1974.5</ele></trkpt>
      <trkpt lat="46.95286458217556" lon="8.967973597176789">
      <ele>1975.5</ele></trkpt>
      <trkpt lat="46.95283463034259" lon="8.968019519450856">
      <ele>1976.5</ele></trkpt>
      <trkpt lat="46.95283658733067" lon="8.967939624041652">
      <ele>1977.5</ele></trkpt>
      <trkpt lat="46.952847116077386" lon="8.967876751224845">
      <ele>1978.6</ele></trkpt>
      <trkpt lat="46.95281264628104" lon="8.967884362846515">
      <ele>1979.6</ele></trkpt>
      <trkpt lat="46.952831924071965" lon="8.967825904192418">
      <ele>1980.6</ele></trkpt>
      <trkpt lat="46.95285548689329" lon="8.9677773692135">
      <ele>1981.6</ele></trkpt>
      <trkpt lat="46.95287201719307" lon="8.967727254403094">
      <ele>1982.6</ele></trkpt>
      <trkpt lat="46.952862219296804" lon="8.967661871469893">
      <ele>1983.6</ele></trkpt>
      <trkpt lat="46.95285436479455" lon="8.967623452661247">
      <ele>1984.6</ele></trkpt>
      <trkpt lat="46.952849547193935" lon="8.967592754094614">
      <ele>1985.6</ele></trkpt>
      <trkpt lat="46.95283669157599" lon="8.967537388115131">
      <ele>1986.6</ele></trkpt>
      <trkpt lat="46.95283306200345" lon="8.967494517204164">
      <ele>1987.7</ele></trkpt>
      <trkpt lat="46.95282940992409" lon="8.967454680778939">
      <ele>1988.7</ele></trkpt>
      <trkpt lat="46.95282587996164" lon="8.967405689919351">
      <ele>1989.7</ele></trkpt>
      <trkpt lat="46.952818853507196" lon="8.967384099580931">
      <ele>1990.7</ele></trkpt>
      <trkpt lat="46.952796357318675" lon="8.967345277299433">
      <ele>1991.7</ele></trkpt>
      <trkpt lat="46.95278288162237" lon="8.96733570960992">
      <ele>1992.7</ele></trkpt>
      <trkpt lat="46.95276534589614" lon="8.967316881616755">
      <ele>1993.5</ele></trkpt>
      <trkpt lat="46.95274997561896" lon="8.967293542878569">
      <ele>1994.4</ele></trkpt>
      <trkpt lat="46.95273893262024" lon="8.967258081725895">
      <ele>1995.2</ele></trkpt>
      <trkpt lat="46.95272771516674" lon="8.96723637218002">
      <ele>1996.1</ele></trkpt>
      <trkpt lat="46.95271031053252" lon="8.967208390074038">
      <ele>1996.9</ele></trkpt>
      <trkpt lat="46.952687006791585" lon="8.967151189767264">
      <ele>1997.8</ele></trkpt>
      <trkpt lat="46.9526864231899" lon="8.967116026304248">
      <ele>1998.6</ele></trkpt>
      <trkpt lat="46.95268798452439" lon="8.967077888762391">
      <ele>1999.5</ele></trkpt>
      <trkpt lat="46.95268383508105" lon="8.967032835277537">
      <ele>2000.3</ele></trkpt>
      <trkpt lat="46.952654792522885" lon="8.966975537492317">
      <ele>2001.2</ele></trkpt>
      <trkpt lat="46.952633776582886" lon="8.966920833153733">
      <ele>2002.0</ele></trkpt>
      <trkpt lat="46.952601577002476" lon="8.966858741908956">
      <ele>2002.8</ele></trkpt>
      <trkpt lat="46.95258056118166" lon="8.966804024536316">
      <ele>2003.7</ele></trkpt>
      <trkpt lat="46.95254963222311" lon="8.966706691418073">
      <ele>2004.5</ele></trkpt>
      <trkpt lat="46.95251960681752" lon="8.966602315350535">
      <ele>2005.4</ele></trkpt>
      <trkpt lat="46.95251607287945" lon="8.966565741052182">
      <ele>2006.2</ele></trkpt>
      <trkpt lat="46.95253329413768" lon="8.966542712137091">
      <ele>2007.1</ele></trkpt>
      <trkpt lat="46.952527089980286" lon="8.966524890029545">
      <ele>2007.9</ele></trkpt>
      <trkpt lat="46.95252978253351" lon="8.966503786593258">
      <ele>2008.8</ele></trkpt>
      <trkpt lat="46.952513078587394" lon="8.966488017724021">
      <ele>2009.6</ele></trkpt>
      <trkpt lat="46.95251775052345" lon="8.966439917454458">
      <ele>2010.8</ele></trkpt>
      <trkpt lat="46.952514583668574" lon="8.966375131108245">
      <ele>2012.0</ele></trkpt>
      <trkpt lat="46.95251977389209" lon="8.96634821244681">
      <ele>2013.2</ele></trkpt>
      <trkpt lat="46.952486397122215" lon="8.966314336972372">
      <ele>2014.4</ele></trkpt>
      <trkpt lat="46.95248480886716" lon="8.966251934301015">
      <ele>2015.6</ele></trkpt>
      <trkpt lat="46.95249879480554" lon="8.966229982662373">
      <ele>2016.8</ele></trkpt>
      <trkpt lat="46.95249202531698" lon="8.966194498902453">
      <ele>2018.0</ele></trkpt>
      <trkpt lat="46.95246884164682" lon="8.966180897751006">
      <ele>2019.2</ele></trkpt>
      <trkpt lat="46.95244765287589" lon="8.966139130875124">
      <ele>2020.4</ele></trkpt>
      <trkpt lat="46.952423470718635" lon="8.966079620173732">
      <ele>2021.7</ele></trkpt>
      <trkpt lat="46.95243984453929" lon="8.966060088286675">
      <ele>2022.9</ele></trkpt>
      <trkpt lat="46.952413079645424" lon="8.966013446051148">
      <ele>2024.1</ele></trkpt>
      <trkpt lat="46.95239660174421" lon="8.965980038205611">
      <ele>2025.3</ele></trkpt>
      <trkpt lat="46.95242540878478" lon="8.965994968509499">
      <ele>2026.5</ele></trkpt>
      <trkpt lat="46.95244634566089" lon="8.965995563819156">
      <ele>2027.7</ele></trkpt>
      <trkpt lat="46.95245495906115" lon="8.965953461889018">
      <ele>2028.9</ele></trkpt>
      <trkpt lat="46.95244766207901" lon="8.965896796350457">
      <ele>2030.1</ele></trkpt>
      <trkpt lat="46.95247787440863" lon="8.965897418838182">
      <ele>2031.3</ele></trkpt>
      <trkpt lat="46.952503749536994" lon="8.965924419300542">
      <ele>2032.5</ele></trkpt>
      <trkpt lat="46.952528152016754" lon="8.965915429698427">
      <ele>2033.7</ele></trkpt>
      <trkpt lat="46.952551981895525" lon="8.965944001276016">
      <ele>2035.2</ele></trkpt>
      <trkpt lat="46.952586382680494" lon="8.965944256738055">
      <ele>2036.8</ele></trkpt>
      <trkpt lat="46.95261363338948" lon="8.965954452204826">
      <ele>2038.3</ele></trkpt>
      <trkpt lat="46.9526629607744" lon="8.96600055361102">
      <ele>2039.8</ele></trkpt>
      <trkpt lat="46.95269640912793" lon="8.96602974040767">
      <ele>2041.4</ele></trkpt>
      <trkpt lat="46.952732471511325" lon="8.966043707751943">
      <ele>2042.9</ele></trkpt>
      <trkpt lat="46.952760940417065" lon="8.966083329938478">
      <ele>2044.4</ele></trkpt>
      <trkpt lat="46.952813705098734" lon="8.966119267744908">
      <ele>2045.9</ele></trkpt>
      <trkpt lat="46.952862038589245" lon="8.966147458963793">
      <ele>2047.5</ele></trkpt>
      <trkpt lat="46.952885568618264" lon="8.966179622398458">
      <ele>2049.0</ele></trkpt>
      <trkpt lat="46.9529157949752" lon="8.966188641311549">
      <ele>2050.5</ele></trkpt>
      <trkpt lat="46.95299089891254" lon="8.966186112700662">
      <ele>2052.1</ele></trkpt>
      <trkpt lat="46.953028217756554" lon="8.96620233646444">
      <ele>2053.6</ele></trkpt>
      <trkpt lat="46.953059802744974" lon="8.966228895332275">
      <ele>2055.1</ele></trkpt>
      <trkpt lat="46.95308735703148" lon="8.966258834605902">
      <ele>2056.7</ele></trkpt>
      <trkpt lat="46.95312734011933" lon="8.966314788073108">
      <ele>2058.2</ele></trkpt>
      <trkpt lat="46.953150007692635" lon="8.966351578462147">
      <ele>2059.7</ele></trkpt>
      <trkpt lat="46.95316519397823" lon="8.966290203918925">
      <ele>2061.2</ele></trkpt>
      <trkpt lat="46.95316135755261" lon="8.966218946450944">
      <ele>2062.8</ele></trkpt>
      <trkpt lat="46.95318160932758" lon="8.966197369800025">
      <ele>2064.3</ele></trkpt>
      <trkpt lat="46.95320206869932" lon="8.96614874555809">
      <ele>2065.0</ele></trkpt>
      <trkpt lat="46.95320990163837" lon="8.966111876519415">
      <ele>2065.6</ele></trkpt>
      <trkpt lat="46.95321684655549" lon="8.966070081320616">
      <ele>2066.3</ele></trkpt>
      <trkpt lat="46.95321606922363" lon="8.966008252713026">
      <ele>2066.9</ele></trkpt>
      <trkpt lat="46.95319863026781" lon="8.965938947209736">
      <ele>2067.6</ele></trkpt>
      <trkpt lat="46.95314994705964" lon="8.9658769128235">
      <ele>2068.2</ele></trkpt>
      <trkpt lat="46.953093938150836" lon="8.965825168423809">
      <ele>2068.9</ele></trkpt>
      <trkpt lat="46.95304965084332" lon="8.965792428030277">
      <ele>2069.5</ele></trkpt>
      <trkpt lat="46.95301075566954" lon="8.965774990353266">
      <ele>2070.2</ele></trkpt>
      <trkpt lat="46.953000749990075" lon="8.96574671964533">
      <ele>2070.9</ele></trkpt>
      <trkpt lat="46.95299383741333" lon="8.965708459204855">
      <ele>2071.5</ele></trkpt>
      <trkpt lat="46.952989153648595" lon="8.965640672924565">
      <ele>2072.2</ele></trkpt>
      <trkpt lat="46.95298780237221" lon="8.96556248326133">
      <ele>2072.8</ele></trkpt>
      <trkpt lat="46.95299969603208" lon="8.96550916133246">
      <ele>2073.5</ele></trkpt>
      <trkpt lat="46.953015651488855" lon="8.96545012107794">
      <ele>2074.1</ele></trkpt>
      <trkpt lat="46.95304675968071" lon="8.96538755660204">
      <ele>2074.8</ele></trkpt>
      <trkpt lat="46.95308718434494" lon="8.965350299973652">
      <ele>2075.4</ele></trkpt>
      <trkpt lat="46.95312649074617" lon="8.9652835273368">
      <ele>2076.1</ele></trkpt>
      <trkpt lat="46.95319363231226" lon="8.965245886765342">
      <ele>2076.7</ele></trkpt>
      <trkpt lat="46.95325832031814" lon="8.965214128404359">
      <ele>2077.4</ele></trkpt>
      <trkpt lat="46.95335246354682" lon="8.965199302532481">
      <ele>2078.2</ele></trkpt>
      <trkpt lat="46.95342774844518" lon="8.965187238610397">
      <ele>2079.0</ele></trkpt>
      <trkpt lat="46.95348229560224" lon="8.965141395693529">
      <ele>2079.7</ele></trkpt>
      <trkpt lat="46.95353069346602" lon="8.965070216347305">
      <ele>2080.5</ele></trkpt>
      <trkpt lat="46.953569280389516" lon="8.965000032594947">
      <ele>2081.3</ele></trkpt>
      <trkpt lat="46.953571675985906" lon="8.964948516084807">
      <ele>2082.1</ele></trkpt>
      <trkpt lat="46.9536025978733" lon="8.964899242283678">
      <ele>2082.9</ele></trkpt>
      <trkpt lat="46.9536253986358" lon="8.964848384341284">
      <ele>2083.6</ele></trkpt>
      <trkpt lat="46.95364792771201" lon="8.96475915205872">
      <ele>2084.4</ele></trkpt>
      <trkpt lat="46.95369227779285" lon="8.964685189890552">
      <ele>2085.2</ele></trkpt>
      <trkpt lat="46.953737585148225" lon="8.96465757069011">
      <ele>2086.0</ele></trkpt>
      <trkpt lat="46.95375616163348" lon="8.964615842558114">
      <ele>2086.8</ele></trkpt>
      <trkpt lat="46.95378797872838" lon="8.964616890967411">
      <ele>2087.5</ele></trkpt>
      <trkpt lat="46.953827699167306" lon="8.964581150541797">
      <ele>2088.3</ele></trkpt>
      <trkpt lat="46.95387158127452" lon="8.96453894549935">
      <ele>2089.1</ele></trkpt>
      <trkpt lat="46.95390353298077" lon="8.964475155239379">
      <ele>2089.9</ele></trkpt>
      <trkpt lat="46.95391995456632" lon="8.964413499078274">
      <ele>2090.7</ele></trkpt>
      <trkpt lat="46.95395451776156" lon="8.96439479815005">
      <ele>2091.4</ele></trkpt>
      <trkpt lat="46.953992980485026" lon="8.964332559132236">
      <ele>2092.2</ele></trkpt>
      <trkpt lat="46.95401281639394" lon="8.964260422643317">
      <ele>2093.0</ele></trkpt>
      <trkpt lat="46.954036644650586" lon="8.964250627366543">
      <ele>2094.4</ele></trkpt>
      <trkpt lat="46.95403240503546" lon="8.964205504743283">
      <ele>2095.7</ele></trkpt>
      <trkpt lat="46.954062164205226" lon="8.964180018699949">
      <ele>2097.1</ele></trkpt>
      <trkpt lat="46.954055127840064" lon="8.964103032579368">
      <ele>2098.4</ele></trkpt>
      <trkpt lat="46.95407704786871" lon="8.964056130089542">
      <ele>2099.8</ele></trkpt>
      <trkpt lat="46.954074111954775" lon="8.96397794647199">
      <ele>2101.2</ele></trkpt>
      <trkpt lat="46.95409602311341" lon="8.963931030524797">
      <ele>2102.5</ele></trkpt>
      <trkpt lat="46.9541173188664" lon="8.963870865738846">
      <ele>2103.9</ele></trkpt>
      <trkpt lat="46.954117876273784" lon="8.963776935206399">
      <ele>2105.2</ele></trkpt>
      <trkpt lat="46.95412823406784" lon="8.963738901802413">
      <ele>2106.6</ele></trkpt>
      <trkpt lat="46.954129442420644" lon="8.963656893987519">
      <ele>2108.0</ele></trkpt>
      <trkpt lat="46.954147956760515" lon="8.963619131536937">
      <ele>2109.3</ele></trkpt>
      <trkpt lat="46.95414600595126" lon="8.963529097835881">
      <ele>2110.7</ele></trkpt>
      <trkpt lat="46.95414776815017" lon="8.963465632208987">
      <ele>2112.0</ele></trkpt>
      <trkpt lat="46.95415637625601" lon="8.963379905743174">
      <ele>2113.4</ele></trkpt>
      <trkpt lat="46.954125987339495" lon="8.963280984153705">
      <ele>2114.8</ele></trkpt>
      <trkpt lat="46.95412848770771" lon="8.963221533860455">
      <ele>2116.1</ele></trkpt>
      <trkpt lat="46.954130443342706" lon="8.96314351533733">
      <ele>2117.5</ele></trkpt>
      <trkpt lat="46.95414673038819" lon="8.963146697431386">
      <ele>2118.8</ele></trkpt>
      <trkpt lat="46.95416572099933" lon="8.963102877929991">
      <ele>2120.2</ele></trkpt>
      <trkpt lat="46.95416908030554" lon="8.963065420974933">
      <ele>2121.6</ele></trkpt>
      <trkpt lat="46.95416108258374" lon="8.96302209690331">
      <ele>2123.0</ele></trkpt>
      <trkpt lat="46.954141857281826" lon="8.962964526511067">
      <ele>2124.4</ele></trkpt>
      <trkpt lat="46.95412617711237" lon="8.962926542416806">
      <ele>2125.8</ele></trkpt>
      <trkpt lat="46.95409279935144" lon="8.962858847392488">
      <ele>2127.1</ele></trkpt>
      <trkpt lat="46.95406942774852" lon="8.962826203057583">
      <ele>2128.5</ele></trkpt>
      <trkpt lat="46.95403946601687" lon="8.962787800683115">
      <ele>2129.9</ele></trkpt>
      <trkpt lat="46.95401902822271" lon="8.962749681722267">
      <ele>2131.3</ele></trkpt>
      <trkpt lat="46.953999775273616" lon="8.962693503567186">
      <ele>2132.7</ele></trkpt>
      <trkpt lat="46.953981687749696" lon="8.962622077496553">
      <ele>2134.1</ele></trkpt>
      <trkpt lat="46.953972721658346" lon="8.962531135588403">
      <ele>2135.5</ele></trkpt>
      <trkpt lat="46.954004976671776" lon="8.962526992019008">
      <ele>2136.9</ele></trkpt>
      <trkpt lat="46.954033529159915" lon="8.962554330345192">
      <ele>2138.3</ele></trkpt>
      <trkpt lat="46.95405432095437" lon="8.962545538731415">
      <ele>2139.7</ele></trkpt>
      <trkpt lat="46.95406265990428" lon="8.96248947326573">
      <ele>2141.1</ele></trkpt>
      <trkpt lat="46.95406648519398" lon="8.962448757875087">
      <ele>2142.4</ele></trkpt>
      <trkpt lat="46.95411712216036" lon="8.962439104752965">
      <ele>2143.8</ele></trkpt>
      <trkpt lat="46.95414144073616" lon="8.962465495199181">
      <ele>2145.2</ele></trkpt>
      <trkpt lat="46.954166583511544" lon="8.962427197711236">
      <ele>2146.6</ele></trkpt>
      <trkpt lat="46.954189222786795" lon="8.962366071792495">
      <ele>2148.0</ele></trkpt>
      <trkpt lat="46.954183877978586" lon="8.962314019696471">
      <ele>2148.2</ele></trkpt>
      <trkpt lat="46.95417169003144" lon="8.962307038598684">
      <ele>2148.3</ele></trkpt>
      <trkpt lat="46.9541270682621" lon="8.962293290490537">
      <ele>2148.5</ele></trkpt>
      <trkpt lat="46.95409971394623" lon="8.962249588345454">
      <ele>2148.7</ele></trkpt>
      <trkpt lat="46.95405923494099" lon="8.962208457189892">
      <ele>2148.8</ele></trkpt>
      <trkpt lat="46.95400082095035" lon="8.962180495435211">
      <ele>2149.0</ele></trkpt>
      <trkpt lat="46.95396128606354" lon="8.962139404325068">
      <ele>2149.2</ele></trkpt>
      <trkpt lat="46.953942559726" lon="8.962057803704312">
      <ele>2149.4</ele></trkpt>
      <trkpt lat="46.95391817997345" lon="8.962006907020932">
      <ele>2149.5</ele></trkpt>
      <trkpt lat="46.95388930399096" lon="8.962003893837476">
      <ele>2149.7</ele></trkpt>
      <trkpt lat="46.953843478520014" lon="8.962023840444125">
      <ele>2149.9</ele></trkpt>
      <trkpt lat="46.95377712938999" lon="8.962027674346038">
      <ele>2150.0</ele></trkpt>
      <trkpt lat="46.95371091977208" lon="8.962022367280257">
      <ele>2150.2</ele></trkpt>
      <trkpt lat="46.953645805767906" lon="8.962006382827175">
      <ele>2150.4</ele></trkpt>
      <trkpt lat="46.95357867243207" lon="8.961999499177049">
      <ele>2150.6</ele></trkpt>
      <trkpt lat="46.95353431008411" lon="8.961968940655641">
      <ele>2150.7</ele></trkpt>
      <trkpt lat="46.953497706352756" lon="8.961981449116013">
      <ele>2150.9</ele></trkpt>
      <trkpt lat="46.95345607987204" lon="8.961955566955256">
      <ele>2151.1</ele></trkpt>
      <trkpt lat="46.95341931228728" lon="8.96191610532751">
      <ele>2151.2</ele></trkpt>
      <trkpt lat="46.95336144827468" lon="8.961851501567288">
      <ele>2151.4</ele></trkpt>
      <trkpt lat="46.95329336435277" lon="8.961783467900988">
      <ele>2151.6</ele></trkpt>
      <trkpt lat="46.95323349929302" lon="8.961727939392828">
      <ele>2151.8</ele></trkpt>
      <trkpt lat="46.953177431140524" lon="8.96173060668628">
      <ele>2152.0</ele></trkpt>
      <trkpt lat="46.95310894102598" lon="8.961752696097147">
      <ele>2152.2</ele></trkpt>
      <trkpt lat="46.95305381297634" lon="8.961692756003579">
      <ele>2152.4</ele></trkpt>
      <trkpt lat="46.95300584205338" lon="8.9617170827374">
      <ele>2152.7</ele></trkpt>
      <trkpt lat="46.9529500646546" lon="8.961699905157994">
      <ele>2152.9</ele></trkpt>
      <trkpt lat="46.952874660629035" lon="8.961685087999225">
      <ele>2153.1</ele></trkpt>
      <trkpt lat="46.952808622324746" lon="8.961667567010512">
      <ele>2153.3</ele></trkpt>
      <trkpt lat="46.95274609140573" lon="8.961602766246253">
      <ele>2153.5</ele></trkpt>
      <trkpt lat="46.95266776667667" lon="8.961532866667952">
      <ele>2153.7</ele></trkpt>
      <trkpt lat="46.952584995597505" lon="8.96144753434681">
      <ele>2153.9</ele></trkpt>
      <trkpt lat="46.95250862257958" lon="8.961371580922282">
      <ele>2154.1</ele></trkpt>
      <trkpt lat="46.95244425007739" lon="8.961305204551483">
      <ele>2154.3</ele></trkpt>
      <trkpt lat="46.95239886418338" lon="8.961273120404218">
      <ele>2154.6</ele></trkpt>
      <trkpt lat="46.95235413564348" lon="8.961236929326146">
      <ele>2154.8</ele></trkpt>
      <trkpt lat="46.95229852450237" lon="8.961172023555605">
      <ele>2155.0</ele></trkpt>
      <trkpt lat="46.9522603586079" lon="8.961112513165169">
      <ele>2155.2</ele></trkpt>
      <trkpt lat="46.95221424490702" lon="8.96107425967088">
      <ele>2155.4</ele></trkpt>
      <trkpt lat="46.95216605086665" lon="8.96104970367438">
      <ele>2155.6</ele></trkpt>
      <trkpt lat="46.95208608983513" lon="8.961027098550979">
      <ele>2154.7</ele></trkpt>
      <trkpt lat="46.95201804472607" lon="8.961008930510365">
      <ele>2153.8</ele></trkpt>
      <trkpt lat="46.95196346246602" lon="8.960959348123223">
      <ele>2152.9</ele></trkpt>
      <trkpt lat="46.95191558848842" lon="8.960881576127381">
      <ele>2152.0</ele></trkpt>
      <trkpt lat="46.95183939121296" lon="8.960725312063902">
      <ele>2151.2</ele></trkpt>
      <trkpt lat="46.951798616102046" lon="8.960641408708767">
      <ele>2150.3</ele></trkpt>
      <trkpt lat="46.95175606038496" lon="8.960551345510622">
      <ele>2149.4</ele></trkpt>
      <trkpt lat="46.95172054267471" lon="8.960427899191773">
      <ele>2148.5</ele></trkpt>
      <trkpt lat="46.95167661624143" lon="8.960304188567747">
      <ele>2147.6</ele></trkpt>
      <trkpt lat="46.95164264885105" lon="8.960202189511513">
      <ele>2146.7</ele></trkpt>
      <trkpt lat="46.951611289019645" lon="8.960112496594576">
      <ele>2145.8</ele></trkpt>
      <trkpt lat="46.951572994253134" lon="8.959987435033476">
      <ele>2144.9</ele></trkpt>
      <trkpt lat="46.95154009971289" lon="8.959869660900432">
      <ele>2144.0</ele></trkpt>
      <trkpt lat="46.951499871352716" lon="8.959818397547895">
      <ele>2143.1</ele></trkpt>
      <trkpt lat="46.95145278367645" lon="8.959781642226424">
      <ele>2142.2</ele></trkpt>
      <trkpt lat="46.95137882570212" lon="8.959731749471864">
      <ele>2141.4</ele></trkpt>
      <trkpt lat="46.951304011209864" lon="8.959677247214463">
      <ele>2140.5</ele></trkpt>
      <trkpt lat="46.95122306495651" lon="8.959657677909458">
      <ele>2139.6</ele></trkpt>
      <trkpt lat="46.95116053807177" lon="8.959655526454021">
      <ele>2138.7</ele></trkpt>
      <trkpt lat="46.95108711361647" lon="8.959686083732588">
      <ele>2137.8</ele></trkpt>
      <trkpt lat="46.95102963569084" lon="8.959712270607518">
      <ele>2137.4</ele></trkpt>
      <trkpt lat="46.95097665712537" lon="8.959758043051355">
      <ele>2137.1</ele></trkpt>
      <trkpt lat="46.950938135719625" lon="8.9597903241988">
      <ele>2136.7</ele></trkpt>
      <trkpt lat="46.95089775346051" lon="8.959819780371035">
      <ele>2136.4</ele></trkpt>
      <trkpt lat="46.950849449180296" lon="8.959872635252806">
      <ele>2136.0</ele></trkpt>
      <trkpt lat="46.95080697579666" lon="8.959915932658406">
      <ele>2135.6</ele></trkpt>
      <trkpt lat="46.95077590585713" lon="8.959960932488489">
      <ele>2135.3</ele></trkpt>
      <trkpt lat="46.95075891446088" lon="8.960021637357872">
      <ele>2134.9</ele></trkpt>
      <trkpt lat="46.950734084053536" lon="8.960098806077717">
      <ele>2134.6</ele></trkpt>
      <trkpt lat="46.95070175599139" lon="8.9601674062747">
      <ele>2134.2</ele></trkpt>
      <trkpt lat="46.9506532393795" lon="8.960235560983143">
      <ele>2133.8</ele></trkpt>
      <trkpt lat="46.95061534789988" lon="8.960292888248619">
      <ele>2133.5</ele></trkpt>
      <trkpt lat="46.950578068449104" lon="8.960375261562477">
      <ele>2133.1</ele></trkpt>
      <trkpt lat="46.95054439915734" lon="8.960473030210721">
      <ele>2132.8</ele></trkpt>
      <trkpt lat="46.950530664515405" lon="8.960503240590874">
      <ele>2132.4</ele></trkpt>
      <trkpt lat="46.95050802401565" lon="8.960487306017509">
      <ele>2132.0</ele></trkpt>
      <trkpt lat="46.950475044308554" lon="8.960461342961809">
      <ele>2131.7</ele></trkpt>
      <trkpt lat="46.95043713197816" lon="8.960447747996175">
      <ele>2131.3</ele></trkpt>
      <trkpt lat="46.950407485497685" lon="8.960458036389022">
      <ele>2131.0</ele></trkpt>
      <trkpt lat="46.950379450836394" lon="8.960489221112779">
      <ele>2130.6</ele></trkpt>
      <trkpt lat="46.950353017977385" lon="8.96054408719918">
      <ele>2131.0</ele></trkpt>
      <trkpt lat="46.95032290092721" lon="8.96058912642767">
      <ele>2131.4</ele></trkpt>
      <trkpt lat="46.95028462831172" lon="8.96060333519959">
      <ele>2131.8</ele></trkpt>
      <trkpt lat="46.950249594252284" lon="8.960588442196334">
      <ele>2132.2</ele></trkpt>
      <trkpt lat="46.95021782639586" lon="8.960543042448396">
      <ele>2132.6</ele></trkpt>
      <trkpt lat="46.9502070476863" lon="8.960518010642362">
      <ele>2132.9</ele></trkpt>
      <trkpt lat="46.950198424610036" lon="8.960497993084854">
      <ele>2133.3</ele></trkpt>
      <trkpt lat="46.9501711557883" lon="8.960472191958413">
      <ele>2133.7</ele></trkpt>
      <trkpt lat="46.95014737941402" lon="8.960463201799955">
      <ele>2134.1</ele></trkpt>
      <trkpt lat="46.95011309862371" lon="8.960466106466601">
      <ele>2134.5</ele></trkpt>
      <trkpt lat="46.9500728082362" lon="8.96046288920911">
      <ele>2134.9</ele></trkpt>
      <trkpt lat="46.9500459539152" lon="8.960460748921093">
      <ele>2135.3</ele></trkpt>
      <trkpt lat="46.95000901317753" lon="8.960483062379268">
      <ele>2135.7</ele></trkpt>
      <trkpt lat="46.94998848868063" lon="8.960495448460167">
      <ele>2136.1</ele></trkpt>
      <trkpt lat="46.949980426634795" lon="8.960500252043452">
      <ele>2136.4</ele></trkpt>
      <trkpt lat="46.9499602582906" lon="8.960512240913092">
      <ele>2136.8</ele></trkpt>
      <trkpt lat="46.949892691878325" lon="8.960537956609967">
      <ele>2137.2</ele></trkpt>
      <trkpt lat="46.9498539963042" lon="8.960563688745811">
      <ele>2137.6</ele></trkpt>
      <trkpt lat="46.949823357889514" lon="8.960584985023166">
      <ele>2138.0</ele></trkpt>
      <trkpt lat="46.94980208055993" lon="8.960622890517811">
      <ele>2138.4</ele></trkpt>
      <trkpt lat="46.949777781129555" lon="8.960647861122107">
      <ele>2138.5</ele></trkpt>
      <trkpt lat="46.94974560378228" lon="8.960664449633171">
      <ele>2138.7</ele></trkpt>
      <trkpt lat="46.94970066199313" lon="8.960679520301355">
      <ele>2138.8</ele></trkpt>
      <trkpt lat="46.9496612679405" lon="8.960698229766418">
      <ele>2138.9</ele></trkpt>
      <trkpt lat="46.949625990870736" lon="8.960707727702252">
      <ele>2139.1</ele></trkpt>
      <trkpt lat="46.94959489271767" lon="8.96070335181106">
      <ele>2139.2</ele></trkpt>
      <trkpt lat="46.949559786089665" lon="8.960700018515144">
      <ele>2139.3</ele></trkpt>
      <trkpt lat="46.94952768619204" lon="8.960710775753732">
      <ele>2139.4</ele></trkpt>
      <trkpt lat="46.94950741074318" lon="8.960733534743156">
      <ele>2139.6</ele></trkpt>
      <trkpt lat="46.94948464103217" lon="8.960763225706298">
      <ele>2139.7</ele></trkpt>
      <trkpt lat="46.94946763573409" lon="8.960780243955483">
      <ele>2139.8</ele></trkpt>
      <trkpt lat="46.94942902638478" lon="8.960800157937896">
      <ele>2140.0</ele></trkpt>
      <trkpt lat="46.949395340076954" lon="8.960828068023579">
      <ele>2140.1</ele></trkpt>
      <trkpt lat="46.94931213137353" lon="8.960835918605394">
      <ele>2140.2</ele></trkpt>
      <trkpt lat="46.94922046477999" lon="8.96084653813562">
      <ele>2140.3</ele></trkpt>
      <trkpt lat="46.94913190376234" lon="8.960837393928811">
      <ele>2140.5</ele></trkpt>
      <trkpt lat="46.94901442225017" lon="8.960810298203576">
      <ele>2140.6</ele></trkpt>
      <trkpt lat="46.9488815612686" lon="8.960781453020104">
      <ele>2140.7</ele></trkpt>
      <trkpt lat="46.948772588952814" lon="8.960763979198514">
      <ele>2140.9</ele></trkpt>
      <trkpt lat="46.948670267177654" lon="8.96073756296762">
      <ele>2141.0</ele></trkpt>
      <trkpt lat="46.94857774413053" lon="8.960743573114534">
      <ele>2139.8</ele></trkpt>
      <trkpt lat="46.948505377678764" lon="8.960712067386254">
      <ele>2138.5</ele></trkpt>
      <trkpt lat="46.94842115916273" lon="8.960661832820334">
      <ele>2137.3</ele></trkpt>
      <trkpt lat="46.94840354841472" lon="8.960658732558727">
      <ele>2136.1</ele></trkpt>
      <trkpt lat="46.94836833608631" lon="8.960652519163402">
      <ele>2134.8</ele></trkpt>
      <trkpt lat="46.94832430921512" lon="8.96064476852839">
      <ele>2133.6</ele></trkpt>
      <trkpt lat="46.94825247214674" lon="8.960578147323126">
      <ele>2132.4</ele></trkpt>
      <trkpt lat="46.94822894818277" lon="8.960514931342574">
      <ele>2131.2</ele></trkpt>
      <trkpt lat="46.948207570231695" lon="8.960457451780739">
      <ele>2129.9</ele></trkpt>
      <trkpt lat="46.94819919637805" lon="8.960434249530904">
      <ele>2128.7</ele></trkpt>
      <trkpt lat="46.948190822519706" lon="8.960411047288327">
      <ele>2127.5</ele></trkpt>
      <trkpt lat="46.94818035761293" lon="8.960382031425993">
      <ele>2126.2</ele></trkpt>
      <trkpt lat="46.948157336207096" lon="8.960318225512145">
      <ele>2125.0</ele></trkpt>
      <trkpt lat="46.94814736999446" lon="8.960297724019362">
      <ele>2123.8</ele></trkpt>
      <trkpt lat="46.948127428739056" lon="8.96025670766884">
      <ele>2122.6</ele></trkpt>
      <trkpt lat="46.94811497549923" lon="8.960231077676701">
      <ele>2121.3</ele></trkpt>
      <trkpt lat="46.94810749628802" lon="8.96021570473652">
      <ele>2120.1</ele></trkpt>
      <trkpt lat="46.948069809518174" lon="8.960138372042014">
      <ele>2118.9</ele></trkpt>
      <trkpt lat="46.94805222294053" lon="8.960102283505393">
      <ele>2117.6</ele></trkpt>
      <trkpt lat="46.94800102667953" lon="8.960028719941336">
      <ele>2116.4</ele></trkpt>
      <trkpt lat="46.94792770963026" lon="8.959981383798388">
      <ele>2115.4</ele></trkpt>
      <trkpt lat="46.9478532787821" lon="8.960000992774377">
      <ele>2114.4</ele></trkpt>
      <trkpt lat="46.947800008044545" lon="8.959977281307665">
      <ele>2113.3</ele></trkpt>
      <trkpt lat="46.94773579442454" lon="8.959969353777566">
      <ele>2112.3</ele></trkpt>
      <trkpt lat="46.94768775782498" lon="8.959954606056383">
      <ele>2111.3</ele></trkpt>
      <trkpt lat="46.94763717579131" lon="8.959930997123315">
      <ele>2110.3</ele></trkpt>
      <trkpt lat="46.947586304510374" lon="8.959849889296482">
      <ele>2109.3</ele></trkpt>
      <trkpt lat="46.947567031463436" lon="8.95979512412066">
      <ele>2108.2</ele></trkpt>
      <trkpt lat="46.9475370776767" lon="8.959756728340983">
      <ele>2107.2</ele></trkpt>
      <trkpt lat="46.947478468040515" lon="8.959724484229762">
      <ele>2106.2</ele></trkpt>
      <trkpt lat="46.94743524109067" lon="8.959681548093702">
      <ele>2105.2</ele></trkpt>
      <trkpt lat="46.94737424176716" lon="8.95961447414884">
      <ele>2104.2</ele></trkpt>
      <trkpt lat="46.94734250129852" lon="8.959566306144">
      <ele>2103.1</ele></trkpt>
      <trkpt lat="46.94733267869641" lon="8.959517352964818">
      <ele>2102.1</ele></trkpt>
      <trkpt lat="46.9473087586027" lon="8.95945411419714">
      <ele>2101.1</ele></trkpt>
      <trkpt lat="46.94728780927252" lon="8.959382604027848">
      <ele>2100.1</ele></trkpt>
      <trkpt lat="46.947284250694466" lon="8.959292129304412">
      <ele>2099.1</ele></trkpt>
      <trkpt lat="46.9472662442331" lon="8.95921376584684">
      <ele>2098.0</ele></trkpt>
      <trkpt lat="46.94725312786032" lon="8.95919808922563">
      <ele>2097.0</ele></trkpt>
      <trkpt lat="46.947211884541986" lon="8.959178542300911">
      <ele>2096.0</ele></trkpt>
      <trkpt lat="46.947199392701" lon="8.95914224414467">
      <ele>2095.8</ele></trkpt>
      <trkpt lat="46.94720903266124" lon="8.959004965849108">
      <ele>2095.6</ele></trkpt>
      <trkpt lat="46.94722443038047" lon="8.958920584959628">
      <ele>2095.4</ele></trkpt>
      <trkpt lat="46.947219143611754" lon="8.958888458318132">
      <ele>2095.2</ele></trkpt>
      <trkpt lat="46.9471952266152" lon="8.958897516496656">
      <ele>2095.0</ele></trkpt>
      <trkpt lat="46.94715991578549" lon="8.958903467058136">
      <ele>2094.8</ele></trkpt>
      <trkpt lat="46.94709603203572" lon="8.958910001621181">
      <ele>2094.6</ele></trkpt>
      <trkpt lat="46.94703510988151" lon="8.958908277601545">
      <ele>2094.4</ele></trkpt>
      <trkpt lat="46.94698113745505" lon="8.958885900901386">
      <ele>2094.2</ele></trkpt>
      <trkpt lat="46.946942667763466" lon="8.958843100465298">
      <ele>2093.9</ele></trkpt>
      <trkpt lat="46.9469176650483" lon="8.95878955363728">
      <ele>2093.7</ele></trkpt>
      <trkpt lat="46.94689834525513" lon="8.958738952824838">
      <ele>2093.5</ele></trkpt>
      <trkpt lat="46.94687295518858" lon="8.95871459992899">
      <ele>2093.3</ele></trkpt>
      <trkpt lat="46.94683312652566" lon="8.958702345471698">
      <ele>2093.1</ele></trkpt>
      <trkpt lat="46.94679206787756" lon="8.958710918646007">
      <ele>2092.9</ele></trkpt>
      <trkpt lat="46.946745919746235" lon="8.958744374794719">
      <ele>2092.7</ele></trkpt>
      <trkpt lat="46.94667350542483" lon="8.958820191834214">
      <ele>2092.5</ele></trkpt>
      <trkpt lat="46.94661955836139" lon="8.958888123262076">
      <ele>2092.3</ele></trkpt>
      <trkpt lat="46.946594451845705" lon="8.958917668442865">
      <ele>2092.1</ele></trkpt>
      <trkpt lat="46.946580168852904" lon="8.95891261358213">
      <ele>2091.9</ele></trkpt>
      <trkpt lat="46.9465741102028" lon="8.958889162501615">
      <ele>2091.2</ele></trkpt>
      <trkpt lat="46.946568783775355" lon="8.958809845277255">
      <ele>2090.6</ele></trkpt>
      <trkpt lat="46.94655658658858" lon="8.958767604702313">
      <ele>2089.9</ele></trkpt>
      <trkpt lat="46.94653994232382" lon="8.958760144600017">
      <ele>2089.2</ele></trkpt>
      <trkpt lat="46.94650700643977" lon="8.95877899768942">
      <ele>2088.6</ele></trkpt>
      <trkpt lat="46.946449887670624" lon="8.958818133851286">
      <ele>2087.9</ele></trkpt>
      <trkpt lat="46.94641457500539" lon="8.95883575038491">
      <ele>2087.2</ele></trkpt>
      <trkpt lat="46.94639071655456" lon="8.958831580702046">
      <ele>2086.5</ele></trkpt>
      <trkpt lat="46.94637773218224" lon="8.95879374530494">
      <ele>2085.9</ele></trkpt>
      <trkpt lat="46.946379791863954" lon="8.958710380839559">
      <ele>2085.2</ele></trkpt>
      <trkpt lat="46.94636707201754" lon="8.958664131867987">
      <ele>2084.5</ele></trkpt>
      <trkpt lat="46.94634529239808" lon="8.958655173370799">
      <ele>2083.9</ele></trkpt>
      <trkpt lat="46.9462648784947" lon="8.958670738778709">
      <ele>2083.2</ele></trkpt>
      <trkpt lat="46.94623276809791" lon="8.958661277801557">
      <ele>2082.5</ele></trkpt>
      <trkpt lat="46.94619756458988" lon="8.958664564556228">
      <ele>2081.8</ele></trkpt>
      <trkpt lat="46.94616615102894" lon="8.958676497840603">
      <ele>2081.2</ele></trkpt>
      <trkpt lat="46.94613945121637" lon="8.95870000714176">
      <ele>2080.5</ele></trkpt>
      <trkpt lat="46.94610485975152" lon="8.958730400445935">
      <ele>2079.8</ele></trkpt>
      <trkpt lat="46.946067534422404" lon="8.958746462315258">
      <ele>2079.2</ele></trkpt>
      <trkpt lat="46.94604151483157" lon="8.95872005568977">
      <ele>2078.5</ele></trkpt>
      <trkpt lat="46.946016775947314" lon="8.958743594124833">
      <ele>2077.8</ele></trkpt>
      <trkpt lat="46.9459951769817" lon="8.958751535392508">
      <ele>2077.1</ele></trkpt>
      <trkpt lat="46.94596098257901" lon="8.95875199982408">
      <ele>2076.4</ele></trkpt>
      <trkpt lat="46.9459267123854" lon="8.958758176848848">
      <ele>2075.7</ele></trkpt>
      <trkpt lat="46.94590212389773" lon="8.958771735105824">
      <ele>2075.1</ele></trkpt>
      <trkpt lat="46.94588594807913" lon="8.958738460377637">
      <ele>2074.4</ele></trkpt>
      <trkpt lat="46.94588485657032" lon="8.958674253689388">
      <ele>2073.7</ele></trkpt>
      <trkpt lat="46.94588768803502" lon="8.958607307197342">
      <ele>2073.0</ele></trkpt>
      <trkpt lat="46.94589152180694" lon="8.958512275190726">
      <ele>2072.3</ele></trkpt>
      <trkpt lat="46.94589222244191" lon="8.958459456710253">
      <ele>2071.6</ele></trkpt>
      <trkpt lat="46.94588783889225" lon="8.958359226330732">
      <ele>2070.9</ele></trkpt>
      <trkpt lat="46.94586198376683" lon="8.958298707036189">
      <ele>2070.2</ele></trkpt>
      <trkpt lat="46.94583587048438" lon="8.958257649985658">
      <ele>2069.5</ele></trkpt>
      <trkpt lat="46.94581919866876" lon="8.95822241710769">
      <ele>2068.8</ele></trkpt>
      <trkpt lat="46.945796631507044" lon="8.958200929900537">
      <ele>2068.1</ele></trkpt>
      <trkpt lat="46.94576223726988" lon="8.95820967865703">
      <ele>2067.5</ele></trkpt>
      <trkpt lat="46.94571802366236" lon="8.958240417343848">
      <ele>2066.8</ele></trkpt>
      <trkpt lat="46.94566340613192" lon="8.95826667090659">
      <ele>2066.1</ele></trkpt>
      <trkpt lat="46.94562869836876" lon="8.95829905779003">
      <ele>2065.4</ele></trkpt>
      <trkpt lat="46.945568028944336" lon="8.958350179639579">
      <ele>2064.7</ele></trkpt>
      <trkpt lat="46.94552762872891" lon="8.95838101283691">
      <ele>2058.3</ele></trkpt>
      <trkpt lat="46.94546914251438" lon="8.958411334359702">
      <ele>2051.9</ele></trkpt>
      <trkpt lat="46.94541063782656" lon="8.958443047837463">
      <ele>2045.5</ele></trkpt>
      <trkpt lat="46.945352123657685" lon="8.95847615352008">
      <ele>2039.0</ele></trkpt>
      <trkpt lat="46.94526585178804" lon="8.958519601036159">
      <ele>2032.6</ele></trkpt>
      <trkpt lat="46.94521021648353" lon="8.958550002916326">
      <ele>2026.2</ele></trkpt>
      <trkpt lat="46.94517313711324" lon="8.958546168826942">
      <ele>2019.8</ele></trkpt>
      <trkpt lat="46.94514575720881" lon="8.958528710057742">
      <ele>2013.4</ele></trkpt>
      <trkpt lat="46.945114877434186" lon="8.958487518596977">
      <ele>2007.0</ele></trkpt>
      <trkpt lat="46.945088234890875" lon="8.958414471293292">
      <ele>2000.5</ele></trkpt>
      <trkpt lat="46.94505744950001" lon="8.958338351023231">
      <ele>1994.1</ele></trkpt>
      <trkpt lat="46.94501122336513" lon="8.958319360880731">
      <ele>1987.7</ele></trkpt>
      <trkpt lat="46.94495436487486" lon="8.95832328325935">
      <ele>1981.3</ele></trkpt>
      <trkpt lat="46.944898715024955" lon="8.958363603246367">
      <ele>1974.9</ele></trkpt>
      <trkpt lat="46.944825200828944" lon="8.958389413695949">
      <ele>1968.5</ele></trkpt>
      <trkpt lat="46.94475685780962" lon="8.958407238529837">
      <ele>1962.1</ele></trkpt>
      <trkpt lat="46.9447016190523" lon="8.958462007506341">
      <ele>1955.6</ele></trkpt>
      <trkpt lat="46.944642968710546" lon="8.958470109139775">
      <ele>1949.2</ele></trkpt>
      <trkpt lat="46.944587650093496" lon="8.95845493428339">
      <ele>1942.8</ele></trkpt>
      <trkpt lat="46.94454364276383" lon="8.958436204027654">
      <ele>1936.4</ele></trkpt>
      <trkpt lat="46.94446650350138" lon="8.958439578806455">
      <ele>1943.1</ele></trkpt>
      <trkpt lat="46.944376379774404" lon="8.958388159882325">
      <ele>1949.8</ele></trkpt>
      <trkpt lat="46.94437366436843" lon="8.958309353339242">
      <ele>1956.6</ele></trkpt>
      <trkpt lat="46.94438667340137" lon="8.958197466067993">
      <ele>1963.3</ele></trkpt>
      <trkpt lat="46.9443860949456" lon="8.958129150700513">
      <ele>1970.0</ele></trkpt>
      <trkpt lat="46.94437292642521" lon="8.958088224501692">
      <ele>1976.7</ele></trkpt>
      <trkpt lat="46.94434204245559" lon="8.958003918337752">
      <ele>1983.4</ele></trkpt>
      <trkpt lat="46.94432471140636" lon="8.957970901156726">
      <ele>1990.2</ele></trkpt>
      <trkpt lat="46.944316021528174" lon="8.95792332303965">
      <ele>1996.9</ele></trkpt>
      <trkpt lat="46.944279497547726" lon="8.957926454585525">
      <ele>2003.6</ele></trkpt>
      <trkpt lat="46.94424722763168" lon="8.957928340188689">
      <ele>2010.3</ele></trkpt>
      <trkpt lat="46.944205570439266" lon="8.95787146168605">
      <ele>2017.0</ele></trkpt>
      <trkpt lat="46.94418289820772" lon="8.957790041765765">
      <ele>2023.8</ele></trkpt>
      <trkpt lat="46.94417581021787" lon="8.957686782379982">
      <ele>2030.5</ele></trkpt>
      <trkpt lat="46.944153257575664" lon="8.95759701090457">
      <ele>2037.2</ele></trkpt>
      <trkpt lat="46.94413476510269" lon="8.957521292529158">
      <ele>2043.9</ele></trkpt>
      <trkpt lat="46.94413878638637" lon="8.957411371643998">
      <ele>2050.6</ele></trkpt>
      <trkpt lat="46.944116287489834" lon="8.95733178295514">
      <ele>2057.4</ele></trkpt>
      <trkpt lat="46.944080792014205" lon="8.957260037514649">
      <ele>2064.1</ele></trkpt>
      <trkpt lat="46.94405799361336" lon="8.957232226043114">
      <ele>2070.8</ele></trkpt>
      <trkpt lat="46.94402108586826" lon="8.957214761739126">
      <ele>2070.2</ele></trkpt>
      <trkpt lat="46.94398951263139" lon="8.957206171109101">
      <ele>2069.6</ele></trkpt>
      <trkpt lat="46.943949997442225" lon="8.95718043575718">
      <ele>2069.0</ele></trkpt>
      <trkpt lat="46.94392689120647" lon="8.957150054004144">
      <ele>2068.5</ele></trkpt>
      <trkpt lat="46.943904722159225" lon="8.95712634600165">
      <ele>2067.9</ele></trkpt>
      <trkpt lat="46.94387620892321" lon="8.95711835426543">
      <ele>2067.3</ele></trkpt>
      <trkpt lat="46.94382092973123" lon="8.957123951432225">
      <ele>2066.7</ele></trkpt>
      <trkpt lat="46.943797897731436" lon="8.95711376314159">
      <ele>2066.1</ele></trkpt>
      <trkpt lat="46.94376476648418" lon="8.957063879035713">
      <ele>2065.5</ele></trkpt>
      <trkpt lat="46.943718939589566" lon="8.956993024578129">
      <ele>2064.9</ele></trkpt>
      <trkpt lat="46.94366690439608" lon="8.956925594271555">
      <ele>2064.4</ele></trkpt>
      <trkpt lat="46.94361241562854" lon="8.956862718900393">
      <ele>2063.8</ele></trkpt>
      <trkpt lat="46.943558621747314" lon="8.956821407553297">
      <ele>2063.2</ele></trkpt>
      <trkpt lat="46.94352071614897" lon="8.956810667780184">
      <ele>2062.6</ele></trkpt>
      <trkpt lat="46.94346422132087" lon="8.956813629804074">
      <ele>2062.0</ele></trkpt>
      <trkpt lat="46.943406357145605" lon="8.95684117131487">
      <ele>2061.4</ele></trkpt>
      <trkpt lat="46.94335590749151" lon="8.956889678268933">
      <ele>2060.9</ele></trkpt>
      <trkpt lat="46.94332022533287" lon="8.95690939961061">
      <ele>2060.3</ele></trkpt>
      <trkpt lat="46.94329580387821" lon="8.956894075210663">
      <ele>2059.7</ele></trkpt>
      <trkpt lat="46.943262882821955" lon="8.956861590602058">
      <ele>2059.1</ele></trkpt>
      <trkpt lat="46.94322655546828" lon="8.95681593879923">
      <ele>2058.9</ele></trkpt>
      <trkpt lat="46.94318592912764" lon="8.956747084484547">
      <ele>2058.7</ele></trkpt>
      <trkpt lat="46.94314985080794" lon="8.956720658771719">
      <ele>2058.5</ele></trkpt>
      <trkpt lat="46.94310606282333" lon="8.956695539104109">
      <ele>2058.3</ele></trkpt>
      <trkpt lat="46.94307901820702" lon="8.956683989776925">
      <ele>2058.1</ele></trkpt>
      <trkpt lat="46.943040294995484" lon="8.956588285734462">
      <ele>2057.9</ele></trkpt>
      <trkpt lat="46.943007256042534" lon="8.956527344246734">
      <ele>2057.7</ele></trkpt>
      <trkpt lat="46.94296903976677" lon="8.95647010559316">
      <ele>2057.5</ele></trkpt>
      <trkpt lat="46.94296723214006" lon="8.956377008004004">
      <ele>2057.3</ele></trkpt>
      <trkpt lat="46.94297133407588" lon="8.956311178157197">
      <ele>2057.1</ele></trkpt>
      <trkpt lat="46.94297301417239" lon="8.956228491318875">
      <ele>2056.8</ele></trkpt>
      <trkpt lat="46.94296279656609" lon="8.956150841292564">
      <ele>2056.6</ele></trkpt>
      <trkpt lat="46.94292232659101" lon="8.956081020139893">
      <ele>2056.4</ele></trkpt>
      <trkpt lat="46.94290767166237" lon="8.956040184965042">
      <ele>2056.2</ele></trkpt>
      <trkpt lat="46.94289033104643" lon="8.95601192448688">
      <ele>2056.0</ele></trkpt>
      <trkpt lat="46.942870649059984" lon="8.95600624535328">
      <ele>2055.8</ele></trkpt>
      <trkpt lat="46.94282455331096" lon="8.956012707203836">
      <ele>2055.6</ele></trkpt>
      <trkpt lat="46.942790882846325" lon="8.956033392166846">
      <ele>2055.4</ele></trkpt>
      <trkpt lat="46.942768113714905" lon="8.956029162822201">
      <ele>2055.2</ele></trkpt>
      <trkpt lat="46.94275160536202" lon="8.95601482438927">
      <ele>2055.0</ele></trkpt>
      <trkpt lat="46.9427181479985" lon="8.955969149564739">
      <ele>2054.1</ele></trkpt>
      <trkpt lat="46.94271118971147" lon="8.955929346402337">
      <ele>2053.1</ele></trkpt>
      <trkpt lat="46.942693035704316" lon="8.955859919485375">
      <ele>2052.2</ele></trkpt>
      <trkpt lat="46.94267532769563" lon="8.955783306395572">
      <ele>2051.3</ele></trkpt>
      <trkpt lat="46.9426504697705" lon="8.95570649146713">
      <ele>2050.3</ele></trkpt>
      <trkpt lat="46.94262703707313" lon="8.955649776306688">
      <ele>2049.4</ele></trkpt>
      <trkpt lat="46.94259125747724" lon="8.955599412202842">
      <ele>2048.5</ele></trkpt>
      <trkpt lat="46.942545808331914" lon="8.955555001855735">
      <ele>2047.6</ele></trkpt>
      <trkpt lat="46.94251401524564" lon="8.95555485299278">
      <ele>2046.6</ele></trkpt>
      <trkpt lat="46.94245842146927" lon="8.955568587353847">
      <ele>2045.7</ele></trkpt>
      <trkpt lat="46.94242916111533" lon="8.955570808873532">
      <ele>2044.8</ele></trkpt>
      <trkpt lat="46.94240331871537" lon="8.955584647566633">
      <ele>2043.8</ele></trkpt>
      <trkpt lat="46.942379326116146" lon="8.955612344885063">
      <ele>2042.9</ele></trkpt>
      <trkpt lat="46.94235171385074" lon="8.95567831153083">
      <ele>2042.0</ele></trkpt>
      <trkpt lat="46.94231337696744" lon="8.955740901349523">
      <ele>2041.1</ele></trkpt>
      <trkpt lat="46.94225821028532" lon="8.955789642955661">
      <ele>2040.1</ele></trkpt>
      <trkpt lat="46.94217485446102" lon="8.95586026185888">
      <ele>2039.2</ele></trkpt>
      <trkpt lat="46.942114683640824" lon="8.955959410718895">
      <ele>2038.3</ele></trkpt>
      <trkpt lat="46.94208347775567" lon="8.955989649511332">
      <ele>2037.3</ele></trkpt>
      <trkpt lat="46.942013806834034" lon="8.956018775655199">
      <ele>2036.4</ele></trkpt>
      <trkpt lat="46.94192843355316" lon="8.956070525662724">
      <ele>2035.4</ele></trkpt>
      <trkpt lat="46.94191396116859" lon="8.956115082604548">
      <ele>2034.4</ele></trkpt>
      <trkpt lat="46.941898422691125" lon="8.956180351684855">
      <ele>2033.4</ele></trkpt>
      <trkpt lat="46.94188604948148" lon="8.956184613053514">
      <ele>2032.4</ele></trkpt>
      <trkpt lat="46.94184718899126" lon="8.956156980056013">
      <ele>2031.5</ele></trkpt>
      <trkpt lat="46.94179626987446" lon="8.956110536859994">
      <ele>2030.5</ele></trkpt>
      <trkpt lat="46.94174278604105" lon="8.95608247781456">
      <ele>2029.5</ele></trkpt>
      <trkpt lat="46.94168418197326" lon="8.95609117403361">
      <ele>2028.5</ele></trkpt>
      <trkpt lat="46.941657397002054" lon="8.95608514988715">
      <ele>2027.5</ele></trkpt>
      <trkpt lat="46.94159292490733" lon="8.95604101708846">
      <ele>2026.5</ele></trkpt>
      <trkpt lat="46.941521221998386" lon="8.95601773758315">
      <ele>2025.5</ele></trkpt>
      <trkpt lat="46.94143200226394" lon="8.956008032330693">
      <ele>2024.5</ele></trkpt>
      <trkpt lat="46.94134729485797" lon="8.955984372539241">
      <ele>2023.5</ele></trkpt>
      <trkpt lat="46.941261242020076" lon="8.955932550267645">
      <ele>2022.5</ele></trkpt>
      <trkpt lat="46.94117333259074" lon="8.95588912228299">
      <ele>2021.5</ele></trkpt>
      <trkpt lat="46.94112686461838" lon="8.955886325670754">
      <ele>2020.6</ele></trkpt>
      <trkpt lat="46.94109585592342" lon="8.955880615907054">
      <ele>2019.6</ele></trkpt>
      <trkpt lat="46.941047413011766" lon="8.95585846656625">
      <ele>2018.6</ele></trkpt>
      <trkpt lat="46.941021687910485" lon="8.955837628721426">
      <ele>2017.6</ele></trkpt>
      <trkpt lat="46.940986508303865" lon="8.955792918328877">
      <ele>2016.6</ele></trkpt>
      <trkpt lat="46.940942450446144" lon="8.955753513873468">
      <ele>2016.3</ele></trkpt>
      <trkpt lat="46.94088183455301" lon="8.955694686579243">
      <ele>2016.0</ele></trkpt>
      <trkpt lat="46.94084427169662" lon="8.955648542955919">
      <ele>2015.7</ele></trkpt>
      <trkpt lat="46.94079662889974" lon="8.955578194029396">
      <ele>2015.4</ele></trkpt>
      <trkpt lat="46.940763632941845" lon="8.955515325937949">
      <ele>2015.1</ele></trkpt>
      <trkpt lat="46.9407441211463" lon="8.955468930259183">
      <ele>2014.8</ele></trkpt>
      <trkpt lat="46.94072149726436" lon="8.955421789956668">
      <ele>2014.5</ele></trkpt>
      <trkpt lat="46.94069140757343" lon="8.955378603061526">
      <ele>2014.2</ele></trkpt>
      <trkpt lat="46.94065587954882" lon="8.955324858962712">
      <ele>2013.9</ele></trkpt>
      <trkpt lat="46.94061287671914" lon="8.955275068057455">
      <ele>2013.7</ele></trkpt>
      <trkpt lat="46.940579530915834" lon="8.955232498768106">
      <ele>2013.4</ele></trkpt>
      <trkpt lat="46.94052623468701" lon="8.955167823375957">
      <ele>2013.1</ele></trkpt>
      <trkpt lat="46.94048519050291" lon="8.955122987723627">
      <ele>2012.8</ele></trkpt>
      <trkpt lat="46.94047044324482" lon="8.955057837363826">
      <ele>2012.5</ele></trkpt>
      <trkpt lat="46.94047002812541" lon="8.954959371461973">
      <ele>2012.2</ele></trkpt>
      <trkpt lat="46.940467905189614" lon="8.954858059405721">
      <ele>2011.9</ele></trkpt>
      <trkpt lat="46.940447096437396" lon="8.954796114042729">
      <ele>2011.6</ele></trkpt>
      <trkpt lat="46.940428606803295" lon="8.954761517580415">
      <ele>2011.3</ele></trkpt>
      <trkpt lat="46.94040233947079" lon="8.954721132027016">
      <ele>2011.0</ele></trkpt>
      <trkpt lat="46.94038383161079" lon="8.954687231311608">
      <ele>2010.7</ele></trkpt>
      <trkpt lat="46.94036506793239" lon="8.954636627602655">
      <ele>2011.5</ele></trkpt>
      <trkpt lat="46.94034888059791" lon="8.954602096208916">
      <ele>2012.4</ele></trkpt>
      <trkpt lat="46.94033624243256" lon="8.954578791121811">
      <ele>2013.2</ele></trkpt>
      <trkpt lat="46.94033831658782" lon="8.954560065236976">
      <ele>2014.1</ele></trkpt>
      <trkpt lat="46.94035196655214" lon="8.954537501852833">
      <ele>2014.9</ele></trkpt>
      <trkpt lat="46.94035643517517" lon="8.954511198392956">
      <ele>2015.7</ele></trkpt>
      <trkpt lat="46.94035431725216" lon="8.95449583525511">
      <ele>2016.6</ele></trkpt>
      <trkpt lat="46.94034658559432" lon="8.954486566451866">
      <ele>2017.4</ele></trkpt>
      <trkpt lat="46.940340100602384" lon="8.954488472107439">
      <ele>2018.3</ele></trkpt>
      <trkpt lat="46.94033426522154" lon="8.954513357725736">
      <ele>2019.1</ele></trkpt>
      <trkpt lat="46.94032191717506" lon="8.95454291989094">
      <ele>2019.9</ele></trkpt>
      <trkpt lat="46.9403078361652" lon="8.9545633824849">
      <ele>2020.8</ele></trkpt>
      <trkpt lat="46.94026828025224" lon="8.954565839417354">
      <ele>2021.6</ele></trkpt>
      <trkpt lat="46.940227227175605" lon="8.954561095027607">
      <ele>2022.5</ele></trkpt>
      <trkpt lat="46.94016849973568" lon="8.954541047812317">
      <ele>2023.3</ele></trkpt>
      <trkpt lat="46.940101297934376" lon="8.954506666740274">
      <ele>2024.1</ele></trkpt>
      <trkpt lat="46.94008542009766" lon="8.954490219267631">
      <ele>2025.0</ele></trkpt>
      <trkpt lat="46.94006851756617" lon="8.954475739549581">
      <ele>2025.8</ele></trkpt>
      <trkpt lat="46.94004484782766" lon="8.954456615860657">
      <ele>2026.7</ele></trkpt>
      <trkpt lat="46.94002038259548" lon="8.954433016686362">
      <ele>2027.5</ele></trkpt>
      <trkpt lat="46.93999641628343" lon="8.954404348029387">
      <ele>2027.1</ele></trkpt>
      <trkpt lat="46.939983649419936" lon="8.954369007063498">
      <ele>2026.7</ele></trkpt>
      <trkpt lat="46.939968159075804" lon="8.954345030617382">
      <ele>2026.3</ele></trkpt>
      <trkpt lat="46.939948618275054" lon="8.954336834304803">
      <ele>2026.0</ele></trkpt>
      <trkpt lat="46.939924584053294" lon="8.954312616865993">
      <ele>2025.6</ele></trkpt>
      <trkpt lat="46.93990670786317" lon="8.95427584452985">
      <ele>2025.2</ele></trkpt>
      <trkpt lat="46.9398947986094" lon="8.954264763468908">
      <ele>2024.8</ele></trkpt>
      <trkpt lat="46.939881123179305" lon="8.954268173962042">
      <ele>2024.4</ele></trkpt>
      <trkpt lat="46.939859007080926" lon="8.954266262787598">
      <ele>2024.0</ele></trkpt>
      <trkpt lat="46.93983218866687" lon="8.954265480008667">
      <ele>2023.7</ele></trkpt>
      <trkpt lat="46.93980125992799" lon="8.954254401027244">
      <ele>2023.3</ele></trkpt>
      <trkpt lat="46.93977829795402" lon="8.95425182234596">
      <ele>2022.9</ele></trkpt>
      <trkpt lat="46.93976085915553" lon="8.954250673638601">
      <ele>2022.5</ele></trkpt>
      <trkpt lat="46.93974773319485" lon="8.954245193551968">
      <ele>2022.1</ele></trkpt>
      <trkpt lat="46.939737279179525" lon="8.954230882765618">
      <ele>2021.7</ele></trkpt>
      <trkpt lat="46.939732838261506" lon="8.954212932217693">
      <ele>2021.3</ele></trkpt>
      <trkpt lat="46.939728346791284" lon="8.954198802764113">
      <ele>2021.0</ele></trkpt>
      <trkpt lat="46.93971826491791" lon="8.954188325005548">
      <ele>2020.6</ele></trkpt>
      <trkpt lat="46.93970009849877" lon="8.954178249729859">
      <ele>2020.2</ele></trkpt>
      <trkpt lat="46.939687546702714" lon="8.954161331455508">
      <ele>2019.8</ele></trkpt>
      <trkpt lat="46.93967856392144" lon="8.954133059452255">
      <ele>2019.7</ele></trkpt>
      <trkpt lat="46.9396692256576" lon="8.954099693884096">
      <ele>2019.5</ele></trkpt>
      <trkpt lat="46.939662797029015" lon="8.954071493940619">
      <ele>2019.4</ele></trkpt>
      <trkpt lat="46.93964894343029" lon="8.954057087327705">
      <ele>2019.2</ele></trkpt>
      <trkpt lat="46.9396290340461" lon="8.954048867637706">
      <ele>2019.1</ele></trkpt>
      <trkpt lat="46.93958954653442" lon="8.954040713149826">
      <ele>2019.0</ele></trkpt>
      <trkpt lat="46.93956057194387" lon="8.954042418011051">
      <ele>2018.8</ele></trkpt>
      <trkpt lat="46.93953515688423" lon="8.954032125238342">
      <ele>2018.7</ele></trkpt>
      <trkpt lat="46.939507027687156" lon="8.954033853945987">
      <ele>2018.5</ele></trkpt>
      <trkpt lat="46.93948074187421" lon="8.954025454446583">
      <ele>2018.4</ele></trkpt>
      <trkpt lat="46.939456579194726" lon="8.95401774535065">
      <ele>2018.3</ele></trkpt>
      <trkpt lat="46.93942263938681" lon="8.954008486347186">
      <ele>2018.1</ele></trkpt>
      <trkpt lat="46.93939814592732" lon="8.953993136086844">
      <ele>2018.0</ele></trkpt>
      <trkpt lat="46.93937772006269" lon="8.953960705912259">
      <ele>2017.8</ele></trkpt>
      <trkpt lat="46.93937179030362" lon="8.9539274366889">
      <ele>2017.7</ele></trkpt>
      <trkpt lat="46.93936303602893" lon="8.953913174001196">
      <ele>2017.6</ele></trkpt>
      <trkpt lat="46.93934024282086" lon="8.953898515400606">
      <ele>2017.4</ele></trkpt>
      <trkpt lat="46.93932070623906" lon="8.953894759331753">
      <ele>2017.3</ele></trkpt>
      <trkpt lat="46.939304645424414" lon="8.953886017773321">
      <ele>2017.1</ele></trkpt>
      <trkpt lat="46.939298935877815" lon="8.953867387974816">
      <ele>2017.0</ele></trkpt>
      <trkpt lat="46.93929660952798" lon="8.953850771398994">
      <ele>2016.7</ele></trkpt>
      <trkpt lat="46.93928775416859" lon="8.953844150864446">
      <ele>2016.4</ele></trkpt>
      <trkpt lat="46.9392753641699" lon="8.953846967162457">
      <ele>2016.0</ele></trkpt>
      <trkpt lat="46.9392551768984" lon="8.95385975686106">
      <ele>2015.7</ele></trkpt>
      <trkpt lat="46.939231049306635" lon="8.953880684633818">
      <ele>2015.4</ele></trkpt>
      <trkpt lat="46.93921326475475" lon="8.953904996374046">
      <ele>2015.1</ele></trkpt>
      <trkpt lat="46.93919153904423" lon="8.953936828772001">
      <ele>2014.8</ele></trkpt>
      <trkpt lat="46.93915929072338" lon="8.953955452027593">
      <ele>2014.4</ele></trkpt>
      <trkpt lat="46.93914818625623" lon="8.953955624874666">
      <ele>2014.1</ele></trkpt>
      <trkpt lat="46.93912988757396" lon="8.953963029606184">
      <ele>2013.8</ele></trkpt>
      <trkpt lat="46.93910396995894" lon="8.953964203333673">
      <ele>2013.5</ele></trkpt>
      <trkpt lat="46.93908553726742" lon="8.953958613128869">
      <ele>2013.2</ele></trkpt>
      <trkpt lat="46.93906429321262" lon="8.953943827510631">
      <ele>2012.8</ele></trkpt>
      <trkpt lat="46.939018030876255" lon="8.953964932190226">
      <ele>2012.5</ele></trkpt>
      <trkpt lat="46.93897209363351" lon="8.953962139187878">
      <ele>2012.2</ele></trkpt>
      <trkpt lat="46.93892984191384" lon="8.953942584017852">
      <ele>2011.9</ele></trkpt>
      <trkpt lat="46.93890191306539" lon="8.953889713735089">
      <ele>2011.6</ele></trkpt>
      <trkpt lat="46.93885565168874" lon="8.953846125675877">
      <ele>2011.2</ele></trkpt>
      <trkpt lat="46.938808546091224" lon="8.953799702873436">
      <ele>2010.9</ele></trkpt>
      <trkpt lat="46.9387710188536" lon="8.953752171013353">
      <ele>2010.6</ele></trkpt>
      <trkpt lat="46.93873363142241" lon="8.953693385993473">
      <ele>2010.8</ele></trkpt>
      <trkpt lat="46.938688252104555" lon="8.95364840447449">
      <ele>2011.1</ele></trkpt>
      <trkpt lat="46.93864228044676" lon="8.953642090467609">
      <ele>2011.3</ele></trkpt>
      <trkpt lat="46.93856969209022" lon="8.953679607914463">
      <ele>2011.5</ele></trkpt>
      <trkpt lat="46.93850339452665" lon="8.953714255210098">
      <ele>2011.8</ele></trkpt>
      <trkpt lat="46.93841455588904" lon="8.95376959881587">
      <ele>2012.0</ele></trkpt>
      <trkpt lat="46.93836622969613" lon="8.953807300958102">
      <ele>2012.2</ele></trkpt>
      <trkpt lat="46.93833708695906" lon="8.95385096894757">
      <ele>2012.5</ele></trkpt>
      <trkpt lat="46.93831369192945" lon="8.953892014264461">
      <ele>2012.7</ele></trkpt>
      <trkpt lat="46.93827887507463" lon="8.953932737433483">
      <ele>2012.9</ele></trkpt>
      <trkpt lat="46.93824029075369" lon="8.953970569587304">
      <ele>2013.2</ele></trkpt>
      <trkpt lat="46.938198040093454" lon="8.953997185718032">
      <ele>2013.4</ele></trkpt>
      <trkpt lat="46.93816329684539" lon="8.95403234139239">
      <ele>2013.7</ele></trkpt>
      <trkpt lat="46.93812276903458" lon="8.954072903285772">
      <ele>2013.9</ele></trkpt>
      <trkpt lat="46.93808576022541" lon="8.954135815731654">
      <ele>2014.1</ele></trkpt>
      <trkpt lat="46.9380311686195" lon="8.954231582882876">
      <ele>2014.4</ele></trkpt>
      <trkpt lat="46.937988513481415" lon="8.954288766444428">
      <ele>2014.6</ele></trkpt>
      <trkpt lat="46.937959297073164" lon="8.954337988052142">
      <ele>2014.8</ele></trkpt>
      <trkpt lat="46.937935865036685" lon="8.954381816525462">
      <ele>2015.1</ele></trkpt>
      <trkpt lat="46.937904934934664" lon="8.954417079352652">
      <ele>2015.3</ele></trkpt>
      <trkpt lat="46.93786835824072" lon="8.9544466397287">
      <ele>2015.4</ele></trkpt>
      <trkpt lat="46.93780667264023" lon="8.954503286063865">
      <ele>2015.6</ele></trkpt>
      <trkpt lat="46.937760433755386" lon="8.954543686212888">
      <ele>2015.7</ele></trkpt>
      <trkpt lat="46.93772184023571" lon="8.954581517308576">
      <ele>2015.9</ele></trkpt>
      <trkpt lat="46.93770057224622" lon="8.954605940021583">
      <ele>2016.0</ele></trkpt>
      <trkpt lat="46.937663995676076" lon="8.954635487025994">
      <ele>2016.2</ele></trkpt>
      <trkpt lat="46.93760003548109" lon="8.954719876138558">
      <ele>2016.3</ele></trkpt>
      <trkpt lat="46.93755746259666" lon="8.954771504962203">
      <ele>2016.5</ele></trkpt>
      <trkpt lat="46.93751872180861" lon="8.954820457162564">
      <ele>2016.6</ele></trkpt>
      <trkpt lat="46.9374455773673" lon="8.954879564022812">
      <ele>2016.8</ele></trkpt>
      <trkpt lat="46.93737851171862" lon="8.954911034992518">
      <ele>2016.9</ele></trkpt>
      <trkpt lat="46.93730000155501" lon="8.954969727449827">
      <ele>2017.0</ele></trkpt>
      <trkpt lat="46.937246839255494" lon="8.955003679082488">
      <ele>2017.2</ele></trkpt>
      <trkpt lat="46.93720172669592" lon="8.955067044200108">
      <ele>2017.3</ele></trkpt>
      <trkpt lat="46.93715414036809" lon="8.955101153043906">
      <ele>2017.5</ele></trkpt>
      <trkpt lat="46.937106140167344" lon="8.95516652496184">
      <ele>2017.6</ele></trkpt>
      <trkpt lat="46.937083981515144" lon="8.955222196830954">
      <ele>2017.8</ele></trkpt>
      <trkpt lat="46.93705512348848" lon="8.955244316284142">
      <ele>2017.9</ele></trkpt>
      <trkpt lat="46.93700177589525" lon="8.955174008700451">
      <ele>2018.1</ele></trkpt>
      <trkpt lat="46.93696265509222" lon="8.955108253474389">
      <ele>2018.2</ele></trkpt>
      <trkpt lat="46.936936496228576" lon="8.955034536485503">
      <ele>2018.1</ele></trkpt>
      <trkpt lat="46.93690706355334" lon="8.954992001880937">
      <ele>2018.0</ele></trkpt>
      <trkpt lat="46.93687376373483" lon="8.954918083515675">
      <ele>2018.0</ele></trkpt>
      <trkpt lat="46.93684870366266" lon="8.954869420107762">
      <ele>2017.9</ele></trkpt>
      <trkpt lat="46.93677954292028" lon="8.954806994615836">
      <ele>2017.8</ele></trkpt>
      <trkpt lat="46.93670436782902" lon="8.954767333400833">
      <ele>2017.8</ele></trkpt>
      <trkpt lat="46.936664363859876" lon="8.954768293113645">
      <ele>2017.7</ele></trkpt>
      <trkpt lat="46.93661840065886" lon="8.954787854648934">
      <ele>2017.6</ele></trkpt>
      <trkpt lat="46.93657120971468" lon="8.954792775356939">
      <ele>2017.5</ele></trkpt>
      <trkpt lat="46.93652713651657" lon="8.954776938757012">
      <ele>2017.5</ele></trkpt>
      <trkpt lat="46.93649617241758" lon="8.95474270214144">
      <ele>2017.4</ele></trkpt>
      <trkpt lat="46.936482497632404" lon="8.954696435723477">
      <ele>2017.3</ele></trkpt>
      <trkpt lat="46.93644683884476" lon="8.9546933411544">
      <ele>2017.2</ele></trkpt>
      <trkpt lat="46.93642256524628" lon="8.954692656282033">
      <ele>2017.2</ele></trkpt>
      <trkpt lat="46.936382423304956" lon="8.954704041327457">
      <ele>2017.1</ele></trkpt>
      <trkpt lat="46.936315736143904" lon="8.954670885408229">
      <ele>2017.0</ele></trkpt>
      <trkpt lat="46.93621639773684" lon="8.95462220230998">
      <ele>2016.9</ele></trkpt>
      <trkpt lat="46.936163900612044" lon="8.95459569915903">
      <ele>2016.9</ele></trkpt>
      <trkpt lat="46.936089741536875" lon="8.954587354713594">
      <ele>2016.8</ele></trkpt>
      <trkpt lat="46.93595424771723" lon="8.954573103004424">
      <ele>2016.7</ele></trkpt>
      <trkpt lat="46.935909880106806" lon="8.954580191935987">
      <ele>2016.4</ele></trkpt>
      <trkpt lat="46.93588434194292" lon="8.95456696705944">
      <ele>2016.2</ele></trkpt>
      <trkpt lat="46.93583797856811" lon="8.954509349962684">
      <ele>2015.9</ele></trkpt>
      <trkpt lat="46.935800935879996" lon="8.954502052770032">
      <ele>2015.6</ele></trkpt>
      <trkpt lat="46.935778450857974" lon="8.954474308154591">
      <ele>2015.4</ele></trkpt>
      <trkpt lat="46.935747679685896" lon="8.954425484844963">
      <ele>2015.1</ele></trkpt>
      <trkpt lat="46.935699932342175" lon="8.954363665243811">
      <ele>2014.8</ele></trkpt>
      <trkpt lat="46.93566473326052" lon="8.954325146205772">
      <ele>2014.6</ele></trkpt>
      <trkpt lat="46.93562050360047" lon="8.95432181016854">
      <ele>2014.3</ele></trkpt>
      <trkpt lat="46.93558030661979" lon="8.954337357493662">
      <ele>2014.1</ele></trkpt>
      <trkpt lat="46.93551507445957" lon="8.954373739625256">
      <ele>2013.8</ele></trkpt>
      <trkpt lat="46.935425284653796" lon="8.954395545497638">
      <ele>2013.5</ele></trkpt>
      <trkpt lat="46.93536180692213" lon="8.95433537100237">
      <ele>2013.3</ele></trkpt>
      <trkpt lat="46.93514871462177" lon="8.9538824790966">
      <ele>2013.0</ele></trkpt>
      <trkpt lat="46.93510306628104" lon="8.95377281773894">
      <ele>2012.7</ele></trkpt>
      <trkpt lat="46.93504899096802" lon="8.953631619099257">
      <ele>2012.5</ele></trkpt>
      <trkpt lat="46.935022519559844" lon="8.953563097991312">
      <ele>2012.2</ele></trkpt>
      <trkpt lat="46.9349900571838" lon="8.953497901870266">
      <ele>2011.9</ele></trkpt>
      <trkpt lat="46.93496214769736" lon="8.953440833166622">
      <ele>2011.7</ele></trkpt>
      <trkpt lat="46.9349564326574" lon="8.953423294943052">
      <ele>2011.4</ele></trkpt>
      <trkpt lat="46.93495320684925" lon="8.953397131771375">
      <ele>2012.1</ele></trkpt>
      <trkpt lat="46.93495357422107" lon="8.953369349256086">
      <ele>2012.9</ele></trkpt>
      <trkpt lat="46.93493380708848" lon="8.953334037824161">
      <ele>2013.6</ele></trkpt>
      <trkpt lat="46.934904616598224" lon="8.953291512582169">
      <ele>2014.4</ele></trkpt>
      <trkpt lat="46.934879238370286" lon="8.953237602060454">
      <ele>2015.1</ele></trkpt>
      <trkpt lat="46.93483178929414" lon="8.953135482862585">
      <ele>2015.8</ele></trkpt>
      <trkpt lat="46.93478015654179" lon="8.952989809871283">
      <ele>2016.6</ele></trkpt>
      <trkpt lat="46.93473056256209" lon="8.952870253605735">
      <ele>2017.3</ele></trkpt>
      <trkpt lat="46.9346571002332" lon="8.95266488684188">
      <ele>2018.1</ele></trkpt>
      <trkpt lat="46.934571079889686" lon="8.952419198487581">
      <ele>2018.8</ele></trkpt>
      <trkpt lat="46.934512351137926" lon="8.952269859521529">
      <ele>2019.5</ele></trkpt>
      <trkpt lat="46.934452733582866" lon="8.952097891378324">
      <ele>2020.3</ele></trkpt>
      <trkpt lat="46.93428961756418" lon="8.951651953051455">
      <ele>2021.0</ele></trkpt>
      <trkpt lat="46.93411846095962" lon="8.951183199957384">
      <ele>2021.8</ele></trkpt>
      <trkpt lat="46.93403584736569" lon="8.950949774859382">
      <ele>2022.5</ele></trkpt>
      <trkpt lat="46.93396021369939" lon="8.950728709335658">
      <ele>2023.2</ele></trkpt>
      <trkpt lat="46.933846138870855" lon="8.950444017129549">
      <ele>2024.0</ele></trkpt>
      <trkpt lat="46.9337665212584" lon="8.950254113889947">
      <ele>2024.7</ele></trkpt>
      <trkpt lat="46.93360757825936" lon="8.949942103398726">
      <ele>2025.5</ele></trkpt>
      <trkpt lat="46.933578583810146" lon="8.949883943673077">
      <ele>2026.2</ele></trkpt>
      <trkpt lat="46.93354051839816" lon="8.949792522492256">
      <ele>2027.4</ele></trkpt>
      <trkpt lat="46.933515208802596" lon="8.949725784795215">
      <ele>2028.6</ele></trkpt>
      <trkpt lat="46.93348636074924" lon="8.949657200806737">
      <ele>2029.8</ele></trkpt>
      <trkpt lat="46.93346240758453" lon="8.949578339067784">
      <ele>2031.0</ele></trkpt>
      <trkpt lat="46.93345595385774" lon="8.949526040905063">
      <ele>2032.2</ele></trkpt>
      <trkpt lat="46.93343099683242" lon="8.94943324188571">
      <ele>2033.5</ele></trkpt>
      <trkpt lat="46.933407066369625" lon="8.94935264725145">
      <ele>2034.7</ele></trkpt>
      <trkpt lat="46.933390868440625" lon="8.949317438691283">
      <ele>2035.9</ele></trkpt>
      <trkpt lat="46.933349791994665" lon="8.949272835905118">
      <ele>2037.1</ele></trkpt>
      <trkpt lat="46.93331666300109" lon="8.94925800858072">
      <ele>2038.3</ele></trkpt>
      <trkpt lat="46.933280009440935" lon="8.949239601629493">
      <ele>2039.5</ele></trkpt>
      <trkpt lat="46.933227772319874" lon="8.949229451466797">
      <ele>2040.7</ele></trkpt>
      <trkpt lat="46.93318384038846" lon="8.949221268503429">
      <ele>2041.9</ele></trkpt>
      <trkpt lat="46.93312323850461" lon="8.949214350655577">
      <ele>2043.1</ele></trkpt>
      <trkpt lat="46.93306644998691" lon="8.94918842982905">
      <ele>2044.4</ele></trkpt>
      <trkpt lat="46.93303437083663" lon="8.949184047522639">
      <ele>2045.6</ele></trkpt>
      <trkpt lat="46.933002841379995" lon="8.949137979790885">
      <ele>2046.8</ele></trkpt>
      <trkpt lat="46.93295945911621" lon="8.949088111539094">
      <ele>2048.0</ele></trkpt>
      <trkpt lat="46.932890111723474" lon="8.949021870829577">
      <ele>2049.2</ele></trkpt>
      <trkpt lat="46.93280659692603" lon="8.948946550471776">
      <ele>2050.4</ele></trkpt>
      <trkpt lat="46.932766464437776" lon="8.948921098205291">
      <ele>2052.1</ele></trkpt>
      <trkpt lat="46.93271611046517" lon="8.948858872271193">
      <ele>2053.8</ele></trkpt>
      <trkpt lat="46.932689430040824" lon="8.948805993363635">
      <ele>2055.4</ele></trkpt>
      <trkpt lat="46.932667713161806" lon="8.948737624472521">
      <ele>2057.1</ele></trkpt>
      <trkpt lat="46.93263349211546" lon="8.948625456845726">
      <ele>2058.8</ele></trkpt>
      <trkpt lat="46.93262463181169" lon="8.948574825688919">
      <ele>2060.5</ele></trkpt>
      <trkpt lat="46.93261216434333" lon="8.948527560582244">
      <ele>2062.2</ele></trkpt>
      <trkpt lat="46.93259269336389" lon="8.948469670297664">
      <ele>2063.8</ele></trkpt>
      <trkpt lat="46.932569743448234" lon="8.948404734411987">
      <ele>2065.5</ele></trkpt>
      <trkpt lat="46.93254999761889" lon="8.948367693325942">
      <ele>2067.2</ele></trkpt>
      <trkpt lat="46.93253645728976" lon="8.948311716607703">
      <ele>2068.9</ele></trkpt>
      <trkpt lat="46.93249801549988" lon="8.948248079342356">
      <ele>2070.6</ele></trkpt>
      <trkpt lat="46.932471700902724" lon="8.948167419687122">
      <ele>2072.2</ele></trkpt>
      <trkpt lat="46.932438117148585" lon="8.948096971182693">
      <ele>2073.9</ele></trkpt>
      <trkpt lat="46.932415327221" lon="8.948019878069385">
      <ele>2075.6</ele></trkpt>
      <trkpt lat="46.93237323212608" lon="8.947963099558763">
      <ele>2077.3</ele></trkpt>
      <trkpt lat="46.932346711473684" lon="8.94789806387533">
      <ele>2079.0</ele></trkpt>
      <trkpt lat="46.93232589266964" lon="8.947852311447473">
      <ele>2080.6</ele></trkpt>
      <trkpt lat="46.93229775011211" lon="8.94782023596817">
      <ele>2082.3</ele></trkpt>
      <trkpt lat="46.93227287130881" lon="8.947810855715304">
      <ele>2084.0</ele></trkpt>
      <trkpt lat="46.93225170928982" lon="8.947791151499278">
      <ele>2085.5</ele></trkpt>
      <trkpt lat="46.93222486820044" lon="8.947750431111167">
      <ele>2087.0</ele></trkpt>
      <trkpt lat="46.932209058773644" lon="8.947685696508437">
      <ele>2088.6</ele></trkpt>
      <trkpt lat="46.932206092129405" lon="8.947640445591707">
      <ele>2090.1</ele></trkpt>
      <trkpt lat="46.93217693635135" lon="8.94759444614784">
      <ele>2091.6</ele></trkpt>
      <trkpt lat="46.93213385087621" lon="8.947521997922843">
      <ele>2093.1</ele></trkpt>
      <trkpt lat="46.932104726871756" lon="8.947474265822406">
      <ele>2094.6</ele></trkpt>
      <trkpt lat="46.93207340251258" lon="8.947412576325155">
      <ele>2096.2</ele></trkpt>
      <trkpt lat="46.93206703944587" lon="8.947353321381321">
      <ele>2097.7</ele></trkpt>
      <trkpt lat="46.932060730992426" lon="8.947290600636121">
      <ele>2099.2</ele></trkpt>
      <trkpt lat="46.932061646052425" lon="8.947221121728418">
      <ele>2100.7</ele></trkpt>
      <trkpt lat="46.93206347365216" lon="8.94717252506941">
      <ele>2102.2</ele></trkpt>
      <trkpt lat="46.93207015046895" lon="8.947117103564553">
      <ele>2103.8</ele></trkpt>
      <trkpt lat="46.93208022360904" lon="8.947075686186613">
      <ele>2105.3</ele></trkpt>
      <trkpt lat="46.93208683156984" lon="8.947025490015255">
      <ele>2106.8</ele></trkpt>
      <trkpt lat="46.93206958303887" lon="8.946979825236337">
      <ele>2108.3</ele></trkpt>
      <trkpt lat="46.9320439972717" lon="8.946933939612254">
      <ele>2109.8</ele></trkpt>
      <trkpt lat="46.93203288534904" lon="8.94687455147951">
      <ele>2111.4</ele></trkpt>
      <trkpt lat="46.93202766352004" lon="8.94681879602876">
      <ele>2112.9</ele></trkpt>
      <trkpt lat="46.93203319864784" lon="8.946759875133365">
      <ele>2114.4</ele></trkpt>
      <trkpt lat="46.93202876117435" lon="8.946735426632756">
      <ele>2115.4</ele></trkpt>
      <trkpt lat="46.9320121278872" lon="8.946733226159932">
      <ele>2116.3</ele></trkpt>
      <trkpt lat="46.93199668175204" lon="8.94673105900485">
      <ele>2117.3</ele></trkpt>
      <trkpt lat="46.931979295861325" lon="8.946695818844663">
      <ele>2118.3</ele></trkpt>
      <trkpt lat="46.931948154121635" lon="8.946620226313975">
      <ele>2119.2</ele></trkpt>
      <trkpt lat="46.93193701005559" lon="8.946562584259098">
      <ele>2120.2</ele></trkpt>
      <trkpt lat="46.93193985066796" lon="8.946527911755581">
      <ele>2121.2</ele></trkpt>
      <trkpt lat="46.93195286942576" lon="8.946443143316415">
      <ele>2122.2</ele></trkpt>
      <trkpt lat="46.931966618182756" lon="8.946393134415384">
      <ele>2123.1</ele></trkpt>
      <trkpt lat="46.93197677348398" lon="8.946344771473786">
      <ele>2124.1</ele></trkpt>
      <trkpt lat="46.93197757357531" lon="8.946283984075487">
      <ele>2125.1</ele></trkpt>
      <trkpt lat="46.93197448316426" lon="8.946247411466329">
      <ele>2126.0</ele></trkpt>
      <trkpt lat="46.9319631332875" lon="8.946205393000112">
      <ele>2127.0</ele></trkpt>
      <trkpt lat="46.931958080126385" lon="8.946137480463506">
      <ele>2128.0</ele></trkpt>
      <trkpt lat="46.931962359158085" lon="8.946083738495426">
      <ele>2129.0</ele></trkpt>
      <trkpt lat="46.93197480622924" lon="8.946042387609284">
      <ele>2129.9</ele></trkpt>
      <trkpt lat="46.931979099028176" lon="8.945986912332792">
      <ele>2130.9</ele></trkpt>
      <trkpt lat="46.931984482743694" lon="8.945940149139933">
      <ele>2131.9</ele></trkpt>
      <trkpt lat="46.93198260217936" lon="8.945901876811996">
      <ele>2132.8</ele></trkpt>
      <trkpt lat="46.93196061840044" lon="8.945854346011238">
      <ele>2133.8</ele></trkpt>
      <trkpt lat="46.93193605954181" lon="8.945820638655524">
      <ele>2134.4</ele></trkpt>
      <trkpt lat="46.931929453302956" lon="8.945780487025505">
      <ele>2135.0</ele></trkpt>
      <trkpt lat="46.931911442218656" lon="8.945701796023194">
      <ele>2135.6</ele></trkpt>
      <trkpt lat="46.93189324833457" lon="8.94563699556561">
      <ele>2136.2</ele></trkpt>
      <trkpt lat="46.93188173811846" lon="8.945607147881221">
      <ele>2136.9</ele></trkpt>
      <trkpt lat="46.93188707608104" lon="8.945563850793338">
      <ele>2137.5</ele></trkpt>
      <trkpt lat="46.93187711863567" lon="8.945506242312796">
      <ele>2138.1</ele></trkpt>
      <trkpt lat="46.93187157628471" lon="8.945474802073782">
      <ele>2138.7</ele></trkpt>
      <trkpt lat="46.931861330909335" lon="8.945439762633383">
      <ele>2139.3</ele></trkpt>
      <trkpt lat="46.931838972334965" lon="8.94542002596335">
      <ele>2139.9</ele></trkpt>
      <trkpt lat="46.931824928009014" lon="8.945402256101302">
      <ele>2140.5</ele></trkpt>
      <trkpt lat="46.93181110299391" lon="8.945367129471556">
      <ele>2141.1</ele></trkpt>
      <trkpt lat="46.931789073401745" lon="8.945323065093554">
      <ele>2141.7</ele></trkpt>
      <trkpt lat="46.93175957390433" lon="8.945303128286332">
      <ele>2142.3</ele></trkpt>
      <trkpt lat="46.93172923902641" lon="8.945257097462814">
      <ele>2142.9</ele></trkpt>
      <trkpt lat="46.93170356122001" lon="8.945218158172741">
      <ele>2143.6</ele></trkpt>
      <trkpt lat="46.93167917106442" lon="8.945172294105925">
      <ele>2144.2</ele></trkpt>
      <trkpt lat="46.9316509818228" lon="8.945143712718698">
      <ele>2144.8</ele></trkpt>
      <trkpt lat="46.93162888359532" lon="8.945104860755444">
      <ele>2145.4</ele></trkpt>
      <trkpt lat="46.93161034663998" lon="8.945066121791111">
      <ele>2146.0</ele></trkpt>
      <trkpt lat="46.931595585758195" lon="8.945011846375328">
      <ele>2147.1</ele></trkpt>
      <trkpt lat="46.93158923044243" lon="8.944952592496074">
      <ele>2148.1</ele></trkpt>
      <trkpt lat="46.93157315924273" lon="8.944906961830133">
      <ele>2149.2</ele></trkpt>
      <trkpt lat="46.931560461855696" lon="8.944877068076138">
      <ele>2150.3</ele></trkpt>
      <trkpt lat="46.93154184249161" lon="8.944845274693696">
      <ele>2151.3</ele></trkpt>
      <trkpt lat="46.93153648243208" lon="8.944799957445865">
      <ele>2152.4</ele></trkpt>
      <trkpt lat="46.931540875114585" lon="8.944737524444571">
      <ele>2153.5</ele></trkpt>
      <trkpt lat="46.931535866653604" lon="8.944666146544453">
      <ele>2154.5</ele></trkpt>
      <trkpt lat="46.931548920781445" lon="8.944577898874602">
      <ele>2155.6</ele></trkpt>
      <trkpt lat="46.93156104780862" lon="8.94447051555174">
      <ele>2156.7</ele></trkpt>
      <trkpt lat="46.93156088808433" lon="8.944392325755036">
      <ele>2157.7</ele></trkpt>
      <trkpt lat="46.93156756338361" lon="8.94433691755318">
      <ele>2158.8</ele></trkpt>
      <trkpt lat="46.93159375764484" lon="8.944245557463896">
      <ele>2159.8</ele></trkpt>
      <trkpt lat="46.93163471300383" lon="8.944118125178363">
      <ele>2160.9</ele></trkpt>
      <trkpt lat="46.93164992155906" lon="8.944047326714259">
      <ele>2162.0</ele></trkpt>
      <trkpt lat="46.93164839184781" lon="8.943982993968618">
      <ele>2163.0</ele></trkpt>
      <trkpt lat="46.93163024271112" lon="8.943914715239469">
      <ele>2164.1</ele></trkpt>
      <trkpt lat="46.93162543903825" lon="8.943827713847785">
      <ele>2165.2</ele></trkpt>
      <trkpt lat="46.93161921109196" lon="8.943758035439421">
      <ele>2166.2</ele></trkpt>
      <trkpt lat="46.93160087913744" lon="8.94370366037512">
      <ele>2167.3</ele></trkpt>
      <trkpt lat="46.931599303520755" lon="8.943642806868231">
      <ele>2168.1</ele></trkpt>
      <trkpt lat="46.931600421804276" lon="8.943557691924418">
      <ele>2169.0</ele></trkpt>
      <trkpt lat="46.93161032476984" lon="8.943528444523947">
      <ele>2169.8</ele></trkpt>
      <trkpt lat="46.93161824150499" lon="8.943469590488455">
      <ele>2170.6</ele></trkpt>
      <trkpt lat="46.93162157425822" lon="8.943396699403099">
      <ele>2171.4</ele></trkpt>
      <trkpt lat="46.93161858315345" lon="8.943353182240864">
      <ele>2172.2</ele></trkpt>
      <trkpt lat="46.93160972051738" lon="8.943302552912293">
      <ele>2173.1</ele></trkpt>
      <trkpt lat="46.93158835165869" lon="8.943208126924537">
      <ele>2173.9</ele></trkpt>
      <trkpt lat="46.93156695096655" lon="8.943115433779873">
      <ele>2174.7</ele></trkpt>
      <trkpt lat="46.9315398561488" lon="8.943003484820956">
      <ele>2175.6</ele></trkpt>
      <trkpt lat="46.931531396612826" lon="8.942946812251458">
      <ele>2176.4</ele></trkpt>
      <trkpt lat="46.93152627413721" lon="8.94291006508201">
      <ele>2177.2</ele></trkpt>
      <trkpt lat="46.93153180330299" lon="8.942872683584156">
      <ele>2178.0</ele></trkpt>
      <trkpt lat="46.93154848103409" lon="8.942814639527743">
      <ele>2178.9</ele></trkpt>
      <trkpt lat="46.93155362263978" lon="8.942791011338887">
      <ele>2179.7</ele></trkpt>
      <trkpt lat="46.93154677932555" lon="8.94277705561161">
      <ele>2180.5</ele></trkpt>
      <trkpt lat="46.931535180874945" lon="8.94277237056133">
      <ele>2181.3</ele></trkpt>
      <trkpt lat="46.93151809363645" lon="8.942789662253961">
      <ele>2182.2</ele></trkpt>
      <trkpt lat="46.93150936951324" lon="8.942789444329373">
      <ele>2183.0</ele></trkpt>
      <trkpt lat="46.93150198701473" lon="8.942777496119135">
      <ele>2183.8</ele></trkpt>
      <trkpt lat="46.931506478402945" lon="8.942756108752844">
      <ele>2184.8</ele></trkpt>
      <trkpt lat="46.93151698449953" lon="8.94270832015177">
      <ele>2185.7</ele></trkpt>
      <trkpt lat="46.93152953529826" lon="8.942678161723373">
      <ele>2186.7</ele></trkpt>
      <trkpt lat="46.93154134215751" lon="8.942654641274762">
      <ele>2187.7</ele></trkpt>
      <trkpt lat="46.931555657640544" lon="8.942625753649239">
      <ele>2188.6</ele></trkpt>
      <trkpt lat="46.931556652272235" lon="8.94260139209225">
      <ele>2189.6</ele></trkpt>
      <trkpt lat="46.93156314658884" lon="8.942583685663932">
      <ele>2190.6</ele></trkpt>
      <trkpt lat="46.9315699508294" lon="8.942569783562817">
      <ele>2191.5</ele></trkpt>
      <trkpt lat="46.93156666894029" lon="8.942551816662878">
      <ele>2192.5</ele></trkpt>
      <trkpt lat="46.93155498750415" lon="8.94253632025255">
      <ele>2193.4</ele></trkpt>
      <trkpt lat="46.93153702644374" lon="8.942520122760682">
      <ele>2194.4</ele></trkpt>
      <trkpt lat="46.93151335361808" lon="8.942469565150333">
      <ele>2195.4</ele></trkpt>
      <trkpt lat="46.93149515705957" lon="8.942401404006862">
      <ele>2196.3</ele></trkpt>
      <trkpt lat="46.93149157613176" lon="8.94238017160638">
      <ele>2197.3</ele></trkpt>
      <trkpt lat="46.93146765711208" lon="8.942336712565737">
      <ele>2198.3</ele></trkpt>
      <trkpt lat="46.93146214760725" lon="8.942301333716493">
      <ele>2199.2</ele></trkpt>
      <trkpt lat="46.93145906811528" lon="8.9422665744851">
      <ele>2200.2</ele></trkpt>
      <trkpt lat="46.93145471641397" lon="8.942251283257743">
      <ele>2201.2</ele></trkpt>
      <trkpt lat="46.931445348006676" lon="8.942246686994402">
      <ele>2202.1</ele></trkpt>
      <trkpt lat="46.93142581779419" lon="8.942273261681361">
      <ele>2203.1</ele></trkpt>
      <trkpt lat="46.93138979521006" lon="8.942336241221703">
      <ele>2203.8</ele></trkpt>
      <trkpt lat="46.93135912785312" lon="8.942390150668523">
      <ele>2204.6</ele></trkpt>
      <trkpt lat="46.931336060210285" lon="8.942420960395426">
      <ele>2205.3</ele></trkpt>
      <trkpt lat="46.93133068549989" lon="8.942432196914602">
      <ele>2206.0</ele></trkpt>
      <trkpt lat="46.93132899133106" lon="8.94245707727709">
      <ele>2206.8</ele></trkpt>
      <trkpt lat="46.9313184665099" lon="8.942489853411265">
      <ele>2207.5</ele></trkpt>
      <trkpt lat="46.931301530014494" lon="8.942504575136418">
      <ele>2208.2</ele></trkpt>
      <trkpt lat="46.93128444716757" lon="8.942503033243403">
      <ele>2208.9</ele></trkpt>
      <trkpt lat="46.93126996854639" lon="8.94248747178063">
      <ele>2209.7</ele></trkpt>
      <trkpt lat="46.931263989265425" lon="8.942461838229416">
      <ele>2210.4</ele></trkpt>
      <trkpt lat="46.93126264943802" lon="8.942428204760112">
      <ele>2211.1</ele></trkpt>
      <trkpt lat="46.93126632649101" lon="8.942383863252665">
      <ele>2211.9</ele></trkpt>
      <trkpt lat="46.93127051495475" lon="8.942354705461991">
      <ele>2212.6</ele></trkpt>
      <trkpt lat="46.931272202035025" lon="8.942330363406931">
      <ele>2213.3</ele></trkpt>
      <trkpt lat="46.931273699988886" lon="8.942293013704635">
      <ele>2214.0</ele></trkpt>
      <trkpt lat="46.93127893344084" lon="8.942264436757933">
      <ele>2214.8</ele></trkpt>
      <trkpt lat="46.93127632649508" lon="8.94224919440076">
      <ele>2215.5</ele></trkpt>
      <trkpt lat="46.93127146948544" lon="8.942246352960243">
      <ele>2216.2</ele></trkpt>
      <trkpt lat="46.93125584364573" lon="8.942268151077025">
      <ele>2217.0</ele></trkpt>
      <trkpt lat="46.931226281762385" lon="8.942316667150713">
      <ele>2217.7</ele></trkpt>
      <trkpt lat="46.93119424499193" lon="8.942367294107859">
      <ele>2219.0</ele></trkpt>
      <trkpt lat="46.931176552061814" lon="8.94238686726065">
      <ele>2220.3</ele></trkpt>
      <trkpt lat="46.93116993085449" lon="8.942386143500633">
      <ele>2221.6</ele></trkpt>
      <trkpt lat="46.93115965753424" lon="8.942369609683617">
      <ele>2222.9</ele></trkpt>
      <trkpt lat="46.9311218749564" lon="8.942282238063367">
      <ele>2224.1</ele></trkpt>
      <trkpt lat="46.93109826879497" lon="8.942224538112553">
      <ele>2225.4</ele></trkpt>
      <trkpt lat="46.93106788253283" lon="8.942120641374798">
      <ele>2226.7</ele></trkpt>
      <trkpt lat="46.93105745889223" lon="8.942108017259374">
      <ele>2228.0</ele></trkpt>
      <trkpt lat="46.931038886259735" lon="8.942125385651197">
      <ele>2229.3</ele></trkpt>
      <trkpt lat="46.931027555535806" lon="8.942128404584215">
      <ele>2230.6</ele></trkpt>
      <trkpt lat="46.93101738159277" lon="8.942096756836516">
      <ele>2231.9</ele></trkpt>
      <trkpt lat="46.93100354433177" lon="8.942076196461123">
      <ele>2233.2</ele></trkpt>
      <trkpt lat="46.93099091896558" lon="8.942070235186577">
      <ele>2234.5</ele></trkpt>
      <trkpt lat="46.930981367446336" lon="8.942045316164009">
      <ele>2235.8</ele></trkpt>
      <trkpt lat="46.930964329990736" lon="8.942052654019498">
      <ele>2237.1</ele></trkpt>
      <trkpt lat="46.930943429301436" lon="8.942085625664465">
      <ele>2238.3</ele></trkpt>
      <trkpt lat="46.93092438122584" lon="8.942085066488637">
      <ele>2239.6</ele></trkpt>
      <trkpt lat="46.930906686382045" lon="8.942089023730297">
      <ele>2240.9</ele></trkpt>
      <trkpt lat="46.93088234842577" lon="8.942115174758847">
      <ele>2242.2</ele></trkpt>
      <trkpt lat="46.930857587959835" lon="8.942120050663243">
      <ele>2243.5</ele></trkpt>
      <trkpt lat="46.93084720843359" lon="8.942104065633567">
      <ele>2244.4</ele></trkpt>
      <trkpt lat="46.93084773163313" lon="8.942064889651018">
      <ele>2245.3</ele></trkpt>
      <trkpt lat="46.930842465686496" lon="8.942035625170924">
      <ele>2246.2</ele></trkpt>
      <trkpt lat="46.93082194480855" lon="8.941986877108887">
      <ele>2247.2</ele></trkpt>
      <trkpt lat="46.9308046859246" lon="8.94197201302469">
      <ele>2248.1</ele></trkpt>
      <trkpt lat="46.93078520850606" lon="8.94199114223516">
      <ele>2249.0</ele></trkpt>
      <trkpt lat="46.930761017304185" lon="8.942011597386882">
      <ele>2249.9</ele></trkpt>
      <trkpt lat="46.93074365905517" lon="8.942012530204625">
      <ele>2250.8</ele></trkpt>
      <trkpt lat="46.93071510623935" lon="8.942010221064912">
      <ele>2251.7</ele></trkpt>
      <trkpt lat="46.930708750689504" lon="8.941995425622139">
      <ele>2252.7</ele></trkpt>
      <trkpt lat="46.93070525851635" lon="8.941976336813447">
      <ele>2253.6</ele></trkpt>
      <trkpt lat="46.93069074386402" lon="8.94197516902213">
      <ele>2254.5</ele></trkpt>
      <trkpt lat="46.93068102914529" lon="8.941966110912897">
      <ele>2255.4</ele></trkpt>
      <trkpt lat="46.930680809978156" lon="8.941947849154706">
      <ele>2256.3</ele></trkpt>
      <trkpt lat="46.930683129079874" lon="8.94191578937864">
      <ele>2257.2</ele></trkpt>
      <trkpt lat="46.930671524564495" lon="8.94190813624041">
      <ele>2258.1</ele></trkpt>
      <trkpt lat="46.930659261921775" lon="8.941913611368143">
      <ele>2259.1</ele></trkpt>
      <trkpt lat="46.93064262876371" lon="8.941929904468354">
      <ele>2260.0</ele></trkpt>
      <trkpt lat="46.930628581777405" lon="8.941928749773368">
      <ele>2260.9</ele></trkpt>
      <trkpt lat="46.93061757898014" lon="8.941910895586824">
      <ele>2261.8</ele></trkpt>
      <trkpt lat="46.930594895473035" lon="8.941890508228">
      <ele>2262.7</ele></trkpt>
      <trkpt lat="46.930583158045565" lon="8.941891611448073">
      <ele>2263.6</ele></trkpt>
      <trkpt lat="46.93056736430872" lon="8.941881647846559">
      <ele>2264.5</ele></trkpt>
      <trkpt lat="46.93056620031853" lon="8.941864082041928">
      <ele>2265.3</ele></trkpt>
      <trkpt lat="46.93056986485116" lon="8.941836446560643">
      <ele>2266.2</ele></trkpt>
      <trkpt lat="46.93056133393197" lon="8.94180916602467">
      <ele>2267.1</ele></trkpt>
      <trkpt lat="46.93055262089874" lon="8.941795762526562">
      <ele>2268.0</ele></trkpt>
      <trkpt lat="46.930540806803776" lon="8.941802708033798">
      <ele>2268.9</ele></trkpt>
      <trkpt lat="46.93052628250118" lon="8.941802275499397">
      <ele>2269.8</ele></trkpt>
      <trkpt lat="46.93051897294927" lon="8.941788188925628">
      <ele>2270.7</ele></trkpt>
      <trkpt lat="46.930517560975176" lon="8.941754553927412">
      <ele>2271.5</ele></trkpt>
      <trkpt lat="46.93051224550734" lon="8.941732485434255">
      <ele>2272.4</ele></trkpt>
      <trkpt lat="46.9304955267248" lon="8.941721025067665">
      <ele>2273.3</ele></trkpt>
      <trkpt lat="46.9304781107637" lon="8.94172635608099">
      <ele>2274.2</ele></trkpt>
      <trkpt lat="46.930458356813475" lon="8.941731595429852">
      <ele>2275.1</ele></trkpt>
      <trkpt lat="46.93045146702589" lon="8.941721171734166">
      <ele>2276.0</ele></trkpt>
      <trkpt lat="46.93045586629179" lon="8.941708161292812">
      <ele>2276.8</ele></trkpt>
      <trkpt lat="46.93046206920098" lon="8.941666714756067">
      <ele>2277.7</ele></trkpt>
      <trkpt lat="46.93045668718412" lon="8.941649031018862">
      <ele>2278.6</ele></trkpt>
      <trkpt lat="46.93044098920767" lon="8.941631767973398">
      <ele>2279.5</ele></trkpt>
      <trkpt lat="46.93041449813047" lon="8.941615634625844">
      <ele>2280.6</ele></trkpt>
      <trkpt lat="46.93040338086382" lon="8.941605815061639">
      <ele>2281.8</ele></trkpt>
      <trkpt lat="46.93038607950065" lon="8.941603098490065">
      <ele>2282.9</ele></trkpt>
      <trkpt lat="46.93035310895286" lon="8.941614521833534">
      <ele>2284.1</ele></trkpt>
      <trkpt lat="46.93031311458194" lon="8.941625735586122">
      <ele>2285.2</ele></trkpt>
      <trkpt lat="46.93027863625558" lon="8.941644418925684">
      <ele>2286.3</ele></trkpt>
      <trkpt lat="46.930261955053915" lon="8.941630779536432">
      <ele>2287.5</ele></trkpt>
      <trkpt lat="46.930261812010876" lon="8.941607398010651">
      <ele>2288.6</ele></trkpt>
      <trkpt lat="46.93026370159302" lon="8.941572410836304">
      <ele>2289.8</ele></trkpt>
      <trkpt lat="46.930262995575475" lon="8.941555593419759">
      <ele>2290.9</ele></trkpt>
      <trkpt lat="46.9302560866509" lon="8.941546627061616">
      <ele>2292.0</ele></trkpt>
      <trkpt lat="46.93024192476258" lon="8.941554229263604">
      <ele>2293.2</ele></trkpt>
      <trkpt lat="46.93020654952855" lon="8.941569958785738">
      <ele>2294.3</ele></trkpt>
      <trkpt lat="46.93020390631528" lon="8.94155747377458">
      <ele>2295.5</ele></trkpt>
      <trkpt lat="46.93021541503355" lon="8.941538830964761">
      <ele>2296.6</ele></trkpt>
      <trkpt lat="46.93023089356582" lon="8.941504250112168">
      <ele>2297.7</ele></trkpt>
      <trkpt lat="46.930243662030605" lon="8.941462278128363">
      <ele>2298.9</ele></trkpt>
      <trkpt lat="46.93025211688976" lon="8.941427474556217">
      <ele>2300.0</ele></trkpt>
      <trkpt lat="46.93026800617816" lon="8.941396556231947">
      <ele>2301.2</ele></trkpt>
      <trkpt lat="46.93026349245133" lon="8.941384005775825">
      <ele>2302.3</ele></trkpt>
      <trkpt lat="46.93025035137605" lon="8.941385805320975">
      <ele>2303.0</ele></trkpt>
      <trkpt lat="46.93021863120521" lon="8.941408217014093">
      <ele>2303.8</ele></trkpt>
      <trkpt lat="46.9301889528101" lon="8.941419010165319">
      <ele>2304.5</ele></trkpt>
      <trkpt lat="46.93017315903114" lon="8.941409046775833">
      <ele>2305.2</ele></trkpt>
      <trkpt lat="46.93015179296438" lon="8.941394527876149">
      <ele>2306.0</ele></trkpt>
      <trkpt lat="46.93013374714193" lon="8.941377921687781">
      <ele>2306.7</ele></trkpt>
      <trkpt lat="46.93013581816027" lon="8.941363388382669">
      <ele>2307.4</ele></trkpt>
      <trkpt lat="46.93016232846429" lon="8.94134445583838">
      <ele>2308.2</ele></trkpt>
      <trkpt lat="46.930183446398864" lon="8.94130931031756">
      <ele>2308.9</ele></trkpt>
      <trkpt lat="46.930197751260124" lon="8.941291494253413">
      <ele>2309.7</ele></trkpt>
      <trkpt lat="46.93022040582067" lon="8.94128049149868">
      <ele>2310.4</ele></trkpt>
      <trkpt lat="46.93024267899916" lon="8.941262898219609">
      <ele>2311.1</ele></trkpt>
      <trkpt lat="46.93025847248678" lon="8.9412392793668">
      <ele>2311.9</ele></trkpt>
      <trkpt lat="46.930283198213566" lon="8.941213730098234">
      <ele>2312.6</ele></trkpt>
      <trkpt lat="46.93030174981461" lon="8.941193839429292">
      <ele>2313.3</ele></trkpt>
      <trkpt lat="46.93031384075955" lon="8.941165100029965">
      <ele>2314.1</ele></trkpt>
      <trkpt lat="46.93031711367476" lon="8.941142615133465">
      <ele>2314.8</ele></trkpt>
      <trkpt lat="46.93031375968962" lon="8.94112601260948">
      <ele>2315.5</ele></trkpt>
      <trkpt lat="46.93030552272343" lon="8.941118834718292">
      <ele>2316.3</ele></trkpt>
      <trkpt lat="46.93029779960067" lon="8.941117751982217">
      <ele>2317.0</ele></trkpt>
      <trkpt lat="46.930283549674954" lon="8.941115606825031">
      <ele>2317.7</ele></trkpt>
      <trkpt lat="46.930277755383194" lon="8.941103283256025">
      <ele>2318.4</ele></trkpt>
      <trkpt lat="46.93027735536763" lon="8.941088510082162">
      <ele>2319.2</ele></trkpt>
      <trkpt lat="46.93027723387891" lon="8.941068964122255">
      <ele>2319.9</ele></trkpt>
      <trkpt lat="46.93027273886292" lon="8.941021374192802">
      <ele>2320.6</ele></trkpt>
      <trkpt lat="46.93026227057491" lon="8.940998426349669">
      <ele>2321.3</ele></trkpt>
      <trkpt lat="46.93024771768396" lon="8.941000173386158">
      <ele>2322.0</ele></trkpt>
      <trkpt lat="46.9302315330353" lon="8.941017950123769">
      <ele>2322.8</ele></trkpt>
      <trkpt lat="46.93022556856787" lon="8.941008997111616">
      <ele>2323.5</ele></trkpt>
      <trkpt lat="46.930218363652465" lon="8.940987611466548">
      <ele>2324.2</ele></trkpt>
      <trkpt lat="46.9302103285182" lon="8.940992482604065">
      <ele>2324.9</ele></trkpt>
      <trkpt lat="46.93019366673295" lon="8.94101096833073">
      <ele>2325.6</ele></trkpt>
      <trkpt lat="46.930186356606136" lon="8.94099760427671">
      <ele>2326.4</ele></trkpt>
      <trkpt lat="46.93018110797547" lon="8.940970428967127">
      <ele>2327.1</ele></trkpt>
      <trkpt lat="46.930169007622226" lon="8.940964220054171">
      <ele>2327.8</ele></trkpt>
      <trkpt lat="46.93014697336144" lon="8.940964287007274">
      <ele>2328.5</ele></trkpt>
      <trkpt lat="46.930130597500934" lon="8.94096234513303">
      <ele>2329.2</ele></trkpt>
      <trkpt lat="46.93011573002206" lon="8.94095240778498">
      <ele>2330.0</ele></trkpt>
      <trkpt lat="46.93010760904754" lon="8.940929525642106">
      <ele>2330.7</ele></trkpt>
      <trkpt lat="46.9301075991728" lon="8.940896665596647">
      <ele>2331.4</ele></trkpt>
      <trkpt lat="46.93010965077183" lon="8.94084999430576">
      <ele>2332.2</ele></trkpt>
      <trkpt lat="46.93009879111787" lon="8.940816410707306">
      <ele>2332.9</ele></trkpt>
      <trkpt lat="46.930088524760286" lon="8.940810305637733">
      <ele>2333.7</ele></trkpt>
      <trkpt lat="46.93007844086686" lon="8.94081292624416">
      <ele>2334.5</ele></trkpt>
      <trkpt lat="46.93007093666607" lon="8.940805440581064">
      <ele>2335.2</ele></trkpt>
      <trkpt lat="46.93006644710776" lon="8.940778693702892">
      <ele>2336.0</ele></trkpt>
      <trkpt lat="46.93006138777489" lon="8.940748056553321">
      <ele>2336.8</ele></trkpt>
      <trkpt lat="46.93005545672749" lon="8.940737239593153">
      <ele>2337.5</ele></trkpt>
      <trkpt lat="46.93004964216873" lon="8.940739493610785">
      <ele>2338.3</ele></trkpt>
      <trkpt lat="46.93003788336782" lon="8.940753204521465">
      <ele>2339.1</ele></trkpt>
      <trkpt lat="46.93002788473978" lon="8.940750009431682">
      <ele>2339.8</ele></trkpt>
      <trkpt lat="46.93002722641435" lon="8.940731604297234">
      <ele>2340.6</ele></trkpt>
      <trkpt lat="46.93002235233689" lon="8.940710165718523">
      <ele>2341.3</ele></trkpt>
      <trkpt lat="46.930013867254814" lon="8.940707498877627">
      <ele>2342.1</ele></trkpt>
      <trkpt lat="46.929997746737335" lon="8.940721074737752">
      <ele>2342.9</ele></trkpt>
      <trkpt lat="46.929979301567215" lon="8.940720506640881">
      <ele>2343.6</ele></trkpt>
      <trkpt lat="46.92995305159806" lon="8.94071822318834">
      <ele>2344.4</ele></trkpt>
      <trkpt lat="46.929937901279715" lon="8.940713386912334">
      <ele>2345.2</ele></trkpt>
      <trkpt lat="46.92993300088428" lon="8.940700129717213">
      <ele>2345.9</ele></trkpt>
      <trkpt lat="46.929927497373235" lon="8.940663570226642">
      <ele>2346.7</ele></trkpt>
      <trkpt lat="46.929908745758" lon="8.940652066636613">
      <ele>2347.8</ele></trkpt>
      <trkpt lat="46.92987650743303" lon="8.940683815074554">
      <ele>2348.8</ele></trkpt>
      <trkpt lat="46.929831660779136" lon="8.940726820926072">
      <ele>2349.9</ele></trkpt>
      <trkpt lat="46.92979531525605" lon="8.940754803406685">
      <ele>2351.0</ele></trkpt>
      <trkpt lat="46.929766344127756" lon="8.94078301824663">
      <ele>2352.0</ele></trkpt>
      <trkpt lat="46.9297474308146" lon="8.94078315937745">
      <ele>2353.1</ele></trkpt>
      <trkpt lat="46.929735040883536" lon="8.940779135725439">
      <ele>2354.2</ele></trkpt>
      <trkpt lat="46.92971723520605" lon="8.940765478447963">
      <ele>2355.3</ele></trkpt>
      <trkpt lat="46.929707768490275" lon="8.940749164940009">
      <ele>2356.3</ele></trkpt>
      <trkpt lat="46.929687965934676" lon="8.940747823430884">
      <ele>2357.4</ele></trkpt>
      <trkpt lat="46.92964721626413" lon="8.940760382437377">
      <ele>2358.5</ele></trkpt>
      <trkpt lat="46.929613201672204" lon="8.940786249829568">
      <ele>2359.5</ele></trkpt>
      <trkpt lat="46.929585615548625" lon="8.940814503271632">
      <ele>2360.6</ele></trkpt>
      <trkpt lat="46.92956387456973" lon="8.940819647924663">
      <ele>2361.7</ele></trkpt>
      <trkpt lat="46.92952686925437" lon="8.940827964405024">
      <ele>2362.8</ele></trkpt>
      <trkpt lat="46.92948139153378" lon="8.940849111625994">
      <ele>2363.8</ele></trkpt>
      <trkpt lat="46.92946961415166" lon="8.940867668015908">
      <ele>2364.9</ele></trkpt>
      <trkpt lat="46.929461322403114" lon="8.940867409965195">
      <ele>2366.0</ele></trkpt>
      <trkpt lat="46.929463003222146" lon="8.940844894038285">
      <ele>2367.0</ele></trkpt>
      <trkpt lat="46.929470194000004" lon="8.940790526410979">
      <ele>2368.1</ele></trkpt>
      <trkpt lat="46.92947024998515" lon="8.940751955636149">
      <ele>2368.9</ele></trkpt>
      <trkpt lat="46.92947548319165" lon="8.940705531422033">
      <ele>2369.7</ele></trkpt>
      <trkpt lat="46.92948407802613" lon="8.940649745217648">
      <ele>2370.5</ele></trkpt>
      <trkpt lat="46.92948746750442" lon="8.940603269453021">
      <ele>2371.3</ele></trkpt>
      <trkpt lat="46.929492911260034" lon="8.940575776108298">
      <ele>2372.1</ele></trkpt>
      <trkpt lat="46.92948515444559" lon="8.94056971502426">
      <ele>2372.9</ele></trkpt>
      <trkpt lat="46.92946648048798" lon="8.940586594670712">
      <ele>2373.7</ele></trkpt>
      <trkpt lat="46.92945309789005" lon="8.940586916710767">
      <ele>2374.5</ele></trkpt>
      <trkpt lat="46.92945333601317" lon="8.940569443023527">
      <ele>2375.3</ele></trkpt>
      <trkpt lat="46.929465293482565" lon="8.940513133535418">
      <ele>2376.1</ele></trkpt>
      <trkpt lat="46.92947084655675" lon="8.94048896595936">
      <ele>2377.0</ele></trkpt>
      <trkpt lat="46.929471092540645" lon="8.94047020542811">
      <ele>2377.8</ele></trkpt>
      <trkpt lat="46.929468092956675" lon="8.940444406711011">
      <ele>2378.6</ele></trkpt>
      <trkpt lat="46.92946408535124" lon="8.940423439127159">
      <ele>2379.4</ele></trkpt>
      <trkpt lat="46.92946580674774" lon="8.940401252652666">
      <ele>2380.2</ele></trkpt>
      <trkpt lat="46.929471708913496" lon="8.940386826554315">
      <ele>2381.0</ele></trkpt>
      <trkpt lat="46.929473053907" lon="8.940372076106778">
      <ele>2381.8</ele></trkpt>
      <trkpt lat="46.92946778068771" lon="8.940352255152304">
      <ele>2382.6</ele></trkpt>
      <trkpt lat="46.92945633665979" lon="8.94034607793545">
      <ele>2383.4</ele></trkpt>
      <trkpt lat="46.929443526895575" lon="8.940338391634855">
      <ele>2384.2</ele></trkpt>
      <trkpt lat="46.92944164368884" lon="8.940307042509067">
      <ele>2385.3</ele></trkpt>
      <trkpt lat="46.92944712425434" lon="8.940242422526289">
      <ele>2386.4</ele></trkpt>
      <trkpt lat="46.92944147623015" lon="8.94018256101934">
      <ele>2387.5</ele></trkpt>
      <trkpt lat="46.92944013616378" lon="8.940110461514646">
      <ele>2388.6</ele></trkpt>
      <trkpt lat="46.92944669542743" lon="8.940034235606184">
      <ele>2389.6</ele></trkpt>
      <trkpt lat="46.929446692615706" lon="8.939965811365822">
      <ele>2390.7</ele></trkpt>
      <trkpt lat="46.929454543372096" lon="8.93993038708238">
      <ele>2391.8</ele></trkpt>
      <trkpt lat="46.92945955685657" lon="8.939900701553372">
      <ele>2392.9</ele></trkpt>
      <trkpt lat="46.92945331854592" lon="8.939884491599281">
      <ele>2394.0</ele></trkpt>
      <trkpt lat="46.92944510302145" lon="8.939878417806453">
      <ele>2395.1</ele></trkpt>
      <trkpt lat="46.929426897302896" lon="8.939894588430507">
      <ele>2396.2</ele></trkpt>
      <trkpt lat="46.9293989100255" lon="8.939918457655814">
      <ele>2397.3</ele></trkpt>
      <trkpt lat="46.92937751315836" lon="8.939932358989628">
      <ele>2398.4</ele></trkpt>
      <trkpt lat="46.92936417839869" lon="8.939929031494492">
      <ele>2399.5</ele></trkpt>
      <trkpt lat="46.92936257273435" lon="8.939911506328587">
      <ele>2400.6</ele></trkpt>
      <trkpt lat="46.92935631532534" lon="8.939896753655722">
      <ele>2401.6</ele></trkpt>
      <trkpt lat="46.92934049557503" lon="8.939872974009473">
      <ele>2402.7</ele></trkpt>
      <trkpt lat="46.929326338963854" lon="8.939862334643417">
      <ele>2403.8</ele></trkpt>
      <trkpt lat="46.92928239310765" lon="8.939850364071354">
      <ele>2404.9</ele></trkpt>
      <trkpt lat="46.92928239310765" lon="8.939850364071354">
      <ele>2406.0</ele></trkpt>
      <trkpt lat="46.92926489604302" lon="8.939877678265153">
      <ele>2406.8</ele></trkpt>
      <trkpt lat="46.92921291484086" lon="8.939920708245646">
      <ele>2407.7</ele></trkpt>
      <trkpt lat="46.929183996064886" lon="8.939947690167855">
      <ele>2408.5</ele></trkpt>
      <trkpt lat="46.929160715253914" lon="8.939980398030501">
      <ele>2409.3</ele></trkpt>
      <trkpt lat="46.92914496097647" lon="8.940020263580795">
      <ele>2410.2</ele></trkpt>
      <trkpt lat="46.92912612799542" lon="8.94007673533826">
      <ele>2411.0</ele></trkpt>
      <trkpt lat="46.92910041233949" lon="8.940149680726991">
      <ele>2411.8</ele></trkpt>
      <trkpt lat="46.92905674704198" lon="8.9402123928514">
      <ele>2412.6</ele></trkpt>
      <trkpt lat="46.92902465843358" lon="8.94026292561085">
      <ele>2413.5</ele></trkpt>
      <trkpt lat="46.92897387338623" lon="8.940360188848171">
      <ele>2414.3</ele></trkpt>
      <trkpt lat="46.92890432804606" lon="8.940508356875553">
      <ele>2415.1</ele></trkpt>
      <trkpt lat="46.92884760422929" lon="8.940622132716397">
      <ele>2416.0</ele></trkpt>
      <trkpt lat="46.928827073867325" lon="8.940663256470758">
      <ele>2416.8</ele></trkpt>
      <trkpt lat="46.92880109678492" lon="8.940683385757744">
      <ele>2417.6</ele></trkpt>
      <trkpt lat="46.92876938143358" lon="8.94070612571811">
      <ele>2418.4</ele></trkpt>
      <trkpt lat="46.92874333151735" lon="8.940731808214464">
      <ele>2419.3</ele></trkpt>
      <trkpt lat="46.9287218660447" lon="8.940771513605874">
      <ele>2420.1</ele></trkpt>
      <trkpt lat="46.92868773370543" lon="8.940833112292497">
      <ele>2420.9</ele></trkpt>
      <trkpt lat="46.928635551889876" lon="8.940891409014704">
      <ele>2421.8</ele></trkpt>
      <trkpt lat="46.928553187577705" lon="8.941000303926764">
      <ele>2422.6</ele></trkpt>
      <trkpt lat="46.92852333330419" lon="8.941025879824016">
      <ele>2423.4</ele></trkpt>
      <trkpt lat="46.92850212293392" lon="8.941046128950806">
      <ele>2424.2</ele></trkpt>
      <trkpt lat="46.928487476551176" lon="8.941073522062604">
      <ele>2425.0</ele></trkpt>
      <trkpt lat="46.92847646124846" lon="8.94111491139239">
      <ele>2425.8</ele></trkpt>
      <trkpt lat="46.92845916433492" lon="8.941126943558276">
      <ele>2426.6</ele></trkpt>
      <trkpt lat="46.928441976947" lon="8.94113062619414">
      <ele>2427.3</ele></trkpt>
      <trkpt lat="46.92844459994511" lon="8.941148770529145">
      <ele>2428.1</ele></trkpt>
      <trkpt lat="46.92844692238297" lon="8.941189140624742">
      <ele>2428.9</ele></trkpt>
      <trkpt lat="46.92843316543056" lon="8.941222113794346">
      <ele>2429.7</ele></trkpt>
      <trkpt lat="46.92842610023998" lon="8.941252489856854">
      <ele>2430.5</ele></trkpt>
      <trkpt lat="46.928413451558455" lon="8.9412729913816">
      <ele>2431.3</ele></trkpt>
      <trkpt lat="46.928399060366274" lon="8.941280928440243">
      <ele>2432.1</ele></trkpt>
      <trkpt lat="46.92839318529924" lon="8.941293279901833">
      <ele>2432.9</ele></trkpt>
      <trkpt lat="46.92839853178837" lon="8.941321218789966">
      <ele>2433.7</ele></trkpt>
      <trkpt lat="46.92838383973399" lon="8.941352773653717">
      <ele>2434.4</ele></trkpt>
      <trkpt lat="46.92834563322985" lon="8.94136143685298">
      <ele>2435.2</ele></trkpt>
      <trkpt lat="46.92831201109957" lon="8.941384122905227">
      <ele>2436.0</ele></trkpt>
      <trkpt lat="46.92828135812948" lon="8.941398565661792">
      <ele>2436.8</ele></trkpt>
      <trkpt lat="46.92825205080958" lon="8.941382446259574">
      <ele>2437.6</ele></trkpt>
      <trkpt lat="46.92823304771409" lon="8.941379143833156">
      <ele>2438.4</ele></trkpt>
      <trkpt lat="46.92821664949232" lon="8.941395364132113">
      <ele>2439.2</ele></trkpt>
      <trkpt lat="46.928192506061016" lon="8.941421099345689">
      <ele>2440.1</ele></trkpt>
      <trkpt lat="46.92819590936056" lon="8.941451767986408">
      <ele>2440.9</ele></trkpt>
      <trkpt lat="46.92820683910416" lon="8.941489594428118">
      <ele>2441.8</ele></trkpt>
      <trkpt lat="46.928187607984235" lon="8.941504356506323">
      <ele>2442.6</ele></trkpt>
      <trkpt lat="46.92815597459691" lon="8.941520150700986">
      <ele>2443.5</ele></trkpt>
      <trkpt lat="46.92812934483788" lon="8.941518013908423">
      <ele>2444.3</ele></trkpt>
      <trkpt lat="46.92810376878826" lon="8.941507567185157">
      <ele>2445.2</ele></trkpt>
      <trkpt lat="46.928066707003474" lon="8.941502354496103">
      <ele>2446.0</ele></trkpt>
      <trkpt lat="46.928039050886845" lon="8.941505757362554">
      <ele>2446.9</ele></trkpt>
      <trkpt lat="46.92801224797418" lon="8.941516131384322">
      <ele>2447.7</ele></trkpt>
      <trkpt lat="46.928007842156866" lon="8.94156186822664">
      <ele>2448.5</ele></trkpt>
      <trkpt lat="46.928007149310005" lon="8.941614669332784">
      <ele>2449.4</ele></trkpt>
      <trkpt lat="46.92800017514582" lon="8.941638100353588">
      <ele>2450.2</ele></trkpt>
      <trkpt lat="46.92797691210845" lon="8.941669415187716">
      <ele>2451.1</ele></trkpt>
      <trkpt lat="46.92796042271095" lon="8.94169258006455">
      <ele>2451.9</ele></trkpt>
      <trkpt lat="46.92793085994636" lon="8.941695929500856">
      <ele>2452.8</ele></trkpt>
      <trkpt lat="46.92789565929483" lon="8.941693552917632">
      <ele>2453.6</ele></trkpt>
      <trkpt lat="46.927881368200296" lon="8.941694545304854">
      <ele>2454.5</ele></trkpt>
      <trkpt lat="46.92786789394798" lon="8.941705278850607">
      <ele>2455.3</ele></trkpt>
      <trkpt lat="46.92786088324161" lon="8.941731492942505">
      <ele>2456.6</ele></trkpt>
      <trkpt lat="46.927864149526556" lon="8.94177328111216">
      <ele>2457.8</ele></trkpt>
      <trkpt lat="46.92785528677814" lon="8.941795280277494">
      <ele>2459.1</ele></trkpt>
      <trkpt lat="46.9278427293119" lon="8.941808823599963">
      <ele>2460.3</ele></trkpt>
      <trkpt lat="46.92783482904343" lon="8.941830836539225">
      <ele>2461.6</ele></trkpt>
      <trkpt lat="46.92783630732825" lon="8.941862843241696">
      <ele>2462.8</ele></trkpt>
      <trkpt lat="46.927836914159364" lon="8.94188927037483">
      <ele>2464.1</ele></trkpt>
      <trkpt lat="46.92781672983816" lon="8.941903992413838">
      <ele>2465.3</ele></trkpt>
      <trkpt lat="46.92779858893026" lon="8.941907661218437">
      <ele>2466.6</ele></trkpt>
      <trkpt lat="46.92778979921244" lon="8.941924094055151">
      <ele>2467.8</ele></trkpt>
      <trkpt lat="46.92779432872689" lon="8.94194229154274">
      <ele>2469.1</ele></trkpt>
      <trkpt lat="46.92780254411953" lon="8.941968931492912">
      <ele>2470.3</ele></trkpt>
      <trkpt lat="46.927799419695965" lon="8.941989685909912">
      <ele>2471.6</ele></trkpt>
      <trkpt lat="46.92777146284591" lon="8.942015313983132">
      <ele>2472.8</ele></trkpt>
      <trkpt lat="46.92774077343499" lon="8.942032526243075">
      <ele>2474.1</ele></trkpt>
      <trkpt lat="46.927729794316036" lon="8.942071131664338">
      <ele>2475.3</ele></trkpt>
      <trkpt lat="46.92772126480625" lon="8.942140391941308">
      <ele>2476.6</ele></trkpt>
      <trkpt lat="46.92769302515796" lon="8.94218824584334">
      <ele>2477.8</ele></trkpt>
      <trkpt lat="46.927659745209844" lon="8.94225681357456">
      <ele>2479.1</ele></trkpt>
      <trkpt lat="46.92762588575228" lon="8.94229756287237">
      <ele>2480.3</ele></trkpt>
      <trkpt lat="46.927622688365716" lon="8.942323870335743">
      <ele>2481.6</ele></trkpt>
      <trkpt lat="46.92763389134447" lon="8.942340862449775">
      <ele>2483.0</ele></trkpt>
      <trkpt lat="46.92763083059258" lon="8.942356076521797">
      <ele>2484.3</ele></trkpt>
      <trkpt lat="46.92760872129948" lon="8.94237213654484">
      <ele>2485.6</ele></trkpt>
      <trkpt lat="46.927584687092654" lon="8.942389534769383">
      <ele>2487.0</ele></trkpt>
      <trkpt lat="46.92758336906289" lon="8.942417286870537">
      <ele>2488.3</ele></trkpt>
      <trkpt lat="46.92759341807751" lon="8.942449533271054">
      <ele>2489.6</ele></trkpt>
      <trkpt lat="46.927607316735575" lon="8.942479116387691">
      <ele>2491.0</ele></trkpt>
      <trkpt lat="46.927603074630476" lon="8.942512354978597">
      <ele>2492.3</ele></trkpt>
      <trkpt lat="46.92759293021848" lon="8.942559322888467">
      <ele>2493.7</ele></trkpt>
      <trkpt lat="46.92755427649793" lon="8.942602721930813">
      <ele>2495.0</ele></trkpt>
      <trkpt lat="46.92751816360531" lon="8.942669817877803">
      <ele>2496.3</ele></trkpt>
      <trkpt lat="46.927499657894145" lon="8.942701265134113">
      <ele>2497.7</ele></trkpt>
      <trkpt lat="46.927475660184335" lon="8.942715880053102">
      <ele>2499.0</ele></trkpt>
      <trkpt lat="46.92746125960971" lon="8.942725208399226">
      <ele>2500.3</ele></trkpt>
      <trkpt lat="46.92746096774345" lon="8.942747433993183">
      <ele>2501.7</ele></trkpt>
      <trkpt lat="46.92745972237967" lon="8.942769646033312">
      <ele>2503.0</ele></trkpt>
      <trkpt lat="46.927433626336864" lon="8.942799488707369">
      <ele>2504.3</ele></trkpt>
      <trkpt lat="46.92743335273118" lon="8.94282032272909">
      <ele>2505.7</ele></trkpt>
      <trkpt lat="46.92741108834907" lon="8.942847501600605">
      <ele>2507.0</ele></trkpt>
      <trkpt lat="46.92737825493132" lon="8.942882723913213">
      <ele>2508.1</ele></trkpt>
      <trkpt lat="46.9273739580528" lon="8.942920123879052">
      <ele>2509.1</ele></trkpt>
      <trkpt lat="46.927384043306894" lon="8.942949600257897">
      <ele>2510.2</ele></trkpt>
      <trkpt lat="46.92740749360996" lon="8.94297666661833">
      <ele>2511.2</ele></trkpt>
      <trkpt lat="46.927420411713115" lon="8.943007601263673">
      <ele>2512.3</ele></trkpt>
      <trkpt lat="46.92741635188546" lon="8.9430269503546">
      <ele>2513.4</ele></trkpt>
      <trkpt lat="46.92739517771291" lon="8.943044415155093">
      <ele>2514.4</ele></trkpt>
      <trkpt lat="46.92739208048403" lon="8.94306239910997">
      <ele>2515.5</ele></trkpt>
      <trkpt lat="46.92740908550222" lon="8.943072606505218">
      <ele>2516.5</ele></trkpt>
      <trkpt lat="46.92742036131072" lon="8.943084045596121">
      <ele>2517.6</ele></trkpt>
      <trkpt lat="46.927423937320384" lon="8.943102216369097">
      <ele>2518.7</ele></trkpt>
      <trkpt lat="46.92740170942878" lon="8.943126612000125">
      <ele>2519.7</ele></trkpt>
      <trkpt lat="46.92739390012862" lon="8.9431416798967">
      <ele>2520.8</ele></trkpt>
      <trkpt lat="46.9273888322926" lon="8.943165163828882">
      <ele>2521.8</ele></trkpt>
      <trkpt lat="46.9274021378535" lon="8.943239197900645">
      <ele>2522.9</ele></trkpt>
      <trkpt lat="46.92740261657628" lon="8.94327535262395">
      <ele>2524.0</ele></trkpt>
      <trkpt lat="46.9273938266616" lon="8.943291785115767">
      <ele>2525.0</ele></trkpt>
      <trkpt lat="46.927375658312485" lon="8.943298223663971">
      <ele>2526.1</ele></trkpt>
      <trkpt lat="46.92732498524133" lon="8.943313483495738">
      <ele>2527.1</ele></trkpt>
      <trkpt lat="46.927299732860945" lon="8.94335168873484">
      <ele>2528.2</ele></trkpt>
      <trkpt lat="46.92728613048055" lon="8.94337216264318">
      <ele>2529.2</ele></trkpt>
      <trkpt lat="46.927263195523395" lon="8.943378467690016">
      <ele>2530.2</ele></trkpt>
      <trkpt lat="46.927248977539755" lon="8.943373893395533">
      <ele>2531.2</ele></trkpt>
      <trkpt lat="46.92723343195006" lon="8.94339709700386">
      <ele>2532.2</ele></trkpt>
      <trkpt lat="46.927237751476724" lon="8.943430575025875">
      <ele>2533.2</ele></trkpt>
      <trkpt lat="46.92723171197801" lon="8.94345542372389">
      <ele>2534.3</ele></trkpt>
      <trkpt lat="46.927218082179024" lon="8.943478667813174">
      <ele>2535.3</ele></trkpt>
      <trkpt lat="46.92720728506031" lon="8.943503383276287">
      <ele>2536.3</ele></trkpt>
      <trkpt lat="46.92720486734283" lon="8.943542227766166">
      <ele>2537.3</ele></trkpt>
      <trkpt lat="46.92719967160822" lon="8.94357543932852">
      <ele>2538.3</ele></trkpt>
      <trkpt lat="46.92718808536251" lon="8.943587630339552">
      <ele>2539.3</ele></trkpt>
      <trkpt lat="46.927157697208145" lon="8.94358121111763">
      <ele>2540.3</ele></trkpt>
      <trkpt lat="46.92712087268729" lon="8.943557946296288">
      <ele>2541.3</ele></trkpt>
      <trkpt lat="46.9270971668931" lon="8.943550335290475">
      <ele>2542.3</ele></trkpt>
      <trkpt lat="46.927098808910074" lon="8.943569843893753">
      <ele>2543.3</ele></trkpt>
      <trkpt lat="46.92709553809308" lon="8.943601717228832">
      <ele>2544.4</ele></trkpt>
      <trkpt lat="46.927071430731004" lon="8.943624667811937">
      <ele>2545.4</ele></trkpt>
      <trkpt lat="46.92704923000542" lon="8.943647671768296">
      <ele>2546.4</ele></trkpt>
      <trkpt lat="46.92702438839097" lon="8.943653923275498">
      <ele>2547.4</ele></trkpt>
      <trkpt lat="46.926999464343425" lon="8.943667132773003">
      <ele>2548.4</ele></trkpt>
      <trkpt lat="46.926974622727705" lon="8.943673384265445">
      <ele>2549.4</ele></trkpt>
      <trkpt lat="46.926953703933826" lon="8.943671406383727">
      <ele>2550.3</ele></trkpt>
      <trkpt lat="46.92693746078687" lon="8.943675114547313">
      <ele>2551.3</ele></trkpt>
      <trkpt lat="46.926938121884284" lon="8.943697379745021">
      <ele>2552.3</ele></trkpt>
      <trkpt lat="46.92694146059674" lon="8.943733601127583">
      <ele>2553.2</ele></trkpt>
      <trkpt lat="46.92692778517431" lon="8.943759627862637">
      <ele>2554.2</ele></trkpt>
      <trkpt lat="46.92691511775406" lon="8.943781519771676">
      <ele>2555.2</ele></trkpt>
      <trkpt lat="46.92691193814064" lon="8.9438064483801">
      <ele>2556.2</ele></trkpt>
      <trkpt lat="46.92692480133107" lon="8.943841544452557">
      <ele>2557.1</ele></trkpt>
      <trkpt lat="46.926940451148525" lon="8.943882299961437">
      <ele>2558.1</ele></trkpt>
      <trkpt lat="46.926934557683936" lon="8.943896029222358">
      <ele>2559.1</ele></trkpt>
      <trkpt lat="46.92691757102577" lon="8.943884430109788">
      <ele>2560.0</ele></trkpt>
      <trkpt lat="46.926896542680176" lon="8.943890788296793">
      <ele>2561.0</ele></trkpt>
      <trkpt lat="46.92685645661518" lon="8.943898004754313">
      <ele>2562.0</ele></trkpt>
      <trkpt lat="46.926833631011064" lon="8.943895986514773">
      <ele>2563.0</ele></trkpt>
      <trkpt lat="46.926811941606914" lon="8.94388007953907">
      <ele>2563.9</ele></trkpt>
      <trkpt lat="46.92678052699518" lon="8.94387919966803">
      <ele>2564.9</ele></trkpt>
      <trkpt lat="46.92675662039962" lon="8.943886869280252">
      <ele>2565.9</ele></trkpt>
      <trkpt lat="46.92672854426803" lon="8.943922223784602">
      <ele>2566.8</ele></trkpt>
      <trkpt lat="46.92671183529128" lon="8.943962059671525">
      <ele>2567.8</ele></trkpt>
      <trkpt lat="46.926717126263" lon="8.943994172575561">
      <ele>2569.0</ele></trkpt>
      <trkpt lat="46.92673288559226" lon="8.944026591848276">
      <ele>2570.1</ele></trkpt>
      <trkpt lat="46.926730768812796" lon="8.944043210938805">
      <ele>2571.2</ele></trkpt>
      <trkpt lat="46.92670770595922" lon="8.94405924329402">
      <ele>2572.4</ele></trkpt>
      <trkpt lat="46.92667427513919" lon="8.944066646025767">
      <ele>2573.6</ele></trkpt>
      <trkpt lat="46.92666252457203" lon="8.94409133441583">
      <ele>2574.7</ele></trkpt>
      <trkpt lat="46.92666699904336" lon="8.944113693197092">
      <ele>2575.9</ele></trkpt>
      <trkpt lat="46.92665712782256" lon="8.944139826272338">
      <ele>2577.0</ele></trkpt>
      <trkpt lat="46.926651179453216" lon="8.944157730051579">
      <ele>2578.2</ele></trkpt>
      <trkpt lat="46.92665934862332" lon="8.944188531517874">
      <ele>2579.3</ele></trkpt>
      <trkpt lat="46.92665429886384" lon="8.944210623490566">
      <ele>2580.5</ele></trkpt>
      <trkpt lat="46.92663996216718" lon="8.944214398011646">
      <ele>2581.6</ele></trkpt>
      <trkpt lat="46.92661410319753" lon="8.944226175780997">
      <ele>2582.8</ele></trkpt>
      <trkpt lat="46.92659574305014" lon="8.94424651592175">
      <ele>2583.9</ele></trkpt>
      <trkpt lat="46.92660202384809" lon="8.944275872415671">
      <ele>2585.1</ele></trkpt>
      <trkpt lat="46.92660447289077" lon="8.944306526749044">
      <ele>2586.2</ele></trkpt>
      <trkpt lat="46.92659437332196" lon="8.944350710622876">
      <ele>2587.4</ele></trkpt>
      <trkpt lat="46.926574088217485" lon="8.944372388832083">
      <ele>2588.5</ele></trkpt>
      <trkpt lat="46.92656474104959" lon="8.944431880034093">
      <ele>2589.7</ele></trkpt>
      <trkpt lat="46.9265496737552" lon="8.94449122407318">
      <ele>2590.8</ele></trkpt>
      <trkpt lat="46.92654517526901" lon="8.944543917110588">
      <ele>2592.2</ele></trkpt>
      <trkpt lat="46.92652833817275" lon="8.944593480294769">
      <ele>2593.7</ele></trkpt>
      <trkpt lat="46.926508641093555" lon="8.944642963304894">
      <ele>2595.2</ele></trkpt>
      <trkpt lat="46.926502359745" lon="8.944662236566023">
      <ele>2596.6</ele></trkpt>
      <trkpt lat="46.92650130411909" lon="8.944692569397553">
      <ele>2598.1</ele></trkpt>
      <trkpt lat="46.926465358866004" lon="8.944720821353705">
      <ele>2599.5</ele></trkpt>
      <trkpt lat="46.926434973717775" lon="8.944742229459713">
      <ele>2601.0</ele></trkpt>
      <trkpt lat="46.926438188150684" lon="8.944759825186088">
      <ele>2602.4</ele></trkpt>
      <trkpt lat="46.92646398617363" lon="8.944778001287151">
      <ele>2603.9</ele></trkpt>
      <trkpt lat="46.92648159443647" lon="8.944793636560881">
      <ele>2605.3</ele></trkpt>
      <trkpt lat="46.92647904263507" lon="8.94483443346905">
      <ele>2606.8</ele></trkpt>
      <trkpt lat="46.92646645629596" lon="8.944856300954907">
      <ele>2608.2</ele></trkpt>
      <trkpt lat="46.926445141341105" lon="8.944863924531164">
      <ele>2609.7</ele></trkpt>
      <trkpt lat="46.926447869826426" lon="8.944921206254934">
      <ele>2611.1</ele></trkpt>
      <trkpt lat="46.92643422733554" lon="8.94491734377256">
      <ele>2612.6</ele></trkpt>
      <trkpt lat="46.926421305287334" lon="8.944910008235892">
      <ele>2614.0</ele></trkpt>
      <trkpt lat="46.926414886259366" lon="8.944930853478228">
      <ele>2615.5</ele></trkpt>
      <trkpt lat="46.92642590286124" lon="8.944982510378681">
      <ele>2616.9</ele></trkpt>
      <trkpt lat="46.926447538698795" lon="8.945061307824826">
      <ele>2618.4</ele></trkpt>
      <trkpt lat="46.926421460708944" lon="8.945066473353267">
      <ele>2619.8</ele></trkpt>
      <trkpt lat="46.92640759688316" lon="8.945080123400047">
      <ele>2620.9</ele></trkpt>
      <trkpt lat="46.92640666408584" lon="8.945101109269032">
      <ele>2622.0</ele></trkpt>
      <trkpt lat="46.92642131053174" lon="8.945135349176807">
      <ele>2623.1</ele></trkpt>
      <trkpt lat="46.926410174374354" lon="8.945150244460882">
      <ele>2624.2</ele></trkpt>
      <trkpt lat="46.9263541358696" lon="8.945141792173551">
      <ele>2625.3</ele></trkpt>
      <trkpt lat="46.92633137720307" lon="8.945155205977587">
      <ele>2626.4</ele></trkpt>
      <trkpt lat="46.926308679834406" lon="8.945163959456023">
      <ele>2627.5</ele></trkpt>
      <trkpt lat="46.92631114921705" lon="8.945186209447966">
      <ele>2628.6</ele></trkpt>
      <trkpt lat="46.92633919086125" lon="8.945219170133235">
      <ele>2629.7</ele></trkpt>
      <trkpt lat="46.92635861703458" lon="8.94526280243622">
      <ele>2630.8</ele></trkpt>
      <trkpt lat="46.926359920475235" lon="8.945308710795917">
      <ele>2631.8</ele></trkpt>
      <trkpt lat="46.926351919183396" lon="8.945337666890698">
      <ele>2632.9</ele></trkpt>
      <trkpt lat="46.926331560840424" lon="8.945364897625616">
      <ele>2634.0</ele></trkpt>
      <trkpt lat="46.926293512234174" lon="8.945434706916448">
      <ele>2635.1</ele></trkpt>
      <trkpt lat="46.92627588585146" lon="8.945471745350122">
      <ele>2636.2</ele></trkpt>
      <trkpt lat="46.926254674687144" lon="8.945491991873736">
      <ele>2637.3</ele></trkpt>
      <trkpt lat="46.92624303348539" lon="8.945508343715126">
      <ele>2638.4</ele></trkpt>
      <trkpt lat="46.92625708696142" lon="8.945525415994945">
      <ele>2639.5</ele></trkpt>
      <trkpt lat="46.926276622695696" lon="8.945560712292835">
      <ele>2640.6</ele></trkpt>
      <trkpt lat="46.926293280149416" lon="8.945597319952892">
      <ele>2641.7</ele></trkpt>
      <trkpt lat="46.92629545471809" lon="8.945648807736893">
      <ele>2643.1</ele></trkpt>
      <trkpt lat="46.926308932115354" lon="8.945710343653166">
      <ele>2644.4</ele></trkpt>
      <trkpt lat="46.926309480630394" lon="8.945812240878874">
      <ele>2645.8</ele></trkpt>
      <trkpt lat="46.92630799162435" lon="8.945923339369337">
      <ele>2647.1</ele></trkpt>
      <trkpt lat="46.926295331137496" lon="8.945963130299432">
      <ele>2648.5</ele></trkpt>
      <trkpt lat="46.926266613466126" lon="8.945978819251602">
      <ele>2649.9</ele></trkpt>
      <trkpt lat="46.92621467817045" lon="8.946007238975083">
      <ele>2651.2</ele></trkpt>
      <trkpt lat="46.92618167491805" lon="8.94602589380614">
      <ele>2652.6</ele></trkpt>
      <trkpt lat="46.92618360679397" lon="8.94606299465664">
      <ele>2653.9</ele></trkpt>
      <trkpt lat="46.9262023742672" lon="8.94611085045714">
      <ele>2655.3</ele></trkpt>
      <trkpt lat="46.92620619055248" lon="8.946142856258051">
      <ele>2656.7</ele></trkpt>
      <trkpt lat="46.926191636556865" lon="8.946187741873121">
      <ele>2658.0</ele></trkpt>
      <trkpt lat="46.92619544723321" lon="8.946229741319886">
      <ele>2659.4</ele></trkpt>
      <trkpt lat="46.92620747491107" lon="8.946256488104972">
      <ele>2660.7</ele></trkpt>
      <trkpt lat="46.92620242475224" lon="8.946278579697571">
      <ele>2662.1</ele></trkpt>
      <trkpt lat="46.926198199860636" lon="8.946310425592447">
      <ele>2663.5</ele></trkpt>
      <trkpt lat="46.92621296875254" lon="8.946345588415273">
      <ele>2664.8</ele></trkpt>
      <trkpt lat="46.92620674578361" lon="8.946384325330644">
      <ele>2666.2</ele></trkpt>
      <trkpt lat="46.9261836093261" lon="8.94640592263141">
      <ele>2667.5</ele></trkpt>
      <trkpt lat="46.926158456656566" lon="8.946435789323537">
      <ele>2668.9</ele></trkpt>
      <trkpt lat="46.92615792626463" lon="8.946476077942892">
      <ele>2669.9</ele></trkpt>
      <trkpt lat="46.92616402346567" lon="8.946519336593573">
      <ele>2671.0</ele></trkpt>
      <trkpt lat="46.926173961577945" lon="8.946559918941778">
      <ele>2672.0</ele></trkpt>
      <trkpt lat="46.92618013185816" lon="8.946597624635974">
      <ele>2673.1</ele></trkpt>
      <trkpt lat="46.9261851111454" lon="8.946653354054288">
      <ele>2674.1</ele></trkpt>
      <trkpt lat="46.926184562354855" lon="8.946695034218305">
      <ele>2675.2</ele></trkpt>
      <trkpt lat="46.926175561418376" lon="8.946728138092936">
      <ele>2676.2</ele></trkpt>
      <trkpt lat="46.92616570792284" lon="8.946752878922714">
      <ele>2677.3</ele></trkpt>
      <trkpt lat="46.926157715086255" lon="8.946781848077903">
      <ele>2678.3</ele></trkpt>
      <trkpt lat="46.92617343715355" lon="8.946817037756722">
      <ele>2679.4</ele></trkpt>
      <trkpt lat="46.9261834484564" lon="8.946852054060603">
      <ele>2680.4</ele></trkpt>
      <trkpt lat="46.92617550157407" lon="8.946876848378935">
      <ele>2681.4</ele></trkpt>
      <trkpt lat="46.926159102568" lon="8.946893066378074">
      <ele>2682.5</ele></trkpt>
      <trkpt lat="46.92611299420806" lon="8.946923749889045">
      <ele>2683.5</ele></trkpt>
      <trkpt lat="46.92608495378627" lon="8.946956319334577">
      <ele>2684.6</ele></trkpt>
      <trkpt lat="46.92606655667411" lon="8.946979428261432">
      <ele>2685.6</ele></trkpt>
      <trkpt lat="46.92606047992525" lon="8.947007045938237">
      <ele>2686.7</ele></trkpt>
      <trkpt lat="46.926048765202296" lon="8.947028963484629">
      <ele>2687.7</ele></trkpt>
      <trkpt lat="46.926020009328084" lon="8.947043442544">
      <ele>2688.8</ele></trkpt>
      <trkpt lat="46.9260178099836" lon="8.947065614004437">
      <ele>2689.8</ele></trkpt>
      <trkpt lat="46.92603190870224" lon="8.947079916955012">
      <ele>2690.4</ele></trkpt>
      <trkpt lat="46.92604961062674" lon="8.947109594062404">
      <ele>2691.0</ele></trkpt>
      <trkpt lat="46.926043570328446" lon="8.947134441797537">
      <ele>2691.6</ele></trkpt>
      <trkpt lat="46.92602813393945" lon="8.947149294661852">
      <ele>2692.2</ele></trkpt>
      <trkpt lat="46.92601241364127" lon="8.947186385868598">
      <ele>2692.9</ele></trkpt>
      <trkpt lat="46.92598621597814" lon="8.947223169819832">
      <ele>2693.5</ele></trkpt>
      <trkpt lat="46.92594796478579" lon="8.947308270942766">
      <ele>2694.1</ele></trkpt>
      <trkpt lat="46.92593637383848" lon="8.947329666557744">
      <ele>2694.7</ele></trkpt>
      <trkpt lat="46.92592789759806" lon="8.947346829041695">
      <ele>2695.3</ele></trkpt>
      <trkpt lat="46.92592887464528" lon="8.947362129451625">
      <ele>2695.9</ele></trkpt>
      <trkpt lat="46.925937998678975" lon="8.947383896464169">
      <ele>2696.5</ele></trkpt>
      <trkpt lat="46.92594786849" lon="8.947409151375851">
      <ele>2697.1</ele></trkpt>
      <trkpt lat="46.92595195026145" lon="8.947455807214261">
      <ele>2697.7</ele></trkpt>
      <trkpt lat="46.92596140600726" lon="8.947482442556664">
      <ele>2698.3</ele></trkpt>
      <trkpt lat="46.92597572086708" lon="8.947498091177387">
      <ele>2698.9</ele></trkpt>
      <trkpt lat="46.92598102398037" lon="8.947512817043203">
      <ele>2699.6</ele></trkpt>
      <trkpt lat="46.925975245270834" lon="8.947533509073386">
      <ele>2700.2</ele></trkpt>
      <trkpt lat="46.925960969519195" lon="8.947544257683136">
      <ele>2700.8</ele></trkpt>
      <trkpt lat="46.9259607502207" lon="8.94756022053532">
      <ele>2701.4</ele></trkpt>
      <trkpt lat="46.92598549520743" lon="8.947588637815471">
      <ele>2702.0</ele></trkpt>
      <trkpt lat="46.926006382805106" lon="8.947612100952888">
      <ele>2702.7</ele></trkpt>
      <trkpt lat="46.92601727540864" lon="8.947648494687888">
      <ele>2703.5</ele></trkpt>
      <trkpt lat="46.926020794131055" lon="8.947679152637647">
      <ele>2704.2</ele></trkpt>
      <trkpt lat="46.92600957496896" lon="8.947695542058058">
      <ele>2704.9</ele></trkpt>
      <trkpt lat="46.925987465792325" lon="8.947704704904499">
      <ele>2705.7</ele></trkpt>
      <trkpt lat="46.92596224518302" lon="8.94771170545574">
      <ele>2706.4</ele></trkpt>
      <trkpt lat="46.92591601799721" lon="8.947704274600518">
      <ele>2707.1</ele></trkpt>
      <trkpt lat="46.925875691121384" lon="8.947695604267064">
      <ele>2707.8</ele></trkpt>
      <trkpt lat="46.92583843001459" lon="8.947692561893788">
      <ele>2708.6</ele></trkpt>
      <trkpt lat="46.925809683921244" lon="8.947698780555864">
      <ele>2709.3</ele></trkpt>
      <trkpt lat="46.92578939818241" lon="8.947718408534827">
      <ele>2710.0</ele></trkpt>
      <trkpt lat="46.92578235894243" lon="8.947745316080997">
      <ele>2710.8</ele></trkpt>
      <trkpt lat="46.925777980229576" lon="8.947779245349867">
      <ele>2711.5</ele></trkpt>
      <trkpt lat="46.92576753432555" lon="8.947797035287339">
      <ele>2712.2</ele></trkpt>
      <trkpt lat="46.925710603842056" lon="8.947828976655487">
      <ele>2712.9</ele></trkpt>
      <trkpt lat="46.92562590820386" lon="8.947881452026657">
      <ele>2713.7</ele></trkpt>
      <trkpt lat="46.925580991693" lon="8.947930224798691">
      <ele>2714.4</ele></trkpt>
      <trkpt lat="46.92553327021444" lon="8.947974742641728">
      <ele>2715.1</ele></trkpt>
      <trkpt lat="46.92550422115703" lon="8.948011458939382">
      <ele>2715.9</ele></trkpt>
      <trkpt lat="46.92537846114206" lon="8.948204464552639">
      <ele>2716.6</ele></trkpt>
      </trkseg>
  </trk>
</gpx>