<?xml version='1.0' encoding='utf-8'?>
<gpx xmlns="http://www.topografix.com/GPX/1/1" xmlns:xsi="http://www.w3.org/2001/XMLSchema-instance" xsi:schemaLocation="http://www.topografix.com/GPX/1/1 http://www.topografix.com/GPX/1/1/gpx.xsd" version="1.1" creator="gpx.py -- https://github.com/tkrajina/gpxpy">
  <trk>
    <name>dent-de-broc</name>
    <trkseg>
      <trkpt lat="46.604071146389636" lon="7.098843449970643">
      <ele>719.9</ele></trkpt>
    <trkpt lat="46.603946988924754" lon="7.098819509676057">
      <ele>719.8</ele></trkpt>
      <trkpt lat="46.60389182318015" lon="7.098775832311153">
      <ele>719.8</ele></trkpt>
      <trkpt lat="46.603845356796256" lon="7.098705226598776">
      <ele>719.7</ele></trkpt>
      <trkpt lat="46.60382896789403" lon="7.098714661669735">
      <ele>719.7</ele></trkpt>
      <trkpt lat="46.603784728934144" lon="7.0987242586997645">
      <ele>719.6</ele></trkpt>
      <trkpt lat="46.60367620769319" lon="7.098728047003921">
      <ele>719.6</ele></trkpt>
      <trkpt lat="46.603633365280956" lon="7.098729347324769">
      <ele>719.5</ele></trkpt>
      <trkpt lat="46.60361622272892" lon="7.098727392866478">
      <ele>719.5</ele></trkpt>
      <trkpt lat="46.60359907086598" lon="7.098722319088881">
      <ele>719.4</ele></trkpt>
      <trkpt lat="46.6035861946588" lon="7.098715143209861">
      <ele>719.3</ele></trkpt>
      <trkpt lat="46.60357401646726" lon="7.098700719204518">
      <ele>719.3</ele></trkpt>
      <trkpt lat="46.603528446241015" lon="7.098653092519504">
      <ele>719.2</ele></trkpt>
      <trkpt lat="46.6034614228441" lon="7.098780742372648">
      <ele>719.2</ele></trkpt>
      <trkpt lat="46.603434207009606" lon="7.098821608747339">
      <ele>719.1</ele></trkpt>
      <trkpt lat="46.6034067351963" lon="7.098843016531445">
      <ele>719.1</ele></trkpt>
      <trkpt lat="46.603359261190576" lon="7.098908025276345">
      <ele>719.0</ele></trkpt>
      <trkpt lat="46.603318351186246" lon="7.099020357406002">
      <ele>719.0</ele></trkpt>
      <trkpt lat="46.60330821206872" lon="7.099089399432227">
      <ele>718.9</ele></trkpt>
      <trkpt lat="46.603305289933516" lon="7.099159283654618">
      <ele>718.9</ele></trkpt>
      <trkpt lat="46.603303054534194" lon="7.099323788554741">
      <ele>718.8</ele></trkpt>
      <trkpt lat="46.60330233841149" lon="7.099358184337683">
      <ele>718.9</ele></trkpt>
      <trkpt lat="46.603294636039294" lon="7.099481297330411">
      <ele>719.1</ele></trkpt>
      <trkpt lat="46.60327624409485" lon="7.099633752289153">
      <ele>719.2</ele></trkpt>
      <trkpt lat="46.603252463728616" lon="7.099786267002356">
      <ele>719.4</ele></trkpt>
      <trkpt lat="46.60325006589929" lon="7.099796684236764">
      <ele>719.5</ele></trkpt>
      <trkpt lat="46.6032179096625" lon="7.099936865183342">
      <ele>719.7</ele></trkpt>
      <trkpt lat="46.60318590578024" lon="7.100040604677332">
      <ele>719.8</ele></trkpt>
      <trkpt lat="46.60315653069375" lon="7.100120860663113">
      <ele>720.0</ele></trkpt>
      <trkpt lat="46.60312179630706" lon="7.100210925801368">
      <ele>720.1</ele></trkpt>
      <trkpt lat="46.60307901290802" lon="7.100310803818315">
      <ele>720.2</ele></trkpt>
      <trkpt lat="46.602987631807046" lon="7.100491422853786">
      <ele>720.4</ele></trkpt>
      <trkpt lat="46.602945178587774" lon="7.100575336185098">
      <ele>720.5</ele></trkpt>
      <trkpt lat="46.602847459369805" lon="7.100763446386292">
      <ele>720.7</ele></trkpt>
      <trkpt lat="46.60275697519091" lon="7.10095251571044">
      <ele>720.8</ele></trkpt>
      <trkpt lat="46.602733922526625" lon="7.101011235139358">
      <ele>721.0</ele></trkpt>
      <trkpt lat="46.60270690508127" lon="7.101091984222187">
      <ele>721.1</ele></trkpt>
      <trkpt lat="46.60268297111476" lon="7.101190281403141">
      <ele>721.3</ele></trkpt>
      <trkpt lat="46.60266707532813" lon="7.101281206434953">
      <ele>721.4</ele></trkpt>
      <trkpt lat="46.60264751705708" lon="7.101438560605193">
      <ele>721.6</ele></trkpt>
      <trkpt lat="46.60262269702168" lon="7.101696535800598">
      <ele>721.7</ele></trkpt>
      <trkpt lat="46.60260053210348" lon="7.101936926840189">
      <ele>722.0</ele></trkpt>
      <trkpt lat="46.60257693331563" lon="7.102151928289874">
      <ele>722.2</ele></trkpt>
      <trkpt lat="46.60255528037706" lon="7.102398476078174">
      <ele>722.5</ele></trkpt>
      <trkpt lat="46.60251817979112" lon="7.102769513768141">
      <ele>722.8</ele></trkpt>
      <trkpt lat="46.60248291718758" lon="7.103138881998385">
      <ele>723.1</ele></trkpt>
      <trkpt lat="46.60244371791923" lon="7.103543447957476">
      <ele>723.3</ele></trkpt>
      <trkpt lat="46.602400579023225" lon="7.103979269942976">
      <ele>723.6</ele></trkpt>
      <trkpt lat="46.602344410329216" lon="7.104567547859654">
      <ele>723.9</ele></trkpt>
      <trkpt lat="46.60231332154294" lon="7.104895873668417">
      <ele>724.1</ele></trkpt>
      <trkpt lat="46.602282231809966" lon="7.105224199099824">
      <ele>724.4</ele></trkpt>
      <trkpt lat="46.60223419243034" lon="7.105715256251032">
      <ele>724.7</ele></trkpt>
      <trkpt lat="46.60220593041208" lon="7.106002327261233">
      <ele>724.9</ele></trkpt>
      <trkpt lat="46.602200854417816" lon="7.106053846456982">
      <ele>725.2</ele></trkpt>
      <trkpt lat="46.602194716393626" lon="7.106117510021437">
      <ele>725.5</ele></trkpt>
      <trkpt lat="46.60218321816986" lon="7.1062370667148285">
      <ele>725.8</ele></trkpt>
      <trkpt lat="46.60216067954462" lon="7.106475981363937">
      <ele>726.0</ele></trkpt>
      <trkpt lat="46.60213421761493" lon="7.106748605642183">
      <ele>726.3</ele></trkpt>
      <trkpt lat="46.60212352651032" lon="7.106892237007999">
      <ele>726.6</ele></trkpt>
      <trkpt lat="46.602122098855574" lon="7.106933292520911">
      <ele>726.8</ele></trkpt>
      <trkpt lat="46.6021188683118" lon="7.107025572906208">
      <ele>727.1</ele></trkpt>
      <trkpt lat="46.602119239368456" lon="7.107153017867622">
      <ele>727.5</ele></trkpt>
      <trkpt lat="46.60212595934592" lon="7.107255091104368">
      <ele>727.9</ele></trkpt>
      <trkpt lat="46.60213581126885" lon="7.107332960873354">
      <ele>728.3</ele></trkpt>
      <trkpt lat="46.60215337277421" lon="7.107432605469366">
      <ele>728.6</ele></trkpt>
      <trkpt lat="46.60217627402505" lon="7.107524830325496">
      <ele>729.0</ele></trkpt>
      <trkpt lat="46.6022129023196" lon="7.1076417298638255">
      <ele>729.4</ele></trkpt>
      <trkpt lat="46.60224943980395" lon="7.10773361046021">
      <ele>729.8</ele></trkpt>
      <trkpt lat="46.6022822845514" lon="7.1077991889470615">
      <ele>730.2</ele></trkpt>
      <trkpt lat="46.60225324140011" lon="7.1078531386153365">
      <ele>730.6</ele></trkpt>
      <trkpt lat="46.602196488147776" lon="7.107958549852722">
      <ele>731.0</ele></trkpt>
      <trkpt lat="46.602118100010266" lon="7.108104160981252">
      <ele>731.3</ele></trkpt>
      <trkpt lat="46.60207299438436" lon="7.108187352278549">
      <ele>731.7</ele></trkpt>
      <trkpt lat="46.602019896746015" lon="7.10828783315761">
      <ele>732.1</ele></trkpt>
      <trkpt lat="46.60197288318628" lon="7.1083800804166">
      <ele>732.5</ele></trkpt>
      <trkpt lat="46.60193415481388" lon="7.108472420508884">
      <ele>732.9</ele></trkpt>
      <trkpt lat="46.6018846420808" lon="7.108605624872691">
      <ele>733.3</ele></trkpt>
      <trkpt lat="46.60182622214514" lon="7.108784941566454">
      <ele>733.6</ele></trkpt>
      <trkpt lat="46.60175257137636" lon="7.109035415258129">
      <ele>734.0</ele></trkpt>
      <trkpt lat="46.60169686599467" lon="7.109217337831155">
      <ele>734.4</ele></trkpt>
      <trkpt lat="46.601630389917126" lon="7.10943880580585">
      <ele>734.8</ele></trkpt>
      <trkpt lat="46.601591812830776" lon="7.109583792587362">
      <ele>735.8</ele></trkpt>
      <trkpt lat="46.60157033646289" lon="7.109685240459628">
      <ele>736.8</ele></trkpt>
      <trkpt lat="46.60155427189811" lon="7.109776136006899">
      <ele>737.7</ele></trkpt>
      <trkpt lat="46.60154184140128" lon="7.109866996360702">
      <ele>738.7</ele></trkpt>
      <trkpt lat="46.6015330208712" lon="7.109952588118997">
      <ele>739.7</ele></trkpt>
      <trkpt lat="46.601526947268965" lon="7.1100486824994995">
      <ele>740.7</ele></trkpt>
      <trkpt lat="46.60152267546469" lon="7.110139493196278">
      <ele>741.7</ele></trkpt>
      <trkpt lat="46.60152301703059" lon="7.1102579184936054">
      <ele>742.6</ele></trkpt>
      <trkpt lat="46.60152699509305" lon="7.110380289314657">
      <ele>743.6</ele></trkpt>
      <trkpt lat="46.60153566589269" lon="7.1105578647412155">
      <ele>744.6</ele></trkpt>
      <trkpt lat="46.60155300818211" lon="7.110910418548686">
      <ele>745.6</ele></trkpt>
      <trkpt lat="46.601571953546916" lon="7.111207677577966">
      <ele>746.6</ele></trkpt>
      <trkpt lat="46.60159047258592" lon="7.111478928144895">
      <ele>747.5</ele></trkpt>
      <trkpt lat="46.60160634239564" lon="7.111758234507516">
      <ele>748.5</ele></trkpt>
      <trkpt lat="46.601614064758294" lon="7.111922660413392">
      <ele>749.5</ele></trkpt>
      <trkpt lat="46.601621711467445" lon="7.112060788434326">
      <ele>750.5</ele></trkpt>
      <trkpt lat="46.601629328234644" lon="7.112157152480149">
      <ele>751.5</ele></trkpt>
      <trkpt lat="46.601637273145585" lon="7.1122330762174455">
      <ele>752.4</ele></trkpt>
      <trkpt lat="46.60162440589179" lon="7.112238139461679">
      <ele>753.4</ele></trkpt>
      <trkpt lat="46.60161757087398" lon="7.112248138852926">
      <ele>754.4</ele></trkpt>
      <trkpt lat="46.601609516697835" lon="7.112284731107541">
      <ele>756.5</ele></trkpt>
      <trkpt lat="46.60159721278588" lon="7.112382794521232">
      <ele>758.7</ele></trkpt>
      <trkpt lat="46.6015859801402" lon="7.112525134490986">
      <ele>760.8</ele></trkpt>
      <trkpt lat="46.60156984115096" lon="7.112751097517133">
      <ele>763.0</ele></trkpt>
      <trkpt lat="46.60153861728946" lon="7.113043569229031">
      <ele>765.1</ele></trkpt>
      <trkpt lat="46.6015087627917" lon="7.113274038780324">
      <ele>767.3</ele></trkpt>
      <trkpt lat="46.601468323358226" lon="7.113546662045824">
      <ele>769.4</ele></trkpt>
      <trkpt lat="46.6014398491196" lon="7.113728415408082">
      <ele>771.6</ele></trkpt>
      <trkpt lat="46.60142187270142" lon="7.113850304686299">
      <ele>773.7</ele></trkpt>
      <trkpt lat="46.60141907853896" lon="7.1139366946932245">
      <ele>775.8</ele></trkpt>
      <trkpt lat="46.60143016645483" lon="7.114080544393537">
      <ele>778.0</ele></trkpt>
      <trkpt lat="46.60144120644472" lon="7.114204478210679">
      <ele>780.1</ele></trkpt>
      <trkpt lat="46.601439954741515" lon="7.114301913399842">
      <ele>782.3</ele></trkpt>
      <trkpt lat="46.601428683688" lon="7.114396850594564">
      <ele>784.4</ele></trkpt>
      <trkpt lat="46.60131037655763" lon="7.114470790214351">
      <ele>786.6</ele></trkpt>
      <trkpt lat="46.601170111281704" lon="7.114538505137986">
      <ele>788.7</ele></trkpt>
      <trkpt lat="46.60102104762095" lon="7.114609169773143">
      <ele>790.9</ele></trkpt>
      <trkpt lat="46.60092162982481" lon="7.114628872174993">
      <ele>793.0</ele></trkpt>
      <trkpt lat="46.600886534322036" lon="7.114640293312637">
      <ele>795.2</ele></trkpt>
      <trkpt lat="46.60081274993258" lon="7.114668012078608">
      <ele>797.3</ele></trkpt>
      <trkpt lat="46.600764561739325" lon="7.1147033167855795">
      <ele>800.3</ele></trkpt>
      <trkpt lat="46.600738449314555" lon="7.114779900364744">
      <ele>803.2</ele></trkpt>
      <trkpt lat="46.600706059138496" lon="7.114907551192139">
      <ele>806.2</ele></trkpt>
      <trkpt lat="46.60066889712081" lon="7.115046454338611">
      <ele>809.2</ele></trkpt>
      <trkpt lat="46.60064284768075" lon="7.115145289313904">
      <ele>812.1</ele></trkpt>
      <trkpt lat="46.600610168185725" lon="7.11522505707538">
      <ele>815.1</ele></trkpt>
      <trkpt lat="46.60055775256805" lon="7.115308127165623">
      <ele>818.1</ele></trkpt>
      <trkpt lat="46.60051048526174" lon="7.1153858676079835">
      <ele>821.0</ele></trkpt>
      <trkpt lat="46.60033537639492" lon="7.115528634791675">
      <ele>824.0</ele></trkpt>
      <trkpt lat="46.60009930655347" lon="7.115631124393229">
      <ele>827.0</ele></trkpt>
      <trkpt lat="46.59998624866418" lon="7.115665797113394">
      <ele>829.9</ele></trkpt>
      <trkpt lat="46.599783428598656" lon="7.115724575420505">
      <ele>832.9</ele></trkpt>
      <trkpt lat="46.599728775319264" lon="7.115786358122613">
      <ele>835.8</ele></trkpt>
      <trkpt lat="46.59968299813945" lon="7.115891664483949">
      <ele>838.8</ele></trkpt>
      <trkpt lat="46.59965681268698" lon="7.115942758114013">
      <ele>841.8</ele></trkpt>
      <trkpt lat="46.59961523581109" lon="7.115981205894065">
      <ele>844.7</ele></trkpt>
      <trkpt lat="46.59956268441883" lon="7.116019719067015">
      <ele>847.7</ele></trkpt>
      <trkpt lat="46.59951239102085" lon="7.116080496410711">
      <ele>850.7</ele></trkpt>
      <trkpt lat="46.599473036018914" lon="7.11612847086058">
      <ele>853.6</ele></trkpt>
      <trkpt lat="46.59944252374151" lon="7.116201867651213">
      <ele>856.6</ele></trkpt>
      <trkpt lat="46.59941872228013" lon="7.1163197927619155">
      <ele>859.3</ele></trkpt>
      <trkpt lat="46.59938418030574" lon="7.116517352261265">
      <ele>862.1</ele></trkpt>
      <trkpt lat="46.59936036047108" lon="7.116628895391715">
      <ele>864.8</ele></trkpt>
      <trkpt lat="46.59934516719787" lon="7.116686291704359">
      <ele>867.6</ele></trkpt>
      <trkpt lat="46.59929956013829" lon="7.116852085744737">
      <ele>870.3</ele></trkpt>
      <trkpt lat="46.599262687468205" lon="7.117005090055021">
      <ele>873.1</ele></trkpt>
      <trkpt lat="46.599156035860794" lon="7.11730487256266">
      <ele>875.8</ele></trkpt>
      <trkpt lat="46.59910789941196" lon="7.117413009476526">
      <ele>878.6</ele></trkpt>
      <trkpt lat="46.59904375048887" lon="7.117540243044914">
      <ele>881.3</ele></trkpt>
      <trkpt lat="46.598986987855" lon="7.117639112531888">
      <ele>884.0</ele></trkpt>
      <trkpt lat="46.59894576975901" lon="7.117632714334243">
      <ele>886.8</ele></trkpt>
      <trkpt lat="46.59890800276784" lon="7.117637936846702">
      <ele>889.5</ele></trkpt>
      <trkpt lat="46.59888627038506" lon="7.117644708585264">
      <ele>892.3</ele></trkpt>
      <trkpt lat="46.59886573621853" lon="7.1176680736225615">
      <ele>895.0</ele></trkpt>
      <trkpt lat="46.59883728537748" lon="7.11772636995434">
      <ele>897.8</ele></trkpt>
      <trkpt lat="46.598811100953085" lon="7.117781311821371">
      <ele>900.5</ele></trkpt>
      <trkpt lat="46.59879297327992" lon="7.117847847011029">
      <ele>903.3</ele></trkpt>
      <trkpt lat="46.59877382909159" lon="7.117955915248247">
      <ele>906.0</ele></trkpt>
      <trkpt lat="46.59875799554237" lon="7.118025764642436">
      <ele>908.8</ele></trkpt>
      <trkpt lat="46.59873188076973" lon="7.118102304625846">
      <ele>911.5</ele></trkpt>
      <trkpt lat="46.5987114259607" lon="7.118153897405305">
      <ele>912.5</ele></trkpt>
      <trkpt lat="46.59868761002215" lon="7.118235422022869">
      <ele>913.6</ele></trkpt>
      <trkpt lat="46.59867071757706" lon="7.118331835449295">
      <ele>914.6</ele></trkpt>
      <trkpt lat="46.59865611460385" lon="7.118429905738109">
      <ele>915.7</ele></trkpt>
      <trkpt lat="46.59863792586212" lon="7.118474855212104">
      <ele>916.8</ele></trkpt>
      <trkpt lat="46.59861969075739" lon="7.118506519439578">
      <ele>917.8</ele></trkpt>
      <trkpt lat="46.59858887990336" lon="7.1185382450099475">
      <ele>918.9</ele></trkpt>
      <trkpt lat="46.59854204845687" lon="7.118573406277562">
      <ele>919.9</ele></trkpt>
      <trkpt lat="46.59850672751142" lon="7.118613576052853">
      <ele>921.0</ele></trkpt>
      <trkpt lat="46.59847223974867" lon="7.118582119458974">
      <ele>922.0</ele></trkpt>
      <trkpt lat="46.59840452382988" lon="7.11851609291176">
      <ele>923.0</ele></trkpt>
      <trkpt lat="46.59834485154564" lon="7.118466619173493">
      <ele>924.1</ele></trkpt>
      <trkpt lat="46.59827381099895" lon="7.1184371409476235">
      <ele>925.1</ele></trkpt>
      <trkpt lat="46.598201610425285" lon="7.118411010588856">
      <ele>926.2</ele></trkpt>
      <trkpt lat="46.598117943828825" lon="7.118373307170399">
      <ele>927.2</ele></trkpt>
      <trkpt lat="46.598065218489666" lon="7.1183470616629325">
      <ele>928.3</ele></trkpt>
      <trkpt lat="46.598030784882326" lon="7.11831569652765">
      <ele>929.4</ele></trkpt>
      <trkpt lat="46.59800778391824" lon="7.118277647159214">
      <ele>930.4</ele></trkpt>
      <trkpt lat="46.59799162744567" lon="7.118229586757012">
      <ele>931.5</ele></trkpt>
      <trkpt lat="46.59798461000715" lon="7.118178144386064">
      <ele>932.5</ele></trkpt>
      <trkpt lat="46.59798791504485" lon="7.11812829827331">
      <ele>933.0</ele></trkpt>
      <trkpt lat="46.598006080657484" lon="7.118078377144414">
      <ele>933.5</ele></trkpt>
      <trkpt lat="46.59804029488887" lon="7.118034990490462">
      <ele>934.0</ele></trkpt>
      <trkpt lat="46.598084780191755" lon="7.117974942726708">
      <ele>934.5</ele></trkpt>
      <trkpt lat="46.59810753340336" lon="7.117924981207976">
      <ele>935.0</ele></trkpt>
      <trkpt lat="46.59812112488798" lon="7.117876744430897">
      <ele>935.5</ele></trkpt>
      <trkpt lat="46.59812557730828" lon="7.1178318896953545">
      <ele>936.0</ele></trkpt>
      <trkpt lat="46.59811861079008" lon="7.11779538972194">
      <ele>936.5</ele></trkpt>
      <trkpt lat="46.59810478578615" lon="7.117763928765083">
      <ele>937.0</ele></trkpt>
      <trkpt lat="46.59808182204184" lon="7.117739151665911">
      <ele>937.5</ele></trkpt>
      <trkpt lat="46.59804853505608" lon="7.117706135748689">
      <ele>938.0</ele></trkpt>
      <trkpt lat="46.59801750952076" lon="7.11766480637738">
      <ele>938.5</ele></trkpt>
      <trkpt lat="46.598001334412" lon="7.117613418398561">
      <ele>939.0</ele></trkpt>
      <trkpt lat="46.59799316492025" lon="7.117558668125355">
      <ele>939.5</ele></trkpt>
      <trkpt lat="46.597987218953364" lon="7.117478978350885">
      <ele>940.0</ele></trkpt>
      <trkpt lat="46.59797781798484" lon="7.117392692544519">
      <ele>940.5</ele></trkpt>
      <trkpt lat="46.59794884246307" lon="7.1172649835572726">
      <ele>941.0</ele></trkpt>
      <trkpt lat="46.59790012389207" lon="7.11703942263293">
      <ele>941.5</ele></trkpt>
      <trkpt lat="46.59785026207301" lon="7.11681055411302">
      <ele>942.0</ele></trkpt>
      <trkpt lat="46.5978108640219" lon="7.116639750137742">
      <ele>942.5</ele></trkpt>
      <trkpt lat="46.597780618786004" lon="7.116470536247911">
      <ele>943.4</ele></trkpt>
      <trkpt lat="46.59775841654607" lon="7.1163112581568715">
      <ele>944.3</ele></trkpt>
      <trkpt lat="46.597741835951865" lon="7.116113722149054">
      <ele>945.2</ele></trkpt>
      <trkpt lat="46.59773007850622" lon="7.11600253786755">
      <ele>946.1</ele></trkpt>
      <trkpt lat="46.59771369555587" lon="7.115878082910045">
      <ele>947.0</ele></trkpt>
      <trkpt lat="46.59769272906259" lon="7.115751997989438">
      <ele>947.9</ele></trkpt>
      <trkpt lat="46.59765794108237" lon="7.115592782553847">
      <ele>948.8</ele></trkpt>
      <trkpt lat="46.597637148223214" lon="7.115524823071821">
      <ele>949.7</ele></trkpt>
      <trkpt lat="46.59761640803842" lon="7.115481776426451">
      <ele>950.6</ele></trkpt>
      <trkpt lat="46.59758881748697" lon="7.115437087248632">
      <ele>951.5</ele></trkpt>
      <trkpt lat="46.59755665344127" lon="7.115397436769688">
      <ele>952.3</ele></trkpt>
      <trkpt lat="46.597314346199596" lon="7.115124868152252">
      <ele>953.2</ele></trkpt>
      <trkpt lat="46.597250114337385" lon="7.115051022443576">
      <ele>954.1</ele></trkpt>
      <trkpt lat="46.59718213612668" lon="7.1149915545836855">
      <ele>955.0</ele></trkpt>
      <trkpt lat="46.597112734171375" lon="7.114947063993693">
      <ele>955.9</ele></trkpt>
      <trkpt lat="46.597033038704495" lon="7.114911196049003">
      <ele>956.8</ele></trkpt>
      <trkpt lat="46.596954858099615" lon="7.114892414880687">
      <ele>957.7</ele></trkpt>
      <trkpt lat="46.596878210393356" lon="7.114890733355427">
      <ele>958.6</ele></trkpt>
      <trkpt lat="46.596754441861805" lon="7.114904302335731">
      <ele>959.5</ele></trkpt>
      <trkpt lat="46.5966586215793" lon="7.114898455098828">
      <ele>960.4</ele></trkpt>
      <trkpt lat="46.59653037257129" lon="7.114892815002459">
      <ele>961.9</ele></trkpt>
      <trkpt lat="46.59641832736003" lon="7.114884937751254">
      <ele>963.5</ele></trkpt>
      <trkpt lat="46.59627382586765" lon="7.114864413559234">
      <ele>965.0</ele></trkpt>
      <trkpt lat="46.59620007712142" lon="7.1148477463957125">
      <ele>966.5</ele></trkpt>
      <trkpt lat="46.596166136655526" lon="7.114835134448256">
      <ele>968.0</ele></trkpt>
      <trkpt lat="46.596130693366035" lon="7.114809677279727">
      <ele>969.6</ele></trkpt>
      <trkpt lat="46.59609521676343" lon="7.114775672611208">
      <ele>971.1</ele></trkpt>
      <trkpt lat="46.59605229380429" lon="7.114713929198473">
      <ele>972.6</ele></trkpt>
      <trkpt lat="46.595990109818395" lon="7.114613790837857">
      <ele>974.2</ele></trkpt>
      <trkpt lat="46.595944248431515" lon="7.114556345655753">
      <ele>975.7</ele></trkpt>
      <trkpt lat="46.59585257101522" lon="7.1144542572783">
      <ele>977.2</ele></trkpt>
      <trkpt lat="46.59572529785116" lon="7.114273261170478">
      <ele>978.8</ele></trkpt>
      <trkpt lat="46.59569271360637" lon="7.1142157238854695">
      <ele>980.3</ele></trkpt>
      <trkpt lat="46.595648321180214" lon="7.114156130366571">
      <ele>981.8</ele></trkpt>
      <trkpt lat="46.5955995272644" lon="7.114105097955195">
      <ele>983.4</ele></trkpt>
      <trkpt lat="46.59554487467444" lon="7.1140626614830005">
      <ele>984.9</ele></trkpt>
      <trkpt lat="46.595481385560454" lon="7.114022405241774">
      <ele>986.4</ele></trkpt>
      <trkpt lat="46.59538250212361" lon="7.113980247435432">
      <ele>987.9</ele></trkpt>
      <trkpt lat="46.59525709087879" lon="7.1139382229034265">
      <ele>989.5</ele></trkpt>
      <trkpt lat="46.595186316928334" lon="7.11393010009847">
      <ele>991.0</ele></trkpt>
      <trkpt lat="46.59510527682385" lon="7.113937006981662">
      <ele>993.2</ele></trkpt>
      <trkpt lat="46.59498599223553" lon="7.113974066359423">
      <ele>995.5</ele></trkpt>
      <trkpt lat="46.594938865425995" lon="7.1139871770319685">
      <ele>997.8</ele></trkpt>
      <trkpt lat="46.59488582536552" lon="7.1139960428700375">
      <ele>1000.0</ele></trkpt>
      <trkpt lat="46.59483421182439" lon="7.113987805062998">
      <ele>1002.2</ele></trkpt>
      <trkpt lat="46.59478403086423" lon="7.113964590716853">
      <ele>1004.5</ele></trkpt>
      <trkpt lat="46.5947234678591" lon="7.113915770077167">
      <ele>1006.8</ele></trkpt>
      <trkpt lat="46.59466142993063" lon="7.113873391867823">
      <ele>1009.0</ele></trkpt>
      <trkpt lat="46.59455956502309" lon="7.1138141187429405">
      <ele>1011.2</ele></trkpt>
      <trkpt lat="46.594435506989846" lon="7.113729336704531">
      <ele>1013.5</ele></trkpt>
      <trkpt lat="46.594311506718014" lon="7.113661662659912">
      <ele>1015.8</ele></trkpt>
      <trkpt lat="46.594222928756814" lon="7.11361516426722">
      <ele>1018.0</ele></trkpt>
      <trkpt lat="46.59414621996303" lon="7.1135920968655455">
      <ele>1020.2</ele></trkpt>
      <trkpt lat="46.59402966946956" lon="7.1135564412903465">
      <ele>1022.5</ele></trkpt>
      <trkpt lat="46.59391316139835" lon="7.113529346051745">
      <ele>1024.8</ele></trkpt>
      <trkpt lat="46.59382764379441" lon="7.11352131258588">
      <ele>1027.0</ele></trkpt>
      <trkpt lat="46.593742165702416" lon="7.113523966372089">
      <ele>1029.2</ele></trkpt>
      <trkpt lat="46.59368183161318" lon="7.113558531405693">
      <ele>1031.5</ele></trkpt>
      <trkpt lat="46.593639280369615" lon="7.113627218048312">
      <ele>1033.8</ele></trkpt>
      <trkpt lat="46.59361001572742" lon="7.113702232022435">
      <ele>1036.0</ele></trkpt>
      <trkpt lat="46.59358382352313" lon="7.113819977196932">
      <ele>1036.9</ele></trkpt>
      <trkpt lat="46.59357064666546" lon="7.113852131650573">
      <ele>1037.7</ele></trkpt>
      <trkpt lat="46.59354417702447" lon="7.113875805502984">
      <ele>1038.6</ele></trkpt>
      <trkpt lat="46.593504460223656" lon="7.113903839035128">
      <ele>1039.4</ele></trkpt>
      <trkpt lat="46.593442629311006" lon="7.113927738120627">
      <ele>1040.3</ele></trkpt>
      <trkpt lat="46.593385215144835" lon="7.113951597594893">
      <ele>1041.1</ele></trkpt>
      <trkpt lat="46.59333804886192" lon="7.1139540207516365">
      <ele>1042.0</ele></trkpt>
      <trkpt lat="46.59331007029068" lon="7.113962749007056">
      <ele>1042.8</ele></trkpt>
      <trkpt lat="46.59328800200188" lon="7.1139778359403305">
      <ele>1043.7</ele></trkpt>
      <trkpt lat="46.59328070177555" lon="7.1140014076286">
      <ele>1044.5</ele></trkpt>
      <trkpt lat="46.59328078102187" lon="7.114029202151967">
      <ele>1045.4</ele></trkpt>
      <trkpt lat="46.593297048675076" lon="7.114046212175619">
      <ele>1046.3</ele></trkpt>
      <trkpt lat="46.59332507312901" lon="7.114056731416493">
      <ele>1047.1</ele></trkpt>
      <trkpt lat="46.593376692807595" lon="7.114067122160339">
      <ele>1048.0</ele></trkpt>
      <trkpt lat="46.59346366737239" lon="7.1140687404556315">
      <ele>1048.8</ele></trkpt>
      <trkpt lat="46.59356242920588" lon="7.114074555181664">
      <ele>1049.7</ele></trkpt>
      <trkpt lat="46.59364504790878" lon="7.114097574515853">
      <ele>1050.5</ele></trkpt>
      <trkpt lat="46.59370410508218" lon="7.114135702911688">
      <ele>1051.4</ele></trkpt>
      <trkpt lat="46.59376761215381" lon="7.114175957855598">
      <ele>1052.2</ele></trkpt>
      <trkpt lat="46.593814931046126" lon="7.114233404714884">
      <ele>1053.1</ele></trkpt>
      <trkpt lat="46.593880093105355" lon="7.114339914987348">
      <ele>1054.5</ele></trkpt>
      <trkpt lat="46.59391425897897" lon="7.114431656591822">
      <ele>1055.8</ele></trkpt>
      <trkpt lat="46.59395586217684" lon="7.1145511360499825">
      <ele>1057.2</ele></trkpt>
      <trkpt lat="46.59399752908368" lon="7.114689889373371">
      <ele>1058.6</ele></trkpt>
      <trkpt lat="46.59401995310921" lon="7.114796656382255">
      <ele>1059.9</ele></trkpt>
      <trkpt lat="46.59398340598435" lon="7.114765804378624">
      <ele>1061.3</ele></trkpt>
      <trkpt lat="46.5939052775895" lon="7.1146895022107515">
      <ele>1062.7</ele></trkpt>
      <trkpt lat="46.593830072473665" lon="7.1146067885350135">
      <ele>1064.0</ele></trkpt>
      <trkpt lat="46.593763707177885" lon="7.114532556444552">
      <ele>1065.4</ele></trkpt>
      <trkpt lat="46.59371511241006" lon="7.11450086348934">
      <ele>1066.8</ele></trkpt>
      <trkpt lat="46.59366801127572" lon="7.11448193699237">
      <ele>1068.1</ele></trkpt>
      <trkpt lat="46.59360772324149" lon="7.114475904030783">
      <ele>1069.5</ele></trkpt>
      <trkpt lat="46.59354599029853" lon="7.114480541066679">
      <ele>1070.8</ele></trkpt>
      <trkpt lat="46.5934681318314" lon="7.114495949071285">
      <ele>1072.2</ele></trkpt>
      <trkpt lat="46.59338143970936" lon="7.114511383856997">
      <ele>1073.6</ele></trkpt>
      <trkpt lat="46.59331088508472" lon="7.11451393359904">
      <ele>1074.9</ele></trkpt>
      <trkpt lat="46.59326385977707" lon="7.114518482451936">
      <ele>1076.3</ele></trkpt>
      <trkpt lat="46.593163430213856" lon="7.11452089797715">
      <ele>1077.7</ele></trkpt>
      <trkpt lat="46.59311183708124" lon="7.114529297608466">
      <ele>1079.0</ele></trkpt>
      <trkpt lat="46.59309515407229" lon="7.114549636940418">
      <ele>1080.4</ele></trkpt>
      <trkpt lat="46.593085643834534" lon="7.114593239250932">
      <ele>1082.2</ele></trkpt>
      <trkpt lat="46.59304282186335" lon="7.114601782004913">
      <ele>1084.0</ele></trkpt>
      <trkpt lat="46.593014989794455" lon="7.114601948704532">
      <ele>1085.7</ele></trkpt>
      <trkpt lat="46.59301283987059" lon="7.11460196158145">
      <ele>1087.5</ele></trkpt>
      <trkpt lat="46.592968516866456" lon="7.114585654544033">
      <ele>1089.3</ele></trkpt>
      <trkpt lat="46.59290991522714" lon="7.114565296465159">
      <ele>1091.1</ele></trkpt>
      <trkpt lat="46.59279281184133" lon="7.114565997929601">
      <ele>1092.9</ele></trkpt>
      <trkpt lat="46.59263712426125" lon="7.114556569496781">
      <ele>1094.6</ele></trkpt>
      <trkpt lat="46.592591450718935" lon="7.114565129290232">
      <ele>1096.4</ele></trkpt>
      <trkpt lat="46.59256580365648" lon="7.114583930114811">
      <ele>1098.2</ele></trkpt>
      <trkpt lat="46.59255728988602" lon="7.1146046900641675">
      <ele>1100.0</ele></trkpt>
      <trkpt lat="46.59255595983004" lon="7.1146399176052455">
      <ele>1101.8</ele></trkpt>
      <trkpt lat="46.592556065950774" lon="7.114677211354646">
      <ele>1103.5</ele></trkpt>
      <trkpt lat="46.592538994352616" lon="7.114700097336193">
      <ele>1105.3</ele></trkpt>
      <trkpt lat="46.59250052804306" lon="7.114731397579986">
      <ele>1107.1</ele></trkpt>
      <trkpt lat="46.592434848821156" lon="7.114733865608176">
      <ele>1108.9</ele></trkpt>
      <trkpt lat="46.59239625564653" lon="7.114723735693697">
      <ele>1110.7</ele></trkpt>
      <trkpt lat="46.5923533955123" lon="7.114715706143652">
      <ele>1112.4</ele></trkpt>
      <trkpt lat="46.592270570871314" lon="7.114718276837995">
      <ele>1114.2</ele></trkpt>
      <trkpt lat="46.59214211700991" lon="7.114741829509711">
      <ele>1116.0</ele></trkpt>
      <trkpt lat="46.59204954046646" lon="7.114772644371131">
      <ele>1118.3</ele></trkpt>
      <trkpt lat="46.592016001651146" lon="7.114752606158559">
      <ele>1120.6</ele></trkpt>
      <trkpt lat="46.5919907915705" lon="7.114716324318459">
      <ele>1122.9</ele></trkpt>
      <trkpt lat="46.59193902246474" lon="7.114666043411499">
      <ele>1125.2</ele></trkpt>
      <trkpt lat="46.591883067913315" lon="7.114611742490812">
      <ele>1127.5</ele></trkpt>
      <trkpt lat="46.591831278933704" lon="7.114551335921302">
      <ele>1129.8</ele></trkpt>
      <trkpt lat="46.59179337535894" lon="7.114470620423303">
      <ele>1132.1</ele></trkpt>
      <trkpt lat="46.59174703419004" lon="7.114361613341533">
      <ele>1134.4</ele></trkpt>
      <trkpt lat="46.59172032270324" lon="7.1142909439138045">
      <ele>1136.7</ele></trkpt>
      <trkpt lat="46.59168517039881" lon="7.114194018566928">
      <ele>1139.0</ele></trkpt>
      <trkpt lat="46.59166415461172" lon="7.114161770261977">
      <ele>1141.2</ele></trkpt>
      <trkpt lat="46.59162082348193" lon="7.114133687939167">
      <ele>1143.5</ele></trkpt>
      <trkpt lat="46.59158314780282" lon="7.114129868762218">
      <ele>1145.8</ele></trkpt>
      <trkpt lat="46.59154331759662" lon="7.114156009684326">
      <ele>1148.1</ele></trkpt>
      <trkpt lat="46.59148102393306" lon="7.114251144122109">
      <ele>1150.4</ele></trkpt>
      <trkpt lat="46.59146279319069" lon="7.114277612120001">
      <ele>1152.7</ele></trkpt>
      <trkpt lat="46.59138453631004" lon="7.114386843354363">
      <ele>1155.0</ele></trkpt>
      <trkpt lat="46.59134850274597" lon="7.114470036815984">
      <ele>1157.3</ele></trkpt>
      <trkpt lat="46.59132506137914" lon="7.114565290142271">
      <ele>1159.6</ele></trkpt>
      <trkpt lat="46.59132386866062" lon="7.114636126296954">
      <ele>1161.9</ele></trkpt>
      <trkpt lat="46.5913296128447" lon="7.114694772459275">
      <ele>1163.0</ele></trkpt>
      <trkpt lat="46.59134089717275" lon="7.114737204922599">
      <ele>1164.1</ele></trkpt>
      <trkpt lat="46.59136481078317" lon="7.114807890820114">
      <ele>1165.1</ele></trkpt>
      <trkpt lat="46.591388756387666" lon="7.1148866799169275">
      <ele>1166.2</ele></trkpt>
      <trkpt lat="46.59140567535654" lon="7.114949304458408">
      <ele>1167.3</ele></trkpt>
      <trkpt lat="46.59144781006371" lon="7.11505024622225">
      <ele>1168.4</ele></trkpt>
      <trkpt lat="46.591487153541934" lon="7.115147146635986">
      <ele>1169.5</ele></trkpt>
      <trkpt lat="46.591490080129745" lon="7.115195697003579">
      <ele>1170.5</ele></trkpt>
      <trkpt lat="46.59147207742238" lon="7.115242349906743">
      <ele>1171.6</ele></trkpt>
      <trkpt lat="46.5914401284218" lon="7.1152911087019435">
      <ele>1172.7</ele></trkpt>
      <trkpt lat="46.59140683682258" lon="7.115358091646265">
      <ele>1173.8</ele></trkpt>
      <trkpt lat="46.59139642238021" lon="7.115454036750555">
      <ele>1174.9</ele></trkpt>
      <trkpt lat="46.59140248973199" lon="7.11552210240914">
      <ele>1175.9</ele></trkpt>
      <trkpt lat="46.59140550460373" lon="7.115532079816321">
      <ele>1177.0</ele></trkpt>
      <trkpt lat="46.59143210178936" lon="7.11561980496828">
      <ele>1178.1</ele></trkpt>
      <trkpt lat="46.59145879029977" lon="7.1157175511812545">
      <ele>1179.2</ele></trkpt>
      <trkpt lat="46.59146482126835" lon="7.115772842333972">
      <ele>1180.3</ele></trkpt>
      <trkpt lat="46.591456189684465" lon="7.115834614923405">
      <ele>1181.3</ele></trkpt>
      <trkpt lat="46.59145381713837" lon="7.115851292464985">
      <ele>1182.4</ele></trkpt>
      <trkpt lat="46.59145043922673" lon="7.115875074578685">
      <ele>1183.5</ele></trkpt>
      <trkpt lat="46.591459321272715" lon="7.115904812125564">
      <ele>1185.5</ele></trkpt>
      <trkpt lat="46.59148877920941" lon="7.115945074824844">
      <ele>1187.4</ele></trkpt>
      <trkpt lat="46.59152406905389" lon="7.115976781875706">
      <ele>1189.3</ele></trkpt>
      <trkpt lat="46.59156372143341" lon="7.115989320246088">
      <ele>1191.3</ele></trkpt>
      <trkpt lat="46.59163719427864" lon="7.11602930756206">
      <ele>1193.2</ele></trkpt>
      <trkpt lat="46.591745969043686" lon="7.116105282223164">
      <ele>1195.2</ele></trkpt>
      <trkpt lat="46.59182677317892" lon="7.116145226130588">
      <ele>1197.2</ele></trkpt>
      <trkpt lat="46.59198833931734" lon="7.116210251763683">
      <ele>1199.1</ele></trkpt>
      <trkpt lat="46.59209853197484" lon="7.116269176827678">
      <ele>1201.0</ele></trkpt>
      <trkpt lat="46.592277816623834" lon="7.116374510514515">
      <ele>1203.0</ele></trkpt>
      <trkpt lat="46.59238511883234" lon="7.116448355488629">
      <ele>1205.0</ele></trkpt>
      <trkpt lat="46.59247333248248" lon="7.116515933397821">
      <ele>1206.9</ele></trkpt>
      <trkpt lat="46.592527800939536" lon="7.1165794583948205">
      <ele>1208.8</ele></trkpt>
      <trkpt lat="46.592549385921274" lon="7.116609643001169">
      <ele>1210.8</ele></trkpt>
      <trkpt lat="46.592580815142824" lon="7.116653614162311">
      <ele>1212.8</ele></trkpt>
      <trkpt lat="46.59263389550778" lon="7.1167448249036465">
      <ele>1214.7</ele></trkpt>
      <trkpt lat="46.59268590942059" lon="7.116866133506487">
      <ele>1216.7</ele></trkpt>
      <trkpt lat="46.59268809841044" lon="7.116899043493579">
      <ele>1218.6</ele></trkpt>
      <trkpt lat="46.59268818465442" lon="7.1169263809506775">
      <ele>1220.5</ele></trkpt>
      <trkpt lat="46.59270576521994" lon="7.1169720397932945">
      <ele>1222.5</ele></trkpt>
      <trkpt lat="46.592712154411146" lon="7.117011057929648">
      <ele>1223.1</ele></trkpt>
      <trkpt lat="46.59272411247076" lon="7.117043909867984">
      <ele>1223.6</ele></trkpt>
      <trkpt lat="46.59272383211844" lon="7.117065677531461">
      <ele>1224.2</ele></trkpt>
      <trkpt lat="46.59271695469721" lon="7.1170958489140865">
      <ele>1224.7</ele></trkpt>
      <trkpt lat="46.592739039406844" lon="7.117134212686279">
      <ele>1225.3</ele></trkpt>
      <trkpt lat="46.5927429671457" lon="7.1171648809774455">
      <ele>1225.9</ele></trkpt>
      <trkpt lat="46.592750809565466" lon="7.117218414249809">
      <ele>1226.4</ele></trkpt>
      <trkpt lat="46.592756430868405" lon="7.117234000705606">
      <ele>1227.0</ele></trkpt>
      <trkpt lat="46.59277465825585" lon="7.117263461841811">
      <ele>1227.5</ele></trkpt>
      <trkpt lat="46.59279085899432" lon="7.117317493582579">
      <ele>1228.1</ele></trkpt>
      <trkpt lat="46.5928095579678" lon="7.117386569273338">
      <ele>1228.7</ele></trkpt>
      <trkpt lat="46.59281175155633" lon="7.117421162672719">
      <ele>1229.2</ele></trkpt>
      <trkpt lat="46.59281991989361" lon="7.117469096015849">
      <ele>1229.8</ele></trkpt>
      <trkpt lat="46.59282665772977" lon="7.117504210516965">
      <ele>1230.3</ele></trkpt>
      <trkpt lat="46.59283205321427" lon="7.1175577584424605">
      <ele>1230.9</ele></trkpt>
      <trkpt lat="46.59283842916014" lon="7.117588960354016">
      <ele>1231.5</ele></trkpt>
      <trkpt lat="46.59284938290426" lon="7.117635768037782">
      <ele>1232.0</ele></trkpt>
      <trkpt lat="46.592865202772664" lon="7.1176792062788365">
      <ele>1232.6</ele></trkpt>
      <trkpt lat="46.592867129458206" lon="7.11773722460978">
      <ele>1233.1</ele></trkpt>
      <trkpt lat="46.59286514474027" lon="7.117773513137146">
      <ele>1233.7</ele></trkpt>
      <trkpt lat="46.59287123387863" lon="7.117824264486142">
      <ele>1234.2</ele></trkpt>
      <trkpt lat="46.59288182567259" lon="7.11786715963251">
      <ele>1234.8</ele></trkpt>
      <trkpt lat="46.59288646747147" lon="7.1179022996981">
      <ele>1235.4</ele></trkpt>
      <trkpt lat="46.59288867772766" lon="7.117939672547018">
      <ele>1235.9</ele></trkpt>
      <trkpt lat="46.59287416623754" lon="7.117983851795921">
      <ele>1236.5</ele></trkpt>
      <trkpt lat="46.59286743128094" lon="7.118010394624316">
      <ele>1237.0</ele></trkpt>
      <trkpt lat="46.592865197474175" lon="7.11807006877">
      <ele>1237.5</ele></trkpt>
      <trkpt lat="46.59286571536876" lon="7.118123019323956">
      <ele>1238.1</ele></trkpt>
      <trkpt lat="46.59286483114999" lon="7.118173211755261">
      <ele>1238.7</ele></trkpt>
      <trkpt lat="46.59286628663961" lon="7.118194943088375">
      <ele>1239.2</ele></trkpt>
      <trkpt lat="46.59286990593958" lon="7.11824397356871">
      <ele>1239.8</ele></trkpt>
      <trkpt lat="46.59286282189433" lon="7.118303128359151">
      <ele>1240.3</ele></trkpt>
      <trkpt lat="46.592861522457596" lon="7.118330461059582">
      <ele>1240.9</ele></trkpt>
      <trkpt lat="46.59286549406525" lon="7.118380037524848">
      <ele>1241.4</ele></trkpt>
      <trkpt lat="46.59287221317709" lon="7.118424586845206">
      <ele>1242.0</ele></trkpt>
      <trkpt lat="46.59287966485889" lon="7.118476935260123">
      <ele>1242.5</ele></trkpt>
      <trkpt lat="46.59288713727423" lon="7.118539866465601">
      <ele>1243.0</ele></trkpt>
      <trkpt lat="46.59289034760718" lon="7.11856826862436">
      <ele>1243.6</ele></trkpt>
      <trkpt lat="46.5928879999338" lon="7.118593937235641">
      <ele>1244.2</ele></trkpt>
      <trkpt lat="46.59288848472422" lon="7.118635195930336">
      <ele>1244.7</ele></trkpt>
      <trkpt lat="46.59289533451784" lon="7.118719883864363">
      <ele>1245.4</ele></trkpt>
      <trkpt lat="46.592910105617165" lon="7.118787208698582">
      <ele>1246.0</ele></trkpt>
      <trkpt lat="46.59291373877309" lon="7.118841263118153">
      <ele>1246.7</ele></trkpt>
      <trkpt lat="46.5929024816959" lon="7.118897663059418">
      <ele>1247.4</ele></trkpt>
      <trkpt lat="46.59289463462028" lon="7.118935082341442">
      <ele>1248.1</ele></trkpt>
      <trkpt lat="46.592886831348785" lon="7.118988108193166">
      <ele>1248.8</ele></trkpt>
      <trkpt lat="46.59287861504595" lon="7.119022189038508">
      <ele>1249.4</ele></trkpt>
      <trkpt lat="46.59286281989257" lon="7.1190674847500794">
      <ele>1250.1</ele></trkpt>
      <trkpt lat="46.59286710953447" lon="7.1191086948583955">
      <ele>1250.8</ele></trkpt>
      <trkpt lat="46.592864198169345" lon="7.119173958009894">
      <ele>1251.5</ele></trkpt>
      <trkpt lat="46.592861605094384" lon="7.119230841694657">
      <ele>1252.1</ele></trkpt>
      <trkpt lat="46.59285830059778" lon="7.119281048388054">
      <ele>1252.8</ele></trkpt>
      <trkpt lat="46.59285843154063" lon="7.119324527515581">
      <ele>1253.5</ele></trkpt>
      <trkpt lat="46.59285849681956" lon="7.119344596784182">
      <ele>1254.2</ele></trkpt>
      <trkpt lat="46.59285336741643" lon="7.119366380054164">
      <ele>1254.8</ele></trkpt>
      <trkpt lat="46.59284442863722" lon="7.119389869144107">
      <ele>1255.5</ele></trkpt>
      <trkpt lat="46.59283899807957" lon="7.119426164874816">
      <ele>1256.2</ele></trkpt>
      <trkpt lat="46.59283082773018" lon="7.119470267124186">
      <ele>1256.9</ele></trkpt>
      <trkpt lat="46.59281465381562" lon="7.119508870669187">
      <ele>1257.5</ele></trkpt>
      <trkpt lat="46.592807792600325" lon="7.119529006875088">
      <ele>1258.2</ele></trkpt>
      <trkpt lat="46.59280720424627" lon="7.11956301650141">
      <ele>1259.1</ele></trkpt>
      <trkpt lat="46.59280041015538" lon="7.119607110588144">
      <ele>1259.9</ele></trkpt>
      <trkpt lat="46.59278560548975" lon="7.119636780363249">
      <ele>1260.8</ele></trkpt>
      <trkpt lat="46.5927618588681" lon="7.119688829965806">
      <ele>1261.7</ele></trkpt>
      <trkpt lat="46.59275256451918" lon="7.119710650765449">
      <ele>1262.5</ele></trkpt>
      <trkpt lat="46.59274851130837" lon="7.1197441327131274">
      <ele>1263.4</ele></trkpt>
      <trkpt lat="46.59274097300293" lon="7.1197698448469104">
      <ele>1264.3</ele></trkpt>
      <trkpt lat="46.59272616865405" lon="7.119802855127067">
      <ele>1265.1</ele></trkpt>
      <trkpt lat="46.592697890256744" lon="7.119846018731956">
      <ele>1266.0</ele></trkpt>
      <trkpt lat="46.592679568036566" lon="7.119859554267241">
      <ele>1266.8</ele></trkpt>
      <trkpt lat="46.59266717995284" lon="7.119888087442506">
      <ele>1267.7</ele></trkpt>
      <trkpt lat="46.59264154488772" lon="7.119892205414828">
      <ele>1268.6</ele></trkpt>
      <trkpt lat="46.59263048749178" lon="7.119901222267304">
      <ele>1269.4</ele></trkpt>
      <trkpt lat="46.59261812748639" lon="7.119939790023704">
      <ele>1270.3</ele></trkpt>
      <trkpt lat="46.59260809985741" lon="7.119947117458939">
      <ele>1271.2</ele></trkpt>
      <trkpt lat="46.59258739059649" lon="7.119972372062226">
      <ele>1272.0</ele></trkpt>
      <trkpt lat="46.59255388040533" lon="7.120007227894266">
      <ele>1272.9</ele></trkpt>
      <trkpt lat="46.59252622939273" lon="7.120030304980834">
      <ele>1273.8</ele></trkpt>
      <trkpt lat="46.592511443347114" lon="7.120066668570642">
      <ele>1274.6</ele></trkpt>
      <trkpt lat="46.592485556565194" lon="7.120099783027421">
      <ele>1275.5</ele></trkpt>
      <trkpt lat="46.592464148760605" lon="7.1201261638495135">
      <ele>1276.3</ele></trkpt>
      <trkpt lat="46.59244415704356" lon="7.120160326620797">
      <ele>1277.1</ele></trkpt>
      <trkpt lat="46.59242549801321" lon="7.120178887866185">
      <ele>1278.0</ele></trkpt>
      <trkpt lat="46.59240409761644" lon="7.12020470747358">
      <ele>1278.8</ele></trkpt>
      <trkpt lat="46.592382994174436" lon="7.1202176980725405">
      <ele>1279.6</ele></trkpt>
      <trkpt lat="46.592370141738165" lon="7.120208887299218">
      <ele>1280.4</ele></trkpt>
      <trkpt lat="46.59236620485186" lon="7.1201682234689905">
      <ele>1281.2</ele></trkpt>
      <trkpt lat="46.592360920096624" lon="7.120140955924926">
      <ele>1282.1</ele></trkpt>
      <trkpt lat="46.592347334794084" lon="7.120120992536483">
      <ele>1282.9</ele></trkpt>
      <trkpt lat="46.59232581661702" lon="7.120111136690704">
      <ele>1283.7</ele></trkpt>
      <trkpt lat="46.59231469092165" lon="7.120098962177413">
      <ele>1284.5</ele></trkpt>
      <trkpt lat="46.59230864053168" lon="7.120048837226922">
      <ele>1285.3</ele></trkpt>
      <trkpt lat="46.59229641557948" lon="7.1200199533658655">
      <ele>1286.2</ele></trkpt>
      <trkpt lat="46.59227519083521" lon="7.119992805851867">
      <ele>1287.0</ele></trkpt>
      <trkpt lat="46.59226328389497" lon="7.119952202104936">
      <ele>1287.8</ele></trkpt>
      <trkpt lat="46.59225450655184" lon="7.119917712989103">
      <ele>1288.6</ele></trkpt>
      <trkpt lat="46.59225022808943" lon="7.119880391833872">
      <ele>1289.4</ele></trkpt>
      <trkpt lat="46.59224112139094" lon="7.11985036745047">
      <ele>1290.3</ele></trkpt>
      <trkpt lat="46.592234135950584" lon="7.119832583624198">
      <ele>1291.1</ele></trkpt>
      <trkpt lat="46.59220459507417" lon="7.119807181597476">
      <ele>1291.9</ele></trkpt>
      <trkpt lat="46.592180851330234" lon="7.119751067171982">
      <ele>1293.0</ele></trkpt>
      <trkpt lat="46.592173198220344" lon="7.1197422128464405">
      <ele>1294.1</ele></trkpt>
      <trkpt lat="46.59215903346801" lon="7.119756271839983">
      <ele>1295.2</ele></trkpt>
      <trkpt lat="46.592140397587045" lon="7.119808773482221">
      <ele>1296.3</ele></trkpt>
      <trkpt lat="46.59214331540075" lon="7.119919164019511">
      <ele>1297.4</ele></trkpt>
      <trkpt lat="46.59213149179255" lon="7.120072259460674">
      <ele>1298.4</ele></trkpt>
      <trkpt lat="46.59212623054181" lon="7.120124134167625">
      <ele>1299.5</ele></trkpt>
      <trkpt lat="46.59210998889386" lon="7.12016432939087">
      <ele>1300.6</ele></trkpt>
      <trkpt lat="46.59210544565511" lon="7.120164173448818">
      <ele>1301.7</ele></trkpt>
      <trkpt lat="46.59206576201294" lon="7.12016280202201">
      <ele>1302.8</ele></trkpt>
      <trkpt lat="46.59203301960209" lon="7.120176291683641">
      <ele>1303.9</ele></trkpt>
      <trkpt lat="46.592013127683806" lon="7.120172167853726">
      <ele>1305.0</ele></trkpt>
      <trkpt lat="46.591978720677275" lon="7.120140491736117">
      <ele>1306.1</ele></trkpt>
      <trkpt lat="46.59195176668217" lon="7.120110468144819">
      <ele>1307.2</ele></trkpt>
      <trkpt lat="46.59191510600983" lon="7.120138191197035">
      <ele>1308.2</ele></trkpt>
      <trkpt lat="46.59188443940324" lon="7.1201734081741295">
      <ele>1309.3</ele></trkpt>
      <trkpt lat="46.59184595731975" lon="7.12024463400322">
      <ele>1310.4</ele></trkpt>
      <trkpt lat="46.591820357706474" lon="7.120303256952677">
      <ele>1311.5</ele></trkpt>
      <trkpt lat="46.591780777537245" lon="7.120348547793006">
      <ele>1312.6</ele></trkpt>
      <trkpt lat="46.591738957163756" lon="7.120454894587764">
      <ele>1313.7</ele></trkpt>
      <trkpt lat="46.591707608273225" lon="7.120567912892096">
      <ele>1316.1</ele></trkpt>
      <trkpt lat="46.591675651757775" lon="7.120656663675076">
      <ele>1318.4</ele></trkpt>
      <trkpt lat="46.59163232837577" lon="7.120624335217814">
      <ele>1320.8</ele></trkpt>
      <trkpt lat="46.591598278880014" lon="7.120595005733938">
      <ele>1323.1</ele></trkpt>
      <trkpt lat="46.591564201033286" lon="7.120549091331234">
      <ele>1325.5</ele></trkpt>
      <trkpt lat="46.5915338446157" lon="7.120482877160161">
      <ele>1327.8</ele></trkpt>
      <trkpt lat="46.59147697425894" lon="7.120379929897867">
      <ele>1330.2</ele></trkpt>
      <trkpt lat="46.59145554037556" lon="7.120361604907804">
      <ele>1332.5</ele></trkpt>
      <trkpt lat="46.59142771291423" lon="7.1202990689165535">
      <ele>1334.9</ele></trkpt>
      <trkpt lat="46.59140491908531" lon="7.120238356300939">
      <ele>1337.2</ele></trkpt>
      <trkpt lat="46.59137339207963" lon="7.120207172451028">
      <ele>1339.6</ele></trkpt>
      <trkpt lat="46.59133179517764" lon="7.120177861697517">
      <ele>1342.0</ele></trkpt>
      <trkpt lat="46.59131663882347" lon="7.120155820116929">
      <ele>1344.3</ele></trkpt>
      <trkpt lat="46.59129388232302" lon="7.120111692505977">
      <ele>1346.7</ele></trkpt>
      <trkpt lat="46.5912068613389" lon="7.120029149281631">
      <ele>1349.0</ele></trkpt>
      <trkpt lat="46.591079461489926" lon="7.119902569729226">
      <ele>1351.4</ele></trkpt>
      <trkpt lat="46.59099621980864" lon="7.119823697690309">
      <ele>1353.7</ele></trkpt>
      <trkpt lat="46.590915491659224" lon="7.119742971209001">
      <ele>1356.1</ele></trkpt>
      <trkpt lat="46.59086513196673" lon="7.119735817226803">
      <ele>1358.4</ele></trkpt>
      <trkpt lat="46.59084119085792" lon="7.119724866946287">
      <ele>1360.8</ele></trkpt>
      <trkpt lat="46.5908072108993" lon="7.119726867962273">
      <ele>1363.3</ele></trkpt>
      <trkpt lat="46.59079210606836" lon="7.119723251169353">
      <ele>1365.8</ele></trkpt>
      <trkpt lat="46.59070187539253" lon="7.11967675563457">
      <ele>1368.3</ele></trkpt>
      <trkpt lat="46.59066230599404" lon="7.119651948534109">
      <ele>1370.7</ele></trkpt>
      <trkpt lat="46.59062576196679" lon="7.119628154474764">
      <ele>1373.2</ele></trkpt>
      <trkpt lat="46.59059933958157" lon="7.119633803748521">
      <ele>1375.7</ele></trkpt>
      <trkpt lat="46.590589305896756" lon="7.119648594826177">
      <ele>1378.2</ele></trkpt>
      <trkpt lat="46.5906007113611" lon="7.119683550143654">
      <ele>1380.7</ele></trkpt>
      <trkpt lat="46.59059952176467" lon="7.119714886952579">
      <ele>1383.2</ele></trkpt>
      <trkpt lat="46.59053271197538" lon="7.119798713706562">
      <ele>1385.7</ele></trkpt>
      <trkpt lat="46.59048819095614" lon="7.11978852413216">
      <ele>1388.1</ele></trkpt>
      <trkpt lat="46.59043167066257" lon="7.119781876221014">
      <ele>1390.6</ele></trkpt>
      <trkpt lat="46.59039089354231" lon="7.1198204794056466">
      <ele>1393.1</ele></trkpt>
      <trkpt lat="46.59036693158147" lon="7.119850266999888">
      <ele>1395.6</ele></trkpt>
      <trkpt lat="46.59034175935673" lon="7.119878326236667">
      <ele>1398.1</ele></trkpt>
      <trkpt lat="46.59032990325594" lon="7.119939437343665">
      <ele>1400.6</ele></trkpt>
      <trkpt lat="46.59031719721746" lon="7.120124384419">
      <ele>1403.0</ele></trkpt>
      <trkpt lat="46.5902937375482" lon="7.120333808552112">
      <ele>1405.5</ele></trkpt>
      <trkpt lat="46.590287156393146" lon="7.120431659343031">
      <ele>1408.0</ele></trkpt>
      <trkpt lat="46.5902321000801" lon="7.120417734129043">
      <ele>1410.5</ele></trkpt>
      <trkpt lat="46.59019650768936" lon="7.120335280925896">
      <ele>1414.0</ele></trkpt>
      <trkpt lat="46.59011962291351" lon="7.120248790906852">
      <ele>1417.4</ele></trkpt>
      <trkpt lat="46.590013309777675" lon="7.1201739048479835">
      <ele>1420.8</ele></trkpt>
      <trkpt lat="46.589907163927045" lon="7.120158832318669">
      <ele>1424.3</ele></trkpt>
      <trkpt lat="46.58980793856347" lon="7.120160851729204">
      <ele>1427.8</ele></trkpt>
      <trkpt lat="46.58970576263822" lon="7.120162875451846">
      <ele>1431.2</ele></trkpt>
      <trkpt lat="46.589605520846966" lon="7.120152061200173">
      <ele>1434.7</ele></trkpt>
      <trkpt lat="46.58953710370005" lon="7.120143760662813">
      <ele>1438.1</ele></trkpt>
      <trkpt lat="46.58945000887627" lon="7.120131277185326">
      <ele>1441.5</ele></trkpt>
      <trkpt lat="46.589361431137235" lon="7.120112852432374">
      <ele>1445.0</ele></trkpt>
      <trkpt lat="46.589272879738445" lon="7.120107058362718">
      <ele>1448.5</ele></trkpt>
      <trkpt lat="46.58921771064673" lon="7.120101067776904">
      <ele>1451.9</ele></trkpt>
      <trkpt lat="46.58915634011967" lon="7.120100280839708">
      <ele>1455.3</ele></trkpt>
      <trkpt lat="46.589096566877735" lon="7.120107731014577">
      <ele>1458.8</ele></trkpt>
      <trkpt lat="46.58900528414514" lon="7.120138501238063">
      <ele>1462.2</ele></trkpt>
      <trkpt lat="46.58893316624462" lon="7.120148229170267">
      <ele>1465.7</ele></trkpt>
      <trkpt lat="46.58880655109241" lon="7.120160600445974">
      <ele>1469.2</ele></trkpt>
      <trkpt lat="46.58868474203481" lon="7.120170620798479">
      <ele>1472.6</ele></trkpt>
      <trkpt lat="46.588599142689624" lon="7.120158924609407">
      <ele>1476.0</ele></trkpt>
      <trkpt lat="46.58853415460491" lon="7.120138377919706">
      <ele>1479.5</ele></trkpt>
      <trkpt lat="46.58848122199211" lon="7.12012472801187">
      <ele>1482.4</ele></trkpt>
      <trkpt lat="46.588463156769215" lon="7.120114382808337">
      <ele>1485.3</ele></trkpt>
      <trkpt lat="46.588467303353326" lon="7.1201399588284255">
      <ele>1488.2</ele></trkpt>
      <trkpt lat="46.58849896217234" lon="7.120224689745977">
      <ele>1491.1</ele></trkpt>
      <trkpt lat="46.58852345797496" lon="7.120305339692335">
      <ele>1494.0</ele></trkpt>
      <trkpt lat="46.58850062096419" lon="7.120309610314885">
      <ele>1496.8</ele></trkpt>
      <trkpt lat="46.58845206067227" lon="7.12030575976173">
      <ele>1499.7</ele></trkpt>
      <trkpt lat="46.58837227874635" lon="7.120296286503513">
      <ele>1502.6</ele></trkpt>
      <trkpt lat="46.58841667020786" lon="7.120417816448619">
      <ele>1505.5</ele></trkpt>
      <trkpt lat="46.58846707178272" lon="7.120568734790404">
      <ele>1508.4</ele></trkpt>
      <trkpt lat="46.58851448274931" lon="7.1206699575668">
      <ele>1511.3</ele></trkpt>
      <trkpt lat="46.58860492680312" lon="7.120841348637921">
      <ele>1514.2</ele></trkpt>
      <trkpt lat="46.58868100226768" lon="7.120979682251256">
      <ele>1517.1</ele></trkpt>
      <trkpt lat="46.58876700802662" lon="7.1210951758157535">
      <ele>1520.0</ele></trkpt>
      <trkpt lat="46.58880576817645" lon="7.1211653825766525">
      <ele>1522.8</ele></trkpt>
      <trkpt lat="46.58884751556632" lon="7.121264891266397">
      <ele>1525.7</ele></trkpt>
      <trkpt lat="46.58875752524858" lon="7.121333439399052">
      <ele>1528.6</ele></trkpt>
      <trkpt lat="46.588752834145424" lon="7.121377060940627">
      <ele>1531.5</ele></trkpt>
      <trkpt lat="46.58869867686654" lon="7.121356449217235">
      <ele>1534.4</ele></trkpt>
      <trkpt lat="46.58871211895493" lon="7.121434855243917">
      <ele>1537.3</ele></trkpt>
      <trkpt lat="46.58872193434762" lon="7.1215063017842">
      <ele>1539.4</ele></trkpt>
      <trkpt lat="46.588675001226726" lon="7.121489144509113">
      <ele>1541.5</ele></trkpt>
      <trkpt lat="46.588616060490196" lon="7.12147901232452">
      <ele>1543.6</ele></trkpt>
      <trkpt lat="46.58861624021983" lon="7.121543534447753">
      <ele>1545.7</ele></trkpt>
      <trkpt lat="46.58861633252376" lon="7.121576676246284">
      <ele>1547.8</ele></trkpt>
      <trkpt lat="46.588581436846944" lon="7.121566429163611">
      <ele>1550.0</ele></trkpt>
      <trkpt lat="46.58857197190099" lon="7.1216240269916575">
      <ele>1552.1</ele></trkpt>
      <trkpt lat="46.58857213701815" lon="7.121683329886175">
      <ele>1554.2</ele></trkpt>
      <trkpt lat="46.588543468791514" lon="7.121751517819997">
      <ele>1556.3</ele></trkpt>
      <trkpt lat="46.5885243681685" lon="7.121802204290625">
      <ele>1558.4</ele></trkpt>
      <trkpt lat="46.58850649230779" lon="7.121859851260388">
      <ele>1560.5</ele></trkpt>
      <trkpt lat="46.58849941306331" lon="7.121905234983329">
      <ele>1562.6</ele></trkpt>
      <trkpt lat="46.58845594644251" lon="7.121837469553615">
      <ele>1564.7</ele></trkpt>
      <trkpt lat="46.58841608771517" lon="7.121773179998284">
      <ele>1566.8</ele></trkpt>
      <trkpt lat="46.58835226162686" lon="7.121736927769267">
      <ele>1569.0</ele></trkpt>
      <trkpt lat="46.58831251450533" lon="7.1217127475912845">
      <ele>1571.1</ele></trkpt>
      <trkpt lat="46.58823559123428" lon="7.121721914282991">
      <ele>1573.2</ele></trkpt>
      <trkpt lat="46.588235877656146" lon="7.121824822759215">
      <ele>1575.3</ele></trkpt>
      <trkpt lat="46.58823838133489" lon="7.1218614209942075">
      <ele>1577.4</ele></trkpt>
      <trkpt lat="46.58822897936117" lon="7.12194170863229">
      <ele>1579.5</ele></trkpt>
      <trkpt lat="46.58822189522094" lon="7.121985343698851">
      <ele>1581.9</ele></trkpt>
      <trkpt lat="46.588203805886806" lon="7.1219662689099374">
      <ele>1584.4</ele></trkpt>
      <trkpt lat="46.58817247860479" lon="7.121942039346531">
      <ele>1586.8</ele></trkpt>
      <trkpt lat="46.588150820832496" lon="7.121936920798008">
      <ele>1589.3</ele></trkpt>
      <trkpt lat="46.588117204018275" lon="7.121956298194552">
      <ele>1591.7</ele></trkpt>
      <trkpt lat="46.58809803470999" lon="7.1219790878857525">
      <ele>1594.1</ele></trkpt>
      <trkpt lat="46.58808854462291" lon="7.122024485357743">
      <ele>1596.6</ele></trkpt>
      <trkpt lat="46.58806238395475" lon="7.122127535217142">
      <ele>1599.0</ele></trkpt>
      <trkpt lat="46.58804339464854" lon="7.122218330086006">
      <ele>1601.5</ele></trkpt>
      <trkpt lat="46.588020788429255" lon="7.122305675263181">
      <ele>1603.9</ele></trkpt>
      <trkpt lat="46.58798634328913" lon="7.1224575858910315">
      <ele>1606.3</ele></trkpt>
      <trkpt lat="46.58795710430426" lon="7.122553646548056">
      <ele>1608.8</ele></trkpt>
      <trkpt lat="46.58793106634125" lon="7.1226038507851905">
      <ele>1611.2</ele></trkpt>
      <trkpt lat="46.587896655422895" lon="7.122638576763338">
      <ele>1613.7</ele></trkpt>
      <trkpt lat="46.58785749125312" lon="7.122678510503546">
      <ele>1616.1</ele></trkpt>
      <trkpt lat="46.587806397268494" lon="7.122708153755066">
      <ele>1618.5</ele></trkpt>
      <trkpt lat="46.587749318905836" lon="7.122724014105803">
      <ele>1621.0</ele></trkpt>
      <trkpt lat="46.58769136096629" lon="7.122727627541528">
      <ele>1623.4</ele></trkpt>
      <trkpt lat="46.58765508209883" lon="7.122727839362519">
      <ele>1625.9</ele></trkpt>
      <trkpt lat="46.58761735765416" lon="7.122732274102755">
      <ele>1628.3</ele></trkpt>
      <trkpt lat="46.58759347246519" lon="7.122757582991917">
      <ele>1628.8</ele></trkpt>
      <trkpt lat="46.58757271958379" lon="7.122822460940469">
      <ele>1629.3</ele></trkpt>
      <trkpt lat="46.58756459511921" lon="7.122909524878531">
      <ele>1629.8</ele></trkpt>
      <trkpt lat="46.58754805313432" lon="7.1229845033422965">
      <ele>1630.3</ele></trkpt>
      <trkpt lat="46.58751611766657" lon="7.123039334251861">
      <ele>1630.8</ele></trkpt>
      <trkpt lat="46.58747033107405" lon="7.123130662529633">
      <ele>1631.4</ele></trkpt>
      <trkpt lat="46.58744533339171" lon="7.123173305247233">
      <ele>1631.9</ele></trkpt>
      <trkpt lat="46.58740362871518" lon="7.123228192889504">
      <ele>1632.4</ele></trkpt>
      <trkpt lat="46.58737168752768" lon="7.123281001122659">
      <ele>1632.9</ele></trkpt>
      <trkpt lat="46.58733975972468" lon="7.123341898886088">
      <ele>1633.4</ele></trkpt>
      <trkpt lat="46.58731684126509" lon="7.1233980077177925">
      <ele>1633.9</ele></trkpt>
      <trkpt lat="46.58729476860813" lon="7.12345420290967">
      <ele>1634.4</ele></trkpt>
      <trkpt lat="46.58731110961654" lon="7.123550218176244">
      <ele>1634.9</ele></trkpt>
      <trkpt lat="46.58734901713795" lon="7.1237387346919165">
      <ele>1635.4</ele></trkpt>
      <trkpt lat="46.5873805668588" lon="7.123879324496081">
      <ele>1636.0</ele></trkpt>
      <trkpt lat="46.58743212141568" lon="7.12398038050019">
      <ele>1636.5</ele></trkpt>
      <trkpt lat="46.587442513537844" lon="7.124056023867141">
      <ele>1637.0</ele></trkpt>
      <trkpt lat="46.58745288380164" lon="7.12416936272351">
      <ele>1637.5</ele></trkpt>
      <trkpt lat="46.58745576122152" lon="7.124230814579229">
      <ele>1638.0</ele></trkpt>
      <trkpt lat="46.587427147367634" lon="7.124315987766863">
      <ele>1638.5</ele></trkpt>
      <trkpt lat="46.58742188917029" lon="7.124376182066237">
      <ele>1640.3</ele></trkpt>
      <trkpt lat="46.58740944720575" lon="7.124437748953357">
      <ele>1642.0</ele></trkpt>
      <trkpt lat="46.58740511368612" lon="7.124500547426422">
      <ele>1643.8</ele></trkpt>
      <trkpt lat="46.58741436894537" lon="7.12458812320862">
      <ele>1645.6</ele></trkpt>
      <trkpt lat="46.58742871993899" lon="7.124641366583755">
      <ele>1647.3</ele></trkpt>
      <trkpt lat="46.58742735000381" lon="7.124686089606202">
      <ele>1649.1</ele></trkpt>
      <trkpt lat="46.58742747769402" lon="7.124732395778597">
      <ele>1650.9</ele></trkpt>
      <trkpt lat="46.587437772909176" lon="7.124782857436584">
      <ele>1652.6</ele></trkpt>
      <trkpt lat="46.58744660820894" lon="7.1248291131152985">
      <ele>1654.4</ele></trkpt>
      <trkpt lat="46.587472928439716" lon="7.124900541171899">
      <ele>1656.2</ele></trkpt>
      <trkpt lat="46.58748464605044" lon="7.124938364299928">
      <ele>1657.9</ele></trkpt>
      <trkpt lat="46.587486921361894" lon="7.1250132459997895">
      <ele>1659.7</ele></trkpt>
      <trkpt lat="46.58749974867587" lon="7.1250979829554995">
      <ele>1661.4</ele></trkpt>
      <trkpt lat="46.587503472640044" lon="7.125143629006183">
      <ele>1663.2</ele></trkpt>
      <trkpt lat="46.58749819030345" lon="7.125185412870143">
      <ele>1665.0</ele></trkpt>
      <trkpt lat="46.587503970031754" lon="7.125222996466647">
      <ele>1666.7</ele></trkpt>
      <trkpt lat="46.58752509489463" lon="7.125207777679926">
      <ele>1668.5</ele></trkpt>
      <trkpt lat="46.58753745943017" lon="7.125215952328625">
      <ele>1670.3</ele></trkpt>
      <trkpt lat="46.58754633268083" lon="7.125243379816025">
      <ele>1672.0</ele></trkpt>
      <trkpt lat="46.58753402105421" lon="7.125254424412464">
      <ele>1673.8</ele></trkpt>
      <trkpt lat="46.587519067101674" lon="7.125269607443439">
      <ele>1675.4</ele></trkpt>
      <trkpt lat="46.58752265475309" lon="7.125298435569473">
      <ele>1676.9</ele></trkpt>
      <trkpt lat="46.587529714806536" lon="7.125301147790605">
      <ele>1678.5</ele></trkpt>
      <trkpt lat="46.58754640541389" lon="7.125276338402019">
      <ele>1680.1</ele></trkpt>
      <trkpt lat="46.58755964015539" lon="7.125280384890977">
      <ele>1681.6</ele></trkpt>
      <trkpt lat="46.58755889413962" lon="7.1253394440417">
      <ele>1683.2</ele></trkpt>
      <trkpt lat="46.587564159701785" lon="7.125353648820578">
      <ele>1684.8</ele></trkpt>
      <trkpt lat="46.58757883743654" lon="7.125414615016719">
      <ele>1686.3</ele></trkpt>
      <trkpt lat="46.58758619527287" lon="7.125450362850693">
      <ele>1687.9</ele></trkpt>
      <trkpt lat="46.587586322652214" lon="7.125496669160804">
      <ele>1689.4</ele></trkpt>
      <trkpt lat="46.58758507961079" lon="7.125574572400563">
      <ele>1691.0</ele></trkpt>
      <trkpt lat="46.587579416426124" lon="7.125625126685088">
      <ele>1692.6</ele></trkpt>
      <trkpt lat="46.587588257158444" lon="7.125673483303284">
      <ele>1694.1</ele></trkpt>
      <trkpt lat="46.587615984612285" lon="7.125730159665839">
      <ele>1695.7</ele></trkpt>
      <trkpt lat="46.587626265252894" lon="7.125772205860508">
      <ele>1697.3</ele></trkpt>
      <trkpt lat="46.58763224088608" lon="7.125835323264147">
      <ele>1698.8</ele></trkpt>
      <trkpt lat="46.587650281303695" lon="7.125863024105509">
      <ele>1700.4</ele></trkpt>
      <trkpt lat="46.58765321292907" lon="7.125947818703796">
      <ele>1702.0</ele></trkpt>
      <trkpt lat="46.587660592084" lon="7.126014320510452">
      <ele>1703.5</ele></trkpt>
      <trkpt lat="46.58768316325192" lon="7.126044200351043">
      <ele>1705.1</ele></trkpt>
      <trkpt lat="46.58769593607196" lon="7.126109366258591">
      <ele>1707.2</ele></trkpt>
      <trkpt lat="46.58773172033058" lon="7.126204253012718">
      <ele>1709.2</ele></trkpt>
      <trkpt lat="46.58775434921683" lon="7.126235515721422">
      <ele>1711.3</ele></trkpt>
      <trkpt lat="46.58775897801323" lon="7.126279969475074">
      <ele>1713.3</ele></trkpt>
      <trkpt lat="46.5877811025269" lon="7.126330689651812">
      <ele>1715.4</ele></trkpt>
      <trkpt lat="46.58779448051659" lon="7.126400092839865">
      <ele>1717.4</ele></trkpt>
      <trkpt lat="46.587788416705365" lon="7.126491672336471">
      <ele>1719.5</ele></trkpt>
      <trkpt lat="46.587810557219655" lon="7.126574516630685">
      <ele>1721.5</ele></trkpt>
      <trkpt lat="46.58783126246884" lon="7.126658856737011">
      <ele>1723.6</ele></trkpt>
      <trkpt lat="46.587838648868086" lon="7.126721587950787">
      <ele>1725.7</ele></trkpt>
      <trkpt lat="46.58784501566675" lon="7.126743798045587">
      <ele>1727.7</ele></trkpt>
      <trkpt lat="46.587881944155875" lon="7.126727875398454">
      <ele>1729.8</ele></trkpt>
      <trkpt lat="46.58790471979449" lon="7.126812764805591">
      <ele>1731.8</ele></trkpt>
      <trkpt lat="46.5879167114255" lon="7.1269081809077806">
      <ele>1733.9</ele></trkpt>
      <trkpt lat="46.5879167114255" lon="7.1269081809077806">
      <ele>1735.9</ele></trkpt>
      <trkpt lat="46.58792819012755" lon="7.126944414297835">
      <ele>1738.0</ele></trkpt>
      <trkpt lat="46.58793573953782" lon="7.1269845977835935">
      <ele>1740.0</ele></trkpt>
      <trkpt lat="46.58794124880234" lon="7.1270188953347935">
      <ele>1742.1</ele></trkpt>
      <trkpt lat="46.5879501931125" lon="7.12707573310486">
      <ele>1744.1</ele></trkpt>
      <trkpt lat="46.587953664009596" lon="7.127108085210513">
      <ele>1746.2</ele></trkpt>
      <trkpt lat="46.58795842884834" lon="7.127116904321653">
      <ele>1746.6</ele></trkpt>
      <trkpt lat="46.58796588862654" lon="7.127127639023142">
      <ele>1747.0</ele></trkpt>
      <trkpt lat="46.58796729528711" lon="7.127145297923156">
      <ele>1747.4</ele></trkpt>
      <trkpt lat="46.58796805044977" lon="7.127174716827223">
      <ele>1747.8</ele></trkpt>
      <trkpt lat="46.58797078397642" lon="7.1271874489932845">
      <ele>1748.2</ele></trkpt>
      <trkpt lat="46.58797483559524" lon="7.127185468469946">
      <ele>1748.7</ele></trkpt>
      <trkpt lat="46.587979557450865" lon="7.127178578037268">
      <ele>1749.1</ele></trkpt>
      <trkpt lat="46.587984289086904" lon="7.127178550799808">
      <ele>1749.5</ele></trkpt>
      <trkpt lat="46.58798773579063" lon="7.127202069568792">
      <ele>1749.9</ele></trkpt>
      <trkpt lat="46.58799318506354" lon="7.127217748008091">
      <ele>1750.3</ele></trkpt>
      <trkpt lat="46.587993950949596" lon="7.127251094316882">
      <ele>1750.7</ele></trkpt>
      <trkpt lat="46.58799675880572" lon="7.127284428875983">
      <ele>1751.1</ele></trkpt>
      <trkpt lat="46.58800561178659" lon="7.1273079165489595">
      <ele>1751.5</ele></trkpt>
      <trkpt lat="46.58801171151678" lon="7.127314744706894">
      <ele>1751.9</ele></trkpt>
      <trkpt lat="46.58802389678383" lon="7.127316631796309">
      <ele>1752.4</ele></trkpt>
      <trkpt lat="46.5880286820815" lon="7.127336228483707">
      <ele>1752.8</ele></trkpt>
      <trkpt lat="46.58803687477123" lon="7.127361690228909">
      <ele>1753.2</ele></trkpt>
      <trkpt lat="46.5880538497444" lon="7.127388080062726">
      <ele>1753.6</ele></trkpt>
      <trkpt lat="46.588056603015204" lon="7.127404752649964">
      <ele>1754.0</ele></trkpt>
      <trkpt lat="46.58806881583915" lon="7.127423301936115">
      <ele>1754.4</ele></trkpt>
      <trkpt lat="46.58807971883154" lon="7.127449726727477">
      <ele>1754.6</ele></trkpt>
      <trkpt lat="46.58808247112195" lon="7.127469335138766">
      <ele>1754.7</ele></trkpt>
      <trkpt lat="46.58808390183591" lon="7.127495814417295">
      <ele>1754.9</ele></trkpt>
      <trkpt lat="46.58809004542414" lon="7.127515403331606">
      <ele>1755.0</ele></trkpt>
      <trkpt lat="46.58809481724544" lon="7.127530081028468">
      <ele>1755.2</ele></trkpt>
      <trkpt lat="46.58809624700722" lon="7.127559509176182">
      <ele>1755.3</ele></trkpt>
      <trkpt lat="46.588097691068675" lon="7.127590881400549">
      <ele>1755.5</ele></trkpt>
      <trkpt lat="46.58810518302702" lon="7.127613411436029">
      <ele>1755.6</ele></trkpt>
      <trkpt lat="46.58811273046837" lon="7.127649667696624">
      <ele>1755.8</ele></trkpt>
      <trkpt lat="46.58812090332928" lon="7.127671189133845">
      <ele>1755.9</ele></trkpt>
      <trkpt lat="46.588135830151074" lon="7.127688770397187">
      <ele>1756.1</ele></trkpt>
      <trkpt lat="46.58815414195302" lon="7.127707310821429">
      <ele>1756.2</ele></trkpt>
      <trkpt lat="46.588163670487596" lon="7.127727858937815">
      <ele>1756.4</ele></trkpt>
      <trkpt lat="46.58816778903281" lon="7.127750382306796">
      <ele>1756.5</ele></trkpt>
      <trkpt lat="46.58817466522342" lon="7.12779449741352">
      <ele>1756.7</ele></trkpt>
      <trkpt lat="46.58818151649974" lon="7.127822902814823">
      <ele>1756.8</ele></trkpt>
      <trkpt lat="46.58820058593383" lon="7.127871840929562">
      <ele>1757.0</ele></trkpt>
      <trkpt lat="46.58821627743074" lon="7.127925704549663">
      <ele>1757.1</ele></trkpt>
      <trkpt lat="46.58822923374221" lon="7.127962908474954">
      <ele>1757.2</ele></trkpt>
      <trkpt lat="46.5882468761771" lon="7.127983410077767">
      <ele>1757.4</ele></trkpt>
      <trkpt lat="46.588260456294755" lon="7.128001977805383">
      <ele>1757.6</ele></trkpt>
      <trkpt lat="46.58826795618149" lon="7.128027443736867">
      <ele>1757.9</ele></trkpt>
      <trkpt lat="46.588276140671766" lon="7.1280499568797735">
      <ele>1758.1</ele></trkpt>
      <trkpt lat="46.58829037569651" lon="7.128064580354011">
      <ele>1758.3</ele></trkpt>
      <trkpt lat="46.588299200103805" lon="7.1280743549084535">
      <ele>1758.5</ele></trkpt>
      <trkpt lat="46.58830533989997" lon="7.128095888152395">
      <ele>1758.8</ele></trkpt>
      <trkpt lat="46.58831013840917" lon="7.128120377966719">
      <ele>1759.0</ele></trkpt>
      <trkpt lat="46.58832984764881" lon="7.128156577693058">
      <ele>1759.2</ele></trkpt>
      <trkpt lat="46.58835162820977" lon="7.128203530240979">
      <ele>1759.4</ele></trkpt>
      <trkpt lat="46.58837743805288" lon="7.128243609457709">
      <ele>1759.7</ele></trkpt>
      <trkpt lat="46.588398477798066" lon="7.128272912240628">
      <ele>1759.9</ele></trkpt>
      <trkpt lat="46.58841816020702" lon="7.128299287006216">
      <ele>1760.1</ele></trkpt>
      <trkpt lat="46.58843110569157" lon="7.128332563738271">
      <ele>1760.3</ele></trkpt>
      <trkpt lat="46.5884461125993" lon="7.128379568334866">
      <ele>1760.6</ele></trkpt>
      <trkpt lat="46.58846790547537" lon="7.128434375973517">
      <ele>1760.8</ele></trkpt>
      <trkpt lat="46.58848085628818" lon="7.128469623005046">
      <ele>1761.0</ele></trkpt>
      <trkpt lat="46.588486345410715" lon="7.128499993679089">
      <ele>1761.2</ele></trkpt>
      <trkpt lat="46.588500634866854" lon="7.128531318626058">
      <ele>1761.5</ele></trkpt>
      <trkpt lat="46.588503422655755" lon="7.1285607261885895">
      <ele>1761.7</ele></trkpt>
      <trkpt lat="46.58851834397389" lon="7.1285763375837075">
      <ele>1761.9</ele></trkpt>
      <trkpt lat="46.58852516903352" lon="7.12860179453424">
      <ele>1762.9</ele></trkpt>
      <trkpt lat="46.58852659415451" lon="7.128626316869127">
      <ele>1763.8</ele></trkpt>
      <trkpt lat="46.58854692979227" lon="7.128644846148341">
      <ele>1764.8</ele></trkpt>
      <trkpt lat="46.58856118172932" lon="7.128662405588104">
      <ele>1765.7</ele></trkpt>
      <trkpt lat="46.5885855556486" lon="7.128674048429787">
      <ele>1766.7</ele></trkpt>
      <trkpt lat="46.58860923548774" lon="7.128671955546945">
      <ele>1767.7</ele></trkpt>
      <trkpt lat="46.58862274237603" lon="7.128666972058056">
      <ele>1768.6</ele></trkpt>
      <trkpt lat="46.5886179750286" lon="7.128657187153305">
      <ele>1769.6</ele></trkpt>
      <trkpt lat="46.58861390299887" lon="7.128648376878456">
      <ele>1770.5</ele></trkpt>
      <trkpt lat="46.58861248324773" lon="7.128625824744735">
      <ele>1771.5</ele></trkpt>
      <trkpt lat="46.588611760475345" lon="7.1286081616781996">
      <ele>1772.5</ele></trkpt>
      <trkpt lat="46.58861985040169" lon="7.128599294764999">
      <ele>1773.4</ele></trkpt>
      <trkpt lat="46.5886320490074" lon="7.128606088198173">
      <ele>1774.4</ele></trkpt>
      <trkpt lat="46.588642864270746" lon="7.12860700483769">
      <ele>1775.3</ele></trkpt>
      <trkpt lat="46.58864482952237" lon="7.1285854249557685">
      <ele>1776.3</ele></trkpt>
      <trkpt lat="46.588640692414" lon="7.1285560250482405">
      <ele>1777.3</ele></trkpt>
      <trkpt lat="46.58863386464301" lon="7.128529576404058">
      <ele>1778.2</ele></trkpt>
      <trkpt lat="46.58862769013086" lon="7.128495269027673">
      <ele>1779.2</ele></trkpt>
      <trkpt lat="46.58861954045835" lon="7.128485503525762">
      <ele>1780.1</ele></trkpt>
      <trkpt lat="46.588615440721725" lon="7.128469830089951">
      <ele>1781.1</ele></trkpt>
      <trkpt lat="46.58862484249347" lon="7.128447202871379">
      <ele>1782.7</ele></trkpt>
      <trkpt lat="46.58862210110851" lon="7.12843153469711">
      <ele>1784.3</ele></trkpt>
      <trkpt lat="46.58861594164275" lon="7.128406060857681">
      <ele>1785.9</ele></trkpt>
      <trkpt lat="46.58861313336617" lon="7.128365849482837">
      <ele>1787.6</ele></trkpt>
      <trkpt lat="46.58860221188033" lon="7.128332561022892">
      <ele>1789.2</ele></trkpt>
      <trkpt lat="46.58859135653314" lon="7.128316939398388">
      <ele>1790.8</ele></trkpt>
      <trkpt lat="46.58858792244071" lon="7.128301262165455">
      <ele>1792.4</ele></trkpt>
      <trkpt lat="46.58860070748146" lon="7.128275679686429">
      <ele>1794.0</ele></trkpt>
      <trkpt lat="46.588620253477465" lon="7.12825201563386">
      <ele>1795.6</ele></trkpt>
      <trkpt lat="46.58861275634488" lon="7.128227541150031">
      <ele>1797.2</ele></trkpt>
      <trkpt lat="46.58859848555546" lon="7.128203092489269">
      <ele>1798.9</ele></trkpt>
      <trkpt lat="46.58858555074344" lon="7.128173743117953">
      <ele>1800.5</ele></trkpt>
      <trkpt lat="46.588576684525925" lon="7.128145335975473">
      <ele>1802.1</ele></trkpt>
      <trkpt lat="46.58857254997302" lon="7.128116914734584">
      <ele>1803.7</ele></trkpt>
      <trkpt lat="46.588578507824955" lon="7.128071746984485">
      <ele>1805.3</ele></trkpt>
      <trkpt lat="46.58857977786906" lon="7.128039380277225">
      <ele>1806.9</ele></trkpt>
      <trkpt lat="46.58858642377529" lon="7.12799912771591">
      <ele>1808.6</ele></trkpt>
      <trkpt lat="46.58859719182155" lon="7.1279794414655715">
      <ele>1810.2</ele></trkpt>
      <trkpt lat="46.58860865153431" lon="7.1279626870716">
      <ele>1811.8</ele></trkpt>
      <trkpt lat="46.58861874666954" lon="7.127946945214826">
      <ele>1813.4</ele></trkpt>
      <trkpt lat="46.588614638810874" lon="7.1279283229819885">
      <ele>1809.0</ele></trkpt>
      <trkpt lat="46.58861391325935" lon="7.127909681327346">
      <ele>1804.5</ele></trkpt>
      <trkpt lat="46.58857281934215" lon="7.127772601203203">
      <ele>1800.1</ele></trkpt>
      <trkpt lat="46.58824476620733" lon="7.127340388434837">
      <ele>1795.7</ele></trkpt>
      <trkpt lat="46.5879167114255" lon="7.1269081809077806">
      <ele>1791.2</ele></trkpt>
      <trkpt lat="46.58789645194695" lon="7.1269438533990535">
      <ele>1786.8</ele></trkpt>
      <trkpt lat="46.58788415464111" lon="7.126970046307262">
      <ele>1782.4</ele></trkpt>
      <trkpt lat="46.58787067911077" lon="7.12698317191213">
      <ele>1778.0</ele></trkpt>
      <trkpt lat="46.58785838183159" lon="7.127009377846658">
      <ele>1773.5</ele></trkpt>
      <trkpt lat="46.58783929300254" lon="7.127029072799305">
      <ele>1769.1</ele></trkpt>
      <trkpt lat="46.58783147547116" lon="7.127051964821565">
      <ele>1764.7</ele></trkpt>
      <trkpt lat="46.58781918260387" lon="7.1270797886442">
      <ele>1760.2</ele></trkpt>
      <trkpt lat="46.58779685900795" lon="7.127146853244081">
      <ele>1755.8</ele></trkpt>
      <trkpt lat="46.58777676625897" lon="7.127210616862458">
      <ele>1751.4</ele></trkpt>
      <trkpt lat="46.587758882351366" lon="7.1272531647959125">
      <ele>1747.0</ele></trkpt>
      <trkpt lat="46.58774438515918" lon="7.127300599242683">
      <ele>1742.5</ele></trkpt>
      <trkpt lat="46.58770971921322" lon="7.127384044591086">
      <ele>1738.1</ele></trkpt>
      <trkpt lat="46.58770081733563" lon="7.127421634725238">
      <ele>1733.7</ele></trkpt>
      <trkpt lat="46.58768968005825" lon="7.12746088174339">
      <ele>1729.2</ele></trkpt>
      <trkpt lat="46.58767858272077" lon="7.127521331410256">
      <ele>1724.8</ele></trkpt>
      <trkpt lat="46.58766854748203" lon="7.127555679080795">
      <ele>1723.9</ele></trkpt>
      <trkpt lat="46.58766188105593" lon="7.127588363332578">
      <ele>1723.0</ele></trkpt>
      <trkpt lat="46.58765290337416" lon="7.127594938908331">
      <ele>1722.0</ele></trkpt>
      <trkpt lat="46.587637143330625" lon="7.127591767527205">
      <ele>1721.1</ele></trkpt>
      <trkpt lat="46.58760554282756" lon="7.1275625783293055">
      <ele>1720.2</ele></trkpt>
      <trkpt lat="46.587594325100724" lon="7.127575690738332">
      <ele>1719.2</ele></trkpt>
      <trkpt lat="46.58758200071068" lon="7.127598608485694">
      <ele>1718.3</ele></trkpt>
      <trkpt lat="46.58758432115559" lon="7.127618206158445">
      <ele>1717.4</ele></trkpt>
      <trkpt lat="46.58759561904109" lon="7.127637726135412">
      <ele>1716.5</ele></trkpt>
      <trkpt lat="46.58758441475632" lon="7.127652469438179">
      <ele>1715.5</ele></trkpt>
      <trkpt lat="46.587576588175246" lon="7.127675387409604">
      <ele>1714.6</ele></trkpt>
      <trkpt lat="46.58757331738834" lon="7.127712945043503">
      <ele>1713.7</ele></trkpt>
      <trkpt lat="46.58756773968774" lon="7.127732562006219">
      <ele>1712.8</ele></trkpt>
      <trkpt lat="46.58755764192568" lon="7.127744036947265">
      <ele>1711.8</ele></trkpt>
      <trkpt lat="46.58752495719853" lon="7.12772627084475">
      <ele>1710.9</ele></trkpt>
      <trkpt lat="46.58751265520635" lon="7.127754107455914">
      <ele>1710.0</ele></trkpt>
      <trkpt lat="46.58749362880855" lon="7.127790124571362">
      <ele>1709.1</ele></trkpt>
      <trkpt lat="46.58747676641982" lon="7.127801638347931">
      <ele>1708.1</ele></trkpt>
      <trkpt lat="46.58746328197694" lon="7.127808239755999">
      <ele>1707.2</ele></trkpt>
      <trkpt lat="46.58745436672766" lon="7.127837687847549">
      <ele>1706.3</ele></trkpt>
      <trkpt lat="46.58744657578222" lon="7.127870378393478">
      <ele>1704.8</ele></trkpt>
      <trkpt lat="46.58743536695926" lon="7.12788676566577">
      <ele>1703.2</ele></trkpt>
      <trkpt lat="46.58742868717618" lon="7.127911294890448">
      <ele>1701.7</ele></trkpt>
      <trkpt lat="46.58739623405515" lon="7.127981678786913">
      <ele>1700.2</ele></trkpt>
      <trkpt lat="46.58737381179364" lon="7.128016071209182">
      <ele>1698.6</ele></trkpt>
      <trkpt lat="46.58732786099622" lon="7.128081639498565">
      <ele>1697.1</ele></trkpt>
      <trkpt lat="46.58728078552397" lon="7.12815373804969">
      <ele>1695.6</ele></trkpt>
      <trkpt lat="46.58724716333702" lon="7.128204517425069">
      <ele>1694.0</ele></trkpt>
      <trkpt lat="46.58723602568742" lon="7.128247025910578">
      <ele>1692.5</ele></trkpt>
      <trkpt lat="46.58722599464013" lon="7.128282991070685">
      <ele>1690.9</ele></trkpt>
      <trkpt lat="46.58721254125877" lon="7.128304297045495">
      <ele>1689.4</ele></trkpt>
      <trkpt lat="46.58718108348742" lon="7.128320800289661">
      <ele>1687.9</ele></trkpt>
      <trkpt lat="46.58716424330748" lon="7.128340481636018">
      <ele>1686.3</ele></trkpt>
      <trkpt lat="46.587130638992875" lon="7.128394548729236">
      <ele>1684.8</ele></trkpt>
      <trkpt lat="46.58710820775357" lon="7.128425691960863">
      <ele>1683.3</ele></trkpt>
      <trkpt lat="46.58706335446264" lon="7.128481454400794">
      <ele>1681.7</ele></trkpt>
      <trkpt lat="46.58702630091255" lon="7.128514299292525">
      <ele>1680.2</ele></trkpt>
      <trkpt lat="46.58696786066146" lon="7.128545661832736">
      <ele>1678.7</ele></trkpt>
      <trkpt lat="46.586895864768884" lon="7.12855750427158">
      <ele>1677.1</ele></trkpt>
      <trkpt lat="46.586810362140994" lon="7.128567780067603">
      <ele>1675.6</ele></trkpt>
      <trkpt lat="46.586727278891765" lon="7.128591102719666">
      <ele>1674.1</ele></trkpt>
      <trkpt lat="46.58669101439719" lon="7.12859989590703">
      <ele>1672.7</ele></trkpt>
      <trkpt lat="46.58660576731584" lon="7.1286016108575785">
      <ele>1671.2</ele></trkpt>
      <trkpt lat="46.58654586821163" lon="7.128609286865116">
      <ele>1669.7</ele></trkpt>
      <trkpt lat="46.586477338346825" lon="7.128605608665873">
      <ele>1668.2</ele></trkpt>
      <trkpt lat="46.58642203788575" lon="7.128481868653209">
      <ele>1666.8</ele></trkpt>
      <trkpt lat="46.58639934441427" lon="7.128410171555449">
      <ele>1665.3</ele></trkpt>
      <trkpt lat="46.58638425379034" lon="7.128381957784886">
      <ele>1663.8</ele></trkpt>
      <trkpt lat="46.58636614105322" lon="7.128340700694829">
      <ele>1662.4</ele></trkpt>
      <trkpt lat="46.58635248458168" lon="7.128284204554244">
      <ele>1660.9</ele></trkpt>
      <trkpt lat="46.586332836871115" lon="7.12823426661809">
      <ele>1659.4</ele></trkpt>
      <trkpt lat="46.586334140168" lon="7.128164597949249">
      <ele>1658.0</ele></trkpt>
      <trkpt lat="46.58632054887798" lon="7.128132030823561">
      <ele>1656.5</ele></trkpt>
      <trkpt lat="46.586290367679254" lon="7.128069079734398">
      <ele>1655.0</ele></trkpt>
      <trkpt lat="46.5862662162111" lon="7.1280170018874305">
      <ele>1653.5</ele></trkpt>
      <trkpt lat="46.58624508103961" lon="7.127969238567636">
      <ele>1652.1</ele></trkpt>
      <trkpt lat="46.5862389741061" lon="7.127930091725812">
      <ele>1650.6</ele></trkpt>
      <trkpt lat="46.58622684931285" lon="7.127884442613933">
      <ele>1649.1</ele></trkpt>
      <trkpt lat="46.58622216436176" lon="7.127819192459577">
      <ele>1647.7</ele></trkpt>
      <trkpt lat="46.58620995041371" lon="7.127740911899181">
      <ele>1646.2</ele></trkpt>
      <trkpt lat="46.58619631142772" lon="7.1276909267120505">
      <ele>1645.2</ele></trkpt>
      <trkpt lat="46.586179691694106" lon="7.127649661414068">
      <ele>1644.3</ele></trkpt>
      <trkpt lat="46.58614209720136" lon="7.127619411427272">
      <ele>1643.4</ele></trkpt>
      <trkpt lat="46.586126994510096" lon="7.127586853241848">
      <ele>1642.4</ele></trkpt>
      <trkpt lat="46.58611343874268" lon="7.12756734678599">
      <ele>1641.5</ele></trkpt>
      <trkpt lat="46.58609388584593" lon="7.127552219655134">
      <ele>1640.5</ele></trkpt>
      <trkpt lat="46.58608633007573" lon="7.127532678721628">
      <ele>1639.5</ele></trkpt>
      <trkpt lat="46.58606375788672" lon="7.127508866258714">
      <ele>1638.6</ele></trkpt>
      <trkpt lat="46.58604716786513" lon="7.127478495643869">
      <ele>1637.7</ele></trkpt>
      <trkpt lat="46.586033632791235" lon="7.127469857724366">
      <ele>1636.7</ele></trkpt>
      <trkpt lat="46.58603505480338" lon="7.127437204604476">
      <ele>1635.8</ele></trkpt>
      <trkpt lat="46.5860574187408" lon="7.127384833611888">
      <ele>1634.8</ele></trkpt>
      <trkpt lat="46.58608277223529" lon="7.127330279482403">
      <ele>1633.9</ele></trkpt>
      <trkpt lat="46.58608421208416" lon="7.127304163049233">
      <ele>1632.9</ele></trkpt>
      <trkpt lat="46.58609306470907" lon="7.127251869709978">
      <ele>1632.0</ele></trkpt>
      <trkpt lat="46.586097464316495" lon="7.127212675633627">
      <ele>1631.0</ele></trkpt>
      <trkpt lat="46.58609581914294" lon="7.127160442697867">
      <ele>1630.0</ele></trkpt>
      <trkpt lat="46.586104716436566" lon="7.127121209669686">
      <ele>1629.1</ele></trkpt>
      <trkpt lat="46.58610167027114" lon="7.1271060007106275">
      <ele>1628.2</ele></trkpt>
      <trkpt lat="46.586091136773774" lon="7.127093000758139">
      <ele>1627.2</ele></trkpt>
      <trkpt lat="46.58608499076034" lon="7.127042972692286">
      <ele>1625.9</ele></trkpt>
      <trkpt lat="46.5860878701879" lon="7.126997263583855">
      <ele>1624.7</ele></trkpt>
      <trkpt lat="46.58608926214268" lon="7.126960252708765">
      <ele>1623.4</ele></trkpt>
      <trkpt lat="46.58607428452909" lon="7.126966875805915">
      <ele>1622.1</ele></trkpt>
      <trkpt lat="46.586047336531166" lon="7.1269909602229164">
      <ele>1620.8</ele></trkpt>
      <trkpt lat="46.58601736923789" lon="7.127006372346571">
      <ele>1619.6</ele></trkpt>
      <trkpt lat="46.5859888475168" lon="7.127004357678091">
      <ele>1618.3</ele></trkpt>
      <trkpt lat="46.585955813214596" lon="7.1269936663061095">
      <ele>1617.0</ele></trkpt>
      <trkpt lat="46.585948425328155" lon="7.126969766661846">
      <ele>1615.8</ele></trkpt>
      <trkpt lat="46.585949402265335" lon="7.12691588783076">
      <ele>1614.5</ele></trkpt>
      <trkpt lat="46.58594928607549" lon="7.126873457970025">
      <ele>1613.2</ele></trkpt>
      <trkpt lat="46.58595812072001" lon="7.126808104225036">
      <ele>1612.0</ele></trkpt>
      <trkpt lat="46.58594899542446" lon="7.126767344177073">
      <ele>1610.7</ele></trkpt>
      <trkpt lat="46.58595450137093" lon="7.126724881907167">
      <ele>1609.4</ele></trkpt>
      <trkpt lat="46.58594764738237" lon="7.126685739720582">
      <ele>1608.2</ele></trkpt>
      <trkpt lat="46.585962028081234" lon="7.126592614933475">
      <ele>1606.9</ele></trkpt>
      <trkpt lat="46.58596055455713" lon="7.126465292669639">
      <ele>1605.6</ele></trkpt>
      <trkpt lat="46.585950309209124" lon="7.126426183127249">
      <ele>1604.3</ele></trkpt>
      <trkpt lat="46.58594794839775" lon="7.126385384111632">
      <ele>1603.1</ele></trkpt>
      <trkpt lat="46.58594204859645" lon="7.12628422161614">
      <ele>1601.8</ele></trkpt>
      <trkpt lat="46.58593961153312" lon="7.126218932864251">
      <ele>1600.6</ele></trkpt>
      <trkpt lat="46.58595405464084" lon="7.126145404979466">
      <ele>1599.4</ele></trkpt>
      <trkpt lat="46.58594939999634" lon="7.126094833582859">
      <ele>1598.2</ele></trkpt>
      <trkpt lat="46.58594921621798" lon="7.126027900871893">
      <ele>1597.0</ele></trkpt>
      <trkpt lat="46.58595697528294" lon="7.125980519637916">
      <ele>1595.8</ele></trkpt>
      <trkpt lat="46.58595574326573" lon="7.125941358100032">
      <ele>1594.7</ele></trkpt>
      <trkpt lat="46.58595562667683" lon="7.1258989151890955">
      <ele>1593.5</ele></trkpt>
      <trkpt lat="46.58594759409101" lon="7.1258467193514985">
      <ele>1592.3</ele></trkpt>
      <trkpt lat="46.585934064913225" lon="7.125836998877531">
      <ele>1591.1</ele></trkpt>
      <trkpt lat="46.585912727441865" lon="7.125853444665513">
      <ele>1589.9</ele></trkpt>
      <trkpt lat="46.58589142588528" lon="7.125882963833147">
      <ele>1588.7</ele></trkpt>
      <trkpt lat="46.58586894601154" lon="7.1258928793955665">
      <ele>1587.5</ele></trkpt>
      <trkpt lat="46.58584648405859" lon="7.125912593514382">
      <ele>1586.3</ele></trkpt>
      <trkpt lat="46.585807164559185" lon="7.125935693007138">
      <ele>1585.1</ele></trkpt>
      <trkpt lat="46.58579255574884" lon="7.125945563045239">
      <ele>1584.0</ele></trkpt>
      <trkpt lat="46.58578015553333" lon="7.12593748003223">
      <ele>1582.8</ele></trkpt>
      <trkpt lat="46.58576880796622" lon="7.125903256845673">
      <ele>1581.6</ele></trkpt>
      <trkpt lat="46.58576308265007" lon="7.125865752353391">
      <ele>1580.4</ele></trkpt>
      <trkpt lat="46.585767374080945" lon="7.125790639326436">
      <ele>1579.2</ele></trkpt>
      <trkpt lat="46.58576716322611" lon="7.125713921390744">
      <ele>1578.0</ele></trkpt>
      <trkpt lat="46.58575134925846" lon="7.125691153677321">
      <ele>1576.9</ele></trkpt>
      <trkpt lat="46.58574789965181" lon="7.125663421658603">
      <ele>1575.8</ele></trkpt>
      <trkpt lat="46.585752294165324" lon="7.12562584561597">
      <ele>1574.7</ele></trkpt>
      <trkpt lat="46.58573866175938" lon="7.12558186317698">
      <ele>1573.7</ele></trkpt>
      <trkpt lat="46.58574398765442" lon="7.125467562621653">
      <ele>1572.6</ele></trkpt>
      <trkpt lat="46.58575847963312" lon="7.125418511576673">
      <ele>1571.5</ele></trkpt>
      <trkpt lat="46.58574832825669" lon="7.125410415671039">
      <ele>1570.4</ele></trkpt>
      <trkpt lat="46.58572131923894" lon="7.1254122029563955">
      <ele>1569.3</ele></trkpt>
      <trkpt lat="46.58570784843078" lon="7.125423710513">
      <ele>1568.2</ele></trkpt>
      <trkpt lat="46.58568422170187" lon="7.12542874007551">
      <ele>1567.2</ele></trkpt>
      <trkpt lat="46.58564036405764" lon="7.12543714860054">
      <ele>1566.1</ele></trkpt>
      <trkpt lat="46.585617884236406" lon="7.12545033920942">
      <ele>1565.0</ele></trkpt>
      <trkpt lat="46.58559540892252" lon="7.125461898851942">
      <ele>1563.9</ele></trkpt>
      <trkpt lat="46.58556279565852" lon="7.125470242256408">
      <ele>1562.8</ele></trkpt>
      <trkpt lat="46.58554484955844" lon="7.1254899433519245">
      <ele>1561.7</ele></trkpt>
      <trkpt lat="46.58551672957193" lon="7.125499904702263">
      <ele>1560.6</ele></trkpt>
      <trkpt lat="46.58549085398623" lon="7.125501685375903">
      <ele>1559.6</ele></trkpt>
      <trkpt lat="46.585476195831" lon="7.125493602529551">
      <ele>1558.5</ele></trkpt>
      <trkpt lat="46.58545363518926" lon="7.12547087405074">
      <ele>1557.4</ele></trkpt>
      <trkpt lat="46.58540741193208" lon="7.125443402830502">
      <ele>1556.3</ele></trkpt>
      <trkpt lat="46.58536460687599" lon="7.125428959248454">
      <ele>1555.2</ele></trkpt>
      <trkpt lat="46.585346472080964" lon="7.125383346223042">
      <ele>1554.1</ele></trkpt>
      <trkpt lat="46.58533049635345" lon="7.125301827411022">
      <ele>1553.0</ele></trkpt>
      <trkpt lat="46.58531906324034" lon="7.125239866433088">
      <ele>1551.9</ele></trkpt>
      <trkpt lat="46.585299902838834" lon="7.125226916999785">
      <ele>1550.8</ele></trkpt>
      <trkpt lat="46.58529192391818" lon="7.12519105687792">
      <ele>1549.7</ele></trkpt>
      <trkpt lat="46.58529173066141" lon="7.12512087624231">
      <ele>1548.6</ele></trkpt>
      <trkpt lat="46.58529480720787" lon="7.125009851461493">
      <ele>1547.5</ele></trkpt>
      <trkpt lat="46.58530598411969" lon="7.124985296773967">
      <ele>1546.4</ele></trkpt>
      <trkpt lat="46.585314781754306" lon="7.1249101712284295">
      <ele>1545.3</ele></trkpt>
      <trkpt lat="46.58530459884244" lon="7.124890646176015">
      <ele>1544.3</ele></trkpt>
      <trkpt lat="46.585269687269914" lon="7.1248777882057475">
      <ele>1543.2</ele></trkpt>
      <trkpt lat="46.58524712649503" lon="7.124861583745763">
      <ele>1542.1</ele></trkpt>
      <trkpt lat="46.58524142331402" lon="7.124832234188184">
      <ele>1541.0</ele></trkpt>
      <trkpt lat="46.5852492314047" lon="7.124809342993277">
      <ele>1539.9</ele></trkpt>
      <trkpt lat="46.58527059124596" lon="7.124797802670549">
      <ele>1538.8</ele></trkpt>
      <trkpt lat="46.58533586263838" lon="7.124797424085197">
      <ele>1537.7</ele></trkpt>
      <trkpt lat="46.585332408278994" lon="7.124771310236783">
      <ele>1536.6</ele></trkpt>
      <trkpt lat="46.5853074951101" lon="7.124714320337678">
      <ele>1535.5</ele></trkpt>
      <trkpt lat="46.58529276040289" lon="7.124678499485059">
      <ele>1534.4</ele></trkpt>
      <trkpt lat="46.58528927452683" lon="7.1246377075668725">
      <ele>1533.2</ele></trkpt>
      <trkpt lat="46.58529475714483" lon="7.124583816239646">
      <ele>1531.9</ele></trkpt>
      <trkpt lat="46.58533749028542" lon="7.124572151760124">
      <ele>1530.7</ele></trkpt>
      <trkpt lat="46.585379085415816" lon="7.124555575004597">
      <ele>1529.4</ele></trkpt>
      <trkpt lat="46.58540604039165" lon="7.124537465332882">
      <ele>1528.2</ele></trkpt>
      <trkpt lat="46.58542055000795" lon="7.124494950984119">
      <ele>1526.9</ele></trkpt>
      <trkpt lat="46.58541034444889" lon="7.12446724538921">
      <ele>1525.7</ele></trkpt>
      <trkpt lat="46.5854113652816" lon="7.124426440272278">
      <ele>1524.4</ele></trkpt>
      <trkpt lat="46.58542574859948" lon="7.1243349336587745">
      <ele>1523.2</ele></trkpt>
      <trkpt lat="46.58547153502336" lon="7.124210626017984">
      <ele>1522.0</ele></trkpt>
      <trkpt lat="46.58551284149449" lon="7.1240895799684045">
      <ele>1520.7</ele></trkpt>
      <trkpt lat="46.58555746703249" lon="7.123945681435852">
      <ele>1519.5</ele></trkpt>
      <trkpt lat="46.58559994737754" lon="7.123842607527545">
      <ele>1518.2</ele></trkpt>
      <trkpt lat="46.585615486303965" lon="7.123765785129559">
      <ele>1517.0</ele></trkpt>
      <trkpt lat="46.585619835011386" lon="7.123708625078627">
      <ele>1515.7</ele></trkpt>
      <trkpt lat="46.585648776745536" lon="7.123592569193581">
      <ele>1514.5</ele></trkpt>
      <trkpt lat="46.58566195368476" lon="7.123474961028886">
      <ele>1513.2</ele></trkpt>
      <trkpt lat="46.58567754211188" lon="7.12341610449332">
      <ele>1512.0</ele></trkpt>
      <trkpt lat="46.585725639574974" lon="7.123308091355527">
      <ele>1510.7</ele></trkpt>
      <trkpt lat="46.58575364187201" lon="7.123258960996427">
      <ele>1509.5</ele></trkpt>
      <trkpt lat="46.58575467135097" lon="7.123224679281892">
      <ele>1508.3</ele></trkpt>
      <trkpt lat="46.585765757376514" lon="7.1231642178887675">
      <ele>1507.2</ele></trkpt>
      <trkpt lat="46.58580257409664" lon="7.123046484529291">
      <ele>1506.0</ele></trkpt>
      <trkpt lat="46.58584061922608" lon="7.1229662814841435">
      <ele>1504.9</ele></trkpt>
      <trkpt lat="46.58585626622605" lon="7.122928639497186">
      <ele>1503.7</ele></trkpt>
      <trkpt lat="46.58587405797185" lon="7.122853447306748">
      <ele>1502.5</ele></trkpt>
      <trkpt lat="46.58590096281829" lon="7.1228141216619845">
      <ele>1501.4</ele></trkpt>
      <trkpt lat="46.585906553210044" lon="7.122799384486685">
      <ele>1500.2</ele></trkpt>
      <trkpt lat="46.585905324623816" lon="7.122761853970221">
      <ele>1499.1</ele></trkpt>
      <trkpt lat="46.58591081089999" lon="7.122712841582283">
      <ele>1497.9</ele></trkpt>
      <trkpt lat="46.58591631533413" lon="7.12267037893">
      <ele>1496.7</ele></trkpt>
      <trkpt lat="46.58592965446885" lon="7.12261153502086">
      <ele>1495.6</ele></trkpt>
      <trkpt lat="46.585953077129474" lon="7.12253304784632">
      <ele>1494.4</ele></trkpt>
      <trkpt lat="46.58598095674811" lon="7.1224431049237">
      <ele>1493.3</ele></trkpt>
      <trkpt lat="46.58600546287827" lon="7.122349906696095">
      <ele>1492.1</ele></trkpt>
      <trkpt lat="46.5860265821261" lon="7.122255110292544">
      <ele>1490.9</ele></trkpt>
      <trkpt lat="46.58603767670335" lon="7.122197910229643">
      <ele>1489.8</ele></trkpt>
      <trkpt lat="46.586039762253854" lon="7.122139144944809">
      <ele>1488.6</ele></trkpt>
      <trkpt lat="46.58603849256363" lon="7.122086910009007">
      <ele>1487.5</ele></trkpt>
      <trkpt lat="46.586039498975715" lon="7.122044460462417">
      <ele>1486.3</ele></trkpt>
      <trkpt lat="46.586051699698146" lon="7.121977481256449">
      <ele>1485.2</ele></trkpt>
      <trkpt lat="46.58606278048737" lon="7.121915375311531">
      <ele>1484.1</ele></trkpt>
      <trkpt lat="46.586054795949636" lon="7.121877871208341">
      <ele>1483.0</ele></trkpt>
      <trkpt lat="46.586031096732235" lon="7.1218567946461855">
      <ele>1481.9</ele></trkpt>
      <trkpt lat="46.5859951920946" lon="7.121891280722334">
      <ele>1480.8</ele></trkpt>
      <trkpt lat="46.5859593012884" lon="7.121937209350354">
      <ele>1479.7</ele></trkpt>
      <trkpt lat="46.585922317780174" lon="7.121994560887872">
      <ele>1478.6</ele></trkpt>
      <trkpt lat="46.585888653020966" lon="7.122032282525847">
      <ele>1477.5</ele></trkpt>
      <trkpt lat="46.58584031605448" lon="7.122047256841717">
      <ele>1476.4</ele></trkpt>
      <trkpt lat="46.58580209460474" lon="7.122063815930389">
      <ele>1475.2</ele></trkpt>
      <trkpt lat="46.585770646954614" lon="7.122090107927381">
      <ele>1474.1</ele></trkpt>
      <trkpt lat="46.58573364055208" lon="7.122132780890628">
      <ele>1473.0</ele></trkpt>
      <trkpt lat="46.585712312756264" lon="7.122155751757152">
      <ele>1471.9</ele></trkpt>
      <trkpt lat="46.58568195760652" lon="7.1221640839663864">
      <ele>1470.8</ele></trkpt>
      <trkpt lat="46.58564937189438" lon="7.122185489708905">
      <ele>1469.7</ele></trkpt>
      <trkpt lat="46.585623496468514" lon="7.1221905468795494">
      <ele>1468.6</ele></trkpt>
      <trkpt lat="46.585584204886146" lon="7.122223421350644">
      <ele>1467.5</ele></trkpt>
      <trkpt lat="46.585543761730214" lon="7.122249778795496">
      <ele>1466.4</ele></trkpt>
      <trkpt lat="46.585484194088515" lon="7.122276234970418">
      <ele>1465.3</ele></trkpt>
      <trkpt lat="46.58543252023885" lon="7.122310825655486">
      <ele>1464.2</ele></trkpt>
      <trkpt lat="46.5853651271371" lon="7.122363461356938">
      <ele>1463.1</ele></trkpt>
      <trkpt lat="46.58533705259967" lon="7.1223832095653545">
      <ele>1461.9</ele></trkpt>
      <trkpt lat="46.58532690543555" lon="7.1223734702975685">
      <ele>1460.8</ele></trkpt>
      <trkpt lat="46.5853245885881" lon="7.122352255767178">
      <ele>1459.7</ele></trkpt>
      <trkpt lat="46.58533567418677" lon="7.122291807723134">
      <ele>1458.5</ele></trkpt>
      <trkpt lat="46.585350187460875" lon="7.1222509106760254">
      <ele>1457.4</ele></trkpt>
      <trkpt lat="46.58538494942344" lon="7.122203358452286">
      <ele>1456.3</ele></trkpt>
      <trkpt lat="46.585402677170826" lon="7.122105321070382">
      <ele>1455.2</ele></trkpt>
      <trkpt lat="46.585422653556286" lon="7.122000746767916">
      <ele>1454.0</ele></trkpt>
      <trkpt lat="46.58543366626329" lon="7.121914165030869">
      <ele>1452.9</ele></trkpt>
      <trkpt lat="46.58544362261658" lon="7.121852079412725">
      <ele>1451.8</ele></trkpt>
      <trkpt lat="46.58546028467426" lon="7.121775263127635">
      <ele>1450.6</ele></trkpt>
      <trkpt lat="46.58546344896815" lon="7.121700156783236">
      <ele>1449.5</ele></trkpt>
      <trkpt lat="46.58548128980809" lon="7.1216396558250885">
      <ele>1448.4</ele></trkpt>
      <trkpt lat="46.585504748227606" lon="7.121577477935315">
      <ele>1447.2</ele></trkpt>
      <trkpt lat="46.58551028398433" lon="7.121543182982667">
      <ele>1446.1</ele></trkpt>
      <trkpt lat="46.58550236300023" lon="7.121528538013909">
      <ele>1445.0</ele></trkpt>
      <trkpt lat="46.58548885166199" lon="7.121525355345883">
      <ele>1443.9</ele></trkpt>
      <trkpt lat="46.58546302169351" lon="7.121546721806906">
      <ele>1442.7</ele></trkpt>
      <trkpt lat="46.585443956340406" lon="7.121568048607642">
      <ele>1441.6</ele></trkpt>
      <trkpt lat="46.5854079610518" lon="7.121576414155135">
      <ele>1440.3</ele></trkpt>
      <trkpt lat="46.58535507202706" lon="7.121578354991982">
      <ele>1439.1</ele></trkpt>
      <trkpt lat="46.58531572608149" lon="7.1215916459629405">
      <ele>1437.8</ele></trkpt>
      <trkpt lat="46.58526850928026" lon="7.121611519757526">
      <ele>1436.6</ele></trkpt>
      <trkpt lat="46.585231380466695" lon="7.121616630052939">
      <ele>1435.3</ele></trkpt>
      <trkpt lat="46.585198831136466" lon="7.121647834287412">
      <ele>1434.0</ele></trkpt>
      <trkpt lat="46.58512358535017" lon="7.121703778416044">
      <ele>1432.8</ele></trkpt>
      <trkpt lat="46.58507196164791" lon="7.121756322223496">
      <ele>1431.5</ele></trkpt>
      <trkpt lat="46.58505286898197" lon="7.121767850429399">
      <ele>1430.3</ele></trkpt>
      <trkpt lat="46.58502809073841" lon="7.121763102796846">
      <ele>1429.0</ele></trkpt>
      <trkpt lat="46.585027977131936" lon="7.121722291508724">
      <ele>1427.7</ele></trkpt>
      <trkpt lat="46.58500317152274" lon="7.12170448371843">
      <ele>1426.5</ele></trkpt>
      <trkpt lat="46.58497498360094" lon="7.121686695756832">
      <ele>1425.2</ele></trkpt>
      <trkpt lat="46.58498051032254" lon="7.121652375109688">
      <ele>1424.0</ele></trkpt>
      <trkpt lat="46.585007273840624" lon="7.1215624529335155">
      <ele>1422.7</ele></trkpt>
      <trkpt lat="46.58499933910421" lon="7.121539640573333">
      <ele>1421.4</ele></trkpt>
      <trkpt lat="46.5849868795335" lon="7.121513592916352">
      <ele>1420.2</ele></trkpt>
      <trkpt lat="46.58499462330916" lon="7.121467855915451">
      <ele>1418.9</ele></trkpt>
      <trkpt lat="46.584994505016034" lon="7.121425400721246">
      <ele>1417.7</ele></trkpt>
      <trkpt lat="46.58498316057896" lon="7.121389561087946">
      <ele>1416.4</ele></trkpt>
      <trkpt lat="46.584993216817274" lon="7.121366643272125">
      <ele>1414.5</ele></trkpt>
      <trkpt lat="46.585005549045725" lon="7.121346986972327">
      <ele>1412.5</ele></trkpt>
      <trkpt lat="46.58499190589361" lon="7.121299744449126">
      <ele>1410.6</ele></trkpt>
      <trkpt lat="46.58499287560029" lon="7.1212442355838">
      <ele>1408.6</ele></trkpt>
      <trkpt lat="46.58500152947911" lon="7.1211152253709065">
      <ele>1406.7</ele></trkpt>
      <trkpt lat="46.58502157334967" lon="7.12103838963368">
      <ele>1404.7</ele></trkpt>
      <trkpt lat="46.58504162637697" lon="7.120968077437273">
      <ele>1402.8</ele></trkpt>
      <trkpt lat="46.58504468536168" lon="7.1208554351477">
      <ele>1400.8</ele></trkpt>
      <trkpt lat="46.58506582150604" lon="7.120763914612358">
      <ele>1398.9</ele></trkpt>
      <trkpt lat="46.58507446584495" lon="7.12063490420156">
      <ele>1396.9</ele></trkpt>
      <trkpt lat="46.585092260633374" lon="7.1205613432312544">
      <ele>1395.0</ele></trkpt>
      <trkpt lat="46.58509886560347" lon="7.120504170200535">
      <ele>1393.0</ele></trkpt>
      <trkpt lat="46.585122195805056" lon="7.120399563113066">
      <ele>1391.1</ele></trkpt>
      <trkpt lat="46.58513100865414" lon="7.12033096063287">
      <ele>1389.1</ele></trkpt>
      <trkpt lat="46.585131895715044" lon="7.12024606951345">
      <ele>1387.2</ele></trkpt>
      <trkpt lat="46.58512608178202" lon="7.1201775530819775">
      <ele>1385.2</ele></trkpt>
      <trkpt lat="46.58512349033741" lon="7.120055132247412">
      <ele>1383.2</ele></trkpt>
      <trkpt lat="46.58513237165913" lon="7.120014280967508">
      <ele>1381.3</ele></trkpt>
      <trkpt lat="46.585132042650585" lon="7.119896752592475">
      <ele>1379.4</ele></trkpt>
      <trkpt lat="46.585145476367614" lon="7.119872196668336">
      <ele>1377.4</ele></trkpt>
      <trkpt lat="46.58513750928626" lon="7.119837955227565">
      <ele>1375.7</ele></trkpt>
      <trkpt lat="46.58513180955381" lon="7.119813512025792">
      <ele>1374.1</ele></trkpt>
      <trkpt lat="46.585140580859" lon="7.119730205341887">
      <ele>1372.4</ele></trkpt>
      <trkpt lat="46.58514934285538" lon="7.119640388067669">
      <ele>1370.7</ele></trkpt>
      <trkpt lat="46.58514890819573" lon="7.119485310062178">
      <ele>1369.1</ele></trkpt>
      <trkpt lat="46.58515090080657" lon="7.1193939017563155">
      <ele>1367.4</ele></trkpt>
      <trkpt lat="46.58515629860813" lon="7.119313863667923">
      <ele>1365.7</ele></trkpt>
      <trkpt lat="46.58515027346164" lon="7.119170274207412">
      <ele>1364.0</ele></trkpt>
      <trkpt lat="46.585157975024856" lon="7.119109832632731">
      <ele>1362.4</ele></trkpt>
      <trkpt lat="46.58515674976373" lon="7.119073920561793">
      <ele>1360.7</ele></trkpt>
      <trkpt lat="46.58515431756061" lon="7.119008633029812">
      <ele>1359.0</ele></trkpt>
      <trkpt lat="46.58515617225683" lon="7.118868258871138">
      <ele>1357.4</ele></trkpt>
      <trkpt lat="46.58516164752505" lon="7.118812723155451">
      <ele>1355.7</ele></trkpt>
      <trkpt lat="46.58514813611064" lon="7.118809541185649">
      <ele>1354.0</ele></trkpt>
      <trkpt lat="46.58512216446341" lon="7.118780299077686">
      <ele>1352.3</ele></trkpt>
      <trkpt lat="46.58510857510745" lon="7.118749378974365">
      <ele>1350.7</ele></trkpt>
      <trkpt lat="46.5851039032182" lon="7.118690641464919">
      <ele>1349.0</ele></trkpt>
      <trkpt lat="46.58508468261606" lon="7.118659741647968">
      <ele>1347.3</ele></trkpt>
      <trkpt lat="46.58506874333981" lon="7.118592903197775">
      <ele>1345.7</ele></trkpt>
      <trkpt lat="46.58505294653697" lon="7.118579949325223">
      <ele>1344.0</ele></trkpt>
      <trkpt lat="46.585034992596725" lon="7.11859963952635">
      <ele>1342.7</ele></trkpt>
      <trkpt lat="46.58498680785371" lon="7.118675011688692">
      <ele>1341.5</ele></trkpt>
      <trkpt lat="46.58493971504103" lon="7.11873242420318">
      <ele>1340.2</ele></trkpt>
      <trkpt lat="46.58488132809107" lon="7.118785010654242">
      <ele>1339.0</ele></trkpt>
      <trkpt lat="46.5848431985822" lon="7.118830927541541">
      <ele>1337.7</ele></trkpt>
      <trkpt lat="46.58480279747696" lon="7.118871978117667">
      <ele>1336.5</ele></trkpt>
      <trkpt lat="46.58476013370283" lon="7.118908136241014">
      <ele>1335.2</ele></trkpt>
      <trkpt lat="46.58474211995838" lon="7.11890334997128">
      <ele>1334.0</ele></trkpt>
      <trkpt lat="46.58472965045582" lon="7.1188707794856185">
      <ele>1332.7</ele></trkpt>
      <trkpt lat="46.584729558720284" lon="7.118838122811869">
      <ele>1331.5</ele></trkpt>
      <trkpt lat="46.58473286785402" lon="7.118815257553517">
      <ele>1330.2</ele></trkpt>
      <trkpt lat="46.584722638169964" lon="7.118782660806084">
      <ele>1328.9</ele></trkpt>
      <trkpt lat="46.58472595153557" lon="7.118754902811343">
      <ele>1327.7</ele></trkpt>
      <trkpt lat="46.584730417171194" lon="7.11874344703799">
      <ele>1326.4</ele></trkpt>
      <trkpt lat="46.5847168188094" lon="7.118712527220988">
      <ele>1325.2</ele></trkpt>
      <trkpt lat="46.58471109125941" lon="7.118678272977451">
      <ele>1323.9</ele></trkpt>
      <trkpt lat="46.58469754313269" lon="7.1186620310154645">
      <ele>1322.7</ele></trkpt>
      <trkpt lat="46.58469734581414" lon="7.1185918381277276">
      <ele>1321.4</ele></trkpt>
      <trkpt lat="46.58468599586254" lon="7.1185543553631385">
      <ele>1320.2</ele></trkpt>
      <trkpt lat="46.584685844452345" lon="7.11850051038466">
      <ele>1318.9</ele></trkpt>
      <trkpt lat="46.584687845411054" lon="7.118412351528594">
      <ele>1317.1</ele></trkpt>
      <trkpt lat="46.584677633783194" lon="7.118383016581267">
      <ele>1315.2</ele></trkpt>
      <trkpt lat="46.584659505415146" lon="7.118340694339924">
      <ele>1313.4</ele></trkpt>
      <trkpt lat="46.58463917404672" lon="7.118314694179312">
      <ele>1311.5</ele></trkpt>
      <trkpt lat="46.584639031665965" lon="7.1182640979487495">
      <ele>1309.7</ele></trkpt>
      <trkpt lat="46.58462541914479" lon="7.118224997789996">
      <ele>1307.8</ele></trkpt>
      <trkpt lat="46.584608346179465" lon="7.118158166748326">
      <ele>1306.0</ele></trkpt>
      <trkpt lat="46.584571955694315" lon="7.118022900238576">
      <ele>1304.1</ele></trkpt>
      <trkpt lat="46.584543564915265" lon="7.1179333038269">
      <ele>1302.3</ele></trkpt>
      <trkpt lat="46.584543422364995" lon="7.117882707686799">
      <ele>1300.5</ele></trkpt>
      <trkpt lat="46.584536496556545" lon="7.117822353328545">
      <ele>1298.6</ele></trkpt>
      <trkpt lat="46.58451720649603" lon="7.117763703204419">
      <ele>1296.8</ele></trkpt>
      <trkpt lat="46.58450249258792" lon="7.117736039116555">
      <ele>1294.9</ele></trkpt>
      <trkpt lat="46.584468622012" lon="7.117697059345182">
      <ele>1293.1</ele></trkpt>
      <trkpt lat="46.58448415222995" lon="7.117618618967033">
      <ele>1291.2</ele></trkpt>
      <trkpt lat="46.584473972463286" lon="7.11759746466459">
      <ele>1289.4</ele></trkpt>
      <trkpt lat="46.58445922648371" lon="7.117561633308622">
      <ele>1287.5</ele></trkpt>
      <trkpt lat="46.58445115282056" lon="7.11748985658168">
      <ele>1285.7</ele></trkpt>
      <trkpt lat="46.58444415313691" lon="7.117403395443158">
      <ele>1283.8</ele></trkpt>
      <trkpt lat="46.5844372867743" lon="7.117361006842093">
      <ele>1282.0</ele></trkpt>
      <trkpt lat="46.58443260032101" lon="7.117297364531755">
      <ele>1279.5</ele></trkpt>
      <trkpt lat="46.584412024235434" lon="7.1171815888563215">
      <ele>1277.1</ele></trkpt>
      <trkpt lat="46.58438915816734" lon="7.1170576854567615">
      <ele>1274.6</ele></trkpt>
      <trkpt lat="46.584373139574026" lon="7.116963110573487">
      <ele>1272.1</ele></trkpt>
      <trkpt lat="46.58435951274202" lon="7.116919105291334">
      <ele>1269.7</ele></trkpt>
      <trkpt lat="46.584327863103944" lon="7.116870327575494">
      <ele>1267.2</ele></trkpt>
      <trkpt lat="46.58430294601532" lon="7.116813355419861">
      <ele>1264.7</ele></trkpt>
      <trkpt lat="46.58427235175262" lon="7.116743343873147">
      <ele>1262.3</ele></trkpt>
      <trkpt lat="46.58425532846093" lon="7.11669120448786">
      <ele>1259.8</ele></trkpt>
      <trkpt lat="46.58425170125258" lon="7.116601461911888">
      <ele>1257.3</ele></trkpt>
      <trkpt lat="46.58424143398452" lon="7.116555805932269">
      <ele>1254.9</ele></trkpt>
      <trkpt lat="46.58421422625264" lon="7.11648414355913">
      <ele>1252.4</ele></trkpt>
      <trkpt lat="46.584191539581724" lon="7.1164238835957985">
      <ele>1250.0</ele></trkpt>
      <trkpt lat="46.584167621931236" lon="7.116322832745699">
      <ele>1247.5</ele></trkpt>
      <trkpt lat="46.58414708650001" lon="7.11622176183131">
      <ele>1245.0</ele></trkpt>
      <trkpt lat="46.5841219935409" lon="7.116106001046003">
      <ele>1242.6</ele></trkpt>
      <trkpt lat="46.58409361949177" lon="7.116019668046217">
      <ele>1240.1</ele></trkpt>
      <trkpt lat="46.58406754073316" lon="7.115952892055743">
      <ele>1237.6</ele></trkpt>
      <trkpt lat="46.58404255375345" lon="7.1158714316679506">
      <ele>1235.2</ele></trkpt>
      <trkpt lat="46.58403784308775" lon="7.115796373908689">
      <ele>1232.7</ele></trkpt>
      <trkpt lat="46.584036477928585" lon="7.11571151089848">
      <ele>1230.7</ele></trkpt>
      <trkpt lat="46.58402495622756" lon="7.115620171943901">
      <ele>1228.7</ele></trkpt>
      <trkpt lat="46.584021314251" lon="7.115525524210032">
      <ele>1226.6</ele></trkpt>
      <trkpt lat="46.58403768436753" lon="7.115344228817175">
      <ele>1224.6</ele></trkpt>
      <trkpt lat="46.584081965462914" lon="7.115089337514416">
      <ele>1222.6</ele></trkpt>
      <trkpt lat="46.584103041221326" lon="7.11497820692618">
      <ele>1220.5</ele></trkpt>
      <trkpt lat="46.58411499661443" lon="7.114829594362054">
      <ele>1218.5</ele></trkpt>
      <trkpt lat="46.584134730014576" lon="7.114648304394338">
      <ele>1216.5</ele></trkpt>
      <trkpt lat="46.584172020823225" lon="7.1143053077481175">
      <ele>1214.5</ele></trkpt>
      <trkpt lat="46.58419176665591" lon="7.114122360336542">
      <ele>1212.5</ele></trkpt>
      <trkpt lat="46.58420578824352" lon="7.1139100781022">
      <ele>1210.4</ele></trkpt>
      <trkpt lat="46.584223336504714" lon="7.113751646098671">
      <ele>1208.4</ele></trkpt>
      <trkpt lat="46.584246496747134" lon="7.113583381894474">
      <ele>1206.4</ele></trkpt>
      <trkpt lat="46.58426419840176" lon="7.113478807256947">
      <ele>1204.4</ele></trkpt>
      <trkpt lat="46.584282958796564" lon="7.113348118887682">
      <ele>1202.3</ele></trkpt>
      <trkpt lat="46.584304074884336" lon="7.113251691072282">
      <ele>1200.3</ele></trkpt>
      <trkpt lat="46.58432751506585" lon="7.113187880089653">
      <ele>1198.3</ele></trkpt>
      <trkpt lat="46.58434088664313" lon="7.113142095533888">
      <ele>1196.2</ele></trkpt>
      <trkpt lat="46.58433516178609" lon="7.11310622424676">
      <ele>1194.2</ele></trkpt>
      <trkpt lat="46.58430701419931" lon="7.113099870020834">
      <ele>1192.2</ele></trkpt>
      <trkpt lat="46.584270002424574" lon="7.113145783716831">
      <ele>1191.0</ele></trkpt>
      <trkpt lat="46.584230760479976" lon="7.113198260414167">
      <ele>1189.8</ele></trkpt>
      <trkpt lat="46.5841477037526" lon="7.113273845973534">
      <ele>1188.6</ele></trkpt>
      <trkpt lat="46.58408148521604" lon="7.113336269951505">
      <ele>1187.4</ele></trkpt>
      <trkpt lat="46.58402873161637" lon="7.113385565778306">
      <ele>1186.2</ele></trkpt>
      <trkpt lat="46.583971457520015" lon="7.113433231701801">
      <ele>1185.0</ele></trkpt>
      <trkpt lat="46.58391816890347" lon="7.113487344905484">
      <ele>1183.8</ele></trkpt>
      <trkpt lat="46.583863949273805" lon="7.113624964552661">
      <ele>1182.6</ele></trkpt>
      <trkpt lat="46.58380345706333" lon="7.11374281622248">
      <ele>1181.4</ele></trkpt>
      <trkpt lat="46.58376490793074" lon="7.113776526286866">
      <ele>1180.2</ele></trkpt>
      <trkpt lat="46.58375049292968" lon="7.113775138519451">
      <ele>1178.9</ele></trkpt>
      <trkpt lat="46.58371118805867" lon="7.113723708423976">
      <ele>1177.7</ele></trkpt>
      <trkpt lat="46.583685163578934" lon="7.11367326849872">
      <ele>1176.5</ele></trkpt>
      <trkpt lat="46.58365572875588" lon="7.113613037781454">
      <ele>1175.3</ele></trkpt>
      <trkpt lat="46.58361169495112" lon="7.113559457460212">
      <ele>1174.1</ele></trkpt>
      <trkpt lat="46.58355739719503" lon="7.113461827158695">
      <ele>1172.9</ele></trkpt>
      <trkpt lat="46.58349616689047" lon="7.113305501420372">
      <ele>1171.7</ele></trkpt>
      <trkpt lat="46.58342034665858" lon="7.113159048985019">
      <ele>1170.5</ele></trkpt>
      <trkpt lat="46.58335700682111" lon="7.113048453024646">
      <ele>1169.3</ele></trkpt>
      <trkpt lat="46.583289104023535" lon="7.112918275317551">
      <ele>1168.1</ele></trkpt>
      <trkpt lat="46.583224625472845" lon="7.112802781139276">
      <ele>1167.1</ele></trkpt>
      <trkpt lat="46.583179345646414" lon="7.112710016638925">
      <ele>1166.0</ele></trkpt>
      <trkpt lat="46.583156581792956" lon="7.11262036530032">
      <ele>1165.0</ele></trkpt>
      <trkpt lat="46.583136122532004" lon="7.112547034803557">
      <ele>1164.0</ele></trkpt>
      <trkpt lat="46.58311350393532" lon="7.112511266195595">
      <ele>1162.9</ele></trkpt>
      <trkpt lat="46.58307513416693" lon="7.112475579513393">
      <ele>1161.9</ele></trkpt>
      <trkpt lat="46.583057017269795" lon="7.1124348912762985">
      <ele>1160.9</ele></trkpt>
      <trkpt lat="46.583039852052316" lon="7.112337065274884">
      <ele>1159.8</ele></trkpt>
      <trkpt lat="46.583028406457025" lon="7.112266942381818">
      <ele>1158.8</ele></trkpt>
      <trkpt lat="46.58300796642754" lon="7.112206671940882">
      <ele>1157.8</ele></trkpt>
      <trkpt lat="46.582974047505225" lon="7.112154637130128">
      <ele>1156.7</ele></trkpt>
      <trkpt lat="46.582918703788344" lon="7.112084792326424">
      <ele>1155.7</ele></trkpt>
      <trkpt lat="46.582880347597545" lon="7.112050749887662">
      <ele>1154.6</ele></trkpt>
      <trkpt lat="46.58282396364814" lon="7.112010279880451">
      <ele>1153.6</ele></trkpt>
      <trkpt lat="46.58276648804276" lon="7.111981245510464">
      <ele>1152.6</ele></trkpt>
      <trkpt lat="46.58270448268494" lon="7.111947359066448">
      <ele>1151.5</ele></trkpt>
      <trkpt lat="46.58267289607874" lon="7.1119181554650295">
      <ele>1150.5</ele></trkpt>
      <trkpt lat="46.58262994443823" lon="7.1118563906578585">
      <ele>1149.5</ele></trkpt>
      <trkpt lat="46.582590286027475" lon="7.111763594006722">
      <ele>1148.4</ele></trkpt>
      <trkpt lat="46.58254605948727" lon="7.111646349469721">
      <ele>1147.4</ele></trkpt>
      <trkpt lat="46.58248608204283" lon="7.111532448965905">
      <ele>1146.4</ele></trkpt>
      <trkpt lat="46.58244088558823" lon="7.111469054367386">
      <ele>1145.3</ele></trkpt>
      <trkpt lat="46.58240592131285" lon="7.111441528538189">
      <ele>1144.3</ele></trkpt>
      <trkpt lat="46.58235636784785" lon="7.111427137630609">
      <ele>1143.3</ele></trkpt>
      <trkpt lat="46.58231018803666" lon="7.111415974964348">
      <ele>1142.2</ele></trkpt>
      <trkpt lat="46.58228536244" lon="7.111394911243232">
      <ele>1141.2</ele></trkpt>
      <trkpt lat="46.582277425702465" lon="7.111372114568302">
      <ele>1140.2</ele></trkpt>
      <trkpt lat="46.58227847508404" lon="7.111346001887666">
      <ele>1139.1</ele></trkpt>
      <trkpt lat="46.582294192926746" lon="7.111331203247387">
      <ele>1138.1</ele></trkpt>
      <trkpt lat="46.58233357523142" lon="7.111330965034686">
      <ele>1137.1</ele></trkpt>
      <trkpt lat="46.58236843161304" lon="7.111320956152003">
      <ele>1136.0</ele></trkpt>
      <trkpt lat="46.58242807140339" lon="7.1113173337254745">
      <ele>1135.0</ele></trkpt>
      <trkpt lat="46.58248887318233" lon="7.111326764003187">
      <ele>1133.9</ele></trkpt>
      <trkpt lat="46.58255988367907" lon="7.111363882908486">
      <ele>1132.9</ele></trkpt>
      <trkpt lat="46.582677111820125" lon="7.111428459779958">
      <ele>1131.9</ele></trkpt>
      <trkpt lat="46.582765081904796" lon="7.1114915960204605">
      <ele>1130.8</ele></trkpt>
      <trkpt lat="46.582831678396055" lon="7.11151720866363">
      <ele>1129.8</ele></trkpt>
      <trkpt lat="46.582879274639794" lon="7.111514155008586">
      <ele>1128.8</ele></trkpt>
      <trkpt lat="46.58293815921817" lon="7.111466856631046">
      <ele>1127.7</ele></trkpt>
      <trkpt lat="46.58300262198299" lon="7.11136980299379">
      <ele>1126.7</ele></trkpt>
      <trkpt lat="46.58307282066977" lon="7.111281012210289">
      <ele>1125.6</ele></trkpt>
      <trkpt lat="46.58313738551062" lon="7.111222628357475">
      <ele>1124.5</ele></trkpt>
      <trkpt lat="46.58317724340621" lon="7.111178197467699">
      <ele>1123.3</ele></trkpt>
      <trkpt lat="46.58321531448117" lon="7.1111724482489125">
      <ele>1122.2</ele></trkpt>
      <trkpt lat="46.583255315357434" lon="7.111177725003062">
      <ele>1121.1</ele></trkpt>
      <trkpt lat="46.58330492087526" lon="7.111213329851676">
      <ele>1120.0</ele></trkpt>
      <trkpt lat="46.58337367307397" lon="7.111284710964548">
      <ele>1118.9</ele></trkpt>
      <trkpt lat="46.583431072432376" lon="7.1113810283575765">
      <ele>1117.7</ele></trkpt>
      <trkpt lat="46.58347699976483" lon="7.111460832664719">
      <ele>1116.6</ele></trkpt>
      <trkpt lat="46.5834961226191" lon="7.111488337405206">
      <ele>1115.5</ele></trkpt>
      <trkpt lat="46.583519050526064" lon="7.111515806114942">
      <ele>1114.4</ele></trkpt>
      <trkpt lat="46.583539984141204" lon="7.111512926655852">
      <ele>1113.3</ele></trkpt>
      <trkpt lat="46.58356462862744" lon="7.111474106496623">
      <ele>1112.1</ele></trkpt>
      <trkpt lat="46.58362306857628" lon="7.111272164454273">
      <ele>1111.0</ele></trkpt>
      <trkpt lat="46.583645591461874" lon="7.111158793509206">
      <ele>1109.9</ele></trkpt>
      <trkpt lat="46.58366503753015" lon="7.110970342689643">
      <ele>1108.8</ele></trkpt>
      <trkpt lat="46.58367704881712" lon="7.110842957511916">
      <ele>1107.7</ele></trkpt>
      <trkpt lat="46.583693594931624" lon="7.1107253430805395">
      <ele>1106.5</ele></trkpt>
      <trkpt lat="46.58369995717007" lon="7.110666814882573">
      <ele>1105.4</ele></trkpt>
      <trkpt lat="46.58372076152751" lon="7.1104817476724635">
      <ele>1104.3</ele></trkpt>
      <trkpt lat="46.58374131288213" lon="7.11034629958348">
      <ele>1103.6</ele></trkpt>
      <trkpt lat="46.58378482522322" lon="7.110246617391911">
      <ele>1102.8</ele></trkpt>
      <trkpt lat="46.583845520701885" lon="7.110166166411556">
      <ele>1102.1</ele></trkpt>
      <trkpt lat="46.58391945180527" lon="7.110052495402434">
      <ele>1101.3</ele></trkpt>
      <trkpt lat="46.58394964050635" lon="7.109955646504836">
      <ele>1100.6</ele></trkpt>
      <trkpt lat="46.58394736663306" lon="7.1098286342664325">
      <ele>1099.9</ele></trkpt>
      <trkpt lat="46.58393773769034" lon="7.109790021337475">
      <ele>1099.1</ele></trkpt>
      <trkpt lat="46.58392243550394" lon="7.109768025694098">
      <ele>1098.4</ele></trkpt>
      <trkpt lat="46.58389580577205" lon="7.109776472411146">
      <ele>1097.6</ele></trkpt>
      <trkpt lat="46.58386545767461" lon="7.1098180811678">
      <ele>1096.9</ele></trkpt>
      <trkpt lat="46.58384465972343" lon="7.1098679167092955">
      <ele>1096.2</ele></trkpt>
      <trkpt lat="46.583793505615205" lon="7.109956594916993">
      <ele>1095.4</ele></trkpt>
      <trkpt lat="46.58371012913963" lon="7.110095190709657">
      <ele>1094.7</ele></trkpt>
      <trkpt lat="46.58362868238683" lon="7.110244812099061">
      <ele>1093.9</ele></trkpt>
      <trkpt lat="46.58352103554422" lon="7.11055200334938">
      <ele>1093.2</ele></trkpt>
      <trkpt lat="46.583504042368034" lon="7.110601815223788">
      <ele>1092.5</ele></trkpt>
      <trkpt lat="46.58347742847626" lon="7.1106157802215115">
      <ele>1091.7</ele></trkpt>
      <trkpt lat="46.58345457990524" lon="7.110615918731232">
      <ele>1091.0</ele></trkpt>
      <trkpt lat="46.583427813776524" lon="7.110580175861832">
      <ele>1090.2</ele></trkpt>
      <trkpt lat="46.58339137227166" lon="7.110486511213498">
      <ele>1089.5</ele></trkpt>
      <trkpt lat="46.583347294492306" lon="7.110390114023825">
      <ele>1088.7</ele></trkpt>
      <trkpt lat="46.583318558602286" lon="7.110329541998435">
      <ele>1087.9</ele></trkpt>
      <trkpt lat="46.58328036911564" lon="7.110291102737083">
      <ele>1087.1</ele></trkpt>
      <trkpt lat="46.58323649833351" lon="7.110266514649441">
      <ele>1086.3</ele></trkpt>
      <trkpt lat="46.58316023091008" lon="7.110228319640445">
      <ele>1085.5</ele></trkpt>
      <trkpt lat="46.58311441425736" lon="7.1101871739744915">
      <ele>1084.7</ele></trkpt>
      <trkpt lat="46.58304910975936" lon="7.110076333093911">
      <ele>1083.9</ele></trkpt>
      <trkpt lat="46.58299586753154" lon="7.109955868942956">
      <ele>1083.1</ele></trkpt>
      <trkpt lat="46.58297206199902" lon="7.109895632897309">
      <ele>1082.3</ele></trkpt>
      <trkpt lat="46.58293244442596" lon="7.109817527538428">
      <ele>1081.5</ele></trkpt>
      <trkpt lat="46.5828850410113" lon="7.1097720996419405">
      <ele>1080.7</ele></trkpt>
      <trkpt lat="46.58282197138354" lon="7.1097561614369775">
      <ele>1079.9</ele></trkpt>
      <trkpt lat="46.58269346949092" lon="7.1097471965368815">
      <ele>1079.1</ele></trkpt>
      <trkpt lat="46.58262428294257" lon="7.109728190476652">
      <ele>1078.3</ele></trkpt>
      <trkpt lat="46.582585795861554" lon="7.109711359307372">
      <ele>1077.5</ele></trkpt>
      <trkpt lat="46.58253133162086" lon="7.109659986283136">
      <ele>1076.7</ele></trkpt>
      <trkpt lat="46.58250642981408" lon="7.109609555621623">
      <ele>1075.9</ele></trkpt>
      <trkpt lat="46.582494940935604" lon="7.109531267017553">
      <ele>1075.1</ele></trkpt>
      <trkpt lat="46.582501512072575" lon="7.109464310533934">
      <ele>1074.3</ele></trkpt>
      <trkpt lat="46.58250914193384" lon="7.109377751447683">
      <ele>1073.5</ele></trkpt>
      <trkpt lat="46.58251675805324" lon="7.109289574629063">
      <ele>1072.5</ele></trkpt>
      <trkpt lat="46.58251412657862" lon="7.1091573753676105">
      <ele>1071.6</ele></trkpt>
      <trkpt lat="46.58250490001879" lon="7.1090807169524">
      <ele>1070.6</ele></trkpt>
      <trkpt lat="46.58248563423335" lon="7.109035118667385">
      <ele>1069.6</ele></trkpt>
      <trkpt lat="46.58245741554539" lon="7.109004291620571">
      <ele>1068.7</ele></trkpt>
      <trkpt lat="46.58241458523415" lon="7.108984969467683">
      <ele>1067.7</ele></trkpt>
      <trkpt lat="46.58236052939813" lon="7.108972226022172">
      <ele>1066.7</ele></trkpt>
      <trkpt lat="46.58231767497645" lon="7.108941475206534">
      <ele>1065.7</ele></trkpt>
      <trkpt lat="46.582281534066915" lon="7.108899254669106">
      <ele>1064.8</ele></trkpt>
      <trkpt lat="46.582273521201145" lon="7.108850352487745">
      <ele>1063.8</ele></trkpt>
      <trkpt lat="46.582277763561784" lon="7.108762183496889">
      <ele>1062.8</ele></trkpt>
      <trkpt lat="46.58228412132658" lon="7.108621775864829">
      <ele>1061.9</ele></trkpt>
      <trkpt lat="46.58228490495586" lon="7.108504233841335">
      <ele>1060.9</ele></trkpt>
      <trkpt lat="46.582302611446394" lon="7.108402935985498">
      <ele>1059.9</ele></trkpt>
      <trkpt lat="46.582338430553285" lon="7.108334170234434">
      <ele>1058.9</ele></trkpt>
      <trkpt lat="46.58237087720902" lon="7.108271935269513">
      <ele>1058.0</ele></trkpt>
      <trkpt lat="46.58240219375288" lon="7.108201566005075">
      <ele>1057.0</ele></trkpt>
      <trkpt lat="46.58241657874899" lon="7.10811822730216">
      <ele>1056.0</ele></trkpt>
      <trkpt lat="46.58241751834859" lon="7.108054566813832">
      <ele>1055.1</ele></trkpt>
      <trkpt lat="46.58239599857833" lon="7.108007364949847">
      <ele>1054.1</ele></trkpt>
      <trkpt lat="46.582355335885936" lon="7.10795701844012">
      <ele>1053.3</ele></trkpt>
      <trkpt lat="46.5823191139861" lon="7.107887048786619">
      <ele>1052.6</ele></trkpt>
      <trkpt lat="46.582281709725294" lon="7.107790980114576">
      <ele>1051.8</ele></trkpt>
      <trkpt lat="46.582257808601646" lon="7.107701352311389">
      <ele>1051.1</ele></trkpt>
      <trkpt lat="46.582223712003895" lon="7.107588929256171">
      <ele>1050.3</ele></trkpt>
      <trkpt lat="46.582190828998996" lon="7.107501000476946">
      <ele>1049.5</ele></trkpt>
      <trkpt lat="46.58215679396927" lon="7.107409804155054">
      <ele>1048.8</ele></trkpt>
      <trkpt lat="46.58211157148691" lon="7.107338259402469">
      <ele>1048.0</ele></trkpt>
      <trkpt lat="46.58206975978861" lon="7.107276491876029">
      <ele>1047.3</ele></trkpt>
      <trkpt lat="46.58203241303244" lon="7.107206529934415">
      <ele>1046.5</ele></trkpt>
      <trkpt lat="46.58201765806572" lon="7.107162561994262">
      <ele>1045.7</ele></trkpt>
      <trkpt lat="46.58202206072114" lon="7.107129879423133">
      <ele>1045.0</ele></trkpt>
      <trkpt lat="46.58205122376922" lon="7.1070986890117025">
      <ele>1044.2</ele></trkpt>
      <trkpt lat="46.58212203546586" lon="7.10706398171233">
      <ele>1043.5</ele></trkpt>
      <trkpt lat="46.58215571524776" lon="7.107039286836976">
      <ele>1042.7</ele></trkpt>
      <trkpt lat="46.58219392505548" lon="7.107019469700174">
      <ele>1041.9</ele></trkpt>
      <trkpt lat="46.58222090103883" lon="7.107009519406028">
      <ele>1041.2</ele></trkpt>
      <trkpt lat="46.58224231609068" lon="7.107017542310819">
      <ele>1040.4</ele></trkpt>
      <trkpt lat="46.58226608514638" lon="7.10706472986687">
      <ele>1039.7</ele></trkpt>
      <trkpt lat="46.582283193121356" lon="7.107141339325408">
      <ele>1038.9</ele></trkpt>
      <trkpt lat="46.5823106300603" lon="7.107289707401661">
      <ele>1038.1</ele></trkpt>
      <trkpt lat="46.582346876056825" lon="7.107367830663356">
      <ele>1037.3</ele></trkpt>
      <trkpt lat="46.582398778144075" lon="7.107413215423893">
      <ele>1036.5</ele></trkpt>
      <trkpt lat="46.58245068974005" lon="7.10746187493184">
      <ele>1035.6</ele></trkpt>
      <trkpt lat="46.58248912373479" lon="7.107525281494745">
      <ele>1034.8</ele></trkpt>
      <trkpt lat="46.5825162743971" lon="7.1075691871225075">
      <ele>1034.0</ele></trkpt>
      <trkpt lat="46.582547823612295" lon="7.107582053853696">
      <ele>1033.2</ele></trkpt>
      <trkpt lat="46.58259847775921" lon="7.107585005630286">
      <ele>1032.4</ele></trkpt>
      <trkpt lat="46.58264804544722" lon="7.107601023841387">
      <ele>1031.6</ele></trkpt>
      <trkpt lat="46.582690929208404" lon="7.107644833398313">
      <ele>1030.8</ele></trkpt>
      <trkpt lat="46.58273386943529" lon="7.107704977217701">
      <ele>1029.9</ele></trkpt>
      <trkpt lat="46.582791668703216" lon="7.107844993926609">
      <ele>1029.1</ele></trkpt>
      <trkpt lat="46.58283930519003" lon="7.1079703823589035">
      <ele>1028.3</ele></trkpt>
      <trkpt lat="46.58286882825038" lon="7.108059963850236">
      <ele>1027.5</ele></trkpt>
      <trkpt lat="46.58289375449463" lon="7.108118574331229">
      <ele>1026.7</ele></trkpt>
      <trkpt lat="46.582916407688984" lon="7.108165782797993">
      <ele>1025.9</ele></trkpt>
      <trkpt lat="46.58294896466108" lon="7.108215944640026">
      <ele>1025.0</ele></trkpt>
      <trkpt lat="46.58298521669876" lon="7.108240577456517">
      <ele>1024.2</ele></trkpt>
      <trkpt lat="46.58300803319376" lon="7.108229387482813">
      <ele>1023.4</ele></trkpt>
      <trkpt lat="46.58304024672145" lon="7.108176729481258">
      <ele>1022.6</ele></trkpt>
      <trkpt lat="46.583087457994196" lon="7.1080411193221025">
      <ele>1020.8</ele></trkpt>
      <trkpt lat="46.583123340134904" lon="7.107941483100987">
      <ele>1019.0</ele></trkpt>
      <trkpt lat="46.583193568219336" lon="7.107863725125188">
      <ele>1017.3</ele></trkpt>
      <trkpt lat="46.583225805615946" lon="7.107819338296882">
      <ele>1015.5</ele></trkpt>
      <trkpt lat="46.583261752763036" lon="7.107739036756243">
      <ele>1013.7</ele></trkpt>
      <trkpt lat="46.5832996059076" lon="7.107661476344428">
      <ele>1011.9</ele></trkpt>
      <trkpt lat="46.5833161503492" lon="7.107507304347036">
      <ele>1010.1</ele></trkpt>
      <trkpt lat="46.58333840325472" lon="7.107379726031872">
      <ele>1008.4</ele></trkpt>
      <trkpt lat="46.5833839087151" lon="7.107159085091821">
      <ele>1006.6</ele></trkpt>
      <trkpt lat="46.58340269086486" lon="7.107041443398704">
      <ele>1004.8</ele></trkpt>
      <trkpt lat="46.583428323627864" lon="7.1069564030305985">
      <ele>1003.0</ele></trkpt>
      <trkpt lat="46.58348422421424" lon="7.1068303792273975">
      <ele>1001.2</ele></trkpt>
      <trkpt lat="46.58355686111566" lon="7.106650381618287">
      <ele>999.5</ele></trkpt>
      <trkpt lat="46.58360594332951" lon="7.1064999229364005">
      <ele>997.7</ele></trkpt>
      <trkpt lat="46.58365262446046" lon="7.106300487320949">
      <ele>995.9</ele></trkpt>
      <trkpt lat="46.58367380658097" lon="7.106231795324464">
      <ele>994.1</ele></trkpt>
      <trkpt lat="46.58369947642814" lon="7.106156578298594">
      <ele>992.3</ele></trkpt>
      <trkpt lat="46.5837601927389" lon="7.106136595577997">
      <ele>990.6</ele></trkpt>
      <trkpt lat="46.583887305463094" lon="7.106119505688236">
      <ele>988.8</ele></trkpt>
      <trkpt lat="46.5839221322291" lon="7.106096433249448">
      <ele>987.0</ele></trkpt>
      <trkpt lat="46.58394898413783" lon="7.106044040885209">
      <ele>986.1</ele></trkpt>
      <trkpt lat="46.5839488219684" lon="7.105988539730732">
      <ele>985.1</ele></trkpt>
      <trkpt lat="46.583926167373434" lon="7.105938082563828">
      <ele>984.2</ele></trkpt>
      <trkpt lat="46.583874331475975" lon="7.105915542880185">
      <ele>983.2</ele></trkpt>
      <trkpt lat="46.58378988854689" lon="7.105903002059231">
      <ele>982.3</ele></trkpt>
      <trkpt lat="46.58369981389574" lon="7.105887234161701">
      <ele>981.3</ele></trkpt>
      <trkpt lat="46.58364806391094" lon="7.105894088933421">
      <ele>980.4</ele></trkpt>
      <trkpt lat="46.583614432620465" lon="7.105938368407397">
      <ele>979.4</ele></trkpt>
      <trkpt lat="46.58356849560129" lon="7.106010474358948">
      <ele>978.5</ele></trkpt>
      <trkpt lat="46.58350021807927" lon="7.106136562218587">
      <ele>977.5</ele></trkpt>
      <trkpt lat="46.58343750550006" lon="7.106243058233313">
      <ele>976.6</ele></trkpt>
      <trkpt lat="46.583386238011165" lon="7.10632582966171">
      <ele>975.7</ele></trkpt>
      <trkpt lat="46.583340539852344" lon="7.10638431254517">
      <ele>974.7</ele></trkpt>
      <trkpt lat="46.5832747877934" lon="7.106445005946077">
      <ele>973.8</ele></trkpt>
      <trkpt lat="46.58322333519226" lon="7.106495213069834">
      <ele>972.8</ele></trkpt>
      <trkpt lat="46.583173364285706" lon="7.10655995825638">
      <ele>971.9</ele></trkpt>
      <trkpt lat="46.58314759552859" lon="7.1065705147438525">
      <ele>970.9</ele></trkpt>
      <trkpt lat="46.58314459256168" lon="7.106524803942692">
      <ele>970.0</ele></trkpt>
      <trkpt lat="46.58315446483322" lon="7.106470690216428">
      <ele>969.0</ele></trkpt>
      <trkpt lat="46.58320414127792" lon="7.1063020023617325">
      <ele>968.1</ele></trkpt>
      <trkpt lat="46.583231133938305" lon="7.106220763285839">
      <ele>965.6</ele></trkpt>
      <trkpt lat="46.5832452391523" lon="7.106143765273814">
      <ele>963.0</ele></trkpt>
      <trkpt lat="46.583274955495874" lon="7.1060126180179894">
      <ele>960.5</ele></trkpt>
      <trkpt lat="46.58330048731241" lon="7.105921002344836">
      <ele>958.0</ele></trkpt>
      <trkpt lat="46.583298838275255" lon="7.10584617550336">
      <ele>955.4</ele></trkpt>
      <trkpt lat="46.58331587357072" lon="7.105789942979055">
      <ele>952.9</ele></trkpt>
      <trkpt lat="46.583332775099365" lon="7.105687981851358">
      <ele>950.4</ele></trkpt>
      <trkpt lat="46.58334253754654" lon="7.105596462983295">
      <ele>947.8</ele></trkpt>
      <trkpt lat="46.58336092682342" lon="7.105511114345965">
      <ele>945.3</ele></trkpt>
      <trkpt lat="46.58339211505348" lon="7.105409782643446">
      <ele>942.8</ele></trkpt>
      <trkpt lat="46.58345178892851" lon="7.10529188840234">
      <ele>940.2</ele></trkpt>
      <trkpt lat="46.58349496497661" lon="7.10517410861777">
      <ele>937.7</ele></trkpt>
      <trkpt lat="46.58351569528644" lon="7.105080395118191">
      <ele>935.1</ele></trkpt>
      <trkpt lat="46.58351994693426" lon="7.104993319676384">
      <ele>932.6</ele></trkpt>
      <trkpt lat="46.58351953861083" lon="7.1048540329838525">
      <ele>930.1</ele></trkpt>
      <trkpt lat="46.583502521267235" lon="7.10468003954393">
      <ele>927.5</ele></trkpt>
      <trkpt lat="46.583493267726936" lon="7.104595213255041">
      <ele>925.0</ele></trkpt>
      <trkpt lat="46.58348415205184" lon="7.104560447248857">
      <ele>922.5</ele></trkpt>
      <trkpt lat="46.5834556543159" lon="7.104560623193485">
      <ele>919.9</ele></trkpt>
      <trkpt lat="46.583410727644086" lon="7.104593543967003">
      <ele>917.4</ele></trkpt>
      <trkpt lat="46.583376397123885" lon="7.104656876867321">
      <ele>915.3</ele></trkpt>
      <trkpt lat="46.58335539899116" lon="7.104659172258533">
      <ele>913.1</ele></trkpt>
      <trkpt lat="46.58334178818928" lon="7.104622255244665">
      <ele>911.0</ele></trkpt>
      <trkpt lat="46.58330998058369" lon="7.1045245215779165">
      <ele>908.9</ele></trkpt>
      <trkpt lat="46.58329173782639" lon="7.104441929967048">
      <ele>906.8</ele></trkpt>
      <trkpt lat="46.58328389693283" lon="7.104326643877764">
      <ele>904.6</ele></trkpt>
      <trkpt lat="46.583281947136925" lon="7.104174294336235">
      <ele>902.5</ele></trkpt>
      <trkpt lat="46.58328322561129" lon="7.1040981317313685">
      <ele>900.4</ele></trkpt>
      <trkpt lat="46.58329357882085" lon="7.104045827961007">
      <ele>898.2</ele></trkpt>
      <trkpt lat="46.58331439135912" lon="7.103980399539862">
      <ele>896.1</ele></trkpt>
      <trkpt lat="46.58336061277174" lon="7.103880017782876">
      <ele>894.0</ele></trkpt>
      <trkpt lat="46.58338442971066" lon="7.103814570625797">
      <ele>891.8</ele></trkpt>
      <trkpt lat="46.583393165356895" lon="7.103723122913119">
      <ele>889.7</ele></trkpt>
      <trkpt lat="46.58338987262824" lon="7.103625187040562">
      <ele>887.6</ele></trkpt>
      <trkpt lat="46.58337315453876" lon="7.103553480337413">
      <ele>885.4</ele></trkpt>
      <trkpt lat="46.58334600269009" lon="7.103503587497261">
      <ele>883.3</ele></trkpt>
      <trkpt lat="46.58331138061282" lon="7.1034646220938695">
      <ele>881.2</ele></trkpt>
      <trkpt lat="46.58328420055791" lon="7.103408219130812">
      <ele>879.1</ele></trkpt>
      <trkpt lat="46.58328099736932" lon="7.103340773502343">
      <ele>876.9</ele></trkpt>
      <trkpt lat="46.583292728096986" lon="7.103249294274632">
      <ele>874.8</ele></trkpt>
      <trkpt lat="46.5833135491729" lon="7.103183865492416">
      <ele>872.1</ele></trkpt>
      <trkpt lat="46.58331933107806" lon="7.103109827629265">
      <ele>869.5</ele></trkpt>
      <trkpt lat="46.5833054284875" lon="7.102977161658517">
      <ele>866.8</ele></trkpt>
      <trkpt lat="46.58329302670005" lon="7.102837949947523">
      <ele>864.2</ele></trkpt>
      <trkpt lat="46.583286581104986" lon="7.1026900120904175">
      <ele>861.5</ele></trkpt>
      <trkpt lat="46.583281858513" lon="7.102613860610414">
      <ele>858.9</ele></trkpt>
      <trkpt lat="46.58325017129272" lon="7.102557486096821">
      <ele>856.2</ele></trkpt>
      <trkpt lat="46.583212480099455" lon="7.1024967651958075">
      <ele>853.6</ele></trkpt>
      <trkpt lat="46.58318831301765" lon="7.10244033105222">
      <ele>850.9</ele></trkpt>
      <trkpt lat="46.583177645588435" lon="7.102385991896283">
      <ele>848.3</ele></trkpt>
      <trkpt lat="46.583127810323134" lon="7.102279656588788">
      <ele>845.6</ele></trkpt>
      <trkpt lat="46.583111097825046" lon="7.102210129432779">
      <ele>843.0</ele></trkpt>
      <trkpt lat="46.58311528035135" lon="7.1021034584615075">
      <ele>840.3</ele></trkpt>
      <trkpt lat="46.58308363656066" lon="7.102055773346933">
      <ele>837.7</ele></trkpt>
      <trkpt lat="46.58302493421061" lon="7.101993017924599">
      <ele>835.0</ele></trkpt>
      <trkpt lat="46.58298125954033" lon="7.101941063222318">
      <ele>832.4</ele></trkpt>
      <trkpt lat="46.58297235081883" lon="7.101888344278422">
      <ele>829.8</ele></trkpt>
      <trkpt lat="46.582967887932575" lon="7.10183630220769">
      <ele>827.1</ele></trkpt>
      <trkpt lat="46.582966095559215" lon="7.101741306448949">
      <ele>824.4</ele></trkpt>
      <trkpt lat="46.58295805957621" lon="7.101685633537587">
      <ele>821.8</ele></trkpt>
      <trkpt lat="46.58295085582187" lon="7.101661920150182">
      <ele>820.8</ele></trkpt>
      <trkpt lat="46.58293932018776" lon="7.101621338129046">
      <ele>819.7</ele></trkpt>
      <trkpt lat="46.582916477269286" lon="7.101599079037328">
      <ele>818.7</ele></trkpt>
      <trkpt lat="46.5828831371624" lon="7.101528468690997">
      <ele>817.6</ele></trkpt>
      <trkpt lat="46.58287173281121" lon="7.101428966610929">
      <ele>816.6</ele></trkpt>
      <trkpt lat="46.58284607295212" lon="7.101293948752649">
      <ele>815.5</ele></trkpt>
      <trkpt lat="46.58283526677517" lon="7.101226368541472">
      <ele>814.5</ele></trkpt>
      <trkpt lat="46.5828348109382" lon="7.101072615023609">
      <ele>813.4</ele></trkpt>
      <trkpt lat="46.58282391324291" lon="7.100971192087381">
      <ele>812.4</ele></trkpt>
      <trkpt lat="46.5828109837977" lon="7.100900546179599">
      <ele>811.3</ele></trkpt>
      <trkpt lat="46.58279382666966" lon="7.100836071729223">
      <ele>810.3</ele></trkpt>
      <trkpt lat="46.58276023575569" lon="7.100778105893642">
      <ele>809.3</ele></trkpt>
      <trkpt lat="46.582680781564726" lon="7.100806900386145">
      <ele>808.2</ele></trkpt>
      <trkpt lat="46.58262204678104" lon="7.100836504813236">
      <ele>807.2</ele></trkpt>
      <trkpt lat="46.582575905093094" lon="7.100859768140987">
      <ele>806.1</ele></trkpt>
      <trkpt lat="46.58251450507541" lon="7.100903688280705">
      <ele>805.1</ele></trkpt>
      <trkpt lat="46.58247265104282" lon="7.100956175441792">
      <ele>804.0</ele></trkpt>
      <trkpt lat="46.5824082981504" lon="7.10101753113368">
      <ele>803.0</ele></trkpt>
      <trkpt lat="46.582345375046714" lon="7.101048387699439">
      <ele>801.9</ele></trkpt>
      <trkpt lat="46.58230489413348" lon="7.101057342370493">
      <ele>800.9</ele></trkpt>
      <trkpt lat="46.58226583940251" lon="7.101046705112715">
      <ele>799.6</ele></trkpt>
      <trkpt lat="46.58218470077073" lon="7.101008032293931">
      <ele>798.4</ele></trkpt>
      <trkpt lat="46.58207793860648" lon="7.100934698104577">
      <ele>797.1</ele></trkpt>
      <trkpt lat="46.58197573485651" lon="7.100878765978084">
      <ele>795.9</ele></trkpt>
      <trkpt lat="46.58189601841319" lon="7.100816157351123">
      <ele>794.6</ele></trkpt>
      <trkpt lat="46.5818132779992" lon="7.100747018428084">
      <ele>793.3</ele></trkpt>
      <trkpt lat="46.58173216513489" lon="7.100717061295434">
      <ele>792.1</ele></trkpt>
      <trkpt lat="46.58158947529916" lon="7.100674429291032">
      <ele>790.8</ele></trkpt>
      <trkpt lat="46.58147381438722" lon="7.1006338074372275">
      <ele>789.6</ele></trkpt>
      <trkpt lat="46.58134907783304" lon="7.100569289212938">
      <ele>788.3</ele></trkpt>
      <trkpt lat="46.58124388226931" lon="7.100517708628563">
      <ele>787.0</ele></trkpt>
      <trkpt lat="46.581189760878495" lon="7.100483225991132">
      <ele>785.8</ele></trkpt>
      <trkpt lat="46.58112810494558" lon="7.1004379228818095">
      <ele>784.5</ele></trkpt>
      <trkpt lat="46.581113031811526" lon="7.10041188520772">
      <ele>783.3</ele></trkpt>
      <trkpt lat="46.58111140419197" lon="7.1003727301784565">
      <ele>782.0</ele></trkpt>
      <trkpt lat="46.58113231814799" lon="7.100342136157475">
      <ele>780.7</ele></trkpt>
      <trkpt lat="46.58118920477293" lon="7.100296079020674">
      <ele>779.5</ele></trkpt>
      <trkpt lat="46.581291107361956" lon="7.100247561533288">
      <ele>778.2</ele></trkpt>
      <trkpt lat="46.58134650857608" lon="7.10021021541853">
      <ele>777.0</ele></trkpt>
      <trkpt lat="46.58135688846979" lon="7.100164461905981">
      <ele>775.7</ele></trkpt>
      <trkpt lat="46.58134627563274" lon="7.100131873083002">
      <ele>774.6</ele></trkpt>
      <trkpt lat="46.581322201977954" lon="7.1001102752940675">
      <ele>773.6</ele></trkpt>
      <trkpt lat="46.58125463646479" lon="7.100095459781574">
      <ele>772.5</ele></trkpt>
      <trkpt lat="46.5811345009244" lon="7.100065735043953">
      <ele>771.4</ele></trkpt>
      <trkpt lat="46.58102941126237" lon="7.10004680999401">
      <ele>770.3</ele></trkpt>
      <trkpt lat="46.58085079236938" lon="7.1000283320766435">
      <ele>769.2</ele></trkpt>
      <trkpt lat="46.58071565632677" lon="7.1000030720845375">
      <ele>768.2</ele></trkpt>
      <trkpt lat="46.580627290453556" lon="7.09998746075968">
      <ele>767.1</ele></trkpt>
      <trkpt lat="46.580561020515574" lon="7.099975742486843">
      <ele>766.0</ele></trkpt>
      <trkpt lat="46.58054897522619" lon="7.099960592915032">
      <ele>765.0</ele></trkpt>
      <trkpt lat="46.5805548884761" lon="7.099934424295215">
      <ele>763.9</ele></trkpt>
      <trkpt lat="46.580592266295355" lon="7.0998863367149605">
      <ele>762.8</ele></trkpt>
      <trkpt lat="46.58063405405845" lon="7.099811750605944">
      <ele>761.7</ele></trkpt>
      <trkpt lat="46.58069250554344" lon="7.099687079761788">
      <ele>760.7</ele></trkpt>
      <trkpt lat="46.58071753957719" lon="7.099620321718995">
      <ele>759.6</ele></trkpt>
      <trkpt lat="46.58074051748329" lon="7.099509584438388">
      <ele>758.5</ele></trkpt>
      <trkpt lat="46.58076115603282" lon="7.099371555851697">
      <ele>757.4</ele></trkpt>
      <trkpt lat="46.580769109211396" lon="7.099308518509613">
      <ele>756.4</ele></trkpt>
      <trkpt lat="46.58078223761466" lon="7.099180034585232">
      <ele>755.3</ele></trkpt>
      <trkpt lat="46.58080165082369" lon="7.099153076572902">
      <ele>754.2</ele></trkpt>
      <trkpt lat="46.58082546085992" lon="7.099098289285701">
      <ele>753.1</ele></trkpt>
      <trkpt lat="46.58085431683797" lon="7.099016164359075">
      <ele>752.1</ele></trkpt>
      <trkpt lat="46.58088139107831" lon="7.098906731544992">
      <ele>751.0</ele></trkpt>
      <trkpt lat="46.58092726314568" lon="7.09878725231204">
      <ele>750.0</ele></trkpt>
      <trkpt lat="46.58096981323003" lon="7.0987000834304945">
      <ele>748.9</ele></trkpt>
      <trkpt lat="46.58102603950531" lon="7.098607844769477">
      <ele>747.8</ele></trkpt>
      <trkpt lat="46.581112974525226" lon="7.098475673650687">
      <ele>746.8</ele></trkpt>
      <trkpt lat="46.58119818974429" lon="7.0983460178287485">
      <ele>745.7</ele></trkpt>
      <trkpt lat="46.58126292164957" lon="7.098231389455488">
      <ele>744.7</ele></trkpt>
      <trkpt lat="46.58141618982529" lon="7.097954766951749">
      <ele>743.6</ele></trkpt>
      <trkpt lat="46.581612034815" lon="7.0976034052221975">
      <ele>742.5</ele></trkpt>
      <trkpt lat="46.58170907783103" lon="7.097416554605618">
      <ele>741.5</ele></trkpt>
      <trkpt lat="46.58182144784421" lon="7.097202274106319">
      <ele>740.4</ele></trkpt>
      <trkpt lat="46.58196964576598" lon="7.0969455608217435">
      <ele>739.4</ele></trkpt>
      <trkpt lat="46.582158768833295" lon="7.0966364271013855">
      <ele>738.3</ele></trkpt>
      <trkpt lat="46.58229508801034" lon="7.096414555136115">
      <ele>737.2</ele></trkpt>
      <trkpt lat="46.58234276370601" lon="7.096327349749169">
      <ele>736.2</ele></trkpt>
      <trkpt lat="46.582369968262455" lon="7.096265088520189">
      <ele>735.1</ele></trkpt>
      <trkpt lat="46.58238859416096" lon="7.096197923778263">
      <ele>734.1</ele></trkpt>
      <trkpt lat="46.582402056754084" lon="7.096115892358487">
      <ele>733.0</ele></trkpt>
      <trkpt lat="46.58242028038365" lon="7.095912131241649">
      <ele>731.9</ele></trkpt>
      <trkpt lat="46.58243836906614" lon="7.0956636989629835">
      <ele>730.7</ele></trkpt>
      <trkpt lat="46.582443025006505" lon="7.0955072134930735">
      <ele>729.6</ele></trkpt>
      <trkpt lat="46.58244102390403" lon="7.095410380572805">
      <ele>728.4</ele></trkpt>
      <trkpt lat="46.582432145685026" lon="7.09530614163177">
      <ele>727.3</ele></trkpt>
      <trkpt lat="46.58242152823333" lon="7.09519197218553">
      <ele>726.1</ele></trkpt>
      <trkpt lat="46.58242125096813" lon="7.095100086111434">
      <ele>725.0</ele></trkpt>
      <trkpt lat="46.582426140065" lon="7.09501810880768">
      <ele>723.8</ele></trkpt>
      <trkpt lat="46.58244640088125" lon="7.09492361339731">
      <ele>722.7</ele></trkpt>
      <trkpt lat="46.582471843043805" lon="7.0948439843283735">
      <ele>721.5</ele></trkpt>
      <trkpt lat="46.58250588637877" lon="7.094776720992534">
      <ele>720.4</ele></trkpt>
      <trkpt lat="46.58256897905476" lon="7.094689402773019">
      <ele>719.3</ele></trkpt>
      <trkpt lat="46.58263208522161" lon="7.094609546999371">
      <ele>718.1</ele></trkpt>
      <trkpt lat="46.582638844165636" lon="7.09460167598201">
      <ele>717.0</ele></trkpt>
      <trkpt lat="46.58266158761319" lon="7.094480457560358">
      <ele>715.8</ele></trkpt>
      <trkpt lat="46.58268042459253" lon="7.094340659221543">
      <ele>714.7</ele></trkpt>
      <trkpt lat="46.58269163444399" lon="7.094225098018068">
      <ele>713.5</ele></trkpt>
      <trkpt lat="46.58270927268539" lon="7.09411138761631">
      <ele>712.4</ele></trkpt>
      <trkpt lat="46.58272445417436" lon="7.094033062562565">
      <ele>711.2</ele></trkpt>
      <trkpt lat="46.582751188124455" lon="7.093958395252515">
      <ele>710.1</ele></trkpt>
      <trkpt lat="46.582789490228876" lon="7.09388365416499">
      <ele>709.7</ele></trkpt>
      <trkpt lat="46.58281775863644" lon="7.0938909237751435">
      <ele>709.2</ele></trkpt>
      <trkpt lat="46.58285502818598" lon="7.093900001738497">
      <ele>708.8</ele></trkpt>
      <trkpt lat="46.58291547813849" lon="7.09392940248133">
      <ele>708.3</ele></trkpt>
      <trkpt lat="46.58298365082052" lon="7.093966216881471">
      <ele>707.9</ele></trkpt>
      <trkpt lat="46.58306985288655" lon="7.094021547441124">
      <ele>707.5</ele></trkpt>
      <trkpt lat="46.58316639881009" lon="7.094097308942887">
      <ele>707.0</ele></trkpt>
      <trkpt lat="46.58327068418397" lon="7.094186029200054">
      <ele>706.6</ele></trkpt>
      <trkpt lat="46.58333989874051" lon="7.094237202182776">
      <ele>706.1</ele></trkpt>
      <trkpt lat="46.58345030960032" lon="7.094064149387332">
      <ele>705.7</ele></trkpt>
      <trkpt lat="46.58346027798367" lon="7.094049682086269">
      <ele>705.3</ele></trkpt>
      <trkpt lat="46.583666245121506" lon="7.093694040262418">
      <ele>704.8</ele></trkpt>
      <trkpt lat="46.58372563150118" lon="7.093693048474073">
      <ele>704.4</ele></trkpt>
      <trkpt lat="46.583765481739334" lon="7.093707707171653">
      <ele>703.9</ele></trkpt>
      <trkpt lat="46.58381053607564" lon="7.0937446692257655">
      <ele>703.5</ele></trkpt>
      <trkpt lat="46.58387105376875" lon="7.093796419462201">
      <ele>703.1</ele></trkpt>
      <trkpt lat="46.58394188615053" lon="7.0938648956512225">
      <ele>702.6</ele></trkpt>
      <trkpt lat="46.584001165936314" lon="7.093929701105165">
      <ele>702.2</ele></trkpt>
      <trkpt lat="46.5840913759575" lon="7.0940371563490014">
      <ele>701.7</ele></trkpt>
      <trkpt lat="46.58418161741645" lon="7.094152061652846">
      <ele>701.3</ele></trkpt>
      <trkpt lat="46.58431955882623" lon="7.094328115827143">
      <ele>701.2</ele></trkpt>
      <trkpt lat="46.584457443678815" lon="7.094485552929892">
      <ele>701.1</ele></trkpt>
      <trkpt lat="46.58454499939381" lon="7.094563227070979">
      <ele>701.0</ele></trkpt>
      <trkpt lat="46.584631201162175" lon="7.09461856017825">
      <ele>700.9</ele></trkpt>
      <trkpt lat="46.58470962171484" lon="7.094644143025919">
      <ele>700.8</ele></trkpt>
      <trkpt lat="46.58478798480817" lon="7.094656666005203">
      <ele>700.8</ele></trkpt>
      <trkpt lat="46.58484193868995" lon="7.094661920290475">
      <ele>700.7</ele></trkpt>
      <trkpt lat="46.58491384865164" lon="7.094661463151561">
      <ele>700.6</ele></trkpt>
      <trkpt lat="46.58497546660848" lon="7.094651755662703">
      <ele>700.5</ele></trkpt>
      <trkpt lat="46.58503832817556" lon="7.0946308717388336">
      <ele>700.4</ele></trkpt>
      <trkpt lat="46.58514733646675" lon="7.094579881173074">
      <ele>700.3</ele></trkpt>
      <trkpt lat="46.5853242830257" lon="7.094491208042635">
      <ele>700.2</ele></trkpt>
      <trkpt lat="46.58544993287759" lon="7.0944252239577">
      <ele>700.1</ele></trkpt>
      <trkpt lat="46.58551144275045" lon="7.094385729496671">
      <ele>700.0</ele></trkpt>
      <trkpt lat="46.58555755568105" lon="7.094344467131843">
      <ele>700.0</ele></trkpt>
      <trkpt lat="46.585594661779034" lon="7.0942995173947">
      <ele>699.9</ele></trkpt>
      <trkpt lat="46.585662434284934" lon="7.094204087456909">
      <ele>699.8</ele></trkpt>
      <trkpt lat="46.585804381623745" lon="7.0940094805931775">
      <ele>699.7</ele></trkpt>
      <trkpt lat="46.585896479711295" lon="7.093887825979744">
      <ele>699.6</ele></trkpt>
      <trkpt lat="46.58597063516752" lon="7.093779319812509">
      <ele>699.5</ele></trkpt>
      <trkpt lat="46.586029400477585" lon="7.0936802274261375">
      <ele>699.9</ele></trkpt>
      <trkpt lat="46.5860791882015" lon="7.093581192075978">
      <ele>700.3</ele></trkpt>
      <trkpt lat="46.5861429429136" lon="7.093433634799811">
      <ele>700.7</ele></trkpt>
      <trkpt lat="46.58617222429667" lon="7.093347777475821">
      <ele>701.1</ele></trkpt>
      <trkpt lat="46.58619635449441" lon="7.093260074084655">
      <ele>701.5</ele></trkpt>
      <trkpt lat="46.58621094208017" lon="7.09318483981436">
      <ele>701.9</ele></trkpt>
      <trkpt lat="46.58622029012833" lon="7.093105320204746">
      <ele>702.3</ele></trkpt>
      <trkpt lat="46.586223882437" lon="7.093023345238948">
      <ele>702.7</ele></trkpt>
      <trkpt lat="46.586220781423165" lon="7.092846426444945">
      <ele>703.1</ele></trkpt>
      <trkpt lat="46.58621126627061" lon="7.09266952258686">
      <ele>703.5</ele></trkpt>
      <trkpt lat="46.586198782280256" lon="7.092513331279056">
      <ele>704.0</ele></trkpt>
      <trkpt lat="46.586183952632936" lon="7.092384555011286">
      <ele>704.4</ele></trkpt>
      <trkpt lat="46.58616514013882" lon="7.09228612691945">
      <ele>704.8</ele></trkpt>
      <trkpt lat="46.58614044163234" lon="7.0921838353546045">
      <ele>705.2</ele></trkpt>
      <trkpt lat="46.58611835115375" lon="7.092102024931368">
      <ele>705.6</ele></trkpt>
      <trkpt lat="46.586098887687804" lon="7.092035098080469">
      <ele>706.0</ele></trkpt>
      <trkpt lat="46.58606147624772" lon="7.091979468037639">
      <ele>706.4</ele></trkpt>
      <trkpt lat="46.58596213828114" lon="7.091829222659139">
      <ele>706.8</ele></trkpt>
      <trkpt lat="46.58589631062202" lon="7.091717892493369">
      <ele>707.2</ele></trkpt>
      <trkpt lat="46.58584202975479" lon="7.091608354335204">
      <ele>707.6</ele></trkpt>
      <trkpt lat="46.585804481773145" lon="7.09150801191664">
      <ele>708.1</ele></trkpt>
      <trkpt lat="46.58576818360556" lon="7.0913927613721945">
      <ele>708.6</ele></trkpt>
      <trkpt lat="46.58573824464489" lon="7.091262569921122">
      <ele>709.1</ele></trkpt>
      <trkpt lat="46.585714745360896" lon="7.091137921579021">
      <ele>709.5</ele></trkpt>
      <trkpt lat="46.585701550534026" lon="7.091020657255074">
      <ele>710.0</ele></trkpt>
      <trkpt lat="46.58569217727965" lon="7.0908940786209165">
      <ele>710.5</ele></trkpt>
      <trkpt lat="46.58568082379847" lon="7.090728892224291">
      <ele>711.0</ele></trkpt>
      <trkpt lat="46.58567771932858" lon="7.090628511843089">
      <ele>711.5</ele></trkpt>
      <trkpt lat="46.585676274130215" lon="7.090470659705918">
      <ele>712.0</ele></trkpt>
      <trkpt lat="46.585674995451775" lon="7.09036730581744">
      <ele>712.5</ele></trkpt>
      <trkpt lat="46.58566883093255" lon="7.09024301609654">
      <ele>712.9</ele></trkpt>
      <trkpt lat="46.58566273083337" lon="7.090136875025454">
      <ele>713.4</ele></trkpt>
      <trkpt lat="46.58565366568469" lon="7.0900084158077625">
      <ele>713.9</ele></trkpt>
      <trkpt lat="46.58564851081738" lon="7.08989669742905">
      <ele>714.4</ele></trkpt>
      <trkpt lat="46.58564931540612" lon="7.089842206001598">
      <ele>714.9</ele></trkpt>
      <trkpt lat="46.58563377732514" lon="7.0898032029028215">
      <ele>715.4</ele></trkpt>
      <trkpt lat="46.58561341420786" lon="7.089757237496547">
      <ele>715.8</ele></trkpt>
      <trkpt lat="46.585566809108585" lon="7.089637384013853">
      <ele>716.3</ele></trkpt>
      <trkpt lat="46.58554007678609" lon="7.089564947404215">
      <ele>716.8</ele></trkpt>
      <trkpt lat="46.58551809395456" lon="7.089507119446711">
      <ele>717.3</ele></trkpt>
      <trkpt lat="46.58548815434607" lon="7.089456597257942">
      <ele>717.6</ele></trkpt>
      <trkpt lat="46.58546883407493" lon="7.089407533133633">
      <ele>718.0</ele></trkpt>
      <trkpt lat="46.58545564850058" lon="7.0893085230416695">
      <ele>718.3</ele></trkpt>
      <trkpt lat="46.585441504842166" lon="7.08920219958089">
      <ele>718.7</ele></trkpt>
      <trkpt lat="46.585436189889116" lon="7.089141145881191">
      <ele>719.0</ele></trkpt>
      <trkpt lat="46.58544777754926" lon="7.089132759825294">
      <ele>719.3</ele></trkpt>
      <trkpt lat="46.58546612453993" lon="7.089151912366679">
      <ele>719.7</ele></trkpt>
      <trkpt lat="46.585479621634974" lon="7.089156013414264">
      <ele>720.0</ele></trkpt>
      <trkpt lat="46.585490205079495" lon="7.089154562028534">
      <ele>720.4</ele></trkpt>
      <trkpt lat="46.58550656435515" lon="7.089147449890513">
      <ele>720.7</ele></trkpt>
      <trkpt lat="46.585525794118304" lon="7.089134760996619">
      <ele>721.0</ele></trkpt>
      <trkpt lat="46.58555364791912" lon="7.089109438645146">
      <ele>721.4</ele></trkpt>
      <trkpt lat="46.58566984559831" lon="7.0889983324674155">
      <ele>721.7</ele></trkpt>
      <trkpt lat="46.58578024616187" lon="7.0888830619877075">
      <ele>722.1</ele></trkpt>
      <trkpt lat="46.58583831785964" lon="7.0888230985964835">
      <ele>722.4</ele></trkpt>
      <trkpt lat="46.585898807961044" lon="7.088750972185493">
      <ele>722.7</ele></trkpt>
      <trkpt lat="46.585909946750526" lon="7.088731185330964">
      <ele>723.1</ele></trkpt>
      <trkpt lat="46.58599331407566" lon="7.0886155928630865">
      <ele>723.4</ele></trkpt>
      <trkpt lat="46.586017503303054" lon="7.088562893853693">
      <ele>723.8</ele></trkpt>
      <trkpt lat="46.58601543729267" lon="7.088540465415894">
      <ele>724.1</ele></trkpt>
      <trkpt lat="46.58597313582774" lon="7.088533367255835">
      <ele>725.8</ele></trkpt>
      <trkpt lat="46.58593650682367" lon="7.088525032028576">
      <ele>727.5</ele></trkpt>
      <trkpt lat="46.585905456012" lon="7.088505283267261">
      <ele>729.2</ele></trkpt>
      <trkpt lat="46.58584628836998" lon="7.0884340743980525">
      <ele>730.9</ele></trkpt>
      <trkpt lat="46.58573998975689" lon="7.0882947758254415">
      <ele>732.6</ele></trkpt>
      <trkpt lat="46.58571187637665" lon="7.088259077264395">
      <ele>734.4</ele></trkpt>
      <trkpt lat="46.58565571337814" lon="7.088161650128946">
      <ele>736.1</ele></trkpt>
      <trkpt lat="46.585629539309416" lon="7.088110138645585">
      <ele>737.8</ele></trkpt>
      <trkpt lat="46.585606231629306" lon="7.088048823043024">
      <ele>739.5</ele></trkpt>
      <trkpt lat="46.58556063112457" lon="7.08793736708384">
      <ele>741.2</ele></trkpt>
      <trkpt lat="46.58550830067116" lon="7.0878343183541075">
      <ele>742.9</ele></trkpt>
      <trkpt lat="46.58545119204406" lon="7.08774249550181">
      <ele>744.6</ele></trkpt>
      <trkpt lat="46.58541735246531" lon="7.087699410575193">
      <ele>746.3</ele></trkpt>
      <trkpt lat="46.58536953499299" lon="7.087653859080291">
      <ele>748.0</ele></trkpt>
      <trkpt lat="46.585311546989466" lon="7.0875890504599495">
      <ele>749.8</ele></trkpt>
      <trkpt lat="46.585270280024865" lon="7.087535302033302">
      <ele>751.5</ele></trkpt>
      <trkpt lat="46.585260513550686" lon="7.087518716950186">
      <ele>753.2</ele></trkpt>
      <trkpt lat="46.58524188477202" lon="7.087487041382204">
      <ele>754.9</ele></trkpt>
      <trkpt lat="46.58522118724084" lon="7.087435038412666">
      <ele>756.6</ele></trkpt>
      <trkpt lat="46.58519261307641" lon="7.0873346417551595">
      <ele>758.3</ele></trkpt>
      <trkpt lat="46.5851458768001" lon="7.08716729976496">
      <ele>759.6</ele></trkpt>
      <trkpt lat="46.585122505356026" lon="7.087085501193416">
      <ele>760.8</ele></trkpt>
      <trkpt lat="46.58507324461047" lon="7.086936820684091">
      <ele>762.1</ele></trkpt>
      <trkpt lat="46.58501492233181" lon="7.086763983540481">
      <ele>763.4</ele></trkpt>
      <trkpt lat="46.58495268887798" lon="7.0865744064267115">
      <ele>764.7</ele></trkpt>
      <trkpt lat="46.58491125506247" lon="7.086461060164314">
      <ele>765.9</ele></trkpt>
      <trkpt lat="46.584878925443846" lon="7.086388636332493">
      <ele>767.2</ele></trkpt>
      <trkpt lat="46.58481294506026" lon="7.0862326029719505">
      <ele>768.5</ele></trkpt>
      <trkpt lat="46.58476380177128" lon="7.086119307488839">
      <ele>769.8</ele></trkpt>
      <trkpt lat="46.58471030812767" lon="7.085989770644016">
      <ele>771.0</ele></trkpt>
      <trkpt lat="46.58470836985901" lon="7.085956473653212">
      <ele>772.3</ele></trkpt>
      <trkpt lat="46.58471104822278" lon="7.085932488400668">
      <ele>773.6</ele></trkpt>
      <trkpt lat="46.58464222838175" lon="7.085844437623713">
      <ele>774.9</ele></trkpt>
      <trkpt lat="46.58458292154484" lon="7.085766593189949">
      <ele>776.1</ele></trkpt>
      <trkpt lat="46.58451347245622" lon="7.0856468161438055">
      <ele>777.4</ele></trkpt>
      <trkpt lat="46.58449900199769" lon="7.085621859925386">
      <ele>778.7</ele></trkpt>
      <trkpt lat="46.58442020969394" lon="7.085477093644112">
      <ele>780.0</ele></trkpt>
      <trkpt lat="46.584359469207214" lon="7.085348975520254">
      <ele>781.2</ele></trkpt>
      <trkpt lat="46.584301242829234" lon="7.085207807159296">
      <ele>782.5</ele></trkpt>
      <trkpt lat="46.58425457803053" lon="7.085070281988009">
      <ele>783.8</ele></trkpt>
      <trkpt lat="46.58418454321178" lon="7.084849095106442">
      <ele>784.6</ele></trkpt>
      <trkpt lat="46.58412092497943" lon="7.08462601412526">
      <ele>785.5</ele></trkpt>
      <trkpt lat="46.584072869421306" lon="7.084449383819848">
      <ele>786.3</ele></trkpt>
      <trkpt lat="46.58402622108637" lon="7.0843174439215195">
      <ele>787.2</ele></trkpt>
      <trkpt lat="46.58395376610312" lon="7.084142839778128">
      <ele>788.0</ele></trkpt>
      <trkpt lat="46.58387873237041" lon="7.083966400322366">
      <ele>788.9</ele></trkpt>
      <trkpt lat="46.583836500167926" lon="7.08386326630931">
      <ele>789.8</ele></trkpt>
      <trkpt lat="46.58377471910054" lon="7.083719358246272">
      <ele>790.6</ele></trkpt>
      <trkpt lat="46.583769658656315" lon="7.0837062530866906">
      <ele>791.4</ele></trkpt>
      <trkpt lat="46.58375467663918" lon="7.0836673929607255">
      <ele>792.3</ele></trkpt>
      <trkpt lat="46.58373220415705" lon="7.083563138178074">
      <ele>793.1</ele></trkpt>
      <trkpt lat="46.583661483554785" lon="7.08320677992909">
      <ele>794.0</ele></trkpt>
      <trkpt lat="46.58363413560502" lon="7.083062398911848">
      <ele>794.8</ele></trkpt>
      <trkpt lat="46.58361255549881" lon="7.08293586753891">
      <ele>795.7</ele></trkpt>
      <trkpt lat="46.58358917637028" lon="7.0827461093838195">
      <ele>796.5</ele></trkpt>
      <trkpt lat="46.583585438156675" lon="7.082715734509106">
      <ele>797.4</ele></trkpt>
      <trkpt lat="46.5835746378169" lon="7.082639167609869">
      <ele>798.2</ele></trkpt>
      <trkpt lat="46.5835717864449" lon="7.082570220054191">
      <ele>799.1</ele></trkpt>
      <trkpt lat="46.58358345970518" lon="7.082503081767718">
      <ele>799.9</ele></trkpt>
      <trkpt lat="46.58359912389881" lon="7.082443575758977">
      <ele>800.8</ele></trkpt>
      <trkpt lat="46.5836236425929" lon="7.082338973213667">
      <ele>801.1</ele></trkpt>
      <trkpt lat="46.583679827053146" lon="7.082223228614065">
      <ele>801.4</ele></trkpt>
      <trkpt lat="46.58373134402234" lon="7.08209930795499">
      <ele>801.7</ele></trkpt>
      <trkpt lat="46.58375595348632" lon="7.082038137930287">
      <ele>802.1</ele></trkpt>
      <trkpt lat="46.58376300966006" lon="7.082013432555488">
      <ele>802.4</ele></trkpt>
      <trkpt lat="46.58376347369342" lon="7.081986396066121">
      <ele>802.7</ele></trkpt>
      <trkpt lat="46.58375902556743" lon="7.081964936940102">
      <ele>803.0</ele></trkpt>
      <trkpt lat="46.58375098962666" lon="7.081946815411566">
      <ele>803.3</ele></trkpt>
      <trkpt lat="46.58373450876755" lon="7.081914984958087">
      <ele>803.6</ele></trkpt>
      <trkpt lat="46.58371007605387" lon="7.08187177777097">
      <ele>804.0</ele></trkpt>
      <trkpt lat="46.58364929407407" lon="7.0817632883041775">
      <ele>804.3</ele></trkpt>
      <trkpt lat="46.58363357712171" lon="7.081728373837442">
      <ele>804.6</ele></trkpt>
      <trkpt lat="46.58361783176239" lon="7.081681534631436">
      <ele>804.9</ele></trkpt>
      <trkpt lat="46.583552014100945" lon="7.081470477403519">
      <ele>805.2</ele></trkpt>
      <trkpt lat="46.58351730258215" lon="7.0813538318235665">
      <ele>805.5</ele></trkpt>
      <trkpt lat="46.58347729859189" lon="7.081233398591885">
      <ele>805.8</ele></trkpt>
      <trkpt lat="46.58344525864704" lon="7.081128243078685">
      <ele>806.2</ele></trkpt>
      <trkpt lat="46.58341188718906" lon="7.081017342789349">
      <ele>806.5</ele></trkpt>
      <trkpt lat="46.58336261740203" lon="7.080891217603134">
      <ele>806.8</ele></trkpt>
      <trkpt lat="46.583312085389245" lon="7.080784266911601">
      <ele>807.1</ele></trkpt>
      <trkpt lat="46.583265541360916" lon="7.080686853417489">
      <ele>806.7</ele></trkpt>
      <trkpt lat="46.58321640968272" lon="7.0805990336314615">
      <ele>806.4</ele></trkpt>
      <trkpt lat="46.58318902389766" lon="7.08055519464698">
      <ele>806.0</ele></trkpt>
      <trkpt lat="46.58315677828992" lon="7.080522112404387">
      <ele>805.6</ele></trkpt>
      <trkpt lat="46.58314268995038" lon="7.080510319941775">
      <ele>805.3</ele></trkpt>
      <trkpt lat="46.583113458004576" lon="7.080485854832615">
      <ele>804.9</ele></trkpt>
      <trkpt lat="46.58306495507849" lon="7.080423511820994">
      <ele>804.5</ele></trkpt>
      <trkpt lat="46.58306185340584" lon="7.08042123610769">
      <ele>804.2</ele></trkpt>
      <trkpt lat="46.5830123164721" lon="7.080381927737147">
      <ele>803.8</ele></trkpt>
      <trkpt lat="46.58295456290206" lon="7.080350058350155">
      <ele>803.5</ele></trkpt>
      <trkpt lat="46.58288615578966" lon="7.080323060805349">
      <ele>803.1</ele></trkpt>
      <trkpt lat="46.582810381368034" lon="7.080296112117726">
      <ele>802.7</ele></trkpt>
      <trkpt lat="46.58270201095672" lon="7.080264826061391">
      <ele>802.4</ele></trkpt>
      <trkpt lat="46.58262093477048" lon="7.080242544258386">
      <ele>802.0</ele></trkpt>
      <trkpt lat="46.5826281219054" lon="7.08019384532396">
      <ele>801.6</ele></trkpt>
      <trkpt lat="46.582635750363345" lon="7.080191028879906">
      <ele>801.3</ele></trkpt>
      <trkpt lat="46.58266271324036" lon="7.080186218671019">
      <ele>800.9</ele></trkpt>
      <trkpt lat="46.582669808455165" lon="7.08017689542312">
      <ele>800.5</ele></trkpt>
      <trkpt lat="46.58267561476552" lon="7.080163914571289">
      <ele>800.2</ele></trkpt>
      <trkpt lat="46.5826856063944" lon="7.080145961265268">
      <ele>799.8</ele></trkpt>
      <trkpt lat="46.58268723641842" lon="7.08013796584625">
      <ele>799.0</ele></trkpt>
      <trkpt lat="46.58269627705274" lon="7.080106541522372">
      <ele>798.1</ele></trkpt>
      <trkpt lat="46.582697910936645" lon="7.080099772471132">
      <ele>797.3</ele></trkpt>
      <trkpt lat="46.58276440045418" lon="7.079900694637583">
      <ele>796.4</ele></trkpt>
      <trkpt lat="46.582770521639155" lon="7.079882023247472">
      <ele>795.6</ele></trkpt>
      <trkpt lat="46.58282533419631" lon="7.079719970870553">
      <ele>794.7</ele></trkpt>
      <trkpt lat="46.58283593965558" lon="7.0796913019372045">
      <ele>793.9</ele></trkpt>
      <trkpt lat="46.5828457762207" lon="7.0796470210701266">
      <ele>793.0</ele></trkpt>
      <trkpt lat="46.58285289540015" lon="7.079582561763107">
      <ele>792.2</ele></trkpt>
      <trkpt lat="46.58285306934224" lon="7.079526485440985">
      <ele>791.3</ele></trkpt>
      <trkpt lat="46.58284886753539" lon="7.079480601623234">
      <ele>790.5</ele></trkpt>
      <trkpt lat="46.58283760507802" lon="7.079429324166865">
      <ele>789.7</ele></trkpt>
      <trkpt lat="46.58281933824403" lon="7.079379084792599">
      <ele>788.8</ele></trkpt>
      <trkpt lat="46.58280503939821" lon="7.0793462365732065">
      <ele>788.0</ele></trkpt>
      <trkpt lat="46.58277856482757" lon="7.079306241304007">
      <ele>787.1</ele></trkpt>
      <trkpt lat="46.58274317266938" lon="7.079265339837287">
      <ele>786.3</ele></trkpt>
      <trkpt lat="46.582691986252776" lon="7.079222273194377">
      <ele>785.4</ele></trkpt>
      <trkpt lat="46.58264828231587" lon="7.0791899987810805">
      <ele>784.6</ele></trkpt>
      <trkpt lat="46.58257901907946" lon="7.0791455128640335">
      <ele>783.7</ele></trkpt>
      <trkpt lat="46.58249913783146" lon="7.07910574224338">
      <ele>782.9</ele></trkpt>
      <trkpt lat="46.58242435795127" lon="7.07907762768627">
      <ele>782.4</ele></trkpt>
      <trkpt lat="46.58231411213765" lon="7.079025155906432">
      <ele>781.9</ele></trkpt>
      <trkpt lat="46.582268959501455" lon="7.079004163824132">
      <ele>781.4</ele></trkpt>
      <trkpt lat="46.58223329053695" lon="7.078995268226545">
      <ele>780.9</ele></trkpt>
      <trkpt lat="46.582182921772706" lon="7.078980403653239">
      <ele>780.4</ele></trkpt>
      <trkpt lat="46.58214096982617" lon="7.078973089349585">
      <ele>779.8</ele></trkpt>
      <trkpt lat="46.58211161334435" lon="7.078974797882533">
      <ele>779.3</ele></trkpt>
      <trkpt lat="46.58206133105884" lon="7.078987304584165">
      <ele>778.8</ele></trkpt>
      <trkpt lat="46.58199007060951" lon="7.078996884737376">
      <ele>778.3</ele></trkpt>
      <trkpt lat="46.581920900758945" lon="7.0790019107610185">
      <ele>777.8</ele></trkpt>
      <trkpt lat="46.58186686031376" lon="7.0789979776014125">
      <ele>777.3</ele></trkpt>
      <trkpt lat="46.58185937744174" lon="7.078930133005605">
      <ele>776.8</ele></trkpt>
      <trkpt lat="46.581857104139004" lon="7.078868333490687">
      <ele>776.3</ele></trkpt>
      <trkpt lat="46.5818397394664" lon="7.078810456977203">
      <ele>775.8</ele></trkpt>
      <trkpt lat="46.581887702745334" lon="7.078778630562701">
      <ele>775.2</ele></trkpt>
      <trkpt lat="46.58187412111276" lon="7.078730839974069">
      <ele>774.7</ele></trkpt>
      <trkpt lat="46.58186047570791" lon="7.078682801948792">
      <ele>774.2</ele></trkpt>
      <trkpt lat="46.58184049874481" lon="7.078612457311119">
      <ele>773.7</ele></trkpt>
      <trkpt lat="46.58178860608262" lon="7.078448598703666">
      <ele>773.2</ele></trkpt>
      <trkpt lat="46.5817600125867" lon="7.078361664222921">
      <ele>772.7</ele></trkpt>
      <trkpt lat="46.58171873902813" lon="7.078236183494768">
      <ele>772.9</ele></trkpt>
      <trkpt lat="46.581666797680136" lon="7.078057126741826">
      <ele>773.1</ele></trkpt>
      <trkpt lat="46.581640299372" lon="7.077961515811692">
      <ele>773.3</ele></trkpt>
      <trkpt lat="46.58162645921656" lon="7.0778947055554955">
      <ele>773.5</ele></trkpt>
      <trkpt lat="46.58161998408505" lon="7.077838492175924">
      <ele>773.8</ele></trkpt>
      <trkpt lat="46.58161772425079" lon="7.077786803930667">
      <ele>774.0</ele></trkpt>
      <trkpt lat="46.58162171368599" lon="7.077722914663029">
      <ele>774.2</ele></trkpt>
      <trkpt lat="46.5816361050607" lon="7.077631597457154">
      <ele>774.4</ele></trkpt>
      <trkpt lat="46.58165473231722" lon="7.077556977571193">
      <ele>774.6</ele></trkpt>
      <trkpt lat="46.58167240764535" lon="7.077511235939757">
      <ele>774.8</ele></trkpt>
      <trkpt lat="46.58170470091375" lon="7.077445644264516">
      <ele>775.0</ele></trkpt>
      <trkpt lat="46.58178292990692" lon="7.077318909782165">
      <ele>775.2</ele></trkpt>
      <trkpt lat="46.58184550229742" lon="7.077213584550939">
      <ele>775.4</ele></trkpt>
      <trkpt lat="46.581873613809215" lon="7.077154100124919">
      <ele>775.6</ele></trkpt>
      <trkpt lat="46.58189231318401" lon="7.077102284676509">
      <ele>775.9</ele></trkpt>
      <trkpt lat="46.5819109725067" lon="7.077032204248144">
      <ele>776.1</ele></trkpt>
      <trkpt lat="46.581930578759355" lon="7.076948731646291">
      <ele>776.3</ele></trkpt>
      <trkpt lat="46.58195264373663" lon="7.0768548705063345">
      <ele>776.5</ele></trkpt>
      <trkpt lat="46.58195478282784" lon="7.076746739109446">
      <ele>776.7</ele></trkpt>
      <trkpt lat="46.581957936729445" lon="7.076638105143838">
      <ele>776.9</ele></trkpt>
      <trkpt lat="46.58195853874194" lon="7.076493649254667">
      <ele>777.0</ele></trkpt>
      <trkpt lat="46.58195416849705" lon="7.076440448413063">
      <ele>777.1</ele></trkpt>
      <trkpt lat="46.58194668304938" lon="7.076394887642447">
      <ele>777.2</ele></trkpt>
      <trkpt lat="46.58193606787566" lon="7.0763524007395695">
      <ele>777.3</ele></trkpt>
      <trkpt lat="46.581922328351745" lon="7.076317501791811">
      <ele>777.4</ele></trkpt>
      <trkpt lat="46.581906503351064" lon="7.076288735672586">
      <ele>777.4</ele></trkpt>
      <trkpt lat="46.581884418807626" lon="7.076266078146109">
      <ele>777.5</ele></trkpt>
      <trkpt lat="46.58183925526063" lon="7.076238995857603">
      <ele>777.6</ele></trkpt>
      <trkpt lat="46.58176153789626" lon="7.076195445119883">
      <ele>777.7</ele></trkpt>
      <trkpt lat="46.58171007267453" lon="7.07616689176579">
      <ele>777.8</ele></trkpt>
      <trkpt lat="46.58164177205853" lon="7.076117159333709">
      <ele>777.9</ele></trkpt>
      <trkpt lat="46.58153772553444" lon="7.076037281260684">
      <ele>778.0</ele></trkpt>
      <trkpt lat="46.58149151367653" lon="7.076008706016313">
      <ele>778.1</ele></trkpt>
      <trkpt lat="46.58149980058509" lon="7.075978239134083">
      <ele>778.2</ele></trkpt>
      <trkpt lat="46.58152287469014" lon="7.075981124323055">
      <ele>778.2</ele></trkpt>
      <trkpt lat="46.58159106876407" lon="7.075997392907252">
      <ele>778.3</ele></trkpt>
      <trkpt lat="46.58165086036539" lon="7.076010678001807">
      <ele>778.4</ele></trkpt>
      <trkpt lat="46.58170435857157" lon="7.076019439013056">
      <ele>778.5</ele></trkpt>
      <trkpt lat="46.58173055690687" lon="7.076014710209814">
      <ele>778.6</ele></trkpt>
      <trkpt lat="46.58175045767357" lon="7.076006970714034">
      <ele>778.7</ele></trkpt>
      <trkpt lat="46.58176510021441" lon="7.0759977400053815">
      <ele>777.1</ele></trkpt>
      <trkpt lat="46.58177553153213" lon="7.075982470869936">
      <ele>775.6</ele></trkpt>
      <trkpt lat="46.58178588949881" lon="7.075941357003879">
      <ele>774.0</ele></trkpt>
      <trkpt lat="46.58180230331928" lon="7.0758302338553145">
      <ele>772.4</ele></trkpt>
      <trkpt lat="46.581824897650144" lon="7.0756826170984874">
      <ele>770.9</ele></trkpt>
      <trkpt lat="46.581827721183295" lon="7.075580717566935">
      <ele>769.3</ele></trkpt>
      <trkpt lat="46.58183687616998" lon="7.075492474423298">
      <ele>767.7</ele></trkpt>
      <trkpt lat="46.5818708857248" lon="7.07530826343611">
      <ele>766.1</ele></trkpt>
      <trkpt lat="46.581908950966415" lon="7.075081467023669">
      <ele>764.6</ele></trkpt>
      <trkpt lat="46.581963627048694" lon="7.074802841918508">
      <ele>763.0</ele></trkpt>
      <trkpt lat="46.581994637835116" lon="7.074665800650845">
      <ele>761.4</ele></trkpt>
      <trkpt lat="46.58202666267908" lon="7.074519606728228">
      <ele>759.9</ele></trkpt>
      <trkpt lat="46.582043264177635" lon="7.074464764472652">
      <ele>758.3</ele></trkpt>
      <trkpt lat="46.58209939122493" lon="7.074336386276469">
      <ele>756.7</ele></trkpt>
      <trkpt lat="46.58211683956668" lon="7.074298824974829">
      <ele>755.1</ele></trkpt>
      <trkpt lat="46.582147945410874" lon="7.074256292238998">
      <ele>753.6</ele></trkpt>
      <trkpt lat="46.58219307791947" lon="7.074133036692369">
      <ele>752.0</ele></trkpt>
      <trkpt lat="46.5822375469902" lon="7.074004905958744">
      <ele>750.4</ele></trkpt>
      <trkpt lat="46.582241109629635" lon="7.074002207386049">
      <ele>748.9</ele></trkpt>
      <trkpt lat="46.58225053219357" lon="7.073995059552593">
      <ele>747.3</ele></trkpt>
      <trkpt lat="46.582267891144504" lon="7.073991406928148">
      <ele>747.2</ele></trkpt>
      <trkpt lat="46.582273916196364" lon="7.073954261598219">
      <ele>747.1</ele></trkpt>
      <trkpt lat="46.58228323797934" lon="7.073929697124412">
      <ele>747.1</ele></trkpt>
      <trkpt lat="46.58230443227092" lon="7.073896154782848">
      <ele>747.0</ele></trkpt>
      <trkpt lat="46.582334568459" lon="7.073854254444714">
      <ele>746.9</ele></trkpt>
      <trkpt lat="46.582356536960916" lon="7.073823707560536">
      <ele>746.8</ele></trkpt>
      <trkpt lat="46.58239294508379" lon="7.073771197026082">
      <ele>746.7</ele></trkpt>
      <trkpt lat="46.58236727734496" lon="7.073736561525845">
      <ele>746.7</ele></trkpt>
      <trkpt lat="46.58234174168959" lon="7.073695427917915">
      <ele>746.6</ele></trkpt>
      <trkpt lat="46.582335511595865" lon="7.07368542398827">
      <ele>746.5</ele></trkpt>
      <trkpt lat="46.58231283372104" lon="7.073649020143399">
      <ele>746.4</ele></trkpt>
      <trkpt lat="46.58228480369512" lon="7.073584654274328">
      <ele>746.3</ele></trkpt>
      <trkpt lat="46.58224070521045" lon="7.073485966753048">
      <ele>746.3</ele></trkpt>
      <trkpt lat="46.582197895887184" lon="7.07339097593925">
      <ele>746.2</ele></trkpt>
      <trkpt lat="46.582229041922645" lon="7.07336387654213">
      <ele>746.1</ele></trkpt>
      <trkpt lat="46.58232722662061" lon="7.073261997588896">
      <ele>746.0</ele></trkpt>
      <trkpt lat="46.58241591019325" lon="7.073182035667628">
      <ele>745.9</ele></trkpt>
      <trkpt lat="46.58248001871974" lon="7.073122057462455">
      <ele>745.9</ele></trkpt>
      <trkpt lat="46.58258363690421" lon="7.0730062721935765">
      <ele>745.8</ele></trkpt>
      <trkpt lat="46.582695448646284" lon="7.07288445567682">
      <ele>745.7</ele></trkpt>
      </trkseg>
  </trk>
</gpx>