<?xml version='1.0' encoding='utf-8'?>
<gpx xmlns="http://www.topografix.com/GPX/1/1" xmlns:xsi="http://www.w3.org/2001/XMLSchema-instance" xsi:schemaLocation="http://www.topografix.com/GPX/1/1 http://www.topografix.com/GPX/1/1/gpx.xsd" version="1.1" creator="gpx.py -- https://github.com/tkrajina/gpxpy">
  <trk>
    <name>piz-beverin-glaspass</name>
    <trkseg>
      <trkpt lat="46.677782532027976" lon="9.35051780268008">
      <ele>1834.7</ele></trkpt>
    <trkpt lat="46.67766928398243" lon="9.350547115357223">
      <ele>1834.8</ele></trkpt>
      <trkpt lat="46.67763585329614" lon="9.350538675388064">
      <ele>1835.0</ele></trkpt>
      <trkpt lat="46.677611132182015" lon="9.350522229246229">
      <ele>1835.1</ele></trkpt>
      <trkpt lat="46.67759295359372" lon="9.35049875912084">
      <ele>1835.3</ele></trkpt>
      <trkpt lat="46.67757220281342" lon="9.35045858158772">
      <ele>1835.4</ele></trkpt>
      <trkpt lat="46.67754798595337" lon="9.350412071445547">
      <ele>1835.6</ele></trkpt>
      <trkpt lat="46.67752281516959" lon="9.35038005211061">
      <ele>1835.7</ele></trkpt>
      <trkpt lat="46.677478680408825" lon="9.350360656758822">
      <ele>1835.8</ele></trkpt>
      <trkpt lat="46.67744778862894" lon="9.350358033004797">
      <ele>1836.0</ele></trkpt>
      <trkpt lat="46.677347468927344" lon="9.350349917150986">
      <ele>1836.1</ele></trkpt>
      <trkpt lat="46.677270501196446" lon="9.350354041457472">
      <ele>1836.3</ele></trkpt>
      <trkpt lat="46.67718338149612" lon="9.350378135193713">
      <ele>1836.4</ele></trkpt>
      <trkpt lat="46.677096652669896" lon="9.350403602320368">
      <ele>1836.6</ele></trkpt>
      <trkpt lat="46.67702882231388" lon="9.35043751736069">
      <ele>1836.7</ele></trkpt>
      <trkpt lat="46.67693217316025" lon="9.35048684461239">
      <ele>1836.9</ele></trkpt>
      <trkpt lat="46.67688621241014" lon="9.35053017552901">
      <ele>1837.0</ele></trkpt>
      <trkpt lat="46.676856878102" lon="9.350540379434516">
      <ele>1837.9</ele></trkpt>
      <trkpt lat="46.67681334930417" lon="9.350580345059427">
      <ele>1838.7</ele></trkpt>
      <trkpt lat="46.676793427951274" lon="9.350596935265964">
      <ele>1839.6</ele></trkpt>
      <trkpt lat="46.676757975340436" lon="9.350617302522654">
      <ele>1840.4</ele></trkpt>
      <trkpt lat="46.67671934794484" lon="9.350684241724565">
      <ele>1841.3</ele></trkpt>
      <trkpt lat="46.676678297086205" lon="9.350754572449487">
      <ele>1842.2</ele></trkpt>
      <trkpt lat="46.6766663407632" lon="9.350793054720974">
      <ele>1843.0</ele></trkpt>
      <trkpt lat="46.67665185714479" lon="9.350804647390001">
      <ele>1843.9</ele></trkpt>
      <trkpt lat="46.676612239869186" lon="9.350860321393624">
      <ele>1844.7</ele></trkpt>
      <trkpt lat="46.676581152186344" lon="9.350939633135672">
      <ele>1845.6</ele></trkpt>
      <trkpt lat="46.67655350842992" lon="9.351061450033859">
      <ele>1846.5</ele></trkpt>
      <trkpt lat="46.676540131756134" lon="9.351149180746196">
      <ele>1847.3</ele></trkpt>
      <trkpt lat="46.67651440908698" lon="9.351227819502562">
      <ele>1848.2</ele></trkpt>
      <trkpt lat="46.67647951879892" lon="9.351320840618985">
      <ele>1849.0</ele></trkpt>
      <trkpt lat="46.67646344765839" lon="9.351462951490426">
      <ele>1849.9</ele></trkpt>
      <trkpt lat="46.676444849240724" lon="9.351578172758792">
      <ele>1850.8</ele></trkpt>
      <trkpt lat="46.676421708831185" lon="9.35175116006409">
      <ele>1851.6</ele></trkpt>
      <trkpt lat="46.676388019646055" lon="9.351843360444747">
      <ele>1852.5</ele></trkpt>
      <trkpt lat="46.67635707624997" lon="9.35191403509143">
      <ele>1853.3</ele></trkpt>
      <trkpt lat="46.67633592142443" lon="9.352004091118944">
      <ele>1854.2</ele></trkpt>
      <trkpt lat="46.676319886752225" lon="9.352072692578801">
      <ele>1855.0</ele></trkpt>
      <trkpt lat="46.67628378110851" lon="9.352131941123643">
      <ele>1855.8</ele></trkpt>
      <trkpt lat="46.67625489362455" lon="9.352186268543155">
      <ele>1856.5</ele></trkpt>
      <trkpt lat="46.6762496127554" lon="9.352252662637822">
      <ele>1857.3</ele></trkpt>
      <trkpt lat="46.676241644040246" lon="9.352337119961698">
      <ele>1858.1</ele></trkpt>
      <trkpt lat="46.67622004058157" lon="9.352418505344966">
      <ele>1858.9</ele></trkpt>
      <trkpt lat="46.67619296733166" lon="9.352577520825072">
      <ele>1859.7</ele></trkpt>
      <trkpt lat="46.67616877193801" lon="9.352671782632282">
      <ele>1860.4</ele></trkpt>
      <trkpt lat="46.67615795529742" lon="9.35278381449976">
      <ele>1861.2</ele></trkpt>
      <trkpt lat="46.676147829752075" lon="9.352855226626948">
      <ele>1862.0</ele></trkpt>
      <trkpt lat="46.67611466215452" lon="9.352916317392276">
      <ele>1862.8</ele></trkpt>
      <trkpt lat="46.676082279501536" lon="9.35310799663305">
      <ele>1863.6</ele></trkpt>
      <trkpt lat="46.67605671336176" lon="9.35321258941225">
      <ele>1864.3</ele></trkpt>
      <trkpt lat="46.67602775293469" lon="9.353271227562626">
      <ele>1865.1</ele></trkpt>
      <trkpt lat="46.67601069381595" lon="9.3534366501672">
      <ele>1865.9</ele></trkpt>
      <trkpt lat="46.67599927917548" lon="9.353514069079297">
      <ele>1866.7</ele></trkpt>
      <trkpt lat="46.675972213506434" lon="9.35360131268257">
      <ele>1867.5</ele></trkpt>
      <trkpt lat="46.67596230521454" lon="9.353659763681414">
      <ele>1868.2</ele></trkpt>
      <trkpt lat="46.6759529221753" lon="9.353750144580466">
      <ele>1869.0</ele></trkpt>
      <trkpt lat="46.67592832505037" lon="9.353775078007248">
      <ele>1869.8</ele></trkpt>
      <trkpt lat="46.67589712315831" lon="9.353846604632766">
      <ele>1870.9</ele></trkpt>
      <trkpt lat="46.675867507842135" lon="9.353908853341263">
      <ele>1872.0</ele></trkpt>
      <trkpt lat="46.675853545736274" lon="9.353932229231155">
      <ele>1873.1</ele></trkpt>
      <trkpt lat="46.67583509000452" lon="9.354010430732018">
      <ele>1874.1</ele></trkpt>
      <trkpt lat="46.6758217601379" lon="9.354039019001934">
      <ele>1875.2</ele></trkpt>
      <trkpt lat="46.67578827341327" lon="9.354076226071108">
      <ele>1876.3</ele></trkpt>
      <trkpt lat="46.67576205806768" lon="9.354106422556669">
      <ele>1877.4</ele></trkpt>
      <trkpt lat="46.67575000983439" lon="9.354143344523536">
      <ele>1878.5</ele></trkpt>
      <trkpt lat="46.67572312730374" lon="9.35417040590786">
      <ele>1879.6</ele></trkpt>
      <trkpt lat="46.67571207303368" lon="9.354233312977149">
      <ele>1880.7</ele></trkpt>
      <trkpt lat="46.675681825257385" lon="9.354290348849672">
      <ele>1881.7</ele></trkpt>
      <trkpt lat="46.67562296870142" lon="9.354307973988753">
      <ele>1882.8</ele></trkpt>
      <trkpt lat="46.67558249001154" lon="9.354336631274093">
      <ele>1883.9</ele></trkpt>
      <trkpt lat="46.675547124219925" lon="9.354358214503357">
      <ele>1885.0</ele></trkpt>
      <trkpt lat="46.675538162260416" lon="9.354381754537188">
      <ele>1886.1</ele></trkpt>
      <trkpt lat="46.675549700884865" lon="9.354417447946142">
      <ele>1887.2</ele></trkpt>
      <trkpt lat="46.67558392930531" lon="9.354505820194086">
      <ele>1888.2</ele></trkpt>
      <trkpt lat="46.67559121777477" lon="9.35458183666154">
      <ele>1889.3</ele></trkpt>
      <trkpt lat="46.67558108302264" lon="9.354632317619169">
      <ele>1890.4</ele></trkpt>
      <trkpt lat="46.67555161124137" lon="9.354728821755266">
      <ele>1891.5</ele></trkpt>
      <trkpt lat="46.67550696513539" lon="9.354835153922274">
      <ele>1893.2</ele></trkpt>
      <trkpt lat="46.675471207635276" lon="9.354965659578795">
      <ele>1895.0</ele></trkpt>
      <trkpt lat="46.67544043643481" lon="9.355053802833641">
      <ele>1896.8</ele></trkpt>
      <trkpt lat="46.67539654422947" lon="9.355243174260757">
      <ele>1898.5</ele></trkpt>
      <trkpt lat="46.67535295648178" lon="9.355413888103145">
      <ele>1900.2</ele></trkpt>
      <trkpt lat="46.67531836686149" lon="9.355474912869802">
      <ele>1902.0</ele></trkpt>
      <trkpt lat="46.67529796138618" lon="9.355541644303678">
      <ele>1903.8</ele></trkpt>
      <trkpt lat="46.67526909534107" lon="9.355559287223565">
      <ele>1905.5</ele></trkpt>
      <trkpt lat="46.67523886887025" lon="9.355572750782049">
      <ele>1907.2</ele></trkpt>
      <trkpt lat="46.67518837683753" lon="9.35564462314127">
      <ele>1909.0</ele></trkpt>
      <trkpt lat="46.6751624924601" lon="9.35565511643468">
      <ele>1910.8</ele></trkpt>
      <trkpt lat="46.67513108510454" lon="9.35561146192727">
      <ele>1912.5</ele></trkpt>
      <trkpt lat="46.675091961914376" lon="9.35560177120562">
      <ele>1914.2</ele></trkpt>
      <trkpt lat="46.675041997709556" lon="9.35559999672412">
      <ele>1916.0</ele></trkpt>
      <trkpt lat="46.6749994612577" lon="9.355580850816466">
      <ele>1917.8</ele></trkpt>
      <trkpt lat="46.67495647607703" lon="9.355546119294232">
      <ele>1919.5</ele></trkpt>
      <trkpt lat="46.6749094238907" lon="9.355541336961473">
      <ele>1921.2</ele></trkpt>
      <trkpt lat="46.67488185438305" lon="9.355579262471343">
      <ele>1923.0</ele></trkpt>
      <trkpt lat="46.67485212367917" lon="9.355646707957503">
      <ele>1924.8</ele></trkpt>
      <trkpt lat="46.674819495971256" lon="9.355678283377474">
      <ele>1926.5</ele></trkpt>
      <trkpt lat="46.67478064245725" lon="9.355706591684871">
      <ele>1927.6</ele></trkpt>
      <trkpt lat="46.674717485003065" lon="9.355727931768769">
      <ele>1928.7</ele></trkpt>
      <trkpt lat="46.67465197290654" lon="9.355730376513009">
      <ele>1929.8</ele></trkpt>
      <trkpt lat="46.67457615004487" lon="9.355737030491133">
      <ele>1930.9</ele></trkpt>
      <trkpt lat="46.67452871416341" lon="9.35575505933226">
      <ele>1932.0</ele></trkpt>
      <trkpt lat="46.674497733518024" lon="9.35577056129585">
      <ele>1933.1</ele></trkpt>
      <trkpt lat="46.67447545422664" lon="9.355779103883041">
      <ele>1934.2</ele></trkpt>
      <trkpt lat="46.67447054145542" lon="9.355773739534918">
      <ele>1935.3</ele></trkpt>
      <trkpt lat="46.67447884579201" lon="9.355747052458723">
      <ele>1936.4</ele></trkpt>
      <trkpt lat="46.674477263684366" lon="9.35571379163944">
      <ele>1937.5</ele></trkpt>
      <trkpt lat="46.67449998381801" lon="9.355636776843633">
      <ele>1938.5</ele></trkpt>
      <trkpt lat="46.67451396824437" lon="9.355569831466067">
      <ele>1939.6</ele></trkpt>
      <trkpt lat="46.674536762349305" lon="9.355531213711256">
      <ele>1940.7</ele></trkpt>
      <trkpt lat="46.67453580337904" lon="9.355503164856529">
      <ele>1941.8</ele></trkpt>
      <trkpt lat="46.67451246054069" lon="9.355489877606523">
      <ele>1942.9</ele></trkpt>
      <trkpt lat="46.67445583968926" lon="9.355501357860755">
      <ele>1944.0</ele></trkpt>
      <trkpt lat="46.67440383519657" lon="9.355535826911888">
      <ele>1945.1</ele></trkpt>
      <trkpt lat="46.67435863524437" lon="9.355547712692058">
      <ele>1946.2</ele></trkpt>
      <trkpt lat="46.674312415663906" lon="9.355535691587972">
      <ele>1947.3</ele></trkpt>
      <trkpt lat="46.67427215065919" lon="9.355509358270073">
      <ele>1948.4</ele></trkpt>
      <trkpt lat="46.67422565687185" lon="9.355520060776882">
      <ele>1949.5</ele></trkpt>
      <trkpt lat="46.674186871427395" lon="9.355525598804498">
      <ele>1950.6</ele></trkpt>
      <trkpt lat="46.674135007993385" lon="9.35556612528581">
      <ele>1951.7</ele></trkpt>
      <trkpt lat="46.67408422084303" lon="9.355571014810087">
      <ele>1952.7</ele></trkpt>
      <trkpt lat="46.67402796409186" lon="9.355560846556857">
      <ele>1953.8</ele></trkpt>
      <trkpt lat="46.673941042984076" lon="9.35553828156807">
      <ele>1954.9</ele></trkpt>
      <trkpt lat="46.67389961509493" lon="9.35547408825479">
      <ele>1956.0</ele></trkpt>
      <trkpt lat="46.67382764849652" lon="9.355448877892139">
      <ele>1957.1</ele></trkpt>
      <trkpt lat="46.6737555199553" lon="9.35543329628733">
      <ele>1958.2</ele></trkpt>
      <trkpt lat="46.673667483651506" lon="9.35547168825744">
      <ele>1959.2</ele></trkpt>
      <trkpt lat="46.67359982425153" lon="9.355502829526232">
      <ele>1960.3</ele></trkpt>
      <trkpt lat="46.673495071203014" lon="9.35546513422117">
      <ele>1961.4</ele></trkpt>
      <trkpt lat="46.67343724094073" lon="9.355424399250502">
      <ele>1962.5</ele></trkpt>
      <trkpt lat="46.67339099281312" lon="9.355390533425345">
      <ele>1963.6</ele></trkpt>
      <trkpt lat="46.67330979069162" lon="9.355405114669528">
      <ele>1964.7</ele></trkpt>
      <trkpt lat="46.67324938841149" lon="9.3553883679129">
      <ele>1965.8</ele></trkpt>
      <trkpt lat="46.673196162350926" lon="9.355328541093026">
      <ele>1966.8</ele></trkpt>
      <trkpt lat="46.67314566080051" lon="9.35529451139914">
      <ele>1967.9</ele></trkpt>
      <trkpt lat="46.67309924171734" lon="9.355270274122974">
      <ele>1969.0</ele></trkpt>
      <trkpt lat="46.67299975830232" lon="9.35523598252308">
      <ele>1970.1</ele></trkpt>
      <trkpt lat="46.672952709933185" lon="9.355187630741229">
      <ele>1970.9</ele></trkpt>
      <trkpt lat="46.67290811640672" lon="9.35512171859216">
      <ele>1971.6</ele></trkpt>
      <trkpt lat="46.672843568767675" lon="9.355040587872416">
      <ele>1972.4</ele></trkpt>
      <trkpt lat="46.67281266161396" lon="9.354983227471726">
      <ele>1973.1</ele></trkpt>
      <trkpt lat="46.672760676373485" lon="9.354913811332404">
      <ele>1973.9</ele></trkpt>
      <trkpt lat="46.67272728731489" lon="9.354875618426952">
      <ele>1974.7</ele></trkpt>
      <trkpt lat="46.67270374509788" lon="9.354823343356948">
      <ele>1975.4</ele></trkpt>
      <trkpt lat="46.67266811685677" lon="9.35479148953413">
      <ele>1976.2</ele></trkpt>
      <trkpt lat="46.67261773198339" lon="9.354751046357572">
      <ele>1976.9</ele></trkpt>
      <trkpt lat="46.67253848125968" lon="9.35465812637744">
      <ele>1977.7</ele></trkpt>
      <trkpt lat="46.67248130685822" lon="9.354522695129734">
      <ele>1978.5</ele></trkpt>
      <trkpt lat="46.67241159561482" lon="9.354439853073451">
      <ele>1979.2</ele></trkpt>
      <trkpt lat="46.67236540125794" lon="9.354379218850703">
      <ele>1980.0</ele></trkpt>
      <trkpt lat="46.672317060777324" lon="9.354323136112336">
      <ele>1980.7</ele></trkpt>
      <trkpt lat="46.67228527649658" lon="9.354314190957687">
      <ele>1981.5</ele></trkpt>
      <trkpt lat="46.67223375781646" lon="9.354312284162415">
      <ele>1982.3</ele></trkpt>
      <trkpt lat="46.67215555670382" lon="9.354331953694322">
      <ele>1983.0</ele></trkpt>
      <trkpt lat="46.672097149014206" lon="9.354365162443528">
      <ele>1983.8</ele></trkpt>
      <trkpt lat="46.6720410469853" lon="9.354388073709924">
      <ele>1984.5</ele></trkpt>
      <trkpt lat="46.67199240807957" lon="9.354392569799812">
      <ele>1985.3</ele></trkpt>
      <trkpt lat="46.67193190773387" lon="9.354380043388534">
      <ele>1986.2</ele></trkpt>
      <trkpt lat="46.67184757139136" lon="9.35434073612815">
      <ele>1987.1</ele></trkpt>
      <trkpt lat="46.671774769465856" lon="9.354295616048724">
      <ele>1988.0</ele></trkpt>
      <trkpt lat="46.671716082377685" lon="9.35426033041299">
      <ele>1988.8</ele></trkpt>
      <trkpt lat="46.67163383833848" lon="9.35418165954797">
      <ele>1989.7</ele></trkpt>
      <trkpt lat="46.67153784112874" lon="9.35411392579515">
      <ele>1990.6</ele></trkpt>
      <trkpt lat="46.671465479266" lon="9.354084377521179">
      <ele>1991.5</ele></trkpt>
      <trkpt lat="46.671408274229954" lon="9.354046033788002">
      <ele>1992.4</ele></trkpt>
      <trkpt lat="46.67135143095003" lon="9.354028461186573">
      <ele>1993.3</ele></trkpt>
      <trkpt lat="46.67129555981843" lon="9.353995341401083">
      <ele>1994.2</ele></trkpt>
      <trkpt lat="46.671267303721756" lon="9.353976704800395">
      <ele>1995.0</ele></trkpt>
      <trkpt lat="46.671218790901236" lon="9.353931401766722">
      <ele>1995.9</ele></trkpt>
      <trkpt lat="46.67118543026595" lon="9.353918806327439">
      <ele>1996.8</ele></trkpt>
      <trkpt lat="46.671142047862546" lon="9.3538653848063">
      <ele>1997.7</ele></trkpt>
      <trkpt lat="46.67110415767646" lon="9.353824615716501">
      <ele>1998.6</ele></trkpt>
      <trkpt lat="46.67107644183069" lon="9.353773828603753">
      <ele>1999.5</ele></trkpt>
      <trkpt lat="46.67100349541069" lon="9.353694456602431">
      <ele>2000.3</ele></trkpt>
      <trkpt lat="46.67094398908773" lon="9.353707914040134">
      <ele>2001.2</ele></trkpt>
      <trkpt lat="46.670898833211844" lon="9.353717723728932">
      <ele>2002.1</ele></trkpt>
      <trkpt lat="46.67083293190625" lon="9.353728875820941">
      <ele>2003.0</ele></trkpt>
      <trkpt lat="46.67076599324747" lon="9.353717154683249">
      <ele>2004.0</ele></trkpt>
      <trkpt lat="46.67072354361664" lon="9.353692825378012">
      <ele>2005.0</ele></trkpt>
      <trkpt lat="46.67065714086638" lon="9.353691515365082">
      <ele>2006.0</ele></trkpt>
      <trkpt lat="46.67059905117925" lon="9.353663507133474">
      <ele>2007.0</ele></trkpt>
      <trkpt lat="46.67053219044977" lon="9.353646612490312">
      <ele>2008.0</ele></trkpt>
      <trkpt lat="46.670463618184044" lon="9.353584311422974">
      <ele>2009.0</ele></trkpt>
      <trkpt lat="46.670428862548114" lon="9.353569588489531">
      <ele>2010.0</ele></trkpt>
      <trkpt lat="46.67036606998869" lon="9.353608863561588">
      <ele>2011.0</ele></trkpt>
      <trkpt lat="46.670311728998875" lon="9.353612125270125">
      <ele>2012.0</ele></trkpt>
      <trkpt lat="46.67023817369832" lon="9.353654129445225">
      <ele>2013.0</ele></trkpt>
      <trkpt lat="46.67019544526309" lon="9.353646391522004">
      <ele>2014.1</ele></trkpt>
      <trkpt lat="46.67012751736772" lon="9.353651236495752">
      <ele>2015.1</ele></trkpt>
      <trkpt lat="46.670070342985525" lon="9.353653364973555">
      <ele>2016.1</ele></trkpt>
      <trkpt lat="46.6700284386882" lon="9.353639421158084">
      <ele>2017.1</ele></trkpt>
      <trkpt lat="46.66995743774943" lon="9.35369916233256">
      <ele>2018.1</ele></trkpt>
      <trkpt lat="46.66990914334493" lon="9.35372546140184">
      <ele>2019.1</ele></trkpt>
      <trkpt lat="46.66982952407615" lon="9.353745459696405">
      <ele>2020.1</ele></trkpt>
      <trkpt lat="46.669784939224506" lon="9.353763589839017">
      <ele>2021.1</ele></trkpt>
      <trkpt lat="46.66973291283466" lon="9.353756554678387">
      <ele>2022.1</ele></trkpt>
      <trkpt lat="46.66968364558821" lon="9.353713304741955">
      <ele>2023.1</ele></trkpt>
      <trkpt lat="46.6696618055464" lon="9.353707497402297">
      <ele>2023.7</ele></trkpt>
      <trkpt lat="46.66963534775653" lon="9.353688402455226">
      <ele>2024.2</ele></trkpt>
      <trkpt lat="46.66962064970508" lon="9.353642052341208">
      <ele>2024.8</ele></trkpt>
      <trkpt lat="46.669588256711315" lon="9.353550984389909">
      <ele>2025.4</ele></trkpt>
      <trkpt lat="46.66957717222596" lon="9.353502174382987">
      <ele>2026.0</ele></trkpt>
      <trkpt lat="46.66957013704043" lon="9.353424972971602">
      <ele>2026.5</ele></trkpt>
      <trkpt lat="46.669558820280805" lon="9.353389984402241">
      <ele>2027.1</ele></trkpt>
      <trkpt lat="46.66954325268567" lon="9.35336003445026">
      <ele>2027.7</ele></trkpt>
      <trkpt lat="46.66953294869185" lon="9.35333546058928">
      <ele>2028.3</ele></trkpt>
      <trkpt lat="46.66953036405597" lon="9.353312023252757">
      <ele>2028.8</ele></trkpt>
      <trkpt lat="46.669534239075176" lon="9.353294004410323">
      <ele>2029.4</ele></trkpt>
      <trkpt lat="46.66954056984322" lon="9.353271746006286">
      <ele>2030.0</ele></trkpt>
      <trkpt lat="46.66953905592851" lon="9.35325527453079">
      <ele>2030.6</ele></trkpt>
      <trkpt lat="46.669541237485575" lon="9.353232006240692">
      <ele>2031.1</ele></trkpt>
      <trkpt lat="46.669551303667994" lon="9.35319950155327">
      <ele>2031.7</ele></trkpt>
      <trkpt lat="46.66955629639403" lon="9.353114949267589">
      <ele>2032.3</ele></trkpt>
      <trkpt lat="46.669552887635675" lon="9.353069862472323">
      <ele>2032.9</ele></trkpt>
      <trkpt lat="46.669544777955565" lon="9.353056607957607">
      <ele>2033.4</ele></trkpt>
      <trkpt lat="46.66952894890797" lon="9.353042216970211">
      <ele>2034.0</ele></trkpt>
      <trkpt lat="46.66951257000088" lon="9.35302520526805">
      <ele>2034.6</ele></trkpt>
      <trkpt lat="46.6695077272759" lon="9.352994773069847">
      <ele>2036.1</ele></trkpt>
      <trkpt lat="46.669498668411514" lon="9.352966779513665">
      <ele>2037.5</ele></trkpt>
      <trkpt lat="46.66949199264511" lon="9.352938870476542">
      <ele>2039.0</ele></trkpt>
      <trkpt lat="46.66949286336692" lon="9.352887033768855">
      <ele>2040.4</ele></trkpt>
      <trkpt lat="46.66949414809767" lon="9.352846440132156">
      <ele>2041.9</ele></trkpt>
      <trkpt lat="46.66949338761098" lon="9.352820466301415">
      <ele>2043.3</ele></trkpt>
      <trkpt lat="46.66949973276841" lon="9.352797345655194">
      <ele>2044.8</ele></trkpt>
      <trkpt lat="46.66950693804674" lon="9.352757837735284">
      <ele>2046.2</ele></trkpt>
      <trkpt lat="46.66952025804306" lon="9.352673567679059">
      <ele>2047.7</ele></trkpt>
      <trkpt lat="46.66951640060719" lon="9.352619824796223">
      <ele>2049.1</ele></trkpt>
      <trkpt lat="46.66950075237346" lon="9.35252608347184">
      <ele>2050.6</ele></trkpt>
      <trkpt lat="46.66948480502839" lon="9.352454971376302">
      <ele>2052.1</ele></trkpt>
      <trkpt lat="46.66943201034449" lon="9.352408486784771">
      <ele>2053.5</ele></trkpt>
      <trkpt lat="46.669425570156065" lon="9.352324209046156">
      <ele>2055.0</ele></trkpt>
      <trkpt lat="46.66937696730899" lon="9.352199026325364">
      <ele>2056.4</ele></trkpt>
      <trkpt lat="46.669300200244976" lon="9.35209151151654">
      <ele>2057.9</ele></trkpt>
      <trkpt lat="46.66927525977021" lon="9.35200346729967">
      <ele>2059.3</ele></trkpt>
      <trkpt lat="46.669235979433594" lon="9.352003120741578">
      <ele>2060.8</ele></trkpt>
      <trkpt lat="46.669169333197495" lon="9.35201631345439">
      <ele>2062.2</ele></trkpt>
      <trkpt lat="46.669067516343155" lon="9.35199714967822">
      <ele>2063.7</ele></trkpt>
      <trkpt lat="46.66900458504095" lon="9.352044720957737">
      <ele>2064.9</ele></trkpt>
      <trkpt lat="46.66897171726502" lon="9.352045634300568">
      <ele>2066.1</ele></trkpt>
      <trkpt lat="46.668919008389324" lon="9.352121579633945">
      <ele>2067.3</ele></trkpt>
      <trkpt lat="46.66885269836496" lon="9.352157619619174">
      <ele>2068.6</ele></trkpt>
      <trkpt lat="46.668810890858865" lon="9.352077343873349">
      <ele>2069.8</ele></trkpt>
      <trkpt lat="46.6687787420624" lon="9.35200703106807">
      <ele>2071.0</ele></trkpt>
      <trkpt lat="46.668774727493464" lon="9.351962629386115">
      <ele>2072.2</ele></trkpt>
      <trkpt lat="46.66875541870272" lon="9.351921816171128">
      <ele>2073.4</ele></trkpt>
      <trkpt lat="46.66874057774041" lon="9.351841058642595">
      <ele>2074.6</ele></trkpt>
      <trkpt lat="46.6687590089667" lon="9.351764238355916">
      <ele>2075.8</ele></trkpt>
      <trkpt lat="46.66875827179242" lon="9.35169505206069">
      <ele>2077.1</ele></trkpt>
      <trkpt lat="46.66871061036966" lon="9.351640790354997">
      <ele>2078.3</ele></trkpt>
      <trkpt lat="46.66868189381453" lon="9.35159274230012">
      <ele>2079.5</ele></trkpt>
      <trkpt lat="46.66862697260088" lon="9.351517466360502">
      <ele>2080.7</ele></trkpt>
      <trkpt lat="46.668583193571386" lon="9.351459198932027">
      <ele>2081.9</ele></trkpt>
      <trkpt lat="46.66853695109526" lon="9.35143404523727">
      <ele>2083.1</ele></trkpt>
      <trkpt lat="46.66847618173075" lon="9.351423591750539">
      <ele>2084.4</ele></trkpt>
      <trkpt lat="46.6684116921435" lon="9.351407477351376">
      <ele>2085.6</ele></trkpt>
      <trkpt lat="46.66830226148497" lon="9.351345498553266">
      <ele>2086.8</ele></trkpt>
      <trkpt lat="46.66825416797215" lon="9.351317508417383">
      <ele>2088.0</ele></trkpt>
      <trkpt lat="46.668196084946246" lon="9.351260120309076">
      <ele>2089.1</ele></trkpt>
      <trkpt lat="46.668136058139176" lon="9.35120542146838">
      <ele>2090.3</ele></trkpt>
      <trkpt lat="46.66806729866226" lon="9.351160099067016">
      <ele>2091.4</ele></trkpt>
      <trkpt lat="46.66798159524243" lon="9.351159833839636">
      <ele>2092.5</ele></trkpt>
      <trkpt lat="46.66791957094053" lon="9.351167322116433">
      <ele>2093.7</ele></trkpt>
      <trkpt lat="46.66786113991883" lon="9.351130665980822">
      <ele>2094.8</ele></trkpt>
      <trkpt lat="46.66781390686049" lon="9.351108235806286">
      <ele>2095.9</ele></trkpt>
      <trkpt lat="46.66775004377048" lon="9.351054787151305">
      <ele>2097.0</ele></trkpt>
      <trkpt lat="46.66775004377048" lon="9.351054787151305">
      <ele>2098.2</ele></trkpt>
      <trkpt lat="46.667719234803045" lon="9.35101773731218">
      <ele>2099.3</ele></trkpt>
      <trkpt lat="46.66769340301101" lon="9.35102512231733">
      <ele>2100.4</ele></trkpt>
      <trkpt lat="46.66765574487126" lon="9.350998887984066">
      <ele>2101.6</ele></trkpt>
      <trkpt lat="46.66762685158291" lon="9.350961893032435">
      <ele>2102.7</ele></trkpt>
      <trkpt lat="46.667580377069186" lon="9.350950561108785">
      <ele>2103.8</ele></trkpt>
      <trkpt lat="46.66757436497019" lon="9.350968333826481">
      <ele>2104.9</ele></trkpt>
      <trkpt lat="46.66757807806233" lon="9.351030722514507">
      <ele>2106.1</ele></trkpt>
      <trkpt lat="46.6675742903621" lon="9.351085917858054">
      <ele>2107.2</ele></trkpt>
      <trkpt lat="46.6675584621413" lon="9.351121328491812">
      <ele>2108.3</ele></trkpt>
      <trkpt lat="46.66755648814514" lon="9.351182117095872">
      <ele>2109.5</ele></trkpt>
      <trkpt lat="46.66755955854962" lon="9.351226497326202">
      <ele>2110.6</ele></trkpt>
      <trkpt lat="46.66752215760526" lon="9.351241772400492">
      <ele>2111.7</ele></trkpt>
      <trkpt lat="46.667506097370286" lon="9.351291003832582">
      <ele>2112.7</ele></trkpt>
      <trkpt lat="46.667477080900944" lon="9.351317647026406">
      <ele>2113.8</ele></trkpt>
      <trkpt lat="46.66745240417907" lon="9.351369331075166">
      <ele>2114.9</ele></trkpt>
      <trkpt lat="46.66743747363595" lon="9.35140754439984">
      <ele>2115.9</ele></trkpt>
      <trkpt lat="46.66739330196319" lon="9.351429493945409">
      <ele>2117.0</ele></trkpt>
      <trkpt lat="46.667366400908946" lon="9.35144375535363">
      <ele>2118.1</ele></trkpt>
      <trkpt lat="46.66733227919934" lon="9.351490961081472">
      <ele>2119.2</ele></trkpt>
      <trkpt lat="46.667302495166496" lon="9.351506505806595">
      <ele>2120.2</ele></trkpt>
      <trkpt lat="46.66724654534235" lon="9.351548794483769">
      <ele>2121.3</ele></trkpt>
      <trkpt lat="46.66719260395663" lon="9.351585612179878">
      <ele>2122.4</ele></trkpt>
      <trkpt lat="46.667151700721185" lon="9.351582777245234">
      <ele>2123.4</ele></trkpt>
      <trkpt lat="46.66710200406664" lon="9.351593472783623">
      <ele>2124.5</ele></trkpt>
      <trkpt lat="46.66704032072155" lon="9.351636930481591">
      <ele>2125.6</ele></trkpt>
      <trkpt lat="46.66698100786876" lon="9.351652814156305">
      <ele>2126.7</ele></trkpt>
      <trkpt lat="46.6669470957714" lon="9.351704144162259">
      <ele>2127.7</ele></trkpt>
      <trkpt lat="46.66689822956923" lon="9.351732370825097">
      <ele>2128.8</ele></trkpt>
      <trkpt lat="46.66686460276984" lon="9.351773672419398">
      <ele>2129.9</ele></trkpt>
      <trkpt lat="46.6667961180247" lon="9.351881902894412">
      <ele>2130.9</ele></trkpt>
      <trkpt lat="46.666726571102004" lon="9.35194030879855">
      <ele>2132.0</ele></trkpt>
      <trkpt lat="46.66669681025504" lon="9.351954468421532">
      <ele>2133.7</ele></trkpt>
      <trkpt lat="46.66666564083649" lon="9.35199624894537">
      <ele>2135.4</ele></trkpt>
      <trkpt lat="46.6666474169329" lon="9.352003902984448">
      <ele>2137.1</ele></trkpt>
      <trkpt lat="46.666626427625815" lon="9.352062644138776">
      <ele>2138.9</ele></trkpt>
      <trkpt lat="46.66659882855917" lon="9.352061665922452">
      <ele>2140.6</ele></trkpt>
      <trkpt lat="46.666578544628244" lon="9.352078932346531">
      <ele>2142.3</ele></trkpt>
      <trkpt lat="46.66652171857082" lon="9.352060318354182">
      <ele>2144.0</ele></trkpt>
      <trkpt lat="46.666458275304905" lon="9.35203869887076">
      <ele>2145.7</ele></trkpt>
      <trkpt lat="46.666377770177135" lon="9.352012331302781">
      <ele>2147.4</ele></trkpt>
      <trkpt lat="46.66626132805434" lon="9.35197084827736">
      <ele>2149.2</ele></trkpt>
      <trkpt lat="46.66623034282583" lon="9.351944850469929">
      <ele>2150.9</ele></trkpt>
      <trkpt lat="46.66616771328966" lon="9.35193157301788">
      <ele>2152.6</ele></trkpt>
      <trkpt lat="46.66610111747581" lon="9.351927827303607">
      <ele>2154.3</ele></trkpt>
      <trkpt lat="46.6660404319254" lon="9.351911847826466">
      <ele>2156.0</ele></trkpt>
      <trkpt lat="46.66596276507103" lon="9.351943667025735">
      <ele>2157.7</ele></trkpt>
      <trkpt lat="46.665913059837244" lon="9.351970412385617">
      <ele>2159.4</ele></trkpt>
      <trkpt lat="46.66586068742684" lon="9.351965223223607">
      <ele>2161.2</ele></trkpt>
      <trkpt lat="46.66581106245796" lon="9.35198022091382">
      <ele>2162.9</ele></trkpt>
      <trkpt lat="46.665714273908854" lon="9.351982593885928">
      <ele>2164.6</ele></trkpt>
      <trkpt lat="46.66561179768907" lon="9.351959826709713">
      <ele>2166.3</ele></trkpt>
      <trkpt lat="46.665561296224915" lon="9.351949854735746">
      <ele>2168.5</ele></trkpt>
      <trkpt lat="46.66552040815026" lon="9.351973448701532">
      <ele>2170.6</ele></trkpt>
      <trkpt lat="46.66546380166254" lon="9.352005530319587">
      <ele>2172.8</ele></trkpt>
      <trkpt lat="46.66540435933209" lon="9.351998038531107">
      <ele>2174.9</ele></trkpt>
      <trkpt lat="46.66537531766739" lon="9.351981154766172">
      <ele>2177.1</ele></trkpt>
      <trkpt lat="46.66534806340196" lon="9.351988580069735">
      <ele>2179.3</ele></trkpt>
      <trkpt lat="46.66532893649088" lon="9.352013572555142">
      <ele>2181.4</ele></trkpt>
      <trkpt lat="46.66527384736031" lon="9.352007267627137">
      <ele>2183.6</ele></trkpt>
      <trkpt lat="46.66526716918969" lon="9.35204862108099">
      <ele>2185.7</ele></trkpt>
      <trkpt lat="46.66521891726005" lon="9.352031147967834">
      <ele>2187.9</ele></trkpt>
      <trkpt lat="46.66511298648362" lon="9.352042633632024">
      <ele>2190.1</ele></trkpt>
      <trkpt lat="46.66510338123863" lon="9.352050919662938">
      <ele>2192.2</ele></trkpt>
      <trkpt lat="46.66510820908304" lon="9.352081178839617">
      <ele>2194.4</ele></trkpt>
      <trkpt lat="46.66515170640993" lon="9.352116010865325">
      <ele>2196.5</ele></trkpt>
      <trkpt lat="46.6651659039144" lon="9.35214558268534">
      <ele>2198.7</ele></trkpt>
      <trkpt lat="46.66511424960786" lon="9.352157109783118">
      <ele>2200.9</ele></trkpt>
      <trkpt lat="46.6650814910516" lon="9.352157948440654">
      <ele>2203.0</ele></trkpt>
      <trkpt lat="46.66507485691959" lon="9.352193996711156">
      <ele>2205.2</ele></trkpt>
      <trkpt lat="46.665059902003186" lon="9.352208994254768">
      <ele>2207.3</ele></trkpt>
      <trkpt lat="46.66503859640235" lon="9.352204043473202">
      <ele>2209.5</ele></trkpt>
      <trkpt lat="46.66501219708354" lon="9.352223785078841">
      <ele>2210.7</ele></trkpt>
      <trkpt lat="46.66497302219746" lon="9.35224823661735">
      <ele>2211.9</ele></trkpt>
      <trkpt lat="46.664958054834415" lon="9.352224859081282">
      <ele>2213.1</ele></trkpt>
      <trkpt lat="46.664942896188954" lon="9.352212872134423">
      <ele>2214.3</ele></trkpt>
      <trkpt lat="46.66490578725516" lon="9.352233253576882">
      <ele>2215.6</ele></trkpt>
      <trkpt lat="46.66492374261846" lon="9.352277492734759">
      <ele>2216.8</ele></trkpt>
      <trkpt lat="46.664943290173426" lon="9.352306221559697">
      <ele>2218.0</ele></trkpt>
      <trkpt lat="46.66494407247688" lon="9.35233840238364">
      <ele>2219.2</ele></trkpt>
      <trkpt lat="46.66496468605836" lon="9.352344374308618">
      <ele>2220.4</ele></trkpt>
      <trkpt lat="46.66497700006923" lon="9.35236661219474">
      <ele>2221.6</ele></trkpt>
      <trkpt lat="46.66498435040985" lon="9.352405260438589">
      <ele>2222.8</ele></trkpt>
      <trkpt lat="46.665023111022464" lon="9.352444054974644">
      <ele>2224.0</ele></trkpt>
      <trkpt lat="46.66509048005719" lon="9.352490163685781">
      <ele>2225.2</ele></trkpt>
      <trkpt lat="46.66513138536041" lon="9.352520734682804">
      <ele>2226.4</ele></trkpt>
      <trkpt lat="46.66512310622025" lon="9.352574356607017">
      <ele>2227.6</ele></trkpt>
      <trkpt lat="46.665112783659985" lon="9.352591596483864">
      <ele>2228.9</ele></trkpt>
      <trkpt lat="46.6651105693851" lon="9.352603961007162">
      <ele>2230.1</ele></trkpt>
      <trkpt lat="46.66511903817914" lon="9.352616730418397">
      <ele>2231.3</ele></trkpt>
      <trkpt lat="46.66512059951518" lon="9.352642704390123">
      <ele>2232.5</ele></trkpt>
      <trkpt lat="46.665103438598116" lon="9.35266903407483">
      <ele>2233.7</ele></trkpt>
      <trkpt lat="46.66511582209855" lon="9.352687131239435">
      <ele>2235.0</ele></trkpt>
      <trkpt lat="46.66511843898127" lon="9.352768116768939">
      <ele>2236.3</ele></trkpt>
      <trkpt lat="46.665121703723145" lon="9.352850170912463">
      <ele>2237.6</ele></trkpt>
      <trkpt lat="46.665093758683476" lon="9.352920675150465">
      <ele>2238.9</ele></trkpt>
      <trkpt lat="46.6650791641255" lon="9.35295331724667">
      <ele>2240.2</ele></trkpt>
      <trkpt lat="46.665071442601985" lon="9.352974805656983">
      <ele>2241.6</ele></trkpt>
      <trkpt lat="46.665040071053035" lon="9.353011989471055">
      <ele>2242.9</ele></trkpt>
      <trkpt lat="46.66499676877015" lon="9.353004127892563">
      <ele>2244.2</ele></trkpt>
      <trkpt lat="46.66496827678538" lon="9.353028983826654">
      <ele>2245.5</ele></trkpt>
      <trkpt lat="46.664938514645954" lon="9.35304963831764">
      <ele>2246.8</ele></trkpt>
      <trkpt lat="46.66490029591824" lon="9.35309589834842">
      <ele>2248.1</ele></trkpt>
      <trkpt lat="46.66487302497039" lon="9.353166439150847">
      <ele>2249.4</ele></trkpt>
      <trkpt lat="46.66485348099069" lon="9.353176071632106">
      <ele>2250.7</ele></trkpt>
      <trkpt lat="46.66480289400869" lon="9.35328098384687">
      <ele>2252.0</ele></trkpt>
      <trkpt lat="46.66477826441101" lon="9.35331427618737">
      <ele>2253.3</ele></trkpt>
      <trkpt lat="46.66473349513414" lon="9.35335302340462">
      <ele>2254.7</ele></trkpt>
      <trkpt lat="46.66471762174862" lon="9.353382509079413">
      <ele>2256.0</ele></trkpt>
      <trkpt lat="46.66468748487543" lon="9.35342492511955">
      <ele>2257.3</ele></trkpt>
      <trkpt lat="46.66468516602973" lon="9.353443507270574">
      <ele>2258.6</ele></trkpt>
      <trkpt lat="46.66465455528732" lon="9.353474496074368">
      <ele>2259.9</ele></trkpt>
      <trkpt lat="46.664643479976924" lon="9.353496897841861">
      <ele>2260.8</ele></trkpt>
      <trkpt lat="46.66461291289475" lon="9.353525823035056">
      <ele>2261.6</ele></trkpt>
      <trkpt lat="46.664582072588644" lon="9.3535319177948">
      <ele>2262.5</ele></trkpt>
      <trkpt lat="46.66455816063163" lon="9.35356212461662">
      <ele>2263.4</ele></trkpt>
      <trkpt lat="46.66455336252085" lon="9.353569208428048">
      <ele>2264.2</ele></trkpt>
      <trkpt lat="46.66454550706078" lon="9.353559571477156">
      <ele>2265.1</ele></trkpt>
      <trkpt lat="46.664547817357686" lon="9.353542034697083">
      <ele>2266.0</ele></trkpt>
      <trkpt lat="46.66455207204174" lon="9.35352766453693">
      <ele>2266.9</ele></trkpt>
      <trkpt lat="46.66455466088375" lon="9.353493551456172">
      <ele>2267.7</ele></trkpt>
      <trkpt lat="46.66454210875929" lon="9.353446406168548">
      <ele>2268.6</ele></trkpt>
      <trkpt lat="46.664514284403005" lon="9.353393504204455">
      <ele>2269.5</ele></trkpt>
      <trkpt lat="46.664496202375844" lon="9.353395921327571">
      <ele>2270.3</ele></trkpt>
      <trkpt lat="46.66447676059548" lon="9.353477116927051">
      <ele>2271.2</ele></trkpt>
      <trkpt lat="46.66446471168521" lon="9.353478741597915">
      <ele>2272.1</ele></trkpt>
      <trkpt lat="46.66445821349266" lon="9.353468120266792">
      <ele>2273.0</ele></trkpt>
      <trkpt lat="46.6644559083004" lon="9.353446263469472">
      <ele>2273.8</ele></trkpt>
      <trkpt lat="46.66443945903504" lon="9.353392745552206">
      <ele>2274.7</ele></trkpt>
      <trkpt lat="46.664433521608615" lon="9.353388378631575">
      <ele>2275.6</ele></trkpt>
      <trkpt lat="46.66442908411094" lon="9.35341309391889">
      <ele>2276.4</ele></trkpt>
      <trkpt lat="46.66438730789082" lon="9.35343329574044">
      <ele>2277.3</ele></trkpt>
      <trkpt lat="46.66438177777209" lon="9.353482871040972">
      <ele>2278.6</ele></trkpt>
      <trkpt lat="46.66435792706275" lon="9.353509969230522">
      <ele>2280.0</ele></trkpt>
      <trkpt lat="46.66433166969291" lon="9.353559802636507">
      <ele>2281.3</ele></trkpt>
      <trkpt lat="46.66429669696366" lon="9.353572991664434">
      <ele>2282.7</ele></trkpt>
      <trkpt lat="46.6642720846214" lon="9.353605251628004">
      <ele>2284.0</ele></trkpt>
      <trkpt lat="46.66422675404465" lon="9.353637769990904">
      <ele>2285.3</ele></trkpt>
      <trkpt lat="46.66420200250613" lon="9.353678311445853">
      <ele>2286.7</ele></trkpt>
      <trkpt lat="46.66418569011604" lon="9.353694292733756">
      <ele>2288.0</ele></trkpt>
      <trkpt lat="46.66415041201495" lon="9.35372511554522">
      <ele>2289.4</ele></trkpt>
      <trkpt lat="46.66414387894029" lon="9.35371657116592">
      <ele>2290.7</ele></trkpt>
      <trkpt lat="46.66416936577189" lon="9.353671899536632">
      <ele>2292.0</ele></trkpt>
      <trkpt lat="46.664160519189174" lon="9.353642530722773">
      <ele>2293.4</ele></trkpt>
      <trkpt lat="46.66414083577215" lon="9.353660457520107">
      <ele>2294.7</ele></trkpt>
      <trkpt lat="46.66411027425003" lon="9.353649962927353">
      <ele>2296.1</ele></trkpt>
      <trkpt lat="46.66407724545675" lon="9.353666344565914">
      <ele>2297.4</ele></trkpt>
      <trkpt lat="46.664041560158196" lon="9.353643225450533">
      <ele>2298.7</ele></trkpt>
      <trkpt lat="46.6640391423795" lon="9.35362860568248">
      <ele>2300.1</ele></trkpt>
      <trkpt lat="46.66408003198327" lon="9.353582454567157">
      <ele>2301.4</ele></trkpt>
      <trkpt lat="46.664096009907674" lon="9.353546751608498">
      <ele>2302.8</ele></trkpt>
      <trkpt lat="46.66410466721489" lon="9.35350974336057">
      <ele>2304.1</ele></trkpt>
      <trkpt lat="46.664108497034974" lon="9.353442476357738">
      <ele>2305.6</ele></trkpt>
      <trkpt lat="46.66410442787376" lon="9.353368694729138">
      <ele>2307.1</ele></trkpt>
      <trkpt lat="46.66407371157522" lon="9.353289759481921">
      <ele>2308.6</ele></trkpt>
      <trkpt lat="46.66408160409199" lon="9.353219538957438">
      <ele>2310.1</ele></trkpt>
      <trkpt lat="46.66405789490659" lon="9.353160562108371">
      <ele>2311.6</ele></trkpt>
      <trkpt lat="46.66406034969188" lon="9.353095324540103">
      <ele>2313.1</ele></trkpt>
      <trkpt lat="46.66403975031689" lon="9.353049946437277">
      <ele>2314.6</ele></trkpt>
      <trkpt lat="46.66402573606098" lon="9.353010016862699">
      <ele>2316.1</ele></trkpt>
      <trkpt lat="46.66401856016208" lon="9.352960997709241">
      <ele>2317.6</ele></trkpt>
      <trkpt lat="46.66400361049939" lon="9.352936575400646">
      <ele>2319.1</ele></trkpt>
      <trkpt lat="46.663986042179914" lon="9.352908949562027">
      <ele>2320.5</ele></trkpt>
      <trkpt lat="46.66397197053571" lon="9.352911535163297">
      <ele>2322.0</ele></trkpt>
      <trkpt lat="46.6639650362786" lon="9.352925797132016">
      <ele>2323.5</ele></trkpt>
      <trkpt lat="46.663964827373384" lon="9.352938232486807">
      <ele>2325.0</ele></trkpt>
      <trkpt lat="46.663965865491235" lon="9.352994274798368">
      <ele>2326.5</ele></trkpt>
      <trkpt lat="46.663963215357356" lon="9.3530315091127">
      <ele>2328.0</ele></trkpt>
      <trkpt lat="46.66394616802048" lon="9.353051607690183">
      <ele>2329.5</ele></trkpt>
      <trkpt lat="46.66393970266763" lon="9.353116689830097">
      <ele>2331.0</ele></trkpt>
      <trkpt lat="46.663929310235524" lon="9.353138083048346">
      <ele>2332.5</ele></trkpt>
      <trkpt lat="46.663914751019966" lon="9.353183612772078">
      <ele>2334.0</ele></trkpt>
      <trkpt lat="46.66389241777503" lon="9.353209300818621">
      <ele>2335.4</ele></trkpt>
      <trkpt lat="46.663881360978216" lon="9.353206503808007">
      <ele>2336.8</ele></trkpt>
      <trkpt lat="46.6638629543328" lon="9.35314201665774">
      <ele>2338.1</ele></trkpt>
      <trkpt lat="46.66385045200052" lon="9.35310261132738">
      <ele>2339.5</ele></trkpt>
      <trkpt lat="46.6638146278597" lon="9.353041689055381">
      <ele>2340.9</ele></trkpt>
      <trkpt lat="46.66378911307137" lon="9.353025910539593">
      <ele>2342.3</ele></trkpt>
      <trkpt lat="46.66378227828403" lon="9.353025681249239">
      <ele>2343.7</ele></trkpt>
      <trkpt lat="46.66376979285974" lon="9.353081675130559">
      <ele>2345.0</ele></trkpt>
      <trkpt lat="46.66374019251922" lon="9.353155360164557">
      <ele>2346.4</ele></trkpt>
      <trkpt lat="46.663728948920465" lon="9.353167430290606">
      <ele>2347.8</ele></trkpt>
      <trkpt lat="46.66371906891092" lon="9.353160466466296">
      <ele>2349.2</ele></trkpt>
      <trkpt lat="46.6636984957173" lon="9.353035336020424">
      <ele>2350.6</ele></trkpt>
      <trkpt lat="46.66369004882961" lon="9.353005197542428">
      <ele>2351.9</ele></trkpt>
      <trkpt lat="46.663685374328516" lon="9.353001711992029">
      <ele>2353.3</ele></trkpt>
      <trkpt lat="46.66366012546166" lon="9.353001705448518">
      <ele>2354.7</ele></trkpt>
      <trkpt lat="46.66361614461879" lon="9.352957106264709">
      <ele>2356.1</ele></trkpt>
      <trkpt lat="46.663577001936545" lon="9.35293838746139">
      <ele>2357.5</ele></trkpt>
      <trkpt lat="46.66353458645392" lon="9.352927015623035">
      <ele>2358.8</ele></trkpt>
      <trkpt lat="46.6634877202715" lon="9.352930438086092">
      <ele>2360.2</ele></trkpt>
      <trkpt lat="46.66346507866097" lon="9.352932170844575">
      <ele>2361.6</ele></trkpt>
      <trkpt lat="46.66343910829518" lon="9.352944581391768">
      <ele>2362.1</ele></trkpt>
      <trkpt lat="46.66341400005944" lon="9.352967805242635">
      <ele>2362.7</ele></trkpt>
      <trkpt lat="46.663376288613996" lon="9.353022969601167">
      <ele>2363.2</ele></trkpt>
      <trkpt lat="46.66332902383597" lon="9.353082787847935">
      <ele>2363.7</ele></trkpt>
      <trkpt lat="46.66331359440812" lon="9.353093886055815">
      <ele>2364.3</ele></trkpt>
      <trkpt lat="46.66329499568344" lon="9.353137233108747">
      <ele>2364.8</ele></trkpt>
      <trkpt lat="46.663260110228066" lon="9.35318004177639">
      <ele>2365.3</ele></trkpt>
      <trkpt lat="46.66324690144126" lon="9.35318375574763">
      <ele>2365.9</ele></trkpt>
      <trkpt lat="46.66321924963848" lon="9.353170384837263">
      <ele>2366.4</ele></trkpt>
      <trkpt lat="46.663125800811024" lon="9.35315981713852">
      <ele>2366.9</ele></trkpt>
      <trkpt lat="46.66308968955819" lon="9.353148655708972">
      <ele>2367.5</ele></trkpt>
      <trkpt lat="46.6630460217763" lon="9.353149695019967">
      <ele>2368.0</ele></trkpt>
      <trkpt lat="46.663023804305254" lon="9.353157245749209">
      <ele>2368.6</ele></trkpt>
      <trkpt lat="46.662995790164146" lon="9.353165440454482">
      <ele>2369.1</ele></trkpt>
      <trkpt lat="46.662959051003604" lon="9.353193257319973">
      <ele>2369.6</ele></trkpt>
      <trkpt lat="46.662941605688516" lon="9.353198480904545">
      <ele>2370.2</ele></trkpt>
      <trkpt lat="46.662906318569775" lon="9.353201464175447">
      <ele>2370.7</ele></trkpt>
      <trkpt lat="46.662883807324015" lon="9.353194902058918">
      <ele>2371.2</ele></trkpt>
      <trkpt lat="46.66285886505153" lon="9.353176647701346">
      <ele>2371.8</ele></trkpt>
      <trkpt lat="46.662810932649585" lon="9.353180868564934">
      <ele>2372.3</ele></trkpt>
      <trkpt lat="46.66276711550516" lon="9.353158664373995">
      <ele>2373.0</ele></trkpt>
      <trkpt lat="46.66274222998266" lon="9.353168629854668">
      <ele>2373.7</ele></trkpt>
      <trkpt lat="46.662707669992216" lon="9.353191531192577">
      <ele>2374.3</ele></trkpt>
      <trkpt lat="46.66268129938826" lon="9.353195627913566">
      <ele>2375.0</ele></trkpt>
      <trkpt lat="46.66263100036307" lon="9.353151654864293">
      <ele>2375.7</ele></trkpt>
      <trkpt lat="46.66261795880762" lon="9.35314541553964">
      <ele>2376.4</ele></trkpt>
      <trkpt lat="46.66259554499911" lon="9.35313305394694">
      <ele>2377.0</ele></trkpt>
      <trkpt lat="46.66256226498709" lon="9.353141898332245">
      <ele>2377.7</ele></trkpt>
      <trkpt lat="46.66253221608833" lon="9.353145877699298">
      <ele>2378.4</ele></trkpt>
      <trkpt lat="46.66251309453084" lon="9.353157681262989">
      <ele>2379.1</ele></trkpt>
      <trkpt lat="46.66249362693778" lon="9.35316116017182">
      <ele>2379.7</ele></trkpt>
      <trkpt lat="46.662439494168645" lon="9.353155241198563">
      <ele>2380.4</ele></trkpt>
      <trkpt lat="46.662418681981926" lon="9.35314127657906">
      <ele>2381.1</ele></trkpt>
      <trkpt lat="46.66239931698902" lon="9.353103301879841">
      <ele>2381.8</ele></trkpt>
      <trkpt lat="46.66238502838824" lon="9.353108624307941">
      <ele>2382.4</ele></trkpt>
      <trkpt lat="46.66239070470538" lon="9.353147812650015">
      <ele>2383.1</ele></trkpt>
      <trkpt lat="46.66238614270752" lon="9.35316922902803">
      <ele>2383.8</ele></trkpt>
      <trkpt lat="46.66239565554295" lon="9.353198581211188">
      <ele>2384.5</ele></trkpt>
      <trkpt lat="46.66239065556856" lon="9.35321500248144">
      <ele>2385.1</ele></trkpt>
      <trkpt lat="46.66237802411082" lon="9.353215417142609">
      <ele>2385.8</ele></trkpt>
      <trkpt lat="46.662359413922616" lon="9.353195714568711">
      <ele>2386.3</ele></trkpt>
      <trkpt lat="46.662348039947545" lon="9.35321607903755">
      <ele>2386.9</ele></trkpt>
      <trkpt lat="46.6623291791253" lon="9.353211293221522">
      <ele>2387.4</ele></trkpt>
      <trkpt lat="46.6623254172107" lon="9.35321615245304">
      <ele>2388.0</ele></trkpt>
      <trkpt lat="46.66233130748417" lon="9.353242069502487">
      <ele>2388.5</ele></trkpt>
      <trkpt lat="46.66232126945161" lon="9.35324504630642">
      <ele>2389.0</ele></trkpt>
      <trkpt lat="46.66228688876303" lon="9.35319247612588">
      <ele>2389.6</ele></trkpt>
      <trkpt lat="46.66228098465193" lon="9.353167382005285">
      <ele>2390.1</ele></trkpt>
      <trkpt lat="46.66226820899996" lon="9.353176914226752">
      <ele>2390.7</ele></trkpt>
      <trkpt lat="46.66225314412057" lon="9.353229508391657">
      <ele>2391.2</ele></trkpt>
      <trkpt lat="46.6622332120354" lon="9.353226357512584">
      <ele>2391.7</ele></trkpt>
      <trkpt lat="46.66219851629168" lon="9.353225205532747">
      <ele>2392.3</ele></trkpt>
      <trkpt lat="46.66217820681876" lon="9.353212918627158">
      <ele>2392.8</ele></trkpt>
      <trkpt lat="46.66214972167374" lon="9.353185416219771">
      <ele>2393.4</ele></trkpt>
      <trkpt lat="46.662126128941374" lon="9.353148964693197">
      <ele>2393.9</ele></trkpt>
      <trkpt lat="46.66207686464161" lon="9.35313819965888">
      <ele>2394.4</ele></trkpt>
      <trkpt lat="46.66203160388117" lon="9.353107658449165">
      <ele>2395.0</ele></trkpt>
      <trkpt lat="46.662014692732434" lon="9.35308055351348">
      <ele>2395.5</ele></trkpt>
      <trkpt lat="46.66197327725536" lon="9.353040189667759">
      <ele>2396.1</ele></trkpt>
      <trkpt lat="46.66193641118086" lon="9.353010756578849">
      <ele>2396.6</ele></trkpt>
      <trkpt lat="46.66190451233843" lon="9.352967384457783">
      <ele>2397.9</ele></trkpt>
      <trkpt lat="46.66188839243546" lon="9.352923709262368">
      <ele>2399.1</ele></trkpt>
      <trkpt lat="46.66186473005849" lon="9.352891398629888">
      <ele>2400.4</ele></trkpt>
      <trkpt lat="46.6618357370738" lon="9.352863055163606">
      <ele>2401.7</ele></trkpt>
      <trkpt lat="46.66182158212324" lon="9.352827748924739">
      <ele>2402.9</ele></trkpt>
      <trkpt lat="46.661803940430524" lon="9.352813060546955">
      <ele>2404.2</ele></trkpt>
      <trkpt lat="46.661775557884745" lon="9.352812119604272">
      <ele>2405.5</ele></trkpt>
      <trkpt lat="46.66176010916802" lon="9.35279169302543">
      <ele>2406.7</ele></trkpt>
      <trkpt lat="46.6617469561257" lon="9.3527920892885">
      <ele>2408.0</ele></trkpt>
      <trkpt lat="46.66174287275964" lon="9.35278448178075">
      <ele>2409.2</ele></trkpt>
      <trkpt lat="46.661755451976155" lon="9.352755037606919">
      <ele>2410.5</ele></trkpt>
      <trkpt lat="46.661756507843236" lon="9.352722714730232">
      <ele>2411.8</ele></trkpt>
      <trkpt lat="46.66175078094942" lon="9.352719205088881">
      <ele>2413.0</ele></trkpt>
      <trkpt lat="46.66173019276616" lon="9.352723506970973">
      <ele>2414.3</ele></trkpt>
      <trkpt lat="46.661717798276314" lon="9.35270981499374">
      <ele>2415.6</ele></trkpt>
      <trkpt lat="46.66170406607886" lon="9.352648802929103">
      <ele>2416.8</ele></trkpt>
      <trkpt lat="46.661692613839975" lon="9.352544729050804">
      <ele>2418.1</ele></trkpt>
      <trkpt lat="46.661690233119266" lon="9.352497358931291">
      <ele>2419.4</ele></trkpt>
      <trkpt lat="46.66168254943678" lon="9.3524523101966">
      <ele>2420.6</ele></trkpt>
      <trkpt lat="46.66167606280651" lon="9.352431351919062">
      <ele>2421.9</ele></trkpt>
      <trkpt lat="46.66166283462171" lon="9.352403541477102">
      <ele>2422.1</ele></trkpt>
      <trkpt lat="46.66166248502933" lon="9.352392746691336">
      <ele>2422.2</ele></trkpt>
      <trkpt lat="46.66167307125773" lon="9.352356592487936">
      <ele>2422.4</ele></trkpt>
      <trkpt lat="46.66163333375015" lon="9.352374356998364">
      <ele>2422.6</ele></trkpt>
      <trkpt lat="46.66161485912022" lon="9.352378720850538">
      <ele>2422.8</ele></trkpt>
      <trkpt lat="46.66159080676331" lon="9.352369621394962">
      <ele>2423.0</ele></trkpt>
      <trkpt lat="46.66156870056429" lon="9.35237054992472">
      <ele>2423.1</ele></trkpt>
      <trkpt lat="46.66154874059387" lon="9.352369058247161">
      <ele>2423.3</ele></trkpt>
      <trkpt lat="46.66152733718271" lon="9.352359216251335">
      <ele>2423.5</ele></trkpt>
      <trkpt lat="46.661502804919" lon="9.352347616598014">
      <ele>2423.7</ele></trkpt>
      <trkpt lat="46.661473290212555" lon="9.3523192551265">
      <ele>2423.8</ele></trkpt>
      <trkpt lat="46.66146586407784" lon="9.352323161082706">
      <ele>2424.0</ele></trkpt>
      <trkpt lat="46.66145575630928" lon="9.352330291643936">
      <ele>2424.2</ele></trkpt>
      <trkpt lat="46.6614311613547" lon="9.352386716607269">
      <ele>2424.3</ele></trkpt>
      <trkpt lat="46.66141915109766" lon="9.352446044683546">
      <ele>2424.5</ele></trkpt>
      <trkpt lat="46.66141264844638" lon="9.352489793075137">
      <ele>2424.7</ele></trkpt>
      <trkpt lat="46.661396698896674" lon="9.352532396263278">
      <ele>2424.9</ele></trkpt>
      <trkpt lat="46.66137691650015" lon="9.352552475499742">
      <ele>2425.1</ele></trkpt>
      <trkpt lat="46.661351062453754" lon="9.352557427190614">
      <ele>2425.2</ele></trkpt>
      <trkpt lat="46.66131361529283" lon="9.352563653868966">
      <ele>2425.4</ele></trkpt>
      <trkpt lat="46.66127575821869" lon="9.352563213644432">
      <ele>2426.1</ele></trkpt>
      <trkpt lat="46.661223766659404" lon="9.352590528537696">
      <ele>2426.8</ele></trkpt>
      <trkpt lat="46.661201279575984" lon="9.352614667893974">
      <ele>2427.5</ele></trkpt>
      <trkpt lat="46.66117851268753" lon="9.352623858927393">
      <ele>2428.2</ele></trkpt>
      <trkpt lat="46.66116311599583" lon="9.352632474787864">
      <ele>2428.9</ele></trkpt>
      <trkpt lat="46.66115320325792" lon="9.352627993428504">
      <ele>2429.6</ele></trkpt>
      <trkpt lat="46.661139858835654" lon="9.352607641737245">
      <ele>2430.3</ele></trkpt>
      <trkpt lat="46.661102681317715" lon="9.352597279734907">
      <ele>2431.0</ele></trkpt>
      <trkpt lat="46.6610903388766" lon="9.352612630066059">
      <ele>2431.7</ele></trkpt>
      <trkpt lat="46.66104541673958" lon="9.352689950716574">
      <ele>2432.4</ele></trkpt>
      <trkpt lat="46.66100203931003" lon="9.352737449334509">
      <ele>2433.1</ele></trkpt>
      <trkpt lat="46.66095704620132" lon="9.352787386850464">
      <ele>2433.8</ele></trkpt>
      <trkpt lat="46.6609379016428" lon="9.352800025821034">
      <ele>2434.5</ele></trkpt>
      <trkpt lat="46.66092862329189" lon="9.352820451063268">
      <ele>2435.2</ele></trkpt>
      <trkpt lat="46.66090800240545" lon="9.352827234865373">
      <ele>2435.9</ele></trkpt>
      <trkpt lat="46.66088357792835" lon="9.352841359494555">
      <ele>2436.6</ele></trkpt>
      <trkpt lat="46.660860402218404" lon="9.352875419975685">
      <ele>2437.3</ele></trkpt>
      <trkpt lat="46.660831019497486" lon="9.35290348369283">
      <ele>2438.0</ele></trkpt>
      <trkpt lat="46.66079149754817" lon="9.352972683098267">
      <ele>2438.7</ele></trkpt>
      <trkpt lat="46.66075915823038" lon="9.352988199871358">
      <ele>2439.4</ele></trkpt>
      <trkpt lat="46.660703025525095" lon="9.35310827718897">
      <ele>2440.8</ele></trkpt>
      <trkpt lat="46.66067646521576" lon="9.353156332305467">
      <ele>2442.1</ele></trkpt>
      <trkpt lat="46.66065626845197" lon="9.353168933769147">
      <ele>2443.5</ele></trkpt>
      <trkpt lat="46.66063573775666" lon="9.353234610971022">
      <ele>2444.9</ele></trkpt>
      <trkpt lat="46.66060806806328" lon="9.353254436110493">
      <ele>2446.2</ele></trkpt>
      <trkpt lat="46.66060350604475" lon="9.353275851771665">
      <ele>2447.6</ele></trkpt>
      <trkpt lat="46.66055632474751" lon="9.353330690282363">
      <ele>2449.0</ele></trkpt>
      <trkpt lat="46.660500000450256" lon="9.353430019045371">
      <ele>2450.4</ele></trkpt>
      <trkpt lat="46.66047842481912" lon="9.353430965938749">
      <ele>2451.7</ele></trkpt>
      <trkpt lat="46.660465118565014" lon="9.353440478962055">
      <ele>2453.1</ele></trkpt>
      <trkpt lat="46.660455076617986" lon="9.353475815024739">
      <ele>2454.5</ele></trkpt>
      <trkpt lat="46.66042716949822" lon="9.353482993567594">
      <ele>2455.8</ele></trkpt>
      <trkpt lat="46.66040717573415" lon="9.353501182629282">
      <ele>2457.2</ele></trkpt>
      <trkpt lat="46.66038523901412" lon="9.353540749428495">
      <ele>2458.6</ele></trkpt>
      <trkpt lat="46.660356542538" lon="9.353561165227655">
      <ele>2460.0</ele></trkpt>
      <trkpt lat="46.66032560781593" lon="9.35357394759343">
      <ele>2461.3</ele></trkpt>
      <trkpt lat="46.660304197452334" lon="9.353583264604048">
      <ele>2462.7</ele></trkpt>
      <trkpt lat="46.66027845770762" lon="9.353615142387886">
      <ele>2464.1</ele></trkpt>
      <trkpt lat="46.6602520749783" lon="9.353638162535079">
      <ele>2465.4</ele></trkpt>
      <trkpt lat="46.660228066577005" lon="9.353661253806344">
      <ele>2466.8</ele></trkpt>
      <trkpt lat="46.660201134155244" lon="9.353670401039896">
      <ele>2468.2</ele></trkpt>
      <trkpt lat="46.660133021268" lon="9.3536932086794">
      <ele>2469.6</ele></trkpt>
      <trkpt lat="46.66011149608945" lon="9.353708820890555">
      <ele>2471.0</ele></trkpt>
      <trkpt lat="46.66006562752984" lon="9.353719805695574">
      <ele>2472.4</ele></trkpt>
      <trkpt lat="46.66015271688897" lon="9.353785914502877">
      <ele>2473.8</ele></trkpt>
      <trkpt lat="46.66011746237147" lon="9.353821218522958">
      <ele>2475.2</ele></trkpt>
      <trkpt lat="46.660092746866155" lon="9.353839266003293">
      <ele>2476.6</ele></trkpt>
      <trkpt lat="46.660080515970144" lon="9.353864029542981">
      <ele>2478.0</ele></trkpt>
      <trkpt lat="46.660044817812825" lon="9.353879151979822">
      <ele>2479.4</ele></trkpt>
      <trkpt lat="46.6600073217355" lon="9.353908090080312">
      <ele>2480.9</ele></trkpt>
      <trkpt lat="46.659964452457096" lon="9.353928002776522">
      <ele>2482.3</ele></trkpt>
      <trkpt lat="46.65992886888922" lon="9.353936842940461">
      <ele>2483.7</ele></trkpt>
      <trkpt lat="46.6598966025342" lon="9.353935698318345">
      <ele>2485.1</ele></trkpt>
      <trkpt lat="46.6598696703093" lon="9.353944832297262">
      <ele>2486.5</ele></trkpt>
      <trkpt lat="46.659838778136844" lon="9.353955080426875">
      <ele>2487.9</ele></trkpt>
      <trkpt lat="46.6597888312552" lon="9.353974755016333">
      <ele>2489.3</ele></trkpt>
      <trkpt lat="46.659762056441295" lon="9.353975059820591">
      <ele>2490.7</ele></trkpt>
      <trkpt lat="46.65974075165169" lon="9.35397809407958">
      <ele>2492.1</ele></trkpt>
      <trkpt lat="46.659688494105545" lon="9.353993909672099">
      <ele>2493.5</ele></trkpt>
      <trkpt lat="46.65963236748072" lon="9.354007039505941">
      <ele>2494.9</ele></trkpt>
      <trkpt lat="46.65959610757624" lon="9.354009543207475">
      <ele>2495.9</ele></trkpt>
      <trkpt lat="46.659549668265896" lon="9.354007908828589">
      <ele>2497.0</ele></trkpt>
      <trkpt lat="46.65951199490099" lon="9.35400028614238">
      <ele>2498.0</ele></trkpt>
      <trkpt lat="46.65947362390726" lon="9.353987594067354">
      <ele>2499.1</ele></trkpt>
      <trkpt lat="46.659435286732936" lon="9.353972354748384">
      <ele>2500.1</ele></trkpt>
      <trkpt lat="46.65937204092059" lon="9.353941150188625">
      <ele>2501.1</ele></trkpt>
      <trkpt lat="46.65934560465658" lon="9.353921314598692">
      <ele>2502.2</ele></trkpt>
      <trkpt lat="46.65931260358901" lon="9.353902317812656">
      <ele>2503.2</ele></trkpt>
      <trkpt lat="46.659277391946574" lon="9.353888496371356">
      <ele>2504.3</ele></trkpt>
      <trkpt lat="46.65924455991474" lon="9.353859978333208">
      <ele>2505.3</ele></trkpt>
      <trkpt lat="46.65922121735573" lon="9.353856837109083">
      <ele>2506.3</ele></trkpt>
      <trkpt lat="46.659200369226575" lon="9.353832168281734">
      <ele>2507.4</ele></trkpt>
      <trkpt lat="46.65919770396084" lon="9.353780882558125">
      <ele>2508.4</ele></trkpt>
      <trkpt lat="46.659185563715084" lon="9.353744041773332">
      <ele>2509.5</ele></trkpt>
      <trkpt lat="46.659173088668744" lon="9.353727655138023">
      <ele>2510.5</ele></trkpt>
      <trkpt lat="46.659154599329916" lon="9.353714152531353">
      <ele>2511.5</ele></trkpt>
      <trkpt lat="46.65912265124169" lon="9.3536507065558">
      <ele>2512.6</ele></trkpt>
      <trkpt lat="46.659105269640335" lon="9.353630721869948">
      <ele>2513.6</ele></trkpt>
      <trkpt lat="46.65907961018915" lon="9.353596786551877">
      <ele>2514.7</ele></trkpt>
      <trkpt lat="46.659067269024" lon="9.353572432675984">
      <ele>2515.7</ele></trkpt>
      <trkpt lat="46.65905249614496" lon="9.353524115613007">
      <ele>2516.6</ele></trkpt>
      <trkpt lat="46.65903453776345" lon="9.353496151556863">
      <ele>2517.5</ele></trkpt>
      <trkpt lat="46.65902778546938" lon="9.35347655699227">
      <ele>2518.3</ele></trkpt>
      <trkpt lat="46.659014009644665" lon="9.35341120732864">
      <ele>2519.2</ele></trkpt>
      <trkpt lat="46.65899490669502" lon="9.353367284789183">
      <ele>2520.1</ele></trkpt>
      <trkpt lat="46.65898823075977" lon="9.35334314497819">
      <ele>2521.0</ele></trkpt>
      <trkpt lat="46.65898592265306" lon="9.353304862663515">
      <ele>2521.9</ele></trkpt>
      <trkpt lat="46.65899365296824" lon="9.353267328394217">
      <ele>2522.7</ele></trkpt>
      <trkpt lat="46.65898442226484" lon="9.353254389552342">
      <ele>2523.6</ele></trkpt>
      <trkpt lat="46.658954046298994" lon="9.353281044632416">
      <ele>2524.5</ele></trkpt>
      <trkpt lat="46.65893512689653" lon="9.353297951409811">
      <ele>2525.4</ele></trkpt>
      <trkpt lat="46.658912333005766" lon="9.353303925862452">
      <ele>2526.3</ele></trkpt>
      <trkpt lat="46.65889674882698" lon="9.353303347082111">
      <ele>2527.1</ele></trkpt>
      <trkpt lat="46.65889169828953" lon="9.353308852952928">
      <ele>2528.0</ele></trkpt>
      <trkpt lat="46.6588901437539" lon="9.353316756786457">
      <ele>2528.9</ele></trkpt>
      <trkpt lat="46.65890396335005" lon="9.353337738898006">
      <ele>2529.8</ele></trkpt>
      <trkpt lat="46.658907462817716" lon="9.353382231928663">
      <ele>2530.7</ele></trkpt>
      <trkpt lat="46.658903550632196" lon="9.353425481950696">
      <ele>2531.5</ele></trkpt>
      <trkpt lat="46.65885705586041" lon="9.353474265917379">
      <ele>2532.4</ele></trkpt>
      <trkpt lat="46.65887962755548" lon="9.353396914409647">
      <ele>2533.3</ele></trkpt>
      <trkpt lat="46.65887075385808" lon="9.353372905809358">
      <ele>2533.8</ele></trkpt>
      <trkpt lat="46.65882121206664" lon="9.353326714704458">
      <ele>2534.3</ele></trkpt>
      <trkpt lat="46.65880985342038" lon="9.353327422757513">
      <ele>2534.9</ele></trkpt>
      <trkpt lat="46.65879490307728" lon="9.353331427486786">
      <ele>2535.4</ele></trkpt>
      <trkpt lat="46.658727053111704" lon="9.353402847375385">
      <ele>2535.9</ele></trkpt>
      <trkpt lat="46.65867612833378" lon="9.353437346668676">
      <ele>2536.4</ele></trkpt>
      <trkpt lat="46.65863089669401" lon="9.353470936951426">
      <ele>2536.9</ele></trkpt>
      <trkpt lat="46.65852580834327" lon="9.353522765555631">
      <ele>2537.5</ele></trkpt>
      <trkpt lat="46.65850587505966" lon="9.353527717404221">
      <ele>2538.0</ele></trkpt>
      <trkpt lat="46.65844134974933" lon="9.35352873537861">
      <ele>2538.5</ele></trkpt>
      <trkpt lat="46.658412909444316" lon="9.35353337244092">
      <ele>2539.0</ele></trkpt>
      <trkpt lat="46.65837982906142" lon="9.353519627058695">
      <ele>2539.5</ele></trkpt>
      <trkpt lat="46.65835072550802" lon="9.353521966631995">
      <ele>2540.1</ele></trkpt>
      <trkpt lat="46.65829455081139" lon="9.353490308295383">
      <ele>2540.6</ele></trkpt>
      <trkpt lat="46.65827120824051" lon="9.353487167286607">
      <ele>2541.1</ele></trkpt>
      <trkpt lat="46.658226911872426" lon="9.353466176180158">
      <ele>2541.6</ele></trkpt>
      <trkpt lat="46.658201485179866" lon="9.353460687314204">
      <ele>2542.1</ele></trkpt>
      <trkpt lat="46.658174990560774" lon="9.353434681884412">
      <ele>2542.7</ele></trkpt>
      <trkpt lat="46.65815107122516" lon="9.35342356160106">
      <ele>2543.2</ele></trkpt>
      <trkpt lat="46.658102297393405" lon="9.353373974297254">
      <ele>2543.7</ele></trkpt>
      <trkpt lat="46.65803560810961" lon="9.353335095399418">
      <ele>2544.2</ele></trkpt>
      <trkpt lat="46.65799980952228" lon="9.353314431990835">
      <ele>2544.7</ele></trkpt>
      <trkpt lat="46.65797997172181" lon="9.353313702378145">
      <ele>2545.2</ele></trkpt>
      <trkpt lat="46.65791444954969" lon="9.353331739855001">
      <ele>2545.7</ele></trkpt>
      <trkpt lat="46.65789854567091" lon="9.353342153552068">
      <ele>2546.2</ele></trkpt>
      <trkpt lat="46.65787291222161" lon="9.35336770856796">
      <ele>2546.7</ele></trkpt>
      <trkpt lat="46.65784409767866" lon="9.353395686067078">
      <ele>2547.2</ele></trkpt>
      <trkpt lat="46.65781645196765" lon="9.353424789684324">
      <ele>2547.7</ele></trkpt>
      <trkpt lat="46.65779077702334" lon="9.353434072701326">
      <ele>2548.2</ele></trkpt>
      <trkpt lat="46.657773902951845" lon="9.353448673105753">
      <ele>2548.6</ele></trkpt>
      <trkpt lat="46.657728288588096" lon="9.353444533208958">
      <ele>2549.1</ele></trkpt>
      <trkpt lat="46.65770372129972" lon="9.353453764002811">
      <ele>2549.6</ele></trkpt>
      <trkpt lat="46.65767575276902" lon="9.353477981476228">
      <ele>2550.1</ele></trkpt>
      <trkpt lat="46.65765640404561" lon="9.353498479493522">
      <ele>2550.6</ele></trkpt>
      <trkpt lat="46.65761043833044" lon="9.35349222305997">
      <ele>2551.1</ele></trkpt>
      <trkpt lat="46.657576428449005" lon="9.35349095157734">
      <ele>2551.6</ele></trkpt>
      <trkpt lat="46.657556848117636" lon="9.353475437406267">
      <ele>2552.1</ele></trkpt>
      <trkpt lat="46.657528300003975" lon="9.353489166322698">
      <ele>2552.6</ele></trkpt>
      <trkpt lat="46.65748365421154" lon="9.353521626591602">
      <ele>2553.1</ele></trkpt>
      <trkpt lat="46.65745391238926" lon="9.353557124545377">
      <ele>2553.6</ele></trkpt>
      <trkpt lat="46.65741636502757" lon="9.353588581887273">
      <ele>2554.0</ele></trkpt>
      <trkpt lat="46.65737935495129" lon="9.35365766948658">
      <ele>2554.3</ele></trkpt>
      <trkpt lat="46.657342902319286" lon="9.353716609450252">
      <ele>2554.7</ele></trkpt>
      <trkpt lat="46.65732333567691" lon="9.353742039429143">
      <ele>2555.0</ele></trkpt>
      <trkpt lat="46.65730931888104" lon="9.353771338492852">
      <ele>2555.4</ele></trkpt>
      <trkpt lat="46.657274115504876" lon="9.353804133321503">
      <ele>2555.8</ele></trkpt>
      <trkpt lat="46.65723486720982" lon="9.353843096718263">
      <ele>2556.1</ele></trkpt>
      <trkpt lat="46.65718768692393" lon="9.35388554242543">
      <ele>2556.5</ele></trkpt>
      <trkpt lat="46.65715104384999" lon="9.353927433974711">
      <ele>2556.8</ele></trkpt>
      <trkpt lat="46.657121251198504" lon="9.353938648462174">
      <ele>2557.2</ele></trkpt>
      <trkpt lat="46.65709494603096" lon="9.353962401691808">
      <ele>2557.6</ele></trkpt>
      <trkpt lat="46.657058958800114" lon="9.353975448156314">
      <ele>2557.9</ele></trkpt>
      <trkpt lat="46.657033360858094" lon="9.35399406438957">
      <ele>2558.3</ele></trkpt>
      <trkpt lat="46.65697995211272" lon="9.354015732202576">
      <ele>2558.6</ele></trkpt>
      <trkpt lat="46.656935883299056" lon="9.354032595405437">
      <ele>2559.0</ele></trkpt>
      <trkpt lat="46.656921685100514" lon="9.354033071870766">
      <ele>2559.4</ele></trkpt>
      <trkpt lat="46.65690046868303" lon="9.354011579655896">
      <ele>2559.7</ele></trkpt>
      <trkpt lat="46.65687114412859" lon="9.353994948791897">
      <ele>2560.1</ele></trkpt>
      <trkpt lat="46.65684765867192" lon="9.353998166893344">
      <ele>2560.4</ele></trkpt>
      <trkpt lat="46.656831443704405" lon="9.354008882796471">
      <ele>2560.8</ele></trkpt>
      <trkpt lat="46.65680664807118" lon="9.354016170958353">
      <ele>2561.3</ele></trkpt>
      <trkpt lat="46.656769411466755" lon="9.354030205400205">
      <ele>2561.8</ele></trkpt>
      <trkpt lat="46.656748190255875" lon="9.354044860227738">
      <ele>2562.2</ele></trkpt>
      <trkpt lat="46.65672901215525" lon="9.35404824416829">
      <ele>2562.7</ele></trkpt>
      <trkpt lat="46.6567050194768" lon="9.354045236767274">
      <ele>2563.2</ele></trkpt>
      <trkpt lat="46.65668432073792" lon="9.35403416541931">
      <ele>2563.7</ele></trkpt>
      <trkpt lat="46.65666562632521" lon="9.354022158916598">
      <ele>2564.1</ele></trkpt>
      <trkpt lat="46.65663548415322" lon="9.353988327294886">
      <ele>2564.6</ele></trkpt>
      <trkpt lat="46.65661821528305" lon="9.353985192524918">
      <ele>2565.1</ele></trkpt>
      <trkpt lat="46.6565815014278" lon="9.353982583344468">
      <ele>2565.6</ele></trkpt>
      <trkpt lat="46.65655946056457" lon="9.354009597848602">
      <ele>2566.0</ele></trkpt>
      <trkpt lat="46.65654660745191" lon="9.354003927640433">
      <ele>2566.5</ele></trkpt>
      <trkpt lat="46.65653542252674" lon="9.353991089822877">
      <ele>2567.0</ele></trkpt>
      <trkpt lat="46.656514658530696" lon="9.353960348383199">
      <ele>2567.5</ele></trkpt>
      <trkpt lat="46.65650478567563" lon="9.353960991362385">
      <ele>2567.9</ele></trkpt>
      <trkpt lat="46.65648243652247" lon="9.353969411750363">
      <ele>2568.4</ele></trkpt>
      <trkpt lat="46.65643005643679" lon="9.35396735767397">
      <ele>2568.9</ele></trkpt>
      <trkpt lat="46.65642617814959" lon="9.353977530995031">
      <ele>2569.4</ele></trkpt>
      <trkpt lat="46.65643454146094" lon="9.353993352813662">
      <ele>2569.8</ele></trkpt>
      <trkpt lat="46.65642862905648" lon="9.354014797267503">
      <ele>2570.3</ele></trkpt>
      <trkpt lat="46.656440237217915" lon="9.354057589575621">
      <ele>2572.0</ele></trkpt>
      <trkpt lat="46.6564271063543" lon="9.354068440923264">
      <ele>2573.7</ele></trkpt>
      <trkpt lat="46.656378946898265" lon="9.354071711521222">
      <ele>2575.3</ele></trkpt>
      <trkpt lat="46.65635461124651" lon="9.3540521736453">
      <ele>2577.0</ele></trkpt>
      <trkpt lat="46.65634847727894" lon="9.354049865123153">
      <ele>2578.7</ele></trkpt>
      <trkpt lat="46.656319187918406" lon="9.354065396694716">
      <ele>2580.4</ele></trkpt>
      <trkpt lat="46.65627353119557" lon="9.35406377706075">
      <ele>2582.1</ele></trkpt>
      <trkpt lat="46.6562386344033" lon="9.354032299172651">
      <ele>2583.7</ele></trkpt>
      <trkpt lat="46.65618781377712" lon="9.354032221396448">
      <ele>2585.4</ele></trkpt>
      <trkpt lat="46.65613914666119" lon="9.354029292727809">
      <ele>2587.1</ele></trkpt>
      <trkpt lat="46.65610908939501" lon="9.354019849759853">
      <ele>2588.8</ele></trkpt>
      <trkpt lat="46.65607934854931" lon="9.354027981717394">
      <ele>2590.5</ele></trkpt>
      <trkpt lat="46.65605036697474" lon="9.354027881487976">
      <ele>2592.1</ele></trkpt>
      <trkpt lat="46.656022704148945" lon="9.35402266609676">
      <ele>2593.8</ele></trkpt>
      <trkpt lat="46.65599518008629" lon="9.354009196529786">
      <ele>2595.5</ele></trkpt>
      <trkpt lat="46.65596075443126" lon="9.354002682733231">
      <ele>2597.2</ele></trkpt>
      <trkpt lat="46.655929608110824" lon="9.35402108868831">
      <ele>2598.9</ele></trkpt>
      <trkpt lat="46.65591322803644" lon="9.35404109002272">
      <ele>2600.5</ele></trkpt>
      <trkpt lat="46.655894761360734" lon="9.354075483797944">
      <ele>2602.2</ele></trkpt>
      <trkpt lat="46.655879604724966" lon="9.354096573958028">
      <ele>2603.9</ele></trkpt>
      <trkpt lat="46.6558715580577" lon="9.354098314073378">
      <ele>2605.1</ele></trkpt>
      <trkpt lat="46.65584989878537" lon="9.354102629238604">
      <ele>2606.3</ele></trkpt>
      <trkpt lat="46.655821142710685" lon="9.354089115968886">
      <ele>2607.5</ele></trkpt>
      <trkpt lat="46.65578351108796" lon="9.354089715100507">
      <ele>2608.8</ele></trkpt>
      <trkpt lat="46.655737130369296" lon="9.354061044866619">
      <ele>2610.0</ele></trkpt>
      <trkpt lat="46.655687400489924" lon="9.354011608236114">
      <ele>2611.2</ele></trkpt>
      <trkpt lat="46.65566880399586" lon="9.353980931089577">
      <ele>2612.4</ele></trkpt>
      <trkpt lat="46.655651612743235" lon="9.353939993065465">
      <ele>2613.6</ele></trkpt>
      <trkpt lat="46.655626596175004" lon="9.353924560883877">
      <ele>2614.8</ele></trkpt>
      <trkpt lat="46.655602347218796" lon="9.353899864521061">
      <ele>2616.1</ele></trkpt>
      <trkpt lat="46.65557302286487" lon="9.353883221057679">
      <ele>2617.3</ele></trkpt>
      <trkpt lat="46.65554611907229" lon="9.353869786743891">
      <ele>2618.5</ele></trkpt>
      <trkpt lat="46.65553490113794" lon="9.353876576292532">
      <ele>2619.7</ele></trkpt>
      <trkpt lat="46.65548734009505" lon="9.353917046915837">
      <ele>2620.9</ele></trkpt>
      <trkpt lat="46.65544924038525" lon="9.3539454906836">
      <ele>2622.1</ele></trkpt>
      <trkpt lat="46.65543651290587" lon="9.353968744694217">
      <ele>2623.3</ele></trkpt>
      <trkpt lat="46.65542464876116" lon="9.353977576040368">
      <ele>2624.6</ele></trkpt>
      <trkpt lat="46.65540383092556" lon="9.354004633350959">
      <ele>2625.8</ele></trkpt>
      <trkpt lat="46.655371032087864" lon="9.354011611291675">
      <ele>2627.0</ele></trkpt>
      <trkpt lat="46.65536342326142" lon="9.354023703761085">
      <ele>2628.2</ele></trkpt>
      <trkpt lat="46.65535538078983" lon="9.354061590236917">
      <ele>2629.0</ele></trkpt>
      <trkpt lat="46.65534724717369" lon="9.354068502201995">
      <ele>2629.8</ele></trkpt>
      <trkpt lat="46.655305177777066" lon="9.354076157474196">
      <ele>2630.6</ele></trkpt>
      <trkpt lat="46.65527543714514" lon="9.354084276219218">
      <ele>2631.4</ele></trkpt>
      <trkpt lat="46.65523277379881" lon="9.354090864957866">
      <ele>2632.2</ele></trkpt>
      <trkpt lat="46.65519253517986" lon="9.3540634844735">
      <ele>2633.1</ele></trkpt>
      <trkpt lat="46.65516266871766" lon="9.354042692328512">
      <ele>2633.9</ele></trkpt>
      <trkpt lat="46.65514396793901" lon="9.354018219068045">
      <ele>2634.7</ele></trkpt>
      <trkpt lat="46.655127384290495" lon="9.354014468350162">
      <ele>2635.5</ele></trkpt>
      <trkpt lat="46.65509812911381" lon="9.353993711009316">
      <ele>2636.3</ele></trkpt>
      <trkpt lat="46.655062241731834" lon="9.35396442027143">
      <ele>2637.1</ele></trkpt>
      <trkpt lat="46.65504602232348" lon="9.353939002731254">
      <ele>2637.9</ele></trkpt>
      <trkpt lat="46.655021808058436" lon="9.35391224311966">
      <ele>2638.7</ele></trkpt>
      <trkpt lat="46.655000734609736" lon="9.353918643808655">
      <ele>2639.5</ele></trkpt>
      <trkpt lat="46.65498510914139" lon="9.353894292815198">
      <ele>2640.3</ele></trkpt>
      <trkpt lat="46.65495325162368" lon="9.353809410342828">
      <ele>2641.2</ele></trkpt>
      <trkpt lat="46.65493356179897" lon="9.353770435966974">
      <ele>2642.0</ele></trkpt>
      <trkpt lat="46.65492358037952" lon="9.353741136458643">
      <ele>2642.8</ele></trkpt>
      <trkpt lat="46.6549144751251" lon="9.353732515379242">
      <ele>2643.6</ele></trkpt>
      <trkpt lat="46.65490523090772" lon="9.353732161377936">
      <ele>2644.4</ele></trkpt>
      <trkpt lat="46.65488999596923" lon="9.353757377934992">
      <ele>2645.1</ele></trkpt>
      <trkpt lat="46.65482617697748" lon="9.353811659314538">
      <ele>2645.8</ele></trkpt>
      <trkpt lat="46.6547976161341" lon="9.353822930140895">
      <ele>2646.5</ele></trkpt>
      <trkpt lat="46.65477912791932" lon="9.35382220904885">
      <ele>2647.1</ele></trkpt>
      <trkpt lat="46.65474089313177" lon="9.3538217545979">
      <ele>2647.8</ele></trkpt>
      <trkpt lat="46.654717459926985" lon="9.353821864342727">
      <ele>2648.5</ele></trkpt>
      <trkpt lat="46.65467910845718" lon="9.353792486531123">
      <ele>2649.2</ele></trkpt>
      <trkpt lat="46.65464765406349" lon="9.353792285657086">
      <ele>2649.9</ele></trkpt>
      <trkpt lat="46.65463358626022" lon="9.353785540257753">
      <ele>2650.6</ele></trkpt>
      <trkpt lat="46.654590549717405" lon="9.353741530229618">
      <ele>2651.2</ele></trkpt>
      <trkpt lat="46.65454439865989" lon="9.353735594067144">
      <ele>2651.9</ele></trkpt>
      <trkpt lat="46.65449699393768" lon="9.353694500172056">
      <ele>2652.6</ele></trkpt>
      <trkpt lat="46.654473638452366" lon="9.353689450934587">
      <ele>2653.3</ele></trkpt>
      <trkpt lat="46.65444683890844" lon="9.35366981347233">
      <ele>2654.0</ele></trkpt>
      <trkpt lat="46.654435165551874" lon="9.353667295550247">
      <ele>2654.7</ele></trkpt>
      <trkpt lat="46.65442283700358" lon="9.353666819107987">
      <ele>2655.4</ele></trkpt>
      <trkpt lat="46.65442056847685" lon="9.353691502170177">
      <ele>2656.0</ele></trkpt>
      <trkpt lat="46.65440315597962" lon="9.35370012356367">
      <ele>2656.7</ele></trkpt>
      <trkpt lat="46.65438340127644" lon="9.35370140924778">
      <ele>2657.4</ele></trkpt>
      <trkpt lat="46.654354788414885" lon="9.353715775264071">
      <ele>2658.1</ele></trkpt>
      <trkpt lat="46.65429653976817" lon="9.353783412982972">
      <ele>2657.5</ele></trkpt>
      <trkpt lat="46.65426296997716" lon="9.353832507164924">
      <ele>2656.9</ele></trkpt>
      <trkpt lat="46.654234225709935" lon="9.353861112293565">
      <ele>2656.4</ele></trkpt>
      <trkpt lat="46.65421803719144" lon="9.353864366959549">
      <ele>2655.8</ele></trkpt>
      <trkpt lat="46.65420104808907" lon="9.353867606295296">
      <ele>2655.2</ele></trkpt>
      <trkpt lat="46.65418057457652" lon="9.353884887493358">
      <ele>2654.6</ele></trkpt>
      <trkpt lat="46.65415840770888" lon="9.353906015874681">
      <ele>2654.0</ele></trkpt>
      <trkpt lat="46.65413384018373" lon="9.353927032951518">
      <ele>2653.5</ele></trkpt>
      <trkpt lat="46.65409936165404" lon="9.353960596322006">
      <ele>2652.9</ele></trkpt>
      <trkpt lat="46.65407153517367" lon="9.35398277839053">
      <ele>2652.3</ele></trkpt>
      <trkpt lat="46.654034316660955" lon="9.35399038346426">
      <ele>2651.7</ele></trkpt>
      <trkpt lat="46.654005689590896" lon="9.354012550160308">
      <ele>2651.1</ele></trkpt>
      <trkpt lat="46.6539614266957" lon="9.35405219563656">
      <ele>2650.6</ele></trkpt>
      <trkpt lat="46.65392386804518" lon="9.354105721547576">
      <ele>2650.0</ele></trkpt>
      <trkpt lat="46.65388506082451" lon="9.354139314067018">
      <ele>2649.4</ele></trkpt>
      <trkpt lat="46.653868845840194" lon="9.354150029339197">
      <ele>2648.8</ele></trkpt>
      <trkpt lat="46.65380493952772" lon="9.354136171295501">
      <ele>2648.2</ele></trkpt>
      <trkpt lat="46.65376266678974" lon="9.354120062074806">
      <ele>2647.7</ele></trkpt>
      <trkpt lat="46.65371839375775" lon="9.354112140677744">
      <ele>2647.1</ele></trkpt>
      <trkpt lat="46.65368835383938" lon="9.35410166635896">
      <ele>2646.5</ele></trkpt>
      <trkpt lat="46.653653307676805" lon="9.354095130770716">
      <ele>2648.2</ele></trkpt>
      <trkpt lat="46.653587558961895" lon="9.354028688733642">
      <ele>2649.8</ele></trkpt>
      <trkpt lat="46.653540955457906" lon="9.354045918321646">
      <ele>2651.5</ele></trkpt>
      <trkpt lat="46.65350103120931" lon="9.354064600095034">
      <ele>2653.1</ele></trkpt>
      <trkpt lat="46.65345411928527" lon="9.354058427704622">
      <ele>2654.8</ele></trkpt>
      <trkpt lat="46.653411829189515" lon="9.354043350372846">
      <ele>2656.4</ele></trkpt>
      <trkpt lat="46.65338812238746" lon="9.354022803552928">
      <ele>2658.1</ele></trkpt>
      <trkpt lat="46.653358030204245" lon="9.354015437574411">
      <ele>2659.7</ele></trkpt>
      <trkpt lat="46.653337216928826" lon="9.3540063621987">
      <ele>2661.4</ele></trkpt>
      <trkpt lat="46.65328933498899" lon="9.353993125130577">
      <ele>2663.1</ele></trkpt>
      <trkpt lat="46.65324968659075" lon="9.354003963050875">
      <ele>2664.7</ele></trkpt>
      <trkpt lat="46.65317472129237" lon="9.354024903896823">
      <ele>2666.4</ele></trkpt>
      <trkpt lat="46.65313890905565" lon="9.35402646923839">
      <ele>2668.0</ele></trkpt>
      <trkpt lat="46.65304358758076" lon="9.353974215661255">
      <ele>2669.7</ele></trkpt>
      <trkpt lat="46.65300285251041" lon="9.353950137906281">
      <ele>2671.3</ele></trkpt>
      <trkpt lat="46.65296239526534" lon="9.353834597777078">
      <ele>2673.0</ele></trkpt>
      <trkpt lat="46.65295415664717" lon="9.353795834957786">
      <ele>2674.6</ele></trkpt>
      <trkpt lat="46.652948381867056" lon="9.35378447053076">
      <ele>2676.3</ele></trkpt>
      <trkpt lat="46.65292118297492" lon="9.353761291199584">
      <ele>2677.9</ele></trkpt>
      <trkpt lat="46.65289935557467" lon="9.353729573339551">
      <ele>2679.6</ele></trkpt>
      <trkpt lat="46.65288596985102" lon="9.353726681127817">
      <ele>2682.0</ele></trkpt>
      <trkpt lat="46.65286238472576" lon="9.353750816547498">
      <ele>2684.5</ele></trkpt>
      <trkpt lat="46.65283459273424" lon="9.353800924546212">
      <ele>2686.9</ele></trkpt>
      <trkpt lat="46.65280358457549" lon="9.353822353026253">
      <ele>2689.4</ele></trkpt>
      <trkpt lat="46.65275880518581" lon="9.353821000034225">
      <ele>2691.8</ele></trkpt>
      <trkpt lat="46.65268124094376" lon="9.353816158259654">
      <ele>2694.2</ele></trkpt>
      <trkpt lat="46.6526247027763" lon="9.35380452235089">
      <ele>2696.7</ele></trkpt>
      <trkpt lat="46.652537851397156" lon="9.353736039853006">
      <ele>2699.1</ele></trkpt>
      <trkpt lat="46.65240050166529" lon="9.353611367400074">
      <ele>2701.6</ele></trkpt>
      <trkpt lat="46.652287054528955" lon="9.353527176316907">
      <ele>2704.0</ele></trkpt>
      <trkpt lat="46.652221035238234" lon="9.353461824724022">
      <ele>2706.4</ele></trkpt>
      <trkpt lat="46.65215577908944" lon="9.353478484399961">
      <ele>2708.9</ele></trkpt>
      <trkpt lat="46.65209942978547" lon="9.353497903456653">
      <ele>2711.3</ele></trkpt>
      <trkpt lat="46.65205887247323" lon="9.353510355742278">
      <ele>2713.8</ele></trkpt>
      <trkpt lat="46.6520013643531" lon="9.353533405530007">
      <ele>2716.2</ele></trkpt>
      <trkpt lat="46.65192576702585" lon="9.353535742551308">
      <ele>2718.6</ele></trkpt>
      <trkpt lat="46.65187279023908" lon="9.353522613058466">
      <ele>2721.1</ele></trkpt>
      <trkpt lat="46.65180263924378" lon="9.353511958434048">
      <ele>2723.5</ele></trkpt>
      <trkpt lat="46.65174887798147" lon="9.353490895538256">
      <ele>2726.0</ele></trkpt>
      <trkpt lat="46.65171400981447" lon="9.353472162165293">
      <ele>2728.4</ele></trkpt>
      <trkpt lat="46.651657206492025" lon="9.353473088021685">
      <ele>2730.5</ele></trkpt>
      <trkpt lat="46.65160164665011" lon="9.353451961444547">
      <ele>2732.6</ele></trkpt>
      <trkpt lat="46.65155737997264" lon="9.353458114433316">
      <ele>2734.8</ele></trkpt>
      <trkpt lat="46.65149841609521" lon="9.353482654359734">
      <ele>2736.9</ele></trkpt>
      <trkpt lat="46.651457560839596" lon="9.353501590301796">
      <ele>2739.0</ele></trkpt>
      <trkpt lat="46.6514413478117" lon="9.353500950044035">
      <ele>2741.1</ele></trkpt>
      <trkpt lat="46.65141973029482" lon="9.353500105073792">
      <ele>2743.2</ele></trkpt>
      <trkpt lat="46.65137341026767" lon="9.353463534240651">
      <ele>2745.4</ele></trkpt>
      <trkpt lat="46.65134847812711" lon="9.353443611426762">
      <ele>2747.5</ele></trkpt>
      <trkpt lat="46.651301557717005" lon="9.353446508064478">
      <ele>2749.6</ele></trkpt>
      <trkpt lat="46.65119611508822" lon="9.353445526284322">
      <ele>2751.7</ele></trkpt>
      <trkpt lat="46.65115281816114" lon="9.35344698335533">
      <ele>2753.8</ele></trkpt>
      <trkpt lat="46.65107586773992" lon="9.353430782665495">
      <ele>2756.0</ele></trkpt>
      <trkpt lat="46.65104532194257" lon="9.35340329113655">
      <ele>2758.1</ele></trkpt>
      <trkpt lat="46.65100183209227" lon="9.35335894159844">
      <ele>2760.2</ele></trkpt>
      <trkpt lat="46.65095841290374" lon="9.353309851324628">
      <ele>2762.3</ele></trkpt>
      <trkpt lat="46.650919092615474" lon="9.353287785215281">
      <ele>2764.4</ele></trkpt>
      <trkpt lat="46.65086252766219" lon="9.353272921754835">
      <ele>2766.6</ele></trkpt>
      <trkpt lat="46.65081397637479" lon="9.353264706056331">
      <ele>2768.7</ele></trkpt>
      <trkpt lat="46.65077200255852" lon="9.353239370692954">
      <ele>2770.8</ele></trkpt>
      <trkpt lat="46.650726679093886" lon="9.35324790367314">
      <ele>2771.8</ele></trkpt>
      <trkpt lat="46.6506859516893" lon="9.353251738703026">
      <ele>2772.8</ele></trkpt>
      <trkpt lat="46.65066947546179" lon="9.353271042367043">
      <ele>2773.8</ele></trkpt>
      <trkpt lat="46.65063569099689" lon="9.353253145016375">
      <ele>2774.8</ele></trkpt>
      <trkpt lat="46.650618747809276" lon="9.353229559619214">
      <ele>2775.9</ele></trkpt>
      <trkpt lat="46.65060979457061" lon="9.353193687164724">
      <ele>2776.9</ele></trkpt>
      <trkpt lat="46.65060089891832" lon="9.353189190370731">
      <ele>2777.9</ele></trkpt>
      <trkpt lat="46.65057820906334" lon="9.353187366704093">
      <ele>2778.9</ele></trkpt>
      <trkpt lat="46.65053982965353" lon="9.353193375715556">
      <ele>2779.9</ele></trkpt>
      <trkpt lat="46.65050141125576" lon="9.353237042048749">
      <ele>2780.9</ele></trkpt>
      <trkpt lat="46.65046797062242" lon="9.353269359840475">
      <ele>2781.9</ele></trkpt>
      <trkpt lat="46.65043649124274" lon="9.35332686162104">
      <ele>2782.9</ele></trkpt>
      <trkpt lat="46.650425410291625" lon="9.35334531112546">
      <ele>2783.9</ele></trkpt>
      <trkpt lat="46.650372218686854" lon="9.353356740222353">
      <ele>2784.9</ele></trkpt>
      <trkpt lat="46.65033979991879" lon="9.353350742953255">
      <ele>2785.9</ele></trkpt>
      <trkpt lat="46.65030977551331" lon="9.353358080345284">
      <ele>2787.0</ele></trkpt>
      <trkpt lat="46.65027895056613" lon="9.353342378684175">
      <ele>2788.0</ele></trkpt>
      <trkpt lat="46.65026124684685" lon="9.353328174551741">
      <ele>2789.0</ele></trkpt>
      <trkpt lat="46.65023914585723" lon="9.353291849219763">
      <ele>2790.0</ele></trkpt>
      <trkpt lat="46.65023547358549" lon="9.353261390965493">
      <ele>2791.0</ele></trkpt>
      <trkpt lat="46.650231616942364" lon="9.353242438031751">
      <ele>2792.6</ele></trkpt>
      <trkpt lat="46.650226832740366" lon="9.353242268408325">
      <ele>2794.1</ele></trkpt>
      <trkpt lat="46.65020518559243" lon="9.35328441226937">
      <ele>2795.7</ele></trkpt>
      <trkpt lat="46.65015327188873" lon="9.353312964974775">
      <ele>2797.2</ele></trkpt>
      <trkpt lat="46.650112395018226" lon="9.353325157350692">
      <ele>2798.8</ele></trkpt>
      <trkpt lat="46.65007506629945" lon="9.353305056870045">
      <ele>2800.3</ele></trkpt>
      <trkpt lat="46.65002244862026" lon="9.353304288868365">
      <ele>2801.9</ele></trkpt>
      <trkpt lat="46.65000097237518" lon="9.353301462862712">
      <ele>2803.4</ele></trkpt>
      <trkpt lat="46.64996711746068" lon="9.35328775763994">
      <ele>2805.0</ele></trkpt>
      <trkpt lat="46.64991836051883" lon="9.35327143340243">
      <ele>2806.6</ele></trkpt>
      <trkpt lat="46.64988043394579" lon="9.353285834102236">
      <ele>2808.1</ele></trkpt>
      <trkpt lat="46.64985508861449" lon="9.353299596321884">
      <ele>2809.7</ele></trkpt>
      <trkpt lat="46.64980683719163" lon="9.353288529777542">
      <ele>2811.2</ele></trkpt>
      <trkpt lat="46.64978189315522" lon="9.353290729114761">
      <ele>2812.8</ele></trkpt>
      <trkpt lat="46.64973731834396" lon="9.353273455607523">
      <ele>2814.3</ele></trkpt>
      <trkpt lat="46.64970509906272" lon="9.353256659391917">
      <ele>2815.9</ele></trkpt>
      <trkpt lat="46.64967481416678" lon="9.35321417737759">
      <ele>2817.4</ele></trkpt>
      <trkpt lat="46.64965727868295" lon="9.353197993278696">
      <ele>2819.0</ele></trkpt>
      <trkpt lat="46.64962721494256" lon="9.353191609279442">
      <ele>2820.5</ele></trkpt>
      <trkpt lat="46.649602716927696" lon="9.35322670015841">
      <ele>2822.1</ele></trkpt>
      <trkpt lat="46.64958055157599" lon="9.353260593178895">
      <ele>2821.7</ele></trkpt>
      <trkpt lat="46.64955808758844" lon="9.353263533781535">
      <ele>2821.4</ele></trkpt>
      <trkpt lat="46.6495431491714" lon="9.353279677169498">
      <ele>2821.0</ele></trkpt>
      <trkpt lat="46.64953942611545" lon="9.353320770401329">
      <ele>2820.6</ele></trkpt>
      <trkpt lat="46.64951377858175" lon="9.353330026882524">
      <ele>2820.2</ele></trkpt>
      <trkpt lat="46.649502484741156" lon="9.353320989407631">
      <ele>2819.9</ele></trkpt>
      <trkpt lat="46.64948574414023" lon="9.353285886906413">
      <ele>2819.5</ele></trkpt>
      <trkpt lat="46.64946435568526" lon="9.35327783740216">
      <ele>2819.1</ele></trkpt>
      <trkpt lat="46.64944856077279" lon="9.353291938132468">
      <ele>2818.8</ele></trkpt>
      <trkpt lat="46.64943799455533" lon="9.3533156322004">
      <ele>2818.4</ele></trkpt>
      <trkpt lat="46.649438636852736" lon="9.353348086301244">
      <ele>2818.0</ele></trkpt>
      <trkpt lat="46.64944157074241" lon="9.353421402551039">
      <ele>2817.7</ele></trkpt>
      <trkpt lat="46.64943472940098" lon="9.353472420284582">
      <ele>2817.3</ele></trkpt>
      <trkpt lat="46.64942744751821" lon="9.353478447117604">
      <ele>2816.9</ele></trkpt>
      <trkpt lat="46.649411837394965" lon="9.353482087982362">
      <ele>2816.5</ele></trkpt>
      <trkpt lat="46.64940857914989" lon="9.353497665440324">
      <ele>2816.2</ele></trkpt>
      <trkpt lat="46.64941025940032" lon="9.353539564288289">
      <ele>2815.8</ele></trkpt>
      <trkpt lat="46.649406530543914" lon="9.353547807756488">
      <ele>2815.4</ele></trkpt>
      <trkpt lat="46.64938866880335" lon="9.353543006133702">
      <ele>2815.1</ele></trkpt>
      <trkpt lat="46.649382024559955" lon="9.35354696490724">
      <ele>2814.7</ele></trkpt>
      <trkpt lat="46.6493800463965" lon="9.353592915317783">
      <ele>2815.4</ele></trkpt>
      <trkpt lat="46.649363464521976" lon="9.353618499697616">
      <ele>2816.0</ele></trkpt>
      <trkpt lat="46.64933798299702" lon="9.353675154407995">
      <ele>2816.7</ele></trkpt>
      <trkpt lat="46.64933798299702" lon="9.353675154407995">
      <ele>2817.3</ele></trkpt>
      <trkpt lat="46.649344999227104" lon="9.353805899250835">
      <ele>2818.0</ele></trkpt>
      <trkpt lat="46.64934604387726" lon="9.35385187843051">
      <ele>2818.6</ele></trkpt>
      <trkpt lat="46.649328821326364" lon="9.353913961103245">
      <ele>2819.3</ele></trkpt>
      <trkpt lat="46.64932664779227" lon="9.353947439007804">
      <ele>2819.9</ele></trkpt>
      <trkpt lat="46.649332558170215" lon="9.353981242830052">
      <ele>2820.6</ele></trkpt>
      <trkpt lat="46.64934749354546" lon="9.354008101739781">
      <ele>2821.2</ele></trkpt>
      <trkpt lat="46.64935183437342" lon="9.354038922995048">
      <ele>2821.9</ele></trkpt>
      <trkpt lat="46.6493510340378" lon="9.354087058067519">
      <ele>2822.6</ele></trkpt>
      <trkpt lat="46.64935787625413" lon="9.354113603815087">
      <ele>2823.2</ele></trkpt>
      <trkpt lat="46.64938754163759" lon="9.354178996007596">
      <ele>2823.9</ele></trkpt>
      <trkpt lat="46.64938281742487" lon="9.354219674625364">
      <ele>2824.5</ele></trkpt>
      <trkpt lat="46.64939544742217" lon="9.35423914761791">
      <ele>2825.2</ele></trkpt>
      <trkpt lat="46.649395741620864" lon="9.354269812306974">
      <ele>2825.8</ele></trkpt>
      <trkpt lat="46.64939972332674" lon="9.35432252050424">
      <ele>2826.5</ele></trkpt>
      <trkpt lat="46.64938938297261" lon="9.354360059901374">
      <ele>2827.1</ele></trkpt>
      <trkpt lat="46.64942094685424" lon="9.354401908258644">
      <ele>2827.8</ele></trkpt>
      <trkpt lat="46.64944609051663" lon="9.354431180944438">
      <ele>2828.9</ele></trkpt>
      <trkpt lat="46.64942631625141" lon="9.354475363237203">
      <ele>2830.1</ele></trkpt>
      <trkpt lat="46.64942859696074" lon="9.35448421184774">
      <ele>2831.2</ele></trkpt>
      <trkpt lat="46.64944622098773" lon="9.354495120530519">
      <ele>2832.3</ele></trkpt>
      <trkpt lat="46.64947570574276" lon="9.354474397583992">
      <ele>2833.4</ele></trkpt>
      <trkpt lat="46.649488065785185" lon="9.354509919978918">
      <ele>2834.6</ele></trkpt>
      <trkpt lat="46.64952742476024" lon="9.354527532051248">
      <ele>2835.7</ele></trkpt>
      <trkpt lat="46.64953109441271" lon="9.354501411368751">
      <ele>2836.8</ele></trkpt>
      <trkpt lat="46.6495380750592" lon="9.354471030823895">
      <ele>2837.9</ele></trkpt>
      <trkpt lat="46.64955477595725" lon="9.354489211027918">
      <ele>2839.1</ele></trkpt>
      <trkpt lat="46.649570895042814" lon="9.354492762089937">
      <ele>2840.2</ele></trkpt>
      <trkpt lat="46.649577066329734" lon="9.354462352807882">
      <ele>2841.3</ele></trkpt>
      <trkpt lat="46.64957591363291" lon="9.354434584485578">
      <ele>2842.4</ele></trkpt>
      <trkpt lat="46.64959316095129" lon="9.354419202778994">
      <ele>2843.6</ele></trkpt>
      <trkpt lat="46.64961131545261" lon="9.354349874887056">
      <ele>2844.7</ele></trkpt>
      <trkpt lat="46.64962915128041" lon="9.354299495369977">
      <ele>2845.8</ele></trkpt>
      <trkpt lat="46.64962958389075" lon="9.3542732336616">
      <ele>2846.9</ele></trkpt>
      <trkpt lat="46.64964026738457" lon="9.354263446779964">
      <ele>2848.1</ele></trkpt>
      <trkpt lat="46.64966948357207" lon="9.35427956211725">
      <ele>2849.2</ele></trkpt>
      <trkpt lat="46.64967956182633" lon="9.354285433766954">
      <ele>2850.3</ele></trkpt>
      <trkpt lat="46.64968255374858" lon="9.354300148443226">
      <ele>2851.7</ele></trkpt>
      <trkpt lat="46.64970182978979" lon="9.354357829096365">
      <ele>2853.1</ele></trkpt>
      <trkpt lat="46.649709677406825" lon="9.354372742174727">
      <ele>2854.5</ele></trkpt>
      <trkpt lat="46.649731093820876" lon="9.354350230166423">
      <ele>2855.8</ele></trkpt>
      <trkpt lat="46.64974155662246" lon="9.354353567473872">
      <ele>2857.2</ele></trkpt>
      <trkpt lat="46.64976455145382" lon="9.354382202211447">
      <ele>2858.6</ele></trkpt>
      <trkpt lat="46.64977901162926" lon="9.35438862134422">
      <ele>2860.0</ele></trkpt>
      <trkpt lat="46.649807997095984" lon="9.354348894578544">
      <ele>2861.4</ele></trkpt>
      <trkpt lat="46.649837457228585" lon="9.354329634012283">
      <ele>2862.8</ele></trkpt>
      <trkpt lat="46.649831170206525" lon="9.3542695393177">
      <ele>2864.2</ele></trkpt>
      <trkpt lat="46.64983529033635" lon="9.354265321192624">
      <ele>2865.5</ele></trkpt>
      <trkpt lat="46.64987472291198" lon="9.354278558458194">
      <ele>2866.9</ele></trkpt>
      <trkpt lat="46.64989600088784" lon="9.354312973155565">
      <ele>2868.3</ele></trkpt>
      <trkpt lat="46.64990411839618" lon="9.354311836847254">
      <ele>2869.7</ele></trkpt>
      <trkpt lat="46.64992971927976" lon="9.35428074459648">
      <ele>2871.1</ele></trkpt>
      <trkpt lat="46.64993157270292" lon="9.354245974432315">
      <ele>2872.5</ele></trkpt>
      <trkpt lat="46.649929965354424" lon="9.354201895589874">
      <ele>2873.8</ele></trkpt>
      <trkpt lat="46.6499393242868" lon="9.354190611246914">
      <ele>2875.2</ele></trkpt>
      <trkpt lat="46.64995847605118" lon="9.354188794856913">
      <ele>2876.6</ele></trkpt>
      <trkpt lat="46.64997410560908" lon="9.354167410210339">
      <ele>2878.0</ele></trkpt>
      <trkpt lat="46.64999331381495" lon="9.354161701922056">
      <ele>2879.1</ele></trkpt>
      <trkpt lat="46.65001667819035" lon="9.354183346038125">
      <ele>2880.2</ele></trkpt>
      <trkpt lat="46.65002139934227" lon="9.354223654580334">
      <ele>2881.3</ele></trkpt>
      <trkpt lat="46.65003708594936" lon="9.354247574396608">
      <ele>2882.4</ele></trkpt>
      <trkpt lat="46.65004667059385" lon="9.354269958023828">
      <ele>2883.5</ele></trkpt>
      <trkpt lat="46.650061171222085" lon="9.354271831360567">
      <ele>2884.6</ele></trkpt>
      <trkpt lat="46.65007348758911" lon="9.354267146096928">
      <ele>2885.7</ele></trkpt>
      <trkpt lat="46.650090802679046" lon="9.354284655666133">
      <ele>2886.8</ele></trkpt>
      <trkpt lat="46.65010756609439" lon="9.354337112370754">
      <ele>2887.9</ele></trkpt>
      <trkpt lat="46.6501280045005" lon="9.354400048374513">
      <ele>2889.1</ele></trkpt>
      <trkpt lat="46.65012467053657" lon="9.354432962920747">
      <ele>2890.2</ele></trkpt>
      <trkpt lat="46.65012583207702" lon="9.354508895996915">
      <ele>2891.3</ele></trkpt>
      <trkpt lat="46.65016270721227" lon="9.354578961720039">
      <ele>2892.4</ele></trkpt>
      <trkpt lat="46.650183347491016" lon="9.354603135862527">
      <ele>2893.5</ele></trkpt>
      <trkpt lat="46.65021018368571" lon="9.354595437790856">
      <ele>2894.6</ele></trkpt>
      <trkpt lat="46.65022851888321" lon="9.354612212763659">
      <ele>2895.7</ele></trkpt>
      <trkpt lat="46.65027417366495" lon="9.354689920694517">
      <ele>2896.8</ele></trkpt>
      <trkpt lat="46.65028954111219" lon="9.35473869560049">
      <ele>2897.9</ele></trkpt>
      <trkpt lat="46.65029923686302" lon="9.354788706633476">
      <ele>2899.0</ele></trkpt>
      <trkpt lat="46.650311106092566" lon="9.354853403524034">
      <ele>2900.1</ele></trkpt>
      <trkpt lat="46.650345096020246" lon="9.354951082106536">
      <ele>2900.8</ele></trkpt>
      <trkpt lat="46.6503805151834" lon="9.35501086541661">
      <ele>2901.5</ele></trkpt>
      <trkpt lat="46.650417341019306" lon="9.35508384398358">
      <ele>2902.1</ele></trkpt>
      <trkpt lat="46.65047036846235" lon="9.355155999501315">
      <ele>2902.8</ele></trkpt>
      <trkpt lat="46.650528534868535" lon="9.355223280670792">
      <ele>2903.5</ele></trkpt>
      <trkpt lat="46.65055341890657" lon="9.355281344555527">
      <ele>2904.2</ele></trkpt>
      <trkpt lat="46.65056956028335" lon="9.355325286477106">
      <ele>2904.9</ele></trkpt>
      <trkpt lat="46.650585175351296" lon="9.35540264793308">
      <ele>2905.5</ele></trkpt>
      <trkpt lat="46.65059071622227" lon="9.355550369890567">
      <ele>2906.2</ele></trkpt>
      <trkpt lat="46.650593831798886" lon="9.355639008732306">
      <ele>2906.9</ele></trkpt>
      <trkpt lat="46.650588996548436" lon="9.355760581379919">
      <ele>2907.6</ele></trkpt>
      <trkpt lat="46.65059814359507" lon="9.355794514187536">
      <ele>2908.3</ele></trkpt>
      <trkpt lat="46.6506103069688" lon="9.35584169940207">
      <ele>2908.9</ele></trkpt>
      <trkpt lat="46.65062167720454" lon="9.355985198789917">
      <ele>2909.6</ele></trkpt>
      <trkpt lat="46.65062349139928" lon="9.356021759080212">
      <ele>2910.3</ele></trkpt>
      <trkpt lat="46.650608801927014" lon="9.35612626928954">
      <ele>2911.0</ele></trkpt>
      <trkpt lat="46.65060964404134" lon="9.356173000312966">
      <ele>2911.7</ele></trkpt>
      <trkpt lat="46.65061017483421" lon="9.356286871114719">
      <ele>2912.3</ele></trkpt>
      <trkpt lat="46.65061975506697" lon="9.356392347673813">
      <ele>2913.0</ele></trkpt>
      <trkpt lat="46.65063258025595" lon="9.356448311386208">
      <ele>2913.7</ele></trkpt>
      <trkpt lat="46.65065393122321" lon="9.356478352620941">
      <ele>2915.5</ele></trkpt>
      <trkpt lat="46.65067489031568" lon="9.356483565875344">
      <ele>2917.4</ele></trkpt>
      <trkpt lat="46.650690396523025" lon="9.356475414010218">
      <ele>2919.2</ele></trkpt>
      <trkpt lat="46.65071036633437" lon="9.35644264576365">
      <ele>2921.0</ele></trkpt>
      <trkpt lat="46.650717135553435" lon="9.356425389546466">
      <ele>2922.9</ele></trkpt>
      <trkpt lat="46.65073206969604" lon="9.356354469913729">
      <ele>2924.7</ele></trkpt>
      <trkpt lat="46.65076521699055" lon="9.3562594482309">
      <ele>2926.5</ele></trkpt>
      <trkpt lat="46.65079187329517" lon="9.356213798084754">
      <ele>2928.4</ele></trkpt>
      <trkpt lat="46.65081650265955" lon="9.356192877000787">
      <ele>2930.2</ele></trkpt>
      <trkpt lat="46.65085339327471" lon="9.356213317024869">
      <ele>2932.1</ele></trkpt>
      <trkpt lat="46.65087501445905" lon="9.35622730857647">
      <ele>2933.9</ele></trkpt>
      <trkpt lat="46.65091517441231" lon="9.356196785919344">
      <ele>2935.7</ele></trkpt>
      <trkpt lat="46.65093126968949" lon="9.356153635337726">
      <ele>2937.6</ele></trkpt>
      <trkpt lat="46.65097266431632" lon="9.356146520221019">
      <ele>2939.4</ele></trkpt>
      <trkpt lat="46.65101486829928" lon="9.356139433832933">
      <ele>2941.2</ele></trkpt>
      <trkpt lat="46.651029500263036" lon="9.356135641289388">
      <ele>2943.1</ele></trkpt>
      <trkpt lat="46.65103953019058" lon="9.356165228344171">
      <ele>2944.9</ele></trkpt>
      <trkpt lat="46.651047623317865" lon="9.3561655418624">
      <ele>2946.7</ele></trkpt>
      <trkpt lat="46.651077271269216" lon="9.35613460658927">
      <ele>2948.6</ele></trkpt>
      <trkpt lat="46.65111795479036" lon="9.356121625226214">
      <ele>2950.4</ele></trkpt>
      <trkpt lat="46.65115079885382" lon="9.356141908558103">
      <ele>2951.4</ele></trkpt>
      <trkpt lat="46.651165660081205" lon="9.356173143815003">
      <ele>2952.4</ele></trkpt>
      <trkpt lat="46.65117430782348" lon="9.356188085983128">
      <ele>2953.5</ele></trkpt>
      <trkpt lat="46.651218007647145" lon="9.356188357201159">
      <ele>2954.5</ele></trkpt>
      <trkpt lat="46.65126569666472" lon="9.35614354496591">
      <ele>2955.5</ele></trkpt>
      <trkpt lat="46.65127942123796" lon="9.356145548097295">
      <ele>2956.5</ele></trkpt>
      <trkpt lat="46.65128552747289" lon="9.35616767840186">
      <ele>2957.5</ele></trkpt>
      <trkpt lat="46.65130322497285" lon="9.356174213155178">
      <ele>2958.6</ele></trkpt>
      <trkpt lat="46.651330339718896" lon="9.356157457039139">
      <ele>2959.6</ele></trkpt>
      <trkpt lat="46.65134721687056" lon="9.356225025150287">
      <ele>2960.6</ele></trkpt>
      <trkpt lat="46.651359084813734" lon="9.356255004344746">
      <ele>2961.6</ele></trkpt>
      <trkpt lat="46.651397159369594" lon="9.356258564770783">
      <ele>2962.6</ele></trkpt>
      <trkpt lat="46.65142276568436" lon="9.356237338420303">
      <ele>2963.7</ele></trkpt>
      <trkpt lat="46.65143803511018" lon="9.356243786989065">
      <ele>2964.7</ele></trkpt>
      <trkpt lat="46.65144504872259" lon="9.35626012166266">
      <ele>2965.7</ele></trkpt>
      <trkpt lat="46.65144500778365" lon="9.356311199536437">
      <ele>2966.7</ele></trkpt>
      <trkpt lat="46.651459982636105" lon="9.356335147598426">
      <ele>2967.7</ele></trkpt>
      <trkpt lat="46.65146628514289" lon="9.356345616037247">
      <ele>2968.8</ele></trkpt>
      <trkpt lat="46.65147536640012" lon="9.356432090040926">
      <ele>2969.8</ele></trkpt>
      <trkpt lat="46.65148695875817" lon="9.356468815267352">
      <ele>2970.8</ele></trkpt>
      <trkpt lat="46.65151587878665" lon="9.35648379807066">
      <ele>2972.1</ele></trkpt>
      <trkpt lat="46.6515412556092" lon="9.356510415468525">
      <ele>2973.5</ele></trkpt>
      <trkpt lat="46.651570559805364" lon="9.356572597396713">
      <ele>2974.8</ele></trkpt>
      <trkpt lat="46.651580358385985" lon="9.3566634876506">
      <ele>2976.1</ele></trkpt>
      <trkpt lat="46.65159607214706" lon="9.356734935063734">
      <ele>2977.5</ele></trkpt>
      <trkpt lat="46.651614632526545" lon="9.356767177644963">
      <ele>2978.8</ele></trkpt>
      <trkpt lat="46.65163003327741" lon="9.356858280086437">
      <ele>2980.1</ele></trkpt>
      <trkpt lat="46.65165142976963" lon="9.356924088480032">
      <ele>2981.4</ele></trkpt>
      <trkpt lat="46.651681137109264" lon="9.356960712640772">
      <ele>2982.8</ele></trkpt>
      <trkpt lat="46.651712992592564" lon="9.357003358721412">
      <ele>2984.1</ele></trkpt>
      <trkpt lat="46.651735086158375" lon="9.357096698459962">
      <ele>2985.4</ele></trkpt>
      <trkpt lat="46.65175870650924" lon="9.357164559237212">
      <ele>2986.8</ele></trkpt>
      <trkpt lat="46.6518418854259" lon="9.357333441893347">
      <ele>2988.1</ele></trkpt>
      <trkpt lat="46.65192836231839" lon="9.357501501432296">
      <ele>2989.4</ele></trkpt>
      <trkpt lat="46.65201938015997" lon="9.357610972525382">
      <ele>2990.8</ele></trkpt>
      <trkpt lat="46.65215566834767" lon="9.357717217969208">
      <ele>2992.1</ele></trkpt>
      <trkpt lat="46.652279963325306" lon="9.357813224144833">
      <ele>2993.4</ele></trkpt>
      <trkpt lat="46.65234489825388" lon="9.357876033754053">
      <ele>2994.7</ele></trkpt>
      <trkpt lat="46.6524311726274" lon="9.357911860000812">
      <ele>2996.1</ele></trkpt>
      <trkpt lat="46.65255069025007" lon="9.357914879687574">
      <ele>2997.4</ele></trkpt>
      </trkseg>
  </trk>
</gpx>