<?xml version='1.0' encoding='utf-8'?>
<gpx xmlns="http://www.topografix.com/GPX/1/1" xmlns:xsi="http://www.w3.org/2001/XMLSchema-instance" xsi:schemaLocation="http://www.topografix.com/GPX/1/1 http://www.topografix.com/GPX/1/1/gpx.xsd" version="1.1" creator="gpx.py -- https://github.com/tkrajina/gpxpy">
  <trk>
    <name>salmone</name>
    <trkseg>
      <trkpt lat="46.24945242737416" lon="8.635470538643284">
      <ele>1842.4</ele></trkpt>
      <trkpt lat="46.24941320693142" lon="8.635436918702695">
      <ele>1841.9</ele></trkpt>
      <trkpt lat="46.24939317906695" lon="8.6351436435089">
      <ele>1841.4</ele></trkpt>
      <trkpt lat="46.2493927913147" lon="8.635056968518041">
      <ele>1840.8</ele></trkpt>
      <trkpt lat="46.249342393224076" lon="8.634930977275184">
      <ele>1840.3</ele></trkpt>
      <trkpt lat="46.24933256639077" lon="8.634884426011771">
      <ele>1839.8</ele></trkpt>
      <trkpt lat="46.249320633372754" lon="8.63484987592554">
      <ele>1839.2</ele></trkpt>
      <trkpt lat="46.24930439604043" lon="8.634711044948206">
      <ele>1838.7</ele></trkpt>
      <trkpt lat="46.24929886830378" lon="8.634570153962391">
      <ele>1838.2</ele></trkpt>
      <trkpt lat="46.24928107622646" lon="8.634523894682625">
      <ele>1837.7</ele></trkpt>
      <trkpt lat="46.249251453475466" lon="8.634401900845774">
      <ele>1837.2</ele></trkpt>
      <trkpt lat="46.249247493499546" lon="8.634356931056027">
      <ele>1836.6</ele></trkpt>
      <trkpt lat="46.24925561857539" lon="8.634298947304147">
      <ele>1836.1</ele></trkpt>
      <trkpt lat="46.249252769495065" lon="8.634205047102926">
      <ele>1835.6</ele></trkpt>
      <trkpt lat="46.24922887512023" lon="8.63414029106392">
      <ele>1835.1</ele></trkpt>
      <trkpt lat="46.24920452697636" lon="8.63405717518477">
      <ele>1834.5</ele></trkpt>
      <trkpt lat="46.24918539016143" lon="8.633956809460344">
      <ele>1834.0</ele></trkpt>
      <trkpt lat="46.24915329783162" lon="8.633893935555047">
      <ele>1833.5</ele></trkpt>
      <trkpt lat="46.24913428939443" lon="8.633843564958758">
      <ele>1833.0</ele></trkpt>
      <trkpt lat="46.2491260079001" lon="8.633790356449667">
      <ele>1832.4</ele></trkpt>
      <trkpt lat="46.24909788193198" lon="8.633707144989303">
      <ele>1831.9</ele></trkpt>
      <trkpt lat="46.24906585593663" lon="8.633637127359087">
      <ele>1831.7</ele></trkpt>
      <trkpt lat="46.24904767262271" lon="8.633567400687575">
      <ele>1831.5</ele></trkpt>
      <trkpt lat="46.24904694836857" lon="8.63351332073123">
      <ele>1831.3</ele></trkpt>
      <trkpt lat="46.249041967541416" lon="8.633444869464743">
      <ele>1831.1</ele></trkpt>
      <trkpt lat="46.24904232837293" lon="8.633408151694614">
      <ele>1830.9</ele></trkpt>
      <trkpt lat="46.24903704399757" lon="8.63336928700867">
      <ele>1830.7</ele></trkpt>
      <trkpt lat="46.249059881436615" lon="8.633287129439376">
      <ele>1830.5</ele></trkpt>
      <trkpt lat="46.24906393211302" lon="8.633259661084573">
      <ele>1830.3</ele></trkpt>
      <trkpt lat="46.24906998275902" lon="8.633220007678247">
      <ele>1830.1</ele></trkpt>
      <trkpt lat="46.24907105925262" lon="8.633175148647299">
      <ele>1829.9</ele></trkpt>
      <trkpt lat="46.24905993236748" lon="8.633154518619358">
      <ele>1829.7</ele></trkpt>
      <trkpt lat="46.24903864002143" lon="8.63314489593399">
      <ele>1829.5</ele></trkpt>
      <trkpt lat="46.24900734882052" lon="8.633127947343546">
      <ele>1829.3</ele></trkpt>
      <trkpt lat="46.248956561080576" lon="8.633046327077595">
      <ele>1829.1</ele></trkpt>
      <trkpt lat="46.24887985831041" lon="8.632913173907216">
      <ele>1828.9</ele></trkpt>
      <trkpt lat="46.2488652821319" lon="8.632796582450077">
      <ele>1828.7</ele></trkpt>
      <trkpt lat="46.24879428337164" lon="8.632595200377791">
      <ele>1828.5</ele></trkpt>
      <trkpt lat="46.24877273426574" lon="8.632546823811557">
      <ele>1828.3</ele></trkpt>
      <trkpt lat="46.248733815764254" lon="8.632410350585868">
      <ele>1828.1</ele></trkpt>
      <trkpt lat="46.24869848661577" lon="8.632356588520683">
      <ele>1827.9</ele></trkpt>
      <trkpt lat="46.248676740189666" lon="8.632328606506663">
      <ele>1827.8</ele></trkpt>
      <trkpt lat="46.24863306419948" lon="8.63222775624688">
      <ele>1827.7</ele></trkpt>
      <trkpt lat="46.248610742022954" lon="8.63219465230171">
      <ele>1827.6</ele></trkpt>
      <trkpt lat="46.24856950579888" lon="8.63216525754005">
      <ele>1827.6</ele></trkpt>
      <trkpt lat="46.24852923811549" lon="8.632101194695958">
      <ele>1827.5</ele></trkpt>
      <trkpt lat="46.24851618958346" lon="8.632021363036497">
      <ele>1827.4</ele></trkpt>
      <trkpt lat="46.24849551022383" lon="8.63194850950668">
      <ele>1827.3</ele></trkpt>
      <trkpt lat="46.24846825838702" lon="8.631905117850854">
      <ele>1827.2</ele></trkpt>
      <trkpt lat="46.24843578493256" lon="8.631879974425436">
      <ele>1827.1</ele></trkpt>
      <trkpt lat="46.248402258364834" lon="8.631834409355783">
      <ele>1827.1</ele></trkpt>
      <trkpt lat="46.24837143489474" lon="8.631770540973104">
      <ele>1827.0</ele></trkpt>
      <trkpt lat="46.24831544440096" lon="8.631706147057645">
      <ele>1826.9</ele></trkpt>
      <trkpt lat="46.2482831124581" lon="8.63166672923772">
      <ele>1826.8</ele></trkpt>
      <trkpt lat="46.24822109496526" lon="8.631638941554462">
      <ele>1826.7</ele></trkpt>
      <trkpt lat="46.24817304027498" lon="8.631599205243043">
      <ele>1826.6</ele></trkpt>
      <trkpt lat="46.24814646279751" lon="8.63155071944931">
      <ele>1826.5</ele></trkpt>
      <trkpt lat="46.24812356453724" lon="8.63151250707957">
      <ele>1826.5</ele></trkpt>
      <trkpt lat="46.24809065663903" lon="8.631467980518998">
      <ele>1826.4</ele></trkpt>
      <trkpt lat="46.24807199649591" lon="8.631381918848776">
      <ele>1826.3</ele></trkpt>
      <trkpt lat="46.248070010156745" lon="8.631328836724911">
      <ele>1826.2</ele></trkpt>
      <trkpt lat="46.248049589037365" lon="8.63129373918883">
      <ele>1826.0</ele></trkpt>
      <trkpt lat="46.24804648672539" lon="8.631225330559378">
      <ele>1825.9</ele></trkpt>
      <trkpt lat="46.248031841505885" lon="8.631179129432134">
      <ele>1825.7</ele></trkpt>
      <trkpt lat="46.2480242852794" lon="8.631116744104744">
      <ele>1825.5</ele></trkpt>
      <trkpt lat="46.24801138725149" lon="8.631084871877034">
      <ele>1825.3</ele></trkpt>
      <trkpt lat="46.247992713431735" lon="8.63106409035138">
      <ele>1825.2</ele></trkpt>
      <trkpt lat="46.247955744701706" lon="8.631048030427484">
      <ele>1825.0</ele></trkpt>
      <trkpt lat="46.24792061997052" lon="8.631037120242027">
      <ele>1824.8</ele></trkpt>
      <trkpt lat="46.247907548332" lon="8.63102256931888">
      <ele>1824.6</ele></trkpt>
      <trkpt lat="46.24790193637988" lon="8.630954105922552">
      <ele>1824.5</ele></trkpt>
      <trkpt lat="46.24788580246158" lon="8.630931344160926">
      <ele>1824.3</ele></trkpt>
      <trkpt lat="46.247864154233106" lon="8.630893159615152">
      <ele>1824.1</ele></trkpt>
      <trkpt lat="46.247843560094616" lon="8.63081215251058">
      <ele>1823.9</ele></trkpt>
      <trkpt lat="46.247829718009754" lon="8.630748631288098">
      <ele>1823.8</ele></trkpt>
      <trkpt lat="46.24779803693897" lon="8.630707179734411">
      <ele>1823.6</ele></trkpt>
      <trkpt lat="46.247772652029965" lon="8.63066586608946">
      <ele>1823.4</ele></trkpt>
      <trkpt lat="46.24771163448674" lon="8.630600365447613">
      <ele>1823.2</ele></trkpt>
      <trkpt lat="46.24766805317164" lon="8.630553570160508">
      <ele>1823.0</ele></trkpt>
      <trkpt lat="46.24764766405131" lon="8.630515413486282">
      <ele>1822.9</ele></trkpt>
      <trkpt lat="46.24758944543054" lon="8.630485674675231">
      <ele>1822.7</ele></trkpt>
      <trkpt lat="46.24752118335946" lon="8.63045368012218">
      <ele>1822.8</ele></trkpt>
      <trkpt lat="46.24747558238891" lon="8.630420106893341">
      <ele>1823.0</ele></trkpt>
      <trkpt lat="46.24742199131359" lon="8.630366998010855">
      <ele>1823.1</ele></trkpt>
      <trkpt lat="46.24739662786117" lon="8.630323636384151">
      <ele>1823.3</ele></trkpt>
      <trkpt lat="46.247379712025406" lon="8.630316159802483">
      <ele>1823.4</ele></trkpt>
      <trkpt lat="46.24735265424718" lon="8.630316630878328">
      <ele>1823.6</ele></trkpt>
      <trkpt lat="46.247322197706104" lon="8.630342535010081">
      <ele>1823.7</ele></trkpt>
      <trkpt lat="46.247283740544" lon="8.630349901736682">
      <ele>1823.9</ele></trkpt>
      <trkpt lat="46.247242187039525" lon="8.630353141791872">
      <ele>1824.0</ele></trkpt>
      <trkpt lat="46.247197052691405" lon="8.630335905322772">
      <ele>1824.2</ele></trkpt>
      <trkpt lat="46.24713337278973" lon="8.63034889251965">
      <ele>1824.3</ele></trkpt>
      <trkpt lat="46.24705911639264" lon="8.630350444133745">
      <ele>1824.4</ele></trkpt>
      <trkpt lat="46.24696795508922" lon="8.630343482040404">
      <ele>1824.6</ele></trkpt>
      <trkpt lat="46.24689642481441" lon="8.630323670869318">
      <ele>1824.7</ele></trkpt>
      <trkpt lat="46.24686192077504" lon="8.630312761984685">
      <ele>1824.9</ele></trkpt>
      <trkpt lat="46.24679453879915" lon="8.630255293104339">
      <ele>1825.0</ele></trkpt>
      <trkpt lat="46.24675819957433" lon="8.630239247865012">
      <ele>1825.2</ele></trkpt>
      <trkpt lat="46.246690359289026" lon="8.630228698691788">
      <ele>1825.3</ele></trkpt>
      <trkpt lat="46.246642164532624" lon="8.63020221450617">
      <ele>1825.5</ele></trkpt>
      <trkpt lat="46.24658138268524" lon="8.63017751671681">
      <ele>1825.6</ele></trkpt>
      <trkpt lat="46.246521709709114" lon="8.630167120471457">
      <ele>1825.0</ele></trkpt>
      <trkpt lat="46.24646979975981" lon="8.630135471857296">
      <ele>1824.4</ele></trkpt>
      <trkpt lat="46.24636244029769" lon="8.630048626239741">
      <ele>1823.8</ele></trkpt>
      <trkpt lat="46.24633002023474" lon="8.630018376895547">
      <ele>1823.2</ele></trkpt>
      <trkpt lat="46.24629771993152" lon="8.629975901904364">
      <ele>1822.6</ele></trkpt>
      <trkpt lat="46.2462729553805" lon="8.629934603320335">
      <ele>1822.1</ele></trkpt>
      <trkpt lat="46.246244203883464" lon="8.629915651199052">
      <ele>1821.5</ele></trkpt>
      <trkpt lat="46.2462128478946" lon="8.629904811588371">
      <ele>1820.9</ele></trkpt>
      <trkpt lat="46.24617710422493" lon="8.629892864524484">
      <ele>1820.3</ele></trkpt>
      <trkpt lat="46.246150840625205" lon="8.629876015746948">
      <ele>1819.7</ele></trkpt>
      <trkpt lat="46.24611995161223" lon="8.629818270321486">
      <ele>1819.1</ele></trkpt>
      <trkpt lat="46.24609234623387" lon="8.629724651173536">
      <ele>1818.5</ele></trkpt>
      <trkpt lat="46.24605839718046" lon="8.629669575073173">
      <ele>1817.9</ele></trkpt>
      <trkpt lat="46.24598966718287" lon="8.629636716367493">
      <ele>1817.3</ele></trkpt>
      <trkpt lat="46.24593882107523" lon="8.629673196430286">
      <ele>1816.8</ele></trkpt>
      <trkpt lat="46.24584912920843" lon="8.629867572766209">
      <ele>1816.2</ele></trkpt>
      <trkpt lat="46.245756323223176" lon="8.62997833187959">
      <ele>1815.6</ele></trkpt>
      <trkpt lat="46.245663854085315" lon="8.630053684299552">
      <ele>1815.0</ele></trkpt>
      <trkpt lat="46.24559952472894" lon="8.630059149192894">
      <ele>1814.4</ele></trkpt>
      <trkpt lat="46.24554604362056" lon="8.63005110616976">
      <ele>1813.8</ele></trkpt>
      <trkpt lat="46.24547613019131" lon="8.630022137503156">
      <ele>1812.8</ele></trkpt>
      <trkpt lat="46.24542417033691" lon="8.629983265792328">
      <ele>1811.8</ele></trkpt>
      <trkpt lat="46.24537701375803" lon="8.6299410629439">
      <ele>1810.8</ele></trkpt>
      <trkpt lat="46.24532844406909" lon="8.629919421190069">
      <ele>1809.8</ele></trkpt>
      <trkpt lat="46.24527249800536" lon="8.629919908698193">
      <ele>1808.8</ele></trkpt>
      <trkpt lat="46.24519509090494" lon="8.629923349951111">
      <ele>1807.8</ele></trkpt>
      <trkpt lat="46.245144773986596" lon="8.629954848433862">
      <ele>1806.8</ele></trkpt>
      <trkpt lat="46.245043440726754" lon="8.629971498294507">
      <ele>1805.8</ele></trkpt>
      <trkpt lat="46.24495193980411" lon="8.62995748851586">
      <ele>1804.8</ele></trkpt>
      <trkpt lat="46.24485805529319" lon="8.629945138286205">
      <ele>1803.8</ele></trkpt>
      <trkpt lat="46.24477951807134" lon="8.629959356332098">
      <ele>1802.8</ele></trkpt>
      <trkpt lat="46.24470848053753" lon="8.629966217543926">
      <ele>1801.8</ele></trkpt>
      <trkpt lat="46.244680208830125" lon="8.629909399659203">
      <ele>1800.8</ele></trkpt>
      <trkpt lat="46.244580442443926" lon="8.629782395989187">
      <ele>1799.8</ele></trkpt>
      <trkpt lat="46.2445282863575" lon="8.629745919756353">
      <ele>1798.8</ele></trkpt>
      <trkpt lat="46.24446217676026" lon="8.629782038866935">
      <ele>1797.8</ele></trkpt>
      <trkpt lat="46.24427635178238" lon="8.629946906994025">
      <ele>1796.8</ele></trkpt>
      <trkpt lat="46.24412784619856" lon="8.630064638991806">
      <ele>1795.8</ele></trkpt>
      <trkpt lat="46.24408191854074" lon="8.630059510462667">
      <ele>1794.8</ele></trkpt>
      <trkpt lat="46.24402319639603" lon="8.630022903582104">
      <ele>1793.8</ele></trkpt>
      <trkpt lat="46.24396945894697" lon="8.629899968542466">
      <ele>1793.8</ele></trkpt>
      <trkpt lat="46.24394218781254" lon="8.629890800732083">
      <ele>1793.8</ele></trkpt>
      <trkpt lat="46.243901305012194" lon="8.629898697758296">
      <ele>1793.7</ele></trkpt>
      <trkpt lat="46.24386934125636" lon="8.629967773112305">
      <ele>1793.7</ele></trkpt>
      <trkpt lat="46.24382160997803" lon="8.630097149348453">
      <ele>1793.7</ele></trkpt>
      <trkpt lat="46.24376010262823" lon="8.630182318120935">
      <ele>1793.6</ele></trkpt>
      <trkpt lat="46.24362383463223" lon="8.63025541214526">
      <ele>1793.6</ele></trkpt>
      <trkpt lat="46.243582533830086" lon="8.630310667431917">
      <ele>1793.6</ele></trkpt>
      <trkpt lat="46.24352905368515" lon="8.630445985309082">
      <ele>1793.6</ele></trkpt>
      <trkpt lat="46.243475199525705" lon="8.630523722244503">
      <ele>1793.5</ele></trkpt>
      <trkpt lat="46.243431626891685" lon="8.630521354998534">
      <ele>1793.5</ele></trkpt>
      <trkpt lat="46.24338967381187" lon="8.630546292300224">
      <ele>1793.5</ele></trkpt>
      <trkpt lat="46.24329754894583" lon="8.630564179457842">
      <ele>1793.5</ele></trkpt>
      <trkpt lat="46.24320257467801" lon="8.630583534246853">
      <ele>1793.5</ele></trkpt>
      <trkpt lat="46.24315774734311" lon="8.630611442678589">
      <ele>1793.4</ele></trkpt>
      <trkpt lat="46.24307540584928" lon="8.63069467548511">
      <ele>1793.4</ele></trkpt>
      <trkpt lat="46.2430154062985" lon="8.630723807566252">
      <ele>1793.4</ele></trkpt>
      <trkpt lat="46.24298817135511" lon="8.630749624348445">
      <ele>1793.3</ele></trkpt>
      <trkpt lat="46.24295295742757" lon="8.630805219367382">
      <ele>1793.3</ele></trkpt>
      <trkpt lat="46.242938639434016" lon="8.630816731439394">
      <ele>1793.3</ele></trkpt>
      <trkpt lat="46.24290449179759" lon="8.630821520477662">
      <ele>1793.4</ele></trkpt>
      <trkpt lat="46.24288142557105" lon="8.630855558523061">
      <ele>1793.5</ele></trkpt>
      <trkpt lat="46.24285719718978" lon="8.630892307050125">
      <ele>1793.6</ele></trkpt>
      <trkpt lat="46.24282570964292" lon="8.630915294590867">
      <ele>1793.7</ele></trkpt>
      <trkpt lat="46.24278813394213" lon="8.630921823814187">
      <ele>1793.8</ele></trkpt>
      <trkpt lat="46.24274103232775" lon="8.630914555424216">
      <ele>1793.9</ele></trkpt>
      <trkpt lat="46.24272677215217" lon="8.630919728021732">
      <ele>1794.0</ele></trkpt>
      <trkpt lat="46.24271062012156" lon="8.63094392008383">
      <ele>1794.1</ele></trkpt>
      <trkpt lat="46.2426971657235" lon="8.63098360145356">
      <ele>1794.2</ele></trkpt>
      <trkpt lat="46.242670222555695" lon="8.631016724534316">
      <ele>1794.3</ele></trkpt>
      <trkpt lat="46.242639163972065" lon="8.631045102449674">
      <ele>1794.5</ele></trkpt>
      <trkpt lat="46.24261176678126" lon="8.631057287472899">
      <ele>1794.6</ele></trkpt>
      <trkpt lat="46.24257849313101" lon="8.631088404633202">
      <ele>1794.7</ele></trkpt>
      <trkpt lat="46.24255082647079" lon="8.631128708184463">
      <ele>1794.8</ele></trkpt>
      <trkpt lat="46.242531812850736" lon="8.631154665715037">
      <ele>1794.9</ele></trkpt>
      <trkpt lat="46.242504886190346" lon="8.631176832240483">
      <ele>1795.0</ele></trkpt>
      <trkpt lat="46.24248614160601" lon="8.631175565884806">
      <ele>1795.1</ele></trkpt>
      <trkpt lat="46.24246226885364" lon="8.631176015489594">
      <ele>1795.2</ele></trkpt>
      <trkpt lat="46.242441622804705" lon="8.631194675947548">
      <ele>1795.3</ele></trkpt>
      <trkpt lat="46.24242094747492" lon="8.631216966377814">
      <ele>1795.4</ele></trkpt>
      <trkpt lat="46.24240435368596" lon="8.631228441347508">
      <ele>1795.6</ele></trkpt>
      <trkpt lat="46.24238439924537" lon="8.631234409726474">
      <ele>1795.8</ele></trkpt>
      <trkpt lat="46.24235947043747" lon="8.631226654302994">
      <ele>1796.0</ele></trkpt>
      <trkpt lat="46.242342579620576" lon="8.63120998542611">
      <ele>1796.2</ele></trkpt>
      <trkpt lat="46.24232798355431" lon="8.631191551511511">
      <ele>1796.4</ele></trkpt>
      <trkpt lat="46.24229790787636" lon="8.631186432280991">
      <ele>1796.6</ele></trkpt>
      <trkpt lat="46.24227105832733" lon="8.631200431494756">
      <ele>1796.8</ele></trkpt>
      <trkpt lat="46.24225602940675" lon="8.63122646318116">
      <ele>1797.0</ele></trkpt>
      <trkpt lat="46.24222335057594" lon="8.631244678450237">
      <ele>1797.2</ele></trkpt>
      <trkpt lat="46.24214617493218" lon="8.631262852602417">
      <ele>1797.4</ele></trkpt>
      <trkpt lat="46.24210004128376" lon="8.631291768638548">
      <ele>1797.6</ele></trkpt>
      <trkpt lat="46.242077653955555" lon="8.631344168377794">
      <ele>1797.8</ele></trkpt>
      <trkpt lat="46.242074811921206" lon="8.631357733854575">
      <ele>1798.0</ele></trkpt>
      <trkpt lat="46.242063692487484" lon="8.631395235585298">
      <ele>1798.2</ele></trkpt>
      <trkpt lat="46.242041969042845" lon="8.631423921210924">
      <ele>1798.4</ele></trkpt>
      <trkpt lat="46.24202749580152" lon="8.631442470301804">
      <ele>1798.6</ele></trkpt>
      <trkpt lat="46.242011410390624" lon="8.631500427945616">
      <ele>1798.8</ele></trkpt>
      <trkpt lat="46.241986025441946" lon="8.631537630020823">
      <ele>1799.0</ele></trkpt>
      <trkpt lat="46.241942741454736" lon="8.631579548658355">
      <ele>1799.2</ele></trkpt>
      <trkpt lat="46.24192567656066" lon="8.631616919983886">
      <ele>1799.4</ele></trkpt>
      <trkpt lat="46.24191435802663" lon="8.631674994887653">
      <ele>1799.2</ele></trkpt>
      <trkpt lat="46.241884070510224" lon="8.631725781907491">
      <ele>1798.9</ele></trkpt>
      <trkpt lat="46.24181630824093" lon="8.631830660297526">
      <ele>1798.7</ele></trkpt>
      <trkpt lat="46.24177288850876" lon="8.631884582461844">
      <ele>1798.5</ele></trkpt>
      <trkpt lat="46.241758270356556" lon="8.631916859551673">
      <ele>1798.2</ele></trkpt>
      <trkpt lat="46.241753023570176" lon="8.63196307340215">
      <ele>1798.0</ele></trkpt>
      <trkpt lat="46.24172750309287" lon="8.63201225303836">
      <ele>1797.8</ele></trkpt>
      <trkpt lat="46.24169250362859" lon="8.632067072685762">
      <ele>1797.6</ele></trkpt>
      <trkpt lat="46.241662017350976" lon="8.632090638560843">
      <ele>1797.3</ele></trkpt>
      <trkpt lat="46.24163057467461" lon="8.632117023074295">
      <ele>1797.1</ele></trkpt>
      <trkpt lat="46.2416125500935" lon="8.632149834765618">
      <ele>1796.9</ele></trkpt>
      <trkpt lat="46.241603496434834" lon="8.6321663239776">
      <ele>1796.6</ele></trkpt>
      <trkpt lat="46.2415846056937" lon="8.632221535435072">
      <ele>1796.4</ele></trkpt>
      <trkpt lat="46.241555930362466" lon="8.632246554207079">
      <ele>1796.2</ele></trkpt>
      <trkpt lat="46.24152680878653" lon="8.632272937599543">
      <ele>1796.0</ele></trkpt>
      <trkpt lat="46.24150982271962" lon="8.63232327646825">
      <ele>1795.7</ele></trkpt>
      <trkpt lat="46.24145409888251" lon="8.63239732416748">
      <ele>1795.5</ele></trkpt>
      <trkpt lat="46.24142068479663" lon="8.632495407675679">
      <ele>1795.3</ele></trkpt>
      <trkpt lat="46.24138642283223" lon="8.632568123386351">
      <ele>1795.0</ele></trkpt>
      <trkpt lat="46.241329693739075" lon="8.632633409359013">
      <ele>1794.8</ele></trkpt>
      <trkpt lat="46.2412984093409" lon="8.632738528025074">
      <ele>1795.5</ele></trkpt>
      <trkpt lat="46.24126008478583" lon="8.63283301542531">
      <ele>1796.2</ele></trkpt>
      <trkpt lat="46.24124517291662" lon="8.632895639514494">
      <ele>1796.9</ele></trkpt>
      <trkpt lat="46.24123700201746" lon="8.632943539146686">
      <ele>1797.6</ele></trkpt>
      <trkpt lat="46.241209227736384" lon="8.632971818707732">
      <ele>1798.2</ele></trkpt>
      <trkpt lat="46.24116639039207" lon="8.633021654817904">
      <ele>1798.9</ele></trkpt>
      <trkpt lat="46.241152871535206" lon="8.633054590710016">
      <ele>1799.6</ele></trkpt>
      <trkpt lat="46.24114403165979" lon="8.633114715681758">
      <ele>1800.3</ele></trkpt>
      <trkpt lat="46.24114113444679" lon="8.633185447723756">
      <ele>1801.0</ele></trkpt>
      <trkpt lat="46.24112900268268" lon="8.633244631699931">
      <ele>1801.7</ele></trkpt>
      <trkpt lat="46.241094314623844" lon="8.633361046326476">
      <ele>1802.4</ele></trkpt>
      <trkpt lat="46.24108502770825" lon="8.633410671709825">
      <ele>1803.1</ele></trkpt>
      <trkpt lat="46.24105850144945" lon="8.633480055290867">
      <ele>1803.8</ele></trkpt>
      <trkpt lat="46.24102942642284" lon="8.63352840355553">
      <ele>1804.5</ele></trkpt>
      <trkpt lat="46.24098386399132" lon="8.63357642882615">
      <ele>1805.1</ele></trkpt>
      <trkpt lat="46.24091950918782" lon="8.633632819674382">
      <ele>1805.8</ele></trkpt>
      <trkpt lat="46.24085419563699" lon="8.633676067592601">
      <ele>1806.5</ele></trkpt>
      <trkpt lat="46.24081653641348" lon="8.633702405124119">
      <ele>1807.2</ele></trkpt>
      <trkpt lat="46.24077710440679" lon="8.633797748414674">
      <ele>1807.9</ele></trkpt>
      <trkpt lat="46.24072611402865" lon="8.633893719533567">
      <ele>1808.6</ele></trkpt>
      <trkpt lat="46.24069239019512" lon="8.6339682086616">
      <ele>1808.2</ele></trkpt>
      <trkpt lat="46.24068145059298" lon="8.634073733138127">
      <ele>1807.7</ele></trkpt>
      <trkpt lat="46.240659982092296" lon="8.634131855659485">
      <ele>1807.3</ele></trkpt>
      <trkpt lat="46.240600567448304" lon="8.634245145518502">
      <ele>1806.8</ele></trkpt>
      <trkpt lat="46.240553145977586" lon="8.634314108127423">
      <ele>1806.4</ele></trkpt>
      <trkpt lat="46.24052885097072" lon="8.634380025793917">
      <ele>1805.9</ele></trkpt>
      <trkpt lat="46.2404964372383" lon="8.634432682324938">
      <ele>1805.5</ele></trkpt>
      <trkpt lat="46.24045571985209" lon="8.634490420643857">
      <ele>1805.0</ele></trkpt>
      <trkpt lat="46.24042957481538" lon="8.634577289534304">
      <ele>1804.6</ele></trkpt>
      <trkpt lat="46.240394503520704" lon="8.634676215186309">
      <ele>1804.2</ele></trkpt>
      <trkpt lat="46.24034399602778" lon="8.634779197093808">
      <ele>1803.7</ele></trkpt>
      <trkpt lat="46.240276918303095" lon="8.63488882938028">
      <ele>1803.3</ele></trkpt>
      <trkpt lat="46.2402419484782" lon="8.634978136004342">
      <ele>1802.8</ele></trkpt>
      <trkpt lat="46.24021228919538" lon="8.635085906111968">
      <ele>1802.4</ele></trkpt>
      <trkpt lat="46.2401738051857" lon="8.635196127237275">
      <ele>1801.9</ele></trkpt>
      <trkpt lat="46.24012226481947" lon="8.635292096885982">
      <ele>1801.5</ele></trkpt>
      <trkpt lat="46.24005107534074" lon="8.63537280140537">
      <ele>1801.0</ele></trkpt>
      <trkpt lat="46.23997822115095" lon="8.635455232493534">
      <ele>1800.6</ele></trkpt>
      <trkpt lat="46.23991109417742" lon="8.635515046999963">
      <ele>1800.1</ele></trkpt>
      <trkpt lat="46.23987608486608" lon="8.635551930501798">
      <ele>1799.7</ele></trkpt>
      <trkpt lat="46.239858643664114" lon="8.63564683370542">
      <ele>1799.9</ele></trkpt>
      <trkpt lat="46.23983948934521" lon="8.635693634507641">
      <ele>1800.1</ele></trkpt>
      <trkpt lat="46.23981591822232" lon="8.63574123281864">
      <ele>1800.4</ele></trkpt>
      <trkpt lat="46.2398042873484" lon="8.635805664054983">
      <ele>1800.6</ele></trkpt>
      <trkpt lat="46.23977523904786" lon="8.635851391458592">
      <ele>1800.8</ele></trkpt>
      <trkpt lat="46.23968401970579" lon="8.63595617279064">
      <ele>1801.0</ele></trkpt>
      <trkpt lat="46.239581421458304" lon="8.636087114995778">
      <ele>1801.2</ele></trkpt>
      <trkpt lat="46.23947846560392" lon="8.636201685956964">
      <ele>1801.5</ele></trkpt>
      <trkpt lat="46.23938098516849" lon="8.63631572863494">
      <ele>1801.7</ele></trkpt>
      <trkpt lat="46.239243534222396" lon="8.63646699806315">
      <ele>1801.9</ele></trkpt>
      <trkpt lat="46.23923852181397" lon="8.636472216732052">
      <ele>1802.1</ele></trkpt>
      <trkpt lat="46.239036064620024" lon="8.636466012517577">
      <ele>1802.3</ele></trkpt>
      <trkpt lat="46.2388661127674" lon="8.636396045030532">
      <ele>1802.6</ele></trkpt>
      <trkpt lat="46.23871320548328" lon="8.636323055893875">
      <ele>1802.8</ele></trkpt>
      <trkpt lat="46.23869903551316" lon="8.636316287315408">
      <ele>1803.0</ele></trkpt>
      <trkpt lat="46.23863157956865" lon="8.63622531473597">
      <ele>1803.2</ele></trkpt>
      <trkpt lat="46.23857319374664" lon="8.63613589028321">
      <ele>1803.4</ele></trkpt>
      <trkpt lat="46.238525505588626" lon="8.636212933377882">
      <ele>1803.7</ele></trkpt>
      <trkpt lat="46.2384750090441" lon="8.636261221695287">
      <ele>1803.9</ele></trkpt>
      <trkpt lat="46.23843335858913" lon="8.636282943521953">
      <ele>1804.1</ele></trkpt>
      <trkpt lat="46.23828576902649" lon="8.636371298914595">
      <ele>1805.2</ele></trkpt>
      <trkpt lat="46.23823293414942" lon="8.636408462863113">
      <ele>1806.2</ele></trkpt>
      <trkpt lat="46.23819726501525" lon="8.636426919087288">
      <ele>1807.3</ele></trkpt>
      <trkpt lat="46.238116400030115" lon="8.636493494436863">
      <ele>1808.3</ele></trkpt>
      <trkpt lat="46.238052783682754" lon="8.6365581671337">
      <ele>1809.4</ele></trkpt>
      <trkpt lat="46.23798090680167" lon="8.636603456058207">
      <ele>1810.5</ele></trkpt>
      <trkpt lat="46.23787319401888" lon="8.636662555518562">
      <ele>1811.5</ele></trkpt>
      <trkpt lat="46.23779116357789" lon="8.63669136209197">
      <ele>1812.6</ele></trkpt>
      <trkpt lat="46.23768797396404" lon="8.63676679339657">
      <ele>1813.6</ele></trkpt>
      <trkpt lat="46.237647981687225" lon="8.636818812264394">
      <ele>1814.7</ele></trkpt>
      <trkpt lat="46.23756102205058" lon="8.636869603029568">
      <ele>1815.8</ele></trkpt>
      <trkpt lat="46.23751446166797" lon="8.63691997317715">
      <ele>1816.8</ele></trkpt>
      <trkpt lat="46.23746633464017" lon="8.637030740309422">
      <ele>1817.9</ele></trkpt>
      <trkpt lat="46.23740219218902" lon="8.637071167802">
      <ele>1818.9</ele></trkpt>
      <trkpt lat="46.23735292012212" lon="8.637138008749012">
      <ele>1820.0</ele></trkpt>
      <trkpt lat="46.23728232842328" lon="8.637196134353658">
      <ele>1821.1</ele></trkpt>
      <trkpt lat="46.2372506488626" lon="8.637220135955957">
      <ele>1822.1</ele></trkpt>
      <trkpt lat="46.237216445125476" lon="8.637213211582981">
      <ele>1823.2</ele></trkpt>
      <trkpt lat="46.237200936996764" lon="8.637194342810396">
      <ele>1824.2</ele></trkpt>
      <trkpt lat="46.237147797795544" lon="8.637221994972707">
      <ele>1825.3</ele></trkpt>
      <trkpt lat="46.23711748296647" lon="8.63725219801431">
      <ele>1826.2</ele></trkpt>
      <trkpt lat="46.23706448367" lon="8.63726749725928">
      <ele>1827.0</ele></trkpt>
      <trkpt lat="46.237022527619544" lon="8.637318032795388">
      <ele>1827.9</ele></trkpt>
      <trkpt lat="46.23698821494185" lon="8.6373213874335">
      <ele>1828.7</ele></trkpt>
      <trkpt lat="46.23695428090807" lon="8.637341644110375">
      <ele>1829.6</ele></trkpt>
      <trkpt lat="46.23687699806181" lon="8.637458950576654">
      <ele>1830.5</ele></trkpt>
      <trkpt lat="46.236845240188146" lon="8.637491183035545">
      <ele>1831.3</ele></trkpt>
      <trkpt lat="46.23680925732572" lon="8.637517150996272">
      <ele>1832.2</ele></trkpt>
      <trkpt lat="46.236786149476124" lon="8.637541340933394">
      <ele>1833.0</ele></trkpt>
      <trkpt lat="46.23674716267061" lon="8.637581647019363">
      <ele>1833.9</ele></trkpt>
      <trkpt lat="46.23673811102559" lon="8.637626722157457">
      <ele>1834.8</ele></trkpt>
      <trkpt lat="46.23673784923494" lon="8.637651415078324">
      <ele>1835.6</ele></trkpt>
      <trkpt lat="46.23672511750197" lon="8.63767107518672">
      <ele>1836.5</ele></trkpt>
      <trkpt lat="46.236703692361026" lon="8.637677410125939">
      <ele>1837.3</ele></trkpt>
      <trkpt lat="46.236670994416684" lon="8.63771514481899">
      <ele>1838.2</ele></trkpt>
      <trkpt lat="46.23665293979776" lon="8.637747237956445">
      <ele>1839.1</ele></trkpt>
      <trkpt lat="46.23663141938548" lon="8.637810072944498">
      <ele>1839.9</ele></trkpt>
      <trkpt lat="46.23661472993778" lon="8.637861047435972">
      <ele>1840.8</ele></trkpt>
      <trkpt lat="46.23658744372462" lon="8.637928020882676">
      <ele>1841.6</ele></trkpt>
      <trkpt lat="46.236537112830504" lon="8.638006427580343">
      <ele>1842.5</ele></trkpt>
      <trkpt lat="46.23651262442906" lon="8.638014873037132">
      <ele>1843.8</ele></trkpt>
      <trkpt lat="46.236489560050956" lon="8.638034953644523">
      <ele>1845.2</ele></trkpt>
      <trkpt lat="46.2364644673336" lon="8.638110558082852">
      <ele>1846.5</ele></trkpt>
      <trkpt lat="46.23640386804982" lon="8.638168901611728">
      <ele>1847.8</ele></trkpt>
      <trkpt lat="46.236390491058124" lon="8.638218003990564">
      <ele>1849.2</ele></trkpt>
      <trkpt lat="46.23635736828695" lon="8.638244034266386">
      <ele>1850.5</ele></trkpt>
      <trkpt lat="46.23633096347122" lon="8.638309315235414">
      <ele>1851.8</ele></trkpt>
      <trkpt lat="46.23629586479066" lon="8.638386760319012">
      <ele>1853.2</ele></trkpt>
      <trkpt lat="46.23626840990911" lon="8.63841702526081">
      <ele>1854.5</ele></trkpt>
      <trkpt lat="46.23622592939316" lon="8.638516944540433">
      <ele>1855.8</ele></trkpt>
      <trkpt lat="46.236208183528284" lon="8.638574183219394">
      <ele>1857.2</ele></trkpt>
      <trkpt lat="46.23616450015379" lon="8.63865348725263">
      <ele>1858.5</ele></trkpt>
      <trkpt lat="46.236129030127785" lon="8.638765903394452">
      <ele>1859.9</ele></trkpt>
      <trkpt lat="46.23608598129151" lon="8.638919342262827">
      <ele>1861.2</ele></trkpt>
      <trkpt lat="46.23603256825983" lon="8.639107519080914">
      <ele>1862.5</ele></trkpt>
      <trkpt lat="46.23596217338419" lon="8.639280904005798">
      <ele>1863.9</ele></trkpt>
      <trkpt lat="46.23584354152305" lon="8.639558202195438">
      <ele>1865.2</ele></trkpt>
      <trkpt lat="46.23577771134214" lon="8.639704939911857">
      <ele>1866.5</ele></trkpt>
      <trkpt lat="46.23572708211934" lon="8.639765575259622">
      <ele>1867.9</ele></trkpt>
      <trkpt lat="46.23565161898574" lon="8.63992815049783">
      <ele>1869.2</ele></trkpt>
      <trkpt lat="46.23558924192409" lon="8.64006398215982">
      <ele>1867.3</ele></trkpt>
      <trkpt lat="46.23555972246049" lon="8.640153890785475">
      <ele>1865.5</ele></trkpt>
      <trkpt lat="46.235540751398574" lon="8.640326359264437">
      <ele>1863.6</ele></trkpt>
      <trkpt lat="46.23552587623061" lon="8.640471484287216">
      <ele>1861.8</ele></trkpt>
      <trkpt lat="46.235505756096096" lon="8.640572568369">
      <ele>1859.9</ele></trkpt>
      <trkpt lat="46.23546891838571" lon="8.640634881327607">
      <ele>1858.0</ele></trkpt>
      <trkpt lat="46.235418464009044" lon="8.64069594717792">
      <ele>1856.2</ele></trkpt>
      <trkpt lat="46.23539427407372" lon="8.640643281417463">
      <ele>1854.3</ele></trkpt>
      <trkpt lat="46.23537950383727" lon="8.640599056320015">
      <ele>1852.5</ele></trkpt>
      <trkpt lat="46.23535499329434" lon="8.640576552809636">
      <ele>1850.6</ele></trkpt>
      <trkpt lat="46.23533847107038" lon="8.640518559303368">
      <ele>1848.7</ele></trkpt>
      <trkpt lat="46.23531612076585" lon="8.640471405472692">
      <ele>1846.9</ele></trkpt>
      <trkpt lat="46.23527425338035" lon="8.640467745842418">
      <ele>1845.0</ele></trkpt>
      <trkpt lat="46.23522835724" lon="8.640485933803568">
      <ele>1843.2</ele></trkpt>
      <trkpt lat="46.23518615795748" lon="8.640515197501685">
      <ele>1841.3</ele></trkpt>
      <trkpt lat="46.235161268166785" lon="8.640528377889645">
      <ele>1839.4</ele></trkpt>
      <trkpt lat="46.235134845631386" lon="8.640563033061612">
      <ele>1837.6</ele></trkpt>
      <trkpt lat="46.23511375618285" lon="8.640630879146501">
      <ele>1835.7</ele></trkpt>
      <trkpt lat="46.2350698216794" lon="8.640732823926081">
      <ele>1833.9</ele></trkpt>
      <trkpt lat="46.23504816517922" lon="8.640754982377835">
      <ele>1832.0</ele></trkpt>
      <trkpt lat="46.2349516245945" lon="8.640835177455157">
      <ele>1832.0</ele></trkpt>
      <trkpt lat="46.23484091007697" lon="8.640904765298382">
      <ele>1832.1</ele></trkpt>
      <trkpt lat="46.234748519445546" lon="8.640997406819652">
      <ele>1832.1</ele></trkpt>
      <trkpt lat="46.23468508019816" lon="8.641053634194321">
      <ele>1832.1</ele></trkpt>
      <trkpt lat="46.23464600463052" lon="8.641102166860307">
      <ele>1832.2</ele></trkpt>
      <trkpt lat="46.23455081850577" lon="8.64122163472288">
      <ele>1832.2</ele></trkpt>
      <trkpt lat="46.23444082704546" lon="8.641328108709375">
      <ele>1832.2</ele></trkpt>
      <trkpt lat="46.23435658596596" lon="8.641411542452573">
      <ele>1832.3</ele></trkpt>
      <trkpt lat="46.23427722498537" lon="8.641495446745589">
      <ele>1832.3</ele></trkpt>
      <trkpt lat="46.2342175257885" lon="8.641604327122995">
      <ele>1832.3</ele></trkpt>
      <trkpt lat="46.234173723966414" lon="8.641751220615788">
      <ele>1832.4</ele></trkpt>
      <trkpt lat="46.23414977407414" lon="8.641825717509619">
      <ele>1832.4</ele></trkpt>
      <trkpt lat="46.23409974028245" lon="8.6419215999573">
      <ele>1832.5</ele></trkpt>
      <trkpt lat="46.234061012205885" lon="8.641981405369593">
      <ele>1832.5</ele></trkpt>
      <trkpt lat="46.233972858360005" lon="8.642078247147188">
      <ele>1832.5</ele></trkpt>
      <trkpt lat="46.23391829698022" lon="8.642105848534799">
      <ele>1832.6</ele></trkpt>
      <trkpt lat="46.2338682268925" lon="8.642112974440867">
      <ele>1832.6</ele></trkpt>
      <trkpt lat="46.233829326056394" lon="8.642145044565913">
      <ele>1832.6</ele></trkpt>
      <trkpt lat="46.23381006063455" lon="8.642210478454949">
      <ele>1832.7</ele></trkpt>
      <trkpt lat="46.23374759097031" lon="8.642309948493985">
      <ele>1832.7</ele></trkpt>
      <trkpt lat="46.233686945657205" lon="8.642372406169148">
      <ele>1832.5</ele></trkpt>
      <trkpt lat="46.23364258706759" lon="8.642379658054018">
      <ele>1832.3</ele></trkpt>
      <trkpt lat="46.23359254789472" lon="8.642384723008357">
      <ele>1832.1</ele></trkpt>
      <trkpt lat="46.23354226769041" lon="8.642412431500937">
      <ele>1832.0</ele></trkpt>
      <trkpt lat="46.23349881354614" lon="8.642469097802577">
      <ele>1831.8</ele></trkpt>
      <trkpt lat="46.23346663809609" lon="8.64254041683393">
      <ele>1831.6</ele></trkpt>
      <trkpt lat="46.233411519925276" lon="8.642619460932657">
      <ele>1831.4</ele></trkpt>
      <trkpt lat="46.23334671543737" lon="8.642669483816857">
      <ele>1831.2</ele></trkpt>
      <trkpt lat="46.23327800201152" lon="8.642684429296956">
      <ele>1831.0</ele></trkpt>
      <trkpt lat="46.23325065405367" lon="8.64272904434129">
      <ele>1830.8</ele></trkpt>
      <trkpt lat="46.23321631066531" lon="8.642791875158325">
      <ele>1830.7</ele></trkpt>
      <trkpt lat="46.23319693988125" lon="8.642863787938708">
      <ele>1830.5</ele></trkpt>
      <trkpt lat="46.23316834372405" lon="8.642930142370645">
      <ele>1830.3</ele></trkpt>
      <trkpt lat="46.23313434195888" lon="8.642980314359864">
      <ele>1830.1</ele></trkpt>
      <trkpt lat="46.23309675032163" lon="8.643016988803582">
      <ele>1829.9</ele></trkpt>
      <trkpt lat="46.23309039632662" lon="8.64305438001915">
      <ele>1829.7</ele></trkpt>
      <trkpt lat="46.233090550816414" lon="8.643083799508432">
      <ele>1829.6</ele></trkpt>
      <trkpt lat="46.233103764338" lon="8.643112755912023">
      <ele>1829.4</ele></trkpt>
      <trkpt lat="46.23309650955784" lon="8.6431367350393">
      <ele>1829.2</ele></trkpt>
      <trkpt lat="46.233115632811774" lon="8.643180147774205">
      <ele>1829.0</ele></trkpt>
      <trkpt lat="46.23313369208282" lon="8.64323560680841">
      <ele>1827.8</ele></trkpt>
      <trkpt lat="46.23314054501721" lon="8.643291582872955">
      <ele>1826.6</ele></trkpt>
      <trkpt lat="46.233134000704275" lon="8.643336696627397">
      <ele>1825.3</ele></trkpt>
      <trkpt lat="46.23311784596663" lon="8.643364264432856">
      <ele>1824.1</ele></trkpt>
      <trkpt lat="46.23311242995589" lon="8.643391291940667">
      <ele>1822.9</ele></trkpt>
      <trkpt lat="46.23311900084541" lon="8.643430667407893">
      <ele>1821.7</ele></trkpt>
      <trkpt lat="46.23313826856767" lon="8.643460509792774">
      <ele>1820.5</ele></trkpt>
      <trkpt lat="46.233180953737175" lon="8.643480291405092">
      <ele>1819.2</ele></trkpt>
      <trkpt lat="46.23323232992638" lon="8.643473869889041">
      <ele>1818.0</ele></trkpt>
      <trkpt lat="46.23324312440447" lon="8.643510318205704">
      <ele>1816.8</ele></trkpt>
      <trkpt lat="46.233251203712165" lon="8.643582902988843">
      <ele>1815.6</ele></trkpt>
      <trkpt lat="46.23327644590938" lon="8.643664177750114">
      <ele>1814.4</ele></trkpt>
      <trkpt lat="46.23330195436295" lon="8.64372130583043">
      <ele>1813.1</ele></trkpt>
      <trkpt lat="46.233292087533705" lon="8.643770883675591">
      <ele>1811.9</ele></trkpt>
      <trkpt lat="46.233297796225315" lon="8.643804198836603">
      <ele>1810.7</ele></trkpt>
      <trkpt lat="46.23330251325791" lon="8.643842768562564">
      <ele>1809.5</ele></trkpt>
      <trkpt lat="46.23329378279581" lon="8.643873508360034">
      <ele>1808.3</ele></trkpt>
      <trkpt lat="46.233269124099756" lon="8.643954443717128">
      <ele>1807.0</ele></trkpt>
      <trkpt lat="46.2332636275444" lon="8.643989014728739">
      <ele>1805.8</ele></trkpt>
      <trkpt lat="46.23327098945089" lon="8.644084984440006">
      <ele>1804.6</ele></trkpt>
      <trkpt lat="46.23327768085564" lon="8.644113031910061">
      <ele>1804.8</ele></trkpt>
      <trkpt lat="46.23329598878969" lon="8.644145122147465">
      <ele>1805.0</ele></trkpt>
      <trkpt lat="46.23330916998369" lon="8.644177085946056">
      <ele>1805.3</ele></trkpt>
      <trkpt lat="46.23331612039484" lon="8.644267757184853">
      <ele>1805.5</ele></trkpt>
      <trkpt lat="46.23333540392591" lon="8.644296096459046">
      <ele>1805.7</ele></trkpt>
      <trkpt lat="46.23334436945382" lon="8.644330235749187">
      <ele>1805.9</ele></trkpt>
      <trkpt lat="46.23335992038707" lon="8.644358479451109">
      <ele>1806.2</ele></trkpt>
      <trkpt lat="46.233368892932496" lon="8.644391115051972">
      <ele>1806.4</ele></trkpt>
      <trkpt lat="46.23337337647908" lon="8.644451563627358">
      <ele>1806.6</ele></trkpt>
      <trkpt lat="46.23339112013361" lon="8.64449269069885">
      <ele>1806.8</ele></trkpt>
      <trkpt lat="46.23340988805802" lon="8.644568533248732">
      <ele>1807.1</ele></trkpt>
      <trkpt lat="46.23340938949907" lon="8.644615284845544">
      <ele>1807.3</ele></trkpt>
      <trkpt lat="46.23342335154076" lon="8.644657533938458">
      <ele>1807.5</ele></trkpt>
      <trkpt lat="46.23343292264595" lon="8.64474285731891">
      <ele>1807.8</ele></trkpt>
      <trkpt lat="46.23343923727114" lon="8.644788502294524">
      <ele>1808.0</ele></trkpt>
      <trkpt lat="46.23343510955801" lon="8.644836418114167">
      <ele>1808.2</ele></trkpt>
      <trkpt lat="46.23343857261776" lon="8.64485419125579">
      <ele>1808.4</ele></trkpt>
      <trkpt lat="46.23345284707003" lon="8.644886542534882">
      <ele>1808.6</ele></trkpt>
      <trkpt lat="46.23347218541302" lon="8.644933344663473">
      <ele>1808.9</ele></trkpt>
      <trkpt lat="46.23347461408938" lon="8.644951094909658">
      <ele>1809.1</ele></trkpt>
      <trkpt lat="46.23347278857368" lon="8.644977164830106">
      <ele>1809.2</ele></trkpt>
      <trkpt lat="46.23347515433192" lon="8.645000812500232">
      <ele>1809.3</ele></trkpt>
      <trkpt lat="46.23347674690302" lon="8.645049710717737">
      <ele>1809.4</ele></trkpt>
      <trkpt lat="46.233485642708565" lon="8.645097953983136">
      <ele>1809.5</ele></trkpt>
      <trkpt lat="46.23349944035122" lon="8.645126081349973">
      <ele>1809.6</ele></trkpt>
      <trkpt lat="46.2335183557882" lon="8.645163604660908">
      <ele>1809.7</ele></trkpt>
      <trkpt lat="46.23353344879846" lon="8.64521788411746">
      <ele>1809.8</ele></trkpt>
      <trkpt lat="46.233548982559554" lon="8.645279757572949">
      <ele>1809.9</ele></trkpt>
      <trkpt lat="46.233577171619295" lon="8.645379845495423">
      <ele>1810.0</ele></trkpt>
      <trkpt lat="46.233601798352744" lon="8.645419193862315">
      <ele>1810.0</ele></trkpt>
      <trkpt lat="46.233618923654156" lon="8.645428026207789">
      <ele>1810.1</ele></trkpt>
      <trkpt lat="46.23363665140496" lon="8.64542761527903">
      <ele>1810.2</ele></trkpt>
      <trkpt lat="46.23365168098604" lon="8.64543640118881">
      <ele>1810.3</ele></trkpt>
      <trkpt lat="46.233663490713994" lon="8.645454372382147">
      <ele>1810.4</ele></trkpt>
      <trkpt lat="46.233691580384786" lon="8.645513179493953">
      <ele>1810.5</ele></trkpt>
      <trkpt lat="46.23369443174688" lon="8.645540208812985">
      <ele>1810.6</ele></trkpt>
      <trkpt lat="46.23372021898402" lon="8.64562001930233">
      <ele>1810.7</ele></trkpt>
      <trkpt lat="46.23374741807142" lon="8.645662795669564">
      <ele>1810.8</ele></trkpt>
      <trkpt lat="46.23375952463655" lon="8.645703526219863">
      <ele>1810.9</ele></trkpt>
      <trkpt lat="46.23376239417168" lon="8.64578026187871">
      <ele>1811.0</ele></trkpt>
      <trkpt lat="46.233766046150144" lon="8.645831734116085">
      <ele>1811.1</ele></trkpt>
      <trkpt lat="46.23376621725103" lon="8.645917679586539">
      <ele>1811.1</ele></trkpt>
      <trkpt lat="46.23375614368834" lon="8.645934284172489">
      <ele>1811.2</ele></trkpt>
      <trkpt lat="46.23374811187611" lon="8.64595514748121">
      <ele>1811.2</ele></trkpt>
      <trkpt lat="46.23375210543581" lon="8.645972932561774">
      <ele>1811.3</ele></trkpt>
      <trkpt lat="46.23376422088445" lon="8.646011977998718">
      <ele>1811.3</ele></trkpt>
      <trkpt lat="46.23377375489824" lon="8.646049280830496">
      <ele>1811.4</ele></trkpt>
      <trkpt lat="46.2337761204323" lon="8.64607292867773">
      <ele>1811.4</ele></trkpt>
      <trkpt lat="46.23376405014898" lon="8.646132453320924">
      <ele>1811.5</ele></trkpt>
      <trkpt lat="46.233753095167934" lon="8.64618441843881">
      <ele>1811.5</ele></trkpt>
      <trkpt lat="46.233731616845475" lon="8.646246236545714">
      <ele>1811.6</ele></trkpt>
      <trkpt lat="46.23372489810479" lon="8.646291566987502">
      <ele>1811.7</ele></trkpt>
      <trkpt lat="46.23372460133497" lon="8.646321041661176">
      <ele>1811.7</ele></trkpt>
      <trkpt lat="46.23373498066065" lon="8.64637774518936">
      <ele>1811.8</ele></trkpt>
      <trkpt lat="46.23374250895128" lon="8.646406563694638">
      <ele>1811.8</ele></trkpt>
      <trkpt lat="46.233745261117726" lon="8.646443703198038">
      <ele>1811.9</ele></trkpt>
      <trkpt lat="46.2337544351837" lon="8.646515535538816">
      <ele>1811.9</ele></trkpt>
      <trkpt lat="46.23375688161578" lon="8.646582979277008">
      <ele>1812.0</ele></trkpt>
      <trkpt lat="46.23376358218163" lon="8.646642116397068">
      <ele>1812.0</ele></trkpt>
      <trkpt lat="46.23379576347158" lon="8.646759990570787">
      <ele>1812.1</ele></trkpt>
      <trkpt lat="46.23380413686632" lon="8.646808222823264">
      <ele>1812.6</ele></trkpt>
      <trkpt lat="46.23382872723035" lon="8.646851771707993">
      <ele>1813.2</ele></trkpt>
      <trkpt lat="46.23382954555568" lon="8.646873699900766">
      <ele>1813.8</ele></trkpt>
      <trkpt lat="46.23381794252138" lon="8.646938290962632">
      <ele>1814.3</ele></trkpt>
      <trkpt lat="46.233802211150774" lon="8.646998563958087">
      <ele>1814.8</ele></trkpt>
      <trkpt lat="46.233796742041825" lon="8.647075101751948">
      <ele>1815.4</ele></trkpt>
      <trkpt lat="46.23378491432456" lon="8.647111036184263">
      <ele>1815.9</ele></trkpt>
      <trkpt lat="46.23378614637133" lon="8.647143915591407">
      <ele>1816.5</ele></trkpt>
      <trkpt lat="46.23379733497006" lon="8.64717115601077">
      <ele>1817.0</ele></trkpt>
      <trkpt lat="46.233813776526794" lon="8.647195129286086">
      <ele>1817.6</ele></trkpt>
      <trkpt lat="46.233818192520786" lon="8.647223036181721">
      <ele>1818.1</ele></trkpt>
      <trkpt lat="46.233815107009285" lon="8.647270145574753">
      <ele>1818.7</ele></trkpt>
      <trkpt lat="46.233803629824244" lon="8.647322098932493">
      <ele>1819.2</ele></trkpt>
      <trkpt lat="46.23380797374799" lon="8.647356745781728">
      <ele>1819.8</ele></trkpt>
      <trkpt lat="46.23381649998717" lon="8.647389813050468">
      <ele>1820.3</ele></trkpt>
      <trkpt lat="46.23381715622844" lon="8.647428578558163">
      <ele>1820.9</ele></trkpt>
      <trkpt lat="46.23382205728109" lon="8.647510415674478">
      <ele>1821.4</ele></trkpt>
      <trkpt lat="46.233810121349364" lon="8.647556459951558">
      <ele>1822.0</ele></trkpt>
      <trkpt lat="46.23381561665472" lon="8.647580177370207">
      <ele>1822.5</ele></trkpt>
      <trkpt lat="46.23384117788974" lon="8.647630502690557">
      <ele>1823.1</ele></trkpt>
      <trkpt lat="46.23384429833752" lon="8.64768280603692">
      <ele>1823.8</ele></trkpt>
      <trkpt lat="46.23384275065461" lon="8.647732477657904">
      <ele>1824.5</ele></trkpt>
      <trkpt lat="46.23383513208358" lon="8.647764304938098">
      <ele>1825.3</ele></trkpt>
      <trkpt lat="46.2338224228202" lon="8.647783378765746">
      <ele>1826.0</ele></trkpt>
      <trkpt lat="46.23382226980703" lon="8.647798530890869">
      <ele>1826.7</ele></trkpt>
      <trkpt lat="46.23384191312042" lon="8.647815017148101">
      <ele>1827.4</ele></trkpt>
      <trkpt lat="46.233865648789845" lon="8.647840021234112">
      <ele>1828.1</ele></trkpt>
      <trkpt lat="46.233875766957055" lon="8.647870595883514">
      <ele>1828.9</ele></trkpt>
      <trkpt lat="46.23387175508411" lon="8.647905874035725">
      <ele>1829.6</ele></trkpt>
      <trkpt lat="46.23384907104075" lon="8.64793228465043">
      <ele>1830.3</ele></trkpt>
      <trkpt lat="46.23383662212707" lon="8.64797748773956">
      <ele>1831.0</ele></trkpt>
      <trkpt lat="46.23382444285974" lon="8.648047108988377">
      <ele>1831.7</ele></trkpt>
      <trkpt lat="46.23382342570818" lon="8.648095949673701">
      <ele>1832.5</ele></trkpt>
      <trkpt lat="46.23383336369852" lon="8.64814504664915">
      <ele>1833.2</ele></trkpt>
      <trkpt lat="46.233826742453616" lon="8.648231658157963">
      <ele>1833.9</ele></trkpt>
      <trkpt lat="46.233816757619216" lon="8.648291241692114">
      <ele>1834.6</ele></trkpt>
      <trkpt lat="46.23380815863095" lon="8.648316305554019">
      <ele>1835.3</ele></trkpt>
      <trkpt lat="46.23381084720449" lon="8.648360172383912">
      <ele>1836.1</ele></trkpt>
      <trkpt lat="46.23381046780205" lon="8.64844862085943">
      <ele>1836.8</ele></trkpt>
      <trkpt lat="46.233802183116566" lon="8.648494759015517">
      <ele>1837.5</ele></trkpt>
      <trkpt lat="46.23380716555762" lon="8.64851762244109">
      <ele>1838.1</ele></trkpt>
      <trkpt lat="46.23381799439079" lon="8.64852968667873">
      <ele>1838.8</ele></trkpt>
      <trkpt lat="46.23382353458021" lon="8.648548349037373">
      <ele>1839.4</ele></trkpt>
      <trkpt lat="46.233815565382926" lon="8.648563314531312">
      <ele>1840.0</ele></trkpt>
      <trkpt lat="46.23379175669718" lon="8.648597284099626">
      <ele>1840.6</ele></trkpt>
      <trkpt lat="46.23377828232341" lon="8.648640765857769">
      <ele>1841.2</ele></trkpt>
      <trkpt lat="46.233770645467324" lon="8.648674277958394">
      <ele>1841.9</ele></trkpt>
      <trkpt lat="46.23377334279883" lon="8.64871647255152">
      <ele>1842.5</ele></trkpt>
      <trkpt lat="46.23377183987742" lon="8.648761918652607">
      <ele>1843.1</ele></trkpt>
      <trkpt lat="46.23378298312601" lon="8.648794201592938">
      <ele>1843.8</ele></trkpt>
      <trkpt lat="46.23378719133859" lon="8.648842328633702">
      <ele>1844.4</ele></trkpt>
      <trkpt lat="46.23380979602567" lon="8.648918349321843">
      <ele>1845.0</ele></trkpt>
      <trkpt lat="46.23382487954635" lon="8.64908766414627">
      <ele>1845.6</ele></trkpt>
      <trkpt lat="46.23382144411474" lon="8.649164869297426">
      <ele>1846.2</ele></trkpt>
      <trkpt lat="46.23383525043059" lon="8.649260167289675">
      <ele>1846.9</ele></trkpt>
      <trkpt lat="46.233839994107136" lon="8.649322126507275">
      <ele>1847.5</ele></trkpt>
      <trkpt lat="46.23383478581297" lon="8.649374996728703">
      <ele>1848.1</ele></trkpt>
      <trkpt lat="46.23384258522555" lon="8.649413713680312">
      <ele>1848.8</ele></trkpt>
      <trkpt lat="46.23387233677249" lon="8.649509534878963">
      <ele>1849.4</ele></trkpt>
      <trkpt lat="46.23386859242412" lon="8.649549187915909">
      <ele>1850.0</ele></trkpt>
      <trkpt lat="46.23385570757161" lon="8.649631679927404">
      <ele>1851.5</ele></trkpt>
      <trkpt lat="46.233881864028405" lon="8.649698588184123">
      <ele>1853.1</ele></trkpt>
      <trkpt lat="46.23388091653004" lon="8.649794621371672">
      <ele>1854.6</ele></trkpt>
      <trkpt lat="46.2338839775513" lon="8.64989185867062">
      <ele>1856.1</ele></trkpt>
      <trkpt lat="46.23389440323132" lon="8.649968425791961">
      <ele>1857.7</ele></trkpt>
      <trkpt lat="46.23392137376465" lon="8.650117210529004">
      <ele>1859.2</ele></trkpt>
      <trkpt lat="46.23392457496086" lon="8.650218132975006">
      <ele>1860.7</ele></trkpt>
      <trkpt lat="46.23391670593626" lon="8.650285866193785">
      <ele>1862.2</ele></trkpt>
      <trkpt lat="46.23391591225527" lon="8.650359940922344">
      <ele>1863.8</ele></trkpt>
      <trkpt lat="46.23388926680345" lon="8.650447856932471">
      <ele>1865.3</ele></trkpt>
      <trkpt lat="46.23387265847808" lon="8.650531860548417">
      <ele>1866.8</ele></trkpt>
      <trkpt lat="46.23386619716505" lon="8.650601699317447">
      <ele>1868.4</ele></trkpt>
      <trkpt lat="46.233850175121496" lon="8.650630149916138">
      <ele>1869.9</ele></trkpt>
      <trkpt lat="46.233809665321445" lon="8.650678643126925">
      <ele>1871.4</ele></trkpt>
      <trkpt lat="46.23379077877059" lon="8.650709104237771">
      <ele>1872.9</ele></trkpt>
      <trkpt lat="46.233772762077415" lon="8.65079102788277">
      <ele>1874.5</ele></trkpt>
      <trkpt lat="46.23374934267988" lon="8.650844011099963">
      <ele>1876.0</ele></trkpt>
      <trkpt lat="46.23374266066723" lon="8.650934419438135">
      <ele>1877.5</ele></trkpt>
      <trkpt lat="46.23374454134185" lon="8.651025018396124">
      <ele>1879.1</ele></trkpt>
      <trkpt lat="46.233755342747635" lon="8.651216666921464">
      <ele>1880.6</ele></trkpt>
      <trkpt lat="46.23373484056241" lon="8.651263543799855">
      <ele>1882.0</ele></trkpt>
      <trkpt lat="46.23370089835558" lon="8.651365700148837">
      <ele>1883.5</ele></trkpt>
      <trkpt lat="46.233684024539436" lon="8.651474394658264">
      <ele>1884.9</ele></trkpt>
      <trkpt lat="46.23369061443029" lon="8.651525997517489">
      <ele>1886.4</ele></trkpt>
      <trkpt lat="46.233671144915974" lon="8.65160994974681">
      <ele>1887.8</ele></trkpt>
      <trkpt lat="46.23365314967662" lon="8.651689812051657">
      <ele>1889.2</ele></trkpt>
      <trkpt lat="46.23363601052467" lon="8.651823210767795">
      <ele>1890.7</ele></trkpt>
      <trkpt lat="46.23362216399081" lon="8.651915520538303">
      <ele>1892.1</ele></trkpt>
      <trkpt lat="46.23361508379321" lon="8.652042959198388">
      <ele>1893.6</ele></trkpt>
      <trkpt lat="46.23360844491164" lon="8.652129258408074">
      <ele>1895.0</ele></trkpt>
      <trkpt lat="46.23359181322154" lon="8.652215321934765">
      <ele>1896.4</ele></trkpt>
      <trkpt lat="46.2335675539407" lon="8.652346500301643">
      <ele>1897.9</ele></trkpt>
      <trkpt lat="46.233539931640095" lon="8.652391169516191">
      <ele>1899.3</ele></trkpt>
      <trkpt lat="46.23349906771746" lon="8.652472582974074">
      <ele>1900.8</ele></trkpt>
      <trkpt lat="46.233443708671686" lon="8.652574247751623">
      <ele>1902.2</ele></trkpt>
      <trkpt lat="46.233438875055334" lon="8.652625595858067">
      <ele>1903.6</ele></trkpt>
      <trkpt lat="46.2334111423016" lon="8.652680543160564">
      <ele>1905.1</ele></trkpt>
      <trkpt lat="46.23338745679065" lon="8.652758229497136">
      <ele>1906.5</ele></trkpt>
      <trkpt lat="46.23338367775088" lon="8.65284457907276">
      <ele>1908.0</ele></trkpt>
      <trkpt lat="46.23338123125873" lon="8.652939203727392">
      <ele>1909.4</ele></trkpt>
      <trkpt lat="46.2333631466976" lon="8.653027295603566">
      <ele>1910.3</ele></trkpt>
      <trkpt lat="46.233326585827434" lon="8.653106742955067">
      <ele>1911.2</ele></trkpt>
      <trkpt lat="46.23328708525235" lon="8.653194357031936">
      <ele>1912.1</ele></trkpt>
      <trkpt lat="46.2332604597332" lon="8.653280209790912">
      <ele>1912.9</ele></trkpt>
      <trkpt lat="46.23320257121048" lon="8.653350948691148">
      <ele>1913.8</ele></trkpt>
      <trkpt lat="46.23314177811976" lon="8.65342574531698">
      <ele>1914.7</ele></trkpt>
      <trkpt lat="46.233112137478074" lon="8.653525933879514">
      <ele>1915.6</ele></trkpt>
      <trkpt lat="46.23306235627664" lon="8.653640076361837">
      <ele>1916.5</ele></trkpt>
      <trkpt lat="46.233036075297385" lon="8.653692993840176">
      <ele>1917.4</ele></trkpt>
      <trkpt lat="46.23302398896801" lon="8.653754473326734">
      <ele>1918.2</ele></trkpt>
      <trkpt lat="46.232995689854306" lon="8.653862910826478">
      <ele>1919.1</ele></trkpt>
      <trkpt lat="46.23299030280523" lon="8.653965701505676">
      <ele>1920.0</ele></trkpt>
      <trkpt lat="46.23297764141799" lon="8.654080671850549">
      <ele>1920.9</ele></trkpt>
      <trkpt lat="46.23296983639407" lon="8.654142233788408">
      <ele>1921.8</ele></trkpt>
      <trkpt lat="46.23297704226375" lon="8.65440172019072">
      <ele>1922.7</ele></trkpt>
      <trkpt lat="46.23295807163291" lon="8.654572114659315">
      <ele>1923.6</ele></trkpt>
      <trkpt lat="46.232941460105216" lon="8.65465612853754">
      <ele>1924.4</ele></trkpt>
      <trkpt lat="46.232936581360256" lon="8.654711584688462">
      <ele>1925.3</ele></trkpt>
      <trkpt lat="46.232913204312254" lon="8.654760456700576">
      <ele>1926.2</ele></trkpt>
      <trkpt lat="46.232906452815975" lon="8.654857032698855">
      <ele>1927.1</ele></trkpt>
      <trkpt lat="46.232901078034615" lon="8.654957762077947">
      <ele>1928.4</ele></trkpt>
      <trkpt lat="46.232877745074326" lon="8.655002525252796">
      <ele>1929.6</ele></trkpt>
      <trkpt lat="46.23284692534028" lon="8.655080050485706">
      <ele>1930.9</ele></trkpt>
      <trkpt lat="46.23282787370768" lon="8.65512490920536">
      <ele>1932.1</ele></trkpt>
      <trkpt lat="46.2328245044019" lon="8.655172166594413">
      <ele>1933.4</ele></trkpt>
      <trkpt lat="46.23283263344203" lon="8.655213509852716">
      <ele>1934.6</ele></trkpt>
      <trkpt lat="46.23284484457868" lon="8.655273470314345">
      <ele>1935.9</ele></trkpt>
      <trkpt lat="46.23284132028125" lon="8.655335127588613">
      <ele>1937.1</ele></trkpt>
      <trkpt lat="46.23282215781853" lon="8.655390277393728">
      <ele>1938.4</ele></trkpt>
      <trkpt lat="46.2328073080134" lon="8.655443449239263">
      <ele>1939.7</ele></trkpt>
      <trkpt lat="46.23280477077977" lon="8.65554630312086">
      <ele>1940.9</ele></trkpt>
      <trkpt lat="46.232817026095226" lon="8.655602141970629">
      <ele>1942.2</ele></trkpt>
      <trkpt lat="46.23282465888706" lon="8.655688745537402">
      <ele>1943.4</ele></trkpt>
      <trkpt lat="46.23281953592999" lon="8.655766844660356">
      <ele>1944.7</ele></trkpt>
      <trkpt lat="46.232813204335365" lon="8.655824329448565">
      <ele>1945.9</ele></trkpt>
      <trkpt lat="46.232811087678016" lon="8.655888079446004">
      <ele>1947.2</ele></trkpt>
      <trkpt lat="46.23283454667804" lon="8.655968710257516">
      <ele>1948.4</ele></trkpt>
      <trkpt lat="46.23283933007341" lon="8.656037502074609">
      <ele>1949.7</ele></trkpt>
      <trkpt lat="46.232829202598836" lon="8.656104936361345">
      <ele>1950.9</ele></trkpt>
      <trkpt lat="46.232792942531745" lon="8.656136186392597">
      <ele>1952.2</ele></trkpt>
      <trkpt lat="46.232793581286074" lon="8.65616376276305">
      <ele>1953.1</ele></trkpt>
      <trkpt lat="46.232764011209625" lon="8.656196173528839">
      <ele>1954.1</ele></trkpt>
      <trkpt lat="46.232757238552075" lon="8.65623360556525">
      <ele>1955.0</ele></trkpt>
      <trkpt lat="46.23276449709107" lon="8.656268862188035">
      <ele>1956.0</ele></trkpt>
      <trkpt lat="46.232758889968416" lon="8.656340921958716">
      <ele>1956.9</ele></trkpt>
      <trkpt lat="46.232744209310425" lon="8.656346596142292">
      <ele>1957.9</ele></trkpt>
      <trkpt lat="46.23272872809469" lon="8.6563422310333">
      <ele>1958.8</ele></trkpt>
      <trkpt lat="46.232713714548055" lon="8.656350412838957">
      <ele>1959.8</ele></trkpt>
      <trkpt lat="46.23270030570133" lon="8.65632152677623">
      <ele>1960.7</ele></trkpt>
      <trkpt lat="46.23268078580908" lon="8.656294526507965">
      <ele>1961.7</ele></trkpt>
      <trkpt lat="46.232672476848585" lon="8.65630335088038">
      <ele>1962.6</ele></trkpt>
      <trkpt lat="46.232665525921334" lon="8.656327257127398">
      <ele>1963.5</ele></trkpt>
      <trkpt lat="46.23264902292216" lon="8.65630331907783">
      <ele>1964.5</ele></trkpt>
      <trkpt lat="46.23263864333409" lon="8.656305589085557">
      <ele>1965.4</ele></trkpt>
      <trkpt lat="46.23261716100663" lon="8.656322143754618">
      <ele>1966.4</ele></trkpt>
      <trkpt lat="46.23259423789722" lon="8.6563296301127">
      <ele>1967.3</ele></trkpt>
      <trkpt lat="46.232561802175134" lon="8.65634492861527">
      <ele>1968.3</ele></trkpt>
      <trkpt lat="46.2325438906527" lon="8.656369082351127">
      <ele>1969.2</ele></trkpt>
      <trkpt lat="46.23252708728885" lon="8.65640478605372">
      <ele>1970.2</ele></trkpt>
      <trkpt lat="46.232525927928975" lon="8.656409686535405">
      <ele>1971.1</ele></trkpt>
      <trkpt lat="46.232523183580064" lon="8.656450656954267">
      <ele>1972.2</ele></trkpt>
      <trkpt lat="46.23252511043276" lon="8.65648392736912">
      <ele>1973.4</ele></trkpt>
      <trkpt lat="46.23253497443121" lon="8.656526190975635">
      <ele>1974.5</ele></trkpt>
      <trkpt lat="46.232554984844015" lon="8.656585327609054">
      <ele>1975.7</ele></trkpt>
      <trkpt lat="46.232595805228364" lon="8.656629359678343">
      <ele>1976.8</ele></trkpt>
      <trkpt lat="46.23263088563863" lon="8.656674235744937">
      <ele>1978.0</ele></trkpt>
      <trkpt lat="46.232657390280124" lon="8.656715951228417">
      <ele>1979.1</ele></trkpt>
      <trkpt lat="46.2326887840932" lon="8.656783186089335">
      <ele>1980.3</ele></trkpt>
      <trkpt lat="46.2327096961766" lon="8.65681205860972">
      <ele>1981.4</ele></trkpt>
      <trkpt lat="46.23273291231797" lon="8.65684001037436">
      <ele>1982.5</ele></trkpt>
      <trkpt lat="46.23275750947453" lon="8.656899275883182">
      <ele>1983.7</ele></trkpt>
      <trkpt lat="46.23277670519963" lon="8.656927124800465">
      <ele>1984.8</ele></trkpt>
      <trkpt lat="46.23279893694171" lon="8.656940392005229">
      <ele>1986.0</ele></trkpt>
      <trkpt lat="46.23281622706169" lon="8.656881233790253">
      <ele>1987.1</ele></trkpt>
      <trkpt lat="46.23282894057212" lon="8.656872767302799">
      <ele>1988.3</ele></trkpt>
      <trkpt lat="46.23283951840523" lon="8.65684959040307">
      <ele>1989.4</ele></trkpt>
      <trkpt lat="46.23285487996609" lon="8.656913498067413">
      <ele>1990.6</ele></trkpt>
      <trkpt lat="46.23286178002901" lon="8.656964472539544">
      <ele>1991.7</ele></trkpt>
      <trkpt lat="46.23286400867647" lon="8.657023159988505">
      <ele>1992.9</ele></trkpt>
      <trkpt lat="46.23287333726843" lon="8.657114261521308">
      <ele>1994.0</ele></trkpt>
      <trkpt lat="46.23289503197081" lon="8.657229131156626">
      <ele>1994.2</ele></trkpt>
      <trkpt lat="46.23291957788682" lon="8.657292298137955">
      <ele>1994.5</ele></trkpt>
      <trkpt lat="46.23294575785194" lon="8.657311526728588">
      <ele>1994.7</ele></trkpt>
      <trkpt lat="46.23297442943856" lon="8.657365023993076">
      <ele>1994.9</ele></trkpt>
      <trkpt lat="46.232996553921474" lon="8.657440829028673">
      <ele>1995.2</ele></trkpt>
      <trkpt lat="46.23301499491476" lon="8.657485268702082">
      <ele>1995.4</ele></trkpt>
      <trkpt lat="46.233027109942114" lon="8.657531498498534">
      <ele>1995.6</ele></trkpt>
      <trkpt lat="46.23303161079225" lon="8.657592194634693">
      <ele>1995.9</ele></trkpt>
      <trkpt lat="46.23303704335386" lon="8.657672448922803">
      <ele>1996.1</ele></trkpt>
      <trkpt lat="46.233048454161946" lon="8.657783160700944">
      <ele>1996.3</ele></trkpt>
      <trkpt lat="46.2330432890717" lon="8.6578875637172">
      <ele>1996.6</ele></trkpt>
      <trkpt lat="46.233046533204075" lon="8.657957993927917">
      <ele>1996.8</ele></trkpt>
      <trkpt lat="46.23305779846403" lon="8.658029614981231">
      <ele>1997.1</ele></trkpt>
      <trkpt lat="46.23306860403909" lon="8.6580904653486">
      <ele>1997.3</ele></trkpt>
      <trkpt lat="46.23308110628178" lon="8.658153324321141">
      <ele>1997.5</ele></trkpt>
      <trkpt lat="46.23311204846726" lon="8.658209802971223">
      <ele>1997.8</ele></trkpt>
      <trkpt lat="46.23313336874233" lon="8.658253348128138">
      <ele>1998.0</ele></trkpt>
      <trkpt lat="46.233141870119624" lon="8.658315119346712">
      <ele>1998.2</ele></trkpt>
      <trkpt lat="46.23314752347311" lon="8.658374856206258">
      <ele>1998.5</ele></trkpt>
      <trkpt lat="46.23316112414403" lon="8.658442627517509">
      <ele>1998.7</ele></trkpt>
      <trkpt lat="46.233175677482514" lon="8.658527999918693">
      <ele>1999.6</ele></trkpt>
      <trkpt lat="46.23319362508256" lon="8.658565596826186">
      <ele>2000.5</ele></trkpt>
      <trkpt lat="46.2332057607821" lon="8.65860986986316">
      <ele>2001.4</ele></trkpt>
      <trkpt lat="46.2332141249268" lon="8.658684343261593">
      <ele>2002.3</ele></trkpt>
      <trkpt lat="46.2332189308497" lon="8.658716706367859">
      <ele>2003.2</ele></trkpt>
      <trkpt lat="46.23323238629476" lon="8.658745386922554">
      <ele>2004.1</ele></trkpt>
      <trkpt lat="46.23325229498775" lon="8.658708780708967">
      <ele>2005.0</ele></trkpt>
      <trkpt lat="46.2332670306288" lon="8.65867300497178">
      <ele>2005.9</ele></trkpt>
      <trkpt lat="46.23328363009172" lon="8.658624578807967">
      <ele>2006.8</ele></trkpt>
      <trkpt lat="46.23329215714708" lon="8.658578875801442">
      <ele>2007.8</ele></trkpt>
      <trkpt lat="46.23330065095339" lon="8.658537087291196">
      <ele>2008.7</ele></trkpt>
      <trkpt lat="46.23331533156334" lon="8.658558950074339">
      <ele>2009.6</ele></trkpt>
      <trkpt lat="46.23332751984004" lon="8.658598349761995">
      <ele>2010.5</ele></trkpt>
      <trkpt lat="46.23334785581384" lon="8.658627210421692">
      <ele>2011.4</ele></trkpt>
      <trkpt lat="46.23339653039549" lon="8.658635301709493">
      <ele>2012.3</ele></trkpt>
      <trkpt lat="46.233442426722114" lon="8.658688265568399">
      <ele>2013.2</ele></trkpt>
      <trkpt lat="46.23347289178916" lon="8.658682206611882">
      <ele>2014.1</ele></trkpt>
      <trkpt lat="46.233498045144145" lon="8.658690665526352">
      <ele>2015.0</ele></trkpt>
      <trkpt lat="46.233528297844686" lon="8.658705124571522">
      <ele>2015.9</ele></trkpt>
      <trkpt lat="46.233565860651076" lon="8.658732478542454">
      <ele>2016.8</ele></trkpt>
      <trkpt lat="46.23359736108633" lon="8.65873719035877">
      <ele>2016.0</ele></trkpt>
      <trkpt lat="46.23362652583623" lon="8.658745752161673">
      <ele>2015.1</ele></trkpt>
      <trkpt lat="46.23362652583623" lon="8.65874575216166">
      <ele>2014.3</ele></trkpt>
      <trkpt lat="46.23359736108633" lon="8.658737190358742">
      <ele>2013.4</ele></trkpt>
      <trkpt lat="46.23356586065106" lon="8.658732478542442">
      <ele>2012.6</ele></trkpt>
      <trkpt lat="46.233528297844686" lon="8.658705124571522">
      <ele>2011.7</ele></trkpt>
      <trkpt lat="46.23349804514414" lon="8.658690665526377">
      <ele>2010.9</ele></trkpt>
      <trkpt lat="46.23347289178916" lon="8.65868220661187">
      <ele>2010.0</ele></trkpt>
      <trkpt lat="46.23344242672212" lon="8.658688265568388">
      <ele>2009.2</ele></trkpt>
      <trkpt lat="46.23339653039549" lon="8.658635301709493">
      <ele>2008.3</ele></trkpt>
      <trkpt lat="46.233347855813825" lon="8.658627210421677">
      <ele>2007.5</ele></trkpt>
      <trkpt lat="46.23332751984004" lon="8.658598349761983">
      <ele>2006.7</ele></trkpt>
      <trkpt lat="46.233315331563325" lon="8.658558950074308">
      <ele>2005.8</ele></trkpt>
      <trkpt lat="46.233300650953375" lon="8.658537087291194">
      <ele>2005.0</ele></trkpt>
      <trkpt lat="46.23329215714708" lon="8.65857887580143">
      <ele>2004.1</ele></trkpt>
      <trkpt lat="46.233283630091705" lon="8.658624578807967">
      <ele>2003.3</ele></trkpt>
      <trkpt lat="46.2332670306288" lon="8.658673004971792">
      <ele>2002.4</ele></trkpt>
      <trkpt lat="46.23325229498775" lon="8.658708780708977">
      <ele>2001.6</ele></trkpt>
      <trkpt lat="46.23323238629473" lon="8.658745386922577">
      <ele>2000.7</ele></trkpt>
      <trkpt lat="46.233216750683304" lon="8.658758675145272">
      <ele>1999.9</ele></trkpt>
      <trkpt lat="46.23318951075704" lon="8.658784343636555">
      <ele>1997.4</ele></trkpt>
      <trkpt lat="46.23317060714422" lon="8.658833690368855">
      <ele>1994.9</ele></trkpt>
      <trkpt lat="46.23313554346759" lon="8.658892398235523">
      <ele>1992.4</ele></trkpt>
      <trkpt lat="46.23309989525917" lon="8.658951079963805">
      <ele>1990.0</ele></trkpt>
      <trkpt lat="46.23305237101987" lon="8.658994793880403">
      <ele>1987.5</ele></trkpt>
      <trkpt lat="46.23301654458319" lon="8.659018299165588">
      <ele>1985.0</ele></trkpt>
      <trkpt lat="46.23299133601743" lon="8.659067478429485">
      <ele>1982.5</ele></trkpt>
      <trkpt lat="46.23297943773755" lon="8.65910626037941">
      <ele>1980.0</ele></trkpt>
      <trkpt lat="46.23296069056137" lon="8.659141932938711">
      <ele>1977.5</ele></trkpt>
      <trkpt lat="46.23294313841205" lon="8.659172744703394">
      <ele>1975.1</ele></trkpt>
      <trkpt lat="46.23290860032747" lon="8.659183573659735">
      <ele>1972.6</ele></trkpt>
      <trkpt lat="46.23285927791413" lon="8.659181327305005">
      <ele>1970.1</ele></trkpt>
      <trkpt lat="46.23284012214409" lon="8.659202340928571">
      <ele>1967.6</ele></trkpt>
      <trkpt lat="46.23281047418752" lon="8.659237717170114">
      <ele>1965.1</ele></trkpt>
      <trkpt lat="46.23278878550026" lon="8.659279183503507">
      <ele>1962.6</ele></trkpt>
      <trkpt lat="46.232741973751445" lon="8.659310220818544">
      <ele>1960.1</ele></trkpt>
      <trkpt lat="46.232700229826" lon="8.659350174429054">
      <ele>1957.7</ele></trkpt>
      <trkpt lat="46.2326659946388" lon="8.659385447667042">
      <ele>1955.2</ele></trkpt>
      <trkpt lat="46.232637655887075" lon="8.659406216391458">
      <ele>1952.7</ele></trkpt>
      <trkpt lat="46.2325795123496" lon="8.659476047798595">
      <ele>1950.2</ele></trkpt>
      <trkpt lat="46.232519870836995" lon="8.65952629540296">
      <ele>1947.7</ele></trkpt>
      <trkpt lat="46.23247095531978" lon="8.659539692732487">
      <ele>1945.3</ele></trkpt>
      <trkpt lat="46.232413848382926" lon="8.659568502331513">
      <ele>1942.8</ele></trkpt>
      <trkpt lat="46.232375698110864" lon="8.659593912458432">
      <ele>1940.3</ele></trkpt>
      <trkpt lat="46.23233749371346" lon="8.659625168187805">
      <ele>1937.8</ele></trkpt>
      <trkpt lat="46.2323061486721" lon="8.659658561195165">
      <ele>1935.4</ele></trkpt>
      <trkpt lat="46.23223867570034" lon="8.65969004212354">
      <ele>1932.9</ele></trkpt>
      <trkpt lat="46.23218666951975" lon="8.659723879234171">
      <ele>1930.4</ele></trkpt>
      <trkpt lat="46.23213724009124" lon="8.659732377297992">
      <ele>1928.0</ele></trkpt>
      <trkpt lat="46.23209096324129" lon="8.659766355744217">
      <ele>1925.5</ele></trkpt>
      <trkpt lat="46.23205358749399" lon="8.6597741906312">
      <ele>1923.0</ele></trkpt>
      <trkpt lat="46.23196804827741" lon="8.659831583277477">
      <ele>1920.6</ele></trkpt>
      <trkpt lat="46.23189971476943" lon="8.659889426423035">
      <ele>1918.1</ele></trkpt>
      <trkpt lat="46.231833579777344" lon="8.659956121337485">
      <ele>1915.6</ele></trkpt>
      <trkpt lat="46.23177977280635" lon="8.659996749616775">
      <ele>1913.2</ele></trkpt>
      <trkpt lat="46.23173631069553" lon="8.660036663463588">
      <ele>1910.7</ele></trkpt>
      <trkpt lat="46.23168105701014" lon="8.660104613264078">
      <ele>1908.2</ele></trkpt>
      <trkpt lat="46.23164204470184" lon="8.660157344478868">
      <ele>1905.7</ele></trkpt>
      <trkpt lat="46.231601860074406" lon="8.660211993924234">
      <ele>1903.3</ele></trkpt>
      <trkpt lat="46.231570076427786" lon="8.660232671574995">
      <ele>1900.8</ele></trkpt>
      <trkpt lat="46.23152545243981" lon="8.660273531317301">
      <ele>1898.8</ele></trkpt>
      <trkpt lat="46.23147641011929" lon="8.660298657300242">
      <ele>1896.8</ele></trkpt>
      <trkpt lat="46.23145607299225" lon="8.6603215751331">
      <ele>1894.9</ele></trkpt>
      <trkpt lat="46.23145156713251" lon="8.660366407220055">
      <ele>1892.9</ele></trkpt>
      <trkpt lat="46.23140384496089" lon="8.660375928151517">
      <ele>1890.9</ele></trkpt>
      <trkpt lat="46.23134600543864" lon="8.660418396855864">
      <ele>1888.9</ele></trkpt>
      <trkpt lat="46.231300221233774" lon="8.660408424532392">
      <ele>1886.9</ele></trkpt>
      <trkpt lat="46.23127092102994" lon="8.660411578567711">
      <ele>1885.0</ele></trkpt>
      <trkpt lat="46.23124874984492" lon="8.660445202227145">
      <ele>1883.0</ele></trkpt>
      <trkpt lat="46.23123512264563" lon="8.660484916148356">
      <ele>1881.0</ele></trkpt>
      <trkpt lat="46.23118687761413" lon="8.66048953780844">
      <ele>1879.0</ele></trkpt>
      <trkpt lat="46.23115190100245" lon="8.660487651109007">
      <ele>1877.0</ele></trkpt>
      <trkpt lat="46.23113352118019" lon="8.660490116711422">
      <ele>1875.1</ele></trkpt>
      <trkpt lat="46.231122020308504" lon="8.660544527462045">
      <ele>1873.1</ele></trkpt>
      <trkpt lat="46.2311311593847" lon="8.66060045140463">
      <ele>1871.1</ele></trkpt>
      <trkpt lat="46.231119271084914" lon="8.660638259636722">
      <ele>1869.1</ele></trkpt>
      <trkpt lat="46.2311177414561" lon="8.660672411132582">
      <ele>1867.1</ele></trkpt>
      <trkpt lat="46.231099120548265" lon="8.660696352446163">
      <ele>1865.2</ele></trkpt>
      <trkpt lat="46.23107510799504" lon="8.660688903831891">
      <ele>1863.2</ele></trkpt>
      <trkpt lat="46.23105264460796" lon="8.66069711147626">
      <ele>1861.2</ele></trkpt>
      <trkpt lat="46.231069387525" lon="8.660739555036812">
      <ele>1859.2</ele></trkpt>
      <trkpt lat="46.23107659027522" lon="8.660763194293509">
      <ele>1857.2</ele></trkpt>
      <trkpt lat="46.231049467531584" lon="8.660777144056517">
      <ele>1855.2</ele></trkpt>
      <trkpt lat="46.231059277114134" lon="8.660824293495217">
      <ele>1853.2</ele></trkpt>
      <trkpt lat="46.23103221602825" lon="8.66083337018615">
      <ele>1851.2</ele></trkpt>
      <trkpt lat="46.23103299929275" lon="8.660866614205673">
      <ele>1849.1</ele></trkpt>
      <trkpt lat="46.23098008287153" lon="8.660878921955016">
      <ele>1847.1</ele></trkpt>
      <trkpt lat="46.2309568095421" lon="8.660960396076222">
      <ele>1845.1</ele></trkpt>
      <trkpt lat="46.23093599705803" lon="8.661027276201576">
      <ele>1843.1</ele></trkpt>
      <trkpt lat="46.23092618206785" lon="8.661084667287483">
      <ele>1841.1</ele></trkpt>
      <trkpt lat="46.230906668626915" lon="8.66113789962237">
      <ele>1839.1</ele></trkpt>
      <trkpt lat="46.230888989266916" lon="8.661180426060177">
      <ele>1837.1</ele></trkpt>
      <trkpt lat="46.23088649301277" lon="8.661250711883135">
      <ele>1835.1</ele></trkpt>
      <trkpt lat="46.23088816508962" lon="8.661307414423355">
      <ele>1833.1</ele></trkpt>
      <trkpt lat="46.230860788627815" lon="8.661344822734035">
      <ele>1831.0</ele></trkpt>
      <trkpt lat="46.23084223092238" lon="8.66136290547014">
      <ele>1829.0</ele></trkpt>
      <trkpt lat="46.23080438823848" lon="8.661465494221273">
      <ele>1827.0</ele></trkpt>
      <trkpt lat="46.23080219668051" lon="8.661508420116538">
      <ele>1825.0</ele></trkpt>
      <trkpt lat="46.23078747065691" lon="8.66154322141469">
      <ele>1823.0</ele></trkpt>
      <trkpt lat="46.23076131042367" lon="8.661573811953126">
      <ele>1821.0</ele></trkpt>
      <trkpt lat="46.23074538269689" lon="8.661561670157793">
      <ele>1819.5</ele></trkpt>
      <trkpt lat="46.23073089135144" lon="8.661523192223473">
      <ele>1817.9</ele></trkpt>
      <trkpt lat="46.23070983300856" lon="8.661512114946207">
      <ele>1816.4</ele></trkpt>
      <trkpt lat="46.23070540859263" lon="8.661536893144987">
      <ele>1814.8</ele></trkpt>
      <trkpt lat="46.23068300675912" lon="8.661670837710064">
      <ele>1813.3</ele></trkpt>
      <trkpt lat="46.23063771734935" lon="8.661809764742799">
      <ele>1811.7</ele></trkpt>
      <trkpt lat="46.23058761817101" lon="8.661863528124986">
      <ele>1810.2</ele></trkpt>
      <trkpt lat="46.23056054313176" lon="8.661901331637523">
      <ele>1808.6</ele></trkpt>
      <trkpt lat="46.23055616556232" lon="8.661953373610503">
      <ele>1807.1</ele></trkpt>
      <trkpt lat="46.23054225122445" lon="8.662007936692907">
      <ele>1805.5</ele></trkpt>
      <trkpt lat="46.23052680678376" lon="8.66202680204583">
      <ele>1804.0</ele></trkpt>
      <trkpt lat="46.23044236764419" lon="8.662088012661947">
      <ele>1802.5</ele></trkpt>
      <trkpt lat="46.2304241249859" lon="8.662115215598591">
      <ele>1800.9</ele></trkpt>
      <trkpt lat="46.23040521193409" lon="8.662082977671915">
      <ele>1799.4</ele></trkpt>
      <trkpt lat="46.23038337543535" lon="8.662081462961416">
      <ele>1797.8</ele></trkpt>
      <trkpt lat="46.230376874599806" lon="8.662032054729519">
      <ele>1796.3</ele></trkpt>
      <trkpt lat="46.23036393259775" lon="8.66203998299341">
      <ele>1794.7</ele></trkpt>
      <trkpt lat="46.23033600039736" lon="8.662120417657263">
      <ele>1793.2</ele></trkpt>
      <trkpt lat="46.23030844015165" lon="8.662225504622999">
      <ele>1791.6</ele></trkpt>
      <trkpt lat="46.23029201596205" lon="8.662255924416169">
      <ele>1790.1</ele></trkpt>
      <trkpt lat="46.230263550792806" lon="8.662271696885435">
      <ele>1788.9</ele></trkpt>
      <trkpt lat="46.23024455417149" lon="8.6623020588378">
      <ele>1787.8</ele></trkpt>
      <trkpt lat="46.23022831761065" lon="8.662372501725423">
      <ele>1786.6</ele></trkpt>
      <trkpt lat="46.230189688821966" lon="8.662488618026964">
      <ele>1785.5</ele></trkpt>
      <trkpt lat="46.23018931552104" lon="8.662521446662943">
      <ele>1784.3</ele></trkpt>
      <trkpt lat="46.23017270617912" lon="8.66254569142648">
      <ele>1783.2</ele></trkpt>
      <trkpt lat="46.23011682421085" lon="8.662607542678764">
      <ele>1782.0</ele></trkpt>
      <trkpt lat="46.2300647378763" lon="8.662669479117348">
      <ele>1780.9</ele></trkpt>
      <trkpt lat="46.2300148164685" lon="8.662706781314046">
      <ele>1779.7</ele></trkpt>
      <trkpt lat="46.22991105939109" lon="8.66279225177861">
      <ele>1778.5</ele></trkpt>
      <trkpt lat="46.229799603825654" lon="8.662885780739817">
      <ele>1777.4</ele></trkpt>
      <trkpt lat="46.22976474077348" lon="8.662939884843837">
      <ele>1776.2</ele></trkpt>
      <trkpt lat="46.22964316575534" lon="8.663088073454665">
      <ele>1775.1</ele></trkpt>
      <trkpt lat="46.229585053838" lon="8.663178030239019">
      <ele>1773.9</ele></trkpt>
      <trkpt lat="46.229544305197386" lon="8.663214008208762">
      <ele>1772.8</ele></trkpt>
      <trkpt lat="46.229504406708514" lon="8.663273663681048">
      <ele>1771.6</ele></trkpt>
      <trkpt lat="46.22947447044804" lon="8.663304802975079">
      <ele>1770.5</ele></trkpt>
      <trkpt lat="46.22945944392432" lon="8.663347361339818">
      <ele>1769.3</ele></trkpt>
      <trkpt lat="46.22939983700342" lon="8.66340089537062">
      <ele>1768.2</ele></trkpt>
      <trkpt lat="46.2293478096185" lon="8.663457348013257">
      <ele>1767.0</ele></trkpt>
      <trkpt lat="46.229306805262546" lon="8.6635185856936">
      <ele>1766.2</ele></trkpt>
      <trkpt lat="46.22928328889029" lon="8.663550893254268">
      <ele>1765.4</ele></trkpt>
      <trkpt lat="46.22924548629188" lon="8.663540800033708">
      <ele>1764.7</ele></trkpt>
      <trkpt lat="46.22922846764737" lon="8.663567096055177">
      <ele>1763.9</ele></trkpt>
      <trkpt lat="46.229173966708714" lon="8.663611034848238">
      <ele>1763.1</ele></trkpt>
      <trkpt lat="46.229137123306174" lon="8.663628666056079">
      <ele>1762.3</ele></trkpt>
      <trkpt lat="46.229104416548516" lon="8.663677191408762">
      <ele>1761.5</ele></trkpt>
      <trkpt lat="46.22906915857425" lon="8.663697126813087">
      <ele>1760.8</ele></trkpt>
      <trkpt lat="46.22903236605925" lon="8.663746597225629">
      <ele>1760.0</ele></trkpt>
      <trkpt lat="46.22898179048889" lon="8.663844240633104">
      <ele>1759.2</ele></trkpt>
      <trkpt lat="46.22893893132224" lon="8.663933825719376">
      <ele>1758.4</ele></trkpt>
      <trkpt lat="46.22891951253683" lon="8.663969064062517">
      <ele>1757.6</ele></trkpt>
      <trkpt lat="46.22890927781536" lon="8.663987838109684">
      <ele>1756.9</ele></trkpt>
      <trkpt lat="46.228886553430414" lon="8.664006823734153">
      <ele>1756.1</ele></trkpt>
      <trkpt lat="46.22887777930436" lon="8.664043571946713">
      <ele>1755.3</ele></trkpt>
      <trkpt lat="46.2288722071974" lon="8.664080392199182">
      <ele>1754.5</ele></trkpt>
      <trkpt lat="46.22885007477808" lon="8.664104524589227">
      <ele>1753.7</ele></trkpt>
      <trkpt lat="46.228797440798424" lon="8.664098206711941">
      <ele>1753.0</ele></trkpt>
      <trkpt lat="46.228767755742524" lon="8.664107805710481">
      <ele>1752.2</ele></trkpt>
      <trkpt lat="46.22873674020835" lon="8.664140553224698">
      <ele>1751.4</ele></trkpt>
      <trkpt lat="46.228713180698165" lon="8.664205876843642">
      <ele>1751.2</ele></trkpt>
      <trkpt lat="46.228680304050535" lon="8.664251792023578">
      <ele>1751.0</ele></trkpt>
      <trkpt lat="46.22864773390924" lon="8.664270257720863">
      <ele>1750.7</ele></trkpt>
      <trkpt lat="46.22858996482297" lon="8.664329327760548">
      <ele>1750.5</ele></trkpt>
      <trkpt lat="46.2285433808309" lon="8.664410596293488">
      <ele>1750.3</ele></trkpt>
      <trkpt lat="46.22848127170213" lon="8.664518958508525">
      <ele>1750.1</ele></trkpt>
      <trkpt lat="46.22844652702356" lon="8.664562070077592">
      <ele>1749.9</ele></trkpt>
      <trkpt lat="46.22840316897778" lon="8.664593061485986">
      <ele>1749.6</ele></trkpt>
      <trkpt lat="46.22836851896059" lon="8.66461665240655">
      <ele>1749.4</ele></trkpt>
      <trkpt lat="46.228354071624096" lon="8.664632297908236">
      <ele>1749.2</ele></trkpt>
      <trkpt lat="46.22834224153889" lon="8.664650504229638">
      <ele>1749.0</ele></trkpt>
      <trkpt lat="46.228331500198436" lon="8.664665377571204">
      <ele>1748.8</ele></trkpt>
      <trkpt lat="46.228324676824194" lon="8.664711373133015">
      <ele>1748.5</ele></trkpt>
      <trkpt lat="46.228320734316256" lon="8.664734786746267">
      <ele>1748.3</ele></trkpt>
      <trkpt lat="46.22831693753261" lon="8.66474310145201">
      <ele>1748.1</ele></trkpt>
      <trkpt lat="46.22830049494578" lon="8.664746944321127">
      <ele>1747.9</ele></trkpt>
      <trkpt lat="46.22827289865875" lon="8.664753906516035">
      <ele>1747.7</ele></trkpt>
      <trkpt lat="46.2282454296925" lon="8.664749126882263">
      <ele>1747.4</ele></trkpt>
      <trkpt lat="46.228215555845196" lon="8.664771152912202">
      <ele>1747.2</ele></trkpt>
      <trkpt lat="46.22819236263747" lon="8.664813448247237">
      <ele>1747.0</ele></trkpt>
      <trkpt lat="46.228157997440206" lon="8.664861377297903">
      <ele>1746.1</ele></trkpt>
      <trkpt lat="46.22810752901435" lon="8.66493162929457">
      <ele>1745.2</ele></trkpt>
      <trkpt lat="46.22807799479021" lon="8.664972109439963">
      <ele>1744.3</ele></trkpt>
      <trkpt lat="46.2280579282789" lon="8.664968326044423">
      <ele>1743.4</ele></trkpt>
      <trkpt lat="46.228040397070785" lon="8.66497382952786">
      <ele>1742.5</ele></trkpt>
      <trkpt lat="46.227999617754925" lon="8.665028341794027">
      <ele>1741.7</ele></trkpt>
      <trkpt lat="46.22798797688613" lon="8.665058957928288">
      <ele>1740.8</ele></trkpt>
      <trkpt lat="46.22796954964988" lon="8.665040070443446">
      <ele>1739.9</ele></trkpt>
      <trkpt lat="46.22794879221406" lon="8.665056027330362">
      <ele>1739.0</ele></trkpt>
      <trkpt lat="46.2279352226401" lon="8.665062903341463">
      <ele>1738.1</ele></trkpt>
      <trkpt lat="46.227916464628215" lon="8.665085296071512">
      <ele>1737.2</ele></trkpt>
      <trkpt lat="46.227882748214604" lon="8.665121507673831">
      <ele>1736.3</ele></trkpt>
      <trkpt lat="46.227850341806544" lon="8.665184582432037">
      <ele>1735.4</ele></trkpt>
      <trkpt lat="46.22784231759063" lon="8.665192801825537">
      <ele>1734.5</ele></trkpt>
      <trkpt lat="46.22780998148254" lon="8.665197142139295">
      <ele>1733.7</ele></trkpt>
      <trkpt lat="46.22775392104848" lon="8.665244620866407">
      <ele>1732.8</ele></trkpt>
      <trkpt lat="46.22769977614865" lon="8.66528885001279">
      <ele>1731.9</ele></trkpt>
      <trkpt lat="46.227572575868486" lon="8.665428669559128">
      <ele>1731.0</ele></trkpt>
      <trkpt lat="46.22737181253679" lon="8.665679324324328">
      <ele>1730.1</ele></trkpt>
      <trkpt lat="46.2272791784481" lon="8.665792478331937">
      <ele>1729.2</ele></trkpt>
      <trkpt lat="46.22722158734507" lon="8.665835073339018">
      <ele>1728.3</ele></trkpt>
      <trkpt lat="46.227180892402366" lon="8.665900008287814">
      <ele>1727.3</ele></trkpt>
      <trkpt lat="46.227050115883834" lon="8.666017798217629">
      <ele>1726.4</ele></trkpt>
      <trkpt lat="46.22700441096318" lon="8.666066040313567">
      <ele>1725.5</ele></trkpt>
      <trkpt lat="46.22695071268278" lon="8.666095617037335">
      <ele>1724.5</ele></trkpt>
      <trkpt lat="46.226892702147225" lon="8.666109709532815">
      <ele>1723.6</ele></trkpt>
      <trkpt lat="46.22681065134884" lon="8.666149600765678">
      <ele>1722.7</ele></trkpt>
      <trkpt lat="46.226729856801974" lon="8.66622459773297">
      <ele>1721.8</ele></trkpt>
      <trkpt lat="46.22663983480328" lon="8.666271957078628">
      <ele>1720.8</ele></trkpt>
      <trkpt lat="46.22658968313027" lon="8.666331181590813">
      <ele>1719.9</ele></trkpt>
      <trkpt lat="46.226549017595985" lon="8.666393380926989">
      <ele>1719.0</ele></trkpt>
      <trkpt lat="46.226539570397584" lon="8.666407530770552">
      <ele>1718.0</ele></trkpt>
      <trkpt lat="46.22649652605325" lon="8.66646095238601">
      <ele>1717.1</ele></trkpt>
      <trkpt lat="46.2264575366047" lon="8.666498041456611">
      <ele>1716.2</ele></trkpt>
      <trkpt lat="46.22643909930882" lon="8.666519869958199">
      <ele>1715.2</ele></trkpt>
      <trkpt lat="46.22637391932008" lon="8.6665595572942">
      <ele>1714.3</ele></trkpt>
      <trkpt lat="46.22621602392913" lon="8.666720624304615">
      <ele>1713.4</ele></trkpt>
      <trkpt lat="46.22615649595357" lon="8.666765908968125">
      <ele>1712.5</ele></trkpt>
      <trkpt lat="46.22608897110829" lon="8.666846699574577">
      <ele>1711.5</ele></trkpt>
      <trkpt lat="46.22602777444741" lon="8.666870013459276">
      <ele>1710.6</ele></trkpt>
      <trkpt lat="46.22599184589964" lon="8.666847270312934">
      <ele>1708.5</ele></trkpt>
      <trkpt lat="46.22595388271791" lon="8.666835421825095">
      <ele>1706.3</ele></trkpt>
      <trkpt lat="46.22590979952101" lon="8.66686188265281">
      <ele>1704.2</ele></trkpt>
      <trkpt lat="46.225863094334684" lon="8.66687048656053">
      <ele>1702.0</ele></trkpt>
      <trkpt lat="46.22584592767315" lon="8.666848218440837">
      <ele>1699.9</ele></trkpt>
      <trkpt lat="46.22583321145697" lon="8.666817106460194">
      <ele>1697.8</ele></trkpt>
      <trkpt lat="46.22579498326717" lon="8.66684207895061">
      <ele>1695.6</ele></trkpt>
      <trkpt lat="46.225760883971155" lon="8.666896919716656">
      <ele>1693.5</ele></trkpt>
      <trkpt lat="46.22567720793546" lon="8.666886801365482">
      <ele>1691.3</ele></trkpt>
      <trkpt lat="46.22564692247475" lon="8.666869655840536">
      <ele>1689.2</ele></trkpt>
      <trkpt lat="46.2255593433945" lon="8.666867680782504">
      <ele>1687.1</ele></trkpt>
      <trkpt lat="46.225516035000766" lon="8.666822812786526">
      <ele>1684.9</ele></trkpt>
      <trkpt lat="46.22543824921601" lon="8.666796364962064">
      <ele>1682.8</ele></trkpt>
      <trkpt lat="46.225350640434215" lon="8.666797124457675">
      <ele>1680.6</ele></trkpt>
      <trkpt lat="46.22526800418689" lon="8.666789842652879">
      <ele>1678.5</ele></trkpt>
      <trkpt lat="46.225201640783325" lon="8.66677281706276">
      <ele>1676.4</ele></trkpt>
      <trkpt lat="46.225172344170765" lon="8.666778106220963">
      <ele>1674.2</ele></trkpt>
      <trkpt lat="46.2251335169104" lon="8.666801081664833">
      <ele>1672.1</ele></trkpt>
      <trkpt lat="46.225077686055464" lon="8.666806653893977">
      <ele>1669.9</ele></trkpt>
      <trkpt lat="46.224976233332264" lon="8.666810549197386">
      <ele>1667.8</ele></trkpt>
      <trkpt lat="46.22493326769322" lon="8.66682192055789">
      <ele>1666.3</ele></trkpt>
      <trkpt lat="46.2248770242596" lon="8.666872100142735">
      <ele>1664.8</ele></trkpt>
      <trkpt lat="46.22470250619128" lon="8.667028690802105">
      <ele>1663.2</ele></trkpt>
      <trkpt lat="46.22464059595713" lon="8.667074620110675">
      <ele>1661.7</ele></trkpt>
      <trkpt lat="46.22455728328513" lon="8.667118005549192">
      <ele>1660.2</ele></trkpt>
      <trkpt lat="46.22447839500232" lon="8.667149150506123">
      <ele>1658.7</ele></trkpt>
      <trkpt lat="46.22440544165613" lon="8.66715985803959">
      <ele>1657.2</ele></trkpt>
      <trkpt lat="46.22442605780398" lon="8.667214064882442">
      <ele>1655.6</ele></trkpt>
      <trkpt lat="46.224478824781556" lon="8.667255321773501">
      <ele>1654.1</ele></trkpt>
      <trkpt lat="46.22454307385058" lon="8.667298017345145">
      <ele>1652.6</ele></trkpt>
      <trkpt lat="46.22459248201337" lon="8.66731637190168">
      <ele>1651.1</ele></trkpt>
      <trkpt lat="46.224626723533596" lon="8.66734118958218">
      <ele>1649.6</ele></trkpt>
      <trkpt lat="46.22466208769218" lon="8.667327275090022">
      <ele>1648.0</ele></trkpt>
      <trkpt lat="46.224750687369905" lon="8.667378556946096">
      <ele>1646.5</ele></trkpt>
      <trkpt lat="46.22480016074499" lon="8.667390081923173">
      <ele>1645.0</ele></trkpt>
      <trkpt lat="46.22483864168916" lon="8.667422993210202">
      <ele>1643.5</ele></trkpt>
      <trkpt lat="46.22488091637358" lon="8.66743547060071">
      <ele>1642.0</ele></trkpt>
      <trkpt lat="46.22494655491299" lon="8.667482760835867">
      <ele>1640.4</ele></trkpt>
      <trkpt lat="46.2250067873039" lon="8.667566392624725">
      <ele>1638.9</ele></trkpt>
      <trkpt lat="46.22507291896348" lon="8.667635354565729">
      <ele>1637.4</ele></trkpt>
      <trkpt lat="46.225115271051294" lon="8.6677094057675">
      <ele>1636.2</ele></trkpt>
      <trkpt lat="46.22517339419401" lon="8.667788427664744">
      <ele>1635.0</ele></trkpt>
      <trkpt lat="46.22522151815634" lon="8.667860353916181">
      <ele>1633.8</ele></trkpt>
      <trkpt lat="46.22527164514841" lon="8.667948295345365">
      <ele>1632.6</ele></trkpt>
      <trkpt lat="46.22531416163175" lon="8.668006380924666">
      <ele>1631.4</ele></trkpt>
      <trkpt lat="46.22534218680697" lon="8.668076661296917">
      <ele>1630.2</ele></trkpt>
      <trkpt lat="46.22539716071377" lon="8.668158179413838">
      <ele>1629.0</ele></trkpt>
      <trkpt lat="46.225432441552265" lon="8.668241288213302">
      <ele>1627.8</ele></trkpt>
      <trkpt lat="46.22545987399664" lon="8.668295741135253">
      <ele>1626.6</ele></trkpt>
      <trkpt lat="46.225496768155644" lon="8.668390980642677">
      <ele>1625.3</ele></trkpt>
      <trkpt lat="46.22553093342887" lon="8.668493923253095">
      <ele>1624.1</ele></trkpt>
      <trkpt lat="46.225553126728066" lon="8.668557746713567">
      <ele>1622.9</ele></trkpt>
      <trkpt lat="46.225573785149955" lon="8.668613796888021">
      <ele>1621.7</ele></trkpt>
      <trkpt lat="46.225604865358974" lon="8.668656277297076">
      <ele>1620.5</ele></trkpt>
      <trkpt lat="46.22566612221926" lon="8.66868783775409">
      <ele>1619.3</ele></trkpt>
      <trkpt lat="46.22569166326688" lon="8.668696153295246">
      <ele>1618.1</ele></trkpt>
      <trkpt lat="46.225753990599536" lon="8.668764111216946">
      <ele>1616.9</ele></trkpt>
      <trkpt lat="46.22579796892367" lon="8.668843256410126">
      <ele>1615.7</ele></trkpt>
      <trkpt lat="46.22586989322882" lon="8.668935412375873">
      <ele>1614.5</ele></trkpt>
      <trkpt lat="46.22589220521399" lon="8.668967636081863">
      <ele>1613.3</ele></trkpt>
      <trkpt lat="46.22593117563803" lon="8.669097728547289">
      <ele>1609.6</ele></trkpt>
      <trkpt lat="46.2259609768649" lon="8.6692105939986">
      <ele>1605.8</ele></trkpt>
      <trkpt lat="46.225981248811436" lon="8.669426932913057">
      <ele>1602.1</ele></trkpt>
      <trkpt lat="46.2259965470241" lon="8.669558811234">
      <ele>1598.3</ele></trkpt>
      <trkpt lat="46.22600464812363" lon="8.66962785224609">
      <ele>1594.6</ele></trkpt>
      <trkpt lat="46.22602648253538" lon="8.669659300725034">
      <ele>1590.8</ele></trkpt>
      <trkpt lat="46.226027493880906" lon="8.669701102417854">
      <ele>1587.1</ele></trkpt>
      <trkpt lat="46.226018580507734" lon="8.66974964074463">
      <ele>1583.3</ele></trkpt>
      <trkpt lat="46.226020134208284" lon="8.669831690959619">
      <ele>1579.6</ele></trkpt>
      <trkpt lat="46.22604147594258" lon="8.669951339700418">
      <ele>1575.8</ele></trkpt>
      <trkpt lat="46.22605801042995" lon="8.670058863397093">
      <ele>1572.1</ele></trkpt>
      <trkpt lat="46.22605953915207" lon="8.670162184951458">
      <ele>1568.4</ele></trkpt>
      <trkpt lat="46.226058400016484" lon="8.670266768379776">
      <ele>1564.6</ele></trkpt>
      <trkpt lat="46.22605763432749" lon="8.670337060882225">
      <ele>1560.9</ele></trkpt>
      <trkpt lat="46.226052612011514" lon="8.670389290776919">
      <ele>1557.1</ele></trkpt>
      <trkpt lat="46.2260331830182" lon="8.670521071094404">
      <ele>1553.4</ele></trkpt>
      <trkpt lat="46.22609101160272" lon="8.6705807114199">
      <ele>1549.6</ele></trkpt>
      <trkpt lat="46.226042432967084" lon="8.67074553540538">
      <ele>1545.9</ele></trkpt>
      <trkpt lat="46.22602487306582" lon="8.670870876510113">
      <ele>1542.1</ele></trkpt>
      <trkpt lat="46.22604618692639" lon="8.670978949349427">
      <ele>1538.4</ele></trkpt>
      <trkpt lat="46.22614669426486" lon="8.671084925556313">
      <ele>1535.5</ele></trkpt>
      <trkpt lat="46.226104637051186" lon="8.671229156490828">
      <ele>1532.6</ele></trkpt>
      <trkpt lat="46.22615449263631" lon="8.671359912326377">
      <ele>1529.7</ele></trkpt>
      <trkpt lat="46.2261729190806" lon="8.671567733477094">
      <ele>1526.8</ele></trkpt>
      <trkpt lat="46.22614936289824" lon="8.671830344026962">
      <ele>1524.0</ele></trkpt>
      <trkpt lat="46.22615438805414" lon="8.671939591216857">
      <ele>1521.1</ele></trkpt>
      <trkpt lat="46.22615357015164" lon="8.672014575175602">
      <ele>1518.2</ele></trkpt>
      <trkpt lat="46.22614343506764" lon="8.672052132065504">
      <ele>1515.3</ele></trkpt>
      <trkpt lat="46.22615684578496" lon="8.672098622067844">
      <ele>1512.4</ele></trkpt>
      <trkpt lat="46.226158612807794" lon="8.672156838923291">
      <ele>1509.5</ele></trkpt>
      <trkpt lat="46.22615214879402" lon="8.672192703043224">
      <ele>1506.6</ele></trkpt>
      <trkpt lat="46.226131804021996" lon="8.672222691731427">
      <ele>1503.7</ele></trkpt>
      <trkpt lat="46.2260863767849" lon="8.672326868358493">
      <ele>1500.8</ele></trkpt>
      <trkpt lat="46.22603765595367" lon="8.672401428150135">
      <ele>1497.9</ele></trkpt>
      <trkpt lat="46.226023152699064" lon="8.672450954227047">
      <ele>1495.0</ele></trkpt>
      <trkpt lat="46.226018541086404" lon="8.672502558045878">
      <ele>1492.2</ele></trkpt>
      <trkpt lat="46.2259841408044" lon="8.672582251213568">
      <ele>1489.3</ele></trkpt>
      <trkpt lat="46.225971484702725" lon="8.672656240792925">
      <ele>1486.4</ele></trkpt>
      <trkpt lat="46.22595523574405" lon="8.672699193984197">
      <ele>1483.5</ele></trkpt>
      <trkpt lat="46.22595029926871" lon="8.672744283080775">
      <ele>1480.6</ele></trkpt>
      <trkpt lat="46.225949844085136" lon="8.672785986750878">
      <ele>1477.2</ele></trkpt>
      <trkpt lat="46.22595989160064" lon="8.672829833944006">
      <ele>1473.9</ele></trkpt>
      <trkpt lat="46.22597914955915" lon="8.672873876919933">
      <ele>1470.5</ele></trkpt>
      <trkpt lat="46.22599719772235" lon="8.672908416763967">
      <ele>1467.2</ele></trkpt>
      <trkpt lat="46.22602175871382" lon="8.672948794869784">
      <ele>1463.8</ele></trkpt>
      <trkpt lat="46.2260625137518" lon="8.673028726380094">
      <ele>1460.5</ele></trkpt>
      <trkpt lat="46.22611484530162" lon="8.67309731875448">
      <ele>1457.1</ele></trkpt>
      <trkpt lat="46.226044413631996" lon="8.673203312971602">
      <ele>1453.8</ele></trkpt>
      <trkpt lat="46.22616331596724" lon="8.673312691780538">
      <ele>1450.4</ele></trkpt>
      <trkpt lat="46.22620410617437" lon="8.673409152102089">
      <ele>1447.1</ele></trkpt>
      <trkpt lat="46.2262019831615" lon="8.673603545470776">
      <ele>1443.8</ele></trkpt>
      <trkpt lat="46.22618601421555" lon="8.67383003172504">
      <ele>1440.4</ele></trkpt>
      <trkpt lat="46.22623002443086" lon="8.674083803976169">
      <ele>1437.0</ele></trkpt>
      <trkpt lat="46.22628349589508" lon="8.674295014117353">
      <ele>1433.7</ele></trkpt>
      <trkpt lat="46.22628825379101" lon="8.674400509544556">
      <ele>1430.3</ele></trkpt>
      <trkpt lat="46.2262661397865" lon="8.674507534065858">
      <ele>1427.0</ele></trkpt>
      <trkpt lat="46.2262542798302" lon="8.67456371785025">
      <ele>1423.6</ele></trkpt>
      <trkpt lat="46.22625739734738" lon="8.674639011625167">
      <ele>1420.3</ele></trkpt>
      <trkpt lat="46.22625080229553" lon="8.67467938360624">
      <ele>1416.9</ele></trkpt>
      <trkpt lat="46.22624433586455" lon="8.67470963456598">
      <ele>1413.6</ele></trkpt>
      <trkpt lat="46.2262218686955" lon="8.674722204089521">
      <ele>1412.5</ele></trkpt>
      <trkpt lat="46.22620227242285" lon="8.674747853383005">
      <ele>1411.4</ele></trkpt>
      <trkpt lat="46.22619071709485" lon="8.674779453596567">
      <ele>1410.3</ele></trkpt>
      <trkpt lat="46.22619240450271" lon="8.67480697296368">
      <ele>1409.2</ele></trkpt>
      <trkpt lat="46.22618762543139" lon="8.67486474324225">
      <ele>1408.0</ele></trkpt>
      <trkpt lat="46.2262042248169" lon="8.674915713724035">
      <ele>1406.9</ele></trkpt>
      <trkpt lat="46.22622401782514" lon="8.674955180976477">
      <ele>1405.8</ele></trkpt>
      <trkpt lat="46.22620261026568" lon="8.675044449236845">
      <ele>1404.7</ele></trkpt>
      <trkpt lat="46.226208065258916" lon="8.675064743150465">
      <ele>1403.6</ele></trkpt>
      <trkpt lat="46.22616985216279" lon="8.675129298680893">
      <ele>1402.5</ele></trkpt>
      <trkpt lat="46.226172260857474" lon="8.675149264172363">
      <ele>1401.4</ele></trkpt>
      <trkpt lat="46.22618172221618" lon="8.675187395074786">
      <ele>1400.3</ele></trkpt>
      <trkpt lat="46.226201176120625" lon="8.675213438244388">
      <ele>1399.2</ele></trkpt>
      <trkpt lat="46.226215420141386" lon="8.675234618762891">
      <ele>1398.1</ele></trkpt>
      <trkpt lat="46.22620392893717" lon="8.675262811130759">
      <ele>1397.0</ele></trkpt>
      <trkpt lat="46.2261892700691" lon="8.675317401532286">
      <ele>1395.8</ele></trkpt>
      <trkpt lat="46.22619711881334" lon="8.675364777201434">
      <ele>1394.7</ele></trkpt>
      <trkpt lat="46.2262076773879" lon="8.675389775862337">
      <ele>1393.6</ele></trkpt>
      <trkpt lat="46.22622287432866" lon="8.675397859740254">
      <ele>1392.5</ele></trkpt>
      <trkpt lat="46.226259976247285" lon="8.675385558012689">
      <ele>1391.4</ele></trkpt>
      <trkpt lat="46.22629239804435" lon="8.675394810817952">
      <ele>1389.9</ele></trkpt>
      <trkpt lat="46.226340689231876" lon="8.675395907447468">
      <ele>1388.3</ele></trkpt>
      <trkpt lat="46.22633097851269" lon="8.675426642101264">
      <ele>1386.8</ele></trkpt>
      <trkpt lat="46.22633374319749" lon="8.675444489850841">
      <ele>1385.2</ele></trkpt>
      <trkpt lat="46.22636246278572" lon="8.67543277554099">
      <ele>1383.7</ele></trkpt>
      <trkpt lat="46.22640698870089" lon="8.675373431807243">
      <ele>1382.2</ele></trkpt>
      <trkpt lat="46.22643591140368" lon="8.675343146325552">
      <ele>1380.6</ele></trkpt>
      <trkpt lat="46.22644368905" lon="8.67535260432414">
      <ele>1379.1</ele></trkpt>
      <trkpt lat="46.22644658393828" lon="8.675402965840169">
      <ele>1377.5</ele></trkpt>
      <trkpt lat="46.226445824733645" lon="8.675515141890209">
      <ele>1376.0</ele></trkpt>
      <trkpt lat="46.22643708940888" lon="8.675590763082639">
      <ele>1374.5</ele></trkpt>
      <trkpt lat="46.226435895077074" lon="8.675698288538468">
      <ele>1372.9</ele></trkpt>
      <trkpt lat="46.22642433116101" lon="8.67580712100964">
      <ele>1371.4</ele></trkpt>
      <trkpt lat="46.22642470160819" lon="8.675862065879548">
      <ele>1369.8</ele></trkpt>
      <trkpt lat="46.22642265320521" lon="8.67595717944554">
      <ele>1368.3</ele></trkpt>
      <trkpt lat="46.226432600514926" lon="8.67601418262489">
      <ele>1366.8</ele></trkpt>
      <trkpt lat="46.22644325160627" lon="8.676062775976579">
      <ele>1365.2</ele></trkpt>
      <trkpt lat="46.22645056779302" lon="8.676116037969011">
      <ele>1363.7</ele></trkpt>
      <trkpt lat="46.226449841586735" lon="8.676182391169634">
      <ele>1362.1</ele></trkpt>
      <trkpt lat="46.226454446433934" lon="8.676288557711286">
      <ele>1360.6</ele></trkpt>
      <trkpt lat="46.226451527650426" lon="8.676381784891849">
      <ele>1358.2</ele></trkpt>
      <trkpt lat="46.22646863929285" lon="8.676498489327077">
      <ele>1355.8</ele></trkpt>
      <trkpt lat="46.22648701979522" lon="8.67655927505379">
      <ele>1353.5</ele></trkpt>
      <trkpt lat="46.22649575510709" lon="8.676630808141221">
      <ele>1351.1</ele></trkpt>
      <trkpt lat="46.22649506421552" lon="8.676693908525392">
      <ele>1348.7</ele></trkpt>
      <trkpt lat="46.2264790557243" lon="8.676764879122857">
      <ele>1346.3</ele></trkpt>
      <trkpt lat="46.22648222957985" lon="8.676822571108044">
      <ele>1343.9</ele></trkpt>
      <trkpt lat="46.22648909684292" lon="8.676891326602508">
      <ele>1341.6</ele></trkpt>
      <trkpt lat="46.22652967803536" lon="8.67683736454738">
      <ele>1339.2</ele></trkpt>
      <trkpt lat="46.22658718316567" lon="8.676803011097617">
      <ele>1336.8</ele></trkpt>
      <trkpt lat="46.22659359098466" lon="8.676912900420282">
      <ele>1334.4</ele></trkpt>
      <trkpt lat="46.22660048828251" lon="8.676978908622429">
      <ele>1332.0</ele></trkpt>
      <trkpt lat="46.22662826442581" lon="8.677050887868837">
      <ele>1329.7</ele></trkpt>
      <trkpt lat="46.22664226919849" lon="8.677163698203854">
      <ele>1327.3</ele></trkpt>
      <trkpt lat="46.22664172834501" lon="8.677213074479114">
      <ele>1324.9</ele></trkpt>
      <trkpt lat="46.22664846627156" lon="8.67729279388638">
      <ele>1322.5</ele></trkpt>
      <trkpt lat="46.22664756474314" lon="8.67737508768503">
      <ele>1320.1</ele></trkpt>
      <trkpt lat="46.226633612866394" lon="8.67743239034468">
      <ele>1317.8</ele></trkpt>
      <trkpt lat="46.226589247847556" lon="8.67748351786554">
      <ele>1315.4</ele></trkpt>
      <trkpt lat="46.22651630448084" lon="8.677536730362648">
      <ele>1313.0</ele></trkpt>
      <trkpt lat="46.22645106041769" lon="8.67758189943168">
      <ele>1308.7</ele></trkpt>
      <trkpt lat="46.2263555717459" lon="8.677607156484399">
      <ele>1304.5</ele></trkpt>
      <trkpt lat="46.22629449300402" lon="8.677619494588704">
      <ele>1300.2</ele></trkpt>
      <trkpt lat="46.22623551056726" lon="8.677615404656214">
      <ele>1295.9</ele></trkpt>
      <trkpt lat="46.22605776737346" lon="8.677635536625868">
      <ele>1291.7</ele></trkpt>
      <trkpt lat="46.22593271060461" lon="8.677676025973291">
      <ele>1287.4</ele></trkpt>
      <trkpt lat="46.22576802273924" lon="8.677760088418463">
      <ele>1283.1</ele></trkpt>
      <trkpt lat="46.22564769113981" lon="8.677793010889728">
      <ele>1278.9</ele></trkpt>
      <trkpt lat="46.225568936833966" lon="8.677854334068321">
      <ele>1274.6</ele></trkpt>
      <trkpt lat="46.22552035510622" lon="8.677943772530831">
      <ele>1270.3</ele></trkpt>
      <trkpt lat="46.22553745738703" lon="8.678002908288">
      <ele>1266.1</ele></trkpt>
      <trkpt lat="46.225723145935575" lon="8.678145173288488">
      <ele>1261.8</ele></trkpt>
      <trkpt lat="46.22563195128053" lon="8.6782571690522">
      <ele>1257.6</ele></trkpt>
      <trkpt lat="46.225499556842635" lon="8.67843433593286">
      <ele>1253.3</ele></trkpt>
      <trkpt lat="46.22545768921548" lon="8.678560416350082">
      <ele>1249.0</ele></trkpt>
      <trkpt lat="46.225452126101736" lon="8.678657509203703">
      <ele>1244.8</ele></trkpt>
      <trkpt lat="46.22553219486687" lon="8.678739700476553">
      <ele>1240.5</ele></trkpt>
      <trkpt lat="46.225537496000236" lon="8.678830559533269">
      <ele>1236.2</ele></trkpt>
      <trkpt lat="46.22543900942145" lon="8.679033125909685">
      <ele>1232.0</ele></trkpt>
      <trkpt lat="46.22524444200766" lon="8.679300908232335">
      <ele>1227.7</ele></trkpt>
      <trkpt lat="46.225265952239276" lon="8.679369036864196">
      <ele>1224.7</ele></trkpt>
      <trkpt lat="46.2251776899583" lon="8.679430140737994">
      <ele>1221.7</ele></trkpt>
      <trkpt lat="46.22525103596966" lon="8.679514123957492">
      <ele>1218.7</ele></trkpt>
      <trkpt lat="46.22517409737944" lon="8.679583703839638">
      <ele>1215.7</ele></trkpt>
      <trkpt lat="46.2252264440551" lon="8.679672691915693">
      <ele>1212.7</ele></trkpt>
      <trkpt lat="46.22513261178706" lon="8.6797199410116">
      <ele>1209.7</ele></trkpt>
      <trkpt lat="46.22506144471275" lon="8.679784168838752">
      <ele>1206.7</ele></trkpt>
      <trkpt lat="46.225026694079894" lon="8.679827280910656">
      <ele>1203.7</ele></trkpt>
      <trkpt lat="46.225082815049696" lon="8.67991910305811">
      <ele>1200.7</ele></trkpt>
      <trkpt lat="46.22511261664791" lon="8.679980148745546">
      <ele>1197.8</ele></trkpt>
      <trkpt lat="46.22504302500643" lon="8.680074588838098">
      <ele>1194.8</ele></trkpt>
      <trkpt lat="46.224971767373795" lon="8.680147045217378">
      <ele>1191.8</ele></trkpt>
      <trkpt lat="46.22500347566952" lon="8.68020813437377">
      <ele>1188.8</ele></trkpt>
      <trkpt lat="46.22511525602478" lon="8.680260069803454">
      <ele>1185.8</ele></trkpt>
      <trkpt lat="46.22518681514123" lon="8.680333034045384">
      <ele>1182.8</ele></trkpt>
      <trkpt lat="46.225225211155085" lon="8.680397101870238">
      <ele>1179.8</ele></trkpt>
      <trkpt lat="46.22529113224826" lon="8.68053860060466">
      <ele>1176.8</ele></trkpt>
      <trkpt lat="46.2253455399124" lon="8.680619262979222">
      <ele>1173.8</ele></trkpt>
      <trkpt lat="46.22542290066252" lon="8.680684129066796">
      <ele>1170.8</ele></trkpt>
      <trkpt lat="46.225483527606414" lon="8.680712953547108">
      <ele>1167.8</ele></trkpt>
      <trkpt lat="46.225565446197216" lon="8.680709338593923">
      <ele>1165.0</ele></trkpt>
      <trkpt lat="46.225674205238064" lon="8.680689860213336">
      <ele>1162.2</ele></trkpt>
      <trkpt lat="46.22579049202637" lon="8.680678797696979">
      <ele>1159.4</ele></trkpt>
      <trkpt lat="46.22583430188263" lon="8.680723390354968">
      <ele>1156.6</ele></trkpt>
      <trkpt lat="46.22585182095604" lon="8.680766566815787">
      <ele>1153.8</ele></trkpt>
      <trkpt lat="46.22584601390329" lon="8.680885691214025">
      <ele>1151.1</ele></trkpt>
      <trkpt lat="46.22580558643775" lon="8.681044210186784">
      <ele>1148.3</ele></trkpt>
      <trkpt lat="46.225774109120565" lon="8.681157822988224">
      <ele>1145.5</ele></trkpt>
      <trkpt lat="46.225741093490285" lon="8.681255041664654">
      <ele>1142.7</ele></trkpt>
      <trkpt lat="46.22569461798151" lon="8.68132531482209">
      <ele>1139.9</ele></trkpt>
      <trkpt lat="46.22564644655867" lon="8.681376351471577">
      <ele>1137.1</ele></trkpt>
      <trkpt lat="46.22560425807187" lon="8.681402817757757">
      <ele>1134.3</ele></trkpt>
      <trkpt lat="46.225556547864855" lon="8.681412708420925">
      <ele>1131.5</ele></trkpt>
      <trkpt lat="46.225496961490386" lon="8.681396454677364">
      <ele>1128.7</ele></trkpt>
      <trkpt lat="46.22543228878682" lon="8.681389495758033">
      <ele>1126.0</ele></trkpt>
      <trkpt lat="46.22535817307301" lon="8.681365845936236">
      <ele>1123.2</ele></trkpt>
      <trkpt lat="46.22533043926013" lon="8.681366392701936">
      <ele>1120.4</ele></trkpt>
      <trkpt lat="46.22523729966717" lon="8.68135055306477">
      <ele>1117.6</ele></trkpt>
      <trkpt lat="46.225124826457986" lon="8.681361701053925">
      <ele>1114.8</ele></trkpt>
      <trkpt lat="46.225025432719036" lon="8.681395105929278">
      <ele>1112.0</ele></trkpt>
      <trkpt lat="46.22492997325959" lon="8.681417621235662">
      <ele>1110.3</ele></trkpt>
      <trkpt lat="46.22484813610508" lon="8.68141300577605">
      <ele>1108.5</ele></trkpt>
      <trkpt lat="46.22478930451199" lon="8.681395201010908">
      <ele>1106.8</ele></trkpt>
      <trkpt lat="46.2247057714859" lon="8.681371349541816">
      <ele>1105.0</ele></trkpt>
      <trkpt lat="46.22458976707914" lon="8.681328882084458">
      <ele>1103.3</ele></trkpt>
      <trkpt lat="46.22443617002935" lon="8.681300736021036">
      <ele>1101.6</ele></trkpt>
      <trkpt lat="46.22436098255409" lon="8.681315664172763">
      <ele>1099.8</ele></trkpt>
      <trkpt lat="46.22432241784072" lon="8.681358674735735">
      <ele>1098.1</ele></trkpt>
      <trkpt lat="46.224293317823566" lon="8.681407397233784">
      <ele>1096.3</ele></trkpt>
      <trkpt lat="46.224245620386334" lon="8.68144804753397">
      <ele>1094.6</ele></trkpt>
      <trkpt lat="46.22412215646839" lon="8.681548928548604">
      <ele>1092.9</ele></trkpt>
      <trkpt lat="46.22385043906495" lon="8.6815505051105">
      <ele>1091.1</ele></trkpt>
      <trkpt lat="46.22370508535875" lon="8.681514782566204">
      <ele>1089.4</ele></trkpt>
      <trkpt lat="46.22357646494349" lon="8.681511847458077">
      <ele>1087.6</ele></trkpt>
      <trkpt lat="46.223468832862544" lon="8.681563832283441">
      <ele>1085.9</ele></trkpt>
      <trkpt lat="46.22333211051053" lon="8.681728286255439">
      <ele>1084.2</ele></trkpt>
      <trkpt lat="46.22326532945057" lon="8.68182553317403">
      <ele>1082.4</ele></trkpt>
      <trkpt lat="46.22322883885821" lon="8.681896717572236">
      <ele>1080.7</ele></trkpt>
      <trkpt lat="46.22319350164297" lon="8.681926008866933">
      <ele>1078.9</ele></trkpt>
      <trkpt lat="46.22315257384515" lon="8.681932722212386">
      <ele>1077.2</ele></trkpt>
      <trkpt lat="46.22311900580839" lon="8.681954937662233">
      <ele>1077.0</ele></trkpt>
      <trkpt lat="46.223110949945635" lon="8.682004372498426">
      <ele>1076.8</ele></trkpt>
      <trkpt lat="46.22310630896131" lon="8.682032886758627">
      <ele>1076.7</ele></trkpt>
      <trkpt lat="46.22310076947834" lon="8.682095652160516">
      <ele>1076.5</ele></trkpt>
      <trkpt lat="46.22310446364463" lon="8.682164681646457">
      <ele>1076.3</ele></trkpt>
      <trkpt lat="46.22310582548233" lon="8.68222490850431">
      <ele>1076.1</ele></trkpt>
      <trkpt lat="46.2231042188924" lon="8.682370967096794">
      <ele>1075.9</ele></trkpt>
      <trkpt lat="46.22310199660274" lon="8.682442946465072">
      <ele>1075.8</ele></trkpt>
      <trkpt lat="46.22309298127211" lon="8.682483895088415">
      <ele>1075.6</ele></trkpt>
      <trkpt lat="46.22307532637" lon="8.682530816318947">
      <ele>1075.4</ele></trkpt>
      <trkpt lat="46.223044832079445" lon="8.682575383313917">
      <ele>1075.2</ele></trkpt>
      <trkpt lat="46.2229841781099" lon="8.682635736144622">
      <ele>1075.0</ele></trkpt>
      <trkpt lat="46.2229422698438" lon="8.682680042299864">
      <ele>1074.9</ele></trkpt>
      <trkpt lat="46.22296555437041" lon="8.682706925927512">
      <ele>1074.7</ele></trkpt>
      <trkpt lat="46.22297258245956" lon="8.68271822083569">
      <ele>1074.5</ele></trkpt>
      <trkpt lat="46.222981928194706" lon="8.682735557140985">
      <ele>1074.3</ele></trkpt>
      <trkpt lat="46.222989926813284" lon="8.682767393110705">
      <ele>1074.1</ele></trkpt>
      <trkpt lat="46.22300106243285" lon="8.682784770316466">
      <ele>1074.0</ele></trkpt>
      <trkpt lat="46.223027082440495" lon="8.682805066983166">
      <ele>1073.8</ele></trkpt>
      <trkpt lat="46.22304929356982" lon="8.682818303083181">
      <ele>1073.6</ele></trkpt>
      <trkpt lat="46.22304929356982" lon="8.682818303083168">
      <ele>1076.1</ele></trkpt>
      <trkpt lat="46.22301271494734" lon="8.68293421650366">
      <ele>1078.5</ele></trkpt>
      <trkpt lat="46.2229887403501" lon="8.68309919384743">
      <ele>1081.0</ele></trkpt>
      <trkpt lat="46.222953976594255" lon="8.683140927916915">
      <ele>1083.5</ele></trkpt>
      <trkpt lat="46.22295585107194" lon="8.68317660333441">
      <ele>1086.0</ele></trkpt>
      <trkpt lat="46.22297568970265" lon="8.683308102699463">
      <ele>1088.4</ele></trkpt>
      <trkpt lat="46.22296866615019" lon="8.68338956404052">
      <ele>1090.9</ele></trkpt>
      <trkpt lat="46.222929087467485" lon="8.683519692485657">
      <ele>1093.4</ele></trkpt>
      <trkpt lat="46.222895163992305" lon="8.683554549664521">
      <ele>1095.9</ele></trkpt>
      <trkpt lat="46.22289412832026" lon="8.683645337792608">
      <ele>1098.3</ele></trkpt>
      <trkpt lat="46.22288595140144" lon="8.68376125153366">
      <ele>1100.8</ele></trkpt>
      <trkpt lat="46.222885124137264" lon="8.683888649106128">
      <ele>1103.3</ele></trkpt>
      <trkpt lat="46.22289516351512" lon="8.68415091853914">
      <ele>1105.8</ele></trkpt>
      <trkpt lat="46.222914968461176" lon="8.684273940211753">
      <ele>1108.2</ele></trkpt>
      <trkpt lat="46.22293854252571" lon="8.684381480804321">
      <ele>1110.7</ele></trkpt>
      <trkpt lat="46.22295295407748" lon="8.68445588837484">
      <ele>1113.2</ele></trkpt>
      <trkpt lat="46.222982853437344" lon="8.684579685620784">
      <ele>1115.7</ele></trkpt>
      <trkpt lat="46.22302833702222" lon="8.684802065876308">
      <ele>1118.1</ele></trkpt>
      <trkpt lat="46.22306904884513" lon="8.684979021991131">
      <ele>1120.6</ele></trkpt>
      <trkpt lat="46.22308263823158" lon="8.685031673729613">
      <ele>1123.1</ele></trkpt>
      <trkpt lat="46.22307812209614" lon="8.685083885220727">
      <ele>1126.3</ele></trkpt>
      <trkpt lat="46.223058008399974" lon="8.685143192911362">
      <ele>1129.4</ele></trkpt>
      <trkpt lat="46.22303626345003" lon="8.685230500120284">
      <ele>1132.6</ele></trkpt>
      <trkpt lat="46.222970973132604" lon="8.685602649146865">
      <ele>1135.8</ele></trkpt>
      <trkpt lat="46.22297133355528" lon="8.68567927594328">
      <ele>1138.9</ele></trkpt>
      <trkpt lat="46.22297854723376" lon="8.685724289730606">
      <ele>1142.1</ele></trkpt>
      <trkpt lat="46.223007601211336" lon="8.685781054673573">
      <ele>1145.3</ele></trkpt>
      <trkpt lat="46.22303201886994" lon="8.685807913774735">
      <ele>1148.4</ele></trkpt>
      <trkpt lat="46.22308806345355" lon="8.685879308876302">
      <ele>1151.6</ele></trkpt>
      <trkpt lat="46.22313380945663" lon="8.685954538364815">
      <ele>1154.8</ele></trkpt>
      <trkpt lat="46.22320312980936" lon="8.68608412646911">
      <ele>1157.9</ele></trkpt>
      <trkpt lat="46.223226511242544" lon="8.686142109971367">
      <ele>1161.1</ele></trkpt>
      <trkpt lat="46.2232505472641" lon="8.686240239165478">
      <ele>1164.2</ele></trkpt>
      <trkpt lat="46.22325635004078" lon="8.686316070733616">
      <ele>1167.4</ele></trkpt>
      <trkpt lat="46.22321386173519" lon="8.686334540542846">
      <ele>1170.6</ele></trkpt>
      <trkpt lat="46.22311169560041" lon="8.686380159725088">
      <ele>1173.7</ele></trkpt>
      <trkpt lat="46.22318574543747" lon="8.686599619098708">
      <ele>1176.9</ele></trkpt>
      <trkpt lat="46.22306230726108" lon="8.686616233822019">
      <ele>1180.1</ele></trkpt>
      <trkpt lat="46.22311919752537" lon="8.686760120092831">
      <ele>1183.2</ele></trkpt>
      <trkpt lat="46.222956447521" lon="8.686777207524615">
      <ele>1186.4</ele></trkpt>
      <trkpt lat="46.2229164731674" lon="8.686782279911544">
      <ele>1188.3</ele></trkpt>
      <trkpt lat="46.22289660612324" lon="8.686797975297981">
      <ele>1190.3</ele></trkpt>
      <trkpt lat="46.222884871961234" lon="8.68684872486069">
      <ele>1192.2</ele></trkpt>
      <trkpt lat="46.22286255492858" lon="8.68699505995993">
      <ele>1194.2</ele></trkpt>
      <trkpt lat="46.22285039001578" lon="8.687151621364045">
      <ele>1196.1</ele></trkpt>
      <trkpt lat="46.2228550044982" lon="8.687194061046474">
      <ele>1198.0</ele></trkpt>
      <trkpt lat="46.222881204004615" lon="8.687220844903058">
      <ele>1200.0</ele></trkpt>
      <trkpt lat="46.222931035194634" lon="8.68727312243345">
      <ele>1201.9</ele></trkpt>
      <trkpt lat="46.22294947164813" lon="8.687304692846757">
      <ele>1203.9</ele></trkpt>
      <trkpt lat="46.2229521667882" lon="8.68736450958079">
      <ele>1205.8</ele></trkpt>
      <trkpt lat="46.22295128847869" lon="8.687436700896733">
      <ele>1207.7</ele></trkpt>
      <trkpt lat="46.22296356071412" lon="8.68748306229745">
      <ele>1209.7</ele></trkpt>
      <trkpt lat="46.22298795077443" lon="8.687517270990634">
      <ele>1211.6</ele></trkpt>
      <trkpt lat="46.22302604379209" lon="8.687550575499387">
      <ele>1213.6</ele></trkpt>
      <trkpt lat="46.223058057500246" lon="8.687571439660843">
      <ele>1215.5</ele></trkpt>
      <trkpt lat="46.22300819834495" lon="8.687635728726676">
      <ele>1217.4</ele></trkpt>
      <trkpt lat="46.22295510143271" lon="8.687690960737257">
      <ele>1219.4</ele></trkpt>
      <trkpt lat="46.22279521250734" lon="8.687828540809685">
      <ele>1221.3</ele></trkpt>
      <trkpt lat="46.22263810557312" lon="8.687961037995844">
      <ele>1223.3</ele></trkpt>
      <trkpt lat="46.222455662789464" lon="8.688105020748086">
      <ele>1225.2</ele></trkpt>
      <trkpt lat="46.22236431413625" lon="8.688182822251818">
      <ele>1226.1</ele></trkpt>
      <trkpt lat="46.22222169013046" lon="8.688314625690914">
      <ele>1227.0</ele></trkpt>
      <trkpt lat="46.22214796976188" lon="8.688398586060918">
      <ele>1228.0</ele></trkpt>
      <trkpt lat="46.2220832586475" lon="8.688508261810904">
      <ele>1228.9</ele></trkpt>
      <trkpt lat="46.22205416939443" lon="8.688698132980722">
      <ele>1229.8</ele></trkpt>
      <trkpt lat="46.22208431733856" lon="8.688819369877413">
      <ele>1230.7</ele></trkpt>
      <trkpt lat="46.22219521430763" lon="8.688960607156822">
      <ele>1231.6</ele></trkpt>
      <trkpt lat="46.22224839262418" lon="8.689033118176175">
      <ele>1232.6</ele></trkpt>
      <trkpt lat="46.222303611949755" lon="8.689144782180923">
      <ele>1233.5</ele></trkpt>
      <trkpt lat="46.22232680253964" lon="8.68924427860242">
      <ele>1234.4</ele></trkpt>
      <trkpt lat="46.22233167507496" lon="8.689331636925688">
      <ele>1235.3</ele></trkpt>
      <trkpt lat="46.22234132751916" lon="8.689420375299665">
      <ele>1236.2</ele></trkpt>
      <trkpt lat="46.22235844541244" lon="8.689456413606173">
      <ele>1237.2</ele></trkpt>
      <trkpt lat="46.2224083119748" lon="8.68949320404095">
      <ele>1238.1</ele></trkpt>
      <trkpt lat="46.222429247244214" lon="8.6895281764778">
      <ele>1239.0</ele></trkpt>
      <trkpt lat="46.222428168627886" lon="8.689555734645545">
      <ele>1239.9</ele></trkpt>
      <trkpt lat="46.22240572608819" lon="8.689652926027035">
      <ele>1240.8</ele></trkpt>
      <trkpt lat="46.222398222130394" lon="8.689842425170339">
      <ele>1241.8</ele></trkpt>
      <trkpt lat="46.222350504067656" lon="8.689883843972357">
      <ele>1242.7</ele></trkpt>
      <trkpt lat="46.222324082458194" lon="8.68992921278771">
      <ele>1243.6</ele></trkpt>
      <trkpt lat="46.22232070616767" lon="8.690024547644427">
      <ele>1245.0</ele></trkpt>
      <trkpt lat="46.22229909520889" lon="8.690114849075918">
      <ele>1246.3</ele></trkpt>
      <trkpt lat="46.22229292035788" lon="8.690188278809117">
      <ele>1247.7</ele></trkpt>
      <trkpt lat="46.22230056379892" lon="8.69025282313763">
      <ele>1249.0</ele></trkpt>
      <trkpt lat="46.22230917138158" lon="8.690300163301695">
      <ele>1250.4</ele></trkpt>
      <trkpt lat="46.22230643581968" lon="8.690405856422737">
      <ele>1251.7</ele></trkpt>
      <trkpt lat="46.222290613985884" lon="8.690601372687238">
      <ele>1253.1</ele></trkpt>
      <trkpt lat="46.22228664229275" lon="8.69066755546934">
      <ele>1254.4</ele></trkpt>
      <trkpt lat="46.2222843383299" lon="8.690717185379581">
      <ele>1255.8</ele></trkpt>
      <trkpt lat="46.222275175424336" lon="8.690759813733816">
      <ele>1257.2</ele></trkpt>
      <trkpt lat="46.22222997136138" lon="8.690817906551676">
      <ele>1258.5</ele></trkpt>
      <trkpt lat="46.22215428174802" lon="8.690912161861755">
      <ele>1259.9</ele></trkpt>
      <trkpt lat="46.222056664047116" lon="8.691052173451723">
      <ele>1261.2</ele></trkpt>
      <trkpt lat="46.22202239402071" lon="8.691115663071779">
      <ele>1262.6</ele></trkpt>
      <trkpt lat="46.221977545804926" lon="8.69121633007863">
      <ele>1263.9</ele></trkpt>
      <trkpt lat="46.22195029949625" lon="8.69131172448543">
      <ele>1265.3</ele></trkpt>
      <trkpt lat="46.221902643695486" lon="8.6914237978058">
      <ele>1266.6</ele></trkpt>
      <trkpt lat="46.221852623219064" lon="8.69153410558274">
      <ele>1268.0</ele></trkpt>
      <trkpt lat="46.2218169716998" lon="8.691636175992581">
      <ele>1269.3</ele></trkpt>
      <trkpt lat="46.22177384554452" lon="8.691768936246957">
      <ele>1270.7</ele></trkpt>
      <trkpt lat="46.22173336892082" lon="8.691877739140349">
      <ele>1271.8</ele></trkpt>
      <trkpt lat="46.22168857114894" lon="8.692053325006107">
      <ele>1272.9</ele></trkpt>
      <trkpt lat="46.221640097233916" lon="8.692239117590312">
      <ele>1274.0</ele></trkpt>
      <trkpt lat="46.22159971478793" lon="8.692445666358116">
      <ele>1275.0</ele></trkpt>
      <trkpt lat="46.22157468878957" lon="8.692556548024724">
      <ele>1276.1</ele></trkpt>
      <trkpt lat="46.22154598775622" lon="8.692675925627137">
      <ele>1277.2</ele></trkpt>
      <trkpt lat="46.22151860711048" lon="8.692783318014714">
      <ele>1278.3</ele></trkpt>
      <trkpt lat="46.22150198565409" lon="8.69288753617162">
      <ele>1279.4</ele></trkpt>
      <trkpt lat="46.22148894486624" lon="8.692990125785794">
      <ele>1280.5</ele></trkpt>
      <trkpt lat="46.22144556096265" lon="8.693145159398945">
      <ele>1281.6</ele></trkpt>
      <trkpt lat="46.22142781898455" lon="8.693242494773873">
      <ele>1282.6</ele></trkpt>
      <trkpt lat="46.221382563773275" lon="8.693352909731617">
      <ele>1283.7</ele></trkpt>
      <trkpt lat="46.22134354923322" lon="8.693436028450792">
      <ele>1284.8</ele></trkpt>
      <trkpt lat="46.22129989538205" lon="8.693602357646393">
      <ele>1285.9</ele></trkpt>
      <trkpt lat="46.221202109654854" lon="8.693982472552992">
      <ele>1287.0</ele></trkpt>
      <trkpt lat="46.22113830871886" lon="8.694063969352547">
      <ele>1288.1</ele></trkpt>
      <trkpt lat="46.22109578348571" lon="8.694183674648675">
      <ele>1289.1</ele></trkpt>
      <trkpt lat="46.22109077512226" lon="8.694221497804334">
      <ele>1290.2</ele></trkpt>
      <trkpt lat="46.22110955823303" lon="8.69431159918641">
      <ele>1291.3</ele></trkpt>
      <trkpt lat="46.221103798111145" lon="8.694348251426446">
      <ele>1292.4</ele></trkpt>
      <trkpt lat="46.22109120618518" lon="8.694383579605624">
      <ele>1292.6</ele></trkpt>
      <trkpt lat="46.2210511428697" lon="8.69442173513638">
      <ele>1292.8</ele></trkpt>
      <trkpt lat="46.22100379851205" lon="8.694430973948421">
      <ele>1293.0</ele></trkpt>
      <trkpt lat="46.22098113028804" lon="8.694473587431496">
      <ele>1293.2</ele></trkpt>
      <trkpt lat="46.22095180038487" lon="8.694504420749729">
      <ele>1293.5</ele></trkpt>
      <trkpt lat="46.22090525910899" lon="8.694543411803744">
      <ele>1293.7</ele></trkpt>
      <trkpt lat="46.2208422992905" lon="8.694579120813895">
      <ele>1293.9</ele></trkpt>
      <trkpt lat="46.22076632660391" lon="8.694603006877669">
      <ele>1294.1</ele></trkpt>
      <trkpt lat="46.22072428556188" lon="8.694650733859154">
      <ele>1294.3</ele></trkpt>
      <trkpt lat="46.22069137138384" lon="8.69469727139807">
      <ele>1294.5</ele></trkpt>
      <trkpt lat="46.22065346498745" lon="8.694746960049764">
      <ele>1294.7</ele></trkpt>
      <trkpt lat="46.220624218430636" lon="8.694772714054427">
      <ele>1294.9</ele></trkpt>
      <trkpt lat="46.22057839410064" lon="8.694781987545253">
      <ele>1295.1</ele></trkpt>
      <trkpt lat="46.22052540486994" lon="8.694796435904752">
      <ele>1295.3</ele></trkpt>
      <trkpt lat="46.22048949169155" lon="8.69481328708482">
      <ele>1295.5</ele></trkpt>
      <trkpt lat="46.220446564860794" lon="8.694848420627956">
      <ele>1295.8</ele></trkpt>
      <trkpt lat="46.22033174936436" lon="8.694922050553476">
      <ele>1296.0</ele></trkpt>
      <trkpt lat="46.22025517663106" lon="8.694948112554131">
      <ele>1296.2</ele></trkpt>
      <trkpt lat="46.220187885240755" lon="8.695009280619246">
      <ele>1296.4</ele></trkpt>
      <trkpt lat="46.2201414247572" lon="8.695036127752346">
      <ele>1296.6</ele></trkpt>
      <trkpt lat="46.22008287575003" lon="8.695027078164129">
      <ele>1296.7</ele></trkpt>
      <trkpt lat="46.21995722398004" lon="8.694931065589785">
      <ele>1296.7</ele></trkpt>
      <trkpt lat="46.21985719214438" lon="8.694865247963257">
      <ele>1296.8</ele></trkpt>
      <trkpt lat="46.2197486045765" lon="8.694840709370645">
      <ele>1296.9</ele></trkpt>
      <trkpt lat="46.219672864375816" lon="8.694855812216616">
      <ele>1296.9</ele></trkpt>
      <trkpt lat="46.2196098747249" lon="8.694856951718561">
      <ele>1297.0</ele></trkpt>
      <trkpt lat="46.21954402837119" lon="8.694872282690953">
      <ele>1297.1</ele></trkpt>
      <trkpt lat="46.21942011385067" lon="8.694931638572735">
      <ele>1297.1</ele></trkpt>
      <trkpt lat="46.21926478310865" lon="8.695065444327762">
      <ele>1297.2</ele></trkpt>
      <trkpt lat="46.219261870481" lon="8.695068474861356">
      <ele>1297.2</ele></trkpt>
      <trkpt lat="46.21921984741623" lon="8.695063565322737">
      <ele>1297.3</ele></trkpt>
      <trkpt lat="46.219163642125764" lon="8.694950478971387">
      <ele>1297.4</ele></trkpt>
      <trkpt lat="46.21909417964943" lon="8.694919610607728">
      <ele>1297.4</ele></trkpt>
      <trkpt lat="46.2190454553997" lon="8.694912148836051">
      <ele>1297.5</ele></trkpt>
      <trkpt lat="46.218988538664604" lon="8.694919753344603">
      <ele>1297.6</ele></trkpt>
      <trkpt lat="46.218927162366725" lon="8.69497163374547">
      <ele>1297.6</ele></trkpt>
      <trkpt lat="46.21890681774222" lon="8.695034246086374">
      <ele>1297.7</ele></trkpt>
      <trkpt lat="46.218892622606916" lon="8.695085905549467">
      <ele>1297.8</ele></trkpt>
      <trkpt lat="46.21884894445051" lon="8.695229102880035">
      <ele>1297.8</ele></trkpt>
      <trkpt lat="46.21879384364963" lon="8.69534286109729">
      <ele>1297.9</ele></trkpt>
      <trkpt lat="46.21871919676691" lon="8.69534863033749">
      <ele>1300.9</ele></trkpt>
      <trkpt lat="46.21858445047831" lon="8.695270347645607">
      <ele>1304.0</ele></trkpt>
      <trkpt lat="46.21851709918121" lon="8.695272137759128">
      <ele>1307.0</ele></trkpt>
      <trkpt lat="46.218383621263015" lon="8.695358981508083">
      <ele>1310.0</ele></trkpt>
      <trkpt lat="46.21829761097357" lon="8.695415787903192">
      <ele>1313.1</ele></trkpt>
      <trkpt lat="46.218231544686184" lon="8.695494595362486">
      <ele>1316.1</ele></trkpt>
      <trkpt lat="46.21805941565632" lon="8.69570533358659">
      <ele>1319.1</ele></trkpt>
      <trkpt lat="46.217947590211594" lon="8.695891890645036">
      <ele>1322.1</ele></trkpt>
      <trkpt lat="46.217794183823635" lon="8.69612597348206">
      <ele>1325.2</ele></trkpt>
      <trkpt lat="46.217663485844376" lon="8.696470733109424">
      <ele>1328.2</ele></trkpt>
      <trkpt lat="46.21758302859337" lon="8.69668819736935">
      <ele>1331.2</ele></trkpt>
      <trkpt lat="46.21749460466325" lon="8.69688825212657">
      <ele>1334.3</ele></trkpt>
      <trkpt lat="46.21741159508552" lon="8.696986585897088">
      <ele>1337.3</ele></trkpt>
      <trkpt lat="46.21735226442562" lon="8.69699927765344">
      <ele>1340.3</ele></trkpt>
      <trkpt lat="46.2173491826359" lon="8.697002952106319">
      <ele>1343.3</ele></trkpt>
      <trkpt lat="46.217345121528126" lon="8.697018631479587">
      <ele>1346.4</ele></trkpt>
      <trkpt lat="46.21736699548577" lon="8.697079792989674">
      <ele>1349.4</ele></trkpt>
      <trkpt lat="46.217400500214" lon="8.697137088797387">
      <ele>1352.4</ele></trkpt>
      <trkpt lat="46.217424185927335" lon="8.697185007525908">
      <ele>1355.5</ele></trkpt>
      <trkpt lat="46.21743901132711" lon="8.697236026558793">
      <ele>1358.5</ele></trkpt>
      <trkpt lat="46.217443284985016" lon="8.697291765764607">
      <ele>1359.9</ele></trkpt>
      <trkpt lat="46.21743594178947" lon="8.69739455619427">
      <ele>1361.3</ele></trkpt>
      <trkpt lat="46.217426750331036" lon="8.697512234652416">
      <ele>1362.6</ele></trkpt>
      <trkpt lat="46.21741211882235" lon="8.697623980927345">
      <ele>1364.0</ele></trkpt>
      <trkpt lat="46.2174022264171" lon="8.697709254229151">
      <ele>1365.4</ele></trkpt>
      <trkpt lat="46.21739893970604" lon="8.697751520965944">
      <ele>1366.8</ele></trkpt>
      <trkpt lat="46.21740105542163" lon="8.697803892345343">
      <ele>1368.2</ele></trkpt>
      <trkpt lat="46.21741067629958" lon="8.697873052890554">
      <ele>1369.5</ele></trkpt>
      <trkpt lat="46.21743384495707" lon="8.698052161571884">
      <ele>1370.9</ele></trkpt>
      <trkpt lat="46.21744169562698" lon="8.698086390956847">
      <ele>1372.3</ele></trkpt>
      <trkpt lat="46.21744524965062" lon="8.69811139664051">
      <ele>1373.7</ele></trkpt>
      <trkpt lat="46.2174401096942" lon="8.698125379080823">
      <ele>1375.1</ele></trkpt>
      <trkpt lat="46.21741633656043" lon="8.69812895090363">
      <ele>1376.4</ele></trkpt>
      <trkpt lat="46.21733334173041" lon="8.698103119342072">
      <ele>1377.8</ele></trkpt>
      <trkpt lat="46.21728374488559" lon="8.698110202615842">
      <ele>1379.2</ele></trkpt>
      <trkpt lat="46.21719565586316" lon="8.698154811322071">
      <ele>1380.6</ele></trkpt>
      <trkpt lat="46.21714213225495" lon="8.69817276846045">
      <ele>1382.0</ele></trkpt>
      <trkpt lat="46.21713988922004" lon="8.69820290199603">
      <ele>1383.3</ele></trkpt>
      <trkpt lat="46.21716820202842" lon="8.698225499119193">
      <ele>1384.7</ele></trkpt>
      <trkpt lat="46.21719842164512" lon="8.698248140360016">
      <ele>1386.1</ele></trkpt>
      <trkpt lat="46.217230111148325" lon="8.698309231108912">
      <ele>1386.7</ele></trkpt>
      <trkpt lat="46.21726045289316" lon="8.698320910494898">
      <ele>1387.3</ele></trkpt>
      <trkpt lat="46.21729456880386" lon="8.698335411885084">
      <ele>1388.0</ele></trkpt>
      <trkpt lat="46.21730970464135" lon="8.69834399197095">
      <ele>1388.6</ele></trkpt>
      <trkpt lat="46.217339893625166" lon="8.698369380300894">
      <ele>1389.2</ele></trkpt>
      <trkpt lat="46.21737597741766" lon="8.698378444866627">
      <ele>1389.8</ele></trkpt>
      <trkpt lat="46.217385279512435" lon="8.698397867797219">
      <ele>1390.4</ele></trkpt>
      <trkpt lat="46.2173641571763" lon="8.698413839413426">
      <ele>1391.1</ele></trkpt>
      <trkpt lat="46.21730688997259" lon="8.698426227391044">
      <ele>1391.7</ele></trkpt>
      <trkpt lat="46.21730670659534" lon="8.698442683252704">
      <ele>1392.3</ele></trkpt>
      <trkpt lat="46.21733108342736" lon="8.69847616726443">
      <ele>1392.9</ele></trkpt>
      <trkpt lat="46.217351878612234" lon="8.698490360675386">
      <ele>1393.5</ele></trkpt>
      <trkpt lat="46.21738804509371" lon="8.698491197172313">
      <ele>1394.2</ele></trkpt>
      <trkpt lat="46.21742428164991" lon="8.69848655289858">
      <ele>1394.8</ele></trkpt>
      <trkpt lat="46.217470034281035" lon="8.698482128715469">
      <ele>1395.4</ele></trkpt>
      <trkpt lat="46.21751578705656" lon="8.698477691567597">
      <ele>1396.0</ele></trkpt>
      <trkpt lat="46.217465221000616" lon="8.698572548219587">
      <ele>1396.6</ele></trkpt>
      <trkpt lat="46.21741157500978" lon="8.698601479950064">
      <ele>1397.3</ele></trkpt>
      <trkpt lat="46.2173942266604" lon="8.698620286468442">
      <ele>1397.9</ele></trkpt>
      <trkpt lat="46.217416858558096" lon="8.69864000482966">
      <ele>1398.5</ele></trkpt>
      <trkpt lat="46.21742226427165" lon="8.69866756775792">
      <ele>1399.4</ele></trkpt>
      <trkpt lat="46.21743525776182" lon="8.698698040935211">
      <ele>1400.4</ele></trkpt>
      <trkpt lat="46.21744474321897" lon="8.698701008039215">
      <ele>1401.3</ele></trkpt>
      <trkpt lat="46.21748085760273" lon="8.698707325870934">
      <ele>1402.3</ele></trkpt>
      <trkpt lat="46.21750932311209" lon="8.698716214448984">
      <ele>1403.2</ele></trkpt>
      <trkpt lat="46.21751103751088" lon="8.698732714274046">
      <ele>1404.1</ele></trkpt>
      <trkpt lat="46.217497074674036" lon="8.69879001478922">
      <ele>1405.1</ele></trkpt>
      <trkpt lat="46.21746930236237" lon="8.698826284504992">
      <ele>1406.0</ele></trkpt>
      <trkpt lat="46.217429740806296" lon="8.698873362862642">
      <ele>1407.0</ele></trkpt>
      <trkpt lat="46.21740708074394" lon="8.698885229060359">
      <ele>1407.9</ele></trkpt>
      <trkpt lat="46.21736519083859" lon="8.698897440940724">
      <ele>1408.8</ele></trkpt>
      <trkpt lat="46.21732924637597" lon="8.698888793998435">
      <ele>1409.8</ele></trkpt>
      <trkpt lat="46.21726193934397" lon="8.698889025337479">
      <ele>1410.7</ele></trkpt>
      <trkpt lat="46.21720280748617" lon="8.698907266764378">
      <ele>1411.7</ele></trkpt>
      <trkpt lat="46.21715299337238" lon="8.698877341534773">
      <ele>1412.6</ele></trkpt>
      <trkpt lat="46.21710535557681" lon="8.698858794330695">
      <ele>1413.5</ele></trkpt>
      <trkpt lat="46.217041370877574" lon="8.698890272930834">
      <ele>1414.5</ele></trkpt>
      <trkpt lat="46.21698533579476" lon="8.698940624622539">
      <ele>1415.4</ele></trkpt>
      <trkpt lat="46.21684374570708" lon="8.698971266534151">
      <ele>1416.4</ele></trkpt>
      <trkpt lat="46.21677768999988" lon="8.699056159351256">
      <ele>1417.3</ele></trkpt>
      <trkpt lat="46.21672035654717" lon="8.699108372829574">
      <ele>1417.9</ele></trkpt>
      <trkpt lat="46.21667670345375" lon="8.699089904814805">
      <ele>1418.5</ele></trkpt>
      <trkpt lat="46.21665369704938" lon="8.699051333217573">
      <ele>1419.0</ele></trkpt>
      <trkpt lat="46.21657063963518" lon="8.699050500036517">
      <ele>1419.6</ele></trkpt>
      <trkpt lat="46.21650430555481" lon="8.699090153671627">
      <ele>1420.2</ele></trkpt>
      <trkpt lat="46.21642536082352" lon="8.699140855835118">
      <ele>1420.8</ele></trkpt>
      <trkpt lat="46.2163176860182" lon="8.699157986344312">
      <ele>1421.4</ele></trkpt>
      <trkpt lat="46.21623045479467" lon="8.699179685377922">
      <ele>1421.9</ele></trkpt>
      <trkpt lat="46.21617549172358" lon="8.699174227243851">
      <ele>1422.5</ele></trkpt>
      <trkpt lat="46.21614955011561" lon="8.699179433202938">
      <ele>1423.1</ele></trkpt>
      <trkpt lat="46.21600024669093" lon="8.699143382746122">
      <ele>1423.7</ele></trkpt>
      <trkpt lat="46.21586161609675" lon="8.699103859828265">
      <ele>1424.3</ele></trkpt>
      <trkpt lat="46.215796580039196" lon="8.699067439727223">
      <ele>1424.8</ele></trkpt>
      <trkpt lat="46.21567425929507" lon="8.699061913611768">
      <ele>1425.4</ele></trkpt>
      <trkpt lat="46.21554983395635" lon="8.699049068098951">
      <ele>1426.0</ele></trkpt>
      <trkpt lat="46.21545664046717" lon="8.699026965885707">
      <ele>1426.6</ele></trkpt>
      <trkpt lat="46.21538756664919" lon="8.699015401216963">
      <ele>1427.2</ele></trkpt>
      <trkpt lat="46.21532578954446" lon="8.698969103477893">
      <ele>1427.7</ele></trkpt>
      <trkpt lat="46.21525671572113" lon="8.698957538910578">
      <ele>1428.3</ele></trkpt>
      <trkpt lat="46.215218549341124" lon="8.698966622272529">
      <ele>1428.9</ele></trkpt>
      <trkpt lat="46.21515319814917" lon="8.6989302213968">
      <ele>1430.3</ele></trkpt>
      <trkpt lat="46.21511185569625" lon="8.698914308833574">
      <ele>1431.7</ele></trkpt>
      <trkpt lat="46.215073800399736" lon="8.698913428392949">
      <ele>1433.1</ele></trkpt>
      <trkpt lat="46.21497051410909" lon="8.69886617072637">
      <ele>1434.5</ele></trkpt>
      <trkpt lat="46.21489752399163" lon="8.698894394109665">
      <ele>1435.9</ele></trkpt>
      <trkpt lat="46.21482152462089" lon="8.698882656545276">
      <ele>1437.2</ele></trkpt>
      <trkpt lat="46.21477008038466" lon="8.69884158812488">
      <ele>1438.6</ele></trkpt>
      <trkpt lat="46.214724997179" lon="8.698850524429927">
      <ele>1440.0</ele></trkpt>
      <trkpt lat="46.214675840134504" lon="8.69891418763595">
      <ele>1441.4</ele></trkpt>
      <trkpt lat="46.21455721136936" lon="8.699001165568259">
      <ele>1442.8</ele></trkpt>
      <trkpt lat="46.214414036045014" lon="8.699117499842508">
      <ele>1444.2</ele></trkpt>
      <trkpt lat="46.21429831428824" lon="8.699254388335524">
      <ele>1445.6</ele></trkpt>
      <trkpt lat="46.214256129193664" lon="8.699313235399396">
      <ele>1447.0</ele></trkpt>
      <trkpt lat="46.2142039070292" lon="8.699341938455246">
      <ele>1448.4</ele></trkpt>
      <trkpt lat="46.21409956495066" lon="8.699389367607552">
      <ele>1449.8</ele></trkpt>
      <trkpt lat="46.21403612042613" lon="8.699492589595268">
      <ele>1451.1</ele></trkpt>
      <trkpt lat="46.2139973425551" lon="8.699556491672913">
      <ele>1452.5</ele></trkpt>
      <trkpt lat="46.213913592669755" lon="8.699619352635699">
      <ele>1453.9</ele></trkpt>
      <trkpt lat="46.21387168532245" lon="8.69965328355475">
      <ele>1455.3</ele></trkpt>
      <trkpt lat="46.2138402222823" lon="8.699682453684952">
      <ele>1456.7</ele></trkpt>
      <trkpt lat="46.213777555851664" lon="8.699715903937836">
      <ele>1458.7</ele></trkpt>
      <trkpt lat="46.213739278263255" lon="8.699734950085634">
      <ele>1460.6</ele></trkpt>
      <trkpt lat="46.213690009421754" lon="8.699808587851352">
      <ele>1462.6</ele></trkpt>
      <trkpt lat="46.2136895089844" lon="8.699853443277478">
      <ele>1464.6</ele></trkpt>
      <trkpt lat="46.21370296221332" lon="8.699888642686837">
      <ele>1466.5</ele></trkpt>
      <trkpt lat="46.213685165522705" lon="8.699933097647461">
      <ele>1468.5</ele></trkpt>
      <trkpt lat="46.21359164756219" lon="8.699940898453379">
      <ele>1470.5</ele></trkpt>
      <trkpt lat="46.21354594375498" lon="8.700004639324744">
      <ele>1472.4</ele></trkpt>
      <trkpt lat="46.213510850798116" lon="8.700048693608425">
      <ele>1474.4</ele></trkpt>
      <trkpt lat="46.21344160125846" lon="8.700052079591574">
      <ele>1476.3</ele></trkpt>
      <trkpt lat="46.21339333328428" lon="8.700036006309595">
      <ele>1478.3</ele></trkpt>
      <trkpt lat="46.21329667591006" lon="8.700011516238083">
      <ele>1480.3</ele></trkpt>
      <trkpt lat="46.21326472667462" lon="8.700003622664607">
      <ele>1482.2</ele></trkpt>
      <trkpt lat="46.213166044801405" lon="8.699978347127939">
      <ele>1484.2</ele></trkpt>
      <trkpt lat="46.21310759095873" lon="8.699958383507893">
      <ele>1486.2</ele></trkpt>
      <trkpt lat="46.21306474123076" lon="8.699938884902116">
      <ele>1488.1</ele></trkpt>
      <trkpt lat="46.2130377054635" lon="8.699936522323489">
      <ele>1490.1</ele></trkpt>
      <trkpt lat="46.21298671605865" lon="8.699941808615">
      <ele>1492.1</ele></trkpt>
      <trkpt lat="46.212952857021506" lon="8.699950264901789">
      <ele>1494.0</ele></trkpt>
      <trkpt lat="46.21294571207338" lon="8.699974593257101">
      <ele>1496.0</ele></trkpt>
      <trkpt lat="46.21293081629521" lon="8.699988050406958">
      <ele>1497.1</ele></trkpt>
      <trkpt lat="46.21289345256898" lon="8.699987275983352">
      <ele>1498.2</ele></trkpt>
      <trkpt lat="46.212879255871776" lon="8.69998162084457">
      <ele>1499.3</ele></trkpt>
      <trkpt lat="46.21286867429633" lon="8.699959979438226">
      <ele>1500.4</ele></trkpt>
      <trkpt lat="46.21286163107072" lon="8.699929231569616">
      <ele>1501.5</ele></trkpt>
      <trkpt lat="46.212853812006124" lon="8.699924475773043">
      <ele>1502.6</ele></trkpt>
      <trkpt lat="46.21283601724813" lon="8.699933278075626">
      <ele>1503.7</ele></trkpt>
      <trkpt lat="46.21282512040437" lon="8.699940697886639">
      <ele>1504.8</ele></trkpt>
      <trkpt lat="46.21280656608688" lon="8.69992807326172">
      <ele>1505.9</ele></trkpt>
      <trkpt lat="46.21277263882894" lon="8.699928130105913">
      <ele>1507.0</ele></trkpt>
      <trkpt lat="46.21274965973331" lon="8.699916167667975">
      <ele>1508.1</ele></trkpt>
      <trkpt lat="46.21272078855363" lon="8.69990333012248">
      <ele>1509.2</ele></trkpt>
      <trkpt lat="46.212693579912205" lon="8.699872918964237">
      <ele>1510.3</ele></trkpt>
      <trkpt lat="46.21268278541858" lon="8.699871165730963">
      <ele>1511.4</ele></trkpt>
      <trkpt lat="46.21263922283876" lon="8.699852661691768">
      <ele>1512.5</ele></trkpt>
      <trkpt lat="46.21258500225006" lon="8.699864521484916">
      <ele>1513.6</ele></trkpt>
      <trkpt lat="46.212554604811956" lon="8.699856236362484">
      <ele>1514.7</ele></trkpt>
      <trkpt lat="46.21251265411844" lon="8.699870661093719">
      <ele>1515.8</ele></trkpt>
      <trkpt lat="46.212486554601284" lon="8.699874696356487">
      <ele>1516.9</ele></trkpt>
      <trkpt lat="46.21245151887745" lon="8.699886209739425">
      <ele>1518.0</ele></trkpt>
      <trkpt lat="46.21244542256477" lon="8.699904445246789">
      <ele>1518.7</ele></trkpt>
      <trkpt lat="46.21244184188165" lon="8.699962498914683">
      <ele>1519.3</ele></trkpt>
      <trkpt lat="46.21244741901176" lon="8.699993212603967">
      <ele>1520.0</ele></trkpt>
      <trkpt lat="46.21245583479733" lon="8.700033180357094">
      <ele>1520.6</ele></trkpt>
      <trkpt lat="46.21244930362392" lon="8.700046040523254">
      <ele>1521.3</ele></trkpt>
      <trkpt lat="46.21243400697669" lon="8.700051077497607">
      <ele>1521.9</ele></trkpt>
      <trkpt lat="46.21239431587682" lon="8.700038766989364">
      <ele>1522.6</ele></trkpt>
      <trkpt lat="46.21236866778663" lon="8.700045884026817">
      <ele>1523.2</ele></trkpt>
      <trkpt lat="46.212332071664136" lon="8.700065007266286">
      <ele>1523.9</ele></trkpt>
      <trkpt lat="46.21231706544679" lon="8.70008916625239">
      <ele>1524.5</ele></trkpt>
      <trkpt lat="46.21230413896387" lon="8.700101904205873">
      <ele>1525.2</ele></trkpt>
      <trkpt lat="46.212267892258645" lon="8.700088908837506">
      <ele>1525.9</ele></trkpt>
      <trkpt lat="46.212253602198246" lon="8.700092426909926">
      <ele>1526.5</ele></trkpt>
      <trkpt lat="46.21224250046982" lon="8.700118205490774">
      <ele>1527.2</ele></trkpt>
      <trkpt lat="46.21222395587016" lon="8.700151470773267">
      <ele>1527.8</ele></trkpt>
      <trkpt lat="46.21219578391295" lon="8.70016465913223">
      <ele>1528.5</ele></trkpt>
      <trkpt lat="46.21216149014616" lon="8.70019836313821">
      <ele>1529.1</ele></trkpt>
      <trkpt lat="46.212124979970206" lon="8.700255731624742">
      <ele>1529.8</ele></trkpt>
      <trkpt lat="46.212073658803746" lon="8.700318148149286">
      <ele>1530.4</ele></trkpt>
      <trkpt lat="46.21206109093791" lon="8.700343892643254">
      <ele>1531.1</ele></trkpt>
      <trkpt lat="46.212054858499" lon="8.700375123161466">
      <ele>1531.5</ele></trkpt>
      <trkpt lat="46.21205794531125" lon="8.700408085781767">
      <ele>1531.8</ele></trkpt>
      <trkpt lat="46.212060247625686" lon="8.700467804493973">
      <ele>1532.2</ele></trkpt>
      <trkpt lat="46.212061680451534" lon="8.700517563159401">
      <ele>1532.5</ele></trkpt>
      <trkpt lat="46.21205783516658" lon="8.700554965824649">
      <ele>1532.9</ele></trkpt>
      <trkpt lat="46.21204250523426" lon="8.700654852160778">
      <ele>1533.2</ele></trkpt>
      <trkpt lat="46.21203238422666" lon="8.700681417858355">
      <ele>1533.6</ele></trkpt>
      <trkpt lat="46.21201889517051" lon="8.700701024045124">
      <ele>1533.9</ele></trkpt>
      <trkpt lat="46.21197828032936" lon="8.700711020884617">
      <ele>1534.3</ele></trkpt>
      <trkpt lat="46.21194936481503" lon="8.700715055263482">
      <ele>1534.7</ele></trkpt>
      <trkpt lat="46.21193366199098" lon="8.7007306834143">
      <ele>1535.0</ele></trkpt>
      <trkpt lat="46.211921089666845" lon="8.700769711066238">
      <ele>1535.4</ele></trkpt>
      <trkpt lat="46.21189797656002" lon="8.700797154978277">
      <ele>1535.7</ele></trkpt>
      <trkpt lat="46.21185595213944" lon="8.700818976934082">
      <ele>1536.1</ele></trkpt>
      <trkpt lat="46.21183486870544" lon="8.700818540281915">
      <ele>1536.4</ele></trkpt>
      <trkpt lat="46.21181611867404" lon="8.700834732778759">
      <ele>1536.8</ele></trkpt>
      <trkpt lat="46.21179706909928" lon="8.700875333844">
      <ele>1537.1</ele></trkpt>
      <trkpt lat="46.21178056916794" lon="8.700879357730878">
      <ele>1537.5</ele></trkpt>
      <trkpt lat="46.211739902610994" lon="8.70085933924426">
      <ele>1537.8</ele></trkpt>
      <trkpt lat="46.21172437404019" lon="8.700852914452682">
      <ele>1538.2</ele></trkpt>
      <trkpt lat="46.21170832606927" lon="8.700854331017286">
      <ele>1538.4</ele></trkpt>
      <trkpt lat="46.21167227583984" lon="8.700905929369974">
      <ele>1538.6</ele></trkpt>
      <trkpt lat="46.21165259349272" lon="8.700929072327604">
      <ele>1538.8</ele></trkpt>
      <trkpt lat="46.21161407767763" lon="8.700939622983114">
      <ele>1539.0</ele></trkpt>
      <trkpt lat="46.21157147823672" lon="8.700939620802385">
      <ele>1539.2</ele></trkpt>
      <trkpt lat="46.211540456462394" lon="8.700959053763675">
      <ele>1539.4</ele></trkpt>
      <trkpt lat="46.21151770077173" lon="8.700957710034992">
      <ele>1539.6</ele></trkpt>
      <trkpt lat="46.211479136196466" lon="8.700972626808717">
      <ele>1539.8</ele></trkpt>
      <trkpt lat="46.21143366156053" lon="8.701000485311251">
      <ele>1540.0</ele></trkpt>
      <trkpt lat="46.21141310724995" lon="8.7010114780095">
      <ele>1540.2</ele></trkpt>
      <trkpt lat="46.21137377462689" lon="8.701020247167396">
      <ele>1540.4</ele></trkpt>
      <trkpt lat="46.21131828390804" lon="8.7010596275483">
      <ele>1540.6</ele></trkpt>
      <trkpt lat="46.211245697140285" lon="8.701087933218789">
      <ele>1540.8</ele></trkpt>
      <trkpt lat="46.211141937225996" lon="8.701134722000202">
      <ele>1541.0</ele></trkpt>
      <trkpt lat="46.21112734817812" lon="8.70116500660135">
      <ele>1541.2</ele></trkpt>
      <trkpt lat="46.211084902630155" lon="8.701179418482532">
      <ele>1541.4</ele></trkpt>
      <trkpt lat="46.21103728178196" lon="8.701218190376018">
      <ele>1541.6</ele></trkpt>
      <trkpt lat="46.21102496110817" lon="8.701266890689485">
      <ele>1541.8</ele></trkpt>
      <trkpt lat="46.211014260337386" lon="8.70130185287659">
      <ele>1542.0</ele></trkpt>
      <trkpt lat="46.21097271876922" lon="8.701323931508332">
      <ele>1542.2</ele></trkpt>
      <trkpt lat="46.21094400929243" lon="8.701340929467566">
      <ele>1542.6</ele></trkpt>
      <trkpt lat="46.21093112601688" lon="8.70139649796579">
      <ele>1543.0</ele></trkpt>
      <trkpt lat="46.21091362931421" lon="8.701468806452164">
      <ele>1543.3</ele></trkpt>
      <trkpt lat="46.21089554439632" lon="8.701504374905204">
      <ele>1543.7</ele></trkpt>
      <trkpt lat="46.210854931916906" lon="8.701576963850176">
      <ele>1544.1</ele></trkpt>
      <trkpt lat="46.210836156147735" lon="8.701630879369539">
      <ele>1544.5</ele></trkpt>
      <trkpt lat="46.21083494494407" lon="8.701697409629894">
      <ele>1544.9</ele></trkpt>
      <trkpt lat="46.21083504694235" lon="8.701779262167365">
      <ele>1545.2</ele></trkpt>
      <trkpt lat="46.210808179504824" lon="8.701854424444996">
      <ele>1545.6</ele></trkpt>
      <trkpt lat="46.21081726839031" lon="8.701923461375067">
      <ele>1546.0</ele></trkpt>
      <trkpt lat="46.21080845130694" lon="8.701965348307485">
      <ele>1546.4</ele></trkpt>
      <trkpt lat="46.210791577228015" lon="8.702026189071805">
      <ele>1546.8</ele></trkpt>
      <trkpt lat="46.210773577120015" lon="8.702053348732775">
      <ele>1547.1</ele></trkpt>
      <trkpt lat="46.21076658481924" lon="8.702109053523214">
      <ele>1547.5</ele></trkpt>
      <trkpt lat="46.210752694694776" lon="8.70216612749541">
      <ele>1547.9</ele></trkpt>
      <trkpt lat="46.210734481693486" lon="8.70221393904822">
      <ele>1548.3</ele></trkpt>
      <trkpt lat="46.21071606375234" lon="8.70223420761851">
      <ele>1548.7</ele></trkpt>
      <trkpt lat="46.21068600782678" lon="8.702240456577202">
      <ele>1549.0</ele></trkpt>
      <trkpt lat="46.210668766947066" lon="8.702243153910272">
      <ele>1549.4</ele></trkpt>
      <trkpt lat="46.21065973718526" lon="8.702259791344671">
      <ele>1549.8</ele></trkpt>
      <trkpt lat="46.21065478261223" lon="8.70230864900115">
      <ele>1549.6</ele></trkpt>
      <trkpt lat="46.21063658664197" lon="8.70235493163904">
      <ele>1549.4</ele></trkpt>
      <trkpt lat="46.21062531393074" lon="8.702396761400964">
      <ele>1549.1</ele></trkpt>
      <trkpt lat="46.21060772257809" lon="8.70247747745115">
      <ele>1548.9</ele></trkpt>
      <trkpt lat="46.210582585859534" lon="8.70252896404382">
      <ele>1548.7</ele></trkpt>
      <trkpt lat="46.210549160970814" lon="8.702573402923756">
      <ele>1548.5</ele></trkpt>
      <trkpt lat="46.21052511495059" lon="8.702660098700202">
      <ele>1548.3</ele></trkpt>
      <trkpt lat="46.21050956205719" lon="8.702688843979338">
      <ele>1548.0</ele></trkpt>
      <trkpt lat="46.210461540030906" lon="8.70271919439527">
      <ele>1547.8</ele></trkpt>
      <trkpt lat="46.210451069312256" lon="8.702732739907857">
      <ele>1547.6</ele></trkpt>
      <trkpt lat="46.210433179647424" lon="8.702795863194789">
      <ele>1547.4</ele></trkpt>
      <trkpt lat="46.2104218982243" lon="8.702838457096535">
      <ele>1547.2</ele></trkpt>
      <trkpt lat="46.21041296141365" lon="8.702891822551585">
      <ele>1546.9</ele></trkpt>
      <trkpt lat="46.21040290784009" lon="8.702958160028235">
      <ele>1546.7</ele></trkpt>
      <trkpt lat="46.21038478810951" lon="8.702996798156223">
      <ele>1546.5</ele></trkpt>
      <trkpt lat="46.2103677344007" lon="8.703027802189778">
      <ele>1546.3</ele></trkpt>
      <trkpt lat="46.21035985498822" lon="8.703074297880413">
      <ele>1546.1</ele></trkpt>
      <trkpt lat="46.2103617900535" lon="8.703123289198993">
      <ele>1545.8</ele></trkpt>
      <trkpt lat="46.21037910582442" lon="8.703203972578109">
      <ele>1545.6</ele></trkpt>
      <trkpt lat="46.21037829547052" lon="8.703233785555383">
      <ele>1545.4</ele></trkpt>
      <trkpt lat="46.210369844612615" lon="8.703287926773086">
      <ele>1545.2</ele></trkpt>
      <trkpt lat="46.21035012065242" lon="8.703383897319695">
      <ele>1545.1</ele></trkpt>
      <trkpt lat="46.210324693015785" lon="8.703462149926539">
      <ele>1544.9</ele></trkpt>
      <trkpt lat="46.21030728134031" lon="8.703480912121469">
      <ele>1544.7</ele></trkpt>
      <trkpt lat="46.210286962269706" lon="8.703495783880285">
      <ele>1544.6</ele></trkpt>
      <trkpt lat="46.21028281774336" lon="8.703514815213634">
      <ele>1544.4</ele></trkpt>
      <trkpt lat="46.210285486371944" lon="8.703541650576614">
      <ele>1544.2</ele></trkpt>
      <trkpt lat="46.21029425887471" lon="8.703593845989678">
      <ele>1544.1</ele></trkpt>
      <trkpt lat="46.21027893554842" lon="8.703647075863643">
      <ele>1543.9</ele></trkpt>
      <trkpt lat="46.21027363981285" lon="8.703682149672991">
      <ele>1543.8</ele></trkpt>
      <trkpt lat="46.21026301528866" lon="8.703710231435947">
      <ele>1543.6</ele></trkpt>
      <trkpt lat="46.21025018985618" lon="8.703758918794943">
      <ele>1543.4</ele></trkpt>
      <trkpt lat="46.2102292130097" lon="8.703834967745234">
      <ele>1543.3</ele></trkpt>
      <trkpt lat="46.21021190268753" lon="8.703889680508517">
      <ele>1543.1</ele></trkpt>
      <trkpt lat="46.210191311021525" lon="8.703954619454631">
      <ele>1542.9</ele></trkpt>
      <trkpt lat="46.21015807196626" lon="8.704039467703673">
      <ele>1542.8</ele></trkpt>
      <trkpt lat="46.2101450791439" lon="8.704095861623358">
      <ele>1542.6</ele></trkpt>
      <trkpt lat="46.21014743272348" lon="8.704141182154665">
      <ele>1542.4</ele></trkpt>
      <trkpt lat="46.21015395258645" lon="8.704196875980085">
      <ele>1542.3</ele></trkpt>
      <trkpt lat="46.21016886752533" lon="8.704258894470788">
      <ele>1542.1</ele></trkpt>
      <trkpt lat="46.21017546639746" lon="8.70432440015341">
      <ele>1542.4</ele></trkpt>
      <trkpt lat="46.21017682585562" lon="8.704396626486247">
      <ele>1542.8</ele></trkpt>
      <trkpt lat="46.210173462202455" lon="8.704466423412946">
      <ele>1543.1</ele></trkpt>
      <trkpt lat="46.210167851959405" lon="8.704523934806843">
      <ele>1543.4</ele></trkpt>
      <trkpt lat="46.210154749971224" lon="8.70456756145105">
      <ele>1543.7</ele></trkpt>
      <trkpt lat="46.21012940154671" lon="8.704604125922272">
      <ele>1544.0</ele></trkpt>
      <trkpt lat="46.21011617420273" lon="8.704641270096474">
      <ele>1544.4</ele></trkpt>
      <trkpt lat="46.21009704144967" lon="8.704679534038227">
      <ele>1544.7</ele></trkpt>
      <trkpt lat="46.210082289791075" lon="8.704726660059658">
      <ele>1545.0</ele></trkpt>
      <trkpt lat="46.21006045636659" lon="8.704805228473063">
      <ele>1545.3</ele></trkpt>
      <trkpt lat="46.210035844980595" lon="8.704872367215984">
      <ele>1545.7</ele></trkpt>
      <trkpt lat="46.21001464426734" lon="8.704948254742972">
      <ele>1546.0</ele></trkpt>
      <trkpt lat="46.20999783692853" lon="8.705006205428594">
      <ele>1546.3</ele></trkpt>
      <trkpt lat="46.209974691922696" lon="8.705029175006128">
      <ele>1546.6</ele></trkpt>
      <trkpt lat="46.209955726066475" lon="8.705082241747553">
      <ele>1547.0</ele></trkpt>
      <trkpt lat="46.20993546404375" lon="8.705167481367877">
      <ele>1547.3</ele></trkpt>
      <trkpt lat="46.20992162845169" lon="8.705233198623795">
      <ele>1547.6</ele></trkpt>
      <trkpt lat="46.209919483928644" lon="8.705298526766416">
      <ele>1547.9</ele></trkpt>
      <trkpt lat="46.20992152201758" lon="8.705367140065563">
      <ele>1548.3</ele></trkpt>
      <trkpt lat="46.20992056639052" lon="8.705404245294936">
      <ele>1548.6</ele></trkpt>
      <trkpt lat="46.2099160023191" lon="8.705465499887204">
      <ele>1548.7</ele></trkpt>
      <trkpt lat="46.209906102984206" lon="8.705509109874981">
      <ele>1548.7</ele></trkpt>
      <trkpt lat="46.209882485063936" lon="8.705575869494869">
      <ele>1548.8</ele></trkpt>
      <trkpt lat="46.20985913161077" lon="8.705599766981344">
      <ele>1548.9</ele></trkpt>
      <trkpt lat="46.20984033301771" lon="8.705603372988612">
      <ele>1548.9</ele></trkpt>
      <trkpt lat="46.20982163412209" lon="8.705577214610337">
      <ele>1549.0</ele></trkpt>
      <trkpt lat="46.20979651988611" lon="8.705566367075757">
      <ele>1549.1</ele></trkpt>
      <trkpt lat="46.20976761179558" lon="8.70557935351605">
      <ele>1549.2</ele></trkpt>
      <trkpt lat="46.209748008761636" lon="8.705598543367628">
      <ele>1549.2</ele></trkpt>
      <trkpt lat="46.209732726850106" lon="8.705626321796602">
      <ele>1549.3</ele></trkpt>
      <trkpt lat="46.209721701872354" lon="8.705680453993901">
      <ele>1549.4</ele></trkpt>
      <trkpt lat="46.20971297398834" lon="8.70570462673474">
      <ele>1549.4</ele></trkpt>
      <trkpt lat="46.20970101265291" lon="8.705725912176995">
      <ele>1549.5</ele></trkpt>
      <trkpt lat="46.20968706970822" lon="8.705800373786325">
      <ele>1549.6</ele></trkpt>
      <trkpt lat="46.209670632827894" lon="8.705862155366288">
      <ele>1549.7</ele></trkpt>
      <trkpt lat="46.20964709096708" lon="8.70594217327971">
      <ele>1549.7</ele></trkpt>
      <trkpt lat="46.20963088214746" lon="8.706027739665473">
      <ele>1549.8</ele></trkpt>
      <trkpt lat="46.20962992732232" lon="8.706112092868327">
      <ele>1549.9</ele></trkpt>
      <trkpt lat="46.209629712221066" lon="8.70621872667634">
      <ele>1549.9</ele></trkpt>
      <trkpt lat="46.20961873288061" lon="8.706276786266328">
      <ele>1550.0</ele></trkpt>
      <trkpt lat="46.2095813684577" lon="8.706361108602941">
      <ele>1551.0</ele></trkpt>
      <trkpt lat="46.209580921056" lon="8.706488432264685">
      <ele>1552.0</ele></trkpt>
      <trkpt lat="46.20954815419353" lon="8.706558282659678">
      <ele>1553.1</ele></trkpt>
      <trkpt lat="46.20952701598734" lon="8.706643733983732">
      <ele>1554.1</ele></trkpt>
      <trkpt lat="46.20949611518692" lon="8.70672206387984">
      <ele>1555.1</ele></trkpt>
      <trkpt lat="46.209503090519696" lon="8.706802001073356">
      <ele>1556.2</ele></trkpt>
      <trkpt lat="46.20949522456206" lon="8.706845554162909">
      <ele>1557.2</ele></trkpt>
      <trkpt lat="46.20948544914299" lon="8.706883684857113">
      <ele>1558.2</ele></trkpt>
    </trkseg>
  </trk>
</gpx>